date,gfs_10_regime,gfs_15_regime,gfs_15_fixed,breakout_relvol_regime,breakout_equal_regime,breakout_relvol_fixed,breakout_equal_fixed,nifty_50
2018-01-01,100000.0,100000.0,100000.0,100000.0,100000.0,100000.0,100000.0,
2018-01-02,100000.0,100000.0,100000.0,100000.0,100000.0,100000.0,100000.0,100000.0
2018-01-03,100000.0,100000.0,100000.0,100000.0,100000.0,100000.0,100000.0,100009.57652584031
2018-01-04,100000.0,100000.0,100000.0,100000.0,100000.0,100000.0,100000.0,100599.48677677239
2018-01-05,100000.0,100000.0,100000.0,100000.0,100000.0,100000.0,100000.0,101117.09612802544
2018-01-08,100000.0,100000.0,100000.0,100000.0,100000.0,100000.0,100000.0,101737.17617618488
2018-01-09,100000.0,100000.0,100000.0,100000.0,100000.0,100000.0,100000.0,101865.50536327533
2018-01-10,100000.0,100000.0,100000.0,100000.0,100000.0,100000.0,100000.0,101819.53990965709
2018-01-11,100000.0,100000.0,100000.0,100000.0,100000.0,100000.0,100000.0,102001.49390062278
2018-01-12,100000.0,100000.0,100000.0,100000.0,100000.0,100000.0,100000.0,102289.26663170861
2018-01-15,100000.0,100000.0,100000.0,100000.0,100000.0,100000.0,100000.0,102866.72926946353
2018-01-16,100000.0,100000.0,100000.0,100000.0,100000.0,100000.0,100000.0,102473.13779825758
2018-01-17,100000.0,100000.0,100000.0,100000.0,100000.0,100000.0,100000.0,103316.82598395763
2018-01-18,100000.0,100000.0,100000.0,100000.0,100000.0,100000.0,100000.0,103589.28001452939
2018-01-19,100000.0,100000.0,100000.0,100000.0,100000.0,100000.0,100000.0,104333.37794273594
2018-01-22,100000.0,100000.0,100000.0,100000.0,100000.0,100000.0,100000.0,105018.0995403174
2018-01-23,100000.0,100000.0,100000.0,100000.0,100000.0,100000.0,100000.0,106143.3413265527
2018-01-24,100000.0,100000.0,100000.0,100000.0,100000.0,100000.0,100000.0,106165.36546557018
2018-01-25,100000.0,100000.0,100000.0,100000.0,100000.0,100000.0,100000.0,106008.79300891169
2018-01-29,100000.0,100000.0,100000.0,100000.0,100000.0,100000.0,100000.0,106590.56695370995
2018-01-30,100000.0,100000.0,100000.0,100000.0,100000.0,100000.0,100000.0,105817.26249210568
2018-01-31,100000.0,100000.0,100000.0,100000.0,100000.0,100000.0,100000.0,105607.05587949588
2018-02-01,100000.0,100000.0,100000.0,100000.0,100000.0,100000.0,100000.0,105503.63127083585
2018-02-02,100000.0,100000.0,100000.0,100000.0,100000.0,100000.0,100000.0,103049.16021630603
2018-02-05,100000.0,100000.0,100000.0,100000.0,100000.0,100000.0,100000.0,102148.48983144098
2018-02-06,100000.0,100000.0,100000.0,100367.89482178092,100245.26321452062,100367.89482178092,100245.26321452062,100536.76240293363
2018-02-07,100000.0,100000.0,100000.0,100360.69578200445,100240.46385466964,100360.69578200445,100240.46385466964,100330.39014149037
2018-02-08,100000.0,100000.0,100000.0,100019.2803563578,100012.8535709052,100019.2803563578,100012.8535709052,101289.47359315083
2018-02-09,100000.0,100000.0,100000.0,100083.40082052379,100058.04793827966,100086.7072787662,100058.04793827966,100122.10070446384
2018-02-12,100000.0,100000.0,100000.0,99533.30342072816,99701.39169368279,99437.31846012978,99701.39169368279,100934.1882253061
2018-02-14,100000.0,100000.0,100000.0,101004.97622778843,100221.2450943519,100540.98587257476,100221.2450943519,100562.14393724083
2018-02-15,100000.0,100000.0,100000.0,102122.89218405786,100943.73147277957,101609.86040270771,100943.73147277957,100989.25324888784
2018-02-16,100000.0,100000.0,100000.0,101186.71669414785,100211.14825919681,99280.12894009853,99318.24826152854,100096.71917015663
2018-02-19,100000.0,100000.0,100000.0,100793.68154356406,99857.35083306354,98538.49517545555,98750.38741712699,99389.01952180403
2018-02-20,100000.0,100000.0,100000.0,101525.8782385682,100443.38927580259,100185.37601563608,99885.04358810782,99216.64205667863
2018-02-21,100000.0,100000.0,100000.0,100669.44202324995,99803.5489813954,99339.98335801461,99164.2927358285,99571.45046864657
2018-02-22,100000.0,100000.0,100000.0,100700.03810907327,99813.62721548005,99422.11058090175,99230.36262101456,99430.19671250213
2018-02-23,100000.0,100000.0,100000.0,100810.12436886586,99959.33547672254,100003.03600863031,100308.47114322477,100467.80954646828
2018-02-26,100000.0,100000.0,100000.0,100951.25847140042,99888.47478686622,100648.58660957766,101165.05864530377,101344.53861673256
2018-02-27,100000.0,100000.0,100000.0,100648.74598237565,99895.39164462124,99908.47038830453,100074.99619637372,101073.52480586726
2018-02-28,100000.0,100000.0,100000.0,100630.28866376085,100152.25654006086,99946.64935582981,100342.74872309343,100485.0454225656
2018-03-01,100000.0,100000.0,100000.0,99736.14019655791,99893.81016421173,99046.05055113477,99837.49228508443,100154.65528107523
2018-03-05,100000.0,100000.0,100000.0,100631.83586031766,100866.60707585348,100225.38549537006,101002.19761992984,99201.79095996535
2018-03-06,100000.0,100000.0,100000.0,99406.08016090267,100327.18469394572,97659.57087221586,99122.96946667269,98152.20746869883
2018-03-07,100000.0,100000.0,100000.0,99625.20152308725,100882.1269813299,97570.29959839687,98855.37822714333,97241.96055799349
2018-03-08,100000.0,100000.0,100000.0,99861.23088722979,101470.75662021906,97684.54350063215,98781.37565216084,98089.00613898326
2018-03-09,100000.0,100000.0,100000.0,100068.58166507818,101154.11083473921,97557.85876290228,98499.5574830214,97937.68954904571
2018-03-12,100000.0,100000.0,100000.0,99974.9446880974,101522.74814322854,98094.11741989246,99237.17634843162,99800.81013293695
2018-03-13,100000.0,100000.0,100000.0,100229.064805186,102135.54654922355,98687.0426804558,100251.95081799154,99852.99471710579
2018-03-14,100000.0,100000.0,100000.0,99867.02203472715,102343.91767324682,97532.05731016939,99771.07400961776,99700.2566116138
2018-03-15,100000.0,100000.0,100000.0,99593.07466020796,102644.39212410362,96282.22727452134,98664.61566545838,99214.24792521856
2018-03-16,100000.0,100000.0,100000.0,99784.84857625228,103275.53680813855,95363.37394684137,97598.44102805163,97634.12116156898
2018-03-19,100000.0,100000.0,100000.0,97755.11018760847,102535.73252893837,91481.92928890578,94244.60290032986,96667.84596345227
2018-03-20,100000.0,100000.0,100000.0,97645.8052932618,102124.66848917023,91113.93794321727,93633.20239532011,96956.0956504149
2018-03-21,100000.0,100000.0,100000.0,97836.1809959955,101734.71805435349,91177.03279042969,93361.17624063115,97252.0140397106
2018-03-22,100000.0,100000.0,100000.0,97490.77056436578,101017.935947161,90702.99528790177,92654.90679563867,96864.16474317842
2018-03-23,100000.0,100000.0,100000.0,97109.15653793744,100270.60129001878,90107.17859609885,92197.63480009117,95746.58230720017
2018-03-26,100000.0,100000.0,100000.0,96933.13296290368,99700.80727102958,90146.21401655201,92224.57354211871,97016.43524486962
2018-03-27,100000.0,100000.0,100000.0,97013.55337571484,100209.41024061739,90087.68900074137,92184.75676507826,97528.77937732569
2018-03-28,100000.0,100000.0,100000.0,96865.82534883588,100597.06676412284,89966.36975287716,92102.6692543106,96854.11126146132
2018-04-02,100000.0,100000.0,100000.0,96995.86673037731,101120.61423668318,90069.39828346617,92171.73728448138,97793.56470556438
2018-04-03,100000.0,100000.0,100000.0,97024.21515616687,101691.04927256505,90230.08948788288,92282.39441606106,98111.50723387756
2018-04-04,100000.0,100000.0,100000.0,96740.75968448313,100892.91427099798,89364.55083176715,91755.60972424471,96994.88806172894
2018-04-05,100000.0,100000.0,100000.0,96855.16773531286,101467.37289653713,90576.91777646793,93088.54839722531,98879.06952080804
2018-04-06,100000.0,100000.0,100000.0,97193.58015462918,101309.1965361255,91102.1519714777,93893.45116386825,98940.83063081717
2018-04-09,100000.0,100000.0,100000.0,97376.82122298807,100901.52433668273,91741.51555382372,94898.74382738481,99398.10973969151
2018-04-10,100000.0,100000.0,100000.0,97570.85333663385,100909.43465600625,91568.92543607499,94769.66481532119,99617.4159222648
2018-04-11,100000.0,100000.0,100000.0,97635.70219946555,101080.95665799509,91514.56021603053,94510.97611469364,99760.10989811568
2018-04-12,100000.0,100000.0,100000.0,97841.31242551547,101421.89029057091,91552.49400617242,94268.16625782794,100157.53572048816
2018-04-13,100000.0,100000.0,100000.0,97893.19250592259,101213.06219528575,91776.73016679799,94640.77198333674,100367.73298102192
2018-04-16,100000.0,100000.0,100000.0,97564.68397431228,100753.02231011188,92603.0208334123,95388.47028421068,100825.01208989628
2018-04-17,100000.0,100000.0,100000.0,98313.05390429871,101094.94875175151,93333.85737569824,96043.35208174484,101019.90000199199
2018-04-18,100000.0,100000.0,100000.0,98517.55288229791,101073.45310012835,92920.36860943897,95452.47052976173,100804.42817058523
2018-04-19,100000.0,100000.0,100000.0,98046.04617566016,100647.59009143461,93166.58416860133,95740.88376060194,101178.86659011057
2018-04-20,100000.0,100000.0,100000.0,98956.8914200613,101318.96878109529,93600.51986891124,96087.60138719516,101166.8959328102
2018-04-23,100000.0,100000.0,100000.0,99588.25715327749,101677.26878236503,94116.08713196446,96951.50329709328,101364.6549322428
2018-04-24,100000.0,100000.0,100000.0,99681.59026055069,101550.34118654804,94702.59039571643,98116.01470486556,101648.59331216209
2018-04-25,100000.0,100000.0,100000.0,99129.19115786337,101287.64536787,94531.18606161205,97454.73462897966,101229.14335077215
2018-04-26,100000.0,100000.0,100000.0,98817.98413013018,101014.9254495118,95212.60554713423,98027.56766297699,101681.63419672633
2018-04-27,100000.0,100000.0,100000.0,99251.1898739941,101193.38938626667,96080.86042605457,99184.7171811786,102395.08537182873
2018-04-30,100000.0,100000.0,100000.0,99775.01361583632,101685.06129273128,96465.12153552235,100252.22226354433,102845.65904219964
2018-05-02,100000.0,100000.0,100000.0,99102.8906299283,100990.97639670208,95707.21144863276,98806.25974854133,102641.68091221646
2018-05-03,100000.0,100000.0,100000.0,99050.21326019421,100898.59085006609,95018.43460391735,98147.08403261038,102273.94793119453
2018-05-04,100000.0,100000.0,100000.0,98243.43103505667,100350.0517343115,94522.25654262543,97721.08066853211,101685.94550376968
2018-05-07,100000.0,100000.0,100000.0,98882.41532371542,101249.41297615241,94904.87948685157,98254.10941579979,102617.2626417389
2018-05-08,100000.0,100000.0,100000.0,98446.02464581394,100693.02907559933,95264.08212141006,98411.0646706469,102639.28678075637
2018-05-09,100000.0,100000.0,100000.0,97408.3406605309,99735.32133989545,94866.84518186028,98419.31270470785,102868.16948916997
2018-05-10,100000.0,100000.0,100000.0,95441.08470674594,98086.57541278058,92739.44313041883,96331.7497001205,102627.31612345601
2018-05-11,100000.0,100000.0,100000.0,95450.13294170584,98084.44174913628,92891.67204015658,96473.55901199367,103488.72649320624
2018-05-14,100000.0,100000.0,100000.0,94955.08043991766,97606.82532294156,92292.41659460074,95720.40406989105,103489.68040495984
2018-05-15,100000.0,100000.0,100000.0,95026.67442644839,97619.26295334529,92367.80676688175,95782.16992862888,103444.19190721842
2018-05-16,100000.0,100000.0,100000.0,95420.27980607365,97776.00672332395,93050.90442684699,96471.67671345134,102862.41796242018
2018-05-17,100000.0,100000.0,100000.0,95992.97464159735,98028.65118688856,93731.20026647726,97061.35985589668,102303.15446459224
2018-05-18,100000.0,100000.0,100000.0,94505.85814991227,97077.98224343258,92553.36351297013,96448.50971787906,101476.70215498951
2018-05-21,100000.0,100000.0,100000.0,93037.4409271889,95634.74139390033,91253.64936329596,95024.57002141338,100713.45117510238
2018-05-22,100000.0,100000.0,100000.0,93824.07600996883,96173.75768404246,92293.79613717287,95793.79770889439,100904.98169190838
2018-05-23,100000.0,100000.0,100000.0,93415.67572028663,95893.96683065552,91622.89006579512,95345.32644173455,99886.51255754684
2018-05-24,100000.0,100000.0,100000.0,92556.57104686229,95305.3399826497,90814.83133267632,94874.70409035872,100686.15246521191
2018-05-25,100000.0,100000.0,100000.0,94143.13087401113,96392.39895579706,93019.94019774963,96477.19795685259,101560.49675609215
2018-05-28,100000.0,100000.0,100000.0,95264.91477931022,97160.85393340811,94273.22349372604,97366.73382712531,102360.13666375724
2018-05-29,100000.0,100000.0,100000.0,94845.24540685184,96874.54113530646,94055.52489172989,97268.32403128238,101830.070347251
2018-05-30,100000.0,100000.0,100000.0,95082.27924547934,97031.25622093695,94496.3834346867,97537.5384782099,101648.59331216209
2018-05-31,100000.0,100000.0,100000.0,95650.31373085131,97432.98542069584,94475.31302283875,97691.95282353117,102815.02164117151
2018-06-01,100000.0,100000.0,100000.0,93907.9411982975,95301.23761235429,92751.64300161462,95979.28301875887,102432.4375634363
2018-06-04,100000.0,100000.0,100000.0,92094.18325467067,93965.68304974839,91320.70449296117,94767.0285048148,101784.10489363277
2018-06-05,100000.0,100000.0,100000.0,90356.82495392795,92780.55659344548,89227.39313592389,93148.78048036026,101445.57844600854
2018-06-06,100000.0,100000.0,100000.0,91086.28479501317,93310.55130903132,89872.82634502705,93907.39231988114,102321.83056039603
2018-06-07,100000.0,100000.0,100000.0,91876.16888263295,93902.23806085682,90529.6870162155,94816.73091936845,103123.37829156837
2018-06-08,100000.0,100000.0,100000.0,92591.06049895163,94409.49402575956,91126.15431301584,95341.31207639362,103116.68220514097
2018-06-11,100000.0,100000.0,100000.0,92766.71348760079,94544.01872947242,91377.36629164653,95491.31267919419,103301.50728344356
2018-06-12,100000.0,100000.0,100000.0,93536.2930222261,95125.60878855348,91896.83950346164,96392.45283318397,103836.82946667074
2018-06-13,100000.0,100000.0,100000.0,93700.49555895207,95129.03481390189,92094.75536958402,96415.4290420475,103969.46996080452
2018-06-14,100000.0,100000.0,100000.0,92734.7173521252,94458.79403750016,91163.34727063426,95770.95823566642,103503.5682378435
2018-06-15,100000.0,100000.0,100000.0,94503.14491630023,95916.5110096767,92052.4911904691,97170.50618173198,103595.98545303279
2018-06-18,100000.0,100000.0,100000.0,93997.98420886922,95791.1410596646,91914.95178380497,96732.04342487274,103425.03885553782
2018-06-19,100000.0,100000.0,100000.0,92449.13056054366,94673.69374441731,90494.13876258282,95106.60299159033,102568.90305666058
2018-06-20,100000.0,100000.0,100000.0,92427.10542031181,94544.46199358949,90607.8789017254,95021.7173414594,103158.81330759269
2018-06-21,100000.0,100000.0,100000.0,91744.94678828579,93918.71159724634,90129.21668445834,94394.68670528135,102862.41796242018
2018-06-22,100000.0,100000.0,100000.0,91604.62928829945,93844.14763913957,89958.24755515179,94320.10604750027,103635.72242402444
2018-06-25,100000.0,100000.0,100000.0,91317.46150911343,94055.33608069281,89519.77313859249,94534.08991367054,103066.8824003562
2018-06-26,100000.0,100000.0,100000.0,90825.83827054553,93582.00343887738,89003.21599585457,94057.2475189606,103131.04699390141
2018-06-27,100000.0,100000.0,100000.0,89743.40124286547,92398.29655770624,87839.89750469016,92864.51435728867,102194.94159301206
2018-06-28,100000.0,100000.0,100000.0,88684.10952671025,91335.54522926165,86663.03417349808,91792.16125847315,101406.78603469452
2018-06-29,100000.0,100000.0,100000.0,89044.2087890743,91896.36422519783,86964.91144657487,92358.06626220202,102605.76894031532
2018-07-02,100000.0,100000.0,100000.0,89137.79952295317,91855.9274131492,86939.12951475574,92318.36994773083,102059.9069674182
2018-07-03,100000.0,100000.0,100000.0,89292.59522327915,92014.98625633426,86991.2028425981,92477.59430463312,102467.87257946061
2018-07-04,100000.0,100000.0,100000.0,89482.14958659995,92012.92784857936,87217.41979334378,92475.37993557303,103138.22938828163
2018-07-05,100000.0,100000.0,100000.0,88337.34708755324,91210.26221060177,86385.98730022486,91668.95254519951,102945.25865176918
2018-07-06,100000.0,100000.0,100000.0,88064.87909386557,90908.1448861075,86128.0290578703,91366.19553523042,103164.56483434247
2018-07-09,100000.0,100000.0,100000.0,89216.17292557139,92144.68926418194,87217.18161582018,92611.55377716731,103933.08103302658
2018-07-10,100000.0,100000.0,100000.0,90015.73101553318,92564.7982796903,87995.12761926433,93033.04870314027,104836.62250522852
2018-07-11,100000.0,100000.0,100000.0,90455.0470133819,92590.25235337968,88358.82212689971,93058.94775396597,104846.67598694561
2018-07-12,100000.0,100000.0,100000.0,90085.704138155,92279.70200076516,88078.9209428513,92745.48542051975,105563.96151321453
2018-07-13,100000.0,100000.0,100000.0,90538.81128978786,92349.48734828466,88409.05542936653,92815.92393532253,105522.78432251645
2018-07-16,100000.0,100000.0,100000.0,89416.98592717464,91413.76534138182,87214.57100789656,91874.71389752589,104737.02289565899
2018-07-17,100000.0,100000.0,100000.0,89974.3606318119,91949.91254272449,87850.69501723262,92416.59303568193,105418.87340590356
2018-07-18,100000.0,100000.0,100000.0,89263.00225606855,91472.31093020493,87258.83380450154,91936.092621567,105154.56503354169
2018-07-19,100000.0,100000.0,100000.0,89557.6142411188,91102.02323469859,87544.74338344668,91565.26227302011,104930.94754392507
2018-07-20,100000.0,100000.0,100000.0,91495.13616199643,92675.80095178793,89478.81787050926,93148.46451898728,105439.46667729062
2018-07-23,100000.0,100000.0,100000.0,91534.88946007684,92593.90538002273,89490.06498780433,93067.45767046564,106153.39480826982
2018-07-24,100000.0,100000.0,100000.0,92617.69808195878,93425.27222967308,90512.61013635962,93902.57900659164,106627.9097932415
2018-07-25,100000.0,100000.0,100000.0,92550.82971885873,93443.8170015301,90420.02048245158,93920.8388085934,106605.88565422402
2018-07-26,100000.0,100000.0,100000.0,92422.80926224156,93178.62640374087,90287.62801617144,93657.84668907952,106943.93514597141
2018-07-27,100000.0,100000.0,100000.0,92252.07225688254,93405.5640576824,90150.13603092454,93885.32922446982,108007.40647012157
2018-07-30,100000.0,100000.0,100000.0,92181.91092132276,93438.73537263006,90168.25591514657,93918.03694180468,108401.96120515715
2018-07-31,100000.0,100000.0,100000.0,93443.10872582578,94803.7265050641,91363.19890497155,95286.47176463854,108755.81570537145
2018-08-01,100000.0,100000.0,100000.0,93542.96423615428,94992.35174292637,91501.68821283072,95476.92150655616,108657.17935963155
2018-08-02,100000.0,100000.0,100000.0,92944.76854894026,94404.24175555508,90888.0885152085,94888.34187307411,107685.16198684106
2018-08-03,100000.0,100000.0,100000.0,93405.8032552221,94640.99566547766,91385.35166792177,95128.69037776077,108796.99289606954
2018-08-06,100000.0,100000.0,100000.0,93741.84606019448,94667.9568033649,91794.12370333535,95156.2674736327,109048.85365525424
2018-08-07,100000.0,100000.0,100000.0,93815.4848861035,94380.17457669013,91917.25137652624,94870.52349133529,109071.36410222456
2018-08-08,100000.0,100000.0,100000.0,95453.33184879868,95519.97886250158,93684.77908799649,96017.02953770294,109651.22087143952
2018-08-09,100000.0,100000.0,100000.0,96245.31793000657,96531.99037855284,94501.7128651003,97039.12492686446,109849.45682674895
2018-08-10,100000.0,100000.0,100000.0,94694.2157769148,94632.80121311685,92893.13390612556,95128.48093660898,109454.90209171337
2018-08-13,100000.0,100000.0,100000.0,94982.48495170473,94991.3988911711,93092.38519291359,95491.34601063296,108748.63331099122
2018-08-14,100000.0,100000.0,100000.0,96506.2695707789,96184.15912522208,94684.37057827783,96690.81867259686,109508.52689558866
2018-08-16,100000.0,100000.0,100000.0,98619.8850149534,97368.42711629288,96662.15075528837,97880.97651893352,109029.22364769682
2018-08-17,100000.0,100000.0,100000.0,98413.42807329743,97740.4000560013,96433.01849618145,98256.29515555731,109849.93378262577
2018-08-20,100000.0,100000.0,100000.0,98491.27381722108,97450.03858768444,96790.9447387011,97966.07687006089,110625.6323756901
2018-08-21,100000.0,100000.0,100000.0,98793.23905913367,97393.82673788627,97183.09063956386,97908.64656600592,110809.02658636226
2018-08-23,100000.0,100000.0,100000.0,99403.24510230996,97573.85406710615,97836.45991574648,98090.62726066663,110922.50467673941
2018-08-24,100000.0,100000.0,100000.0,98147.66217640333,97326.92573434785,96659.94633194947,97841.34847813119,110676.86304810531
2018-08-27,100000.0,100000.0,100000.0,98685.56343137138,97536.22857971111,97090.89989238771,98054.11575121852,111968.26316891542
2018-08-28,100000.0,100000.0,100000.0,99180.15618576707,98379.73831533769,97591.27081622653,98901.14822774904,112414.04857636621
2018-08-29,100000.0,100000.0,100000.0,98551.2895943133,98126.0884298888,96988.07474255475,98646.52692229598,111967.7862130386
2018-08-30,100000.0,100000.0,100000.0,98355.68424801037,97713.3230599399,96671.02421304132,98231.08032224662,111823.17506160446
2018-08-31,100000.0,100000.0,100000.0,101473.93329048145,99431.29646662381,99763.72813168222,99954.39366426026,111858.61007762878
2018-09-03,100000.0,100000.0,100000.0,102822.18470158822,99595.54758990566,101128.68205630826,100118.22648393965,110918.67032557288
2018-09-04,100000.0,100000.0,100000.0,101582.90623749838,97861.61522553727,99607.77489029581,98375.91604034824,110324.44876759747
2018-09-05,100000.0,100000.0,100000.0,99918.59106662466,96378.78436561779,97904.82497119228,96884.59959831438,109909.31011325083
2018-09-06,100000.0,100000.0,100000.0,98995.8277932016,95973.5909902227,96991.84334132558,96477.62651107975,110483.42470779204
2018-09-07,100000.0,100000.0,100000.0,100613.65213386533,96908.95816266473,98547.38963247779,97417.02499398752,110983.3118749949
2018-09-10,100000.0,100000.0,100000.0,101232.32256026681,97390.80133008483,99116.8452862847,97901.13072371116,109537.25647310955
2018-09-11,100000.0,100000.0,100000.0,101376.27378853019,97618.48298373733,99173.6751037585,98129.06853916217,108095.03542239072
2018-09-12,100000.0,100000.0,100000.0,100717.0037844887,97236.65776228192,98402.65109385338,97745.69180601824,108884.14489246187
2018-09-14,100000.0,100000.0,100000.0,100576.27946744981,97092.2149535637,98345.25613769924,97600.97762006658,110275.61222664233
2018-09-17,100000.0,100000.0,100000.0,99917.18280817164,96542.53978402616,97759.09183396291,97048.93033354926,108959.31687947785
2018-09-18,100000.0,100000.0,100000.0,98886.1653982196,95611.67204112394,96644.43005760631,96113.97215585539,108012.68104099455
2018-09-19,100000.0,100000.0,100000.0,97914.45302570319,95012.54436411404,95712.57172001133,95512.1732613373,107586.03933314834
2018-09-21,100000.0,100000.0,100000.0,95755.46752042032,93611.5310650456,93592.48624652879,94104.44562701469,106712.18135022094
2018-09-24,100000.0,100000.0,100000.0,95081.22103015211,93214.34063389858,92936.88071092428,93705.44144126882,105029.59324174096
2018-09-25,100000.0,100000.0,100000.0,95138.91748406371,93251.55051528185,92993.29731897758,93742.84630222364,105987.72278164783
2018-09-26,100000.0,100000.0,100000.0,95149.651660283,93258.47325310693,93003.79338539903,93749.80531515642,105856.99946309732
2018-09-27,100000.0,100000.0,100000.0,94839.70035366516,93058.57792901115,92700.71754285494,93548.86254067386,105126.78936777441
2018-09-28,100000.0,100000.0,100000.0,94838.89339819537,93058.05750331293,92699.92848759472,93548.33938794787,104675.73874152667
2018-10-01,100000.0,100000.0,100000.0,94838.89339819537,93058.05750331293,92699.92848759472,93548.33938794787,105421.26753736364
2018-10-03,100000.0,100000.0,100000.0,94838.89339819537,93058.05750331293,92699.92848759472,93548.33938794787,103984.31170544178
2018-10-04,100000.0,100000.0,100000.0,94838.89339819537,93058.05750331293,92699.92848759472,93548.33938794787,101503.99151280399
2018-10-05,100000.0,100000.0,100000.0,94838.89339819537,93058.05750331293,92699.92848759472,93548.33938794787,98795.75187558222
2018-10-08,100000.0,100000.0,100000.0,94838.89339819537,93058.05750331293,92699.92848759472,93548.33938794787,99098.36635130532
2018-10-09,100000.0,100000.0,100000.0,94838.89339819537,93058.05750331293,92699.92848759472,93548.33938794787,98648.2696368112
2018-10-10,100000.0,100000.0,100000.0,94838.89339819537,93058.05750331293,92699.92848759472,93548.33938794787,100171.41420129576
2018-10-11,100000.0,100000.0,100000.0,94838.89339819537,93058.05750331293,92699.92848759472,93548.33938794787,98012.39393226085
2018-10-12,100000.0,100000.0,100000.0,94838.89339819537,93058.05750331293,92699.92848759472,93548.33938794787,100290.1668625459
2018-10-15,100000.0,100000.0,100000.0,94838.89339819537,93058.05750331293,92699.92848759472,93548.33938794787,100673.22789615791
2018-10-16,100000.0,100000.0,100000.0,94990.82669439923,93157.4444173254,92848.4351306852,93648.24992780013,101365.13188811962
2018-10-17,100000.0,100000.0,100000.0,93724.06470284211,92328.19619273303,91610.2432684594,92814.63275984819,100103.90156453686
2018-10-19,100000.0,100000.0,100000.0,93640.42191017409,92273.41763805364,91528.48692756375,92759.5656011108,98672.21095141194
2018-10-22,100000.0,100000.0,100000.0,93403.01269419235,92117.45536385244,91296.43216020791,92602.7816304356,98113.90136533763
2018-10-23,100000.0,100000.0,100000.0,93304.4936882701,92052.73484256965,91200.13511923215,92537.72012525522,97171.09052594486
2018-10-24,100000.0,100000.0,100000.0,93304.4936882701,92052.73484256965,91200.13511923215,92537.72012525522,97917.58258561147
2018-10-25,100000.0,100000.0,100000.0,93304.4936882701,92052.73484256965,91200.13511923215,92537.72012525522,96961.37022128789
2018-10-26,100000.0,100000.0,100000.0,93304.4936882701,92052.73484256965,91200.13511923215,92537.72012525522,96052.55417821297
2018-10-29,100000.0,100000.0,100000.0,93281.22573473188,92037.43097975294,91177.39194339194,92522.33563313133,98167.5261692129
2018-10-30,100000.0,100000.0,100000.0,93281.22573473188,92037.43097975294,91177.39194339194,92522.33563313133,97665.24487054997
2018-10-31,100000.0,100000.0,100000.0,93281.22573473188,92037.43097975294,91177.39194339194,92522.33563313133,99467.53955203369
2018-11-01,100000.0,100000.0,100000.0,93427.29342908543,92133.51101609142,91320.16527546858,92618.92187282883,99408.64952936144
2018-11-02,100000.0,100000.0,100000.0,92290.20941116802,91385.61946368744,90208.72667292436,91867.09000950871,101061.07719269009
2018-11-05,100000.0,100000.0,100000.0,92084.35789578906,91249.64942184303,90007.5178642706,91730.40360144994,100783.35794332136
2018-11-06,100000.0,100000.0,100000.0,91881.11536643199,91115.89817248943,89808.85919943429,91595.94767572157,100840.81709836317
2018-11-07,100000.0,100000.0,100000.0,91876.69068694046,91106.2888301332,89794.83653899515,91586.28770597631,101495.85520667012
2018-11-09,100000.0,100000.0,100000.0,92377.36846904365,91436.43518333933,90283.17378927227,91918.17345478771,101369.44319516297
2018-11-12,100000.0,100000.0,100000.0,92230.83671036318,91089.98137074694,89987.34433870214,91569.89432977496,100383.06103361202
2018-11-13,100000.0,100000.0,100000.0,92868.73086393227,91507.23152577493,90597.06629072459,91989.34279194432,101343.58470497894
2018-11-14,100000.0,100000.0,100000.0,93057.9825359084,91632.52524275938,90065.05998558829,91428.73618414789,101284.20837435388
2018-11-15,100000.0,100000.0,100000.0,92185.1299142787,91058.90651756994,89344.90740856207,90924.6544724906,101671.10375913241
2018-11-16,100000.0,100000.0,100000.0,91745.37340309338,90545.14161953064,88377.05559672724,90198.69634781203,102298.36620167209
2018-11-19,100000.0,100000.0,100000.0,91316.98301227883,90264.82897725304,87840.48091170858,89833.89807843551,103075.98197031968
2018-11-20,100000.0,100000.0,100000.0,91033.31629767084,90063.95671064129,87585.56949780506,89662.47827127052,102049.3765298243
2018-11-21,100000.0,100000.0,100000.0,89766.20142093232,89239.42493665876,86306.78674937208,88787.55354195362,101511.65086306102
2018-11-22,100000.0,100000.0,100000.0,90048.49078129418,89448.11349335941,86528.08556505584,88937.72104188151,100809.6933893822
2018-11-26,100000.0,100000.0,100000.0,90035.40428969417,89438.5884003519,86509.90711756273,88925.38930582523,101785.05880538638
2018-11-27,100000.0,100000.0,100000.0,90961.86862012793,90052.80915902881,87397.19545562784,89533.27946983863,102330.9207782835
2018-11-28,100000.0,100000.0,100000.0,90856.69245934696,90354.57902507082,87787.83064671673,89779.19982315115,102745.1055208765
2018-11-29,100000.0,100000.0,100000.0,91092.12328601266,90496.13660561631,87966.6876763026,89968.15236295114,103988.6230124851
2018-11-30,100000.0,100000.0,100000.0,91676.5180447438,90852.6446824114,88909.12872988929,90565.61321361494,104161.47743348734
2018-12-03,100000.0,100000.0,100000.0,91075.67751310024,90449.13124326506,88338.70746606488,89997.61222471029,104228.51311436945
2018-12-04,100000.0,100000.0,100000.0,90942.11518882487,90543.63740489194,88352.60801829255,90079.44181778171,104092.04762114515
2018-12-05,100000.0,100000.0,100000.0,90205.48762894086,89866.58636818608,87231.13718594584,89146.87025748345,103262.72422420555
2018-12-06,100000.0,100000.0,100000.0,89847.27717392564,89330.0803774226,86436.5177240274,88485.63777749306,101522.19065273096
2018-12-07,100000.0,100000.0,100000.0,89540.74204815246,89079.5570645215,86037.84443275242,88213.134371291,102408.49624883555
2018-12-10,100000.0,100000.0,100000.0,89901.61721977452,88976.18483762145,85115.7501211819,87583.12056702013,100442.9143201139
2018-12-11,100000.0,100000.0,100000.0,89803.53822483282,88897.30301685879,85664.5312500446,87959.44652941191,101024.21130903534
2018-12-12,100000.0,100000.0,100000.0,90060.53991249594,89358.11109686914,87156.92341654726,88978.7473548524,102828.90012197911
2018-12-13,100000.0,100000.0,100000.0,90830.00973474796,89821.65152764328,88160.1265274194,89748.68237521414,103345.55556147853
2018-12-14,100000.0,100000.0,100000.0,90733.42056165563,89776.61414494636,87943.26225142757,89548.29102115158,103478.67301148913
2018-12-17,100000.0,100000.0,100000.0,91110.64610528553,90165.13233221546,88581.3236047398,90009.24388065652,104272.56139240442
2018-12-18,100000.0,100000.0,100000.0,89942.28057578958,89378.95435335496,88379.47486123862,89538.03607322191,104467.44930450014
2018-12-19,100000.0,100000.0,100000.0,89800.09721011037,89430.01474250644,89143.66858009066,89854.15202912272,105028.62997791133
2018-12-20,100000.0,100000.0,100000.0,89345.76983939325,89036.18607924167,88253.5121082075,89112.59915823593,104879.23991563306
2018-12-21,100000.0,100000.0,100000.0,88836.84933375879,88535.99031100117,87552.23603793778,88479.03827551739,102985.95888659045
2018-12-24,100000.0,100000.0,100000.0,88612.07251579573,88396.35888388188,87090.49818910052,87868.65833846484,102119.28329804327
2018-12-26,100000.0,100000.0,100000.0,88328.72221775088,88262.8379963506,86564.82754478714,88044.82193535811,102754.6820467168
2018-12-27,100000.0,100000.0,100000.0,88411.81611130587,88289.16490425286,87087.03083437402,88472.69985709914,103233.031382855
2018-12-28,100000.0,100000.0,100000.0,88997.32688182355,88672.98910273571,87577.41551484268,88986.94230756813,104000.11671390868
2018-12-31,100000.0,100000.0,100000.0,89000.2507214749,88676.27597755296,87356.1522482043,88737.74309950223,104025.48889613987
2019-01-01,100000.0,100000.0,100000.0,89323.01241783603,88948.84284512317,87459.20927832868,88825.42867646535,104025.48889613987
2019-01-02,100000.0,100000.0,100000.0,88543.30583513866,88290.61636484208,86683.47470626324,88092.7720812079,103354.65513144202
2019-01-03,100000.0,100000.0,100000.0,88164.86013484164,88056.50742083194,86775.82378731138,87845.67813456917,102203.07789914591
2019-01-04,100000.0,100000.0,100000.0,87953.76454922205,87838.30411008009,86121.31353895307,87413.66495079848,102730.74073211606
2019-01-07,100000.0,100000.0,100000.0,88282.79315669223,88027.41542578264,86044.89523084115,87434.02431585714,103156.41917613261
2019-01-08,100000.0,100000.0,100000.0,88162.88636759692,88001.32533604422,85776.5543651672,87567.88883804824,103447.07234663134
2019-01-09,100000.0,100000.0,100000.0,88370.56953781183,88233.34492108374,85925.939048451,88146.5329605134,103954.62821616726
2019-01-10,100000.0,100000.0,100000.0,88439.01019003995,88188.71750077381,86409.25103479836,88522.63504510885,103633.32829256436
2019-01-11,100000.0,100000.0,100000.0,88221.15947772237,88070.32602878337,86100.95965604784,88332.4951394544,103378.11949016595
2019-01-14,100000.0,100000.0,100000.0,88744.82109467592,88389.78239151416,86796.12012630304,88475.68731209752,102828.90012197911
2019-01-15,100000.0,100000.0,100000.0,88813.77971522097,88456.07891858154,87062.85948688386,88421.67018699078,104257.71964776715
2019-01-16,100000.0,100000.0,100000.0,89394.37602299498,88816.49355893854,87454.90191870484,88946.96960487727,104291.23748820821
2019-01-17,100000.0,100000.0,100000.0,88161.8406440986,87953.08264359325,86059.82711855957,88033.88617634258,104433.93146405909
2019-01-18,100000.0,100000.0,100000.0,88204.48219860019,87936.35918219955,86270.29285972043,88020.07311706373,104450.69038427962
2019-01-21,100000.0,100000.0,100000.0,88670.08375703492,88240.31413544575,86649.13215771012,88002.7661500825,104976.43604166649
2019-01-22,100000.0,100000.0,100000.0,88770.9202236309,88307.55452325645,86772.75692707708,87705.7942586642,104601.99762214115
2019-01-23,100000.0,100000.0,100000.0,88127.90052889199,87880.64655412508,86259.44559702168,87428.7186484696,103728.13963921374
2019-01-24,100000.0,100000.0,100000.0,88184.90077309476,87918.48529814581,86242.63806516223,87418.7836851115,103903.38819167604
2019-01-25,100000.0,100000.0,100000.0,88676.96407979891,88246.06678834974,86475.11067959397,87578.99275982568,103240.21377723523
2019-01-28,100000.0,100000.0,100000.0,88391.91869491703,88055.91806807191,85995.75274309903,87254.51795444271,102100.60720223948
2019-01-29,100000.0,100000.0,100000.0,88382.6547929327,88050.00168911958,86124.47426992249,87339.327095901,102011.07042646309
2019-01-30,100000.0,100000.0,100000.0,88385.26277170068,88052.89695952598,86396.51069005817,87496.02569208322,102007.23607529656
2019-01-31,100000.0,100000.0,100000.0,88792.02424348664,88323.24917327307,86901.48450771485,87808.84640460671,103722.87442041679
2019-02-01,100000.0,100000.0,100000.0,88849.4736822703,88360.98130098832,87023.10596820834,87892.58860317383,104323.32446101881
2019-02-04,100000.0,100000.0,100000.0,88950.16171421981,88429.2365897945,86823.23944019093,87759.6758521728,104501.44410081801
2019-02-05,100000.0,100000.0,100000.0,88456.51777365195,88101.74284803841,86748.56600352097,87718.48829589138,104713.08158105823
2019-02-06,100000.0,100000.0,100000.0,87674.99605922312,87583.30077372812,85855.93462255968,87119.19660195144,105939.84015244633
2019-02-07,100000.0,100000.0,100000.0,87796.80685370545,87664.0949015939,86074.99191890628,87266.37013557201,106006.3988774516
2019-02-08,100000.0,100000.0,100000.0,86933.29671595228,87082.20341940939,85102.59029921948,86495.18443991995,104801.66444508101
2019-02-11,100000.0,100000.0,100000.0,86752.39666940105,86961.37474389496,84461.88732989902,86061.46031619409,104276.87269944775
2019-02-12,100000.0,100000.0,100000.0,86502.20347159664,86794.11780479504,84118.18916627529,85828.2095114163,103727.18572746012
2019-02-14,100000.0,100000.0,100000.0,86660.0568353503,86898.77204599626,84443.02588008803,86046.67961835774,102909.82363574488
2019-02-15,100000.0,100000.0,100000.0,86192.00866752939,86587.32298013386,84005.20894373885,85748.40951821572,102702.49746254798
2019-02-18,100000.0,100000.0,100000.0,86586.35706174665,86681.86054376475,83729.32280383294,85561.94697420424,101903.3345107597
2019-02-19,100000.0,100000.0,100000.0,86912.51664424906,87312.16489345064,84451.72190588672,86053.88876814937,101552.82805375909
2019-02-20,100000.0,100000.0,100000.0,87462.6191581219,87568.02850033825,84787.53895443908,86285.11671662319,102808.31620266808
2019-02-21,100000.0,100000.0,100000.0,87346.87782432765,87487.60540545997,84773.44377215105,86275.40168477286,103329.27359713482
2019-02-22,100000.0,100000.0,100000.0,88275.51875437028,88211.02272961073,85903.29160666323,87028.51619083805,103346.51882530819
2019-02-25,100000.0,100000.0,100000.0,87538.70471076513,88311.78778242724,85984.8223725272,87086.59593138736,104193.55505422194
2019-02-26,100000.0,100000.0,100000.0,87649.68827862441,88315.49652786249,85778.72000104374,86954.19061243067,103764.52856699168
2019-02-27,100000.0,100000.0,100000.0,88085.13562315155,88486.85792363316,86114.50556147542,87186.71638588494,103490.16671291269
2019-02-28,100000.0,100000.0,100000.0,87957.0730147761,88667.8343168367,86414.45018107838,87401.57728503899,103354.65513144202
2019-03-01,100000.0,100000.0,100000.0,88105.2867747261,88984.81456033122,86947.83061801973,87834.84274117534,104034.58846610336
2019-03-05,100000.0,100000.0,100000.0,88323.02036329375,89125.39207036751,87324.3470253249,88103.20209253879,105221.6007144238
2019-03-06,100000.0,100000.0,100000.0,87788.67821809801,88807.18739953684,86932.41839671343,87790.86385899234,105849.34011284029
2019-03-07,100000.0,100000.0,100000.0,87877.97941101625,88530.93745575851,86409.86838219455,87407.63654102571,105899.13991762506
2019-03-08,100000.0,100000.0,100000.0,88164.66378033116,88615.35820078675,86859.00592331342,87674.57063914074,105680.7969988814
2019-03-11,100000.0,100000.0,100000.0,89732.54122318163,89995.4109370501,87571.24501035633,89034.59191493486,106951.11754035162
2019-03-12,100000.0,100000.0,100000.0,90285.82760551797,90786.50580103508,88055.52441671777,89733.95434665034,108226.23569681804
2019-03-13,100000.0,100000.0,100000.0,89431.33244358489,89898.90578339553,86973.76856527329,88895.70669765452,108614.08499335022
2019-03-14,100000.0,100000.0,100000.0,89544.47318943225,90127.16172252965,86832.25115521326,89046.59183531157,108628.92673798748
2019-03-15,100000.0,100000.0,100000.0,89358.3175466907,90192.14068729343,86790.39346940206,89129.48760784384,109429.52055740618
2019-03-18,100000.0,100000.0,100000.0,89192.40358830892,90114.14908722672,86336.44652399616,88985.21697926856,109768.0563571064
2019-03-19,100000.0,100000.0,100000.0,89723.74272795684,90488.25841184327,86611.6122870445,89403.24744412246,110440.33034151068
2019-03-20,100000.0,100000.0,100000.0,89169.89066761575,89982.30452358282,86293.17634294844,88927.55597002766,110331.63116197768
2019-03-22,100000.0,100000.0,100000.0,89543.51709730907,89985.95992396418,86976.22928584929,88997.32457769339,109717.302640568
2019-03-25,100000.0,100000.0,100000.0,88629.26190257707,88974.44260189853,86422.23389747278,88018.58986227353,108734.26852223078
2019-03-26,100000.0,100000.0,100000.0,88233.71932354373,88828.77720628497,86616.26720532036,88079.48455609412,109969.64035562953
2019-03-27,100000.0,100000.0,100000.0,88351.10484409584,89228.94028388277,86961.81997340014,88264.9407906515,109603.81519811484
2019-03-28,100000.0,100000.0,100000.0,88890.05327194101,89967.98192360046,87809.60056771061,89042.51250667236,110800.40397227557
2019-04-01,100000.0,100000.0,100000.0,88913.28663375991,89877.04520518887,87518.71694177607,88911.31755440132,111749.92025017177
2019-04-02,100000.0,100000.0,100000.0,88246.36588956762,89628.48243715461,86961.86079085832,88566.38016118515,112171.7643430218
2019-04-03,100000.0,100000.0,100000.0,88537.32279563304,89748.17858572758,86962.50060000835,88658.63508516128,111508.58992858099
2019-04-04,100000.0,100000.0,100000.0,88167.16997331606,89215.58592710363,86510.21896158079,88193.03697142002,111068.54669580399
2019-04-05,100000.0,100000.0,100000.0,88564.18224640221,89519.39180770311,87150.72950683023,88561.84420978352,111719.27349706761
2019-04-08,100000.0,100000.0,100000.0,88119.88438570651,89116.67584705251,86757.5178622103,88267.3630354208,111130.79411376594
2019-04-09,100000.0,100000.0,100000.0,88444.38594064456,89629.3030945765,87288.41459305526,88804.40702735318,111776.73265210941
2019-04-10,100000.0,100000.0,100000.0,88605.5373252923,89956.60250349641,87891.77447519434,89245.58681682737,110937.34642137667
2019-04-11,100000.0,100000.0,100000.0,88660.82765807986,89952.74857459293,87841.30724838507,89176.98198900705,111056.09908262681
2019-04-12,100016.13937178734,100010.75958119157,100010.75958119157,89640.16384669597,90728.33794550833,88912.43012139751,89978.64825617505,111503.80166566085
2019-04-15,99966.70884649224,99977.8058976615,99977.8058976615,90149.61318081737,91464.46346055053,89402.4772763081,90580.70211485878,111952.93511632533
2019-04-16,100157.82132633422,100105.21421755616,100105.21421755616,90665.19928431178,92196.18047560798,90005.35169246183,91270.72987878774,112879.95029932722
2019-04-18,100231.61847490957,100154.41231660638,100154.41231660638,89747.40515002432,91125.976491262,89277.46830675418,90386.27272776609,112550.99102546729
2019-04-22,100048.86153698755,100032.5743579917,100032.5743579917,89023.79991358858,90473.44583545369,88357.70259893741,89514.1556293793,111034.55189948612
2019-04-23,99962.87926094205,99975.25284062803,99975.25284062803,89575.83411618003,90935.68815662166,88806.5033652281,90015.98608137242,110857.38617144056
2019-04-24,100095.50839483435,100063.67226322292,100063.67226322292,89884.58761282061,91350.99517840668,89068.87943977563,90389.21908159838,112295.7822230689
2019-04-25,100080.88914719824,100053.92609813216,100053.92609813216,90121.68452931067,91666.22604158906,89361.14083166001,90652.92798171283,111487.99665719396
2019-04-26,100086.45739000983,100057.63826000656,100057.63826000656,89586.810153919,91177.52833241672,89049.99807770022,90263.58212985349,112568.71320951747
2019-04-30,100186.71209015421,100124.47472676948,100124.47472676948,89233.42409275097,90534.86621067407,88878.56858948631,89748.44361297892,112506.4657915555
2019-05-02,100001.86785560349,100001.245237069,100001.245237069,89486.88558343065,90840.46287814036,89047.16603593847,90066.82966157986,112282.37134606206
2019-05-03,99550.55523782219,99700.38611290716,99700.38611290716,88925.9702840451,90363.72829211943,88347.70091926387,89429.93295855263,112162.66477305832
2019-05-06,98910.47097653558,99273.67908628158,99273.67908628158,87516.5271181032,89147.27587470958,86815.54155256704,88097.31655128457,111070.94082726407
2019-05-07,98546.78301154546,99031.22695092563,99031.22695092563,87352.42638837965,89022.65035552316,86674.16553413114,87986.2490231964,110109.94020002034
2019-05-08,98410.79636063061,98940.5733487067,98940.5733487067,86426.79706139708,87877.68793338523,85584.66573179573,86997.42984037178,108784.06832701554
2019-05-09,97874.79889565021,98583.25257364917,98583.25257364917,86256.20844259014,87580.70508250834,85412.6277250473,86687.8313750352,108231.9778714918
2019-05-10,97653.16334370797,98435.09997916507,98435.09997916507,86016.58355038593,87489.28825378534,85146.98408174388,86590.829209391,108012.68104099455
2019-05-13,96402.527589432,97595.43014611951,97595.43014611951,85457.49417246936,87033.58151137107,84626.2531496949,86151.09673980782,106761.02724325207
2019-05-14,96530.31847311195,97681.65271948383,97681.65271948383,85721.92371345285,87127.03147209916,84926.14351770637,86253.91418268628,107468.24993572786
2019-05-15,96682.05684333514,97701.91303889039,97701.91303889039,86040.83879070282,87389.74509564208,85226.80143076774,86515.62624915919,106845.29880023153
2019-05-16,97902.74860740991,98542.68593461823,98542.68593461823,86431.76440910342,87634.10571313815,85644.31079698875,86755.94899554794,107803.90529601517
2019-05-17,98615.45016744404,99132.73888535365,99132.73888535365,86373.46919833764,87609.05837188568,85587.6594903045,86731.62201295412,109240.87048001308
2019-05-20,100553.44424697445,100431.62520075814,100431.62520075814,86688.24482053771,87877.18627443106,85891.6033423573,86998.65778865443,113273.54177053316
2019-05-21,100324.22053111796,100278.43079102284,100278.43079102284,86657.47077038707,87826.41667912054,85865.50456521526,86947.4814238261,112132.49497583095
2019-05-22,99994.32562166249,100057.05184581161,100057.05184581161,86665.49701753259,87871.29799536208,85867.55283283518,86993.19227717214,112408.30640169243
2019-05-23,100892.48672382347,100660.14077584329,100660.14077584329,86461.45562694683,87688.95005902613,85671.86718488514,86811.32602818022,111634.03867625854
2019-05-24,101240.28454886541,100891.69963076944,100891.69963076944,86577.22410826513,87838.78349616243,85775.4182594794,86962.26021028848,113425.32596427151
2019-05-27,100785.18593422572,100585.02188948443,100585.02188948443,86976.88811004919,88543.30424588207,86117.24822872983,87672.22200773339,114197.67651412215
2019-05-28,100420.79021568838,100338.0491259029,100338.0491259029,87429.54448933035,88807.08588388287,86566.81991019544,87933.1363052402,114235.98261748336
2019-05-29,100924.48674767006,100671.58811156522,100671.58811156522,88259.42475516243,89396.50250923698,87408.29564201093,88514.61410600388,113588.12690355662
2019-05-30,100860.71052394896,100633.23153054107,100633.23153054107,87429.65316872999,88984.9492590243,86582.88703418433,88107.74019522738,114400.22377647492
2019-05-31,101356.76052317303,100965.47500595228,100965.47500595228,88191.69022469723,89289.19342327627,87364.4381679227,88412.22189437563,114179.00041831836
2019-06-03,102223.26305023633,101548.04306464171,101548.04306464171,88145.3930177648,89506.40396967363,87295.8687405238,88633.38497379753,115766.30957634815
2019-06-04,101623.14481729257,101147.4199699728,101147.4199699728,87100.96603829153,88646.0706654989,86263.5572473132,87779.58319810226,115125.64560887766
2019-06-06,100840.11404945295,100622.76891597471,100622.76891597471,85673.98688203529,87333.37887410342,84847.09339841045,86479.00423611088,113421.97792105781
2019-06-07,99952.49981567315,100029.5683757852,100029.5683757852,86842.23716066031,88326.96188213355,86019.3791570583,87458.84290165755,113679.5902069923
2019-06-10,101275.43942850569,100918.73000157755,100918.73000157755,87788.35044297554,89071.04908617726,86957.05401195835,88197.01300955506,114178.04650656473
2019-06-11,101169.3622730458,100849.13751669797,100849.13751669797,88451.33859953334,89599.45653876907,87617.80397493557,88718.79327508093,114588.87385386802
2019-06-12,100243.73269853386,100228.81952622224,100228.81952622224,88228.43030760417,89388.92438468196,87392.54550339415,88511.20602657522,114020.03383019978
2019-06-13,100228.63856412409,100219.5338092526,100219.5338092526,86773.72018478671,88373.77185389597,85950.97108293907,87503.23945212815,114095.20581721573
2019-06-14,99654.49398831274,99834.13570188808,99834.13570188808,86557.41052981497,88076.71976588632,85742.60265088518,87209.19461150534,113226.13609720847
2019-06-17,98927.8576032581,99347.26038928445,99347.26038928445,84370.98301930589,86117.38227348789,83576.71523850475,85268.73827326173,111778.64982769267
2019-06-18,99559.44679068694,99769.70346503731,99769.70346503731,84176.43205484253,85827.86209492889,83385.2182575575,84982.0436605092,111963.95186187209
2019-06-19,100240.3024322972,100222.73796354978,100222.73796354978,83551.01298201512,85384.53580809239,82765.79661779053,84543.53552415576,111963.47490599527
2019-06-20,102108.25247613556,101597.69664952521,101597.69664952521,83357.39235978271,85216.64616212399,82574.92399131834,84378.3158631851,113307.0596109742
2019-06-21,102208.03748125304,101567.49923760908,101567.49923760908,82635.58326328156,84658.31802573023,81859.1716009299,83825.5250183219,112276.14286343545
2019-06-24,103127.23807648597,101822.18529705431,101822.18529705431,82833.04407748894,84830.47046848721,82056.60765466109,83995.89814393352,112042.00428830093
2019-06-25,103498.69294650678,101875.26318251385,101875.26318251385,82465.59100179878,84375.26210882899,81689.66723098335,83545.21444146361,112969.01011922682
2019-06-26,103481.89551885692,102121.72495926594,102121.72495926594,82911.12497581495,84934.2148019397,82135.38466490491,84097.84559288062,113458.36684883575
2019-06-27,104065.33821405227,103117.85600297584,103117.85600297584,82974.46180198694,85052.72628935763,82198.9193439871,84214.64219521641,113400.90769379397
2019-06-28,103377.79001209108,102631.75274557926,102631.75274557926,83101.89639125981,85094.89039604939,82325.79940977672,84257.32266575709,112896.22291159492
2019-07-01,103214.22689139214,102780.7871534338,102780.7871534338,83213.12817429015,85222.19115473135,82436.64033707621,84383.09393850979,113631.22126983797
2019-07-02,103938.9218296195,103625.60703302681,103625.60703302681,83325.79894522385,85485.66890188142,82550.20071787346,84642.48981209252,114059.29384531462
2019-07-03,104276.49806515727,103723.69501291137,103723.69501291137,83297.09875501881,85420.275781564,82521.17306334054,84578.03086424951,114121.06430739975
2019-07-04,104211.12416582051,104239.89428750546,104239.89428750546,83329.79356238543,85494.7297017267,82554.12698929053,84651.36129365666,114408.36008260875
2019-07-05,103090.76674643916,103007.52860553318,103007.52860553318,82911.62305392543,85155.04837489637,82140.12144613217,84315.99456364401,113109.78691949442
2019-07-08,100238.88212775809,100458.49628449877,100458.49628449877,83135.00702445593,85341.85159578302,82360.64724511065,84500.28688764779,110691.22783686576
2019-07-09,100977.7567027111,100821.28623959441,100821.28623959441,84053.15666546661,85809.39456046872,83269.29020411544,84965.04652218547,110665.37869875775
2019-07-10,100078.93038933795,100187.25111357185,99868.18914221844,84252.94329120629,85983.17047949243,83474.31029352301,85135.7952605715,110119.51672586062
2019-07-11,100127.14187726133,99763.73158118689,99494.41761572956,85763.04733674914,87118.61514946767,85035.1283831753,86259.91837643918,110923.94489644586
2019-07-12,100004.50720429076,100860.41314888345,100460.4255441787,86440.24240452392,87719.7347160362,85690.63489353526,86854.3839248389,110632.81477007033
2019-07-15,99973.64822205277,100290.22444088402,99951.70903663393,85756.9682262314,87224.14477753415,84988.70370038279,86363.94367852862,110976.12948061468
2019-07-16,101582.53535662503,101718.70596648703,101445.21563349554,86008.77820484861,87347.21970151755,85271.12009950537,86486.29459009698,111687.18652425699
2019-07-17,101032.62417006155,101250.36582746601,101002.8150795694,85766.16334594527,87210.67766956797,85008.74139433319,86349.81956309262,111925.64575851087
2019-07-18,100443.82585828296,100265.2896227937,100025.46811323517,85190.67666507381,86741.74216354452,84437.95991783882,85885.25402917335,111058.01625821007
2019-07-19,99172.58404429804,99067.7503296045,98571.11180069402,84125.95467699882,85934.60063103965,83370.40122168661,85087.22234574547,109356.7427018503
2019-07-22,98604.84825921006,98514.4077001139,97881.85358227497,82978.25000256483,85233.89531691931,82247.28586503654,84392.39453218688,108657.17935963155
2019-07-23,98170.38314333277,98598.96679282152,98020.24662185033,83496.73207516894,85508.49221711891,82765.84436604253,84665.32962633543,108512.09125232059
2019-07-24,97083.01669302778,97956.51654363543,97194.17853926885,83294.10835072286,85332.64731276722,82554.39070077275,84491.65982811942,107939.89383336264
2019-07-25,97599.20612484899,97937.13751162763,96949.07415431115,83014.17969463443,85106.00798305924,82265.7769918721,84267.66488396791,107756.50897476652
2019-07-26,97750.37250170707,98786.14072738792,98185.5669122935,83375.15478792103,85354.03170192485,82628.45258177065,84513.24139956385,108064.38866928656
2019-07-29,96765.18250103106,97702.96323401594,97081.15871333992,83237.99500298288,85264.43899811679,82497.84967039972,84424.53354469186,107153.66480270441
2019-07-30,95966.16393938483,96072.70051303133,95446.0989190342,82306.31730428273,84622.63065711976,81560.03147622551,83789.05893259982,106159.62329089642
2019-07-31,96133.18179203814,96083.26691257727,95460.39736794303,82757.32559912353,84945.29669443693,82032.22698869409,84108.54233873876,106471.81429245979
2019-08-01,96288.55947050113,95864.89570594823,95188.81403661055,82676.7617599495,84461.06157260764,80790.30516249778,83259.94145680766,105150.25372649835
2019-08-02,96156.66657323157,95439.27179514125,94786.12531021758,82864.06443380297,84657.9452459996,80820.81157430736,83280.17416587917,105316.40270899716
2019-08-05,95365.56984814133,94270.0456949523,93387.80229565174,82463.13725753712,84276.8438335602,80266.11223956404,82903.42245212186,104025.96585201667
2019-08-06,96408.23870498735,95357.80121437233,94720.55117760441,82990.89751133998,84640.5275683791,81025.08567287048,83419.29209313313,104846.19903106883
2019-08-07,96418.10332259437,95343.65089132621,94795.0118632305,82907.29330230027,84336.78762384162,80469.36042394242,83038.16445357953,103957.97625938094
2019-08-08,96866.158526613,95059.06127181214,95083.34499724343,82999.42598583047,84398.85068175793,80807.4200972651,83269.45995110035,105652.5443772373
2019-08-09,98328.65194339833,95985.33687867297,96173.60745801142,83229.03472781516,84566.1400346169,81197.5767991707,83534.95656152707,106391.85404252369
2019-08-13,95633.87074166624,93680.615277495,93616.85868042799,82739.78002703632,84215.82127837426,80636.35878948051,83154.73498856366,104631.68111141567
2019-08-14,96673.89010740753,94868.8236589696,95049.46116142234,82417.4757766548,83974.92918857481,80304.57261069004,82929.82935933793,105623.33784383959
2019-08-16,97058.38561091619,95419.32115936672,95850.31951119675,82654.54365230972,84085.0571142725,80609.26190531478,83136.0401203477,105799.54030805551
2019-08-19,97931.24525231434,96338.45082503502,96777.25983228991,82365.04079888035,83835.33532546471,80295.13011545845,82923.34169854202,105857.96272692695
2019-08-20,97440.06102060097,95954.55137675015,96129.15700665631,82218.57722356428,83773.68681564224,80237.57019702169,82882.82273170055,105504.58518258948
2019-08-21,96341.66168083478,95047.90450383046,95138.65894898778,82735.4514119312,84225.02801627878,80855.04065707183,83307.22722273067,104563.21456290314
2019-08-22,95751.57264912856,94353.68206135054,93966.94913250786,82581.70230007776,84061.47379707705,80489.17238303844,83056.12941570784,102864.81209388026
2019-08-23,95305.42115115363,93826.49215128907,93495.47109953708,82476.37055034493,84026.75573454378,80437.48432606948,83022.7328785883,103707.54636782668
2019-08-26,97110.89979375634,95032.62719148536,95724.43165197097,82684.13432117077,84244.69952651608,80845.55737596881,83301.26582799287,105895.78252233533
2019-08-27,97226.42959531833,96521.41652524128,97324.87752581175,83334.06948519437,84775.21365852887,81587.80373094341,83805.89291479148,106350.6674997496
2019-08-28,96740.25061412816,96021.54924867308,96723.69311307324,83137.91216451986,84729.66692113178,81659.56655377703,83856.15849660052,105783.2583437118
2019-08-29,96821.805727527,96137.61848611459,96635.27283699492,82926.1729834823,84607.51486779464,81391.52478330527,83634.26239534622,104846.67598694561
2019-08-30,97158.13107446076,96474.60345383466,97010.3586567378,83452.26312667239,84962.97790274762,82055.89828335405,84144.94963992194,105564.43846909134
2019-09-03,96887.48142017555,95854.24847328074,96361.7162113731,82767.14989639843,84353.69609219584,80617.28081473091,82982.65911564797,103406.37211181005
2019-09-04,97003.96719078236,96273.30308155286,96582.02892556558,82572.21925422517,84099.30218718447,80432.1795041025,82893.37404628564,103854.0746948441
2019-09-05,96608.84678121722,96002.9863388298,96651.71152378482,82128.54819247499,83802.625520998,80033.92146176915,82507.04720144672,103885.19840382507
2019-09-06,96509.4072201808,95940.15648154284,97053.00163106497,81682.79645853257,83528.58175923317,80112.1988919176,82439.92585897911,104826.5690235114
2019-09-09,96813.88196177286,96792.58963661222,98147.7076615244,81810.55878073955,83648.52109786487,80328.28511226982,82684.84911059523,105370.99077670206
2019-09-11,96839.94109301985,97508.43410561391,98556.07237995043,82199.67698629359,84001.32151198787,80768.314906954,83008.16624024861,105683.66808621827
2019-09-12,96988.94837595029,97756.63828973802,98583.75522920708,82021.0403377889,83842.71264921126,80327.28919321844,82539.8027616659,105177.06612843598
2019-09-13,97207.95903474058,97804.27508916444,98837.88240650354,82384.08413130185,84155.21054292304,81335.36969297494,83531.03755805298,106068.64629541356
2019-09-16,97046.76254352868,97769.08796541847,98916.77349153574,82288.75778710873,84184.38690984354,81212.44130920287,83246.03034542435,105375.30208374541
2019-09-17,95444.79960372328,96334.08499461155,97437.47799216415,82287.62978726649,84162.99529599983,80077.01150436857,82361.39660842347,103595.02218920315
2019-09-18,96837.4733636842,97210.14350389138,98795.39021816316,82414.69086731033,84246.80220251788,80493.19390528284,82712.0218114783,103815.76859148289
2019-09-19,96320.00277317718,96710.82611996506,98308.22837890229,82192.86460019993,84139.0415762627,79801.77696817307,82158.41861550107,102514.79194483248
2019-09-20,99052.66538582667,99483.29146610672,101771.20648655208,82953.66474574487,84958.20593825527,82184.88379345834,84300.25200401696,107967.66949912993
2019-09-23,100567.15199402993,101417.22133718774,104455.34061869391,84359.07403634771,86397.79539064397,84223.66518461,86571.8725809471,111089.61692306786
2019-09-24,100838.58539753545,101671.4166122534,104661.78890895026,84327.88993597115,85982.47840143184,82916.6110780215,85233.75859843276,110974.69861298426
2019-09-25,99656.34408822014,100824.69209948658,103879.21382716826,85038.43058133915,86454.94118996586,83586.99755920432,85780.18008126199,109557.37278861979
2019-09-26,99787.54876890872,100871.96458813924,104399.78385685332,85792.58917974973,87126.94301339384,85377.4821385675,87283.5407402554,110811.89767369915
2019-09-27,100145.39620495494,100974.31973193114,104460.16717924114,85694.23534953334,87221.3174155663,85435.20363444522,87732.09293568773,110248.79982470468
2019-09-30,99419.64614358543,99898.53656731285,103448.69932027598,86363.68861568192,88141.07011428151,84814.26700549251,87390.7893328054,109885.36879865007
2019-10-01,98515.8548629054,99290.24699535349,102883.97959649858,86010.78010035981,87834.60212718701,84090.4172478905,86450.41998739155,108788.37963405887
2019-10-03,97700.5045650788,98880.61024099712,102665.30208046168,87379.20554394808,88749.0264562053,85068.2650108471,87562.08411007034,108348.8133571587
2019-10-04,96481.95381872992,97613.86121106904,101114.64574899864,87825.81751243825,88872.19774748813,85921.58092965726,88141.94556231899,107015.28213389686
2019-10-07,96596.9270483223,97635.24849859677,101087.8447913606,88168.06135107393,89307.1717714274,86333.18854062639,89033.02238589105,106552.26085034873
2019-10-09,97088.31649101093,97912.98883739529,101902.4435275367,88774.82544183513,89909.78297089462,88002.29543573021,90480.29361076684,108342.10791865527
2019-10-10,96634.77117744126,97427.05133951058,101403.84444483602,89035.62853599232,90008.4991625339,88053.25632782516,90730.37458527998,107587.95650873162
2019-10-11,97001.87868863429,97923.59418904112,102051.4212092199,89706.11428764899,90477.58980849359,88911.46060632917,91197.65782258801,108263.1015804728
2019-10-14,97893.49748217611,98661.8797287609,102609.11129420779,90300.6965857484,90687.91813984537,89069.75940477483,91033.36884759765,108608.81977455324
2019-10-15,98371.94097373933,98989.38626087767,102968.29553705046,91195.064069363,91404.83163947554,89232.36538589715,91027.69023506889,109443.40839028981
2019-10-16,98612.3912150644,98906.52214369518,103065.24564556817,91392.94067837848,91662.12591896133,89486.20429133077,91096.44246891477,109785.29223320374
2019-10-17,98534.96257008362,98860.8859667843,103196.8326803709,92963.58176021908,92792.56540233565,91237.97029651565,92243.76493289843,110956.9764289341
2019-10-18,99858.64601354528,100215.18794414192,104576.34746162337,93321.14988572564,93082.52567318283,92120.12487580096,92831.55365405105,111680.00412987678
2019-10-22,99523.6910569173,100262.30600923585,104551.11093668798,93712.62646479734,93520.34866798259,92192.31782224402,93243.22383321512,110976.12948061468
2019-10-23,100108.96419455553,100559.24031156808,105104.28184839706,93674.736237827,93869.55003021915,93685.83492308298,94646.68858152795,111126.95976259944
2019-10-24,100486.26633317575,100833.21620420447,105517.53681965813,93619.1046892817,93930.72853461656,92981.4659030485,94750.73818116875,110921.06445703296
2019-10-25,100047.10314145844,100307.62790644921,105143.09352578962,93978.88795752775,93849.00800620594,94099.0120181175,95623.73935054423,110933.52142228617
2019-10-27,100275.39106391996,100390.10705835531,105575.77544234665,95565.78221606699,94823.74004571309,95576.94599287724,96518.37080028797,110933.52142228617
2019-10-29,101185.56062457802,100918.38404006425,106201.24971367099,94701.56585130931,94314.44195314786,95295.78160220155,95845.82063939948,112877.06985991432
2019-10-30,100520.92407237238,100456.54550143365,105651.37125247298,94641.17569256951,94459.74705863983,95421.72392401173,95718.15442503439,113425.32596427151
2019-10-31,101413.38429727161,101431.80913555215,106537.77577575113,94211.57641150685,94027.13241827962,94902.82021322458,95586.27713542795,113744.70871229115
2019-11-01,101457.15657321957,101586.40591116308,106625.68062161177,93467.3197080231,93260.4501484075,94078.18735902829,94727.46703093174,113870.63441584549
2019-11-04,101014.29034853668,101327.42002897226,106673.18218376568,94581.29562186525,94032.15509648106,94877.54901559102,95744.61464530753,114356.16614636392
2019-11-05,100175.37986470309,100775.00038840415,106252.45308653,93892.34055217131,93631.09480778906,93807.12565529707,95195.03417980197,114125.3756144431
2019-11-06,100436.28776001807,101012.20588774477,106204.55981591571,94100.98932476957,93516.66151271586,93686.72013919146,95799.56801901563,114593.18516091135
2019-11-07,101345.78935923215,101313.27584692882,106737.79841596732,95393.86624308195,94562.31053966338,94107.36684890884,96409.14727225956,115033.70534956516
2019-11-08,100679.41738547588,100376.79949085355,105540.84284618829,94743.98128307973,93837.01060137218,94034.63570103452,96119.54762406897,114038.70992600358
2019-11-11,100602.34451230867,100420.55460075742,105799.95278710006,97693.64705775846,96176.17745511474,96958.10636906401,98375.86525602642,114089.46364254196
2019-11-13,99621.57083798597,99229.45333099722,104572.65691812136,96938.21206228883,95624.86662363833,98558.30620517705,98656.34066080603,113390.37725620002
2019-11-14,101396.75203627218,100447.80256318173,106061.29865088876,96855.33726926436,95331.4493243594,98734.33259362233,98327.67257218357,113693.46868779992
2019-11-15,100938.61298250094,100184.77009471715,106002.37809043264,96156.44484892875,94749.41690146041,97652.10472359745,97610.59347666355,113917.08617741655
2019-11-18,101187.47060749792,100057.94493837202,106351.70121898875,97340.06955292592,95850.74145460426,98687.08234559739,98317.15056015282,113812.22134905007
2019-11-19,101148.39131960885,100250.3919697727,106672.25618817483,98088.94153011614,96168.43626349494,99118.61435480803,98645.65070026669,114344.67244494036
2019-11-20,100890.65523870688,100191.26872296566,106519.5981058802,98426.94317192772,96167.24610484864,99135.15880957787,98606.50015337691,114909.68746951809
2019-11-21,99544.79411939665,99321.41774668841,105662.85966652339,98006.600504706,95787.69528034773,99203.82242538067,98643.98704707039,114615.69560788167
2019-11-22,99654.45165070373,99113.27216010125,105688.01844458637,97926.08060787976,95717.75515437034,99666.5292806536,98845.23826596486,114098.56321250544
2019-11-25,100261.08110476292,99814.80371912444,106547.64506561501,98928.61920830967,96543.26175487495,99787.23771242569,98968.47963506875,115624.5788643269
2019-11-26,99793.27625533531,99785.2178345324,106520.12437544967,97492.96909856613,95149.52304677384,98857.02609450484,97879.87338359578,115279.34697819928
2019-11-27,100533.40184805912,100404.75977132574,106926.61624845248,98652.80286459118,96036.80913014986,100579.10085092898,98967.6449103558,115882.66810613821
2019-11-28,100764.00973972268,100488.6066450264,107162.7259774201,99581.51832598106,96706.92809754751,101235.87965798308,99489.08473970785,116365.80570519657
2019-11-29,100521.79096486612,100442.01154387913,107122.52433786218,100480.30433458844,97207.42151375317,101599.51655479391,99756.87773276842,115455.0724865384
2019-12-02,101279.45113398008,100761.5335369601,107047.44934708916,99829.72431769173,96728.31144078082,101184.83017597513,99491.7132923083,115379.90049952242
2019-12-03,102219.0504932538,101272.329353043,107609.32052666243,98668.98507650406,96005.64656588741,100127.06894075967,98737.5524919815,114862.76810414622
2019-12-04,102142.02559774547,101501.31649982138,107936.40939380774,100055.69894343044,96890.18804286902,101541.52366578615,99647.14310230542,115332.01787032092
2019-12-05,102198.69806381385,101542.05642516875,108163.60487821217,99392.29201116528,96510.84589650437,100898.75536727444,99260.45764558554,115094.52189989669
2019-12-06,101425.89135696954,100736.47356671373,107557.87850208371,98664.08187693916,95837.85280006076,100102.38436360756,98593.497280181,114166.55280514117
2019-12-09,100937.33026605996,100281.39915122252,107223.27356368385,98617.51910977921,95792.09347751344,100040.19311558522,98542.46655504528,114319.77721858596
2019-12-10,100492.71770695958,99733.12762125679,106834.02237495745,98664.16298749932,95757.7584307244,100059.18759654702,98520.61306175799,113546.94971285852
2019-12-11,101126.96726864968,100018.47263616872,107434.62603510616,99841.19135852509,96537.74728149822,101248.89919635853,99293.07556795226,114057.86297768417
2019-12-12,101590.28962855978,100544.2061444333,108195.66807105053,100140.50841369675,96888.22655720625,101564.34259516686,99618.5026888706,114648.25018449307
2019-12-13,102563.06059862944,101712.85759120912,109454.5521869751,100285.3901767059,97047.90252599689,101727.49645746127,99771.44251191594,115748.59674437401
2019-12-16,101896.45737011213,101213.10010223703,109333.39488202328,100612.22020191593,97462.35699501143,102096.38307968271,100186.54372371394,115434.96552310417
2019-12-17,103171.84412411749,102401.65385574567,110345.66729953006,100852.42669765306,97766.2798336307,102345.55339916205,100500.72331698412,116498.43684725431
2019-12-18,104255.03118529021,103144.20731388044,110916.31452348571,100562.0014553337,97595.3752682036,102037.43369679169,100343.94958095773,117040.95077693775
2019-12-19,104585.03323753212,103405.8263053984,111193.4487255483,100093.00441351623,97277.41583604827,101551.30266999285,99972.13161821799,117405.33571474596
2019-12-20,104475.88487022393,103291.14366194041,111184.04480943529,99743.76231950015,96886.38824316172,101167.18089820337,99622.80711332506,117521.2079365832
2019-12-23,104637.20622529078,103322.20955632979,111279.26630701729,101222.82679470912,98137.71922277202,102670.98947567589,100897.76039516438,117434.5422481437
2019-12-24,104861.35844237488,103379.09215869027,111483.49474273746,102242.58204239659,98587.74270652815,103674.41675324402,101461.95067467961,116972.951832226
2019-12-26,104931.48017283052,103266.40284029345,109694.3697976551,103562.08261090296,99563.55280221233,104998.88834959363,102492.42763922874,116130.21755827958
2019-12-27,104925.89486419052,103746.13440016174,109226.85226647509,103557.47290807846,99799.24135784456,105013.27392856001,102680.18685221892,117272.21826473539
2019-12-30,105579.91410905437,104238.2492902106,109434.93466066518,105229.79481620665,100917.38322514352,106683.20846108026,103837.25498033185,117368.46047901521
2019-12-31,105235.00863068026,104015.74603190902,109079.8707587202,105998.75623943635,101304.33753838432,107439.91296478552,104134.52521641314,116531.47773181855
2020-01-01,105028.991004941,104164.40089697762,108951.92299041302,107111.30795357854,102058.69264859961,108554.82290637147,104860.64921091862,116666.02604945957
2020-01-02,105246.40908233557,104299.73478332064,109100.38969313516,108763.78495273528,103523.92113120708,110208.75792194986,106263.96680566181,117620.80754615273
2020-01-03,105464.70205947399,104364.18981426091,109538.68331095483,110558.3028705309,104717.69598059398,112019.24015728071,107418.56037578717,117088.83340613925
2020-01-06,104202.45368662808,103156.79357827494,107628.12656788771,110724.51612641288,104068.06329677414,112142.52336980344,106720.71903050045,114851.75135859946
2020-01-07,104649.61374921125,103756.49382876157,108056.87339895764,112619.13986951218,105545.87573822253,114030.58236608646,108362.49625000256,115425.38899726387
2020-01-08,105014.18709642268,104003.0102999268,108353.49976810029,114311.47117452906,106829.54483808983,115752.48783505379,109894.66956117457,115161.07127282595
2020-01-09,105754.45913911516,104889.80409924118,109115.19196202059,116961.24636143722,108890.86686213256,118424.81172747826,111915.22154849084,116985.88575335602
2020-01-10,106385.02879177156,105356.94738885992,109626.58165244987,115209.91831301931,108044.14563619677,116642.88210487347,110977.87127825194,117377.5600489787
2020-01-13,107218.59328810853,106300.15889322698,110518.64731035114,114039.80634182208,107577.59038725017,115480.09731412637,110440.5292101673,118074.25230386054
2020-01-14,107891.08728213329,107087.4042832036,111018.85221517523,112325.60880322361,106056.51006025523,113747.12555213906,108860.65069575931,118387.88352513038
2020-01-15,109434.4874800898,108575.85479978654,112166.3852542549,111046.98760738158,105452.53791246307,112471.3527375599,108259.28326807628,118205.92953416466
2020-01-16,111193.89033749998,110404.64591190963,113604.1029276493,110631.22591599757,105392.2839648733,112082.11570876978,108305.68499816352,118322.76501983154
2020-01-17,110949.28046877224,110477.30041468178,113218.8732907346,109675.4144793371,104655.69734775026,111096.19247706924,107547.68949990158,118292.5952226042
2020-01-20,112176.13383956597,110875.66882230074,113889.17056217365,109439.44709868079,104442.57507675177,110848.19586292276,107376.38708474656,117068.717090629
2020-01-21,110068.94191841007,109073.13637741448,112155.18123839668,108975.33994771185,103945.7751501844,110357.84601445438,106852.5716776193,116544.87925674937
2020-01-22,109890.4794733581,108750.73296446883,112016.63188952627,108126.26278496877,103570.76929602821,109516.51955830815,106423.09761913793,115942.04443676327
2020-01-23,111596.46043431056,110168.91866757172,113147.72647138505,109528.73920002968,104521.72334911283,111020.39494088037,107400.33735553961,116645.43277807253
2020-01-24,111889.6903751482,110364.30830562691,112838.5461993835,109503.83628988838,104487.1524621566,110972.48910644939,107363.74017459051,117295.68262345933
2020-01-27,113450.88846318504,111393.91909436978,113551.37796580394,110143.38078989729,105006.00432438936,111616.3638283025,108012.14220389345,116057.9166586005
2020-01-28,113167.42960663639,110921.92986141164,113532.16179726773,110896.50524560007,105112.6506543595,112420.91857643674,108510.83152258284,115452.67835507831
2020-01-29,113262.08281156482,111676.19088792233,114150.12322422644,111764.24693532776,105668.65162072195,113392.60042221782,109254.30545117473,116158.47017992365
2020-01-30,114476.68938169054,112037.66203710675,114179.02810288267,111192.79816884399,105786.83490529675,112739.37554182127,109150.51489840294,115261.1478382723
2020-01-31,114509.60727469307,111627.51873140095,113713.9524025229,110388.83567471892,105859.29484881574,112036.9740363388,109108.29055704759,114555.35601342696
2020-02-03,112891.95581899896,110564.87180643981,112560.14587400982,108172.08012498228,104501.6387187106,109055.54448146033,107339.00002332414,112121.0106264834
2020-02-04,112951.65623770145,112335.31484189926,114726.37756235979,108963.61050456832,104937.04647764377,110521.98498766773,108401.88835150753,114723.43152358504
2020-02-05,115350.29979282139,114411.49099801067,116015.33909714915,108738.09354233788,104730.83954914645,110150.81193134926,107997.98158074234,115772.06110309795
2020-02-06,116343.53378884582,115640.92763516345,117443.80300672087,109080.60771587315,105061.20560480916,110684.43976196261,108582.26273438655,116239.3936936894
2020-02-07,116701.56505433605,115925.94920386167,118367.68638232963,110456.65608827092,107264.15800605383,112066.12399410366,110763.88987368796,115860.15765916789
2020-02-10,117098.22478031507,115985.79435775761,118837.38875458622,112083.3960495377,108917.12581131785,113609.55216127465,112377.7330787009,115219.97064757421
2020-02-11,117626.63515751407,117086.35319368854,120059.68102342212,111627.95184887879,108384.97736132581,113182.84067728888,111790.07964170142,115951.62096260356
2020-02-12,118483.74565029911,118414.85132764734,120827.06972030998,113708.8064119894,110203.2561679684,115189.08084808599,113077.68486341748,116845.10895308839
2020-02-13,119293.70444169993,118567.30619550048,121176.71493614087,113622.71268261872,110674.936637852,114881.70188021046,113426.285466212,116590.85406244363
2020-02-14,118064.78868834735,117589.37000213338,120594.83941988662,112454.59472654834,110385.5370759891,113245.26107538871,113427.70202258856,116004.76881060205
2020-02-17,119400.87906425243,118422.48887182202,121265.04972197014,114510.21873111912,111324.34671542355,115168.21410967065,113726.48918144658,115356.9130966753
2020-02-18,118702.15681158268,117257.23398641667,120799.4422751115,113800.9796866695,110528.54402184261,114193.97493467992,113366.54839025546,114846.48613980251
2020-02-19,120933.91309959596,118849.60378455085,122295.88249314761,114708.07959977581,111604.03636893505,115531.26394551442,115223.17846676399,116123.99842772898
2020-02-20,122928.63403229073,120275.32529636168,122810.47325591427,115149.87165225497,111744.27108825822,116147.21552354997,115375.00252723874,115692.56845696263
2020-02-24,121077.798729519,118358.68152347475,121732.22056784123,114745.13531261275,111532.47956622127,115613.17356388281,115042.57027774845,113284.55851607991
2020-02-25,119451.58291483347,117393.02608996672,121123.12494654013,115633.15004853933,111807.41513419061,116588.70768320895,116454.70195131641,112982.89795211045
2020-02-26,118218.42767217912,115782.3511629543,119700.40754123943,114030.82544206046,110377.6907506517,115022.3796500369,115464.80172121615,111839.45702594817
2020-02-27,117343.58334472364,114955.63883101917,119148.27432767104,113250.32544394146,109792.8604519229,113959.58368956714,114284.86497781385,111406.5961875514
2020-02-28,115017.71672969806,112567.09814082403,115949.19829586726,109513.3606532322,107338.38476336899,109590.31045314117,111651.47369428548,107273.84833158496
2020-03-02,115308.8176099795,112235.72866865735,115563.76210144899,109665.9685204174,107343.18192086463,110411.13654655573,111393.83079476867,106613.06804860424
2020-03-03,117046.45241064961,113452.23457466281,116665.33822719425,109141.01513561723,107263.35484087134,111146.95764816192,112095.07093602493,108246.34266025225
2020-03-04,115385.20858053071,112298.87401375314,114427.27063438686,107712.68281290072,105559.60323254825,108489.50673731012,109531.99289282397,107745.49222921976
2020-03-05,116636.3553871437,113659.07482245723,115719.32337858861,107150.4579316548,105309.28775551457,107701.89628465204,109394.51393920087,107917.86969434517
2020-03-06,115859.62825719739,112832.31215561662,115253.2961553141,106689.29101694701,105045.35737152796,107125.63208702115,109181.3705273559,105240.7537661044
2020-03-09,113630.35002886933,110483.9564140621,111359.81167696201,106637.41394802532,105045.35737152796,106667.12262984246,108388.73234916932,100088.58286402278
2020-03-11,112536.34541729251,109439.08311300518,109884.5062920897,106637.41394802532,105045.35737152796,106088.44428041809,108179.48926081038,100155.14158902808
2020-03-12,105314.35449543316,102364.2488766801,101814.85870290926,106541.6734325595,105045.35737152796,104228.89232214642,106476.51170230153,91840.32302818725
2020-03-13,106937.46147383466,103642.47694917815,104305.00438583126,106495.27307850833,105045.35737152796,103304.70002408253,105873.17653126479,95336.23191577371
2020-03-16,101294.2707433077,98615.51522106573,98051.12400033197,106495.27307850833,105045.35737152796,103304.70002408253,105651.48693639415,88079.14250440928
2020-03-17,100781.00583272746,98375.152860349,96879.89258620475,106495.27307850833,105045.35737152796,103304.70002408253,105650.67902964106,85873.18416585047
2020-03-18,96293.67624812822,93961.00264472316,91740.52263695892,106495.27307850833,105045.35737152796,103304.70002408253,105650.67902964106,81101.68016592078
2020-03-19,94977.83447970044,91802.52814407658,86956.04522955215,106495.27307850833,105045.35737152796,103304.70002408253,105650.67902964106,79135.14432544552
2020-03-20,100287.58086982995,96894.29673655842,92774.2303561811,106495.27307850833,105045.35737152796,103304.70002408253,105650.67902964106,83751.0297804703
2020-03-23,92103.9465896998,88352.17006461041,82699.23761568058,106495.27307850833,105045.35737152796,103304.70002408253,105650.67902964106,72879.75577614609
2020-03-24,92425.84074291997,89722.35207884508,83958.64394516678,106495.27307850833,105045.35737152796,103304.70002408253,105650.67902964106,74706.9550360602
2020-03-25,93496.634075792,91477.15444022609,86638.69386431036,106495.27307850833,105045.35737152796,103304.70002408253,105650.67902964106,79656.10171991224
2020-03-26,95039.59581534562,93891.24923677427,88915.28379533353,106495.27307850833,105045.35737152796,103304.70002408253,105650.67902964106,82755.07109307905
2020-03-27,95804.31175313312,94127.30497568322,88656.73442305962,106495.27307850833,105045.35737152796,103304.70002408253,105650.67902964106,82935.1079084615
2020-03-30,95832.00125589433,93752.67472813856,87928.845337806,106495.27307850833,105045.35737152796,103304.70002408253,105650.67902964106,79304.1643952812
2020-03-31,99163.11375608225,97371.15050808265,91566.23492895444,106495.27307850833,105045.35737152796,103304.70002408253,105650.67902964106,82336.57504344273
2020-04-01,97687.88573667656,95760.61620341903,90964.42334974952,106495.27307850833,105045.35737152796,103304.70002408253,105650.67902964106,79042.72711025621
2020-04-03,97613.15215128916,95163.5246632508,90599.4830311619,106495.27307850833,105045.35737152796,103304.70002408253,105650.67902964106,77414.71771740513
2020-04-07,100703.5201818734,98570.96455105259,93410.20601383172,106495.27307850833,105045.35737152796,103304.70002408253,105650.67902964106,84198.73236350434
2020-04-08,102882.37726023927,99864.35007362673,94819.47053056193,106495.27307850833,105045.35737152796,103304.70002408253,105650.67902964106,83782.63044532809
2020-04-09,104206.99433824292,100609.20662369952,95755.76747648581,106104.85807752481,104788.6243284173,102925.98176367888,105392.4665677799,87260.34954506358
2020-04-13,103185.46293762082,100099.15909317542,95302.8819102293,106082.42917142886,104773.87530160954,102904.22482227546,105377.63255001599,86129.8331879553
2020-04-15,102639.91348657385,100458.89546356132,95479.55108189088,106082.42917142886,104773.87530160954,102904.22482227546,105377.63255001599,85473.36421201793
2020-04-16,102360.45602712918,100144.97275741222,95614.1625021967,106082.42917142886,104773.87530160954,102904.22482227546,105377.63255001599,86119.7797062382
2020-04-17,102209.49256574377,99880.60113588639,94981.94573203624,106082.42917142886,104773.87530160954,102904.22482227546,105377.63255001599,88743.2708306037
2020-04-20,102579.27820169681,99951.591734365,95018.58770552556,106082.42917142886,104773.87530160954,102904.22482227546,105377.63255001599,88696.34211315581
2020-04-21,103898.17149565485,100915.90316522887,95875.55174673832,106082.42917142886,104773.87530160954,102904.22482227546,105377.63255001599,86011.0898787812
2020-04-22,103638.62370516831,101035.99301866026,95536.78928884848,106082.42917142886,104773.87530160954,102904.22482227546,105377.63255001599,87982.41398217661
2020-04-23,103606.64590715332,100694.2894666682,95298.75683839989,106082.42917142886,104773.87530160954,102904.22482227546,105377.63255001599,89194.80776480427
2020-04-24,104571.39302770655,101179.90890946305,95900.87707336972,106359.1161120687,104956.05792596188,103172.6222879762,105560.86499790181,87667.35189327635
2020-04-27,105248.20295377013,101904.6133620739,96879.58021843933,106135.51259692137,104808.82772019306,102955.71788096466,105412.786381175,88892.18393700516
2020-04-28,104503.88991918683,101291.98459531453,96424.38313350774,105836.49869696697,104611.94406212975,102665.66236634058,105214.76818518125,89836.43499610439
2020-04-29,104185.27031808031,100721.73438516437,96642.9827179695,106354.61420460694,104953.09367577329,103168.25525659134,105557.88366628397,91487.89939560338
2020-04-30,104462.61348231521,100667.16651163719,96354.93230191577,105716.54486499197,104533.0998525892,102549.30232264378,105135.46963754483,94423.5908736083
2020-05-04,103583.65180262226,99354.8776932038,96079.7977004876,105263.19274373355,104234.62032104669,102109.53252312078,104835.27012399198,88999.44289683172
2020-05-05,102698.11406554781,98465.644058384,95681.0921244123,105177.6562272298,104178.34746082952,102026.55866030895,104778.67299260372,88157.66253463892
2020-05-06,102328.32177766218,98065.88245779567,95355.93546867633,105094.86484986731,104123.89764494784,101946.24769292257,104723.9094108055,88783.01715367135
2020-05-07,102138.43392241077,97693.9477431642,94740.38306876023,104881.12347713436,103982.8699872547,101738.9099608841,104582.06908420695,88094.93816080016
2020-05-08,102845.4393613904,98541.88709738076,94932.85088960454,105509.86207796722,104393.20303464365,102341.85761227299,104994.76666713407,88597.22881153911
2020-05-11,103348.64981309109,98705.1269133446,95164.9117345302,105376.10252588122,104253.4426933129,102136.56753506458,104854.20095978174,88479.43941411862
2020-05-12,103412.27712185482,98695.57061522552,95447.29805437778,105481.87703211466,104323.29397801495,102239.17306224686,104924.45476103981,88070.9968461994
2020-05-13,103419.73619891968,98616.8150350434,95085.31633501507,104996.42014280213,104001.02144834379,101765.83124201746,104600.32514270804,89861.80717833558
2020-05-14,104075.64966792642,99087.74219384113,95646.41732733732,107038.12006541832,105386.57539659672,103800.15763926417,105993.8633163884,87555.78162640645
2020-05-15,103909.30277332064,99004.37902207306,95223.6365355003,108106.37457955402,106020.6381440423,104614.73413223236,106530.2905865203,87499.27638311827
2020-05-18,103790.52429699636,98699.89594292198,94651.41784694933,107600.11326098695,105524.40024080966,103535.76162459968,105757.11536384096,84496.08162043047
2020-05-19,103593.8604525302,98456.93315131271,93993.5434173313,107072.25135441689,105299.51835142673,103037.66658022201,105412.18925420349,85030.92684778084
2020-05-20,104883.55333321665,99428.724617791,94596.9897905316,109165.15369067962,106739.54950554544,105152.46793250986,106860.44297539136,86826.04848696035
2020-05-21,104930.81702787132,99681.18369438227,95011.5510631615,109925.57572102055,107264.34960699113,105923.15619325651,107388.23843260219,87206.23843323548
2020-05-22,104198.98660610554,99139.44316613903,94382.73243633397,109859.99952906152,107367.01170908725,105679.7686098837,107224.4531701183,86564.61120193536
2020-05-26,103693.26885019905,98773.11209565609,94748.65779027331,109787.4276693783,107325.21307263561,105044.36070525285,106794.09504686986,86466.9287679491
2020-05-27,102437.70561852083,97973.20618350474,94052.79704109758,109011.92571706919,106882.38931599814,104324.36635104346,106300.91231993177,89204.86124652138
2020-05-28,103023.33750357006,98469.71297812057,94099.7344984436,108600.43299829963,106709.85104255119,104071.62053602308,106127.13505740347,90882.18413620438
2020-05-29,102831.84083404302,98920.02684372863,94684.85304636715,109329.32277414182,107192.13616019578,104911.88194417814,106702.7967204232,91745.98863741467
2020-06-01,103919.29603927908,99664.26736974657,95331.88114763862,108943.82730014509,107340.15981788207,104571.29956071105,106470.51493815563,94100.38312649814
2020-06-02,104235.23174030834,100040.3829444318,95495.37547815708,108845.9738939343,107710.08105827469,105058.44587762505,106800.90579834266,95565.10527211128
2020-06-03,103599.42733238751,99790.82338840557,95258.98098351591,109042.89803461393,107831.3730540199,104614.40417454619,106502.08079455848,96354.69169805925
2020-06-04,104044.88722430343,99926.06282724273,95114.76995074424,109096.91201525775,107915.2130148489,104749.03344330558,106593.45434171759,96043.9315641263
2020-06-05,104576.69202420376,100375.69547727547,95627.95408735448,109658.11125800834,108671.07063037738,105967.25516164505,107423.10335729901,97126.56529203308
2020-06-08,104216.61721571352,99982.78794327297,94942.45741842355,109852.1562401031,109312.92579853404,105981.75121137346,107427.92736295852,97368.84952537746
2020-06-09,104211.72596192312,99860.12227348358,94839.55739648413,108818.93686981387,108967.15939325289,105067.02968789767,106651.58292032953,96212.00707428438
2020-06-10,104621.17120501808,100187.9908976455,95188.41760027087,109188.17619817234,109679.97581102894,106116.65651278268,107367.7131234478,96877.57562018526
2020-06-11,104090.27049350674,99759.48987691771,94468.76363877859,111062.04392473803,111203.85179560621,108530.23795122112,109272.73498696522,94826.75887065452
2020-06-12,104490.97150613833,100194.9275441346,94991.18212559762,111930.63574577596,111913.32696656472,109352.65525186756,109849.93749713292,95505.73829356223
2020-06-15,104167.10908669734,99947.41944111913,94864.96521735346,112497.82804958509,112577.51936634906,109635.62236128983,110329.5545640419,93981.1535093712
2020-06-16,104236.32793970378,100073.15993346699,94799.8342530675,111930.52922210109,112742.99963495211,110458.22693882308,110601.52542680525,94941.67718073813
2020-06-17,103429.66355110549,99472.28018464637,94478.66808843175,113940.52714359369,114678.04720228305,113630.45825877819,113058.53916085095,94627.09204771467
2020-06-18,103938.63934541057,99793.94803144957,94582.43804473488,113569.40768951928,115000.59730549101,113806.84808906926,113293.95238209711,96642.9507370979
2020-06-19,104148.29285643593,99948.46006313646,94550.26832020801,113269.7852483491,115379.24469002246,114900.48727819021,114525.3653374431,98105.76505920378
2020-06-22,104593.52607559905,100312.67470084789,95040.76055021313,113381.14785202715,116114.56743805404,117319.77426653402,117051.69598572575,98745.47511492064
2020-06-23,105195.25937767373,100849.74960988475,95542.32021223118,115269.75512279931,118181.3819976777,121638.14555767292,120617.04706276528,100275.80207378545
2020-06-24,104731.46386750507,100878.49969657132,95582.10873433667,114012.13341814326,116477.64150261333,118008.05980352632,117926.12158306662,98688.96987163246
2020-06-25,104543.9790777678,100478.28521689403,95819.41916536051,113948.10533789474,115687.17176310981,116893.3708170967,117452.64573914438,98531.92045909715
2020-06-26,104967.69720347892,100635.49777785766,95725.32596984287,116054.88453427964,116509.31702657335,119365.58014027515,119345.96219143113,99433.06779983902
2020-06-29,104547.33588089515,100239.02716698845,95156.27315076574,118181.3057024854,117036.58969400449,120258.07795341128,119804.17489398114,98756.96881634422
2020-06-30,104380.38160438083,100014.51175089995,94830.99243665196,116921.21636923142,115771.1201541064,118514.84247449297,118655.55655598667,98658.32311852831
2020-07-01,103727.64227713236,99584.33682053513,94516.6791756143,116254.18995055318,114665.77435186991,116834.02063365975,117201.9656559104,99883.64147020994
2020-07-02,103587.2159629724,99476.83448344607,94417.4866711354,116083.79692552844,114478.94732863051,116296.63403674118,116780.40295048349,101048.62957951288
2020-07-03,103576.21337137219,99606.08855532377,94476.37908223922,116164.3081484785,114513.22320796273,116467.02394293336,116872.65341734642,101581.55763128001
2020-07-06,103748.09868150608,99755.48732871526,94560.45980982562,115957.33089140986,114304.37052694568,116899.17334925455,117451.36128372487,103078.37610177977
2020-07-07,103726.36429175679,99769.91896936491,94504.17163091963,116111.92761252169,114429.70352887457,117009.15399227328,117424.54484649235,103423.13103203058
2020-07-08,103288.58212289325,99346.48216483796,94085.3772659679,114067.65242205499,113131.60200637252,115192.23494874794,115937.09436973017,102523.89151479598
2020-07-09,103438.59162428124,99525.78383651252,94208.2984714482,116246.23196141706,114595.63602688661,117590.16665477403,117731.0308202283,103555.28521821152
2020-07-10,103823.35039799951,99703.35337703291,94340.31111004237,116367.10334497057,114730.79805236003,117253.84322316368,117555.2128516564,103120.50720423147
2020-07-13,103349.00894083889,99405.60663884795,94349.45438194164,115789.53992664652,114444.18781710506,116275.21064167199,116924.70292581001,103452.33756542829
2020-07-14,103193.74062155213,99307.21518431383,94347.93692230579,114079.67603667792,113289.60432985099,114665.67456588124,115506.85624556715,101581.55763128001
2020-07-15,103236.81131196709,99466.25677162354,94521.45814292418,115004.98515751575,113905.94338364477,116065.68708799362,116321.15304646557,101685.46854789286
2020-07-16,104067.38302253313,99973.78999383502,95760.91542334191,115907.59919220106,114495.30370493075,117129.23729430114,116967.49794336453,102851.41056894945
2020-07-17,104544.75476026646,100445.36566037999,96110.67444663649,116795.54597610327,115085.2225803439,118612.25060278579,118162.23021479172,104400.41362361802
2020-07-20,104658.16307934078,100593.09275772875,96139.87421591055,119321.48643877642,116707.65484523689,120549.5622882007,119279.62723178185,105554.38498737424
2020-07-21,103914.68756695614,100021.22618299663,95330.38353612286,122848.73918914987,118992.27654262957,123345.16319130927,121363.46954910737,106895.5755608931
2020-07-22,104079.45823722977,100156.86317475999,95159.16568388634,124308.70108371078,119960.56914992948,125042.36197582255,122777.14015215993,106611.62782889779
2020-07-23,105500.81778380483,101139.4431351069,96616.42467719429,123702.7610854621,119630.54830309376,124662.79483009214,122776.93972393882,107405.04860601228
2020-07-24,104535.27005449745,100528.67672220388,95972.79465540429,124174.26022860775,120218.49829599523,126134.83737814093,123978.60045827075,107201.0704760291
2020-07-27,104383.80831205432,100514.46685979674,95839.32384129864,122872.23543826661,119277.28259726707,126684.45662050732,123924.88014549232,106603.96847864076
2020-07-28,104503.59485251387,100468.2483865262,95642.80843502624,122370.61678458602,119031.39737770006,125822.38930319651,123627.23990568776,108220.00721419144
2020-07-29,105776.1880776492,101319.23241075918,96457.34740555944,122436.92006258639,118973.78158027181,125472.5008796627,123100.16290937482,107284.37876917889
2020-07-30,106984.39811581647,102161.03844215607,97353.09231119901,118173.69858067065,116000.33425797711,121839.06084008816,120418.23164319475,106320.03009872144
2020-07-31,108592.56296829948,103240.92414464137,98828.08931035746,120126.52730302814,118234.11121757713,123799.58761892139,122307.99461394455,106045.18193668961
2020-08-03,108939.92370428008,103453.29912735436,99390.26207887287,120899.44091189845,119240.08771173388,124720.46052610662,123215.01046838578,104303.68510138539
2020-08-04,110889.34004697893,104746.06771348024,100939.6999154518,122554.27673946973,121301.74382632397,125714.2826669068,124778.87430611005,106253.94832959297
2020-08-05,110486.74481080548,104460.02938871915,100555.04216559767,122275.9514391761,121311.38291770146,127101.80943166366,125999.79146872001,106315.2418358013
2020-08-06,111084.21577881074,104918.52749921865,100949.16415235691,122512.37975920217,121798.05997108642,130943.35065686669,128549.23344272503,107258.5296310709
2020-08-07,114026.8206388329,107163.2085954962,103184.09802348934,122379.97999535053,122106.55524444977,132300.88504469363,130149.66886373608,107391.63772900547
2020-08-10,119517.24382726493,110734.83603058611,107269.5061578797,124098.05443658249,125763.69496900254,132900.1484472719,132428.0388259683,107928.88643989191
2020-08-11,120013.76627702972,110975.36260305597,107196.1940371397,122484.15878402437,124592.37630140096,130194.99637580392,131256.55953636594,108430.21382680122
2020-08-12,118607.38582539803,110106.49514109334,106420.2304928762,121007.35985930053,123088.78571092596,127787.73062845293,129626.06313119842,108295.18855328341
2020-08-13,117920.60576796473,109674.59043736185,105998.80981655046,121031.99628649084,123253.49762473826,128503.21807694765,130510.78197470559,108219.05330243782
2020-08-14,117763.82913074303,109567.11400452978,105743.9387298822,119517.43276490836,122614.15290283746,126607.84291252411,129264.84815428013,107050.24019404434
2020-08-17,117770.91352311644,109457.58883556463,105778.06429912633,120694.64717995173,124425.77958608586,130055.67591153429,132891.1577117258,107708.14003761217
2020-08-18,118909.16230251367,110476.96909829002,106738.13386794413,121993.988829993,125898.36882751364,131866.2179205083,135027.4701627306,109032.09473503371
2020-08-19,118759.39534890138,110292.43584573921,106753.25524523892,123128.02260476403,126933.13266911791,133502.74879886757,136666.88734228883,109252.84113731344
2020-08-20,119012.3683556405,110461.6919757206,106929.6498616867,123100.01436882149,127125.79235359441,138202.0427472831,139717.61351056307,108331.57748106135
2020-08-21,120050.08111075679,111272.6279239968,107714.16200380109,123315.2547416486,128761.5095924779,141232.01407609903,143525.26322235275,108900.41750472959
2020-08-24,121664.70909864745,112349.8231904977,108849.12858059975,123673.58115696447,129756.16242876786,144674.15861464126,146496.3004779078,109808.75659192768
2020-08-25,122087.19283202686,112592.61949931244,109031.95289260254,123360.28977663805,129094.89599086653,142179.56512325842,143794.74596335075,109864.29857138621
2020-08-26,121288.20281418679,112000.51849779609,108471.16102374413,125127.84673192467,130611.67500129504,140281.40587113774,143365.9291594695,110605.03910430305
2020-08-27,121612.87358232998,112224.52788702748,108789.96126675516,126778.54274098689,131800.73091114024,142240.91381718818,145067.9079629958,110697.45631949235
2020-08-28,122278.59318226442,112667.17315334865,109214.44601297803,125153.29461676221,130964.63727487485,140242.06747724535,143691.16459783222,111543.53863665249
2020-08-31,118131.11279358319,109611.09387963783,105837.11344705883,121289.88379991634,126014.25849889604,134408.97037990694,137518.38806512428,109052.68800642077
2020-09-01,120872.94497783575,111640.3282461542,107884.99882414482,121852.13470180685,126643.96420614677,135714.0558528171,138522.21592316005,109845.1455197056
2020-09-02,125024.89460676757,114334.36877352612,110483.85199304175,124932.45515274156,129548.66160744824,140440.72674127138,141940.74546987272,110465.22556786507
2020-09-03,125280.20396384488,114498.97061445483,110661.97824964512,125039.50782224168,129547.05881793369,140339.0302594696,141977.3645685796,110392.924668186
2020-09-04,123072.26205082655,113028.8557952476,109313.11978256382,124758.57712003516,129334.5608933455,139384.5850608692,141541.93822922555,108538.90365425825
2020-09-07,123108.82330239835,113109.64620161703,109352.72415409154,124260.2649385843,128732.19247583364,138380.22218868425,140728.7174185618,108741.92787248782
2020-09-08,121943.13420680769,112312.01221780188,108727.85143939509,125019.64093172373,129100.76230103697,138512.7929033925,141109.28986569354,108380.89097789327
2020-09-09,122948.71880795533,113110.35741869494,109463.89948515152,124925.67247436871,128602.49765553857,139518.88462276204,141266.39298232066,108004.05842690788
2020-09-10,123258.21407412666,113469.14031110276,109760.47689021844,125531.15192686954,129093.51877967788,140241.53360163973,141788.5819563403,109644.03847705931
2020-09-11,124250.82528144035,113923.48772394036,110409.43567712957,124200.42100114559,128167.80215845523,138743.60762010232,140721.38350797963,109789.60354024707
2020-09-14,128554.7702797489,116823.85438250062,112986.71200197453,127473.7640945343,130962.2211162438,142787.66193619696,144075.65488155966,109555.93256891334
2020-09-15,130406.0801512617,117947.2264482817,114360.6238780031,129313.79149272782,132539.57220003323,145036.13190224933,145916.20870205454,110338.81355635791
2020-09-16,132646.42326915328,119919.13391446236,115932.15400377598,129934.13544030939,132932.24533972825,145450.58510662406,146417.43383455527,111131.27106964275
2020-09-17,131156.25546267204,118554.41384289319,114652.77445482361,129557.58820507159,132685.52204171906,144442.24090620302,145959.9857223128,110284.22548865297
2020-09-18,133184.94757069953,119952.32823412489,115977.4104695027,129142.38524909414,133417.98954595355,144452.7800063515,146086.67594690475,110177.45283677924
2020-09-21,128288.61171295629,115916.66436587277,111735.57639757935,124818.20822775784,129935.47098387788,139144.7746008995,141221.89112637204,107741.18092217641
2020-09-22,126189.9861485639,114322.8349911603,110216.46168063616,125379.82805629303,129656.87781151838,140289.4552687365,141758.87003421466,106813.22117949692
2020-09-23,123480.51787945282,112910.89057544932,108900.15150733461,126428.09879568695,131325.55027184787,140821.47087655458,142796.31478451905,106604.44543451758
2020-09-24,122146.08867968284,111578.90492735193,107609.36787511288,124152.1977257758,128535.84097026286,136956.58895294534,139871.03498990447,103479.62692324276
2020-09-25,123599.53097937256,112720.49725940311,108958.1082190628,125944.04556887913,130859.19839124157,139503.56502870264,142384.7471264815,105823.00466677945
2020-09-28,125748.83575140045,114744.65973928443,110880.4322803184,127786.15365803133,132420.63931127737,142137.21634835814,144729.66285957518,107520.92082784952
2020-09-29,126475.27338399489,114736.28960826376,111041.93448983338,128903.12759926036,133095.86601394572,142729.30907291966,145578.44645716448,107471.60733101757
2020-09-30,127929.72575155574,115773.53556007946,112005.18571709355,128534.63063322523,132516.55701871778,141861.70925367688,145167.41813380955,107712.45134465552
2020-10-01,128744.02568600175,116404.97273369,112609.39084887784,128834.78899785347,132918.39140391472,141771.04238886258,145889.44856324495,109334.71856283282
2020-10-05,128908.27433759917,116683.90278199644,112548.6672200529,130294.2747808403,134639.39571326927,142909.7500451823,147259.3369515509,110162.12478418916
2020-10-06,128863.2844667416,117215.84880949925,112712.35419507493,130416.62586068167,134744.6417045847,142214.86305548798,147313.1852790261,111685.27870074975
2020-10-07,128149.94456635097,116561.64170579084,112224.87738378053,128949.18595397218,133197.69027383637,140947.30352059292,145841.62162746274,112417.3966195799
2020-10-08,127922.20225612714,116460.02615598371,112154.16613145184,129378.27476505798,133177.870845652,141509.46680784732,145555.52426887298,113334.34896878866
2020-10-09,126216.83938406453,114886.52668986046,110765.37296616822,128887.09724691583,132491.95179108877,141103.15254661834,144814.17309505062,114096.64603692217
2020-10-12,126479.64145224106,114872.18945258777,110980.70596424528,126664.25080979046,130425.6257608078,138746.88138058962,142701.52670636188,114257.0528447472
2020-10-13,127281.27561484648,115782.63534571853,111747.56131988134,126727.54488812436,130532.62829695619,139082.71976967857,142460.86775490898,114291.04764106507
2020-10-14,126785.39928679285,115267.02946741456,111001.93030039196,126471.46240297247,130782.68158703398,139304.12963383613,142123.43860643686,114641.06779011285
2020-10-15,125295.54216874592,113661.10257339031,109815.10440368655,123128.68251164015,127578.90156329994,135951.03149800687,139159.00630008293,111857.16985792233
2020-10-16,126478.79521835975,114512.10450818932,110764.45804742508,123908.38207894198,128175.58054232174,136722.3579656132,139752.63691541614,112643.4082406566
2020-10-19,126056.82987518306,114122.36793533518,110316.95458694096,123663.45343183086,127856.07049970696,136382.37168561207,139518.12328439794,113702.56825776341
2020-10-20,125424.69559483841,113632.78596416794,109949.55315717502,124623.19429095161,128467.55081645076,137360.77311247037,140100.05887585954,113930.01074647055
2020-10-21,126270.57901314518,114256.0201360591,110554.62002263108,127435.35899622086,130369.34606956654,140386.23820151083,142292.01844009652,114321.21743829243
2020-10-22,129223.9332169666,116248.57845158118,112369.26024069768,127631.21045071218,130360.55716710236,140693.08137239,142442.7659287972,113926.66270325684
2020-10-23,129297.6176428797,116647.08321095473,112342.7434699883,127011.53427973978,130160.9661097721,139988.0180613654,142156.8833578785,114251.30131799744
2020-10-26,127223.03979713992,114864.6185596168,110550.40250031462,126673.27087147198,129479.83083350188,139662.898122893,141588.47991406033,112694.161957195
2020-10-27,131482.5425346197,117907.90482712202,113500.49654818699,126401.90686987534,129137.18280205254,139471.1573792324,141289.14968460417,113859.15006649794
2020-10-28,131847.6731888747,117994.83114713452,113425.92895590136,124267.7998084614,127498.97767370733,137193.04881397967,139497.65075109666,112328.81375555712
2020-10-29,133280.4039574146,119177.94213006372,114481.285876217,125375.21451490346,128419.84188296371,138449.16315407524,140503.31685452038,111765.71590656266
2020-10-30,134121.30195927064,119789.28231476394,115003.37737445036,125162.7555058494,128246.64481542596,138216.72746020614,140313.75192425583,111493.74818394372
2020-11-02,132791.92984907114,118629.24258767844,114271.67013960179,123673.61579073632,127303.38066451077,136581.57203810086,139282.6085751271,111749.92025017177
2020-11-03,133455.07333127255,118664.40526440363,114739.82775911292,122146.55352444174,126177.14867800736,134898.2213587461,138051.29624541668,113132.28801438873
2020-11-04,135273.13205163772,119820.51102238927,115898.62915986426,122729.77523684352,126523.78883540456,135547.44387036643,138430.86750190656,114042.05796921728
2020-11-05,136327.5459626465,121178.12137143686,116987.45814991226,123869.31215915592,127515.30746931751,136807.2901962472,139515.59296444128,116070.36427177768
2020-11-06,136045.78067054474,121542.36976761257,117325.30254559428,125164.3392174318,128638.8833552606,138231.75395939796,140744.2336897893,117442.20159840073
2020-11-09,137258.49455228145,122623.88734197515,117855.59393443551,126712.76138409984,129950.55292643588,139941.40167405078,142179.1309023404,119333.56545186005
2020-11-10,129780.59391519253,117439.02003747708,112824.82472348608,123922.17182500436,128148.89870948627,136861.54496288617,140208.6302143681,120962.05180058793
2020-11-11,132378.47248814194,119573.62002964626,114448.49140058568,124391.99675472367,128751.50824437398,137387.84156899896,140868.03886031517,122092.56815769621
2020-11-12,134563.87203559655,121700.58181678288,116190.14539605813,126717.19130421366,130574.04644533439,139950.5543469243,142861.57150710525,121533.77226366906
2020-11-13,137161.77645353394,123206.1055352442,117606.59536409762,128394.53037493474,132540.927015039,141817.48325316215,145013.748971577,121812.93173274424
2020-11-14,138252.5900436363,124272.90363132647,118741.70369172684,129375.16999560683,133322.18941584075,142900.96664828178,145743.21427354755,121812.93173274424
2020-11-17,139565.12337920952,124461.58593134006,118872.96507597865,131530.19778506403,134564.6602677431,145277.7611296462,147166.537990213,123290.11084361057
2020-11-18,139983.6467500702,124567.26543377797,118956.72741800189,134482.51371927562,136986.48860512668,148517.38410279164,149990.1411300281,123903.48545326659
2020-11-19,139288.91996482562,123652.81420782262,118410.38160804068,135264.30848849614,138342.03040781585,149402.00193149748,151301.35907773025,122308.51694497977
2020-11-20,142465.5612126251,126346.40525739471,120668.4204511975,137230.5093464014,141814.74033711653,151610.06962902617,154620.99920191313,123145.02273629961
2020-11-23,147057.13409572933,129555.82733079875,123446.2302306556,139432.54788135976,144872.6012878587,154071.17663491014,157482.53955742886,123790.48431876626
2020-11-24,148517.56695078997,131217.17305919246,124848.37792597647,139901.31314542494,146920.05143507937,154619.52491363898,159326.23142043714,125022.98506482811
2020-11-25,143941.11089218527,127814.94656399114,121860.82644750887,138433.78724275742,146201.64614475064,153017.80632030073,158085.45681697055,123138.80360574902
2020-11-26,143629.15722866807,127951.17095021979,121751.56509508827,139168.9264634085,147417.30453855204,153829.34045539357,159443.36259079512,124370.34108798124
2020-11-27,146640.56359378295,130141.63532874953,123773.28940789214,142245.57402249813,149628.55994465924,157215.51390730616,162058.5613660575,124197.48666697904
2020-12-01,147285.8660485358,131127.97250523654,124318.38078594816,143472.09666033284,150357.65587535055,158562.28497224252,163035.0356734809,125539.15419637471
2020-12-02,147238.10903670778,131498.94025239738,124520.12912998372,144157.098674518,150657.56867953617,159313.49918287384,163477.06130173907,125584.16573823932
2020-12-03,147528.06934967014,132134.75960158987,125144.30221605487,143569.61909212873,149754.31131724003,158668.2686272249,162495.34554821742,125777.13647475177
2020-12-04,147049.6870284261,132368.04777947042,125023.29235952097,143044.48237291473,149282.03866642222,158082.50313349537,162019.2854493759,126970.8448094996
2020-12-07,146796.80697324366,133655.78449057456,125551.85675253,143989.45014753714,149059.77159099554,159104.59575553602,161984.5536999785,127901.68499159202
2020-12-08,147110.2206370189,133164.37723864368,125233.9018949441,142010.5877123931,146938.28950919094,156907.57305430438,159862.1952761278,128257.93362326639
2020-12-09,146933.75463536225,133200.4315936932,125173.26191619463,141637.88143754486,146500.66301607023,156490.89141786942,159359.5017855343,129561.77200517769
2020-12-10,145692.52456825247,131813.16593014184,124287.1800042342,141129.28454181674,146263.00254732548,155929.05086473035,159070.1037967314,129075.28636290562
2020-12-11,145085.16352927516,131722.05670500788,124399.68539051854,140934.53484667058,146971.77428495913,155711.58828353154,159873.49826968598,129415.7299861131
2020-12-14,143902.36303331045,131282.00076144043,124292.1094685042,141530.8999406995,148149.976964057,156381.13778132774,161087.04380957384,129839.97756249923
2020-12-15,144328.16666017813,129793.31895146517,124291.70348130654,141195.65347501077,148047.30455524533,156014.36648226503,161080.41798901663,129932.86238148934
2020-12-16,145852.27925255784,130187.28410758104,125082.30912304933,143417.34611131213,150105.32183665814,158458.39659605522,163415.62026904535,131032.73198549343
2020-12-17,146371.27028899852,130010.86916687049,125435.4836593538,143100.57128646318,150654.28176772402,158123.27766243927,163971.78068953153,131588.17048423085
2020-12-18,146799.00470258156,130027.10643006884,125555.83326084225,140828.45842132383,148109.2479150425,155614.86903889518,161275.12913453506,131778.2607813304
2020-12-21,143548.76730441928,126590.49376388596,122223.40521085588,135389.34884050165,142218.38250868916,149601.96795164963,155089.2788955134,127639.7707506902
2020-12-22,146119.71440897151,127806.69316144701,123102.49849083665,135862.06724619208,142099.60753527773,150119.27788708467,154990.05550511158,128960.36805282203
2020-12-23,148366.00014970105,129218.86357461713,124431.61100586106,141978.30664083827,146770.5298374706,156870.27322961693,160114.26136258335,130251.28186567931
2020-12-24,148817.90776112728,129837.47912211959,124804.14310984727,141419.77366991967,146678.21767464682,156251.13056468646,160037.69973733614,131670.04790975022
2020-12-28,149471.62240376172,130650.81512201315,125487.44522287718,144054.72553946654,150633.88023181632,159163.72767154107,164266.0891703943,132857.06015807067
2020-12-29,149575.80330535062,130765.56410458028,125659.47718551905,147545.01212246498,153720.24517389733,163019.7566626436,167493.27161475606,133425.9001817389
2020-12-30,149440.37719892358,131427.3950871995,125896.62762155035,147916.31023689263,153898.22598777385,163427.16945099866,167709.4401018554,133898.50734320332
2020-12-31,149636.3031734739,131645.2290590539,126263.06574272813,148467.79818641918,154188.94939572786,164036.74492401688,168113.01129695593,133896.59016762004
2021-01-01,151015.46678280225,132717.87631573234,127330.07140876309,149473.52458494302,155433.31688962877,165148.90273335073,169438.25992325344,134248.5274922511
2021-01-04,152077.76786034138,133585.05196761386,128023.92255736118,151039.18994058366,156845.70158684914,166876.93701775078,170940.59357246,135344.08578921185
2021-01-05,153501.13697502462,133829.76550642363,128333.66472044989,151464.96476828988,157578.35966700997,167349.42272863243,171705.51133858066,135981.8786693455
2021-01-06,152759.43120390805,133480.2896057261,127991.16133186949,150303.34460054792,156816.98785581932,166067.60331032012,170940.31202855014,135471.9286683495
2021-01-07,150986.6122308914,132281.16641891308,126811.21719685067,151475.7080610691,158313.6528071722,167367.25072395283,172627.66744881906,135386.69384754042
2021-01-08,150864.4951635486,132935.46773919262,127590.97512411338,152355.9881585328,159441.98906884226,168339.50984245262,173820.18637296854,137396.81036224987
2021-01-11,148851.8476270736,131489.0652625605,126205.77524033008,153813.76028411664,160694.595126273,169947.71327971428,175183.51159930122,138713.58266529118
2021-01-12,147339.01673636664,130394.04080233217,125191.3508532715,152818.88981667574,160325.43635930817,168849.5619408488,174736.45429842136,139467.257119338
2021-01-13,146689.34044668762,130073.11333977655,124555.8821897744,150987.9106901785,158564.83834350776,166826.24593371153,172787.97976524846,139480.6586442688
2021-01-14,148360.2907651791,131059.28243728989,125538.30033537981,150994.2277324005,158755.6902005409,166833.71898659714,172970.2809757432,139775.13681385806
2021-01-15,145934.1129327205,129453.79253381719,123770.87494890604,147452.1039604549,155455.52633044735,162919.61599185213,169451.77616662663,138224.70289155905
2021-01-18,144015.72063703687,128043.52604944445,122392.9933243497,143839.2939289289,153239.5210801208,158928.7553872031,167067.2342145128,136765.23661266683
2021-01-19,145914.7898743391,129400.9004435238,123555.80177097344,146047.31607081968,154483.09837523094,161368.82775854677,168423.43087156798,139062.17194670852
2021-01-20,146335.88318799646,129631.06388721576,123559.87347258397,147438.5492227182,155771.20341627894,162904.56602611116,169821.85222521127,140245.3498438624
2021-01-21,145958.71157799935,129462.63543729638,123556.72993319955,145279.5812401982,153610.77740067602,160516.8445048034,167503.81143869527,139724.8600531965
2021-01-22,144767.1634490447,127986.82723174815,122232.06458890787,143036.73921339697,151212.98451644595,158040.4064564056,164853.25834222275,137632.87546504367
2021-01-25,143982.08938694137,127074.65966488932,121568.37487340783,142628.01770090137,150560.54585970088,157587.99497116596,164225.05038030294,136359.19752828372
2021-01-27,143092.28974423808,124937.03510718151,120118.34516116005,141985.4327654944,149647.6054987575,156877.72435166396,163230.0220140165,133760.12467439577
2021-01-28,141244.29079806924,123883.76374984787,119258.42183970101,141691.73331841172,149607.2917560731,156553.1709561463,163190.09486746092,132324.12275422754
2021-01-29,139147.04163613322,121972.18980828184,117162.50336341019,143650.87611643062,150844.36275024642,158717.62205397247,164535.22356956505,130572.09548132938
2021-02-01,140485.92709766162,122526.86781649364,117816.4085586476,143797.62821412535,150987.8098780426,158880.04557764894,164697.9678416487,136764.28270091323
2021-02-02,142397.4666175855,124445.93828897018,119741.8673980658,145774.6931306845,152360.48271987317,161064.61635027043,166209.75941825396,140275.51028901374
2021-02-03,144351.8469236955,125024.46446129026,120262.49626411566,146287.42861779872,152698.73273391643,161631.1901079741,166586.84697139653,141636.34022216604
2021-02-04,146491.7252217848,126702.86386564028,121461.02388977891,148664.80995578525,154039.2210369612,164257.9820733785,168095.08068169278,142648.580873901
2021-02-05,146639.80355855727,126438.73036648134,121048.19650953331,149708.37013808632,155105.59553433643,165410.84968852974,169260.837800265,142922.4657721032
2021-02-08,145467.97900292042,126466.40669588033,121202.30436893854,154105.47940031273,159791.46297301655,170268.57071874032,174370.353752904,144756.84742639752
2021-02-09,145780.1361716166,126686.87176967082,121554.847721238,158175.0504476287,162768.6104748717,174765.0934400767,177624.42592704485,144694.60000843558
2021-02-10,145611.41909716025,127065.38110986164,121912.4731027545,158423.5767322163,163715.22438295075,175039.74105820613,178652.50646842996,144667.78760649794
2021-02-11,146051.2504564285,127435.43349227658,123081.86918023786,161616.51219398194,167376.45602991298,178567.2885634408,182633.76919697056,145307.4976622148
2021-02-12,145428.8952055925,127618.28414170272,122897.91610269633,160904.04571785012,167915.05796928384,177779.8348921103,183208.14568857555,145211.7324038118
2021-02-15,145496.27879232695,126775.45634442323,122095.95217467121,163173.41389231195,171226.09735997365,180288.3400889104,186804.10103970894,146661.62215686368
2021-02-16,145631.24407538268,127553.54621988717,122741.64761671395,163229.22307864972,170963.78550633934,180350.5482544794,186515.7349770969,146649.6514995633
2021-02-17,147462.9962324113,128594.21649848374,123745.42704165648,163128.5524929782,171694.06457270263,180239.25809932707,187309.5393595898,145648.42759337512
2021-02-18,147006.15077979275,128210.37389642015,123227.32046585568,163782.88215475556,172547.14220666906,180961.60458351552,188251.0717910077,144787.0172236249
2021-02-19,145533.7193761343,127137.15485658753,121856.68336755979,161006.08495058064,169798.99990706766,177893.16874855035,185263.484828648,143473.11600792044
2021-02-22,144799.03769823964,126239.64319213957,120955.59690580769,158867.91536372364,166436.0965847947,175530.9758267779,181586.4494228599,140542.22214491174
2021-02-23,147191.15545640024,126660.8105543661,121642.550901713,161527.38816875583,168793.07761369814,178469.60598865125,184144.7467386333,140849.62488355496
2021-02-24,146954.60725795836,126630.56160160786,121494.67385842999,163239.4690365183,170276.40642561458,180361.33318327332,185768.90726665367,143475.51013938052
2021-02-25,146126.6584559149,126231.31604236549,120965.25673827692,164296.8104401916,171620.50002519498,181529.64265076086,187236.7485625983,144580.15865422878
2021-02-26,146299.91669591944,125512.4285944486,120192.6797473047,165174.14556592802,172258.0189712672,182498.78261059,187931.52391567716,139138.7841534309
2021-03-01,146612.1968121238,126535.65052168354,121349.15305192066,166952.17565854496,175754.04736931363,184462.72337226296,191745.33579077348,141364.36314747113
2021-03-02,149083.97013501343,128209.57488206337,123181.32662156658,168971.48281165012,176948.33013948065,186693.91346661284,193069.99483299657,142873.14292319524
2021-03-03,150492.82227434203,129359.3583912866,124089.1110653581,173208.12645950532,182173.82077774362,191374.71309338094,198746.65533582124,145999.87861005333
2021-03-04,150658.10570126824,129281.48663252394,123931.93879613001,176110.26621471843,187269.85201230034,194580.7943236369,204292.1404421999,144421.1920661102
2021-03-05,147969.411882292,127484.2373920298,121882.23948528862,173882.39177191796,185373.71704946968,192118.76650164262,202216.44851514674,143055.09691416094
2021-03-08,147890.17197896168,127628.01802705615,121855.30448626063,174291.28358481862,186010.0093833045,192570.6713624365,202919.47545000608,143228.437643116
2021-03-09,147793.64995366856,128280.9931366386,122789.41600495428,174822.7121261645,186387.76302617515,193157.86952196754,203335.7375053782,144590.2214880219
2021-03-10,149842.5978570934,129064.57718487098,124448.92585184777,176169.61036905955,187759.88466627366,194645.54660831127,204837.77341443335,145321.86245097526
2021-03-12,149318.72254838972,128332.7087312487,123206.2893266094,175950.66120269021,187154.57060742134,194403.81481815534,204175.80964294967,143944.28294967845
2021-03-15,151912.86790977098,127771.11483500816,122611.2948021723,175534.32371485885,186281.87867156375,193943.46009108657,203222.65108365603,142972.74253276477
2021-03-16,153671.8416716408,129258.4834845525,124476.87880734711,176122.84621341102,185823.823580147,194593.64207356048,202722.3819608243,142790.31158592223
2021-03-17,149537.60686366013,126862.59592464985,121626.32942230241,173116.2044564232,182459.28974652904,191271.87201837523,199048.0305352959,140978.90798239902
2021-03-18,147313.4892050458,124035.73006905126,118894.02195300875,169965.65972045893,179374.1498413575,187752.53274269265,195423.01795895086,139413.6229633867
2021-03-19,150937.76838278022,126721.25226177029,121654.80593896974,169715.43943921005,179428.70976737843,187446.2512020601,195278.4930090753,141196.29698938905
2021-03-22,154793.1990216151,128655.11499914818,123534.8310717402,169617.81818477588,181043.43704755558,187339.12156030128,197023.60794796687,141123.51913383315
2021-03-23,158342.35924344813,129883.13117751044,124581.80793340623,167165.2585542655,180559.16746650828,184630.42744097498,196493.93743358226,141873.83619259027
2021-03-24,156345.58279321724,128956.89809239996,123634.44411111844,163701.65335657285,176647.28956331694,180651.80104416696,192113.63209464512,139332.70880169698
2021-03-25,153675.62007050225,126086.36989499931,120734.00409953122,161740.1834523014,173858.70240793456,178083.1437148233,188821.14324239845,137182.77875054957
2021-03-26,155134.47066487957,126871.86882704485,121706.74777022912,164504.4393292039,176491.35459804483,180975.961603867,191566.4591085654,138929.53145257474
2021-03-30,156047.07303272575,127183.76037205773,122488.64687185135,165696.8894721293,177536.8533871285,182367.15777201994,192765.60608126892,142164.48001101302
2021-03-31,155412.87512982904,126952.77415841709,122080.74605716717,164573.60385008156,176499.2892955107,181390.36903878834,191690.2727256463,140685.87003251622
2021-04-01,158791.7934976706,128548.14665947214,123736.62132950332,165002.84411431703,178330.4094350332,182626.58546004313,194276.25937908937,142377.5577109597
2021-04-05,160974.1886474667,129080.2461406074,123972.17621063122,161509.28334708876,177030.8085332935,179077.9542202651,192847.68806208187,140179.26807473393
2021-04-06,162948.9115397723,130682.16324208572,125921.48091633811,163926.99113520773,179874.54183968998,181653.80504814698,195599.65774784735,140616.91717605086
2021-04-07,163816.23770476627,130920.11422715358,126496.31948388164,164763.77877312692,180799.31491561595,183423.2625674775,197222.43484769337,141915.01338328837
2021-04-08,164532.3578580859,132186.65258436897,127120.5368331295,165079.28362222304,180494.49783255972,183972.55377406097,197105.60798545717,142439.32817304484
2021-04-09,165419.97490034788,132479.32855506588,127536.83030388305,165545.71904109174,180578.74665890154,184239.3287630363,197029.89284757175,142066.32062114993
2021-04-12,161066.09981957308,129056.10331748049,123834.2121832097,160946.16578451256,174953.43604260264,177505.57584460685,188557.8721552693,137047.7441249557
2021-04-13,159029.78799334366,127757.89489345253,122683.63418384086,160722.35351617885,174931.4133182601,177542.57751021834,188726.75060652968,138905.59013797398
2021-04-15,159411.49473882848,128586.91166213526,123507.77518978319,161686.91380512493,175787.6686518768,179337.48199988986,191376.494458935,139639.63458446343
2021-04-16,160880.06015602173,129546.52557583664,124311.5213566992,163953.97130079893,177869.59094017616,182774.69045344074,194167.69567412036,139988.21451380473
2021-04-19,159105.25001157424,127897.01291931253,122597.10472128441,162510.70227286709,175795.2203117341,179265.60717939318,189430.42565478303,137513.64584791672
2021-04-20,157650.08385272918,126633.36634319923,121450.13672950215,162222.48096329902,174989.64014312488,178985.2335782926,189208.94647232682,136909.847764101
2021-04-22,158921.74722480687,126532.47836752041,121556.30919879576,163578.1626141902,176692.94457473326,181707.98705714877,193536.50219284437,137960.87147507397
2021-04-23,159613.98346256284,127220.68340140798,121890.37104519288,164255.91429071294,177419.22603520297,182776.8498548436,194016.57976184876,137340.30511896167
2021-04-26,159557.20200715997,127874.92854692461,122560.03094136727,165447.5760469056,178739.82267356385,184863.99393062448,196156.32280897268,138715.97679675123
2021-04-27,161876.8329569682,129410.50063435885,124634.89269586369,171141.4684661385,183070.43345250492,190740.3653549892,202483.84385001904,140325.31009379853
2021-04-28,162341.00252391596,130996.50089084651,125654.16749387234,169860.49738831908,183194.45871048872,191019.33987789735,204329.69400236083,142350.74530902205
2021-04-29,164067.32782251318,130711.19206261882,124988.7671054803,174174.56916021244,187839.8482728924,195524.15427898066,208379.23499283238,142641.39847952078
2021-04-30,165292.3145907885,130728.51717868634,124976.9111307828,179289.09757102272,190895.53936603476,198804.91620109344,211536.16476906376,140115.1034811887
2021-05-03,167074.05600932395,130649.65576517757,125132.47380141856,183888.64986857152,193393.28499649154,205118.95836537925,219649.25058005907,140144.31936666244
2021-05-04,165494.49007036173,129889.34437044337,124301.53548375187,178336.39867139334,189602.97621294737,200068.02597024225,215228.27307321996,138826.1068439147
2021-05-05,166914.46022374523,130850.80511960793,125138.40567077392,179649.68895325786,190855.5861092095,204357.16561604882,221667.67777008138,139988.21451380473
2021-05-06,168900.8782017778,132424.2798050789,127832.5925368261,184387.113559309,195067.4614728437,206491.88315903675,227138.1791716413,141012.42582284007
2021-05-07,169557.54425775923,132690.93392525078,128718.53199864348,184756.2250565112,195118.14182053183,207648.08180769908,226727.01463968653,141954.28275047924
2021-05-10,172255.52535081937,135776.13893238254,131237.96293809466,187057.58413344002,196738.66869717985,212196.0403374756,231960.30745062203,143095.7971489822
2021-05-11,171128.97794660876,135945.03089973063,130256.32177825554,192478.42442118845,201247.63960545487,217867.67900988675,237621.49118727542,142218.59112284108
2021-05-12,169675.89904156202,137445.00103244692,131031.51451017668,191886.60013254854,200170.8615653939,217374.73391511565,235709.60994977553,140741.41201197475
2021-05-14,165713.53713005153,140742.576841327,132449.56167363568,188727.91152142524,199294.41682347958,214521.25039531983,234085.20117916074,140562.32910834596
2021-05-17,168773.3659931626,143869.2189009394,134136.99801993693,192226.34242929865,201746.2110738993,216378.40791601493,236638.3512591873,142911.93533450927
2021-05-18,171273.09635157432,147249.2029543611,137605.8926550975,196614.52466614675,205618.0647912635,221964.47452050872,241536.30765987092,144683.106307012
2021-05-19,172298.5793778241,150014.26265828797,140383.9332959512,199624.0917702812,208457.75252376258,228031.90025647855,250428.74458018466,143936.6235994214
2021-05-20,170977.0134540275,149638.30309385166,140528.78835436483,203444.08540705778,211202.29471076725,231354.25929101123,252932.30515974003,142748.1711313945
2021-05-21,172317.56059587654,149551.72331319793,140288.4753796415,202854.1936262001,211353.065354002,231177.9117728771,253409.76715888153,145326.6507138954
2021-05-24,176704.39517469922,151233.46805617362,141691.81717584454,202194.71917659964,211247.30953383268,231765.2819017913,254862.45608765326,145541.16863354854
2021-05-25,176778.09864905113,149741.43739398287,140218.3599967281,202106.80395472446,210575.04656185504,232356.77247014004,254213.1236062631,145644.11628633176
2021-05-26,177559.4488162212,150226.27550526496,141107.46881879502,203028.06220997285,213079.2391733777,232448.92602554188,258015.61604722874,146534.73318947968
2021-05-27,176941.40641719257,149118.72745473465,140181.83654204058,204354.64611508406,213570.58745953915,234073.4884760435,259391.45962383668,146883.31311882104
2021-05-28,176193.62251924432,149453.99820137103,140341.98607630125,203379.29680191938,212964.7334702157,232787.24825064532,259485.8060704382,147819.9048276632
2021-05-31,178785.63512709763,152705.35506591474,143425.85955393608,204148.4951909038,213883.69313965933,234449.26434193263,260404.87012656868,149229.0849938178
2021-06-01,177214.37434124257,152995.02609987618,142037.6387485178,202026.25943163052,212327.20398426076,231949.51023899807,257640.69997947363,149152.9497429722
2021-06-02,179712.77737052346,154144.44263143858,143285.59015846028,204174.6243392296,213840.80108714438,233768.47814651742,258351.6673126389,149165.88366410224
2021-06-03,179805.3269501637,153634.3395132197,142576.57744378614,205231.89889456826,214315.35494128146,234274.806545136,259916.32552607672,150259.03847752692
2021-06-04,179900.44936037692,153360.8464269838,142282.94130770516,205810.72150595818,215396.4117638801,235482.00023807422,262847.2500140909,150066.5540489673
2021-06-07,181583.0111519412,154014.30095351994,142881.44737357696,209242.3220272434,216680.47603863798,241408.59014375063,271338.6244040488,150846.08699319814
2021-06-08,184985.38501813856,154853.09467545204,144632.12525376113,211897.22467327915,218913.82480489268,244274.91291429114,272559.14502534614,150735.47063808187
2021-06-09,184755.5205937037,154664.48364024112,144855.55122394612,213667.0485720579,219811.29836620588,243829.32887903575,271540.6155572956,149732.3295563104
2021-06-10,190664.21864003412,156788.0605956216,147544.87274585292,216061.21689476486,222678.73183965808,247318.79054233702,274728.4488391458,150712.96954318756
2021-06-11,195743.9336375285,156645.55319802216,147779.32161206217,215886.945536451,222610.22687203658,246364.12633100647,272546.90001845476,151302.87979411965
2021-06-14,202787.59863103688,156120.26756977092,147389.26602539478,214666.42088123315,221464.09397452298,245458.42341690825,271242.1181897474,151422.5863671234
2021-06-15,200274.4047217289,156763.22778843646,147636.78055057183,214910.40036191014,221584.72838565888,244665.8439167966,271247.0970985012,151972.28269118705
2021-06-16,198675.26017729985,154976.43278970508,145799.12767199986,213944.69334510385,221190.16045085946,244941.7341280688,270360.13737188646,150998.3481428133
2021-06-17,195241.27898375498,152592.07186803114,143812.20184554553,212106.58433918506,219862.10776433066,241973.61233093438,267136.9413318292,150269.10131132006
2021-06-18,189728.22914411683,149976.91866500006,141117.8770890743,208659.40549261868,216748.16743116523,237390.25053002022,261869.49638823682,150192.0027966448
2021-06-21,191888.87522330502,153684.64042549086,143484.35317165827,210291.44150170631,217485.93084152025,237125.13262506528,261545.82722253236,150796.7641442902
2021-06-22,194118.7429528237,158326.69942292853,145671.82714195934,210707.19327437115,218193.4302312596,236979.35699274996,263353.0212346167,151048.14794759807
2021-06-23,192502.21689018386,159504.12539319097,145561.64654276634,209938.6877195556,218047.0319988451,234373.31577617495,260326.47535409668,150226.4839009155
2021-06-24,192161.96070777983,157717.2637621119,144371.57652566742,212661.45723076595,220163.25900530152,236846.7071118629,264689.4919665472,151217.6543253866
2021-06-25,192255.7020378911,158031.74641346428,145303.45503482336,211532.8014389671,219936.54483105993,235966.1438136323,262874.0445006238,151887.04787037798
2021-06-28,190220.98309562722,157953.21727793707,145185.89211830485,211540.69612331243,219103.36966064284,237543.1055804951,264732.3992299401,151449.88507701387
2021-06-29,191581.3382643134,158892.75671966292,145917.93339202204,215059.14663139012,222213.15413318676,241033.04285060114,268169.67613869463,150815.44024009397
2021-06-30,192540.5290334794,160683.93293384963,148304.9548631469,215768.3515317237,224095.2045189878,241850.52893891948,269086.15092785377,150557.35099828267
2021-07-01,191254.93734487277,160328.1352224364,147910.37583803645,218388.66105739775,226826.98551988168,244075.0714734468,270841.4005295735,150159.9251759102
2021-07-02,190197.26304007595,160322.59309132228,148105.8792469116,218423.8417638441,226338.95028255985,244499.6923344716,271911.9440075324,150564.0564367861
2021-07-05,188846.280451065,161323.46694680912,150156.26630148562,219884.93104746484,227732.87117215578,245574.62152266543,276298.60458600416,151638.05819853017
2021-07-06,192288.5744630252,162441.86264884684,151319.15272577686,218209.75899901194,225728.17779691034,243085.63901483457,271933.7521669051,151483.87987333175
2021-07-07,194295.05305847534,163381.97439702434,152491.95962646624,217192.6934051109,224724.76442397872,242911.3663354207,270846.2893625142,152071.88230075658
2021-07-08,195630.3555190874,163125.7942982791,152262.6544265411,218129.29752398795,225209.24824525966,244205.6238774818,271529.7413623879,150618.644504491
2021-07-09,194454.93732382308,163872.94209453455,153142.962370285,222731.0771602482,228971.19184330816,248141.46923532023,275789.33291606774,150253.77325872995
2021-07-12,193337.28137609962,164536.6918956409,152892.62940996248,224213.50348174627,231822.3068350618,248823.98024435475,277861.3635511538,150280.5856606676
2021-07-13,192589.60268482054,165540.65237039432,153532.31503574012,225722.72235239984,232828.7748603524,249334.67525716848,278276.6625399982,151427.37463004357
2021-07-14,193608.01567553647,167148.9619063169,155244.11576429565,227364.04042971483,234300.8747966686,252084.27035151247,280426.468195638,151825.76371624568
2021-07-15,195555.1363311212,168423.42317011365,157609.93583887038,230543.25379810054,237707.42567692098,255954.3133986221,284150.02957026195,152498.51465652676
2021-07-16,197053.12220397807,169246.56877885901,159320.63441394284,231270.7619958593,238347.0595319997,256217.51328519956,283903.1412483355,152490.85530626975
2021-07-19,197759.9421804307,167867.95829182467,158416.11501645375,234622.0207522031,241272.0750683922,256197.71046284089,285804.2148491281,150853.26938757836
2021-07-20,195934.9984300588,164856.0240994541,155582.28035865483,232121.19449321428,239600.23472497452,253612.79303389668,281902.0444974002,149701.20584732943
2021-07-22,200502.25131780774,165234.9774095325,157519.86667491798,236301.513625779,243668.07206071177,257872.9929906214,285825.0913337076,151539.42185279028
2021-07-23,203384.5572794486,166298.11767572115,157850.90351281012,237808.39665366724,244951.51962998777,261362.1685635721,288807.2425874227,151845.8706796799
2021-07-26,203338.544445589,167889.03936920787,158373.27703788356,237619.404976681,244395.84207962366,261936.6861080408,287622.48243022605,151543.25620395681
2021-07-27,201745.24830034524,166784.70164288412,157800.0554622657,239750.06557441637,247000.04757010596,265536.36106496654,291288.87669795775,150796.28718841338
2021-07-28,205866.67140057366,167956.85765626415,158990.1532863992,237479.89922910006,244800.42669629276,263621.253314021,290078.7353392715,150441.47877644544
2021-07-29,205894.7568322375,167868.8641100088,160095.0370387865,240985.12613169206,246983.0763431919,268398.314464721,294671.6511447386,151102.736015303
2021-07-30,203728.8995071418,166856.19266433848,158767.14893464465,240597.45498787024,247265.58809360792,267004.90127021266,295601.8783963701,150955.25377653196
2021-08-02,205057.1291517138,169045.42824065723,160627.5311343564,238528.97744138783,246263.11431920127,264361.45119402825,295356.36434738286,152124.55319287826
2021-08-03,204689.80574351383,171240.41131332787,162405.10593792284,241125.48845908823,248444.80358555185,267035.6431814692,298177.6556465752,154476.54419842563
2021-08-04,199863.94131061633,168492.68699196193,159410.57665348408,236859.76177236062,243282.48084521704,262094.94822722973,292784.58809792885,155702.81646186087
2021-08-05,202220.1631943148,167243.73126890935,158940.43520782905,235490.2602630906,241967.86770692864,260808.52865775838,294936.40522208,156045.65421652843
2021-08-06,201878.92580668838,169575.7883744486,162224.5084327291,236680.92124037404,242241.37856701543,262351.3386494241,296804.03883636225,155505.5437703811
2021-08-09,199397.3285501562,165645.7636111859,158863.4932000155,235235.78177435452,241277.31438327764,258839.4496328959,295527.2608351147,155697.55124306394
2021-08-10,197352.2662525558,162227.52091957873,155479.52354145254,229161.7751975404,234681.4674886146,251530.38752609212,283911.96683195606,155906.79459184405
2021-08-11,196844.47309625955,160802.80307528158,153722.20979743134,226508.807292002,232195.2680162639,248898.2129626589,285970.6534400012,155927.38786323112
2021-08-12,198861.03676193522,165288.41068461916,158684.45215614865,230107.54929394394,234438.73663022212,253159.26518955236,292008.3530666003,156714.1032018422
2021-08-13,198345.29375655265,164250.08436366075,157395.0754535978,229518.47968802485,233329.70606586395,253021.69878197907,290539.7023439048,158291.34952607885
2021-08-16,197427.98516254144,160924.70124814537,153700.85883883742,232535.58684006782,235886.52328662452,256575.98263480945,292681.6477143796,158616.4838008483
2021-08-17,197166.40482612586,159930.61231861415,153297.90233769245,237627.23372683403,239992.68669757425,262392.3794407781,297827.6105196711,159110.14248542456
2021-08-18,196967.0222319023,159672.44726304672,153102.05700174265,236045.91892288867,238810.58550199337,260240.87010003833,295059.2916546074,158672.01642823083
2021-08-20,192204.43420174796,155790.49390107757,149391.37508518857,233356.24252770073,236474.45739543895,257093.2682594514,289948.6776089511,157538.63833586164
2021-08-23,190424.82709694194,153684.26832025617,147690.36598704808,232904.5833101028,235908.03417880155,255924.21486276822,286537.39030610747,157978.67221656264
2021-08-24,189028.75189666988,155009.3069087822,148410.2894664662,233018.581647967,235604.50049008455,255257.35461683688,286102.1772913695,159205.90774382756
2021-08-25,188485.7322569269,155924.7512715026,148295.27317824727,234840.76577462486,237543.19339773382,256954.72579681868,288444.247299551,159302.1593101834
2021-08-26,186309.38293276788,156231.0074172612,148159.35685497403,233110.83933933364,236286.64775007934,255073.46322839064,286720.4366023888,159323.70649332405
2021-08-27,189207.33923261566,158003.00001472613,150409.8753583166,236287.4811235412,239740.445843373,257933.42558202322,290539.82966075884,159977.77198572535
2021-08-30,192853.5900465737,161339.97818806983,153720.8069920698,236334.81995680774,239813.031950411,257594.07539210434,290351.6579690437,162140.64531007883
2021-08-31,193853.37632593265,161079.1837176833,153067.8290908824,237526.76820007875,240396.32144712243,259725.42094369268,291505.7200986711,164066.94851953362
2021-09-01,193594.40188188537,161383.87466234376,153623.80790444044,239872.52317391807,241970.40648362186,262763.84689008305,293589.6370860716,163531.14938042962
2021-09-02,193477.30816130916,162393.4880761603,154794.9180178254,240480.02716371656,242532.86755550292,263745.2126360638,294203.6084983001,165043.28655144348
2021-09-03,193162.0931476833,161579.52157518174,154806.0944710888,243461.68519256567,245538.28999338552,267420.11737249844,297988.14172652236,165899.89930619753
2021-09-06,192282.31827808238,161969.5788304865,154568.55873199215,243296.70050808988,245104.53487192065,267170.39474696346,298470.1942960281,166418.95822923302
2021-09-07,190668.85939724182,160466.74065472,152987.26123572755,241493.6616483179,243467.96953717354,265022.82744907174,296360.03265716945,166268.5955510491
2021-09-08,191077.7982607194,160090.3065136136,152670.45523817363,241901.36237261223,243785.87124367728,265358.17569681135,296548.8602102246,166186.24116965293
2021-09-09,192413.53363114738,160240.46273708536,152433.71062355695,240860.4772275873,243084.1014288722,264190.19933325326,295656.08625437185,166337.07145163766
2021-09-13,194177.76351067337,161617.9654393869,153358.66046268665,242585.15062178153,244705.60679192914,265752.2124797447,297777.40887472464,166203.48639782626
2021-09-14,195938.42187834496,162011.417941139,153793.88308499652,244145.84887276794,246313.34184370883,267633.53704503324,299547.6700898192,166440.01910442088
2021-09-15,200482.70950145493,162601.78797116602,154675.87222148874,247854.75077465663,249206.79289957974,271949.89100151975,303058.0387745947,167775.45815118996
2021-09-16,200133.38099842097,162348.38584170537,154342.42239817145,247449.18737440405,247653.3069100655,271130.4042720004,300541.82145058946,168829.36230157583
2021-09-17,197662.25452820383,161612.1358391696,152767.00736181063,244884.96100923998,244935.5471942172,268095.239390298,297471.25156197173,168404.64712138893
2021-09-20,194383.10276299322,159419.2390504533,150648.42166464773,242718.11410361854,242302.61193554397,264388.7497774306,294440.0632229071,166601.86613195235
2021-09-21,193046.5591693671,160308.54857912,151500.4579227595,245528.04643192337,244771.34394875637,267178.39515508356,297356.0980021421,168182.94680735556
2021-09-22,195993.07706677448,161215.33884400368,152521.9720118025,248478.0669060969,247879.78199870972,270815.29698918667,300867.269015192,168035.95087653736
2021-09-23,196598.77232650475,161651.03232739342,152976.94854461364,252690.1300335492,251135.8088969126,275724.62818534306,304845.3549121323,170681.93374372114
2021-09-24,193337.41988891477,161288.85652138913,153143.2897242339,250086.5792792861,249293.90521867352,272825.1828317654,303006.1261463056,170971.62365039022
2021-09-27,188344.7378339099,160510.01139620176,152152.23042455057,247961.47793127736,247229.55186528448,270454.2970178538,299941.2245097096,170989.8227903172
2021-09-28,184910.97615346586,159216.30474253962,150914.7614517238,243945.60800803348,243664.77717565073,266453.22170248046,295812.2159425201,169969.9227883252
2021-09-29,187850.18018589204,160542.23671291437,152582.8690413984,245038.10862014926,244519.9981616342,268037.56941581634,296800.1343381529,169612.72959697322
2021-09-30,189716.44777609245,159909.1107736048,151591.5669505193,245415.64774362667,243584.75267243417,268734.5996756424,297938.1127515679,168720.67247411885
2021-10-01,189352.84703117568,159323.47829056473,151124.45384587508,246263.1949755432,244857.0087146325,269723.70264995657,298598.3030926507,167896.13734009938
2021-10-04,192624.76730099088,163381.24724233407,155425.01340925234,248593.23976002436,247067.2691000441,272332.5216491479,301023.3045574496,169420.71277221438
2021-10-05,193423.1439879732,166350.83833519756,158701.37064518488,251385.14522755792,249516.04717345402,275805.696406717,304327.410749314,170675.72396524658
2021-10-06,191036.8792379913,165433.19262032793,157733.15827059653,247196.924852857,246268.07372031471,271294.21857255744,301450.84190299734,168987.37497794078
2021-10-07,193679.83042649715,167912.1240555516,160929.46015168366,254760.1880672411,251894.8976540233,279580.6031450648,307831.7302331706,170369.74274215774
2021-10-08,195575.00169078817,167249.40631580818,160501.73792255056,260021.95611110472,255780.5359869476,285255.685820628,312073.3430699954,171373.83773568284
2021-10-11,196314.66540730948,167690.49989763327,161131.88558018758,259948.84489360818,255739.87677144253,285526.3487628944,312024.77799222455,171859.8464220781
2021-10-12,196982.5977665485,169119.76599227253,162385.03704311122,259167.27091875186,255164.79108381705,284786.1808381217,311290.1949410697,172300.3666107319
2021-10-13,198980.7777114552,171595.6221321596,163824.25344345122,264156.37826158415,258295.45871819573,290913.594043358,314351.02133698034,173926.46818007572
2021-10-14,199607.29580079927,171193.7740091954,163710.50351960232,264571.90596856433,259058.51310075735,291302.39374709845,314994.6823149578,175619.60543030163
2021-10-18,200923.59466477126,169889.8811630646,162495.9227681922,272364.49515331164,267842.0133448614,300686.6205050613,324980.67467048595,176945.95425918326
2021-10-19,200677.51766290428,166760.98761837167,159621.51535593363,264276.08295506466,260859.70062486673,291260.2425886654,315095.62424182525,176387.63532103293
2021-10-20,194210.87387151795,163338.0830552923,156363.6991537799,257309.6986449665,253051.93424489084,283762.995700429,307631.185604172,174930.5631736008
2021-10-21,195121.63566863164,161096.8423537745,154201.5324974246,253819.38191484642,249345.07258392044,279844.1859909337,302647.0136455128,174083.04063673422
2021-10-22,189286.24941156374,157748.7971603147,151719.00005185817,257114.11089840267,249582.408396956,283378.06029534223,304159.13581862784,173477.81168528806
2021-10-25,186495.27036353428,154527.5258781009,149289.1159052589,251422.27610825293,246513.17009411275,276944.8333297048,302672.1823126156,173578.3652066112
2021-10-26,191339.57910822783,156487.89262328148,150623.02998914872,254779.1486223488,250302.3359319901,280938.7161787431,307992.5429916992,174947.80840177418
2021-10-27,196426.0536188872,158997.94099677473,152886.64813424015,256568.3817553661,252686.0627203001,282852.44559345715,311551.75515557633,174397.6257697577
2021-10-28,191537.10219622118,158105.67131728242,151657.66112077233,252359.4016087997,248566.82228205094,278164.604548321,306631.72951892414,171010.41606170425
2021-10-29,187818.7152420016,156159.43651281006,150305.00126503667,248700.2570976466,245437.19350310552,274145.19861439033,302114.52285687573,169233.0166065749
2021-11-01,189351.6537067139,158251.36967212707,152049.18788146693,251209.5585199028,246955.732514422,277158.93130882515,304057.44192199776,171703.7602733724
2021-11-02,189155.72263790696,158213.5761037788,152048.67899843116,252664.7752087421,248773.67640756763,278934.96141832566,306227.13269960764,171313.98444918095
2021-11-03,187541.406557427,156866.4098652977,150651.09705397807,251331.07107401613,246890.2054542802,277507.67445169995,306424.5161829873,170741.787030223
2021-11-04,191483.3120064856,158729.94113910248,152553.3120667387,254015.28934990815,250533.92292443314,280393.98459842784,309768.1625202355,171580.70565715496
2021-11-08,191833.26346694864,158818.71815170418,151805.13953297958,259232.5530057906,252676.53825283074,286218.7380408043,312628.25202678505,173033.94345342054
2021-11-09,191293.36797099767,159846.9565579727,152662.02134228035,259175.39726921095,251998.77218904204,286381.61142510775,311809.62889280356,172801.22639384042
2021-11-10,188529.64931415435,160681.76450177928,154474.3954412384,256815.44357855959,249775.63741499328,283738.65705828625,308595.6143689384,172542.17388819947
2021-11-11,186321.76076899233,160588.61784458387,154573.47247993216,257789.8121677775,250924.77321533725,284843.4195372868,309102.8008964266,171166.98851836275
2021-11-12,186779.942295808,161868.00670895725,155588.7435297406,260260.27768668934,252599.35944662264,287574.9751135488,312551.1054698389,173361.453155498
2021-11-15,185290.53971286138,160363.04122248886,153690.25400569892,261202.26421574721,251970.77439880866,288612.1584608654,312679.6658330473,173425.6083969672
2021-11-16,186321.36567947615,160244.14771625842,153809.39186258716,262096.17330127148,253079.8819594547,289655.27332015475,312445.0052617636,172369.7964230741
2021-11-17,189042.34699331547,159459.15565553168,152985.01733798042,264146.1027168064,257773.1583430966,291791.1224265706,318404.1817356137,171406.88797232308
2021-11-18,187411.98624822844,157513.65899635214,151065.4995088226,258883.62365018055,252315.54722527138,285723.6355546315,311590.1869386089,170125.07372942928
2021-11-22,182272.98125056014,153044.2627014007,147184.8767642526,253340.34498805465,246990.3155236965,277349.79524613085,300579.3639092499,166790.04860554467
2021-11-23,184482.67139580776,154548.2086654463,148515.86339024478,253155.5872665914,248059.30450336935,276726.7510959394,300957.05005710945,167621.27982599154
2021-11-24,183121.7487477309,154287.45588168665,147951.25331236256,254464.60921662598,248045.67682204497,277491.2147147539,299236.653951227,166775.68381678424
2021-11-25,184128.52935981957,154345.82625955794,148236.07497211345,257462.3670841343,250432.4749353073,282769.05413167033,305893.19222545676,167936.35126696783
2021-11-26,180943.9945644072,152597.15671524845,146688.81129405604,254362.35251405142,247341.98095104934,279813.5747282708,302109.6124821238,163054.23091192186
2021-11-29,183148.56306489476,152546.03338622148,146178.47885789548,251554.09414472594,244341.25765969564,275786.71564112126,297783.07192268624,163317.58537253013
2021-11-30,181928.0676318803,154180.64046014342,147512.1877787711,254076.54901621514,247376.814986906,277208.70556205895,299869.56115490047,162640.04616932888
2021-12-01,181759.26606575734,155969.94937218665,149433.9429449155,258862.4160615811,253922.68715792242,283717.4465077104,309490.73279231857,164399.2651886833
2021-12-02,183919.4572603266,157776.19367458668,151370.4954086864,261964.8580239278,259252.31843102665,290952.1010577985,319729.9908454084,166647.3546296938
2021-12-03,182642.62490439907,157705.5826805547,151060.2733479702,263236.02926070394,259857.34483513818,292592.7764421641,320164.0573017744,164684.634436233
2021-12-06,178381.135015046,156396.2173557067,149670.98895813772,267310.9722763739,263598.9630362768,296022.7940939981,323059.30010042025,161960.59914262037
2021-12-07,179183.77753439976,157411.17562081243,151252.75607504827,270301.1575276563,266687.95860655827,300260.067263177,328078.0284125423,164493.103919427
2021-12-08,180367.84284943147,157581.60688536122,151667.85750803733,273703.8424044221,268227.55182987684,304866.23038011655,333499.95490508794,167299.51229858783
2021-12-09,180324.07427732565,157434.91736006804,151413.40412869872,275155.6837259344,271673.0381396415,308380.6189258876,338033.7011146089,167750.5629248356
2021-12-10,179070.92376150648,157332.34235648141,151544.78249987477,274700.9531098368,271496.9625789802,310488.1186903245,342480.1148403672,167697.42442891313
2021-12-13,180381.23695304987,158904.40613658895,152147.94609536103,276413.73365247506,272704.7853332836,312904.08905180095,345221.0483200911,166327.49492579733
2021-12-14,180661.40414521727,160350.41572018075,153514.7975550148,281183.4006781075,277571.41858021246,319921.40040635166,353731.88996832445,165912.35627145073
2021-12-15,179158.57160505373,161063.1507542045,154072.64715807253,282565.16662330605,278003.96414439444,322063.25752309256,356179.4616578665,164921.18584697964
2021-12-16,180468.44030627978,161175.27632101916,154266.00287055227,277677.72558827256,275574.8781598409,316447.26893038466,352906.2170821837,165179.75204466775
2021-12-17,178356.19134570818,157917.8164364235,150686.88552885377,269499.3454019367,267648.0433975183,306982.52334664593,344068.3059224071,162659.19922100948
2021-12-20,175494.2020185527,154475.3391190976,146306.12685843452,257747.07597951364,256159.13886063406,291165.0954281179,328667.39434804546,159106.30813425803
2021-12-21,177274.56263866153,155068.5121082172,147133.20401435866,260504.2239310426,257895.05621945325,294613.17229007516,332149.1705572306,160606.47464797148
2021-12-22,180267.45921019907,158478.2025527864,150909.33022093022,262838.67183800024,260313.4206339516,299333.6208244555,338631.65364766633,162374.29757726053
2021-12-23,182703.14578784766,158661.16302773874,151263.49469539765,263761.1023637849,260095.11502732983,302532.5235397381,341855.97264983656,163496.19132028215
2021-12-24,182569.715443988,157990.73494239032,150524.2603536106,262609.0745258896,258494.48605946387,301580.4664659557,342034.87969619536,162836.85125700786
2021-12-27,183562.087648915,159442.1321002331,152406.578559674,263450.31364416523,257745.5208701581,303635.7949459349,343869.8996108411,163626.91463883265
2021-12-28,185768.26732758002,161301.91249296238,154841.98187877054,265444.9351537712,259814.77667517844,308768.90404522495,350693.32237117353,165034.6639373568
2021-12-29,186390.2881750352,160793.45599458978,154290.57270692658,266213.87062383816,260190.79414927046,310661.2677644197,354174.44379760197,164846.48146376447
2021-12-30,187441.1020472435,160777.92153026836,154012.44183504174,267498.597620579,262108.3186654716,314388.6728321445,361038.3021005851,164754.0642485752
2021-12-31,189716.03505087883,163347.11263032386,156368.4611218805,272204.44913757633,265914.8102425777,320489.04492429673,369925.75479176367,166191.5157405259
2022-01-03,193723.92191753013,167740.84296944467,159935.39828108987,271420.3693093697,265656.7575591985,320184.33174273244,371766.33395000186,168792.96402172188
2022-01-04,193432.91376677464,171761.66434121958,163937.25854169708,273456.48562526645,267669.29645077226,320985.9254011992,372828.419915308,170512.43671800863
2022-01-05,191229.37237899637,176001.5430950444,167768.0783939513,272411.19248304,266174.52509315853,320489.9071234642,372588.7716384027,171661.61981884466
2022-01-06,191002.93742248655,177869.99040224662,169678.09622883628,274298.594728172,267644.5541141711,322716.902031408,377276.2504228322,169944.0736502172
2022-01-07,192664.6268684637,180519.83578357723,172103.45479081653,272611.69418855495,266004.88663482503,323220.6545662018,380427.6289125271,170583.77435385805
2022-01-10,191020.92918402594,179889.6831224839,171283.47286951356,277838.8307275074,271519.2678660241,331925.558343212,391305.1346964416,172409.07514234094
2022-01-11,191273.28828562188,180437.01501122644,171632.4074165192,282055.2644525842,276061.13159249164,339833.7692952315,399177.1687690024,172911.35644100388
2022-01-12,192897.5350925189,183294.24645046017,174588.06479272206,284888.462654351,280053.49485756946,344088.30913896614,403832.6328816767,174411.03664676452
2022-01-13,192857.46498424115,186283.41568036075,178456.65861858818,283371.99706323125,279025.8019224341,336994.1649050137,394646.3985161752,174846.30096869738
2022-01-14,191308.84978734987,188873.83850124382,182174.04113530568,286602.3646473711,282505.73076153913,338355.1258542574,393563.14665144635,174826.66160906394
2022-01-17,190731.60685101288,191387.14033453123,184342.52125490992,292504.0003511667,289443.0424112366,343921.2986844068,398205.79451841675,175327.98899597328
2022-01-18,187429.812110061,188397.41302477394,180733.97150776713,292284.6268835518,289928.8514248827,342637.4457397534,394332.5738742811,173460.09885331392
2022-01-19,186435.54257610143,188793.3643076607,181385.06677760967,294089.8326340471,290670.5181453898,345110.58895724994,394058.4306095158,171787.55487447503
2022-01-20,183998.75151837073,186793.787096964,179483.7881365846,292754.2226433604,287954.2724424669,342225.00950866326,390349.1506135306,170050.36934621414
2022-01-21,180486.2230858315,181855.71656203308,173973.56200904716,284904.9480648805,279845.56410474307,331093.5230289347,377324.23082559847,168711.09594827853
2022-01-24,172564.74028247915,172674.9562837808,163070.11080189,276447.3579372061,271017.1760039285,319884.15117818327,364563.7857820139,164228.79554706512
2022-01-25,174178.71911876177,177972.5584976559,168696.79786744027,276975.1995782331,270757.60517660785,318564.92492396734,361408.7188515947,165462.72716075744
2022-01-27,170392.66952134555,177128.04812524136,167849.4533121781,275722.8926335434,269385.45296206325,318355.0638132616,364889.9796704453,163855.79734724623
2022-01-28,168611.65960303982,177314.98194997475,168899.1874552267,275626.88288998837,269113.18460777134,319852.14069177903,367363.5208964606,163777.25861286453
2022-01-31,171436.71028087003,177120.36471973665,169230.21435033195,269956.4127163824,264338.62140025303,315820.97440412745,363273.26176256756,166055.51785110243
2022-02-01,172907.39140862031,176050.2156490449,167932.25650547084,272514.3398069501,266773.6006944686,318215.6918012929,365011.72272550676,168325.1544752536
2022-02-02,173965.46802274382,179058.24500597725,170468.03247256434,275525.983099253,269552.03528262,323202.88028504763,370710.4888804011,170270.62944054106
2022-02-03,171864.6360837129,178072.36231682295,169927.55304653046,278462.5963086451,271780.79928037623,326284.7074977696,372260.5425219676,168165.7015791822
2022-02-04,171672.9951697986,175098.4405936302,167453.08520821194,279837.76334689313,273940.7281060832,326644.43979060795,373082.62800636736,167745.30705811465
2022-02-07,170240.03507702262,172612.5176237703,165286.2298094653,272914.960131914,267709.2542072859,319055.82661871274,363843.61774247733,164846.48146376447
2022-02-08,167527.01185600364,168452.6138424283,161226.31457468355,272544.0731256686,265940.434224733,315902.95984242077,361626.3065777081,165355.47755300684
2022-02-09,168706.81218956964,168547.25017368572,160993.83077632228,273121.5694255885,265826.4256171738,316674.760172307,364134.44871975906,167242.53945149886
2022-02-10,166144.7932432018,168060.75862693382,159672.37936777592,272619.924348891,264966.5193301812,316670.8575711269,363889.11362262774,168602.87372462233
2022-02-11,164459.2633968232,166008.91766081814,157954.7371854094,270935.0855417295,263405.33503757656,313253.325801295,359991.6101586984,166389.7423437593
2022-02-14,160430.08773242217,159943.96050801192,151604.5501791602,263566.907682549,256580.82634672557,301855.00499565504,345154.6924924217,161295.51690467232
2022-02-15,167127.2594266675,161718.29690984226,154094.13983119518,263985.2484481119,256496.30865019397,301719.09377543605,345016.08272193046,166176.1783358598
2022-02-16,169400.9110072073,163134.17507922632,155351.84137218105,263784.28714075964,256378.1050658265,301428.2436422362,344616.9044916227,165886.4884291907
2022-02-17,171946.13201916957,162745.59704008015,154776.91362501538,263993.9724493541,256685.82160821062,302186.1069674374,344969.2948146838,165717.94531523183
2022-02-18,169550.3281041252,160576.63327828737,152760.85517084805,263778.40656914323,256511.74285203265,302499.3703788353,344366.3843970449,165446.94085644252
2022-02-21,166639.71250474534,155876.9120600177,148248.74205747934,258440.28568736417,252718.43172616273,295582.7447448628,338693.9481526691,164779.9320908352
2022-02-22,162982.96071064283,150523.31170199005,143195.23011854125,254342.10601390467,249767.83121958352,291740.3825517383,334333.494661968,163683.88748592162
2022-02-23,163619.3300767618,153182.22775521915,146798.67197117792,258325.44500515412,253619.95372614916,299421.8470674282,339627.7033640904,163406.65454450573
2022-02-24,155616.43677217542,144465.11114948426,138600.47792833272,248771.0736067237,245215.02818507067,286702.6768248591,328196.97490351356,155598.91489732402
2022-02-25,159458.32525405477,148218.85246933356,142571.39050170334,253274.8196627028,249897.30000056155,294364.13458620576,334617.3606339054,159529.60179889054
2022-02-28,158565.54133706246,148713.42611608023,143072.62777347275,256037.82704909935,253045.08616344095,299561.15440115397,338912.4679651016,160827.22105025122
2022-03-02,160663.0008306898,150509.2539901041,144635.64382808298,256111.02995834913,253494.74535806966,300411.6513127602,339498.627111471,159027.30179607557
2022-03-03,162653.5394124889,152625.66168103382,146457.0086289838,253545.11762529257,251473.8771743978,297228.9387397325,336700.34380108194,157994.00962122876
2022-03-04,161237.7856367441,150207.22914619633,143926.31944897704,251829.82749781793,250549.6854635016,295757.62171655527,335421.5902009888,155574.01031889365
2022-03-07,157889.24370580225,145281.18251668598,139152.7096346979,254107.052744414,253021.85264910234,301103.68850079976,339666.75687617285,151913.86962439163
2022-03-08,160137.14191886704,148318.01021440103,141546.64517073217,252703.19514680144,252546.96155312328,299097.7193075849,338047.5369091891,153353.21958777358
2022-03-09,162867.7066745882,150743.7109019944,144651.11539456944,254689.24464435512,254808.92251284432,303848.88860955054,341669.80071691354,156531.66290292368
2022-03-10,164975.987114392,153441.74279214416,146946.93449180224,254937.91346512502,255391.49141457112,304480.3505889004,342102.30824389006,158921.49240803145
2022-03-11,164514.3716217707,155146.33271170847,148653.76826674616,253724.96995139698,253595.21608815814,304996.1050453884,342391.6345691007,159261.9266791629
2022-03-14,169216.33571643132,159767.2554168359,151206.54386224164,253145.5864557391,253404.08413444358,306025.7118287588,342902.163324452,161568.4478911209
2022-03-15,167326.31654778516,156496.51423029616,147995.70302267195,253110.24823341024,254064.5780287341,303741.55316572613,340055.2765852557,159573.6500769255
2022-03-16,167594.7739171803,157548.45966403198,149136.70782297527,253529.76462580232,255263.57209243233,306523.6232942232,342041.8506982516,162564.87418231292
2022-03-17,170124.181408935,161019.80439450574,151750.56018332596,253369.12821601646,255980.53942685053,310494.6127161569,344733.2463577466,165549.8885092258
2022-03-21,170451.74493217777,160200.1531141633,150441.28320775804,258475.27881002138,260977.4616838056,317330.30375643866,351006.7880151192,163927.13498309566
2022-03-22,171430.14233465889,159555.89323742094,148851.7172904592,265460.5084165412,266590.46737250173,328804.75771920144,360364.1624143654,165822.3331877215
2022-03-23,169862.86717523486,158455.84166812943,148357.9786076742,269635.202499513,269702.0516302755,334716.35932099953,363979.8563758793,165153.41659860694
2022-03-24,171191.8320864383,160870.1700859539,151210.14692663547,272097.2594990069,272014.90616336634,341121.2166176216,369017.371690484,164934.11041603365
2022-03-25,169446.0175254861,159135.6028879761,149653.42641946216,269769.4257149729,268743.9876007542,335113.07103159605,363918.8624741515,164266.1477386727
2022-03-28,167905.32731311573,158013.17996215736,147980.32182387268,269659.906846295,268065.2521509577,335492.0582467741,363682.592612743,164926.92802165344
2022-03-29,167533.032892611,157262.9898980513,146342.53238805776,269636.2442396537,267136.10414622346,333334.96558450005,363267.30198741786,165916.19062261726
2022-03-30,167825.9861632715,158058.5038626762,147065.98072659769,269335.14116656664,266251.3781194527,329930.9253855805,361546.3342060304,167572.4432850364
2022-03-31,168393.2643078448,158368.75432082266,147786.9587677916,270700.38224781665,265761.68208518083,332235.16636020434,362340.6274606785,167251.62966938634
2022-04-01,170467.94074291477,162279.93898608908,151500.71336561328,270482.0627706379,266979.8544137041,334701.0859462188,364081.9791976436,169221.51355307532
2022-04-04,172169.44992617643,165149.0696756829,154915.40721312902,275302.2330421153,271898.1251735135,341757.3928238253,371457.7231081404,172888.85534610957
2022-04-05,171796.2585762548,166774.1392448229,156721.70425839478,279498.36564501823,275461.66823873325,348714.6405559351,377208.19754195755,171969.50886544073
2022-04-06,171766.61463275895,169927.8137541526,159770.54420190278,279151.00719375,275294.63912264514,346770.8848507655,376405.8397120662,170535.42412085575
2022-04-07,172146.4092762072,172594.0662036707,162008.99068253234,274414.8169208935,270208.6142077888,339840.63633171446,369388.96236477146,168925.61386793165
2022-04-08,172470.7720674367,176872.11672548592,165990.67882033924,276477.4627317936,272983.40915796236,343855.8153589452,373458.9031408421,170312.28358711593
2022-04-11,174957.2816472284,180457.94621002124,170110.44787324485,274982.51126396423,271621.9545976122,341391.90625502914,370527.04637862486,169264.60791935667
2022-04-12,171742.27849514654,177030.04559451214,166566.18849959763,269981.5217509957,266774.6266434416,334972.0758021491,364298.65141711704,167879.37841987886
2022-04-13,172587.91478499075,176806.20773654865,166605.9976598089,269712.6418973788,267501.3161164709,333943.6835454266,364120.5875487862,167356.01754187603
2022-04-18,171939.10494093725,175982.50431744463,166693.29542721357,271459.3845354308,268179.2550743982,338248.32039777335,366060.2940819143,164463.90673810532
2022-04-19,168133.2871467451,171946.49006895296,161801.9203031341,278674.40924727306,272213.8902953245,340757.70793900324,365139.81353803526,162404.9536824407
2022-04-20,171434.72039000923,175254.47615571495,163381.1170842656,280340.7203830349,273247.56156344386,341586.7243898271,365518.5744177076,164108.62137026057
2022-04-21,171347.72183829127,176208.12886091537,164993.6802558653,282556.868090905,274389.2173774903,344856.4898328888,368175.1636012181,166560.67958917827
2022-04-22,170591.43870570374,174475.8858858419,163306.08159049132,284095.5323895819,275536.67248797923,344171.31440651027,368036.41935075657,164447.61542168556
2022-04-25,168957.14944900956,170418.97197398345,159088.5842051007,281093.64821647824,272997.3249576424,336466.22368145315,362125.81700763106,162359.9327885001
2022-04-26,170122.3436067476,172842.85164829285,162080.7142470453,281613.1733347134,274471.80113253405,340266.56395926187,367320.96306582855,164723.91315549985
2022-04-27,168257.07417855202,169638.73316615372,158943.43761081144,279752.6762010486,272666.9275479417,333995.7986207951,360495.296640835,163168.6816182047
2022-04-28,168878.65027043797,169638.80324074495,159081.4680238676,278738.6420790662,273034.8452970127,332674.4419802873,359613.94823501486,165147.67442393317
2022-04-29,168958.9170048489,169164.3177312819,158136.3582213329,280704.03797610966,274791.4735505267,334654.7359318104,363130.89555961825,163783.01949169036
2022-05-02,169048.29310511868,168692.107886151,157209.5813448738,279281.04082499,273620.49892826384,335701.41615901754,365784.43065216864,163462.6734798411
2022-05-04,167298.72713408514,163864.38765513734,152324.75468612005,274442.18137263914,268548.8686676839,326818.0345991232,357226.6267904938,159713.46361336348
2022-05-05,167006.92101339455,163824.5443681494,152564.53582256575,273019.973594851,266709.4760647969,327207.70376724843,357280.943750375,159761.8325505178
2022-05-06,164302.91200312786,161442.00534883188,150150.0789646317,274945.87137059995,267823.01721925306,327837.00025487377,356791.0112462932,157162.75969662986
2022-05-09,162250.43729466607,160434.9627647676,148871.34845866426,274940.72214878583,268145.85133397515,323016.49450697453,353197.5132588859,156115.0840288706
2022-05-10,159414.02689086206,156271.3781980002,145548.09879399138,272383.07238709077,265625.0187772364,317848.86433736637,347632.26082387334,155523.25660235525
2022-05-11,155874.50640591735,153105.81652783853,142284.6062633262,272571.75010544696,265146.9259690674,315578.8688291103,345536.4693999988,154824.64717189013
2022-05-12,151820.35472546887,148076.58845028904,137261.8063734127,271405.9757358421,263653.33091697615,312962.46152896696,341817.4886189257,151385.72048346864
2022-05-13,151410.98610414052,149576.2312294812,139491.62232823402,272804.132177513,264672.7867025537,314666.3178937235,343305.83857202425,151138.1710313273
2022-05-16,150878.2273245762,152534.1422076661,141961.44501674746,276059.2482547937,266701.50702141266,318869.8047649103,346498.320096579,151714.19344937574
2022-05-17,154717.85697083894,158940.25714588596,148660.31899000934,276266.8395668018,267952.697716799,320121.23219831835,349624.83614608087,155707.60472478103
2022-05-18,155826.7847939215,157575.9797232178,147406.50188871636,276721.9719749919,267383.45128316665,319745.7486850143,349867.1339196675,155525.65073381533
2022-05-19,154787.81043954747,154630.00879569707,144208.71077057216,276735.35153747397,266966.8880942893,319878.8943940016,350194.484523027,151399.1313604755
2022-05-20,157062.98908192702,157740.28786106128,147037.79685236103,277326.1153365678,267459.0910367322,321565.099216291,352281.3558271008,155773.20953803268
2022-05-23,156952.28113494514,157986.99886645516,147193.43848785377,279503.7438576191,270026.1455657436,325070.3101937254,357253.53476375906,155280.49541313405
2022-05-24,155231.15652860183,154555.901952862,144129.1271824072,276519.0147863884,267269.250938937,320393.0963135612,351882.13115759625,154422.91939455032
2022-05-25,153628.99438816376,148914.67011932397,138472.31438838813,274149.4948242371,265205.3864417243,316620.89844668465,347603.3813271129,153471.4859410709
2022-05-26,153786.0310479051,151013.50270747193,139822.26172618117,275234.97041278594,266844.65904445073,317068.0655861351,348732.8110914385,154853.86305736387
2022-05-27,156977.42733757672,153936.0956919689,142646.2251638214,277096.2610798608,267647.2195652669,319169.38989998354,349655.1388502646,156599.6618476354
2022-05-30,159584.86221147585,159138.47383585054,147998.63514352366,277830.2105485639,268344.7389935597,320437.4214760155,350590.1496310254,159558.33137641143
2022-05-31,157631.20279507653,158073.567594317,147320.63863526276,280852.1267758579,270560.243227872,324870.46977153164,354525.3382781474,158822.37910641474
2022-06-01,157682.6824522193,159106.8594471909,148405.06304092062,284876.1311400272,274456.78295139875,333023.5906012553,361603.50913072797,158230.54232782335
2022-06-02,158806.00187227246,158977.62011516292,147680.3264238011,286392.1325323238,275445.42774892005,343382.4482686197,369258.6050431413,159238.47167251498
2022-06-03,158276.99706401431,158286.31299722032,148324.3335791451,283817.5355032299,273390.7685239691,332944.8674199145,360536.5726457698,158819.98497495466
2022-06-06,155040.11798561443,157388.5903403107,147726.45003429588,282502.0654467031,272578.05071522936,326673.7852016423,355502.3373438371,158678.73121881025
2022-06-07,151584.55822690792,156883.8656734151,147641.18658367265,281785.2906394601,271937.5826805634,323760.34019901126,352942.56903847615,157211.596237585
2022-06-08,150120.73934947755,155367.65538953996,146068.9626032358,281391.60944378,270946.30334024795,321129.96310698526,350827.5650453952,156636.05077541337
2022-06-09,149428.40755344933,155988.56803806996,146757.13562790837,284071.8104375572,273229.3565986766,327108.73307594616,355961.08280294883,157802.94670822355
2022-06-10,153782.8966287083,155634.18620223194,146249.57463282437,284203.6655188217,273671.3461756851,328023.7736321511,357135.23423499626,155156.95448896376
2022-06-13,152969.4440819387,152016.07198468182,143371.2535882353,281958.63281016634,271626.13053708116,318361.6665688338,347851.90416242456,151063.95295606498
2022-06-14,152143.02730310994,152944.29235609708,144717.79548794744,279529.9252809718,270098.9897980315,314867.52229189733,344416.80775319797,150658.85843135946
2022-06-15,152571.95979147317,152514.58605094586,144587.93310721894,278705.6110325534,269262.0630372012,317727.8054731228,346069.17285546986,150276.28370570028
2022-06-16,148476.01374792372,148703.44800877763,140397.6866219799,275281.7447355195,266706.33504298603,307285.950940701,337777.2844414329,147101.17908168785
2022-06-17,144292.29516812452,146588.02638385314,138605.8514851132,276299.4628530307,267149.3124606489,306738.4064057066,337564.1448017648,146458.5979386341
2022-06-20,143672.04850991417,142425.51812579355,134503.16218517057,273070.16646594764,265062.2843621235,294272.9436267966,327961.9538014014,147001.11186831753
2022-06-21,144021.93248412752,145095.5896921274,137970.75634755776,273829.6803121922,265553.1227379203,295147.6081403025,328660.4094669091,149765.37044087463
2022-06-22,142425.48578295586,143780.85691776784,136289.7402645497,273226.1451998324,265249.18035513826,294656.0937465983,328293.5166373475,147605.8638638869
2022-06-23,142771.2614355068,144247.11587582607,135885.49011841937,275077.37673677265,266927.4646692878,297594.7555417863,330455.254356819,148978.66445433957
2022-06-24,143969.3501858498,146962.59668713214,137327.60317919517,276135.80007731327,266967.68402034405,297730.55862907466,330548.27413150953,150344.273298336
2022-06-27,145737.91925725868,150726.52006781078,140591.4674521512,279162.8235001052,268801.1738688697,300954.7363575181,332923.0194998368,151616.0340595127
2022-06-28,147711.09397533137,150568.5246588878,140652.87147381916,280514.1311275865,269765.0831982021,302593.8029223373,334132.40538767946,151789.85174434455
2022-06-29,148739.59229617126,149571.45601717645,140266.15320144914,282364.11321282154,270707.4814871956,304267.4284622827,335359.0006833635,151300.4856626596
2022-06-30,148964.0724976475,148796.3436937598,140296.2817799304,282110.03856118326,270755.34270547185,304059.08284266,335207.5909530791,151119.97189140032
2022-07-01,148037.78200995308,150192.307479207,141069.58032714573,284338.82519988355,273153.7083937796,307757.3621946996,337937.4328014837,150849.91199228866
2022-07-04,147334.96181202307,150918.15559577206,141208.74521020148,287761.28532537585,276343.5893962208,313122.09262459056,341895.97599483456,151647.63472437047
2022-07-05,149254.37611677757,150305.210433206,140556.10755127456,287110.16318020906,275281.9358195526,307799.2637751897,338000.4886198573,151413.0098412831
2022-07-06,150536.28068258395,151127.07467661236,141459.74478926774,289183.1836790489,276100.3377105245,308948.9597976355,338834.57429224136,153126.73101082005
2022-07-07,151063.45461913632,151862.63211638067,141851.1675063361,291205.9829195994,277402.68574274785,311047.6639665418,340387.6773208631,154497.13746981267
2022-07-08,150807.30004646006,152991.54415646935,142300.13954252374,292678.3730927572,279146.44101851294,315936.47884229565,343072.9511583261,155336.9913043462
2022-07-11,150578.46780836323,152635.84345715353,142360.00801418556,290680.664348035,278397.65800846426,315084.1606379991,341980.39147578797,155292.94302631123
2022-07-12,149185.6559739278,152671.12397987404,142904.00012017792,291551.9165538711,278613.63667587587,312781.7731133845,340050.2383265806,153782.72303088065
2022-07-13,149982.97090250422,152602.94013175895,142137.59900965067,290797.24284148536,278389.307501866,312844.9346197775,340572.2455136341,152905.04004886272
2022-07-14,150024.4806324496,151993.77000641925,141822.64378503067,291069.99283943855,278317.5703891887,314252.49728094495,341299.81652038725,152636.8973253343
2022-07-15,152107.10326258015,154535.4164268302,142703.04086827717,289543.56726139894,277301.1222593518,314084.2869859623,341841.69811313006,153695.5803865643
2022-07-18,152573.1502511301,156122.54101503835,143990.98954967572,294007.79855145206,280917.4930267562,321841.63397979474,348486.10849552427,155891.47589133
2022-07-19,154892.12925310782,156702.19548160606,144626.8406681204,294520.655478782,281428.90649247955,323593.5178674891,349686.50245024724,156485.69744930541
2022-07-20,154645.75068721196,156867.37802921698,144639.71407740633,294421.3001937397,280998.92204871494,319551.33666783565,346915.6489881709,158212.3431878964
2022-07-21,154430.55928420275,155666.2686769345,143571.8016231414,296671.29898106726,282366.3791188567,325329.7071738289,352449.6471130033,159020.60570964817
2022-07-22,153487.88624077555,154902.0381484196,143762.14610860552,297088.9206743354,282190.8420048341,324856.049580255,351873.05689971655,160114.23747894965
2022-07-25,154089.76106855524,154845.35460448457,143727.36495578155,302324.3069598904,286415.2862973796,326899.4077032037,356831.4883244019,159267.2012500359
2022-07-26,153724.2486134467,155938.5315424775,144265.50545974905,296013.8917573956,281684.0674336341,319319.16786514944,350951.85483280517,157858.01173180528
2022-07-27,155256.71940657622,154500.47109131576,142835.10084501287,297628.7339406784,283367.5948556181,322736.26558399445,355341.475236587,159370.63521077196
2022-07-28,155614.66415762526,156635.98472508608,145346.15438942576,304484.71589558956,288459.45870561845,329331.7235069005,360395.9035615448,162126.7481251192
2022-07-29,155189.61583602615,158004.3968938745,146118.5803090242,308175.1461054714,290335.93208298716,330966.73363184044,363928.9981583105,164316.42449933427
2022-08-01,156154.1349111227,159026.87204022615,146933.05149237407,310019.75628068857,291170.59587568074,332245.5290382924,368169.0135179893,166057.4443787617
2022-08-02,156935.81260438397,159230.6948735593,147377.72144940484,312277.84491121647,292156.85497578117,331937.60703951557,366823.13834808324,166109.14265497768
2022-08-03,155440.52796706112,157536.99555730342,146008.1075078443,310768.612168908,291156.9216699377,331324.30070017785,365113.48633519455,166518.07153084973
2022-08-04,158524.4849257957,159425.0758057919,147586.23381437347,307467.6159147778,287983.17969658994,330221.9965255024,362852.73026798345,166459.1721561015
2022-08-05,160467.7127569194,160853.21541310448,149159.5309769203,308183.4121334356,288616.11160123884,331040.01210882707,363544.5725554146,166607.60830662612
2022-08-08,159356.09873097896,162612.66894724648,150969.39161573394,312154.6879549864,292526.5686076566,334489.50082623167,364345.9340085582,167829.56926301806
2022-08-10,160318.5270460067,162678.26884499867,150991.4905742393,315068.4921984653,293522.32311119896,339368.9024339484,370191.5856540189,167921.98647820737
2022-08-11,160466.71032977314,163293.41779076654,151250.42641565934,317145.89499298926,296449.742456939,344999.6682039948,374153.92118238105,169111.8698138647
2022-08-12,160861.70646648455,163190.9647936027,151080.4812796476,314463.7385355079,296612.0070923661,348032.03531338426,375884.5554084454,169486.79454134285
2022-08-16,162978.6602912776,163334.10071491599,151481.89322344665,308946.46599583526,296366.6446334123,345220.86386416014,374973.06485595787,170703.96723481466
2022-08-17,162989.33129724604,163706.5967985935,151726.82954228157,309976.97741672496,300430.7758697347,351774.83719320764,380449.76135464734,171843.5738098104
2022-08-18,162849.0491452969,163062.50132632893,151363.9298112809,313181.3561004704,303626.828581971,359070.3186902975,385213.19673572754,171960.88625135407
2022-08-19,162095.93212579397,161943.02548173995,151526.26119413125,310951.36883182544,304095.095426555,359326.98306965927,383396.03853890684,170064.24782702175
2022-08-22,160729.3159486142,160908.31749118303,149933.60587592778,306767.8613395487,301359.40043736924,353802.0812963819,379345.4852673412,167500.13303328134
2022-08-23,162014.87923911412,161759.04889410827,149921.21230572998,304893.4136415366,300385.30265893333,352090.09212630097,380576.0993872647,168331.3829578802
2022-08-24,164444.28755949554,164142.95661313372,151443.4580217259,309365.2801586069,304060.4222023209,360104.40402939235,391407.8947927631,168594.25111053564
2022-08-25,164404.56374415342,164699.88927739265,152042.8417397976,312270.79879178345,305676.66506927356,359314.51193525176,393024.273861671,167804.18772871085
2022-08-26,165859.17948784237,165913.64466446007,152270.33918264142,322539.34067095735,314920.2823474589,367953.68040521373,404855.1547967939,168153.26331808104
2022-08-29,166601.6168436724,166892.04844992785,153303.60324183604,328173.0996076203,320527.60459176626,374350.80168870836,410014.69925898395,165797.43796136713
2022-08-30,169511.50486495043,172746.4037395874,159470.94087295255,330858.72371917317,323803.48840439145,376262.47139063926,412315.0927506323,170072.40283730766
2022-09-01,168922.6597768011,177763.0812262262,167032.79710696766,335989.3178931338,327414.3642021128,382273.40650058625,420574.66096222564,167999.08499288262
2022-09-02,169796.9466586178,175146.92169353925,162933.11262152597,333324.8282013686,325554.1039147818,380774.3942833634,422895.5447946297,167966.988667996
2022-09-05,172971.36037159245,179036.3207713829,166398.23574979082,339320.3853332064,329524.4761626853,387836.9447129318,428309.6398209144,169176.99767123954
2022-09-06,173784.07426087788,177948.9536023033,166225.37023959903,338260.28699988633,329673.1003255709,386815.7554510175,423804.2744933432,169079.30588517728
2022-09-07,176941.22759209864,179266.76183590485,167034.92968726272,348512.529936246,337582.79766114475,400311.8981077222,439026.1079200032,168780.52576062072
2022-09-08,179480.59210404597,181461.4096833759,168630.04633614785,353418.83091903786,342143.83156784356,402823.5055711008,447162.0689301296,170450.18930004668
2022-09-09,179669.7354143792,179547.70536806853,167971.0291757145,351125.64349766436,340306.17546834925,396478.7087391904,449100.60462846135,170781.53335329067
2022-09-12,178810.73807894782,182201.93011799286,170271.42580180627,355582.88268800994,342215.92986220284,398990.6061735023,451956.9090980004,171767.91551484162
2022-09-13,176565.25094426982,179876.79404673554,169186.58527186164,352460.42793747695,339120.8404938171,392956.76516391046,451277.5597958784,173048.308242181
2022-09-14,176282.9832996868,180195.1512038655,170706.37739746436,351705.3582933224,339914.696398624,391014.66655733116,453181.7565798339,172413.37709730826
2022-09-15,176532.03854308848,178975.3315788727,169295.48558722326,349793.10267478705,340714.04099895596,386882.8102752212,453344.7346991211,171203.38679821673
2022-09-16,172826.16553974978,175011.03080418485,167132.01451452193,346165.41829866474,335841.523795632,382209.8921806784,450717.0349330902,167884.6342865998
2022-09-19,173178.89187528475,174941.9197234803,166966.87096842157,349873.318357767,340845.1411668187,386781.49888848834,450281.22230202827,168759.93248923367
2022-09-20,176189.58496524845,175654.63724112802,167335.2116072002,352149.35070465953,344101.3290469014,390002.4650362091,448999.92076586466,170617.77850225192
2022-09-21,175558.84576999114,174226.10090747595,166563.56709533153,349145.40758015506,341738.0214891971,386008.00871519424,441924.06563350384,169680.23288165612
2022-09-22,175901.66778430002,174120.54780730617,168650.83249665183,349694.1869534449,341115.73512778693,388158.9263038557,442079.8052728019,168832.24274098873
2022-09-23,174612.74946354795,172081.39356840227,166684.29043246098,340715.3559719261,333732.5649564897,379154.68471894093,430927.77756564366,165935.81127809867
2022-09-26,170701.95002425977,168921.09193499005,161712.8460386532,330551.6758276457,325737.5569152986,365316.21235911216,415315.66248729656,162957.04413796443
2022-09-27,171289.04854006378,169300.2824382664,163539.01274500028,332874.3477974379,326744.8936726622,369188.49093250075,416935.2857501266,162871.80931715536
2022-09-28,171587.71962074103,168370.97037088775,163836.84693182728,331608.948577299,325477.1705115858,368354.68836387387,416194.93310558534,161446.81479045787
2022-09-29,173218.41975532635,170210.7883637799,166197.34104134244,334576.3582601247,327000.99438624736,373198.930153891,419378.51378043345,161058.9654939257
2022-09-30,177127.17836009935,172813.29412765705,169724.09349982702,337644.797800069,330064.21605500404,378381.3510298847,423555.27937781194,163704.4807573087
2022-10-03,174885.74839700584,171675.08272243998,169511.94937620693,335585.94315207296,328923.25167765346,376728.42538805434,421943.5035867841,161722.1399083665
2022-10-04,176132.400555207,173262.33481453004,173309.66874557416,344298.7431177638,337111.17989845993,386757.37267185934,429126.8867951833,165427.78780476196
2022-10-06,176372.61012473702,174367.27052166456,173770.09701183205,348607.71037227113,340091.7872088029,390975.88418877334,432034.215076784,165978.4380405792
2022-10-07,176892.0943491575,175205.86007942964,172973.95350000492,353415.8812808725,344303.7156606022,395813.3119736304,435415.56774682534,165814.19688158765
2022-10-10,177927.69535528112,174331.60029543593,171739.73415132402,353471.48336610757,343289.35715992044,395982.6420378378,434916.6808870669,165108.88201261914
2022-10-11,177344.95528850472,173099.69447993397,170907.9260276712,344314.76681786106,334804.8174162643,386413.5304804887,427373.7763911608,162643.4129166946
2022-10-12,176405.43777456842,173222.0480525263,169850.9028604598,346939.9656948662,336254.3550497269,390352.4874360634,429774.4304166328,163984.59413813747
2022-10-13,175708.63194938513,172847.88322808035,169965.1262308967,344982.0470979577,333000.94723072747,386920.07168396865,426075.4367995894,162938.35869008463
2022-10-14,175892.76476998403,172354.297310313,169910.92344489717,343271.47242551396,331290.2314403257,385591.22142366413,424820.9416990792,164579.2926519897
2022-10-17,175888.7663559326,173203.54130991624,168893.79971888114,344413.93727169395,330945.04388921557,392248.43885255884,429083.9825157997,165786.9075237732
2022-10-18,181235.8986003243,177389.75901600262,170015.53006091106,345066.81989962223,331105.50503177755,392968.2110185378,428412.15750496,167464.2210613802
2022-10-19,182964.1458714992,177534.21828750803,171577.85910978782,341607.0754025466,327585.89102795406,394393.658973715,427139.2585442719,167706.5146468006
2022-10-20,184816.40131864056,177945.53438953034,172195.90925773082,340347.7624300979,326860.5346311507,392786.71000902896,425253.31138837186,168201.61355108334
2022-10-21,182772.42210634227,176220.6774217101,171774.3085554514,338870.1195941858,325804.3660607459,391581.8256492712,424758.6882792056,168319.89860853268
2022-10-24,183864.04105689307,178157.69870579042,174789.03386941308,345740.446118089,332264.4471775739,396842.7610902527,431966.15318751085,169798.98554290624
2022-10-25,185988.69938303728,179034.58142274732,175965.53893224,348971.4541803707,335182.6930115746,397324.9194431213,433261.14913276274,169086.4882795575
2022-10-27,187607.4640526343,180643.14445511336,174580.47586355126,351468.6672380413,337128.8764506593,397790.12966442056,434719.3996213,169858.3525214553
2022-10-28,186976.26547451183,180260.35236769583,174141.8602979593,348183.5501654611,334998.6154579821,394318.15950328263,431183.0092082592,170335.7572979159
2022-10-31,187504.70371932964,181003.91788674306,173965.0479501133,348962.5153313375,335169.4449131219,395845.6755907862,431580.05712683906,172494.29125899798
2022-11-01,188605.25549192732,181557.49301916073,173954.25973115672,348516.55175338517,334157.7078222323,394912.6402597854,430900.29832709715,173769.8957234172
2022-11-02,187873.221973327,180638.94407985025,173519.05683297841,358243.86761933385,340731.2610987737,405765.1960883141,439593.9924986346,173170.8765504456
2022-11-03,189278.08230107446,182716.8864157047,174229.60051131368,360599.52874575934,341749.3136419128,407450.90674776264,440663.7462297275,172882.14055553015
2022-11-04,190479.01418740518,183499.07837540694,173949.48130985076,368115.3600432025,348767.8265856431,415133.3878874454,448911.95094885805,173499.35886842874
2022-11-07,191942.03964488523,185252.5113805224,176675.94490928852,374737.8754024087,354512.2883116842,421912.5937867612,455609.5977925293,174319.59204748087
2022-11-09,192303.86677683255,186385.29949819756,180307.17178557708,375107.16819363466,355936.309933948,424077.4102756504,458549.2964097278,173880.9796823343
2022-11-10,190028.19174924845,185467.61046977213,179717.60623556207,367937.4343037666,349589.90533775697,417069.31797546573,450489.113649051,172647.5156724428
2022-11-11,193152.81931248668,188305.1806159797,183018.11722813093,368711.64216996916,348989.59711804194,419031.3529747219,450065.8379297367,175726.36873009938
2022-11-14,196500.66315078863,191795.14788661286,185806.59627339197,369776.78632239706,349513.52722552145,418693.4471966205,450838.5725113445,175529.58234657242
2022-11-15,195314.19782305765,190430.3350005523,186298.71594651637,374714.16987349495,352677.88464664645,422629.4397443134,454485.7200601358,176240.63939021472
2022-11-16,195624.37923534692,191868.61536218255,186199.55891195405,374729.15375739255,352138.05885540077,422473.32111805625,453466.4650094036,176300.4926767166
2022-11-17,196307.4770143174,191561.74419904454,184821.36080881377,373915.2480912783,350765.91246764746,422788.67835590907,452711.4498864871,175670.83610271686
2022-11-18,195532.32631124856,189189.0570014177,184583.65137827,365399.7031323142,343816.84125114745,414609.31269179157,445083.6271344766,175323.68704100596
2022-11-21,195609.00335406786,188860.1066388785,184367.62926505913,359491.94924434763,339980.7355066692,409232.681363955,440705.02576612064,173909.22295190237
2022-11-22,195987.89013621275,189561.97587978095,183966.87790263115,366137.98466718773,343422.8322345583,417731.6739699113,445439.49160448887,174716.04525394767
2022-11-23,194987.55904498036,189636.33332235715,184953.14982201258,367470.4727853244,343062.0303704912,418842.4905076886,444804.6774921247,174936.79165622743
2022-11-24,195413.90817696112,189248.9064766512,185300.58417093428,369489.8294995298,344931.4629587709,421114.6338106117,447271.6579974818,177013.45754386616
2022-11-25,193991.43475858212,188554.9596508896,185492.27875559253,365806.6917873431,341822.0798869578,417235.4574290541,443937.87323683203,177287.82875002117
2022-11-28,193202.15742034663,187689.94688346182,184844.2771277483,370718.0953028181,345294.78651764325,421932.7843542166,447211.32847272255,177766.65504203617
2022-11-29,192487.15006832013,186756.81058784257,183389.18985691352,366852.32553786266,341458.9163026417,418191.1311275688,442814.2065359687,178296.24440266562
2022-11-30,193397.8994597766,187159.15876274052,183211.9659790082,367053.98580958066,340454.8886625663,422827.6445297638,444047.70131415257,179639.81975556852
2022-12-01,194212.27963907542,187708.6829775921,184290.04993981236,368210.3536350756,340623.6037624005,424510.9812134197,444626.05724262376,180158.3923706512
2022-12-02,194620.67025952262,187089.24292433372,184247.70590520956,370574.4447407862,345266.1353012865,426665.18984741444,448460.5980249059,179043.6810220098
2022-12-05,196042.59875508928,188151.59904070673,185578.42856813603,370532.1925358469,344390.57028094534,426357.69127028796,446983.87709864695,179091.09604741054
2022-12-06,195768.8782071002,188448.36291090745,186980.1515795696,367055.5218999974,341277.79113729805,422243.4248375661,442614.49319993804,178532.7771092602
2022-12-07,194114.50775714187,185269.7774722058,185895.7053257419,366115.69607771555,340926.8195840667,420646.92887762655,441707.04885755264,177745.1078588955
2022-12-08,194945.36347464996,186165.125124835,189001.61526025936,373065.95671428554,346006.9951363639,430122.99768150324,450631.30560831487,178212.91740536378
2022-12-09,194828.06076255385,184713.88523916714,189635.66171119365,366723.0088285714,338459.2106613434,423746.24155336706,442111.3256730197,177133.1641168699
2022-12-12,195241.9288738522,183919.9806522267,190912.3666006441,371981.67255560344,341587.7702598807,426914.8474962151,445343.96989622456,177138.4386877429
2022-12-13,194970.15632866026,186095.94964699374,193614.55679517257,371499.13253731653,341224.92565287766,431025.5540618912,447905.8567545042,178199.99283630977
2022-12-14,194682.39732760363,184471.43899538385,195077.46712961284,369452.2583359116,340570.8941137511,428715.572065501,446848.6119882217,178700.8526194183
2022-12-15,192043.0402480128,182344.8124214134,195046.17503315862,368880.02362280514,342568.00170077593,427092.32583634305,447198.45583613083,176350.76943737819
2022-12-16,190319.6735531937,179619.52455016345,194821.27620964264,369352.7260682224,347588.27375001775,426739.6982987574,452583.01501333393,174953.55057644795
2022-12-19,190583.39757353097,181039.82393207378,199111.46885805676,372712.7147501834,350705.60816993116,431271.5639396152,457343.47208088945,176403.90793330062
2022-12-20,193927.91343546344,181850.59141500245,201447.2067898061,375777.60483004,353944.8277377378,434418.9399355977,461362.6792471668,176067.30801333569
2022-12-21,186866.22694972716,176796.4689450037,196342.31776174146,363192.31654987135,342204.95460124576,420181.5264361472,445094.2949898364,174284.14767938055
2022-12-22,181312.2633738967,170579.1718746992,189078.22143026546,359193.6609213775,337248.11128394946,412476.92945971864,436779.34150341194,173597.03195033898
2022-12-23,176015.12734549103,164858.83906935848,180123.20473935417,351536.7850868438,328438.98402105714,401855.26263256173,423943.5129018167,170527.2878147219
2022-12-26,179663.72496449514,169977.96728404393,189529.0556390679,360262.51707271906,336132.92253440636,411214.9579887941,433413.4122548304,172517.2786618451
2022-12-27,182967.09094924034,173163.29266239912,194127.73256292642,364204.9413417054,340470.82444186066,415562.6027291666,438464.32525170955,173644.44697573967
2022-12-28,182299.34996722155,173495.93231442597,197259.16933360382,365623.59017995634,343801.7039979722,416881.29760461324,442169.4117511774,173550.58954084394
2022-12-29,180937.19327714364,173411.97275518315,200176.3915574959,368077.3534948349,347184.0682154732,419421.638323584,445885.6669065117,174206.5815609045
2022-12-30,182583.14589190247,175441.4674215516,200748.372805076,368262.6989161988,347883.9369734847,419432.4038481624,446546.0009335434,173385.88077805156
2023-01-02,183540.2322887052,176206.52789735387,202837.0820938897,370505.10653440433,349398.7967877187,421854.16476870247,448755.520587403,174268.3426709136
2023-01-03,183063.1110785832,176070.38719112356,205471.55765120446,369364.12369507854,348164.1014736362,420726.1184667691,447343.46058611094,174604.4936912298
2023-01-04,183011.0942448641,175376.2426823945,208665.90646247618,367784.1175715231,348862.2500178081,418563.5217356936,447848.57303561975,172788.76942858723
2023-01-05,182978.3737717003,176090.6001786975,212618.09783159607,369703.33631695656,351599.8870074068,421777.80028623226,450951.7691213094,172302.2931383912
2023-01-06,182331.9979075471,176217.7279902407,215407.94431047817,366076.71855812904,349131.8539690923,417253.50724718993,447952.314891444,171031.47693689208
2023-01-09,183379.22214246742,176737.82858227656,218701.01521744943,364818.4075373546,348352.71600695787,415190.25512702763,447030.3264874645,173346.60205878472
2023-01-10,180071.96972831665,174077.5906144772,220475.8900203818,364825.3877979539,349528.6143251177,415085.5907645188,448357.4780433527,171555.32412284776
2023-01-11,179793.49047080352,173549.81610851735,223131.82577673672,365883.6901573207,350815.2529951659,416112.8585732175,449918.5211712599,171378.62599860298
2023-01-12,180444.4825701652,174181.606302711,227109.0779588571,365782.05256015825,352086.88474355376,416848.7609305137,451508.780779251,171019.50627959173
2023-01-13,182629.24692375393,176603.8819578234,233312.44451861328,365547.3022085418,352412.8425532674,416085.3937700678,451964.7280995804,171961.8401631077
2023-01-16,182513.7250335256,176606.2843648654,237823.55072212813,361767.593717112,350501.6395907891,411571.78305929445,449613.0073010349,171370.48969246913
2023-01-17,182687.63441777998,176421.47397808984,241265.15141467063,360696.52378424106,351196.37781629735,410401.77774161927,450350.2366351384,172887.90143435594
2023-01-18,183300.01021839256,177396.2304952858,247558.57902655803,363111.292489057,354065.35959806753,412921.0706696432,453858.5122359862,173960.93993227038
2023-01-19,183404.64529887727,179375.56091321903,252294.65302271085,366857.8991369615,358113.94708554534,418380.1295477768,458976.33482086926,173410.2896964531
2023-01-20,182815.1543976016,178868.79550953305,247317.11254852396,362981.0341320237,354131.9004662364,412637.34698946524,453108.8398905316,172642.25980572184
2023-01-23,182910.48628240265,179286.98347170252,253033.0929345707,357847.6707069577,350633.6892312637,406480.09415609046,447887.1441055375,173512.76974543554
2023-01-24,184143.68314013781,179356.01758235667,259210.90901723123,358618.2888301417,352916.1507189726,407632.62386658415,450629.5859018985,173510.37561397548
2023-01-25,183293.2313725487,176955.8345736286,262302.52804832347,360827.98046880565,356417.3424381008,410347.66584073415,454617.66510990355,171342.71402670187
2023-01-27,177560.84510225002,170870.7074073509,265221.7059645962,355476.2044866555,354080.05537427904,402194.45900078607,448851.0849072928,168588.50893586187
2023-01-30,179209.19014979212,172144.75694674943,271892.48856815335,360287.4431819446,359675.61706763296,409793.273799038,458154.7316062514,169015.61824750886
2023-01-31,181858.65696700057,175265.97422168683,279757.58172593376,365184.04806318984,364852.2077137906,414277.3128389913,463734.60861858533,169142.03961109204
2023-02-01,179044.07737429216,170963.44661762845,281743.87734104524,364942.3800501372,366392.0523730351,413196.85858405737,463222.14564322657,168702.95964214468
2023-02-02,180336.80593532464,171807.3885939965,289644.5450303386,368237.4938551926,370882.9164766845,419007.69714530767,470297.24885189417,168646.4543988565
2023-02-03,178281.67272943453,169240.748039922,295860.5695568028,370370.12229157664,374880.1426351085,423320.46454114845,476270.24096098176,170979.7786606761
2023-02-06,177859.28684001914,171416.32841959136,290105.4672447766,370024.8842778908,372481.50256413233,422913.85257827875,472402.0206732507,170123.14720177
2023-02-07,179076.90597029525,171764.24535874455,283416.1193999854,370235.31551099755,371559.14452662226,425693.18505180016,472363.7063561563,169710.40267888346
2023-02-08,178242.1797152231,172423.39859274367,276490.72405024123,370315.36402018793,370242.285950743,427082.64516537765,471295.9729511825,171148.7893784358
2023-02-09,177522.7942198955,171819.43563277114,269393.04824783636,367164.82133389264,366286.1419498741,425334.77120147797,467590.07389327476,171357.07881546233
2023-02-10,180305.94275290347,172976.00235077756,277750.79017299815,372081.2810894158,371305.01784706744,431338.35895125434,475369.2613822778,171003.233667324
2023-02-13,182202.68013664125,172621.83968811177,269991.83238435886,371392.514132205,369497.7712983318,431428.34411072073,473135.9040084339,170183.48679622472
2023-02-14,181341.5789583452,172845.7557981502,261824.17172335545,369326.055768525,365429.17774449044,427934.1284993657,468538.25433146895,171705.66809687967
2023-02-15,180060.4913271968,173584.94337429418,256135.23460545964,370920.8942219699,365788.3908423341,426683.8739023367,467654.00423766277,172529.24931914549
2023-02-16,181496.97701918578,176764.08487174264,252660.60091781552,373022.2254990537,364797.6344653727,428794.0239710755,467069.56725801755,172720.77983595149
2023-02-17,181846.01509914242,177530.0103839339,247000.688014808,372778.3338269087,363395.06900707097,424311.11943748826,462754.75027738366,171843.08750185755
2023-02-20,181144.81955793794,176782.05963833968,247816.3858420687,376470.6773144341,365898.88716308423,425210.49596756336,462885.7328649678,170889.26926899404
2023-02-21,182111.4427126498,179853.30762484964,245423.73360350524,373599.7645954138,363820.68645341415,419311.2492539855,460321.4532777067,170717.84571562224
2023-02-22,179459.5388947965,180578.38717722066,241641.06978740075,368333.594969559,359578.3159679801,413903.5626056277,454131.6142781197,168109.21504004605
2023-02-23,179841.19794043008,184055.10687816434,239885.0653619914,365777.1960606299,358444.7078508681,414453.9107123201,455216.232734038,167696.93812096032
2023-02-24,179351.19292847754,180818.29641662698,232890.15573116785,373295.9095497838,364022.23894330615,417822.4236513609,459765.07350816374,167261.69250317948
2023-02-27,177653.32427950494,176336.753447076,224984.99581058827,369162.7129499591,360510.1574574255,414356.7941845588,455971.24503805174,166561.6335009319
2023-02-28,179024.67549961276,175313.18688961543,219448.98223028565,372415.1844914376,362924.89245245024,419842.81570347596,460984.2501198482,165711.71683260525
2023-03-01,181670.69615457693,178375.8753349561,216881.5718847931,374308.57725891785,364701.66005349916,423964.79265546834,465063.3577182467,167118.9985273286
2023-03-02,179934.355741277,179048.11560592818,214401.65271726158,371772.79148531944,362304.7102866343,417731.9973678222,459790.3462153278,165883.62669392984
2023-03-03,183016.6369521469,179858.36783825787,211894.17852595635,372826.72678426903,364197.05823982647,424719.2272645428,465553.71456439584,168492.74367745887
2023-03-06,187177.83502260307,180883.11287785086,207708.60399814724,374996.28402152285,368064.89878014685,428379.72217096365,468568.21702341596,169614.15111252764
2023-03-08,187937.0195133892,183451.84794194708,207049.9417530934,381014.9731598756,372489.927124619,439096.2006205827,477661.1774052846,170025.47411985975
2023-03-09,186940.09314932965,183346.79995210416,204208.94070215707,381265.3682420069,373822.7964947085,438190.7859553617,477600.43715130596,168447.25517971744
2023-03-10,185585.1002403572,182084.74816377857,199874.2851647849,377920.9278931113,371884.7276131019,434759.075849538,473833.12550886034,166755.09054539716
2023-03-13,180865.03926222606,177554.6456987542,198711.03393892664,372907.683242645,364255.49835274566,418676.3767855853,452790.6594136676,164278.6047039259
2023-03-14,179456.2576692112,175432.38239543024,199624.93357267152,376662.02611896564,365643.04985119693,416538.87949761254,452572.0506594776,163215.61033565254
2023-03-15,179592.70704017175,175860.53023604976,202343.04563920698,373593.2658897467,364079.5310752443,415387.1646344135,451365.73163894046,162534.23678128477
2023-03-16,180668.94717371507,175778.6475305287,204472.02429462198,372257.8971751756,363717.4181194602,416003.0571550215,451565.39727399417,162663.033572176
2023-03-17,181041.61474866574,178508.96788045706,209860.24047916709,376031.82036215754,366383.66278270225,417171.64816165,453594.12176913733,163759.0781770896
2023-03-20,180331.51071948954,175726.7003640343,210694.02339297283,373130.22507092485,363903.9942031071,415848.78326408454,451809.0398476304,162689.85532618966
2023-03-21,179553.46223654255,178053.9962094619,216546.6238495282,373612.1298187568,363417.3298939003,415412.5391239205,452014.9442038901,163830.41581293903
2023-03-22,180190.67755645944,177619.24765343015,220137.49469089622,373355.37389580964,363122.9037947882,418154.97258841473,454024.40320762736,164255.61730107878
2023-03-23,182192.03931776446,177658.46509562648,223038.97857125715,373131.99926555785,363903.16757719684,417077.5094142653,453394.39233953203,163537.37786305623
2023-03-24,181308.38808190773,176531.01471427502,226085.21316945428,370403.496972697,362124.0635592196,417400.89715794387,453169.78971342696,162274.71667184302
2023-03-27,179622.7277059509,176214.58129264246,229335.29689629716,369849.62309583626,361674.40946579707,414129.5955314104,450573.66775118595,162663.98748392964
2023-03-28,179234.86995737275,175475.93589013565,233550.19990516792,369486.6760141596,360986.1694275528,413372.0585320814,449718.57366594253,162338.3856053594
2023-03-29,185081.67087806185,180775.4039764314,235867.58386038675,374048.7042452556,366556.0327872241,422704.29301153653,457857.47771919775,163573.75743875818
2023-03-31,187101.78463016392,183471.3205570614,233956.94086056866,376468.33562236914,368728.84487219504,426283.213238068,461006.47284063994,166246.0944561548
2023-04-03,188792.3789998837,184767.68601287424,231192.26241377636,376038.84179889824,368191.4110862959,423391.84898609744,459413.8153994967,166612.88287749913
2023-04-05,190894.19931241462,187895.725907082,230011.35614665505,373546.86640168296,366047.18889336823,430635.9354578558,464175.4973410466,168135.5504861069
2023-04-06,191784.3511279287,190059.38070498672,237494.2034549426,375983.5062993327,367490.4221494119,434342.8040591673,466314.21558380756,168538.71848315312
2023-04-10,189629.23519196312,189574.11384456878,243432.0325952169,372494.99101577257,364147.8983796041,429530.9991619203,460639.79506176943,168777.177717407
2023-04-11,191052.86187538813,191447.7784168425,249677.89652479996,374992.1606144852,365304.84293359367,435312.0439581767,465402.1482527419,169718.07138121652
2023-04-12,192494.36863943792,193738.37392029428,252457.35214686088,374447.19333300187,365708.6012711489,433769.2962990575,464234.82510563824,170580.91261859718
2023-04-13,195102.19672206393,194791.7665766108,247615.69926470975,373319.844008581,365996.4258852787,435758.5193154675,464555.8808663798,170730.30268087547
2023-04-17,196945.78163095203,197549.569594885,248330.06216405556,371800.80959686177,363279.56625039154,432665.6644368547,461586.37429316214,169570.10283449266
2023-04-18,199157.2846389731,198745.28498993113,246533.7859253083,372369.31278339797,365499.7654207601,431481.6787824263,460478.1334405584,169122.88655941145
2023-04-19,197545.71640094314,198656.3197018258,243108.38962247406,368774.5668685131,362726.3588014274,427813.23532594135,457508.0084254463,168726.41464879262
2023-04-20,197568.63950948522,198050.2997459758,246121.58663447804,368805.0308554543,362775.59950478957,428654.66615994874,457487.16776340664,168780.9933644215
2023-04-21,196612.47218111274,197691.88246109648,248964.7938988893,369344.1208766667,361738.7755993535,426337.79012362275,456471.09781709383,168777.177717407
2023-04-24,197294.21718892243,199383.22217532023,248890.69695149863,367318.3644604051,361972.3877771422,425553.3189972392,455166.37857447524,169920.13233561645
2023-04-25,194282.32720604373,197988.69486929054,248321.0295514036,364829.252887481,360284.4436822422,422966.31990189163,453480.42509682267,170167.6817877578
2023-04-26,196266.98107357987,198963.75514279632,249235.22010642732,365613.92169612355,362028.206979429,422100.82955365605,453548.87100460276,170592.39696794472
2023-04-27,197064.2743733472,199720.46910813462,253293.6444983389,366508.13332190504,363140.6840889987,420628.17374190956,453625.3453229438,171563.94673693442
2023-04-28,198469.65490008143,201485.0235507878,259248.84143019823,369921.57049441297,365657.1254229909,424233.37793417106,456868.9404974118,172999.93930502667
2023-05-02,198177.9291551345,201214.45372743442,256203.0107228189,368641.94496818585,364839.6539741436,420983.23329726205,454744.7352735242,173791.44290655787
2023-05-03,198942.33333147815,200334.465484794,255599.7547501308,372161.5785573501,367450.1132447645,423447.4378559949,458622.49881919764,173237.9122313277
2023-05-04,202151.3184718053,201356.62802648052,254656.03250181559,375217.72321175464,371881.85761603835,428158.7311906265,465450.38023391785,174827.1479170168
2023-05-05,201550.8976772699,200419.7931446072,252324.6469848346,377413.9751812826,373279.3568896655,428730.0124542727,466841.89070113696,173038.24540838785
2023-05-08,201246.88442055313,202211.2169074542,254147.80704477231,378966.3548410073,377791.90876617824,432200.28225238033,470044.76536184235,174909.50229841296
2023-05-09,202343.17510531974,201203.94506162568,252163.50467556843,376528.6078113305,375583.1457980126,432600.0484465101,469022.0684152342,174924.3346909742
2023-05-10,199792.37700683938,198506.6804393515,250037.74508771455,378070.4947687045,375432.3086787881,428414.2576267661,466481.33493183093,175395.02467685536
2023-05-11,204040.08164846842,201928.08568107508,251144.18688562658,379121.80951849616,375071.05371031177,428398.8986716446,465949.0463654263,175221.69329997635
2023-05-12,202536.09651519053,202055.3723448969,250184.14088825497,378573.148470919,374778.9102282149,430278.4343563463,467467.85999067925,175392.1629415945
2023-05-15,202167.86819888095,206857.84270322512,255571.89324237398,381070.6292391991,375477.39324784407,430531.1359102872,467929.5236548616,176197.05871598056
2023-05-16,204661.2948518165,213385.86763550012,257818.95878562366,384463.6212392163,378978.914834563,434100.1979463475,471525.4858888657,175121.1397786532
2023-05-17,204646.09760023744,209588.07189410878,250166.54891244715,386635.3711844173,381895.0807867736,434878.254451192,473957.3933499128,174117.99869688172
2023-05-18,204381.7644032381,209182.9837631123,245990.7948174012,386729.11365510465,380534.16045263864,434329.5612907876,474730.5890889507,173621.92717669337
2023-05-19,205108.94043791216,207638.2523844909,243123.90703192903,387204.77016221447,381386.1615189843,433355.69660813146,474495.1777373217,174325.33422215463
2023-05-22,204990.5122481113,205508.42122920195,239616.5926111323,392128.42894879344,384221.01662948506,440926.41904719535,481339.1426154645,175388.328590428
2023-05-23,207792.8164130528,206484.62912894797,235707.59261305386,391568.2821925865,384722.9782912313,440824.7966561816,481537.4230119975,175710.09611783165
2023-05-24,206610.6512653816,206569.77140741303,239553.54545352526,389684.7920512518,382895.2490887366,440975.65426298854,479183.69272925373,175110.60934105926
2023-05-25,210889.74176666597,209727.2816932106,244525.8117285261,388963.70362385665,382868.6552526282,445726.4994671344,481924.0421248365,175452.97013985002
2023-05-26,211230.02454316313,209492.6117131033,249448.4811515998,389244.6334928299,388825.536655316,447683.2268608574,486596.5458573288,177159.49956293072
2023-05-29,210218.6985588439,206411.55564699098,251814.55311730213,391059.10993584874,390404.3616659879,446898.2644000224,486409.3281172853,178110.45606053338
2023-05-30,213497.91381848743,207528.82587439174,247537.25407035646,391322.22613712854,393147.53979069577,449011.27930934954,489971.47865193564,178447.54228845114
2023-05-31,215447.7476181345,207765.8016495936,245463.4415910052,391929.31489139976,395876.67349646287,455883.72054804506,495342.1159680521,177495.16427529405
2023-06-01,216217.60640992827,209528.47707231232,249297.5926638216,394122.359926767,396895.4404149058,458770.0156043427,497291.0106819249,177048.41560401366
2023-06-02,217657.8126485503,211610.30618101504,252681.71549532597,398736.2366964828,399455.68508631585,463635.28714029683,501217.6987404726,177492.28383588116
2023-06-05,222424.05414621066,217089.60849585405,253469.66739635743,398365.86472112226,399524.82146016683,467559.42871413904,501573.3041263886,178064.4812548391
2023-06-06,222412.67140728864,219478.45213064083,254711.17790045694,400212.72296328616,400389.36674735777,470458.38950760977,504125.63635745447,178113.80410374707
2023-06-07,226582.00255824137,222498.99968217933,256354.81889125603,404083.4666935332,403747.94376088283,473382.96355652675,507061.5275260742,179333.85723663177
2023-06-08,224829.62787279204,220333.0779022914,252822.09456160964,403277.3523539531,402073.8634888623,468533.7786962792,502381.43744688714,178454.25707903056
2023-06-09,225142.15479006257,221827.14224959418,254857.10716516685,405431.6068665512,402559.9478840062,470864.26044985675,504459.0063813514,177772.8835246628
2023-06-12,224496.30289020875,222140.03240903714,254638.71792589745,409338.0137702748,406440.93155038904,477999.11564737593,509981.5500996884,178137.74541834783
2023-06-13,226196.92369374327,222846.6049101331,253043.9707795959,416375.84288793395,411489.852187602,480548.5300633361,515143.8158859905,179235.69784676866
2023-06-14,229731.53640430816,225589.65137701688,254483.61513097014,419016.2884980881,412317.41512810974,481477.77428484434,516231.786386238,179616.3647489206
2023-06-15,235468.67146825432,228182.39051073696,254588.26891429845,417890.8350236699,411799.1831451582,484122.7466595968,518041.09936186357,178967.06881528744
2023-06-16,237410.6994722788,231798.60211089274,257409.7203283534,423694.00609026966,417289.040768935,490104.33064548846,525948.147973108,180287.67546949527
2023-06-19,238973.40125749746,232462.66227230476,257234.81051342367,425813.7357190373,418095.35848097503,489889.1843956753,526009.7512056082,179612.04408980126
2023-06-20,240895.7455418085,233789.5354964823,257639.15818981512,426513.9363830239,418849.0331882695,487399.8126763952,524868.9931718904,180198.60629751964
2023-06-21,241193.89761005633,230789.7823713645,254274.9337251485,425328.81920065643,417936.9278341761,489162.37123209494,526893.6612976199,180583.10755083812
2023-06-22,241641.74502084253,231307.8947781977,253999.14129878223,423056.6229478355,413301.21711256506,488029.29851653264,523313.5724703115,179763.3606797388
2023-06-23,238815.7411905364,227660.05980275187,249986.87227457922,414406.6251265436,407018.52980084915,480373.81509435625,514698.39257545245,178750.64307212704
2023-06-26,240943.38727386837,230443.83463886767,250061.67253822318,418163.35859207506,410268.0084336939,484136.28554058744,518331.9758903781,178996.75230456196
2023-06-27,240577.2982438849,231714.82558087056,251015.47810221268,421347.71506775124,414226.62429056363,489874.7489112206,523671.9662629765,180205.32108809907
2023-06-28,239956.31613028637,232008.4797497712,252238.9954393623,422219.64127527643,415414.2083293926,491608.1745829483,523942.3916522074,181686.80215393275
2023-06-30,239433.12051598134,233100.87147949007,251331.01764986632,424792.16088236857,415758.65075042145,496657.73281791224,526892.7578651056,183764.44065747713
2023-07-03,239528.08708006568,234736.1443640832,252355.32520989783,426873.9223882068,417230.0140094718,499949.06647258205,528535.2734303069,185042.90685715724
2023-07-04,239664.84654598247,232549.09415854348,251283.50656844315,423371.7245284345,414182.3774532147,495181.7397103048,525319.5251587036,185679.25951758437
2023-07-05,241084.98795351802,236134.13450580707,253521.92902170226,423482.1424831749,416077.262888075,496248.7889017621,525743.0302582979,185770.23651306724
2023-07-06,241931.16415727523,238439.32216600256,255902.73902959877,422305.281437688,418166.51661864703,496552.15860556357,525682.2899847879,186716.40474774974
2023-07-07,242200.29139954734,237326.31237174582,255289.00907494404,422725.79500592593,419130.87802562333,498028.21308016975,526385.1796214473,185131.48972118
2023-07-10,242431.0695812176,237598.33923202456,255551.92561052652,416728.2107635143,414067.1580423435,492102.44813732256,521471.60940118425,185362.28025310085
2023-07-11,253857.99428378214,248056.15252560412,258960.51152235852,422638.9035581872,418901.0474412117,497294.6856783491,525899.3080531763,186161.92016076593
2023-07-12,258600.4902425645,250443.51214946585,260169.42725804655,425956.47737920354,421141.2568951035,498627.19947701035,529373.205566796,185634.25732779579
2023-07-13,258024.98203817234,249435.9245508383,259226.57776008683,422513.8599721774,416804.33521968767,492867.6598380874,523955.7493138977,185916.2785321318
2023-07-14,257586.00584618287,248884.5435495271,259518.80807608203,427834.8568339526,421195.8184398769,498343.13955597655,528694.8018857468,187359.93980255708
2023-07-17,259844.40065241943,250374.77372234152,259384.38705473437,431042.91339993814,423782.35531545896,501551.171397335,531488.7667769266,188767.20279312844
2023-07-18,260736.62954205196,251306.05163649228,260472.80435647487,433414.08495807264,424657.86536149465,502157.08974121034,531583.6483858749,189129.2029515526
2023-07-19,264404.21173667535,255561.52533646172,264143.2130896054,439699.70040909486,429814.5515368452,506514.42733263824,536568.3332517833,189932.6772103842
2023-07-20,264636.0343603571,255845.46044754074,264731.19071534474,442447.06533781753,431270.2307449226,508603.90551189875,537213.9458438803,191330.84998306807
2023-07-21,265063.27322982386,254556.4175515609,265026.3511439014,443496.2451893432,431686.00364070456,507829.6154763567,536670.0351064617,189088.5027167313
2023-07-24,267886.2658931833,260834.02699127558,265271.22818518465,448182.7715185971,439042.27922563616,511213.7657162575,539432.2012130907,188392.76437360307
2023-07-25,267489.52167272236,259455.01123890636,265766.46863379685,444124.62895648443,436872.3666793558,501962.3068358313,532860.6802985071,188471.7707117856
2023-07-26,266013.92271073343,258663.48584340815,266114.8133597741,449012.2139021475,442595.27023123024,506369.19400095363,541551.5579497766,189407.40850887416
2023-07-27,267808.9429718694,260807.02349545868,266934.99539473123,455910.77137123514,445775.4032287781,514092.5942102854,546917.3789772786,188273.54410855216
2023-07-28,267809.85191923863,261031.26097315448,264605.61073990277,451156.0638112792,444825.0623796556,511094.52536569175,543305.4404715482,188140.9129664944
2023-07-31,267678.30844511057,264109.4122028711,267410.60248015757,458511.4760744048,454815.10439021385,518139.47151437885,555468.6610518626,189172.78362578677
2023-08-01,263419.27073998866,261109.25246778305,267318.79781454074,456856.1309131474,452990.55585094995,517645.9912955033,553149.3077658484,188978.8589775207
2023-08-02,264484.8208533424,259188.30018467797,263495.796024489,452029.9225270947,447188.64321843995,510710.38511560054,547640.861126921,186996.51812857852
2023-08-03,267660.66426967236,261624.6366059578,263777.1113521741,452530.98892702785,449147.691815589,510550.3997275413,548709.7147328885,185608.87579348858
2023-08-04,268409.23839230655,261288.27257303405,265188.35000548273,454243.6013507914,449963.7166763849,512163.30611165037,550016.5118384816,186905.05482514284
2023-08-07,268382.78461606376,262161.7256738762,265943.833365133,458687.29537192255,453494.7234309637,514967.9061451338,554050.2419130561,187674.05733177977
2023-08-08,271958.7558270197,265622.04502935044,270188.81367622415,459816.00193068583,458644.6689387998,521542.6702640319,558862.8636020701,187420.74700081258
2023-08-09,270872.75297294284,265815.0592866984,271320.20762753004,458341.42629133526,456462.6559688251,522679.2950615571,558891.9243515736,188011.62986765036
2023-08-10,269221.82957013894,263199.3220106608,270505.763641532,458175.22635001456,456695.5885248358,523812.6108452251,560380.2040191989,187154.99840874426
2023-08-11,269417.972891605,263298.5088287673,269409.12131378637,460820.0581315016,458367.54366618977,525098.5124390813,561769.0439728549,186055.624464769
2023-08-14,271743.0726294343,264700.048574862,268557.78042494756,463273.08542464895,462236.88180765015,527174.7154899325,564279.0124141325,186115.4777512709
2023-08-16,273182.9173420437,268355.43074736214,271426.60456959874,470911.335789775,468280.97047896055,538333.2558870285,572171.2718727847,186407.07548144722
2023-08-17,275301.88126206864,270746.0140598651,272284.09861638676,479145.421476085,472905.97721039667,544262.9878872352,579700.6809971421,185451.81702887727
2023-08-18,274794.4511363953,271206.3595910191,271621.78535673785,475816.43071343756,470586.7884325412,540081.2109672902,575698.4987921522,184924.15419590712
2023-08-21,278228.6038917943,276941.0081283473,277996.17856437666,488826.2840962564,479084.24530736206,550513.0641853679,589777.0889326627,185723.30779561936
2023-08-22,279999.2089585859,277679.0515485487,279935.18299156503,491246.089323014,486528.0574493485,553289.8998585254,592990.6516048154,185750.5971534338
2023-08-23,283516.0454228907,280103.18946544913,281546.05703764316,492900.64689437015,487950.0018090409,556589.3614959638,596321.6412259659,186205.96843880092
2023-08-24,282403.952028124,278127.0750006795,280270.13860577915,489274.20335059986,485773.72684394836,551193.2522930204,593639.7793639924,185657.22602649088
2023-08-25,283042.31039036217,277515.24102694326,280096.25064557046,488923.01556039153,483814.9457270408,550762.4162715633,591902.6322012604,184499.43901572019
2023-08-28,282151.4201120754,276334.72026976885,280332.4485834371,495653.26700506883,490373.1960487261,558595.1586784188,598795.5250920278,184884.89418079227
2023-08-29,283013.3485792189,276938.3674094284,281208.77097319753,496079.5112594081,493519.4764313259,562895.4984100462,604573.977591208,185235.39128571688
2023-08-30,284987.22608718014,278830.0315453358,284206.8303712534,504085.3738451087,502578.406051772,573894.8369016994,616739.7490271738,185281.34738725907
2023-08-31,288582.97041323694,281376.8801241276,285814.9910935472,510121.0782347117,504505.600460112,579092.3916976836,623796.4750639566,184384.5207056366
2023-09-01,290884.7918530336,283401.9470572949,288500.37214257935,508634.07184736285,504286.33361894806,575632.0056880089,620461.7369245853,186122.6601456511
2023-09-04,292001.4143416708,286044.0699006578,290681.6806884418,513898.76559615525,510100.2833330442,582329.7816026455,625170.6178499599,187018.0653117192
2023-09-05,294445.18866737676,286686.5388292088,291710.2537856807,512097.1320780943,508739.8563578031,582295.8346244039,626904.9005388209,187459.53941212664
2023-09-06,291149.65787362854,282868.1527291862,290739.859572724,509731.97645043966,503779.3965009134,579883.4158943647,623380.8376036924,187805.7345620839
2023-09-07,294178.276579804,284297.6239194831,290986.2389568822,511065.3451593548,502739.7111293326,581421.3076067895,622977.0794858206,188916.61155955875
2023-09-08,298016.42362885113,285780.9888897393,294564.77693421755,511759.2202373686,503925.24116151786,583198.7107948923,625846.3638448168,189806.255846801
2023-09-11,304422.63774285413,287890.88731616177,301922.3193056431,515668.33886464935,512842.66580088047,585508.5787859325,629336.9880108264,191495.5587458604
2023-09-12,290668.3558033544,277674.63784618437,293590.3721477477,484897.1599146336,481343.49798392755,553927.4950374216,594250.0146637098,191465.38894863307
2023-09-13,287939.7049319601,278382.97338405985,296133.9276699753,489223.61525082577,487493.8288201478,556884.8613224083,597100.694096576,192200.87361482895
2023-09-14,291561.287666984,279682.7196810138,299863.44377460104,492401.7784546099,491870.68287891545,560379.6831473632,602089.9641363248,192517.8528793125
2023-09-15,295146.1646784865,282208.1266200789,299759.3478632592,492858.80269677227,493342.7563127335,561672.336896792,605363.8198376296,193372.55781055932
2023-09-18,295768.9012215121,281044.9275068536,297446.20703163993,495438.6714911549,501578.2014973792,564851.255269072,614456.3700613417,192807.0751821808
2023-09-20,293819.4027457182,279971.43037329573,296451.7159547537,490963.86712739215,504053.19906701386,560101.60136732,613390.4567131292,190586.2750989847
2023-09-21,290044.005446443,276975.81125532597,292809.2494744828,479077.8916090982,486300.7730259818,547347.8889675121,598232.4271819063,189063.12118242413
2023-09-22,286534.3575235221,274687.5313013461,292543.55851625605,490397.1820539653,501298.93370156095,560799.4052099774,616274.0082049096,188410.96351353006
2023-09-25,283278.5841478809,274150.4894433154,293514.3115503476,490506.81258766726,496825.5999458807,559295.7832678832,611624.0900124777,188413.843952943
2023-09-26,286701.6472011361,275516.4270875424,294650.7060606265,494753.84049058665,501435.98852999863,561298.6974941394,616034.6884387238,188319.50021009438
2023-09-27,294754.26830924436,277942.0576415353,297871.4774107861,502484.6782942122,511232.5796263274,570764.4085946265,628767.9819800705,188815.08542232995
2023-09-28,295126.9008078515,277093.4379374195,295721.50497366674,497445.4780980922,506014.01479304844,566193.1499222446,623618.7443020331,186967.78855105763
2023-09-29,294389.54019984923,279356.4079223985,299674.0187343493,505118.6733566181,510444.4831974093,574819.0025988063,629973.8459202548,188066.6948912321
2023-10-03,294878.85132275044,283089.3973919896,303224.90598831285,513822.39214954077,513583.8177176763,584448.048389456,635321.7270660404,187017.57900376635
2023-10-04,292958.9872830951,281829.7804410082,301005.32308471034,507630.4739201311,507247.61027845356,577427.5012627415,627901.9916920962,186130.31014383212
2023-10-05,294087.02378310775,285112.78112056834,305579.5854869939,510043.6919790266,508317.09639234166,581655.5745762945,631096.8468849476,187180.3799430515
2023-10-06,294649.0142902171,284062.1509016023,307541.6156263253,514933.2215124663,513567.3627318224,585891.706497565,636767.6993132944,188212.25060234385
2023-10-09,287708.34923202376,279433.00764991686,301397.5214051645,500270.9189287056,498032.75282298366,571085.7706630845,617114.1655933463,186860.520239155
2023-10-10,291781.0716200149,286198.0619830409,307539.28885028244,508033.78783116216,504984.8723681842,578829.5795501212,626583.7604362073,188560.35357580835
2023-10-11,291162.18878976576,285480.24337361753,306739.03326000756,516796.35582745844,515600.4848797556,587742.4547751193,635181.0229097689,189723.90146540487
2023-10-12,294680.0652792512,287120.8971593682,308220.4540490561,516542.2763530419,522535.72554764315,589641.8043217012,642747.7828412494,189557.75248290604
2023-10-13,296422.10812339524,289004.253591024,311249.6637765469,518871.30933693785,523965.7956629897,592996.4227493459,642882.0064560778,189146.44817972594
2023-10-16,298226.9607696966,288557.8208254877,312853.9943144603,526349.3310223827,535106.0599484276,601377.1458473253,653265.6158203362,188961.61374934734
2023-10-17,298338.3837530412,290047.23604030715,318350.4431896159,529513.6000156634,536518.9583241215,603261.3750471985,653284.1423336687,189725.3416851113
2023-10-18,299656.18255074957,290019.35679951165,316343.6307351538,525352.0470471879,528863.510819013,593928.7560243772,641985.6802354691,188380.79371630272
2023-10-19,297819.59976820386,287563.3343978082,319900.3817616573,530383.7904757464,532178.9824482122,599301.9390175864,648921.2802518863,187936.43917648238
2023-10-20,297453.8907190497,284007.4259030474,316387.3885403867,521985.16105410276,522643.0397736839,591236.178472602,640890.2322666306,187150.69645377694
2023-10-23,286852.35933097237,273835.00280937174,301743.46838471614,493919.63996099064,492721.85395407915,553846.0924695472,601261.7110929065,184652.17712121215
2023-10-25,282232.97871446033,267944.86322268983,294876.56433778384,488658.4002066274,488987.24981080496,548243.6977987138,596289.4971958725,183123.76733793062
2023-10-26,282439.97852735175,273404.79402433714,301579.57977188256,485311.84309384896,486140.974110267,545552.8302657949,592801.5665749062,180586.94190200465
2023-10-27,291302.71224671113,279060.5281986763,310523.47534274065,491133.4323238919,492364.669503001,554047.5844383605,604810.29599973,182406.48181166174
2023-10-30,288757.96197707206,277585.68976856064,312218.6208031501,500692.77790748724,498133.53920166194,564925.5292094059,612402.0633664164,183303.32719743624
2023-10-31,289705.0463470911,278372.2816087694,313356.0359272478,497913.3150256926,497978.5157337483,562299.8749405541,616347.6656566862,182716.27868176502
2023-11-01,294284.47443774197,275959.1592800946,310267.7818557517,497328.85832319665,500259.85623428633,562106.8963619892,619621.1783814795,181850.08940117067
2023-11-02,297119.4566200407,275204.5934969421,307662.59267057816,498980.0323267145,500357.3940493234,564306.0666960545,620805.4590657435,183230.06303392755
2023-11-03,299595.88288238546,279211.12199511856,312231.2971291311,500547.460880395,504213.6688867756,569006.6456174355,626937.8736294499,184162.33408365038
2023-11-06,303013.66270720045,281894.4416823296,313553.06812610215,505573.41172967246,509079.67619475967,575410.3585082287,636840.3541014262,185897.1254804512
2023-11-07,302982.1545563615,282563.2451354432,316411.8714624103,510332.1344382231,513459.76145137195,584037.1114992339,649055.2255726815,185848.75654329688
2023-11-08,306722.660208838,284231.56511556404,317031.53170793824,514442.80710503005,517658.7984790865,590517.0999079905,652021.6280240882,186201.18017588076
2023-11-09,305183.63685224624,283826.7914248344,313402.6426578059,517967.19263495156,519336.28267208964,594940.4019641262,654352.7970188196,185739.59911203908
2023-11-10,304135.92759542866,284163.1756906779,315560.40652353445,521512.48224853305,522382.0340053211,599310.9316227657,658821.3408888582,186027.3624910489
2023-11-13,308019.76259132585,285904.23062293895,319374.6545790998,532570.2929069672,533202.8244205809,613822.7620748352,675365.6083926065,186201.66648383357
2023-11-15,307469.1420000205,287231.59691638104,321362.1919035639,544388.1828965455,541999.7917899167,621727.1166850548,686257.7854848958,188422.4478628776
2023-11-16,308284.00622638944,288061.8919944682,321756.97043033707,542152.3176164208,539676.7689561548,619001.0572292039,684509.6664920415,189281.94105704458
2023-11-17,310454.0150021258,290061.86088568263,326409.4339730883,541661.3657811824,540386.8554198508,617918.6348851181,685267.7100098585,188962.10005730015
2023-11-20,312045.7722959844,290689.1982532201,325594.0728956939,544291.4258976496,542733.4636679988,620229.5986337395,689649.5884852903,188600.099898876
2023-11-21,314055.3989179686,292941.5334232323,327176.41310931067,544966.9648503673,543314.238705544,623443.4647385638,694836.6442970837,189456.24504982925
2023-11-22,314206.90385670355,291377.57151967724,325022.93385584,539192.2806809776,538702.3081743162,621543.4154556703,692934.3335411499,189728.689728325
2023-11-23,311069.5846435073,292081.8915854396,326684.6847992953,540550.2448612017,538691.3617724193,621304.6488353299,693298.6435318505,189634.36468962845
2023-11-24,318506.7763195262,297014.5694892753,327547.6738380287,542223.6174767892,540101.4387159052,620074.5105223531,691925.7466567283,189564.44856933344
2023-11-28,315594.52254417044,297639.5211149968,330954.45110519056,544139.7270076172,541592.8340822456,621651.701399914,691673.9306002426,190474.218524162
2023-11-29,314984.61158198677,300037.96526103985,332132.1665665098,542225.3573948701,539424.5265157471,622246.7489861227,692832.4486345284,192455.60546135055
2023-11-30,317547.1029997057,304586.78683860373,337175.4333775274,547472.9642943044,544154.8531847353,624911.873441756,698019.9578271813,192805.63496247435
2023-12-01,317290.8446695311,305446.05123380467,338010.97309096536,539008.3277152571,536836.8347287452,616908.2601233082,696052.2856969088,194096.0718194548
2023-12-04,320835.42079979344,308622.2075757081,341741.6439540594,540970.6658351485,540410.1930042828,620702.1116937519,703667.2652239128,198107.68223478706
2023-12-05,320476.93329646764,309012.0995799923,340946.10396932333,537267.7022892706,536966.8125985297,618889.6019818459,702163.8877382164,199719.40031121837
2023-12-06,322340.04179038387,313354.50456075615,341497.7561344251,534391.3990988682,533186.9415776597,614385.2382719794,698131.7684771667,200510.4176047968
2023-12-07,326200.90177919,316643.89067539154,341401.77529349044,531489.4194339869,531133.0939943971,610413.4027350888,696019.1892303093,200160.40680782506
2023-12-08,326723.29240770126,317423.20356361143,342049.1528504488,525250.8466081274,525855.6515758926,604172.5992813087,693058.1700302002,200814.00469642552
2023-12-11,329468.1522769423,323495.3881097004,347496.913681593,528265.0299744632,530625.4198507221,608095.1890393761,697586.5095196915,201079.26698054106
2023-12-12,327334.23398454,319262.60303358,344753.2726714218,523626.6282375313,527942.8938487825,600960.8421381948,688847.0602483,200210.68356848662
2023-12-13,328631.6485673561,321901.8910282152,347994.7709445541,527718.1556954146,533342.0781281895,606031.6996112885,694794.9695855926,200401.72777733978
2023-12-14,326924.18287902937,322944.7783049841,352685.3044506389,532207.1480887048,537386.7556355812,608429.1589802409,697380.7411351688,202856.6664356704
2023-12-15,329130.9143476187,323715.76904056943,352092.47656187706,532657.8929513063,537580.3162134173,611568.4716338088,699917.2458410708,205480.1669121119
2023-12-18,332069.6236707748,324478.6786080077,352881.9574991151,542972.2626283912,548347.4436884064,618720.8857850113,704978.3734070114,205116.25893018048
2023-12-19,331389.9945322136,324693.71180946304,353564.9235461522,540132.0236918018,543593.1925642273,613351.2401073652,699770.6518864611,205446.16276371802
2023-12-20,323070.9774909891,315111.9864287358,341034.14951233985,515052.95046442654,516752.7943525879,587573.5847729413,669407.9549413882,202544.96174205982
2023-12-21,324573.5768830578,319803.6286978794,347330.39248223417,514060.58507352456,516779.2405825928,585536.3531917662,666740.3019340781,203549.54304353776
2023-12-22,328426.4610222119,321700.50783589575,350977.6404496072,517667.0381934667,518483.097715142,591091.805778813,670588.7391573311,204453.0845157397
2023-12-26,337103.78945335443,328326.1506658488,354321.0462771531,527309.4085564644,525375.2888039511,601942.2763729399,677286.928385068,205333.63858509448
2023-12-27,340934.11097364,328362.00730349426,354796.879930516,528969.3169005846,526090.6588651334,605131.7789497139,680242.9337009189,207377.272940245
2023-12-28,341287.8583003856,328523.92175396543,356037.14884600276,532577.7502714843,529418.0575095902,610875.5347800246,683840.131993806,208564.27583648945
2023-12-29,341348.45513240236,328566.06527058786,361050.7606069344,532648.9578250147,532501.2593659922,612219.2994262781,687269.1796036381,208111.31738673442
2024-01-01,340495.6424561526,329855.49022445,363019.637207449,536829.7159238727,537919.5117220803,615624.3600658013,690829.0456999307,208211.8709080576
2024-01-02,338694.2226985898,328226.7988588963,360258.211677284,540630.6711357349,540451.6369948953,620640.981941972,694361.7575053447,207483.10103244113
2024-01-03,338852.5942048898,329860.67898032424,364264.5483604537,541654.9048251448,543106.600829173,619674.2262945926,695182.8560423013,206061.45454895732
2024-01-04,342155.68938398035,331921.7014569428,365181.0692738823,547835.7018318286,549484.9424988471,627022.7650354503,703555.5014327877,207414.13882389973
2024-01-05,344487.80434372264,335506.01972583984,368555.9513655507,550218.5205175604,551717.1087105846,630449.9994068632,708316.890126362,207914.04469525468
2024-01-08,342794.9481298879,335503.98862990836,366680.4280650704,547682.0536007955,549135.7738069904,627065.9650612376,703929.5359790502,206019.80040238242
2024-01-09,343207.69393288135,336275.89681026805,368402.5602844567,545748.8341637612,546478.9337583979,624155.0505120642,701130.5165821643,206324.8090095656
2024-01-10,344862.6566918914,335719.6885569367,371481.08230520866,544144.1693713062,544892.3873581159,622007.6026268656,698110.5453873544,207032.03170204136
2024-01-11,341786.7172393184,335582.76312362595,370626.11413643433,547432.5657800664,548319.0361989004,625239.7893256998,701729.6858742222,207304.96268848993
2024-01-12,341460.6835320001,337123.20314056566,371896.7962919185,544731.0079599995,545450.7355714103,620729.8279606487,696843.0013444301,209673.73131840987
2024-01-15,343476.2451646973,340077.28645431064,376168.3782746208,551660.9460737404,551048.0767906498,625333.4096617406,702551.0266706307,211616.79344808517
2024-01-16,345952.5949741505,337507.6727703776,374813.5986587623,540539.3000643831,541266.3615811116,614262.6659167648,691841.6426368139,210992.89775291123
2024-01-17,344393.1718028772,336302.1457663006,372557.3868481026,534015.9688692704,534213.7046584834,608053.0061887639,683462.3086283931,206584.3291190073
2024-01-18,340925.85996752384,335509.8834951876,373308.0810272191,531937.4110131278,533665.9276174741,605236.6184246895,682298.3694352176,205533.79171598717
2024-01-19,344676.6738325464,340151.3335704981,382029.7280656134,534400.2386904816,539126.8492734864,606958.2415755193,686012.8352716111,207067.47607014168
2024-01-23,333653.755996355,328566.17594940355,374903.88823198166,521665.9448693838,526759.7832663911,592834.5911528787,667837.8746610717,203393.92449863287
2024-01-24,341162.76997868204,337452.2205142885,384338.56551631517,527744.953777326,533738.4823589402,597839.9205367953,671652.3977032847,205454.2990698519
2024-01-25,341928.3597920828,335081.070059279,384868.5478939818,529679.0857405888,541105.1768040229,599790.9744689622,679208.6632783939,204483.72191676786
2024-01-29,342397.064830036,337263.9027398332,385768.689467609,547556.3555411787,556509.9297309138,618755.7125264273,697101.6379243099,208170.68436528347
2024-01-30,336911.7418459501,336728.6339346144,382893.28726850695,550000.6432678519,559842.5329226792,623923.9238475946,703662.7150369353,206106.94304669875
2024-01-31,346234.0697974829,340722.2631255709,386661.501482473,563520.6752404779,577011.2338485926,638492.231425871,724243.4381207485,208056.7199669535
2024-02-01,340871.75203457125,336829.3952916723,385010.2219833947,567912.5115976125,578871.1094518111,646335.6806408489,730052.7563002043,207786.18311196505
2024-02-02,342344.6974858459,337727.2128398563,388163.51650829153,574953.7240402972,585527.27085596,656304.407404722,740487.1964350865,209283.4878904176
2024-02-05,337545.608337488,334247.14955779706,385684.5158119108,584970.6935123809,593000.6449593978,669509.198258713,752450.8880782585,208497.24015560735
2024-02-06,344526.69785943284,337299.0981006289,389915.1256351056,595759.22425772,599192.1523010827,680091.083600474,759502.3890762319,210007.4695031139
2024-02-07,343505.79768367467,337483.1612520131,389682.66314459796,600436.1199893298,605238.0119728246,688474.4506030363,772444.6913838623,210017.9999407078
2024-02-08,340306.11817937717,340283.85711582063,392815.5813461708,595521.8413533733,601087.1665797796,682422.5661278748,762915.637023487,207982.50189169115
2024-02-09,338420.55525798746,338514.927513414,386087.78407728183,593396.1173835736,595827.8265320277,681052.2498047225,756743.4596477251,208600.6741163434
2024-02-12,333332.8104539844,330436.54006158747,368823.8807446137,561391.51199877,563296.0565623775,643192.2980427621,712116.4903196347,207006.6688718862
2024-02-13,335022.66605582694,330955.34892999555,375898.9305575672,567537.3205756752,564817.2283995701,650399.5161407063,717238.5904938898,208224.79547711156
2024-02-14,337538.54879462795,333608.70208735607,376950.40870892076,583017.9010957927,582649.5961127499,667284.1618244994,741524.90956658,209151.8106601135
2024-02-15,340846.9378009753,335360.4195439422,383066.5793481488,587182.5759293365,587948.0519472552,673220.472794509,749225.8256574281,209828.86355536192
2024-02-16,343365.1630927028,337858.08632573584,383491.58855655655,590965.1911140106,592361.9798644435,676555.006112143,754548.1536777803,211073.3256066481
2024-02-19,346520.7402699992,339889.2527481678,382502.55425291084,600874.7593819887,603069.1223212237,687538.3424083003,765279.6340446157,211854.29877058545
2024-02-20,346329.79124603857,338670.5649615828,382770.0679113925,603372.4526623286,605107.8547829627,690490.1325817225,768119.2355585071,212569.65776919507
2024-02-21,340834.80167077575,334772.5534628694,381136.66309532407,603391.105447466,601044.6597372292,690340.1027065624,763629.586918573,211210.76371577807
2024-02-22,341198.08414064714,336144.146220389,382108.18369041727,607444.032404166,606081.0353419497,694657.8006023609,769970.9203306579,212765.97654892123
2024-02-23,346817.99255564646,342041.2392320068,387093.2279529354,609800.4675256592,608285.1736264983,697423.8377717013,773483.5809041129,212720.4880511798
2024-02-26,345874.1542264312,339466.04218458,387484.33606923156,609139.9723886966,606285.9551621845,695958.5815212348,770922.5724831766,211852.3909470782
2024-02-27,345078.5239781086,337302.06121536205,386282.7925170053,606533.3458576143,602797.4997655172,692493.9812394282,765104.0543823065,212583.0686462019
2024-02-28,343366.64661311964,335365.6060682449,380180.3068622423,604052.1731343132,596514.8506529989,689707.4777014999,757596.3886997388,210215.75894014045
2024-02-29,346850.3167816234,340040.16006903886,383918.02304573305,625049.3716213672,615926.3502338597,713397.6416234369,782802.632814215,210518.85972381633
2024-03-01,350841.0495383846,341650.71358139114,382537.620720341,633692.1995822982,622681.023464351,723050.0634584597,791136.6209507356,213927.61661501048
2024-03-04,354377.95976146625,346224.1480870763,389067.54019309045,612796.8813450993,610800.4599571814,699470.2091650945,776896.6016366205,214567.80362660415
2024-03-05,348794.8848850169,341931.0212280263,388380.64740227367,602944.9258714707,601924.5898729659,688408.7440220672,765654.0244807587,214095.69212516857
2024-03-06,345647.21691124694,337334.9689621278,383612.5606765816,586562.0337243376,585746.3002826633,670276.3041257167,745221.9624946528,215223.32804286393
2024-03-07,348359.15398649324,340983.110824544,387193.1412194387,591073.9287565901,589632.0546022664,676238.31221346,751775.2860042278,215410.07029674976
2024-03-11,343553.9588344804,335246.08494241745,379254.42980240885,568653.6663807579,568647.0339361925,651646.0627596291,726149.877124927,213869.20354821504
2024-03-12,337487.76972446096,325067.9594846053,364871.5217100306,563769.231894729,564918.7281121054,645870.1214123633,720955.4082396161,213898.40072953678
2024-03-13,315574.575360946,301763.6718747679,340541.9321806667,540879.5313410566,544644.2049676236,619215.0624676337,693618.8489886754,210661.53499551522
2024-03-14,329949.5731719395,313482.56348112633,354900.48253088794,551175.1938434228,552192.404430944,630599.3121084112,702449.5951719831,212087.96974191917
2024-03-15,330267.8361393562,313977.01457004965,358475.4602990581,548159.7287002443,550049.2960678102,627107.1370660001,699768.4704147028,210907.17662414932
2024-03-18,327491.88160047156,311207.60970435664,359026.4870645569,541906.498163663,544682.0780249198,620029.8727750239,693053.8011378322,211216.97349425263
2024-03-19,326830.8246574737,307887.09080821084,355019.21462090657,531750.6150193252,536780.2357467485,608431.6719349381,683142.7753388335,208935.36621280108
2024-03-20,326966.6761020589,306756.5202999191,353818.40851065604,531635.5297043249,536334.0139784304,608312.7662253797,682559.7449341379,209142.70173807399
2024-03-21,338100.38052961876,316821.27578064793,363041.77904563467,533455.8689636737,538592.2704182201,610375.7989488959,685401.2503199154,210798.0004887395
2024-03-22,342812.5332120995,320172.4047474573,365059.8009136028,536243.4817330182,541529.5834809309,613529.3098675644,689123.4331577036,211610.0973616578
2024-03-26,347903.08142633975,323040.33896576066,367243.2134832775,534541.7074761807,540306.5786392284,611576.2683757837,687577.5154835281,210728.57067639733
2024-03-27,352737.9369422095,323721.73616765806,366728.68726234185,533711.9736979496,538775.2117300191,610679.0180390005,685622.2972180911,211867.70964759227
2024-03-28,353221.3316355847,324515.4857884087,366116.4227314901,532026.5482782696,537333.4988861482,608774.3214147692,683775.0886982658,213814.1385246333
2024-04-01,358421.7403813306,333322.0863455222,373847.50594621006,533989.7983132254,541901.866810661,611033.262577516,689569.0529020366,215107.92342482752
2024-04-02,365678.8255610254,342143.2217298634,384200.66345999175,534120.3951566805,543510.7859354422,611140.7291421532,691669.4329325315,215024.6151316777
2024-04-03,367869.1940916225,347547.83110216353,391768.94584049867,536944.3459389715,546528.0875274088,614349.2034670193,695564.6015820659,214846.00918392566
2024-04-04,370212.1082217423,350260.1093318451,393809.2345281721,536532.5761963717,548494.9491988651,613845.0714548875,698214.7866925604,215612.13125114972
2024-04-05,369580.6246147751,352767.0345409999,395697.5842063327,534395.2320137519,549188.2777287543,611386.8765286953,699155.5855884892,215603.0223291102
2024-04-08,372517.65812179947,354041.4549451262,394782.18650731025,540339.4323063188,554490.6785697904,618190.453590686,705882.1876328754,217064.4151356617
2024-04-09,365769.38407497155,351010.98045940703,392110.79285448877,537744.9434962459,552547.9903493846,615225.1092269109,703415.103363979,216838.8804704618
2024-04-10,366739.86338282254,351302.24470108113,391429.3829684756,535127.7739785864,553108.565892753,612265.2741475832,704079.3778933326,217902.36114668797
2024-04-12,366851.50564274867,352393.82303885504,391531.19966147747,531002.1348818758,547475.1000158212,607549.3517064654,696918.3708724903,215657.61974889113
2024-04-15,365576.14030946797,349107.4919853805,383339.2575978947,523203.02572254534,538998.8402652943,598608.6579210974,686144.0004940012,213293.1717780906
2024-04-16,365361.6062010413,351638.830897518,382473.02212903555,531831.4120525448,546612.2422569509,608405.3043319398,696025.1826879181,212099.94039921954
2024-04-18,368972.0878455321,352683.21621862036,381423.85626057326,531045.5047276097,544252.9640565441,609729.8909850562,695768.471200384,210643.82216354107
2024-04-19,371402.6471153267,357859.74563211645,381562.3890028774,534056.2382757785,552129.5506471582,614643.2343208467,707590.9662118186,212091.31778513285
2024-04-22,373886.86640094616,361234.9889492008,388018.40943727904,538951.011685301,559811.1236502106,625797.4694287113,724442.5901417546,213905.1155201162
2024-04-23,377266.1431053155,365296.1237074496,392667.6515005047,550269.1353394422,570144.7344640525,635567.513514471,733254.9869716095,214207.72999583927
2024-04-24,378977.34295262414,369663.6006695831,400145.8797272518,553672.2678432476,574833.0910633616,640259.6925293528,740041.4155522615,214537.166225576
2024-04-25,380762.33187827625,371322.8538094864,403040.33898735675,562189.390469203,580734.8319961872,647706.5841845844,744231.9263213815,216145.5362587936
2024-04-26,379451.0628839082,370930.9889726089,404414.7960947762,559013.0052909892,578879.0158642868,644937.8789969961,743427.2269314943,214705.22303158205
2024-04-29,379236.1847245258,372898.2403314345,408170.9167186592,569347.1836083409,580145.3615836565,655215.6231987127,742975.0619818664,216845.1089530884
2024-04-30,383528.79436540883,373399.4244254932,408190.01948028966,564732.5549340867,576976.9361290021,648517.5158596465,737208.476284975,216475.92640028402
2024-05-02,384410.8483924151,374755.2724096341,409558.1653334175,569025.3471060222,580213.3119211915,656099.3264629467,744627.3077333348,216891.0650546306
2024-05-03,382272.9456896747,370610.7724105628,406878.0351540704,553673.0576251961,568251.8860276359,637827.5465611864,728529.2310924311,215240.55456688526
2024-05-06,380611.9058448248,366407.61064430635,401449.83324862877,541448.4067082473,558593.2359972756,622482.1360334824,714529.6828242,214923.0889944489
2024-05-07,380404.8289311353,362720.95738971827,392761.03703255835,529562.6554891055,545431.3853991465,609692.4383954093,698948.932122991,213580.4675532996
2024-05-08,387423.8068309828,369725.37967330264,397436.54480903695,531894.1133064964,548108.0266158096,612189.4337359861,702149.535259098,213580.4675532996
2024-05-09,383715.29475231416,365915.5273093013,393311.00425702357,520672.91845595697,536054.5861359776,592999.0449700317,677990.0866502498,210276.56613839592
2024-05-10,385866.65580143896,367428.1288594552,395535.56246309367,524828.552479099,539403.7181720441,597872.160329421,682493.257101813,211212.1852313325
2024-05-13,382994.3788571174,368600.60146362206,396427.71077331644,520995.04997721745,535643.4489497781,594516.33414563,678255.2055423367,211680.0134819528
2024-05-14,395749.47900128044,380692.3939193314,406189.49413221685,521188.8726788588,535931.7929356375,595823.9721728712,680143.2759980736,212769.81090008773
2024-05-15,399138.38177156146,386363.56768297404,410182.4976188091,522068.0745981179,537679.6176381493,595711.0527469163,680862.4989819021,212604.14822554178
2024-05-16,404156.4390584522,397002.1916467128,422668.2813289827,524935.0208825337,540760.9775016248,595843.4668208951,683630.2198757429,214551.04470638363
2024-05-17,408471.919809002,399195.3685507933,424590.92656627914,526076.8331854622,544461.256649452,598518.30865247,687320.2015143516,215147.18343994234
2024-05-21,411628.9513360327,407493.4319119093,434579.9318876008,525406.4427164004,544925.9269684025,596980.094694517,688335.7696137837,215750.03696408044
2024-05-22,418197.31780197227,411588.81440646807,438324.76057114836,521291.4094643271,543803.9775609717,593313.4507567489,688016.5689001238,216408.42311560112
2024-05-23,421638.44836921664,412219.7171398073,438839.2121086726,524274.90239783854,548129.2587673453,595615.5755223788,691493.6300335894,219950.2974568058
2024-05-24,421425.4683029216,416309.8453989953,439907.5953568077,528867.6944478613,553952.0428194386,597729.217121064,694174.0394253766,219849.2576275298
2024-05-27,419889.8060235007,415185.7470543319,442029.8498647623,522563.6358672096,550648.9328307734,588801.9501902455,687201.3454500719,219613.192524736
2024-05-28,412144.63623293466,406179.1491541644,435035.8459708223,520498.84595388063,546235.1400437137,585562.7923912415,679953.0414371495,219188.9636525019
2024-05-29,411735.44195985555,405904.48518708907,434752.0662632266,520466.12870899704,545974.6228261417,583998.8419529313,679016.9010063305,217432.1387646076
2024-05-30,404192.3883274979,399841.7152457022,428355.0697321351,524099.38485427265,546414.4442128947,586400.3354710407,678060.0716760715,215363.1415793019
2024-05-31,409340.3100113957,403303.5463338499,432690.26874838234,523223.3422489731,545910.1531310725,584966.5221717063,678292.9569722738,215765.8232683953
2024-06-03,420073.7629257075,417851.8993855249,445980.71764578804,532344.6139931226,560288.4302090476,593374.4694006792,694317.3301389017,222787.3432369948
2024-06-04,389622.3267877769,372190.2779637455,397468.4895629688,503641.52643694554,519998.66538359167,563525.5769062379,642256.0166902967,209577.47975205403
2024-06-05,392123.3843678887,374329.12910360604,400694.59643828555,531303.6420335884,542736.35540756,594457.1500294618,668289.6672090255,216624.36255080867
2024-06-06,408932.07721151854,391087.3210788837,417451.12526808825,548286.1813461479,557288.3011775129,613577.8325621777,686224.1829827863,218549.73055266184
2024-06-07,419171.359458058,401082.9057276308,422613.07435867435,561995.5562352078,569429.3103324685,629114.2251007031,701484.6921811812,223038.7270403027
2024-06-10,426944.03704929614,410120.76708039996,429419.65523259225,571463.3015014827,576951.0438634332,639804.3374548268,710203.502280907,222742.32234305417
2024-06-11,428859.85486019356,414124.31939183257,437250.21561598807,567033.4625757914,575620.733830648,634735.0424062156,708523.6586315033,222796.43345488224
2024-06-12,449229.0236686553,425555.40735261864,441349.49664406397,566995.8736202276,581363.8607728529,634821.7011569922,716713.9973928498,223352.82586537334
2024-06-13,452988.6240329233,432238.8759641874,447707.02246041,560361.3063316924,576366.6899634902,627167.9274021204,710345.2805962339,224080.17422543533
2024-06-14,458978.182256036,437533.0076656439,452361.04738322063,560704.9471378226,578618.2033429894,627298.920147767,711722.0547196318,224718.92101732257
2024-06-18,464002.85233359155,448904.7018659048,465719.75725940964,558815.425950614,577410.2895155286,625274.3402865595,710967.3276056657,225602.8418340431
2024-06-19,463847.51325173234,440541.92379685096,454136.1237857466,558615.4954354727,578941.7720989668,625178.5105076337,713097.6380227057,225201.5816605041
2024-06-20,462608.015463029,445297.0598511036,454703.04736715753,559376.2460667011,581374.6832438068,625960.9508231048,716914.725897085,225689.98447835943
2024-06-21,469195.6594860997,443019.42568750354,455848.2426331772,559975.6060392461,583534.0105602763,626697.4267291173,719188.2924243037,225058.88768465322
2024-06-24,468839.15400996397,445539.49530754884,460140.3500760213,574537.6780292834,593226.8103071816,642944.1298593956,732601.9288546033,225410.82500928428
2024-06-25,465993.3673987782,444088.7532480663,461785.42919652816,578121.3179960069,595805.1773615663,647212.5995919958,737128.9160721084,227167.6498971786
2024-06-26,464843.97532135696,441551.4565135578,459440.97250636417,578179.3781731781,594693.7392125308,647411.2629571436,736191.6196076372,228580.1874586229
2024-06-27,461588.50518542994,438941.983308102,457905.1743471962,571913.6203615734,589042.5086315989,640297.7223266205,729684.7847521969,230262.77556710286
2024-06-28,461939.8037196556,436913.7111089183,455948.29722206754,584364.3432285147,600042.6119363005,654150.0552562185,742822.7277392294,229938.12760028627
2024-07-01,462488.9418908,442071.0391486673,461298.9635812801,592341.0709594737,609591.5186091466,663155.746083745,753160.5060627367,231196.00052857932
2024-07-02,460851.72926314035,446931.0115073329,468461.98050587217,591151.4910667379,607854.2768697189,661783.9854532431,752387.0860166302,231022.66915170028
2024-07-03,461900.9947366776,449049.67915451596,469811.7756447503,591654.9522195441,610653.4774180779,662156.9356433299,755292.1800552657,232580.29482045557
2024-07-04,467124.8954574478,452413.03032005625,473345.29350200243,594199.7710376867,611232.8285389789,665063.3320643404,755829.6763728608,232730.17119068667
2024-07-05,466735.29687337467,458444.97855274624,482105.60837591556,592194.4164124833,611956.4268258458,662533.4304865221,756279.7065070968,232937.97431976037
2024-07-08,461755.394894089,461229.1119649037,489290.52535066503,593039.9170577077,616596.515106072,663271.1426677011,759000.7624335344,232906.38300697863
2024-07-09,462940.03140175587,459415.3778605833,482870.53537919215,592600.3390584993,618628.2690358714,662954.5860502148,761066.2415623668,233985.16367956682
2024-07-10,457911.0773242376,450568.6775440128,477563.29768389044,580634.8786272523,608078.8699993212,649544.7693436629,748879.8799287503,232943.71649443416
2024-07-11,456072.45074594795,453195.3900128696,478239.35243771924,579253.4562745757,609921.3123811135,647535.8057802476,747917.5011700151,232862.31602479162
2024-07-12,455200.0044458368,452088.7664575286,479925.4377831245,572420.2517811347,601944.7974711343,640066.5048925163,739927.5410276296,234645.47635874676
2024-07-15,454251.16736560385,452853.55223855126,481060.5137250623,572676.427810756,603264.1165447381,640671.8066784261,741847.4713554585,235455.16039605293
2024-07-16,453282.21931933716,447508.5877694122,475255.1441161432,583200.0682239796,614573.432439785,652233.2720085306,753694.196989729,235707.03050731364
2024-07-18,445413.63635209017,435136.4780704386,461632.000603122,586544.0069061097,614000.6379339533,656368.7567835472,755403.6120165515,237505.9771455837
2024-07-19,430636.52161720174,423612.6113591406,452303.60277468176,572469.0111022228,598718.6929693843,640435.6796920495,737210.3021727455,234920.8014766554
2024-07-22,441099.6526847295,435756.8663799326,463806.5624611729,575170.9252625688,601349.0494445962,643694.1444295525,742352.6929531414,234713.4659513825
2024-07-23,455768.81089552643,432936.58276731375,455742.4563465428,579935.3418840042,606811.9187114616,648820.7264491268,748579.6811843568,234424.26235266624
2024-07-24,451255.7170315698,432680.6649161594,456928.902014949,592208.830646289,621245.6321673674,662495.8288836338,765886.5745013553,233796.5136021737
2024-07-25,448385.5960415212,430290.64715155476,454920.0413807667,598563.7216787306,626094.2570096711,669653.5658701891,772792.2704913496,233725.6435701251
2024-07-26,459080.2792604548,441588.59662141395,463758.43110151385,617270.5319034125,639768.1918048222,690624.7570122493,789860.7922344883,237831.5790241539
2024-07-29,463364.7341108067,449195.1949837765,474312.93612274947,622314.6633380349,646439.2576456231,696347.0939549468,798556.9604951671,237843.54968145426
2024-07-30,465973.19953861256,451109.51281653886,480395.4827380596,623360.8497095528,651244.0790931787,697511.3167384863,804329.3809843269,238046.58325175985
2024-07-31,464747.0495805701,450083.4776717324,477893.2039945229,617777.9909188187,645523.2129265369,691274.1933931927,796755.3042410029,238945.33646104165
2024-08-01,462736.81245187635,442346.9107306927,471393.42477530055,603496.6913912623,631556.4399035388,675364.1333024943,780157.6785803788,239517.53387999957
2024-08-02,458263.71667756676,437247.92284053704,471663.8372798234,610803.705864502,635513.8180169852,683294.3742936901,780798.4532876881,236709.6852811323
2024-08-05,439220.3352262756,419058.7254481169,452075.6489973577,582916.0851828349,606563.8258897383,652114.5514200155,746241.9968161604,230369.07126309982
2024-08-06,437963.00816135993,410558.12981614284,440888.7688709998,580274.5307666805,608101.8051653875,649176.758679401,748377.1380242466,229765.28253136008
2024-08-07,450944.78198238614,425198.3752359738,455564.83739450574,593122.3082762077,621724.3018460225,663534.7029085979,763994.7447431656,232685.6366046989
2024-08-08,450847.80535830813,423421.5979640415,453658.2262686405,596391.246951696,629379.2192652463,667292.6319389895,774728.5560407406,230957.07369052464
2024-08-09,455483.57704922504,426588.62288001156,458371.1773341127,603134.4745386738,635431.5796452777,674898.5246580198,782550.478385161,233355.9934135199
2024-08-12,454990.0797826303,426018.75712420075,457901.28739161976,601524.523880816,636356.8674406249,673039.6422174243,782769.1011237097,233159.67463379374
2024-08-13,456823.0520226218,424248.0571687443,456715.27356041264,597321.853791417,635218.8484654655,668429.6570952418,782290.3022962495,231167.75725901127
2024-08-14,460580.7689061363,422197.50297259924,454859.4469543096,595374.3322575227,631904.1685028402,666271.8248928734,778338.8467449668,231213.2457567527
2024-08-16,479916.87192590797,435682.86411575833,467661.4637145472,609177.5346151484,644342.2572110981,681709.8875953037,792109.5694496793,235018.96086651846
2024-08-19,493389.8169371148,441824.67468777654,474812.5204477693,629651.9954923318,664837.9687545818,704639.1351770796,817814.2133945737,235320.62143048792
2024-08-20,489505.1731964387,444121.29126373085,477745.50334710156,622171.8329206783,659403.0204772742,696204.844088585,811557.0400457634,236529.17150987303
2024-08-21,492535.63264845405,446448.07550054725,479096.0256996373,630814.955166487,668647.222680138,705981.1877963038,823360.8838554996,237212.45288774808
2024-08-22,491880.3386302604,447504.8136960415,481649.41754680686,636012.3783443331,675166.018649329,711928.9427175168,833093.7043628399,237607.97088661327
2024-08-23,491499.5723760354,449773.2001831449,483548.8096194449,640111.6437953541,677673.6049898058,716424.0429117915,834452.7812741592,237719.54115348318
2024-08-26,488730.48831090156,451844.9663042809,484610.83636521944,634235.2151617723,675220.0893987408,709912.5454813562,832552.8915182928,239514.65344058667
2024-08-27,484686.5106384982,449049.8700144475,482284.4231812264,639352.6177551129,679802.3181629018,715631.2868975989,838895.838806807,239583.12934117526
2024-08-28,490945.6906581022,449330.8752510803,484289.285009987,635249.6991056122,677441.6817636496,711019.0846818418,835378.8417889453,239914.4733944192
2024-08-29,487638.03490553866,443879.38509856793,478760.03909229126,631321.9259458387,676844.2952785661,706656.4705286727,834426.2003790607,240868.2916272827
2024-08-30,498052.38410470675,447275.42403081333,481729.13353506476,637747.7340216351,683596.8854965706,713906.7694922568,843413.7805939433,241672.25219406717
2024-09-02,491257.8375146794,444035.927391103,478423.59500644257,636719.156791067,683491.451420147,712549.5776922274,839856.7242189917,242082.1162775408
2024-09-03,494915.80074428144,449975.90386714146,483691.8796998843,632423.2844570745,681028.5589839077,707769.0967781397,837371.6794811976,242093.13302308755
2024-09-04,497129.2479748106,451966.52830686694,485807.19283217913,634464.1053040402,679863.5549938958,710029.6688806076,835841.6676444367,241315.99421031677
2024-09-05,499465.4396668848,453271.45544889057,490742.7040788326,637953.5018625074,684411.2493630367,713935.5101988891,841133.8745026538,240802.69616610708
2024-09-06,487653.9455249534,444898.04741317034,480613.10242602904,630336.1473454131,677022.6631047518,705380.55058221,833051.1894674128,237997.2604028519
2024-09-09,482007.69716104394,441424.6628472682,475607.76702641754,624599.4166177881,667369.1833053993,698984.7915313252,821500.514029115,238804.0827048972
2024-09-10,492490.5359338132,445637.15847721737,481020.51155845285,636032.8506544563,676988.7931265993,711780.1673569568,831612.4657006832,239806.73747871583
2024-09-11,488233.9819181859,443921.4644216858,475172.16445892426,647194.1739173365,682190.2474731432,724160.8690544991,839935.571305515,238632.1728435726
2024-09-12,496435.51355128316,451271.8240918751,482350.0471499582,644202.0957039074,678386.9895906929,720838.0561787905,835746.1668586596,243137.46064763312
2024-09-13,509102.95098950714,451334.11435182136,484068.18632092816,657501.189326149,688071.1435079523,735682.6553774426,846202.7888035402,242827.17746957697
2024-09-16,508574.3442885231,450670.78164874605,484235.42286720267,658564.6057177293,686532.4767743351,736832.2400881673,844481.2710606005,243088.1377987252
2024-09-17,513043.61705431587,448198.68439044675,480397.49404852925,655004.7350452236,683767.56518975,732819.9338175514,841250.2586683481,243421.40837962844
2024-09-18,506028.39734474756,450119.8907960903,480318.6329332824,647710.508101342,676923.1001293643,724692.8216316089,833499.9342732353,243028.7708201761
2024-09-19,495990.1643907074,441591.16666893655,472144.12618819496,640275.0087525187,669042.7659829699,716470.3857491367,823893.0344590407,243395.0729335676
2024-09-20,498516.858959656,449000.9392936704,483261.33941565745,648353.6555127816,676780.7321552631,725469.0940839591,834418.2927914436,246987.69163923472
2024-09-23,497365.8102445611,457704.8936934078,490379.91548820346,650963.2750483451,680461.2994856931,728429.778029502,840270.9365931243,248405.99007950482
2024-09-24,506830.63182426675,456731.5976425593,486166.07327488094,659349.9674430934,685548.0865875583,737861.8253008316,848485.410774552,248418.9146485588
2024-09-25,506667.0978409357,455469.7234606771,484153.06445326144,658818.2327282325,685741.6827068076,737294.3814772392,849349.9240344034,249029.41817087797
2024-09-26,506962.8777689638,457743.92304200167,482200.5114231356,647950.2659605707,677175.6954523491,725145.4143191924,842075.2329208555,251058.68773726802
2024-09-27,510501.9121721197,458561.9644151197,484092.72557941027,648872.9923100376,678000.116615824,726170.6680710055,842568.1559774897,250703.38366527122
2024-09-30,504959.44420815934,456091.7186686883,482346.15040828637,640737.120151622,669231.6946919103,717030.5224209613,829566.8632406112,247178.2682442871
2024-10-01,504966.1871740918,462910.383293541,489674.68149249704,646024.9834229932,675498.1603725269,722922.1434794441,837031.0131999169,247044.6831904757
2024-10-03,491853.39296268293,453635.1319442374,478690.6936881065,633060.1393986449,662113.8754277872,708402.2976072096,819528.210338105,241808.23137933866
2024-10-04,492437.0404892039,452034.84502130974,477350.1556486895,627621.6937260602,656212.9034333796,698435.6240407596,808455.5591043954,239552.9595439479
2024-10-07,474784.4768346634,431110.34772152756,457927.39752457687,608118.3238160594,637346.5209907257,673737.0846843554,781442.6807306646,237457.14060462854
2024-10-08,489005.3114287612,452040.2282032612,478232.55894867517,608666.0265519707,638037.8707044729,674281.7431087807,783008.3074259385,239539.08106314027
2024-10-09,499369.86390695814,461138.43716092804,485319.63915437437,608523.4816118728,637541.1696856603,673532.7240845675,782694.1291368608,239240.28223443168
2024-10-10,513614.7525338937,478530.5491948293,497163.4282774793,610616.7645526464,638709.2424985504,676382.6962095065,784067.0879972299,239398.29491079663
2024-10-11,514902.24994886457,476148.9897000808,495290.004984152,614377.1830549913,642774.0907552205,682273.7543033413,789698.1143594373,239070.78520871917
2024-10-14,521797.9089664436,479982.9885145875,497216.87911920913,624810.8283583041,651995.7376371229,695385.6469669434,800674.1531517385,240638.45500711552
2024-10-15,528973.1915163944,489516.47058033984,505796.8610941763,631513.7133427651,655579.8939812509,699982.4674872349,806616.0667173517,239962.35602362073
2024-10-16,532143.6030267708,494522.9001858933,513362.291035319,632285.995312548,654058.6781903773,701728.1162979727,810972.1314506601,239138.3071975541
2024-10-17,530473.9029906624,485711.9856553121,505306.6347045284,618169.8842170268,639528.4629876527,684940.047562951,791969.9917120973,237017.57432772833
2024-10-18,527207.9970214036,480533.56337484636,505526.65966904967,624933.5828536234,643553.6967419998,691597.1309529038,799145.3018822209,238015.4595427789
2024-10-21,514865.4699918922,471236.7784858439,499236.49908529094,622503.4321376507,646391.7794544678,686844.4552464795,795102.6357810633,237316.84076023774
2024-10-22,492410.5721292928,451955.40383242734,477744.5079892238,602956.885622878,625561.8314923614,658600.7362564555,757557.4632086906,234357.69427558492
2024-10-23,491096.86969550466,451341.09150337207,474338.899131362,599163.5797230835,623247.7593470067,656909.8799014445,754320.6030312367,234007.1971706603
2024-10-24,480905.8787255628,445115.24900825444,468963.46711378323,591661.942589748,615748.217056382,647342.1484682461,745643.4070763756,233661.4883286559
2024-10-25,470459.5921356841,434101.6501172937,459432.15205822553,573379.6163050253,600748.8363863905,625736.7642281707,724055.9499488181,231568.06352079663
2024-10-28,476337.9028689139,439962.92762236926,464060.99000120425,569067.5917789587,596081.1230365043,622492.3052939449,722461.6459391012,233084.50264677778
2024-10-29,476755.9535494347,443030.80369958974,465859.5118890153,566608.8834139877,594250.432163971,620331.4762361746,722423.1348649652,234307.41751492335
2024-10-30,481115.63775950344,449916.75797125086,474212.1078247687,571900.6190202028,596796.8922698188,624938.1776879051,729194.4304140452,233100.77525904548
2024-10-31,494612.25760592753,462663.9461685248,489514.74684475735,572539.017119118,596189.5328129817,626458.3833289843,733504.9415163952,231803.1560076848
2024-11-01,504970.36420709454,468174.5616011427,496397.8183759362,572574.4184480852,596814.7084923743,626729.5551554977,735110.3090046761,232751.23206587453
2024-11-04,491832.97486145864,457746.6803697278,487891.7355695168,569991.2390115939,594203.8422640954,622540.230995476,729622.4343987333,229792.0855812217
2024-11-05,486335.972092246,459087.1056812407,490407.8472842076,570480.3241095047,594892.7534141196,622620.116938789,726966.8159297992,231879.30061060638
2024-11-06,497536.7329551939,467973.5665744662,497429.6636339084,568050.3867212884,594032.772013156,621377.8838941271,729394.7104906783,234472.14498186772
2024-11-07,502573.0897603359,468080.54109959,496380.9602621987,565830.2424001505,592887.4023923681,617965.9339022605,727672.4598123669,231745.69685264296
2024-11-08,495341.8644819236,462604.87633846863,489422.1931132637,561391.5062443006,593113.0179938497,615023.5359154384,724668.7688848262,231255.8538150812
2024-11-11,493124.4915021728,462663.2805475767,486385.22423130274,555647.4766025449,591839.7197991654,608858.3907108138,719922.7515558384,231189.79075010476
2024-11-12,484847.23640897276,454611.54853489326,477298.45142251544,556951.6142620072,593594.1568130711,611583.1826847127,720681.1897677502,228720.4685988617
2024-11-13,476672.68674635043,438646.79893340217,459325.07157310186,556624.6761339039,593317.9183112336,609963.1541334135,717423.4303761105,225613.85857958984
2024-11-14,473616.33876819,439110.8533168781,458554.6660810605,562616.5580824331,601555.9783113229,618239.3965208572,727445.0106006721,225361.50216037632
2024-11-18,471995.05387877603,433519.5680428316,453239.7466489793,565976.4692647946,602795.8722232726,615969.917238509,722653.1387351446,224605.92923489827
2024-11-19,476367.8444802121,437863.89371327916,457584.0265714873,569066.2485074007,600852.0121394214,618251.1015604199,722329.6001785536,225225.52297510486
2024-11-21,472544.9416624713,437259.88241150073,453642.4074519082,575673.0205410249,606332.929792276,631932.1536201417,735506.3531798221,223610.9244592606
2024-11-22,484348.2360007525,446433.745091425,461450.7084210883,579491.3238614064,608683.4779182848,640762.9274728795,739901.9181357065,228948.39739552166
2024-11-25,493959.60173505667,454011.76832924766,470084.774610427,583347.3566569181,614771.712026993,647800.4345217706,751610.7984568698,231961.6549920026
2024-11-26,497174.3533035881,455579.1131283417,472992.51385016425,588461.0422073107,617878.3218199771,656554.8465438307,760889.4620179397,231699.25444314795
2024-11-27,507353.18419617333,465853.2429310244,481081.4263405866,581992.3848564685,609849.3840343365,647790.9625731724,749592.5353295167,232469.21086153848
2024-11-28,507505.03372714104,468482.9506154638,484266.6349658751,577103.0381608661,601509.5892665765,642931.0132254775,741452.2219081961,229014.47916465014
2024-11-29,508621.2476055099,469906.997693739,487766.0653671117,576824.6767825569,602209.9729719439,647222.8681587896,746935.1915940392,231092.0989640425
2024-12-02,506818.0128663503,475929.70778261835,495986.879780618,579100.1436272023,602440.7258836353,655439.5042132065,753035.5393712792,232480.22760708525
2024-12-03,506530.89676006977,476635.42970688216,496233.3538785988,579112.5614499421,604447.6842707688,652709.9166081962,751284.1405173126,234214.53269593325
2024-12-04,507694.5358199481,479333.6071681322,499100.2274173198,578557.1786159897,605181.2261155304,654567.509186889,755238.3810698041,234313.1596895971
2024-12-05,510920.9978895885,480361.2826129556,499967.88107996446,576801.4308691137,604294.629439725,654284.3203727565,753802.1198274078,236620.63481330872
2024-12-06,512892.90524164814,481183.6175431716,501453.46241899545,581511.2720136279,610688.5538201943,652454.5926472791,754848.1383599117,236327.59686342592
2024-12-09,518256.83427193225,483435.0651176298,505673.2554962931,585573.391133352,614475.0581839839,661929.1281665356,768192.6731187047,235764.48966235545
2024-12-10,525333.852322003,487407.8318169513,510444.2805283057,582886.933868182,614334.3525044981,662744.4408107046,774072.8849469005,235678.7872377456
2024-12-11,528033.148537202,489364.05709093926,511488.11649082735,586335.479916253,617029.9701185852,667330.8163971439,779257.3359417869,235982.84193317514
2024-12-12,520661.9959942899,487352.6161468648,508866.7021767807,582838.1957660242,612248.941645081,663246.0789343921,774700.4623717559,235091.25241412155
2024-12-13,516814.40454249625,487352.3767985653,508999.7078968894,587846.6042119187,618606.1786449378,663130.3751334861,777695.957674405,237194.2724519731
2024-12-16,522450.42722965137,493120.51908208703,515141.4989403249,591391.0567033944,622421.8160468512,672897.7299249447,784198.3984857239,236236.13355999024
2024-12-17,524573.6531234634,494625.645139541,516254.3091142146,588003.9768205878,622754.1199947249,668659.921755195,783705.4428630609,233054.33284955047
2024-12-18,521658.1364241338,484055.97304904705,506190.62887381105,587654.6638989055,620374.3777196583,673317.915094306,785146.5379446798,231740.90858972285
2024-12-19,521396.54573769367,489266.2388191608,513247.0590762452,582211.6505384471,615515.718438673,678077.4609630342,791414.3871626052,229374.06648746217
2024-12-20,510448.0624176575,481004.8855714189,505118.1551038665,578348.2776500504,607187.692666016,669871.7729551439,774074.1470299514,225886.3032580856
2024-12-23,507562.9775275715,476670.23962033936,499278.17588913825,576743.2621879023,608697.2302543311,662459.1182830441,765559.5734231792,227475.52023962262
2024-12-24,499022.1633193779,473245.88721260655,495817.5045689988,574970.7617495134,607655.819656438,664558.926322773,770627.7272489606,227228.4570954341
2024-12-26,502311.4789927879,474886.4597818525,497078.2389829105,576132.342108636,608504.2549781079,659040.3865293051,766442.1318083957,227444.39653064162
2024-12-27,502758.68625965837,475128.6101384895,497816.05178397987,576773.355851719,612887.9954733362,653012.8869289235,761525.5531197657,228049.64418623986
2024-12-30,498387.6635402728,472876.421833348,498055.275215654,579950.8959542204,616278.6744915798,650167.1190096963,759818.2118986875,226435.99958214926
2024-12-31,504471.61228273896,481781.14345996804,505054.9097461009,581867.8389476428,616154.4951289808,650126.2712455274,760009.7382542491,226435.04567039563
2025-01-01,508941.9814127709,484651.3056380629,507278.68254379765,584984.5313635082,621387.6392394814,653025.7447827364,764315.3620424141,227374.49911449867
2025-01-02,517647.6234955298,489960.29556994385,512448.4550598481,583066.6254079326,618294.6709147352,651516.9250840151,758474.7372885615,231643.23550781258
2025-01-03,515221.7902494385,489018.5434532089,511433.75976788433,581289.3076376499,615089.9927359675,657687.1186471906,761517.9023435041,229882.1086649509
2025-01-06,500255.3388937104,478065.77394088445,499534.5182512464,572467.1246317092,605361.1324407621,638524.3084782616,739484.0468841305,226159.72055248698
2025-01-07,510926.6485639822,485605.4769292636,510012.55456067773,576741.3512028605,608454.0195752953,638909.6248469295,737432.1800116645,227039.32071008816
2025-01-08,501899.5472140964,487227.2161912568,510904.3197551785,570367.9847200067,602844.4081717078,628848.0791677218,727523.8833392698,226857.83432292324
2025-01-09,497138.6113968126,479637.0144191323,502997.88079638465,567139.9327408718,598122.1770926585,619900.4037882661,717590.9817944353,225302.13518182727
2025-01-10,484245.02370332205,470768.37410696736,494276.1987653034,563615.3265208194,593206.2657320343,608631.0166196638,708399.9178977873,224392.36522699875
2025-01-13,463064.6096851897,453622.2588774765,476804.4876550085,555742.6815411228,587248.2784631029,595609.3921862667,697162.8545365742,221083.18924122214
2025-01-14,469899.7817133407,456826.7431380276,481720.937686314,556430.9501740003,587689.0528974048,596228.4458560965,697774.1793209941,221946.04918275482
2025-01-15,473938.49469682755,467607.4035478644,492892.38205367443,557035.8601254444,588114.9805066211,596876.6206567966,698279.8911196158,222301.80215440036
2025-01-16,484789.2046812828,472092.5746418413,498851.73241942545,554462.7688262614,586303.2222064971,594119.4946811871,696128.7566808095,223246.0625655756
2025-01-17,485745.5651206967,477541.83361916663,506918.76833361416,554071.6501532577,586027.8287517942,593700.4021082858,695801.7768929467,222206.03689599736
2025-01-20,497584.86268034,486408.3056020122,517982.0952766522,554120.6845300434,586062.3547086312,593752.9435606536,695842.7702057852,223561.6016103527
2025-01-21,492596.86711487296,476721.1826388677,506190.48298857315,553605.0719519581,585699.3029318477,593200.4529308648,695411.7120563316,220496.15942970294
2025-01-22,490195.35941315995,471928.36757882463,495315.32383193413,554043.016940536,586007.6676091156,593669.720968217,695777.8391920191,221747.8038753694
2025-01-23,490453.3680076417,477385.9073431226,498442.4240443686,555216.3619467731,586833.8402189388,594926.9868864825,696758.7693487996,222226.6301673844
2025-01-24,484788.1534591352,469600.4226360653,487037.5626867558,555371.8574230871,586943.2488869233,595093.6038335651,696888.6723019636,221143.042527724
2025-01-27,466289.0743717653,442027.1590041928,456801.18195526174,552006.262214706,584571.581869538,591487.2918556886,694072.7477947437,218623.94862792417
2025-01-28,455997.5564198352,420974.1082624419,435246.1096175811,552105.9261296417,584642.4458402747,591594.0840121842,694156.885909586,219850.69784723627
2025-01-29,471168.25087284186,431117.8389127443,446306.12024797755,552356.9114162031,584818.3860272878,591863.0204674487,694365.7829768318,221822.02195063172
2025-01-30,462847.4131649164,426820.4979744626,437268.1674516415,552437.3144384957,583798.6606724351,590313.4221680865,693155.0440340061,222649.43752406407
2025-01-31,473716.42227608396,435692.98483621154,443313.0556913001,550935.6229214142,582525.2649015646,588379.766388176,691643.1174725202,225128.80380494823
2025-02-01,469079.5674416262,433404.3578796242,443430.9075691013,553308.9256621889,583942.5883875557,590534.3865394648,693325.9320959918,224877.42000164036
2025-02-03,459295.8408369375,430078.9153276759,435256.3351935616,553609.5710028878,584037.0863222198,590679.2585707153,693438.1312572365,223717.70646321037
2025-02-04,463580.19394055055,431243.32948487345,435009.8919384313,557295.3649576684,587790.5223403957,596372.3921248533,697894.6558841702,227339.5410543512
2025-02-05,468023.69182703015,433355.3257273354,438053.173586305,555623.6071637744,585215.6194455377,592471.3441117747,694837.4256270591,226928.2367511711
2025-02-06,472354.60366277164,435113.06318655657,444149.9833825444,556119.2014847494,586514.8077804749,594436.4409985812,696379.976181174,226038.08745182396
2025-02-07,470875.6795181765,436134.423884883,447880.25604109216,553209.9287890169,583654.6043367649,590096.747575282,692984.0032584416,225622.46248952448
2025-02-10,468628.2796588496,435967.2592798306,445627.83338885766,544827.1490651427,575427.1794120343,576342.6729792056,682211.3914112053,223914.49284673732
2025-02-11,461388.6923055898,434549.28481342946,440935.57048405893,535790.5906721374,568114.2892347804,564492.236862449,672945.9108519425,220947.69636390347
2025-02-12,460788.3935764528,434648.47537524515,439260.5732612147,533393.9319270243,566390.5894331814,561870.923391186,670899.3299116874,220693.43212118268
2025-02-13,458510.2816749927,434821.72255288856,438829.5450359192,533393.9319270243,566390.5894331814,561870.923391186,670899.3299116874,220560.80097912494
2025-02-14,448029.9733989723,431189.0615672022,434516.34832053207,531055.3540078521,564735.0918771318,559407.4927891161,668938.3647725321,219582.5551237079
2025-02-17,448454.2848094627,429680.9171661127,432626.2161101442,531535.6992015827,565075.1319877314,559913.4827927385,669341.1480930896,219872.24503037694
2025-02-18,445196.4815709728,428277.0479936506,422421.7513929127,531535.6992015827,565075.1319877314,559913.4827927385,669341.1480930896,219736.26584510552
2025-02-19,451145.94643589575,428524.28342220647,432470.71019107517,531535.6992015827,565075.1319877314,559913.4827927385,669341.1480930896,219617.51318385536
2025-02-20,451432.8920137137,429357.2772821684,436539.935882431,531535.6992015827,565075.1319877314,559913.4827927385,669341.1480930896,219428.37679850942
2025-02-21,451038.2553975481,427610.35879499605,430559.96676484816,531189.4831758079,564829.7573537481,559548.7828843759,669050.4976469345,218305.52914373422
2025-02-24,450220.59249592084,426861.3191943578,422695.8658952624,529683.9401697009,563762.7297277367,557962.8615072984,667786.5851938608,215982.7353195085
2025-02-25,445208.79378328193,426713.8237320389,424240.97612688853,529683.9401697009,563762.7297277367,557962.8615072984,667786.5851938608,215927.202692126
2025-02-27,440190.3083440008,423753.4732468555,414358.6103065398,529203.27979096,563421.6729998268,557456.539491476,667382.5976727307,215903.26137752528
2025-02-28,431917.85627820325,421492.86971734907,405801.08690308034,527838.6322783865,562453.3755574463,556019.0357778079,666235.6328089633,211877.75377723336
2025-03-03,428650.50760514365,418781.0109614343,401532.2241424936,527838.6322783865,562453.3755574463,556019.0357778079,666235.6328089633,211826.05550101737
2025-03-04,428638.24214985495,418637.9620371768,406825.9071078322,527838.6322783865,562453.3755574463,556019.0357778079,666235.6328089633,211475.07208813995
2025-03-05,427669.33106830413,418272.0784641176,409307.7621708515,527838.6322783865,562453.3755574463,556019.0357778079,666235.6328089633,213913.73813420284
2025-03-06,428822.2127505124,419213.6880733262,411063.75268251647,527838.6322783865,562453.3755574463,556019.0357778079,666235.6328089633,215899.8946301595
2025-03-07,429141.0958735635,419363.71338756994,415192.67359632347,527838.6322783865,562453.3755574463,556019.0357778079,666235.6328089633,215974.5990133747
2025-03-10,428037.27226961893,418851.99061608454,412682.77451600507,523912.0505879404,559520.7024374374,551670.3497765297,662761.8313938779,215091.65081255982
2025-03-11,427914.625202514,419074.1452470738,414679.4947401851,521995.25912053406,558086.3537644148,549547.0530375028,661062.820884975,215451.72444332467
2025-03-12,428895.8017393536,419697.8456681755,412290.5530218089,523733.72051700245,559629.447952545,551758.7920219569,662890.6423144294,215189.32389447003
2025-03-13,429141.0958735635,419864.1007461602,408725.6251435168,522783.66404957685,558771.1055920585,550531.2425349887,661873.9211237375,214487.3570687152
2025-03-17,428895.8017393536,419775.88887092215,409380.47830361803,521944.23684980144,558683.1968654628,550285.8452093758,661769.7917351727,215555.62600786155
2025-03-18,428895.8017393536,419775.88887092215,409380.47830361803,521944.23684980144,558683.1968654628,550285.8452093758,661769.7917351727,218673.27147683216
2025-03-19,430073.2143321394,420381.55886003945,412489.2813339717,522537.0470508071,560387.4948936573,552514.6028934187,663788.5618673351,219375.21959843495
2025-03-20,430097.7414998256,420463.3715358142,411850.9064297194,522614.2772903498,561121.6699785053,553445.1990809119,664658.2047986474,222085.86271919278
2025-03-21,430122.2724104031,419996.5956934957,411274.26044126856,524463.0516925846,562170.1659210951,555058.870288427,665900.166156096,223615.71272218076
2025-03-24,433068.25735771464,422057.4462707705,413704.2321873439,519227.4603893317,557958.4100500129,548937.2510646533,660911.2693693602,226564.79637304047
2025-03-25,435898.9462767333,423628.8679098502,414407.3858392393,511013.43812999583,552330.8563344822,540563.359090582,654245.3358471066,226663.44207085637
2025-03-26,433973.39331181184,422376.7960643689,411941.3260122315,508242.00398073765,550457.9498190366,537781.5319714491,652026.8460811358,224922.42219142895
2025-03-27,434792.67482177896,422957.24442172045,413828.60296334967,510648.8738787813,552850.0640342985,541154.6132705697,654860.3462381521,225928.9113164141
2025-03-28,435033.05828240357,423187.0113141088,412787.8442919436,510669.4061445012,552780.782984351,541077.807453159,654778.2816508292,225233.65928123874
2025-04-01,433274.30353215704,422137.3259076662,409854.66796288994,507029.85545104486,549595.564767835,536522.2806879792,651005.3362542229,221846.91717698608
2025-04-02,430772.30036890286,420813.83640745044,411718.5125663264,507359.79381279246,550082.260531245,537193.336564901,651581.8357011317,223442.84894910254
2025-04-03,431054.39086897904,421234.79512871115,408284.5723581427,508170.5088529179,550260.3259680995,537535.3278862543,651792.7572533167,222655.17969873786
2025-04-04,430931.7438018741,421098.87457023835,397340.6608450627,496626.2387014738,542578.666687105,525353.9234107719,641743.3471264639,219345.04980120758
2025-04-07,430171.33048866683,420660.609321201,390850.1327994715,472074.35771893786,524195.57616394106,492756.63757170737,613701.3970966977,212231.13132157084
2025-04-08,427791.97813540907,419261.86921910173,391737.47463582247,473259.513828235,526151.3198512257,495343.58732264047,616005.0775833102,215815.1461173033
2025-04-09,429616.9461344787,420550.5653654304,387581.65304863197,474354.33970621787,527656.4146350408,497434.76521550707,617771.2331646492,214506.04251659504
2025-04-11,433076.7688165827,422876.41133679665,396195.304907343,477971.0653705545,530521.7453177026,501517.805946219,621121.2424816971,218618.20645325043
2025-04-15,431038.5921185718,422430.9494189067,404304.8524070563,484711.8105761452,536663.1115152016,510087.8855851294,628322.8891860086,223406.46937340064
2025-04-16,432280.24967567064,424472.2087644231,407844.09826431255,484648.0669888519,537042.3426315023,510634.8492156438,628765.6417062306,224446.94394262764
2025-04-17,434726.8063299693,425205.50062298926,410189.0366283451,488808.50791175757,541421.6031095358,516713.49348764744,633906.0957637151,228415.94629963135
2025-04-21,434546.2516834957,425950.37826752535,408818.8836328796,499160.91196259926,550460.006082155,529431.2227065155,644502.5074575727,231038.96046812006
2025-04-22,434839.19238964026,425391.65460516245,407064.1744847417,504881.2812298464,554721.9538742332,535554.3373677074,649496.7099102603,231438.29411399976
2025-04-23,435694.75115497527,424753.690123787,405775.1749390119,503611.8787982502,553626.9804807018,533966.3071164949,648217.3675052492,232986.81086071552
2025-04-24,435326.9520609032,425214.4474047948,404684.5702935255,499867.5360814412,550154.1920273419,529055.0123210445,644147.2431027497,232199.1416103508
2025-04-25,435263.3966939311,423916.12831227446,400219.09266184503,495170.92248142493,544886.1309578338,521809.0289416358,637956.8803392078,230213.45271819492
2025-04-28,438139.0097449424,425674.6889734802,400326.09547783545,499230.63588625524,548585.285332306,526995.7908742111,642290.7570535843,232982.5089057482
2025-04-29,437868.1729823611,426481.46562005964,402140.0414178508,497133.6200167047,546038.1756072446,525324.6220187427,639300.095676874,233053.84654159762
2025-04-30,436939.79812324326,424884.3449733618,399628.75829630706,491085.8605137614,540510.0810680648,518280.4845044693,632826.1580093154,233037.08762137708
2025-05-02,436341.9454748141,423954.16286616307,398730.02292033494,491286.01996653876,541103.4305043148,519044.13574753347,633528.6760529623,233156.79419438084
2025-05-05,437863.03556569427,425490.96356699814,402076.8273658382,490995.8490420298,542204.3980805151,520395.9466894623,634840.5274462955,234252.83879929446
2025-05-06,439253.9727172025,424768.65284034,398154.12044485845,487809.72726579057,538015.2499879757,514590.5987076275,629912.9491383671,233471.8656353571
2025-05-07,437738.64300747693,424866.04260129615,397882.4305666201,487183.3952518278,537906.5339676448,514415.7940840673,629782.8256883855,233805.1362162604
2025-05-08,434846.99182465795,422208.5216307601,394650.61357331136,480844.4176412209,532669.6752851543,507076.11185397155,623635.0577737512,232458.68042394458
2025-05-09,439394.97677415353,425232.7259557166,397704.9826754777,477897.5110386123,529502.6703736248,502696.24505565973,619906.7059927379,229913.2323739319
2025-05-12,444478.0838409373,429823.32719708415,407522.72248592845,484011.5239538142,534145.9976121727,509304.7225527996,625343.0290897657,238692.02613007446
2025-05-13,443384.88561961084,430606.51285170246,409580.65784498316,485663.7555532267,534890.5738111935,510428.48220198916,626214.57332995,235375.2001461168
2025-05-14,441672.78749344713,430938.60721319495,410691.75394027645,497692.8247433304,545303.4131072323,523178.4993916558,638405.2474966112,236223.20899093623
2025-05-15,442842.2323132115,433252.23349507956,414001.5332189213,517697.4493575931,561639.4724970442,544458.1042898898,657530.5860348091,240007.84452136216
2025-05-16,445279.7016969528,434856.98382242967,416036.95214791666,531124.6157942314,573042.9700988617,558979.7411629686,670881.1502138874,239602.76870080867
2025-05-19,445573.32975469384,436574.27800552355,419217.42775427457,543577.0484988417,582466.6277542843,572745.9517058057,681913.8980793805,238890.73904126073
2025-05-20,444947.9528261477,434528.4364926411,416259.7671536494,545610.9038015706,582973.1638275358,575407.7623940085,682507.0099663301,236386.00993022133
2025-05-21,448246.4993990979,437604.034494038,419527.86468454334,555866.8855051291,591021.7356733616,586168.8800099853,691929.7848008709,237626.63763034105
2025-05-22,449771.1869171511,440302.8590556774,422952.80703385454,561781.6343712545,595612.7567361708,592835.1750603511,697304.7500780568,235675.42049037985
2025-05-23,453578.8533592402,441872.90130649175,426061.1155092984,554674.3520318856,591392.5197045663,584360.8993350575,692363.8429487483,238006.8369286922
2025-05-26,454166.8590366673,441069.0518169943,428451.5566203086,546075.8369237329,584118.0002312525,574627.8555582005,683847.2074371384,239424.16275305668
2025-05-27,460549.795758822,444624.51613200665,432199.111635011,558325.976667223,592648.2557172105,588013.9950114402,693833.9677457528,237748.7383348049
2025-05-28,467345.8789673933,450658.88638507295,437013.3234208193,572659.2444176652,602283.2202503135,602015.2808699561,705113.8489717401,237042.46955408275
2025-05-29,464639.13683384587,450601.3549348386,437107.9914475676,583478.4967499374,610306.9131575907,614459.2147381995,714507.5107762964,237819.60836685353
2025-05-30,460816.7150096193,448047.87697612675,433282.11968508776,598232.4418692488,620081.60572133,630724.736681146,725951.1224863766,237025.7106338622
2025-06-02,460929.7866747712,449895.35054780636,430227.59006356646,599186.7731038127,621433.2960044037,630936.2360070695,727533.521028028,236699.1548435384
2025-06-03,457837.6673098382,448238.341389439,427988.316600318,603925.3173773598,624987.2896095794,635323.6104450148,731694.1897154205,235031.88543557245
2025-06-04,460454.523394586,448921.05691467173,427975.9447950568,609724.61493497,630612.8874661116,641543.708059144,738280.2861717537,235775.97401170302
2025-06-05,459285.7243612234,450196.7771699684,428567.14643359114,614203.5371511594,635012.2230938224,645941.2342545349,743430.6699227861,237027.63716152147
2025-06-06,454193.57237664826,445839.4435948482,423918.25762544555,606825.6780699446,632248.0569043689,638428.8269267323,740194.5963991823,239442.36189298364
2025-06-09,458005.3198224802,447093.42869827646,425312.6398305869,604225.433500375,633220.044726701,635865.3430459421,741332.5576245962,240401.4359925681
2025-06-10,455196.25558836985,446291.40533559734,424441.73103477055,611904.310942835,641371.8588601197,643602.7181496882,750876.1718998093,240411.4988263612
2025-06-11,454865.6759341317,446888.2088795403,424789.0858542179,599607.1658518447,630666.2419584142,630445.0299605455,738342.7058880008,240767.2705021588
2025-06-12,449565.2859926442,442028.6079161009,418762.41750154144,593455.8667340376,623554.2387708803,623824.1489327268,730016.3370120041,238342.48293690349
2025-06-13,447252.1783703924,440707.93042520864,415765.8016156409,599878.1389686737,627870.06402984,629752.1305977162,735068.9636734354,236718.30789521895
2025-06-16,447325.15767897444,442585.94413589576,417124.2126976419,602883.8846858948,632357.2963891069,632768.6125061057,740322.3296555814,238900.80187505385
2025-06-17,444829.2095107206,443717.88805189007,418447.7696019681,605821.0579461053,633607.7416839505,635996.3804713842,741786.2749669612,238009.23106015226
2025-06-18,445343.93533649895,443956.0797941467,416174.9135785739,604345.1234396822,632047.5310974206,634430.8141152349,739959.6783260467,237613.24545748628
2025-06-19,443112.72484556347,444388.0724029171,413801.00413166435,597967.1451794017,625038.1618719965,628026.8138054705,731753.5572694719,237433.1992900278
2025-06-20,444467.3181951022,444355.4432676819,413202.91018925025,600622.2422154818,628957.2154993722,630814.6844517854,736341.7538553555,240489.5512527901
2025-06-23,443676.58777233236,444177.54293638584,413282.60326811165,613640.167218882,640013.4449709128,644248.7223797725,749285.6735975861,239144.0493722279
2025-06-24,448185.19498114515,445788.15808369446,414257.250578005,604209.4434839829,632696.4507368302,634600.6049736133,740719.3780170463,239837.86118769684
2025-06-25,455112.8023608434,449193.745767632,415924.7168908029,607737.637022828,637800.247709248,638612.3746303178,746694.538351597,241757.0007069234
2025-06-26,452825.50648286473,450059.5228576813,415521.36514326365,617083.4460209928,645449.80671576,648542.9382534001,755650.1820954963,244670.65869383485
2025-06-27,459768.1625570315,457254.43622119003,423066.91558771563,624524.5784668656,653109.8432972862,656280.4506345405,764617.9444488903,245521.06167011432
2025-06-30,465499.7472530421,463015.3334381968,428230.22118926403,636518.9882225964,663061.0371142061,668990.6585136179,776268.1395761357,244364.696174898
2025-07-01,461989.85157934506,459391.548101318,427989.31870409613,625539.9492021238,656948.1962047833,657474.1717939441,769111.6054579228,244601.71518944547
2025-07-02,460067.20491663006,457452.66988460376,427578.5978630532,618453.9427587197,648856.5350214273,650056.3742781862,759638.4877577253,243755.14656433254
2025-07-03,457427.93739147973,453676.505876821,424809.3123967899,618509.7826181529,648336.4648279052,650162.5216333786,759029.6190334845,243294.51941224444
2025-07-04,456987.58216603403,455506.0884454306,428590.6269021704,619666.3300540582,648765.0393882341,651411.0275983881,759531.3314480113,243827.92441988838
2025-07-07,454383.155705421,455012.95195661695,431105.4503101906,613834.8760754792,642410.8439036332,645297.6232012582,752092.262045056,243830.80485930128
2025-07-08,456432.67170608643,455618.19363054144,429853.7807526445,613082.4172556774,642684.9039575777,644528.1883742317,752413.1204130495,244416.88075906684
2025-07-09,458981.1095204274,457711.17220423,431393.49669582886,621080.6588114075,646514.4872510622,652862.966190218,756896.5645028306,243972.52621924653
2025-07-10,458663.9210467849,455790.312347874,431623.7915292225,626277.1246282335,650076.2923467987,658459.6321640835,761066.5092166642,242815.20681227665
2025-07-11,463130.9408725554,457402.86860461376,429733.12928720686,640717.1020938471,659527.6883445058,673639.664506079,772131.5922458746,240848.18466384851
2025-07-14,468409.7154060184,460564.1894297823,431618.8022240258,641039.4850506401,658365.5419710237,674004.4133689768,770771.0210006156,240201.30156582745
2025-07-15,475486.7886755732,465915.35151964764,434020.39333613636,647322.7893160062,663953.657676708,680955.293636034,777313.2202684411,241288.2372487015
2025-07-16,477629.346662479,466622.2424010977,435312.40386638185,647076.7934954672,664542.5670956735,680650.9341084221,778002.675301627,241443.8557936064
2025-07-17,481687.72217218607,467647.87343976734,436988.20258736634,648025.7237818718,664116.0165813859,681696.4084911,777503.2963455117,240480.44233075058
2025-07-18,488741.86852660927,470280.6107644385,436544.14865618804,647925.0888146011,663617.6657549579,681605.8736738579,776919.8601105355,239110.53153178684
2025-07-21,484365.4270071753,469038.2315960602,434291.3017561946,650753.6440727309,667444.9172991962,684505.0181087304,781400.5571690039,240281.7294195643
2025-07-22,481593.2382272857,467493.7459351579,433153.8172296907,653008.8195341598,669357.3700795942,686885.3655715721,783639.5325096509,239996.36017201463
2025-07-23,480700.86708474916,469631.14900694444,434462.67315358296,655232.713891364,670549.7815980774,689262.7287687701,785035.533808866,241519.0277806224
2025-07-24,481675.2750694031,467117.8410953616,433757.925977337,660710.0258431938,674944.2850620224,695010.3028419849,790180.3322975707,240007.84452136216
2025-07-25,477123.6249969024,461731.648088789,428784.4115137153,651008.5735414957,663401.87655388,684756.1133711722,776667.2398618222,237852.17229554095
2025-07-28,474676.4036264757,455809.31335355784,423635.2572082885,654278.8568403597,665222.573807706,688333.4738177086,778890.8308695361,236357.28035270044
2025-07-29,479940.46620165644,456804.53199006134,427500.08500849106,661450.7538378488,670756.0933192337,699320.1530306011,787968.0030871012,237699.90179384974
2025-07-30,479492.1459507988,458432.3134491685,428443.47590478696,665516.1525831284,673372.4169826807,707581.4406861346,798438.22666936,238025.03606861917
2025-07-31,479361.85620146006,457269.70272157073,427826.3138298963,665948.6762556473,676002.1640679896,709865.8400639563,802701.4367422808,237194.7400557739
2025-08-01,480911.9756537761,454910.1126546606,422276.0156524206,658422.6008535658,668921.6626643697,694265.8742807221,788205.8326164938,235250.70531019292
2025-08-04,487033.80753436685,460104.3596572906,428296.0308116972,658893.7544864649,669269.711039113,693583.7466766624,790389.0136040556,236758.05421828665
2025-08-05,483421.10857649735,456951.5910457317,428190.9310883077,660662.413355016,669521.4322761524,689824.3765371545,785880.9446911812,236057.06000843743
2025-08-06,486133.35710825055,459496.0670817393,427525.7315882804,653696.5219249402,663667.0686102279,685464.453002524,784175.200980242,235335.45382304917
2025-08-07,485232.07691862277,457471.9573033091,426336.5577140604,653872.3412389975,663814.6041429855,683168.1151681781,781354.875146006,235545.66978773498
2025-08-08,484937.4040926236,453117.50320500205,422195.1311093193,644837.7335488086,654799.9384157927,669241.4716151342,766347.3234147627,233315.77948665147
2025-08-11,481570.71733393916,448500.06545356347,417688.6574222213,648218.2463529367,658417.0668018812,668911.4018679195,765881.9953271295,235439.37409173808
2025-08-12,478330.30332209636,445816.4293314837,416906.16562697734,652230.2583404912,662164.5588069854,673231.7112127959,765828.7485619104,234504.2226026023
2025-08-13,483639.6493688643,451881.3118003779,422967.0848953779,646197.5838348884,656432.6562204964,666832.60642471,759122.717810472,235767.83770556914
2025-08-14,481894.62953209487,449015.82193982275,423716.83606000314,640886.868465486,650805.7718005318,660362.6385673014,748393.8379051645,235882.28841185197
2025-08-18,486209.6498518457,452393.34124015423,425765.65168573504,639498.4067132758,650093.4002380036,660424.4107203502,747478.6589795891,238234.7470212001
2025-08-19,488568.68969643564,455225.0409419522,427753.76839182695,642288.7723089892,652714.3658832147,663869.7088430738,750527.9277817393,239227.8439733305
2025-08-20,488364.2840584906,456513.9858534885,427939.90206127596,650361.691413434,661511.0504861999,673134.3070297276,760781.7228011438,239897.24687039788
2025-08-21,490566.540082359,456818.6626306819,427424.2084408345,653553.9080593551,663873.9939018475,677061.6744106812,763522.5488451864,240215.18004663504
2025-08-22,489984.55813619937,456166.4018090842,427970.5821557739,663308.3878149523,670282.2994589668,687087.5518360975,770932.3993075525,238169.15156002447
2025-08-25,493872.3275045138,459348.1831691251,431480.78911971237,667784.9617500207,674121.6753507409,691838.7918829639,775392.7482035273,239104.30304916023
2025-08-26,490628.14393167227,454692.2731477801,426479.67555257236,665697.799736635,673075.7126034142,689707.8418116017,774205.8980182713,236655.59287345622
2025-08-28,486690.0311864018,451273.0365788427,422026.2500798683,659632.8121744848,665440.6747048965,682019.6475416349,765815.9393000526,234633.50570144635
2025-08-29,483717.73880729155,448320.1745695308,416569.20167200593,664418.1352728184,667726.9239969088,686006.622182983,766610.0577630078,233924.35648131135
2025-09-01,490323.0626981633,455155.18843654526,422496.29731365596,671092.3374543234,675644.8793162855,699468.6656552216,784075.0241848871,235822.43512535008
2025-09-02,498230.08221646363,462686.9514178754,427619.5533130856,675794.8268074301,675316.5229992119,702202.3958301984,785114.9321529755,235387.1708034172
2025-09-03,508043.91138788103,470425.83163989335,439629.9392280482,683833.2630979547,681338.6424699344,710973.5025611421,792674.0392960986,236684.3224509771
2025-09-04,508478.93144380394,470701.30993847246,438777.3896940535,686218.6788555346,682617.3935572993,713872.1220065572,793560.9567077887,236868.6705734029
2025-09-05,509188.56843403424,474018.77119730436,443581.7905456343,681861.5459550067,679960.2788420911,707233.5299303345,787060.5309593065,236932.8258148721
2025-09-08,520906.550863706,484924.92731599614,455497.30637121707,681397.0091230255,684054.5552774182,713283.5948322838,799995.5459393167,237240.71486146818
2025-09-09,524807.29691236,486896.42582828784,452844.9218587855,680649.4274489495,685291.8690061881,711463.476322945,799847.3008551833,238154.786771264
2025-09-10,526231.2240804359,489384.0800405466,452394.29472923325,680483.1832872664,685227.6890187091,710632.7208676458,799070.7186234,239155.53372157543
2025-09-11,526315.4462398039,487196.7782194198,451188.5561521498,683148.3049019056,687121.0420313518,715774.1232894092,804952.4477669507,239465.81689963158
2025-09-12,527789.7736310993,490513.9266797779,453558.4950927688,689783.3093244683,691180.4568605705,728958.7701516498,818556.7327535363,240504.86995330415
2025-09-15,539292.9160764898,498243.1988302447,460984.48371179914,694452.3271769386,694203.0657175235,730699.2865665698,820156.7471002898,240075.83411399787
2025-09-16,543258.2821139063,503108.2338132526,465262.75758494786,698339.5092020688,697032.6190332116,735144.129029688,823588.7307457313,241702.88959509533
2025-09-17,541749.1854707854,502870.25405100896,462710.1137572587,702421.3385567139,701621.6131103872,738718.9894724224,827114.4235590294,242575.79366626908
2025-09-18,540786.9501506783,500906.124665868,462740.70509859966,701777.5032743664,700925.2124991755,739321.0427406675,828255.6554996463,243469.75861263074
2025-09-19,543334.9737224189,503067.3320863908,461518.40534163726,710649.7759107557,710050.5586779255,747014.6162582575,838001.9241822431,242545.15626524098
2025-09-22,543231.4944067568,505290.06247793784,460176.75415210705,704799.3260658324,704681.6870985982,743436.6335513083,835625.0156906294,241350.9522704643
2025-09-23,546657.5729372866,503817.1037267701,462178.3577365757,716848.8524665653,716406.0085580376,760292.6148141758,852243.2420990964,241036.36713744083
2025-09-24,546878.1641015105,502744.82135371707,460385.38589722227,722727.2291296247,720254.6302814849,764940.0846662981,854639.403126688,239958.0540686534
2025-09-25,545117.9558995924,500997.48131063994,458722.29610422323,721625.8351705442,718371.0137121523,765749.9300583875,854049.8784252452,238367.8644712107
2025-09-26,539772.3924792846,494542.08012891025,453909.3350759524,717641.5535687949,715974.7870199328,761262.1670171382,848750.6231296206,236106.36415319334
2025-09-29,540331.1566385055,494791.9223467434,455148.0862311006,723723.8858812853,721091.9883476916,770784.2849420559,856816.5181027079,235916.76016404666
2025-09-30,538655.4978043651,490709.5136106198,451555.2217652499,728161.9675741129,724297.8876421261,771906.4453641596,858887.5264077412,235688.83136738665
2025-10-01,550077.2725547192,499970.67237831943,460428.1978863979,735552.2770250293,730286.3764381115,786283.507071425,875021.5555684507,237845.47620911355
2025-10-03,554165.7686862226,506359.29222539393,470729.7475815895,752117.7160762139,742318.31862648,803361.2365167242,888072.0887751997,238400.4283998981
2025-10-06,556638.295470511,506789.18965374446,472987.9295213301,750680.2273698972,739298.3368567739,797461.8854257063,885503.0943536366,240156.76697983962
2025-10-07,552589.1085659884,503761.45294097776,468167.59865186596,752821.7207009362,741879.430734066,799986.465006528,885517.6251591118,240450.29123767524
2025-10-08,559917.2379993255,509491.7458031435,472835.04674296314,754957.2377512428,741988.0298716446,801141.036083875,889665.4389979796,239855.1064158702
2025-10-09,576039.0718364357,519410.81366566196,479830.15902669146,766928.7638945385,753109.7348877919,808076.2268490125,899149.2800540986,241154.16588693735
2025-10-10,580863.1774621665,521946.50647356105,477621.3333046341,763612.0157085379,752442.5485803514,805436.1054779039,896819.9950842462,242145.80391520922
2025-10-13,594801.1889928029,527383.8163590742,483963.56404837454,773971.6495277745,758322.825856909,814403.8942108133,908419.6030542242,241590.36541647182
2025-10-14,587582.7719006587,519670.4085715251,476768.29749380355,777634.6144363228,761183.7305045015,816075.7937339753,907413.8042665565,240806.5305172736
2025-10-15,593384.8960846183,525124.7502272474,485578.01156930777,794197.1933819696,776095.9406380252,837467.6148430768,928780.2364507263,242511.63842479992
2025-10-16,598070.8807850316,525597.9303118595,485383.431932811,811396.39344702,788859.769925887,848903.0299739257,939315.8208994904,245018.29406349853
2025-10-17,600783.2228781694,526555.7380985564,484486.0190570769,815114.9102154042,791266.3692798251,851851.534414972,938542.3737909677,246211.03913441673
2025-10-20,604986.3631179739,528750.4241266489,488485.7588372542,828830.8945622634,807171.752688137,864656.7338976776,952035.8930896249,247487.5975105896
2025-10-21,602743.2998307615,529051.4909629658,489549.89788260724,829272.3787168576,807684.8634929524,862046.6161077636,948732.4804448287,247731.3126115644
2025-10-23,593986.2548889362,521632.8915002847,484792.6257137505,807731.2979852327,788329.1513571056,842375.566144253,929643.7803332906,247949.6648823841
2025-10-24,597716.3731945223,522212.41397877375,486904.164875431,795847.3325747282,778127.8454076936,838577.3207036539,925853.8988387263,247027.92427025514
2025-10-27,603954.8856424645,524935.9157651404,491366.2625460567,795583.0256997594,782159.3133889154,833236.9875523163,926707.9678518109,248664.55627719293
2025-10-28,613411.6880706683,533843.1139901254,497787.8271404523,803196.8636513647,788773.4737917568,840600.9287857892,934595.6207687757,248378.68201753835
2025-10-29,620944.7119734936,542935.3594262339,505711.2759566572,805208.1858284159,788219.6936332585,846439.2727825284,939936.7400834108,249505.8503314329
2025-10-30,616813.124433758,538721.5578730389,503814.19817596325,800302.4392394625,787060.5542248397,843178.1061280475,936649.7650943033,247819.8954755872
2025-10-31,614626.7080295843,538161.1634984472,502918.02704898483,808288.428229,793564.0512557377,853857.623484284,943041.4957949026,246328.3515759604
2025-11-03,618127.1633356166,540541.7077724242,505776.52312226826,814551.1051299341,802142.7826733942,858395.5564727803,947999.9388090979,246723.38326687278
2025-11-04,616373.2784352507,537979.3134695562,502911.54429793684,812688.975275514,801144.2224564867,856895.0016932139,948016.0882525654,245136.56041679584
2025-11-06,619806.0839317853,536102.2205740585,500289.35636657383,820881.7969438212,802464.7082700187,867598.4050249378,954238.9111063844,244294.29374665022
2025-11-07,636174.7078170214,544781.16481888,505469.55565357005,829662.8969994962,808782.0278922671,874352.6559558862,961800.9891708206,244127.6771603506
2025-11-10,646852.3654025955,551925.8787731087,509696.72255090653,824217.4523198868,801080.8783707304,873954.6217014255,959699.0353110353,244913.41988305605
2025-11-11,649235.3373232853,552983.2488866172,510014.0651063923,814641.1774192785,791837.0908216847,864926.043633093,952205.6916008348,246068.34515856585
2025-11-12,671177.3555568755,567192.6108394306,520543.6654582768,833261.6934876905,806566.7089614263,884989.1649195106,971142.4412451703,247800.2748201058
2025-11-13,680915.9907792489,574317.3951967368,528114.8777351446,828578.6885611841,803759.976265339,883307.641503141,973188.8856061655,247832.3524408404
2025-11-14,701231.4183442763,591137.0791362774,535797.4454917343,827246.6588124726,805152.4462346524,879299.973505277,973815.2906044424,248128.27083013608
2025-11-17,696290.7669493653,588849.2714365724,532806.6193334515,831968.4168465773,809122.7131547699,882069.2227283433,976071.482446167,249118.46863870154
2025-11-18,694267.8442862933,584542.8532862331,527557.8508062141,821555.5811865175,798941.6136245651,868908.6848546991,962101.9016939693,248128.27083013608
2025-11-19,700352.8981214135,589645.2690041017,531400.7366323951,821854.4665582724,797605.9323839213,869615.0315837682,960341.4808402112,249493.87967413254
2025-11-20,696038.8034192342,587089.23465482,528533.1924145094,816837.8806790218,791963.1186598855,861345.5213766454,950806.1939734009,250829.80502885443
2025-11-21,693016.2009942406,581980.1076018005,522715.2847266528,804801.0006300868,783403.9554171485,849885.7973913602,940335.6480562338,249642.31582465718
2025-11-24,688855.3111731973,576877.0388372272,514707.1276238598,799662.3983581541,779731.7591843865,845165.5985478715,934184.1372537157,248601.82255127814
2025-11-25,693436.4921645299,580131.0711200682,517085.0611195272,796935.2515531037,780058.1557608389,840780.1544635043,930859.460909524,247886.46355266852
2025-11-26,697553.7371644096,582564.1226065592,521965.31591164065,806450.2210220791,787250.4067289374,850718.1081480418,940207.7719063985,250955.7400844848
2025-11-27,707011.23387667,589013.351566238,526549.7498370213,799882.5876243798,781873.2066823157,848289.5334536616,938046.8972516819,251053.89947434785
2025-11-28,710923.6136873281,591154.4640578686,530753.771789553,802805.4789988546,786470.7441135003,851609.0654983117,943919.2629955914,250933.22028543844
2025-12-01,721883.335042873,599355.3826668803,537031.4768901233,802097.982735475,784730.772866851,851214.2544277246,944118.0878393102,250672.74626424306
2025-12-02,719982.6254741005,596338.3789445938,533624.5576216205,795935.054034786,780452.4463464955,845114.5322320634,940032.2515472752,249298.02849820716
2025-12-03,726017.0238924448,599117.4105065133,533853.4704401247,790509.3828058622,776271.7316878368,840376.7358858824,936126.2410534109,248855.60048604608
2025-12-04,728366.3936018222,600249.2474590626,532964.4482485781,791834.2221119499,776762.4800029595,841933.6175297296,936998.3848908255,249312.87959492044
2025-12-05,730674.9470384091,600403.635809963,534527.4743181668,790928.6888693899,777133.1865742392,841248.6917575074,937772.3424206169,250775.2076090735
2025-12-08,731372.6719256318,598435.4424043642,529735.4914740084,784922.0773013537,773050.8299222719,834696.2930926593,932215.8219733746,248611.88538507128
2025-12-09,740503.297236037,609338.0568838492,536013.4178840131,791003.3376027658,777829.5707393814,841147.7777436746,937354.8660830938,247454.07967014855
2025-12-10,744300.1176535846,608576.1880251021,537457.0804402082,794206.1508116751,778769.7895685124,845693.7492814513,941482.2693244138,246672.1525944576
2025-12-11,749655.5998566067,612671.9711769053,542178.6678600449,791530.2190260892,777285.2951343715,843797.307047734,942469.7407181654,248018.14078297265
2025-12-12,758897.82072046,620277.988835165,551055.5521131003,801197.5584206061,785764.5057418372,853899.2450272361,953235.5740260421,249439.2822543516
2025-12-15,767504.6786808809,625769.1914999116,552974.3916477843,815313.0842227354,795328.0457603692,868610.8853525876,968332.153142263,249251.11848491133
2025-12-16,765142.2509898571,623055.5279260454,547563.7374949489,812647.526752999,794084.4265466803,864739.0065643692,964943.964057823,247649.91214192187
2025-12-17,758869.7870189747,617059.05760107,541182.7615739051,807355.4065303789,790170.5663592994,858813.2133213071,957920.1350335984,247252.01871574862
2025-12-18,771903.8263838353,629338.525425978,549645.6990927414,812399.4845613131,795665.8810537927,864648.0167135585,966258.218770841,247223.28913822767
2025-12-19,781989.4520848232,636899.3589637504,554712.1612038972,816214.7898124655,798951.0848506483,869337.2456996001,971547.1424223167,248667.9043204066
2025-12-22,799678.8979770184,651184.6601427915,565612.2026529463,829982.5138981538,811042.8440483747,885328.9199511006,988245.3084090351,250640.66864350848
2025-12-23,815696.2515163501,660326.57912908,573633.6568665885,835003.6979623687,814848.2227247643,892975.7013168762,997104.0491449969,250686.15714124992
2025-12-24,824933.037355451,665001.6322722528,577587.9553040718,838775.1809322451,819882.6193851235,898377.5903334504,1000561.5498237994,250350.4924288866
2025-12-26,820113.0666984633,660599.729229206,570977.8349722376,842505.7708607678,825958.2994685053,899010.2866457257,995223.984288562,249394.76637251582
2025-12-29,837034.2783463098,670192.630481802,579835.2784511227,840459.3101973389,823494.5653167398,898964.6469767157,996335.5578083269,248435.1872608265
2025-12-30,863802.0031088744,688143.3470844467,593270.7848767588,855057.4170325395,843727.4753075185,916044.0742505078,1016970.3961174368,248404.06355184555
2025-12-31,887950.0992337014,705607.5321779337,608878.8709687324,861113.7520725213,846105.5471272473,924209.2161017227,1027726.2997767351,250230.7858558828
2026-01-01,900050.8840560509,714453.4188765739,614088.6809137829,861152.8412986784,848183.0450790082,925014.3292666797,1031247.5554857512,250393.11919136712
2026-01-02,839555.9322468871,677254.8282494592,601490.2310538524,878697.3226012522,866442.9915040161,941130.746510158,1048534.0830516373,252136.04689430183
2026-01-05,822081.2607421097,668379.3457296505,594462.5912563328,876647.4447565817,866470.0169817951,936795.5885317697,1040264.910703286,251386.68374729832
2026-01-06,835018.736826246,678300.4472205923,593499.2147593766,878612.7144696717,871754.7346716906,936105.4404882746,1041194.4996325263,250700.98953381117
2026-01-07,831193.841707846,676469.5047879631,590701.4444536366,884394.7094024129,873827.8541472503,940053.7443327641,1043258.2597760502,250337.56785983258
2026-01-08,803188.1341990966,656021.842349446,577662.1431830243,873736.2589705836,856688.0970539337,930919.2579196934,1028815.0696373362,247810.31894974693
2026-01-09,805402.2700561765,653710.2432378621,570757.5004337573,859223.7169244442,847659.8192429144,915565.1363895971,1013737.1629513698,245956.793595848
2026-01-12,804418.365796961,651802.3425629751,563632.1210056345,868362.1409006002,857421.7700469136,923514.4603764372,1018534.8862149522,246980.9955528073
2026-01-13,804181.7372529953,652355.5748459697,562024.306704606,863790.7590073542,856020.01627554,921310.0286540907,1018962.7026660261,246426.04336202273
2026-01-14,817059.2879678393,657648.9680984397,561208.4827083264,858677.1040581244,861180.3258653298,919359.8793292429,1022177.7521852601,245787.27786598346
2026-01-15,817059.2879678393,657648.9680984397,561208.4827083264,812382.6270298287,831467.5397769932,870225.7839834077,986354.2693236123,245787.27786598346
2026-01-16,812187.27838072,654097.4980705434,559173.307412522,853781.3390736557,856199.3112416717,911258.0906608736,1016424.9310955014,246062.60298389205
2026-01-19,794705.8448788677,640610.1241596868,551696.3912925198,849005.5363439067,852372.1476590354,904685.6130047308,1013642.5071193513,245020.2018870058
2026-01-20,772673.7789214471,621809.1419672165,536815.6191590931,838791.7785180518,841383.0148382309,889422.9932201746,998057.5438360916,241639.68826537975
2026-01-21,753025.1528523942,606712.9907494925,524713.8485324252,835054.5136575219,841170.2315133228,885583.6760477582,991594.9035105964,240921.44882735724
2026-01-22,778899.9911432407,624294.0401833914,541331.7678317056,836658.6879829187,840957.5197378274,883638.8048640236,990061.2491131853,242189.3845894434
2026-01-23,763253.1495625727,612679.6538189695,534474.8337841582,831854.4179456697,839397.2361411906,875838.1382786077,984714.2957518226,239879.04773047092
2026-01-27,755572.3709147237,606072.7008095662,525179.6910531,837184.7135024937,849370.8009389039,883299.5111141643,992990.2748184857,241092.87238072898
2026-01-28,754348.180554415,609409.5754087947,526072.7139411689,845253.8858015852,866920.354836623,890915.6543964893,1000670.4377255548,242695.50023927286
2026-01-29,752470.5192108377,611400.0577267149,527104.882745963,853386.9667633031,888947.7406418368,899234.2358276064,1005923.9337165146,243424.75642284213
2026-01-30,753354.239586859,614095.2187915526,527711.9020810903,849876.1118311431,866624.4818936214,896136.290038096,995506.6671519867,242483.8627590326
2026-02-02,747264.1636673849,606579.5029980676,519774.61570221104,819392.2532775684,835043.4898386764,863148.1892914829,970035.4677617177,240259.71463262287
2026-02-03,752214.6052677524,614790.1420594683,525251.0041647403,823456.0969770543,841297.5047536583,868114.761971061,976905.6002294319,246380.55486428126
2026-02-04,757439.8172056695,618246.7965953684,526000.5914398432,823209.5916648348,841690.8556584914,868452.3490082367,977769.7797438218,246844.530059583
2026-02-05,748535.9487426043,612503.0468463383,521486.21678554075,823820.1752174698,839804.8449575778,869218.8356414277,977134.2616673405,245568.94429931583
2026-02-06,746930.9288970657,611065.0072591447,523811.3548236076,819290.6627439682,833771.2011324724,864451.4042990741,974309.45392997,246056.37450126547
2026-02-09,750471.8080237906,618876.8008444435,530846.9530685655,830893.9133867037,842719.9537737884,876526.843858216,982738.4535645747,247718.87435046324
2026-02-10,763872.3746512275,626715.5500921736,535415.5784345499,824905.2289378134,838645.2500546307,868849.3299972231,976983.7886799909,248368.63788789723
2026-02-11,773405.2364921279,633977.0080983149,539780.9698104409,827412.5614913314,840350.0671180289,874042.0138286178,980876.4026460685,248547.71143945004
2026-02-12,773425.8548046137,634131.3619011316,540435.1805058372,830630.431870597,843754.8780098627,876487.0988473851,984063.6688334551,247143.31018413955
2026-02-13,758203.8021554914,620841.5889474207,528491.0069403696,809349.6586306909,824314.185828742,855476.6771182597,961669.6528046973,243924.64359004502
2026-02-16,758619.6923662235,622973.2695987297,533709.6372446137,818430.9915827801,836641.1628700003,864207.9662746021,976202.5797036706,245951.519024975
2026-02-17,782649.7281161335,639780.1451136101,543453.7009468267,816775.3824387585,834724.0110038974,864950.4578741706,973933.8124252022,246359.96159289425
2026-02-18,782177.835696205,639790.6486619224,545912.208933452,829404.0280966486,844663.2158610615,880152.5228301284,986231.8573192478,247259.66871392963
2026-02-19,774011.0699865981,630824.7701986822,539990.2935620781,814614.5909529068,832173.9987715826,866260.7580122489,971322.7328849847,243764.23678221996
2026-02-20,790229.7180419535,642896.2833016027,549310.5376361375,816648.0227552652,833215.0075330398,867984.1889085758,973547.7053250521,244883.73639378152
2026-02-23,795803.9835643172,649178.5723814901,555141.5586712289,822288.2796767761,839612.4307544142,876947.2789335542,981742.1794470064,246241.2089316441
2026-02-24,796349.254441534,650600.4396287869,558773.5239939993,821097.0448063483,839552.2658890013,871354.4147453128,981192.0488374537,243479.82144642386
2026-02-25,795736.5081337304,650614.4622623703,561673.0601394026,827659.8788448587,846640.080570582,879617.1264867503,990631.7457777985,244033.81972545484
2026-02-26,796677.11656634,650915.0468012262,563117.1983865164,832099.1609260725,851276.8383411791,884067.717916906,997673.0561766302,244168.3773951719
2026-02-27,784871.5978348128,642272.0819306914,556356.699742518,824445.0986273428,845216.1384044852,873071.3585257449,989711.1395594701,241123.99608970998
2026-03-02,768782.0102762379,627316.8656983933,547714.9626741864,805798.0742991844,831682.733909584,856646.1298694194,972086.9142551152,238127.01110549676
2026-03-04,751137.2612747131,609985.0584764014,532727.0195393208,781608.7218607747,806467.583016612,823958.2793025264,932403.582835493,234438.14083347382
2026-03-05,767102.5792640654,622321.0571358966,538892.2446107235,783013.490072539,809667.5768075115,827501.4913988571,938679.4231751037,237171.28504912596
2026-03-06,770976.2378340745,624548.9729345458,542927.0316645988,782905.4147690132,809412.096860524,826786.9676209366,937119.4241569011,234150.35875031204
2026-03-09,802539.2502965858,641995.8520007678,549568.4485685243,782959.4524207761,809539.8368340178,823349.2189489716,934645.1847848346,230105.24919869076
2026-03-10,832275.5444267509,664758.4273608947,570166.2770956293,790958.305024472,817870.6984860236,831305.0770084806,944310.2764672441,232341.8355862017
2026-03-11,830444.6833682418,659829.4509434588,571363.351529881,797608.3150082942,820999.2332399637,838529.9371859345,947898.2893524556,228561.50201074313
2026-03-12,815564.8381016888,649237.0775644312,567771.051862305,799444.8848732424,818743.0599435034,841026.17152149,945235.2380288679,226380.93455856753
2026-03-13,791027.2177143119,630492.3822564399,554792.8536844798,792311.1492894908,808154.1085139554,834150.7464664006,932918.4997193092,221707.1036405481
2026-03-16,785275.0568538457,626958.4752338539,546401.6730469436,781461.6495267603,800198.1527597831,821522.1607446854,923737.4595553568,224174.9855720847
2026-03-17,769696.411912458,618418.468032997,536175.7776756061,778181.2920724337,797917.0661903925,818075.3617141196,921103.6651315372,225825.4960598301
2026-03-18,781847.6538852849,628617.6555853084,545943.5372928766,780595.7720437633,799533.1818220518,820524.6719818739,922969.7612072527,227708.72360715558
2026-03-19,779379.0685333757,623284.0080863702,541221.0545060552,780719.818747706,799512.333139975,820462.3996465111,922946.0199238372,220280.68759829615
2026-03-20,792780.2710187314,630891.2760581529,547575.4259188835,782129.5249129906,800489.7158085132,821943.8202388291,924074.5154164282,221356.60653562352
2026-03-23,784231.6716785318,621020.190856337,535846.6309148896,779271.7512746775,798532.5011532204,818939.1019460119,921814.80317951,215592.97819946913
2026-03-24,795306.0789403234,631848.6964820529,545767.1157531723,782873.183024728,801011.0347725294,822724.9388983793,924676.4606418497,219421.1944041292
2026-03-25,800634.4195514044,639575.7911215832,555321.2785793121,783620.9392651252,801527.8779361678,823510.8381740532,925273.2057161614,223194.81318900833
2026-03-27,801641.6629377429,636396.1849830436,548865.2301203455,782779.1553024363,800946.0435590383,822626.1148232997,924601.4220435807,218532.4853244885
2026-03-30,783536.9185872648,622326.1245679915,535996.585702531,780625.4487656002,799457.4187373244,820362.5477463944,922882.661707074,213857.2328909147
2026-04-01,802945.985883499,638249.8216278525,548297.2172793307,781301.5596311326,799924.741187922,821073.1470176422,923422.2303618015,217189.86388333922
2026-04-02,804407.5026702305,639640.2682590502,550284.338746311,779752.324050739,798853.9218816647,819444.8849521423,922185.8666223863,217512.58532249654
2026-04-06,799512.3204402421,638535.3481683534,549283.8836600339,778153.8363744568,797749.0599186169,817764.8584420371,920910.1973659683,219956.03963147957
2026-04-07,792915.1769578092,635193.1394551015,549283.7095724755,778584.3427679988,798047.8205779816,818217.3410371486,921255.1670058277,221444.23548789267
2026-04-08,814082.6915671411,651453.9468244205,560398.4673876738,781002.1996153714,799433.5967659064,820337.7439003058,922854.9264333245,229811.23863290233
2026-04-09,815295.446928957,652465.1079035404,559935.1904390098,781411.7482145946,799606.7446342019,820586.7501516499,923054.9742787861,227682.85576489556
2026-04-10,821552.463652541,657245.333850441,565085.2615957768,786149.1895119903,805909.4145907437,830290.6929452987,930330.7184919524,230321.18863389833
2026-04-13,810314.9652507581,649978.828344956,560386.4009107024,782616.6562997394,801251.4677914162,823137.2891726894,924953.4020106047,228329.75756706865
2026-04-15,805428.7419969378,648092.2251160911,560363.4249433852,781000.6647628148,801573.0995010529,827357.5723878755,928088.7915371521,232051.6780757318
2026-04-16,814055.7598761838,654218.8144591872,564935.4400850749,780447.4787918258,801730.831381761,831523.8122406681,931191.6028495751,231720.8016262886
2026-04-17,826884.8382958431,661883.871056402,564864.5531193715,785881.120298055,810155.5792306245,845540.3576823312,941685.8392076108,233222.40835970853
2026-04-20,818218.3721800108,655563.1197283767,555406.7057210375,782489.1224532329,809054.421742701,840988.9196910099,938296.9418701156,233330.61187921272
2026-04-21,836089.0743841555,666738.3954742402,561288.3758966334,790389.2570243981,815061.8991096463,853474.9202072378,947606.0484611258,235358.4412258963
2026-04-22,840740.4228503939,669019.176070408,561801.8794395833,797385.7565383052,820159.2023628568,865919.6005623068,956914.0248815153,233457.50084659667
2026-04-23,824646.8470808171,656247.9370042435,549601.1535150388,794282.8755365633,817785.265304726,863958.5899819102,955446.0504305249,231493.84544553427
2026-04-24,816151.1519014316,650845.3298879107,544063.0129444851,788105.9704805553,810000.1277273953,852535.8307159477,946886.9723284473,228859.32822354604
2026-04-27,812595.8691883587,649952.0867074978,544739.3098642707,796388.2557052436,817305.0470907163,863545.5979892388,955122.482035249,230724.35663094453
2026-04-28,813313.025790692,650645.3852654115,545920.2408606985,797700.5401339398,819000.0014603606,863752.1725561097,955266.327901938,229795.4336244354
2026-04-29,828231.9150210723,660686.1171487644,551856.6528441396,798198.5877835053,819756.2103150929,869014.1269142871,959178.5663382302,231537.8937235693
2026-04-30,830181.114322654,661787.4227982458,549254.958209535,801222.9570405808,820568.1919151929,874209.6660537999,963067.9186500406,229813.1651605616
2026-05-01,830181.114322654,661787.4227982458,549254.958209535,801222.9570405808,820568.1919151929,855250.1946997521,948868.271032535,229813.1651605616
2026-05-04,850278.8688271721,675102.2502052988,552900.8946257777,802434.1250342,820960.0738491483,875382.2923586937,963894.2051515798,230979.10718161816
2026-05-05,864003.9954557155,683839.5907442513,558063.7845556817,802199.2341985722,821639.5727929131,880547.4610568152,967768.6947060879,230150.7376964322
2026-05-06,850013.5410571275,676004.1403026476,553205.6990684895,796296.9555180627,819734.5323956163,881158.0241786243,968260.1084627192,233005.9639123961
2026-05-07,869862.4911548935,689329.2049585269,560738.695062788,802567.4450123103,827249.5197884681,896823.9960963208,980380.1506975531,232964.79607377405
2026-05-08,872806.6768802991,692784.4917478035,562075.3853778917,804341.0435322656,827632.1102128725,907980.358428054,989135.6382127926,231523.5289348088
2026-05-11,863890.8103555226,684690.654436748,555319.0536962284,801403.9107523279,824677.4139151964,896098.4943904525,976494.9706304444,228073.09919288778
2026-05-12,833738.861671451,661003.1111008961,547530.3484292899,793994.2262759799,815622.0597971363,863441.4479948775,949539.8709074176,223894.8721912559
2026-05-13,839509.9474954762,664637.7156925146,550902.2842810228,797405.8357075477,818540.9238343971,866765.6081443722,952011.5515245916,224211.36514778665
2026-05-14,841215.673308455,665603.2131582998,551578.6982329413,803106.9383195727,826869.2667147003,877301.1808452484,963525.999895704,226864.06280554988
2026-05-15,831281.2891149328,658818.8312746473,548577.5735568287,800277.8087496854,824804.2569668279,874061.3820758648,958800.8253936943,226422.5887051424
2026-05-18,823057.5317095437,653316.9853448125,542471.0842129336,802952.8442332076,826380.3422365277,879052.2629656801,962334.5040738899,226484.34981515157
2026-05-19,803896.3131899564,641491.1875036329,537385.8884970954,800099.8796867747,821908.959184655,875154.6549384684,961088.1567535873,226178.3872962148
2026-05-20,813355.7007376065,649304.6199733344,539606.7362992025,805208.2243595455,826469.1893653919,877981.0695444662,963237.6410665294,226571.02485566706
2026-05-21,823790.9026688995,656620.4698963703,545220.6408406111,805708.2601643152,827935.3377919779,873711.8183690662,961498.011741647,226529.83831289294
2026-05-22,833242.4430567378,662145.1762598052,549721.8994486064,807806.8605995497,831913.589596469,879669.5490473349,967219.0305117941,227148.49684549798
2026-05-25,851457.6656411093,673988.9234435804,556290.055985206,813906.9838248193,839266.5566233909,889643.8999565,978471.7275506492,230140.18855468623
2026-05-26,865888.3746538645,683226.4067923753,561932.8870045431,836381.3446292779,857252.8337453709,920202.6477861227,1005182.1569416893,229010.15850553077
2026-05-27,876063.6944163442,690693.1674117759,568452.6708313655,840234.0344977474,862582.1179978157,930140.9425115148,1014745.6921863614,228947.44348376803
2026-05-28,876063.6944163442,690693.1674117759,568452.6708313655,839814.9651538584,862295.3076510169,929950.5452596548,1014247.1979600067,228947.44348376803
2026-05-29,879565.8350611791,695751.2903313672,568562.2436348498,856520.5626291956,877074.1156417273,943673.8927389816,1030125.8376661849,225505.63635593365
2026-06-01,880255.7571239688,696827.1686566896,567315.1648589049,849675.1980727627,875378.454070547,923254.3239415269,1015925.016047993,223924.06937257765
2026-06-02,879168.6081484221,698877.2814097134,570611.5988205312,863377.1181074057,888001.7441976262,929470.6114147867,1022041.0413198841,224890.83087864716
2026-06-03,880914.4223469187,702122.4137082621,573362.4683457795,864445.2394081771,891901.764427735,918606.3348414192,1014867.8842295778,224144.32946690454
2026-06-04,892503.8326692395,717479.4374885275,582644.3788910417,869810.1602318762,900715.1262701893,931145.7176054268,1025884.1370388872,224249.20364734705
2026-06-05,893402.9123454307,716644.309750511,575731.530361982,859101.6016509838,889089.0468396817,916168.7533286044,1008877.8807906073,223771.79887088644
2026-06-08,898873.2386087485,721632.3825385743,577088.1586040136,845600.6458326189,874526.3156336026,889741.7423894102,980072.2844746719,221438.0070052661
2026-06-09,909008.6744270194,728377.9585150783,572874.2081594307,846674.6034853607,878123.8176872318,900136.2077156364,989776.0143156982,222578.5674920154
2026-06-10,920258.726624065,735565.6579402231,569473.5776272952,844720.5120202972,872565.5862235352,891184.8890853815,978786.4788901823,222318.56107462087
2026-06-11,923615.6214295665,737788.7694755736,567716.2738806242,850364.468600445,874662.8803823785,890289.0508126565,977521.7829791084,221807.65716187123
2026-06-12,934944.2331496364,746226.1424489489,571971.9492062125,856236.0099351273,880495.0050747865,897562.9758021368,987220.125831722,226225.31601366264
2026-06-15,944273.1579953926,752935.6230044868,573739.6013549775,858686.6759773913,885277.517109487,900481.9113867558,992501.8945505365,228437.49348277203
2026-06-16,936230.6988872432,747335.3770320694,567106.6936233151,863318.774096923,891183.8737115544,915126.0743834457,1004923.354042761,229732.71860267266
2026-06-17,936646.9988212939,749736.6222867105,566277.6002514026,870342.7066985914,895890.6631051952,930716.2472897428,1015515.5729774504,230657.32095006245
2026-06-18,942411.7960004203,751635.2867605456,565416.9144409074,870640.9515534551,899337.178183811,928559.0477556209,1015154.9090061069,231445.47650838
2026-06-19,970324.29806577,770072.6782358986,577235.1957741397,873147.9326392093,901000.9399834776,935095.1911611645,1022569.4873487491,229962.06891488703
2026-06-22,980751.3043321972,777883.322660818,581079.0482606173,872224.383527414,896883.900874987,922948.5278853439,1010430.0165874392,230822.04841700685
2026-06-23,982456.7047640784,777146.8273827864,579699.7797911157,869712.8016663252,892917.3035089519,923099.3536392545,1005990.6029510713,228152.1055310703
2026-06-24,971578.5924240636,770671.1680963566,574712.3304706224,864799.110920354,886506.1420208461,946548.53739518,1019778.2222931744,230043.95569248244
2026-06-25,978288.8623703035,776862.8812518715,574104.2909115682,874270.54484127,895690.5657268381,955280.7396054574,1027676.4733710141,230372.90561426632
2026-06-26,978288.8623703035,776862.8812518715,574104.2909115682,874266.8305764488,895647.2210428775,955064.5220889077,1027517.5626615391,230372.90561426632
2026-06-29,995489.6640046989,791015.3086169162,582497.8469254965,890092.7209571335,907796.9605316524,986565.2072755854,1055191.317926644,229321.88190329334
2026-06-30,999841.6945682024,799427.2466180869,589140.863525351,895621.4650529802,910239.0034148891,1009770.5237501268,1072883.7991948777,228550.97157314917
2026-07-01,997872.1941600232,793993.9670001358,582139.7077060755,887948.5661880054,902198.9075333345,983071.1960456298,1049399.6827744802,229892.63910254487
2026-07-02,1006371.9630776453,802906.3977988712,593156.783222974,887683.1602920931,898709.2252050062,988545.0487213675,1049603.0114114152,231519.20827568948
2026-07-03,1025724.8720918493,814017.6462657123,596216.8394406243,878362.4216631646,888880.8082925902,980535.9197629007,1042950.8762621616,232430.41845022448
2026-07-06,1054122.200538692,834460.4639775866,600198.8225270212,873601.0717069485,885772.0763195069,990176.1734300553,1049484.6798553185,233957.8743217524
2026-07-07,1073983.2101575609,848719.3621469807,608675.4919842944,878448.47886108,887409.7496538637,993763.5922767492,1048387.7451878886,233654.77353807646
2026-07-08,1017118.3397502225,815272.1650551651,600370.5800064484,876404.5190104041,884868.1273050136,983293.5435753134,1038569.9093665062,228707.07642600688
2026-07-09,1055591.3935515934,838495.4214277649,611082.4840726395,878488.1405917236,886068.3189175494,992122.1054914172,1047745.4568771628,229480.38088761113
2026-07-10,1068769.8186832264,846327.8940222759,618691.2520691842,874138.8992124046,881815.3798435011,981759.3919367208,1038925.4943594397,231818.00710439807
2026-07-13,1064013.8350585257,839415.98225383,621999.4251788239,872499.0134485355,880752.285455456,993591.6711066522,1046898.4400309267,231857.2671195129
2026-07-14,1082659.4126653501,854442.3798309517,627170.0443742605,869854.6410670368,877884.7061749347,975481.3207777471,1032518.3323514309,230335.08581885797
2026-07-15,1096151.3405981155,864651.6079366836,635195.7599680576,867629.394045312,876995.7117618106,974147.3184105256,1033007.4223372702,230588.37744567308
2026-07-16,1075562.465718121,848635.8555398021,628878.0065160095,864360.7155146335,874087.2204494904,965870.0857057695,1026424.2351210348,230533.31242209137
2026-07-17,1070757.6437692957,846396.2558111362,621829.7082646247,855667.6631405349,869010.6378847623,946145.2245193354,1007636.9182944925,233038.06023728274
2026-07-20,1052001.1640695443,833451.5570840753,621496.370996068,867618.8695408005,875839.0470602021,963124.6286515843,1019783.6751046103,232120.62158012117
2026-07-21,1057356.7121642048,837926.7712737125,627147.2036897553,870141.1692017341,882961.744900441,977508.4570204176,1034761.9165779848,231634.1265857731
2026-07-22,1044879.3110827735,830178.6002502562,624766.5665689122,868525.2315410575,881926.4902740074,970260.9785868096,1025894.2109115242,229800.7081953084
2026-07-23,1046871.0641203497,835655.8151656012,629281.533453784,863343.13766105,877718.1689605598,955415.5358250211,1014630.9513415252,228587.8374568039
2026-07-24,1057515.4798874438,843007.0981345801,634215.515331344,864242.3537276947,879121.3638432774,940749.1099848398,1003632.6439626949,227609.59160138684
2026-07-27,1087873.1163690425,866692.336113287,654708.4113071457,865349.4219119779,880095.1191216747,940138.4313800095,1003305.3793470397,229797.8277558955
2026-07-28,1127158.7377293298,890751.0406301217,669494.851113567,858015.7150303719,875078.5118795312,930116.3057563656,996080.6732987151,229696.3203228187
2026-07-29,1153462.2067696534,899820.2160807338,683020.0674312374,863203.9139440018,879015.5669096592,940822.6969648598,1003854.5323723552,232232.65945079183
2026-07-30,1154843.624897465,893443.9364235323,677755.1857537251,860616.5298181076,877265.7998389269,932668.2798897009,998073.5087642311,232873.81907829116
2026-07-31,1166349.9470643017,894748.3320368193,681682.709930765,856309.0467990877,874723.732512088,933501.2015273968,998889.4960234696,233510.17173871832
2026-08-03,1179438.3235508127,899528.3218619142,688057.8432220374,855727.1704804378,875042.4759429308,933293.4018624268,999291.7187434501,237251.73160701492
2026-08-04,1211960.9672701764,916418.0936882228,697425.3836052738,851720.0668517895,871199.6858517539,928526.0016116032,995250.1118034858,235725.2296472406
2026-08-05,1252631.6563968996,945507.6114246894,709389.4178335777,853274.9910027042,871819.9779346909,928509.167926423,994870.2584413006,235818.60077418355
2026-08-06,1264229.5668391432,970609.0193137348,709991.5348472962,855526.516194235,873330.5280973543,930413.6842109556,996206.0565502362,235927.29060164056
2026-08-07,1277013.005081988,995088.9103837856,714412.0890159889,852541.5220829197,871069.6008718086,926336.2264670966,993115.6910778093,235301.46837880733
2026-08-10,1270175.4119271515,981799.1827743564,719429.1713682625,851481.8275568257,869734.4351987378,924461.3847744826,991334.271342061,235427.4034344377
2026-08-11,1310134.411736323,997776.1893060352,727002.6960089926,846354.4177405466,866541.1634106073,918674.3824782805,987514.1161402722,234353.8599244184
2026-08-12,1335679.943925691,1015701.1507968877,733693.3798625567,842308.044509522,864328.6462492726,912891.8511126051,983829.4054408239,234011.49912562766
2026-08-13,1360730.1132462225,1033269.4520139194,741148.1994320997,843444.4224986287,864694.7020498281,911465.7934735185,982518.8442601578,233627.484180262
2026-08-14,1367100.119962899,1039215.5789887798,745154.6861165332,840072.842439894,861779.3211202107,904834.4395219216,977374.3347874985,233341.62862475947
2026-08-17,1306094.6018730316,998017.083922143,742547.9083051695,841410.3758596237,863014.7659896554,907926.4522753115,979789.42995993,232591.31156600232
2026-08-18,1363765.4356743027,1033152.1134619503,756891.8289018098,839545.1594360871,861731.8349360251,905872.9805326711,978313.0204902522,231320.02776070248
2026-08-19,1372936.6496226352,1040080.0639100024,762635.6735293175,835878.2879125974,858843.2946824185,901270.2439513383,974780.6088718341,230586.46962216584
2026-08-20,1366863.976374426,1033779.6522432348,760866.8804086968,833616.8882128893,857191.5721787966,898716.2784436063,972869.418505865,232056.93394245274
2026-08-21,1376946.7777454897,1042340.5575271859,760164.6854377938,833297.7957469317,856973.0545766787,898372.2671867092,972621.4119931954,232249.90467896522
2026-08-24,1390019.3184954533,1049103.104151298,764328.2787517468,833297.7957469317,856973.0545766787,898372.2671867092,972621.4119931954,231934.3656341881
