symbol,sector,entry_date,exit_date,sim_entry_price,raw_entry_price,sim_exit_price,raw_exit_price,return_pct,holding_days,exit_reason,is_loss,ranking_method,capacity
ASIANPAINT,Chemicals,2019-04-12,2019-07-01,1344.512536347503,1341.1596372543672,1284.2397691317053,1287.4584151696292,-4.482871344549491,51,MONTHLY_CLOSE_LT_M_EMA9,True,Monthly RSI,2
CANTABIL,Retailing,2019-05-03,2019-11-01,51.560024114415064,51.43144550066341,40.56641687381459,40.66808709154345,-21.321959074737713,122,MONTHLY_CLOSE_LT_M_EMA9,True,Monthly RSI,2
BAJFINANCE,Finance,2019-07-10,2020-04-01,349.94047214801776,349.06780264141423,211.70952223423575,212.2401225405872,-39.50127547845141,179,MONTHLY_CLOSE_LT_M_EMA9,True,Monthly RSI,2
EQ30,Unclassified,2019-11-14,2020-04-01,348.4690061187744,347.6000061035156,254.3625,255.0,-27.00570336711625,96,MONTHLY_CLOSE_LT_M_EMA9,True,Monthly RSI,2
GMMPFAUDLR,Capital Goods,2020-07-21,2020-11-02,1358.0362759682669,1354.6496518386703,1166.0602806550348,1168.9827374987817,-14.13629361088716,73,MONTHLY_CLOSE_LT_M_EMA9,True,Monthly RSI,2
DRREDDY,Healthcare,2020-07-09,2021-03-01,749.1182193937851,747.2500941583892,853.9227571406125,856.0629144266791,13.99038696878033,163,MONTHLY_CLOSE_LT_M_EMA9,False,Monthly RSI,2
AARTIDRUGS,Healthcare,2020-11-02,2021-09-01,668.0135420626315,666.3476728804304,607.7741016365785,609.2973449990761,-9.017697491588434,206,MONTHLY_CLOSE_LT_M_EMA9,True,Monthly RSI,2
WIPRO,Software & IT Services,2021-03-02,2022-02-01,192.17020747638205,191.69098002631625,264.6276805587888,265.2909078283597,37.704841990823105,227,MONTHLY_CLOSE_LT_M_EMA9,False,Monthly RSI,2
HGS,Software & IT Services,2021-09-01,2022-03-02,1236.735282403351,1233.6511545170583,1175.438619046795,1178.3845804980401,-4.956328506892592,124,MONTHLY_CLOSE_LT_M_EMA9,True,Monthly RSI,2
TVTODAY,Media & Entertainment,2022-02-01,2022-06-01,286.2749893158596,285.5610865993612,196.1444575688313,196.63604768805143,-31.483900134769847,81,MONTHLY_CLOSE_LT_M_EMA9,True,Monthly RSI,2
GREENPANEL,Construction Materials,2022-03-10,2022-07-01,479.94410528485815,478.74723719187847,428.31328601531885,429.38675289756276,-10.757673383423512,77,MONTHLY_CLOSE_LT_M_EMA9,True,Monthly RSI,2
DANGEE,FMCG,2022-06-02,2022-11-01,22.055,22.0,21.496124238967898,21.549999237060547,-2.5340093449653223,103,MONTHLY_CLOSE_LT_M_EMA9,True,Monthly RSI,2
GSS,Software & IT Services,2022-08-01,2023-03-01,225.5625,225.0,223.3901219558716,223.9499969482422,-0.9630936188987123,145,MONTHLY_CLOSE_LT_M_EMA9,True,Monthly RSI,2
AURIONPRO,Software & IT Services,2022-11-03,2023-04-03,195.87060556536548,195.38215018989075,154.25784650188902,154.644457646004,-21.245024971135624,103,MONTHLY_CLOSE_LT_M_EMA9,True,Monthly RSI,2
KAMDHENU,Metals & Mining,2023-03-01,2023-10-03,32.70816192225225,32.626595433668086,28.764907652829432,28.83700015321246,-12.055872411283731,144,MONTHLY_CLOSE_LT_M_EMA9,True,Monthly RSI,2
HILTON,Automobile & Ancillaries,2023-04-03,2024-01-01,105.0620030593872,104.80000305175781,114.7125,115.0,9.18552536558606,183,MONTHLY_CLOSE_LT_M_EMA9,False,Monthly RSI,2
RKFORGE,Automobile & Ancillaries,2024-01-01,2024-06-03,717.5990044846303,715.8094807826736,695.2010819520684,696.943440553452,-3.1212309928785045,101,MONTHLY_CLOSE_LT_M_EMA9,True,Monthly RSI,2
HAL,Aviation,2023-10-03,2025-01-01,1884.779893075923,1880.0796938413198,4081.7814988109317,4092.0115276300066,116.56542038707481,306,MONTHLY_CLOSE_LT_M_EMA9,False,Monthly RSI,2
SHILPAMED,Healthcare,2024-06-03,2025-02-01,249.32040236888795,248.69865572956405,353.53452502958453,354.42057647076143,41.799275819595415,168,MONTHLY_CLOSE_LT_M_EMA9,False,Monthly RSI,2
KITEX,Textiles,2025-01-02,2025-03-03,234.95697539198358,234.3710477725522,156.1883531166635,156.57980262322155,-33.52470048778452,42,MONTHLY_CLOSE_LT_M_EMA9,True,Monthly RSI,2
SIYSIL,Textiles,2025-02-03,2025-03-03,764.5613638544243,762.6547270368322,578.6338522770727,580.0840624331556,-24.31819345932224,19,MONTHLY_CLOSE_LT_M_EMA9,True,Monthly RSI,2
SRF,Diversified,2025-04-09,2025-09-01,2753.50591898726,2746.6393206855464,2831.2616911664536,2838.3575851292767,2.823882514397943,97,MONTHLY_CLOSE_LT_M_EMA9,False,Monthly RSI,2
RALLIS,Fertilisers & Pesticides,2025-09-01,2025-10-01,344.3575500885084,343.4988030808064,299.20681942254464,299.956711200546,-13.111584355957609,22,MONTHLY_CLOSE_LT_M_EMA9,True,Monthly RSI,2
AXISCADES,Aviation,2025-04-15,2026-02-02,810.7217622375488,808.7000122070312,1142.1375,1145.0,40.87909726855753,200,MONTHLY_CLOSE_LT_M_EMA9,False,Monthly RSI,2
HCG,Healthcare,2025-10-01,2026-02-02,641.9508505249023,640.3499755859375,589.6222256469727,591.0999755859375,-8.151500202101492,83,MONTHLY_CLOSE_LT_M_EMA9,True,Monthly RSI,2
BANKBARODA,Banks,2026-02-04,2026-04-01,277.7320340980547,277.03943550928153,244.46067038518046,245.07335376960447,-11.979663714675288,37,MONTHLY_CLOSE_LT_M_EMA9,True,Monthly RSI,2
OIL,Oil & Gas,2026-05-11,2026-07-01,458.1425,457.0,418.00236282348635,419.04998779296875,-8.76149607960703,37,MONTHLY_CLOSE_LT_M_EMA9,True,Monthly RSI,2
TITAN,Diamond  &  Jewellery,2026-02-02,2026-08-24,3996.885032503398,3986.9177381580034,5066.302500000001,5079.0,26.756272917532144,140,END_OF_BACKTEST,False,Monthly RSI,2
ARIHANT,Real Estate,2026-07-03,2026-08-24,795.985,794.0,1004.6820121765137,1007.2000122070312,26.21871168131481,35,END_OF_BACKTEST,False,Monthly RSI,2
ASIANPAINT,Chemicals,2019-04-12,2019-07-01,1344.512536347503,1341.1596372543672,1284.2397691317053,1287.4584151696292,-4.482871344549491,51,MONTHLY_CLOSE_LT_M_EMA9,True,Monthly RSI,3
CANTABIL,Retailing,2019-05-03,2019-11-01,51.560024114415064,51.43144550066341,40.56641687381459,40.66808709154345,-21.321959074737713,122,MONTHLY_CLOSE_LT_M_EMA9,True,Monthly RSI,3
BATAINDIA,Footwear,2019-05-10,2020-04-01,1216.081754671056,1213.0491318414524,1106.6706788283082,1109.4442895521886,-8.997016477098855,221,MONTHLY_CLOSE_LT_M_EMA9,True,Monthly RSI,3
BAJFINANCE,Finance,2019-07-10,2020-04-01,349.94047214801776,349.06780264141423,211.70952223423575,212.2401225405872,-39.50127547845141,179,MONTHLY_CLOSE_LT_M_EMA9,True,Monthly RSI,3
EQ30,Unclassified,2019-11-14,2020-04-01,348.4690061187744,347.6000061035156,254.3625,255.0,-27.00570336711625,96,MONTHLY_CLOSE_LT_M_EMA9,True,Monthly RSI,3
GMMPFAUDLR,Capital Goods,2020-07-21,2020-11-02,1358.0362759682669,1354.6496518386703,1166.0602806550348,1168.9827374987817,-14.13629361088716,73,MONTHLY_CLOSE_LT_M_EMA9,True,Monthly RSI,3
DRREDDY,Healthcare,2020-07-09,2021-03-01,749.1182193937851,747.2500941583892,853.9227571406125,856.0629144266791,13.99038696878033,163,MONTHLY_CLOSE_LT_M_EMA9,False,Monthly RSI,3
ADANIGREEN,Miscellaneous,2020-07-27,2021-08-02,346.8148872375488,345.95001220703125,880.1940243530274,882.4000244140625,153.79361058112357,254,MONTHLY_CLOSE_LT_M_EMA9,False,Monthly RSI,3
AARTIDRUGS,Healthcare,2020-11-02,2021-09-01,668.0135420626315,666.3476728804304,607.7741016365785,609.2973449990761,-9.017697491588434,206,MONTHLY_CLOSE_LT_M_EMA9,True,Monthly RSI,3
LAURUSLABS,Healthcare,2021-08-02,2021-11-01,640.828937757476,639.2308606059611,510.89221128762017,512.1726428948573,-20.27635127161358,62,MONTHLY_CLOSE_LT_M_EMA9,True,Monthly RSI,3
WIPRO,Software & IT Services,2021-03-02,2022-02-01,192.17020747638205,191.69098002631625,264.6276805587888,265.2909078283597,37.704841990823105,227,MONTHLY_CLOSE_LT_M_EMA9,False,Monthly RSI,3
HGS,Software & IT Services,2021-09-01,2022-03-02,1236.735282403351,1233.6511545170583,1175.438619046795,1178.3845804980401,-4.956328506892592,124,MONTHLY_CLOSE_LT_M_EMA9,True,Monthly RSI,3
TVTODAY,Media & Entertainment,2022-02-01,2022-06-01,286.2749893158596,285.5610865993612,196.1444575688313,196.63604768805143,-31.483900134769847,81,MONTHLY_CLOSE_LT_M_EMA9,True,Monthly RSI,3
TATACHEM,Chemicals,2021-11-01,2022-07-01,849.9383247199537,847.818777775515,744.5456806657563,746.4117099406078,-12.400034330599603,166,MONTHLY_CLOSE_LT_M_EMA9,True,Monthly RSI,3
GREENPANEL,Construction Materials,2022-03-10,2022-07-01,479.94410528485815,478.74723719187847,428.31328601531885,429.38675289756276,-10.757673383423512,77,MONTHLY_CLOSE_LT_M_EMA9,True,Monthly RSI,3
DANGEE,FMCG,2022-06-02,2022-11-01,22.055,22.0,21.496124238967898,21.549999237060547,-2.5340093449653223,103,MONTHLY_CLOSE_LT_M_EMA9,True,Monthly RSI,3
ASAHIINDIA,Construction Materials,2022-08-12,2023-01-02,558.7289809257816,557.3356418212285,517.1895897287404,518.4858042393388,-7.434622619398187,96,MONTHLY_CLOSE_LT_M_EMA9,True,Monthly RSI,3
INSECTICID,Chemicals,2023-01-09,2023-02-01,720.5472257613482,718.7503498866316,603.7374147408594,605.2505410935934,-16.211263723493566,16,MONTHLY_CLOSE_LT_M_EMA9,True,Monthly RSI,3
GSS,Software & IT Services,2022-08-01,2023-03-01,225.5625,225.0,223.3901219558716,223.9499969482422,-0.9630936188987123,145,MONTHLY_CLOSE_LT_M_EMA9,True,Monthly RSI,3
AURIONPRO,Software & IT Services,2022-11-03,2023-04-03,195.87060556536548,195.38215018989075,154.25784650188902,154.644457646004,-21.245024971135624,103,MONTHLY_CLOSE_LT_M_EMA9,True,Monthly RSI,3
KAMDHENU,Metals & Mining,2023-03-01,2023-10-03,32.70816192225225,32.626595433668086,28.764907652829432,28.83700015321246,-12.055872411283731,144,MONTHLY_CLOSE_LT_M_EMA9,True,Monthly RSI,3
HILTON,Automobile & Ancillaries,2023-04-03,2024-01-01,105.0620030593872,104.80000305175781,114.7125,115.0,9.18552536558606,183,MONTHLY_CLOSE_LT_M_EMA9,False,Monthly RSI,3
RKFORGE,Automobile & Ancillaries,2024-01-01,2024-06-03,717.5990044846303,715.8094807826736,695.2010819520684,696.943440553452,-3.1212309928785045,101,MONTHLY_CLOSE_LT_M_EMA9,True,Monthly RSI,3
UNIONBANK,Banks,2023-02-01,2024-09-02,70.30603852475667,70.1307117453932,114.79120501741329,115.07890227309602,63.27360697046268,387,MONTHLY_CLOSE_LT_M_EMA9,False,Monthly RSI,3
HAL,Aviation,2023-10-03,2025-01-01,1884.779893075923,1880.0796938413198,4081.7814988109317,4092.0115276300066,116.56542038707481,306,MONTHLY_CLOSE_LT_M_EMA9,False,Monthly RSI,3
SHILPAMED,Healthcare,2024-06-03,2025-02-01,249.32040236888795,248.69865572956405,353.53452502958453,354.42057647076143,41.799275819595415,168,MONTHLY_CLOSE_LT_M_EMA9,False,Monthly RSI,3
KITEX,Textiles,2025-01-02,2025-03-03,234.95697539198358,234.3710477725522,156.1883531166635,156.57980262322155,-33.52470048778452,42,MONTHLY_CLOSE_LT_M_EMA9,True,Monthly RSI,3
SIYSIL,Textiles,2025-02-03,2025-03-03,764.5613638544243,762.6547270368322,578.6338522770727,580.0840624331556,-24.31819345932224,19,MONTHLY_CLOSE_LT_M_EMA9,True,Monthly RSI,3
ORIENTCEM,Construction Materials,2024-09-02,2025-07-01,304.29157977919823,303.5327479094247,240.04728447651254,240.64890674337096,-21.112741716120766,206,MONTHLY_CLOSE_LT_M_EMA9,True,Monthly RSI,3
AXISBANK,Banks,2025-07-07,2025-08-01,1179.6342628674286,1176.6925315385822,1061.5188225977377,1064.1792707746743,-10.01288653506711,19,MONTHLY_CLOSE_LT_M_EMA9,True,Monthly RSI,3
SRF,Diversified,2025-04-09,2025-09-01,2753.50591898726,2746.6393206855464,2831.2616911664536,2838.3575851292767,2.823882514397943,97,MONTHLY_CLOSE_LT_M_EMA9,False,Monthly RSI,3
CAMLINFINE,Chemicals,2025-08-01,2025-09-01,281.50198776245117,280.79998779296875,199.5,200.0,-29.130162957019518,19,MONTHLY_CLOSE_LT_M_EMA9,True,Monthly RSI,3
RALLIS,Fertilisers & Pesticides,2025-09-01,2025-10-01,344.3575500885084,343.4988030808064,299.20681942254464,299.956711200546,-13.111584355957609,22,MONTHLY_CLOSE_LT_M_EMA9,True,Monthly RSI,3
GINNIFILA,Textiles,2025-09-08,2025-12-01,47.969623470306395,47.849998474121094,40.38877667427063,40.4900016784668,-15.80343193798128,57,MONTHLY_CLOSE_LT_M_EMA9,True,Monthly RSI,3
AXISCADES,Aviation,2025-04-15,2026-02-02,810.7217622375488,808.7000122070312,1142.1375,1145.0,40.87909726855753,200,MONTHLY_CLOSE_LT_M_EMA9,False,Monthly RSI,3
HCG,Healthcare,2025-10-01,2026-02-02,641.9508505249023,640.3499755859375,589.6222256469727,591.0999755859375,-8.151500202101492,83,MONTHLY_CLOSE_LT_M_EMA9,True,Monthly RSI,3
NAM-INDIA,Finance,2025-12-05,2026-04-01,827.0056490719096,824.9432908447976,818.9833442548505,821.0359340900757,-0.9700423239021341,78,MONTHLY_CLOSE_LT_M_EMA9,True,Monthly RSI,3
BANKBARODA,Banks,2026-02-04,2026-04-01,277.7320340980547,277.03943550928153,244.46067038518046,245.07335376960447,-11.979663714675288,37,MONTHLY_CLOSE_LT_M_EMA9,True,Monthly RSI,3
OIL,Oil & Gas,2026-05-11,2026-07-01,458.1425,457.0,418.00236282348635,419.04998779296875,-8.76149607960703,37,MONTHLY_CLOSE_LT_M_EMA9,True,Monthly RSI,3
TITAN,Diamond  &  Jewellery,2026-02-02,2026-08-24,3996.885032503398,3986.9177381580034,5066.302500000001,5079.0,26.756272917532144,140,END_OF_BACKTEST,False,Monthly RSI,3
LUPIN,Healthcare,2026-05-15,2026-08-24,2257.3027141097346,2251.6735302840248,2182.53,2188.0,-3.312480583235564,71,END_OF_BACKTEST,True,Monthly RSI,3
ARIHANT,Real Estate,2026-07-03,2026-08-24,795.985,794.0,1004.6820121765137,1007.2000122070312,26.21871168131481,35,END_OF_BACKTEST,False,Monthly RSI,3
ASIANPAINT,Chemicals,2019-04-12,2019-07-01,1344.512536347503,1341.1596372543672,1284.2397691317053,1287.4584151696292,-4.482871344549491,51,MONTHLY_CLOSE_LT_M_EMA9,True,Monthly RSI,5
HAVELLS,Capital Goods,2019-05-10,2019-08-01,699.9479012919053,698.2023953036462,610.7729224614168,612.3036816655807,-12.74023090374252,58,MONTHLY_CLOSE_LT_M_EMA9,True,Monthly RSI,5
SEAMECLTD,Logistics,2019-05-13,2019-09-03,422.88563520968705,421.83105756577265,322.6497405532054,323.45838651950413,-23.702837436599115,77,MONTHLY_CLOSE_LT_M_EMA9,True,Monthly RSI,5
CANTABIL,Retailing,2019-05-03,2019-11-01,51.560024114415064,51.43144550066341,40.56641687381459,40.66808709154345,-21.321959074737713,122,MONTHLY_CLOSE_LT_M_EMA9,True,Monthly RSI,5
BATAINDIA,Footwear,2019-05-10,2020-04-01,1216.081754671056,1213.0491318414524,1106.6706788283082,1109.4442895521886,-8.997016477098855,221,MONTHLY_CLOSE_LT_M_EMA9,True,Monthly RSI,5
BAJFINANCE,Finance,2019-07-10,2020-04-01,349.94047214801776,349.06780264141423,211.70952223423575,212.2401225405872,-39.50127547845141,179,MONTHLY_CLOSE_LT_M_EMA9,True,Monthly RSI,5
PIDILITIND,Chemicals,2019-09-23,2020-04-01,694.1067127919158,692.3757733585195,655.0218420659287,656.6635008179736,-5.630959909431715,130,MONTHLY_CLOSE_LT_M_EMA9,True,Monthly RSI,5
EQ30,Unclassified,2019-11-14,2020-04-01,348.4690061187744,347.6000061035156,254.3625,255.0,-27.00570336711625,96,MONTHLY_CLOSE_LT_M_EMA9,True,Monthly RSI,5
GMMPFAUDLR,Capital Goods,2020-07-21,2020-11-02,1358.0362759682669,1354.6496518386703,1166.0602806550348,1168.9827374987817,-14.13629361088716,73,MONTHLY_CLOSE_LT_M_EMA9,True,Monthly RSI,5
ABBOTINDIA,Healthcare,2019-08-02,2021-02-01,7571.327752531716,7552.446635941862,13031.927420621041,13064.588892853173,72.12208804807582,370,MONTHLY_CLOSE_LT_M_EMA9,False,Monthly RSI,5
DRREDDY,Healthcare,2020-07-09,2021-03-01,749.1182193937851,747.2500941583892,853.9227571406125,856.0629144266791,13.99038696878033,163,MONTHLY_CLOSE_LT_M_EMA9,False,Monthly RSI,5
COROMANDEL,Chemicals,2020-08-20,2021-05-03,729.2014541066272,727.3829966150896,698.9724864663181,700.7242972093413,-4.145489215643961,173,MONTHLY_CLOSE_LT_M_EMA9,True,Monthly RSI,5
ADANIGREEN,Miscellaneous,2020-07-27,2021-08-02,346.8148872375488,345.95001220703125,880.1940243530274,882.4000244140625,153.79361058112357,254,MONTHLY_CLOSE_LT_M_EMA9,False,Monthly RSI,5
AARTIDRUGS,Healthcare,2020-11-02,2021-09-01,668.0135420626315,666.3476728804304,607.7741016365785,609.2973449990761,-9.017697491588434,206,MONTHLY_CLOSE_LT_M_EMA9,True,Monthly RSI,5
LAURUSLABS,Healthcare,2021-08-02,2021-11-01,640.828937757476,639.2308606059611,510.89221128762017,512.1726428948573,-20.27635127161358,62,MONTHLY_CLOSE_LT_M_EMA9,True,Monthly RSI,5
CYBERTECH,Software & IT Services,2021-02-01,2021-12-01,107.03234759960745,106.76543401457103,127.1527743917848,127.47145302434566,18.798454152799643,205,MONTHLY_CLOSE_LT_M_EMA9,False,Monthly RSI,5
WIPRO,Software & IT Services,2021-03-02,2022-02-01,192.17020747638205,191.69098002631625,264.6276805587888,265.2909078283597,37.704841990823105,227,MONTHLY_CLOSE_LT_M_EMA9,False,Monthly RSI,5
MAHLOG,Logistics,2021-05-06,2022-02-01,513.4075432329968,512.1272251700716,573.0312157494143,574.4673842099392,11.613322262653014,185,MONTHLY_CLOSE_LT_M_EMA9,False,Monthly RSI,5
HGS,Software & IT Services,2021-09-01,2022-03-02,1236.735282403351,1233.6511545170583,1175.438619046795,1178.3845804980401,-4.956328506892592,124,MONTHLY_CLOSE_LT_M_EMA9,True,Monthly RSI,5
IRCTC,Software & IT Services,2021-12-01,2022-06-01,775.8081946098729,773.873510832791,662.5250502164699,664.1855140014736,-14.601952541938426,124,MONTHLY_CLOSE_LT_M_EMA9,True,Monthly RSI,5
TVTODAY,Media & Entertainment,2022-02-01,2022-06-01,286.2749893158596,285.5610865993612,196.1444575688313,196.63604768805143,-31.483900134769847,81,MONTHLY_CLOSE_LT_M_EMA9,True,Monthly RSI,5
TATACHEM,Chemicals,2021-11-01,2022-07-01,849.9383247199537,847.818777775515,744.5456806657563,746.4117099406078,-12.400034330599603,166,MONTHLY_CLOSE_LT_M_EMA9,True,Monthly RSI,5
GREENPANEL,Construction Materials,2022-03-10,2022-07-01,479.94410528485815,478.74723719187847,428.31328601531885,429.38675289756276,-10.757673383423512,77,MONTHLY_CLOSE_LT_M_EMA9,True,Monthly RSI,5
DANGEE,FMCG,2022-06-02,2022-11-01,22.055,22.0,21.496124238967898,21.549999237060547,-2.5340093449653223,103,MONTHLY_CLOSE_LT_M_EMA9,True,Monthly RSI,5
ASAHIINDIA,Construction Materials,2022-08-12,2023-01-02,558.7289809257816,557.3356418212285,517.1895897287404,518.4858042393388,-7.434622619398187,96,MONTHLY_CLOSE_LT_M_EMA9,True,Monthly RSI,5
INSECTICID,Chemicals,2023-01-09,2023-02-01,720.5472257613482,718.7503498866316,603.7374147408594,605.2505410935934,-16.211263723493566,16,MONTHLY_CLOSE_LT_M_EMA9,True,Monthly RSI,5
GSS,Software & IT Services,2022-08-01,2023-03-01,225.5625,225.0,223.3901219558716,223.9499969482422,-0.9630936188987123,145,MONTHLY_CLOSE_LT_M_EMA9,True,Monthly RSI,5
AURIONPRO,Software & IT Services,2022-11-03,2023-04-03,195.87060556536548,195.38215018989075,154.25784650188902,154.644457646004,-21.245024971135624,103,MONTHLY_CLOSE_LT_M_EMA9,True,Monthly RSI,5
BSHSL,Agri,2022-06-10,2023-07-03,40.089976682662964,39.9900016784668,278.70149391174317,279.3999938964844,595.1899626129455,262,MONTHLY_CLOSE_LT_M_EMA9,False,Monthly RSI,5
KAMDHENU,Metals & Mining,2023-03-01,2023-10-03,32.70816192225225,32.626595433668086,28.764907652829432,28.83700015321246,-12.055872411283731,144,MONTHLY_CLOSE_LT_M_EMA9,True,Monthly RSI,5
HILTON,Automobile & Ancillaries,2023-04-03,2024-01-01,105.0620030593872,104.80000305175781,114.7125,115.0,9.18552536558606,183,MONTHLY_CLOSE_LT_M_EMA9,False,Monthly RSI,5
RKFORGE,Automobile & Ancillaries,2024-01-01,2024-06-03,717.5990044846303,715.8094807826736,695.2010819520684,696.943440553452,-3.1212309928785045,101,MONTHLY_CLOSE_LT_M_EMA9,True,Monthly RSI,5
UNIONBANK,Banks,2023-02-01,2024-09-02,70.30603852475667,70.1307117453932,114.79120501741329,115.07890227309602,63.27360697046268,387,MONTHLY_CLOSE_LT_M_EMA9,False,Monthly RSI,5
TTKHLTCARE,Healthcare,2023-07-03,2024-12-02,1239.477372247262,1236.386406231683,1473.4517447222886,1477.1446062378832,18.876857110413724,348,MONTHLY_CLOSE_LT_M_EMA9,False,Monthly RSI,5
HAL,Aviation,2023-10-03,2025-01-01,1884.779893075923,1880.0796938413198,4081.7814988109317,4092.0115276300066,116.56542038707481,306,MONTHLY_CLOSE_LT_M_EMA9,False,Monthly RSI,5
KEI,Electricals,2022-02-02,2025-02-01,1104.9306244884451,1102.17518652214,4045.060472039067,4055.198468209591,266.0918054390815,741,MONTHLY_CLOSE_LT_M_EMA9,False,Monthly RSI,5
SHILPAMED,Healthcare,2024-06-03,2025-02-01,249.32040236888795,248.69865572956405,353.53452502958453,354.42057647076143,41.799275819595415,168,MONTHLY_CLOSE_LT_M_EMA9,False,Monthly RSI,5
IPCALAB,Healthcare,2024-12-06,2025-03-03,1496.969542330751,1493.236451202744,1340.1062114994543,1343.4648736836634,-10.478725611682368,60,MONTHLY_CLOSE_LT_M_EMA9,True,Monthly RSI,5
KITEX,Textiles,2025-01-02,2025-03-03,234.95697539198358,234.3710477725522,156.1883531166635,156.57980262322155,-33.52470048778452,42,MONTHLY_CLOSE_LT_M_EMA9,True,Monthly RSI,5
SIYSIL,Textiles,2025-02-03,2025-03-03,764.5613638544243,762.6547270368322,578.6338522770727,580.0840624331556,-24.31819345932224,19,MONTHLY_CLOSE_LT_M_EMA9,True,Monthly RSI,5
REPL,Infrastructure,2025-02-10,2025-03-03,285.7125,285.0,212.4475457382202,212.97999572753906,-25.64289425971204,14,MONTHLY_CLOSE_LT_M_EMA9,True,Monthly RSI,5
ORIENTCEM,Construction Materials,2024-09-02,2025-07-01,304.29157977919823,303.5327479094247,240.04728447651254,240.64890674337096,-21.112741716120766,206,MONTHLY_CLOSE_LT_M_EMA9,True,Monthly RSI,5
AXISBANK,Banks,2025-07-07,2025-08-01,1179.6342628674286,1176.6925315385822,1061.5188225977377,1064.1792707746743,-10.01288653506711,19,MONTHLY_CLOSE_LT_M_EMA9,True,Monthly RSI,5
SRF,Diversified,2025-04-09,2025-09-01,2753.50591898726,2746.6393206855464,2831.2616911664536,2838.3575851292767,2.823882514397943,97,MONTHLY_CLOSE_LT_M_EMA9,False,Monthly RSI,5
CAMLINFINE,Chemicals,2025-08-01,2025-09-01,281.50198776245117,280.79998779296875,199.5,200.0,-29.130162957019518,19,MONTHLY_CLOSE_LT_M_EMA9,True,Monthly RSI,5
RALLIS,Fertilisers & Pesticides,2025-09-01,2025-10-01,344.3575500885084,343.4988030808064,299.20681942254464,299.956711200546,-13.111584355957609,22,MONTHLY_CLOSE_LT_M_EMA9,True,Monthly RSI,5
RAMANEWS,Paper,2025-05-09,2025-11-03,31.077499999999997,31.0,29.127000761032107,29.200000762939453,-6.276242422871499,122,MONTHLY_CLOSE_LT_M_EMA9,True,Monthly RSI,5
GINNIFILA,Textiles,2025-09-08,2025-12-01,47.969623470306395,47.849998474121094,40.38877667427063,40.4900016784668,-15.80343193798128,57,MONTHLY_CLOSE_LT_M_EMA9,True,Monthly RSI,5
AXISCADES,Aviation,2025-04-15,2026-02-02,810.7217622375488,808.7000122070312,1142.1375,1145.0,40.87909726855753,200,MONTHLY_CLOSE_LT_M_EMA9,False,Monthly RSI,5
HCG,Healthcare,2025-10-01,2026-02-02,641.9508505249023,640.3499755859375,589.6222256469727,591.0999755859375,-8.151500202101492,83,MONTHLY_CLOSE_LT_M_EMA9,True,Monthly RSI,5
NAM-INDIA,Finance,2025-12-05,2026-04-01,827.0056490719096,824.9432908447976,818.9833442548505,821.0359340900757,-0.9700423239021341,78,MONTHLY_CLOSE_LT_M_EMA9,True,Monthly RSI,5
BANKBARODA,Banks,2026-02-04,2026-04-01,277.7320340980547,277.03943550928153,244.46067038518046,245.07335376960447,-11.979663714675288,37,MONTHLY_CLOSE_LT_M_EMA9,True,Monthly RSI,5
NORBTEAEXP,Agri,2025-05-02,2026-05-04,40.0498757648468,39.95000076293945,63.54075076103211,63.70000076293945,58.65405209771981,247,MONTHLY_CLOSE_LT_M_EMA9,False,Monthly RSI,5
OIL,Oil & Gas,2026-05-11,2026-07-01,458.1425,457.0,418.00236282348635,419.04998779296875,-8.76149607960703,37,MONTHLY_CLOSE_LT_M_EMA9,True,Monthly RSI,5
POWERGRID,Power,2026-05-18,2026-07-01,297.04073776245116,296.29998779296875,287.08048782348635,287.79998779296875,-3.353159574674299,32,MONTHLY_CLOSE_LT_M_EMA9,True,Monthly RSI,5
TFCILTD,Finance,2025-11-04,2026-08-24,69.7599861769354,69.5860211241251,129.23609756469727,129.55999755859375,85.2582040898201,201,END_OF_BACKTEST,False,Monthly RSI,5
TITAN,Diamond  &  Jewellery,2026-02-02,2026-08-24,3996.885032503398,3986.9177381580034,5066.302500000001,5079.0,26.756272917532144,140,END_OF_BACKTEST,False,Monthly RSI,5
LUPIN,Healthcare,2026-05-15,2026-08-24,2257.3027141097346,2251.6735302840248,2182.53,2188.0,-3.312480583235564,71,END_OF_BACKTEST,True,Monthly RSI,5
ARIHANT,Real Estate,2026-07-03,2026-08-24,795.985,794.0,1004.6820121765137,1007.2000122070312,26.21871168131481,35,END_OF_BACKTEST,False,Monthly RSI,5
BHEL,Capital Goods,2026-07-09,2026-08-24,379.72506980615975,378.77812449492245,410.3714939117432,411.3999938964844,8.070687595429945,32,END_OF_BACKTEST,False,Monthly RSI,5
ASIANPAINT,Chemicals,2019-04-12,2019-07-01,1344.512536347503,1341.1596372543672,1284.2397691317053,1287.4584151696292,-4.482871344549491,51,MONTHLY_CLOSE_LT_M_EMA9,True,Monthly RSI,7
HAVELLS,Capital Goods,2019-05-10,2019-08-01,699.9479012919053,698.2023953036462,610.7729224614168,612.3036816655807,-12.74023090374252,58,MONTHLY_CLOSE_LT_M_EMA9,True,Monthly RSI,7
SEAMECLTD,Logistics,2019-05-13,2019-09-03,422.88563520968705,421.83105756577265,322.6497405532054,323.45838651950413,-23.702837436599115,77,MONTHLY_CLOSE_LT_M_EMA9,True,Monthly RSI,7
CANTABIL,Retailing,2019-05-03,2019-11-01,51.560024114415064,51.43144550066341,40.56641687381459,40.66808709154345,-21.321959074737713,122,MONTHLY_CLOSE_LT_M_EMA9,True,Monthly RSI,7
BATAINDIA,Footwear,2019-05-10,2020-04-01,1216.081754671056,1213.0491318414524,1106.6706788283082,1109.4442895521886,-8.997016477098855,221,MONTHLY_CLOSE_LT_M_EMA9,True,Monthly RSI,7
MUTHOOTFIN,Finance,2019-05-13,2020-04-01,510.7882130162825,509.5144269489102,550.4542044433783,551.8337889156675,7.76564345384207,220,MONTHLY_CLOSE_LT_M_EMA9,False,Monthly RSI,7
BAJFINANCE,Finance,2019-07-10,2020-04-01,349.94047214801776,349.06780264141423,211.70952223423575,212.2401225405872,-39.50127547845141,179,MONTHLY_CLOSE_LT_M_EMA9,True,Monthly RSI,7
PIDILITIND,Chemicals,2019-09-23,2020-04-01,694.1067127919158,692.3757733585195,655.0218420659287,656.6635008179736,-5.630959909431715,130,MONTHLY_CLOSE_LT_M_EMA9,True,Monthly RSI,7
EQ30,Unclassified,2019-11-14,2020-04-01,348.4690061187744,347.6000061035156,254.3625,255.0,-27.00570336711625,96,MONTHLY_CLOSE_LT_M_EMA9,True,Monthly RSI,7
GMMPFAUDLR,Capital Goods,2020-07-21,2020-11-02,1358.0362759682669,1354.6496518386703,1166.0602806550348,1168.9827374987817,-14.13629361088716,73,MONTHLY_CLOSE_LT_M_EMA9,True,Monthly RSI,7
ABBOTINDIA,Healthcare,2019-08-02,2021-02-01,7571.327752531716,7552.446635941862,13031.927420621041,13064.588892853173,72.12208804807582,370,MONTHLY_CLOSE_LT_M_EMA9,False,Monthly RSI,7
DRREDDY,Healthcare,2020-07-09,2021-03-01,749.1182193937851,747.2500941583892,853.9227571406125,856.0629144266791,13.99038696878033,163,MONTHLY_CLOSE_LT_M_EMA9,False,Monthly RSI,7
COROMANDEL,Chemicals,2020-08-20,2021-05-03,729.2014541066272,727.3829966150896,698.9724864663181,700.7242972093413,-4.145489215643961,173,MONTHLY_CLOSE_LT_M_EMA9,True,Monthly RSI,7
ADANIGREEN,Miscellaneous,2020-07-27,2021-08-02,346.8148872375488,345.95001220703125,880.1940243530274,882.4000244140625,153.79361058112357,254,MONTHLY_CLOSE_LT_M_EMA9,False,Monthly RSI,7
AARTIDRUGS,Healthcare,2020-11-02,2021-09-01,668.0135420626315,666.3476728804304,607.7741016365785,609.2973449990761,-9.017697491588434,206,MONTHLY_CLOSE_LT_M_EMA9,True,Monthly RSI,7
LAURUSLABS,Healthcare,2021-08-02,2021-11-01,640.828937757476,639.2308606059611,510.89221128762017,512.1726428948573,-20.27635127161358,62,MONTHLY_CLOSE_LT_M_EMA9,True,Monthly RSI,7
CYBERTECH,Software & IT Services,2021-02-01,2021-12-01,107.03234759960745,106.76543401457103,127.1527743917848,127.47145302434566,18.798454152799643,205,MONTHLY_CLOSE_LT_M_EMA9,False,Monthly RSI,7
DIVISLAB,Healthcare,2019-05-13,2022-02-01,1572.154170032027,1568.23358606686,3923.61986996216,3933.4535037214637,149.5696633799108,676,MONTHLY_CLOSE_LT_M_EMA9,False,Monthly RSI,7
TATACOMM,Telecom,2021-02-01,2022-02-01,921.7121598483424,919.4136257838827,1210.209867128106,1213.2429745645172,31.300195424050038,248,MONTHLY_CLOSE_LT_M_EMA9,False,Monthly RSI,7
WIPRO,Software & IT Services,2021-03-02,2022-02-01,192.17020747638205,191.69098002631625,264.6276805587888,265.2909078283597,37.704841990823105,227,MONTHLY_CLOSE_LT_M_EMA9,False,Monthly RSI,7
MAHLOG,Logistics,2021-05-06,2022-02-01,513.4075432329968,512.1272251700716,573.0312157494143,574.4673842099392,11.613322262653014,185,MONTHLY_CLOSE_LT_M_EMA9,False,Monthly RSI,7
HGS,Software & IT Services,2021-09-01,2022-03-02,1236.735282403351,1233.6511545170583,1175.438619046795,1178.3845804980401,-4.956328506892592,124,MONTHLY_CLOSE_LT_M_EMA9,True,Monthly RSI,7
IRCTC,Software & IT Services,2021-12-01,2022-06-01,775.8081946098729,773.873510832791,662.5250502164699,664.1855140014736,-14.601952541938426,124,MONTHLY_CLOSE_LT_M_EMA9,True,Monthly RSI,7
TVTODAY,Media & Entertainment,2022-02-01,2022-06-01,286.2749893158596,285.5610865993612,196.1444575688313,196.63604768805143,-31.483900134769847,81,MONTHLY_CLOSE_LT_M_EMA9,True,Monthly RSI,7
MINDTECK,Software & IT Services,2022-02-03,2022-06-01,144.30474124493696,143.94487904731866,97.66262041242231,97.90738888463389,-32.32196006182931,79,MONTHLY_CLOSE_LT_M_EMA9,True,Monthly RSI,7
TATACHEM,Chemicals,2021-11-01,2022-07-01,849.9383247199537,847.818777775515,744.5456806657563,746.4117099406078,-12.400034330599603,166,MONTHLY_CLOSE_LT_M_EMA9,True,Monthly RSI,7
GREENPANEL,Construction Materials,2022-03-10,2022-07-01,479.94410528485815,478.74723719187847,428.31328601531885,429.38675289756276,-10.757673383423512,77,MONTHLY_CLOSE_LT_M_EMA9,True,Monthly RSI,7
ACCURACY,Logistics,2022-02-03,2022-08-01,20.584073197348268,20.5327413439883,20.692471328879293,20.744332159277487,0.526611669574658,122,MONTHLY_CLOSE_LT_M_EMA9,False,Monthly RSI,7
DANGEE,FMCG,2022-06-02,2022-11-01,22.055,22.0,21.496124238967898,21.549999237060547,-2.5340093449653223,103,MONTHLY_CLOSE_LT_M_EMA9,True,Monthly RSI,7
ASAHIINDIA,Construction Materials,2022-08-12,2023-01-02,558.7289809257816,557.3356418212285,517.1895897287404,518.4858042393388,-7.434622619398187,96,MONTHLY_CLOSE_LT_M_EMA9,True,Monthly RSI,7
INSECTICID,Chemicals,2023-01-09,2023-02-01,720.5472257613482,718.7503498866316,603.7374147408594,605.2505410935934,-16.211263723493566,16,MONTHLY_CLOSE_LT_M_EMA9,True,Monthly RSI,7
GSS,Software & IT Services,2022-08-01,2023-03-01,225.5625,225.0,223.3901219558716,223.9499969482422,-0.9630936188987123,145,MONTHLY_CLOSE_LT_M_EMA9,True,Monthly RSI,7
GOKULAGRO,Agri,2022-06-16,2023-04-03,51.10867712020874,50.981224060058594,51.121875,51.25,0.025823168461633312,198,MONTHLY_CLOSE_LT_M_EMA9,False,Monthly RSI,7
AURIONPRO,Software & IT Services,2022-11-03,2023-04-03,195.87060556536548,195.38215018989075,154.25784650188902,154.644457646004,-21.245024971135624,103,MONTHLY_CLOSE_LT_M_EMA9,True,Monthly RSI,7
BSHSL,Agri,2022-06-10,2023-07-03,40.089976682662964,39.9900016784668,278.70149391174317,279.3999938964844,595.1899626129455,262,MONTHLY_CLOSE_LT_M_EMA9,False,Monthly RSI,7
KAMDHENU,Metals & Mining,2023-03-01,2023-10-03,32.70816192225225,32.626595433668086,28.764907652829432,28.83700015321246,-12.055872411283731,144,MONTHLY_CLOSE_LT_M_EMA9,True,Monthly RSI,7
HILTON,Automobile & Ancillaries,2023-04-03,2024-01-01,105.0620030593872,104.80000305175781,114.7125,115.0,9.18552536558606,183,MONTHLY_CLOSE_LT_M_EMA9,False,Monthly RSI,7
ARROWGREEN,Plastic Products,2023-07-05,2024-04-01,322.8880906128568,322.0828834043459,379.958182506919,380.91045865355284,17.674882893865952,181,MONTHLY_CLOSE_LT_M_EMA9,False,Monthly RSI,7
RKFORGE,Automobile & Ancillaries,2024-01-01,2024-06-03,717.5990044846303,715.8094807826736,695.2010819520684,696.943440553452,-3.1212309928785045,101,MONTHLY_CLOSE_LT_M_EMA9,True,Monthly RSI,7
UNIONBANK,Banks,2023-02-01,2024-09-02,70.30603852475667,70.1307117453932,114.79120501741329,115.07890227309602,63.27360697046268,387,MONTHLY_CLOSE_LT_M_EMA9,False,Monthly RSI,7
JBMA,Automobile & Ancillaries,2024-04-01,2024-10-01,912.3460262047093,910.0708490820044,899.2411062495794,901.4948433579743,-1.4363979870275136,124,MONTHLY_CLOSE_LT_M_EMA9,True,Monthly RSI,7
TTKHLTCARE,Healthcare,2023-07-03,2024-12-02,1239.477372247262,1236.386406231683,1473.4517447222886,1477.1446062378832,18.876857110413724,348,MONTHLY_CLOSE_LT_M_EMA9,False,Monthly RSI,7
HAL,Aviation,2023-10-03,2025-01-01,1884.779893075923,1880.0796938413198,4081.7814988109317,4092.0115276300066,116.56542038707481,306,MONTHLY_CLOSE_LT_M_EMA9,False,Monthly RSI,7
KEI,Electricals,2022-02-02,2025-02-01,1104.9306244884451,1102.17518652214,4045.060472039067,4055.198468209591,266.0918054390815,741,MONTHLY_CLOSE_LT_M_EMA9,False,Monthly RSI,7
SHILPAMED,Healthcare,2024-06-03,2025-02-01,249.32040236888795,248.69865572956405,353.53452502958453,354.42057647076143,41.799275819595415,168,MONTHLY_CLOSE_LT_M_EMA9,False,Monthly RSI,7
ERIS,Healthcare,2024-10-01,2025-02-01,1321.3982625764925,1318.103005063833,1211.5629100279784,1214.5994085493517,-8.312055166044683,85,MONTHLY_CLOSE_LT_M_EMA9,True,Monthly RSI,7
IPCALAB,Healthcare,2024-12-06,2025-03-03,1496.969542330751,1493.236451202744,1340.1062114994543,1343.4648736836634,-10.478725611682368,60,MONTHLY_CLOSE_LT_M_EMA9,True,Monthly RSI,7
KITEX,Textiles,2025-01-02,2025-03-03,234.95697539198358,234.3710477725522,156.1883531166635,156.57980262322155,-33.52470048778452,42,MONTHLY_CLOSE_LT_M_EMA9,True,Monthly RSI,7
SIYSIL,Textiles,2025-02-03,2025-03-03,764.5613638544243,762.6547270368322,578.6338522770727,580.0840624331556,-24.31819345932224,19,MONTHLY_CLOSE_LT_M_EMA9,True,Monthly RSI,7
REPL,Infrastructure,2025-02-10,2025-03-03,285.7125,285.0,212.4475457382202,212.97999572753906,-25.64289425971204,14,MONTHLY_CLOSE_LT_M_EMA9,True,Monthly RSI,7
ORIENTCEM,Construction Materials,2024-09-02,2025-07-01,304.29157977919823,303.5327479094247,240.04728447651254,240.64890674337096,-21.112741716120766,206,MONTHLY_CLOSE_LT_M_EMA9,True,Monthly RSI,7
GOLDIAM,Diamond  &  Jewellery,2025-02-13,2025-07-01,315.7346543835986,314.94728616817815,255.6576005077779,256.29834637371215,-19.02770349777022,91,MONTHLY_CLOSE_LT_M_EMA9,True,Monthly RSI,7
AXISBANK,Banks,2025-07-07,2025-08-01,1179.6342628674286,1176.6925315385822,1061.5188225977377,1064.1792707746743,-10.01288653506711,19,MONTHLY_CLOSE_LT_M_EMA9,True,Monthly RSI,7
TCPLPACK,Containers & Packaging,2022-09-23,2025-09-01,1129.231815379933,1126.415775940083,3344.928560269042,3353.311839868714,196.21274522305518,724,MONTHLY_CLOSE_LT_M_EMA9,False,Monthly RSI,7
SRF,Diversified,2025-04-09,2025-09-01,2753.50591898726,2746.6393206855464,2831.2616911664536,2838.3575851292767,2.823882514397943,97,MONTHLY_CLOSE_LT_M_EMA9,False,Monthly RSI,7
CAMLINFINE,Chemicals,2025-08-01,2025-09-01,281.50198776245117,280.79998779296875,199.5,200.0,-29.130162957019518,19,MONTHLY_CLOSE_LT_M_EMA9,True,Monthly RSI,7
BSE,Unclassified,2025-07-10,2025-10-01,2534.2600135868765,2527.940163178929,2037.5122190476616,2042.618765962568,-19.60129552121768,57,MONTHLY_CLOSE_LT_M_EMA9,True,Monthly RSI,7
RALLIS,Fertilisers & Pesticides,2025-09-01,2025-10-01,344.3575500885084,343.4988030808064,299.20681942254464,299.956711200546,-13.111584355957609,22,MONTHLY_CLOSE_LT_M_EMA9,True,Monthly RSI,7
RAMANEWS,Paper,2025-05-09,2025-11-03,31.077499999999997,31.0,29.127000761032107,29.200000762939453,-6.276242422871499,122,MONTHLY_CLOSE_LT_M_EMA9,True,Monthly RSI,7
GINNIFILA,Textiles,2025-09-08,2025-12-01,47.969623470306395,47.849998474121094,40.38877667427063,40.4900016784668,-15.80343193798128,57,MONTHLY_CLOSE_LT_M_EMA9,True,Monthly RSI,7
AXISCADES,Aviation,2025-04-15,2026-02-02,810.7217622375488,808.7000122070312,1142.1375,1145.0,40.87909726855753,200,MONTHLY_CLOSE_LT_M_EMA9,False,Monthly RSI,7
HCG,Healthcare,2025-10-01,2026-02-02,641.9508505249023,640.3499755859375,589.6222256469727,591.0999755859375,-8.151500202101492,83,MONTHLY_CLOSE_LT_M_EMA9,True,Monthly RSI,7
HDFCAMC,Finance,2025-10-03,2026-02-02,2739.0707974887796,2732.240196996289,2410.015481467556,2416.055620518853,-12.013392144624602,82,MONTHLY_CLOSE_LT_M_EMA9,True,Monthly RSI,7
NAM-INDIA,Finance,2025-12-05,2026-04-01,827.0056490719096,824.9432908447976,818.9833442548505,821.0359340900757,-0.9700423239021341,78,MONTHLY_CLOSE_LT_M_EMA9,True,Monthly RSI,7
BANKBARODA,Banks,2026-02-04,2026-04-01,277.7320340980547,277.03943550928153,244.46067038518046,245.07335376960447,-11.979663714675288,37,MONTHLY_CLOSE_LT_M_EMA9,True,Monthly RSI,7
MUTHOOTFIN,Finance,2026-02-05,2026-04-01,3609.059829432851,3600.0596802322707,3243.378093828956,3251.5068609814093,-10.132326780001328,36,MONTHLY_CLOSE_LT_M_EMA9,True,Monthly RSI,7
NORBTEAEXP,Agri,2025-05-02,2026-05-04,40.0498757648468,39.95000076293945,63.54075076103211,63.70000076293945,58.65405209771981,247,MONTHLY_CLOSE_LT_M_EMA9,False,Monthly RSI,7
FORCEMOT,Automobile & Ancillaries,2025-09-10,2026-07-01,18335.725,18290.0,18643.275,18690.0,1.6773266396611148,200,MONTHLY_CLOSE_LT_M_EMA9,False,Monthly RSI,7
OIL,Oil & Gas,2026-05-11,2026-07-01,458.1425,457.0,418.00236282348635,419.04998779296875,-8.76149607960703,37,MONTHLY_CLOSE_LT_M_EMA9,True,Monthly RSI,7
POWERGRID,Power,2026-05-18,2026-07-01,297.04073776245116,296.29998779296875,287.08048782348635,287.79998779296875,-3.353159574674299,32,MONTHLY_CLOSE_LT_M_EMA9,True,Monthly RSI,7
AVANTIFEED,Consumer Goods,2026-05-20,2026-07-01,1244.1303922984555,1241.0278227416015,919.5917514649367,921.8964926966784,-26.085580968241867,30,MONTHLY_CLOSE_LT_M_EMA9,True,Monthly RSI,7
TFCILTD,Finance,2025-11-04,2026-08-24,69.7599861769354,69.5860211241251,129.23609756469727,129.55999755859375,85.2582040898201,201,END_OF_BACKTEST,False,Monthly RSI,7
TITAN,Diamond  &  Jewellery,2026-02-02,2026-08-24,3996.885032503398,3986.9177381580034,5066.302500000001,5079.0,26.756272917532144,140,END_OF_BACKTEST,False,Monthly RSI,7
LUPIN,Healthcare,2026-05-15,2026-08-24,2257.3027141097346,2251.6735302840248,2182.53,2188.0,-3.312480583235564,71,END_OF_BACKTEST,True,Monthly RSI,7
ARIHANT,Real Estate,2026-07-03,2026-08-24,795.985,794.0,1004.6820121765137,1007.2000122070312,26.21871168131481,35,END_OF_BACKTEST,False,Monthly RSI,7
BHEL,Capital Goods,2026-07-09,2026-08-24,379.72506980615975,378.77812449492245,410.3714939117432,411.3999938964844,8.070687595429945,32,END_OF_BACKTEST,False,Monthly RSI,7
PRECWIRE,Electricals,2026-07-10,2026-08-24,395.62301359318667,394.6364225368446,427.9773628234864,429.04998779296875,8.178075622155086,31,END_OF_BACKTEST,False,Monthly RSI,7
APARINDS,Capital Goods,2026-07-10,2026-08-24,14205.425,14170.0,16663.2375,16705.0,17.30192866457709,31,END_OF_BACKTEST,False,Monthly RSI,7
ASIANPAINT,Chemicals,2019-04-12,2019-07-01,1344.512536347503,1341.1596372543672,1284.2397691317053,1287.4584151696292,-4.482871344549491,51,MONTHLY_CLOSE_LT_M_EMA9,True,Monthly RSI,10
HAVELLS,Capital Goods,2019-05-10,2019-08-01,699.9479012919053,698.2023953036462,610.7729224614168,612.3036816655807,-12.74023090374252,58,MONTHLY_CLOSE_LT_M_EMA9,True,Monthly RSI,10
SUVEN,Healthcare,2019-05-17,2019-08-01,11.868521718978881,11.838924407958984,10.48636696100235,10.512648582458496,-11.645551069484382,53,MONTHLY_CLOSE_LT_M_EMA9,True,Monthly RSI,10
SEAMECLTD,Logistics,2019-05-13,2019-09-03,422.88563520968705,421.83105756577265,322.6497405532054,323.45838651950413,-23.702837436599115,77,MONTHLY_CLOSE_LT_M_EMA9,True,Monthly RSI,10
CANTABIL,Retailing,2019-05-03,2019-11-01,51.560024114415064,51.43144550066341,40.56641687381459,40.66808709154345,-21.321959074737713,122,MONTHLY_CLOSE_LT_M_EMA9,True,Monthly RSI,10
POWERGRID,Power,2019-08-08,2019-12-02,76.95655591850222,76.7646443077329,76.2968800842247,76.48810033506234,-0.8572055056311579,74,MONTHLY_CLOSE_LT_M_EMA9,True,Monthly RSI,10
PRESTIGE,Real Estate,2019-05-15,2020-03-02,240.9058474878859,240.30508477594603,289.52850347894287,290.2541388260079,20.18326101175356,197,MONTHLY_CLOSE_LT_M_EMA9,False,Monthly RSI,10
BATAINDIA,Footwear,2019-05-10,2020-04-01,1216.081754671056,1213.0491318414524,1106.6706788283082,1109.4442895521886,-8.997016477098855,221,MONTHLY_CLOSE_LT_M_EMA9,True,Monthly RSI,10
MUTHOOTFIN,Finance,2019-05-13,2020-04-01,510.7882130162825,509.5144269489102,550.4542044433783,551.8337889156675,7.76564345384207,220,MONTHLY_CLOSE_LT_M_EMA9,False,Monthly RSI,10
BAJFINANCE,Finance,2019-07-10,2020-04-01,349.94047214801776,349.06780264141423,211.70952223423575,212.2401225405872,-39.50127547845141,179,MONTHLY_CLOSE_LT_M_EMA9,True,Monthly RSI,10
PIDILITIND,Chemicals,2019-09-23,2020-04-01,694.1067127919158,692.3757733585195,655.0218420659287,656.6635008179736,-5.630959909431715,130,MONTHLY_CLOSE_LT_M_EMA9,True,Monthly RSI,10
EQ30,Unclassified,2019-11-14,2020-04-01,348.4690061187744,347.6000061035156,254.3625,255.0,-27.00570336711625,96,MONTHLY_CLOSE_LT_M_EMA9,True,Monthly RSI,10
DYNPRO,Chemicals,2019-12-02,2020-04-01,138.10432842560678,137.75992860409656,115.95974029541016,116.2503662109375,-16.03468072481547,84,MONTHLY_CLOSE_LT_M_EMA9,True,Monthly RSI,10
ESABINDIA,Capital Goods,2020-03-04,2020-04-01,1269.041654589312,1265.8769621838524,937.9170782542591,940.2677476233173,-26.092490749817948,19,MONTHLY_CLOSE_LT_M_EMA9,True,Monthly RSI,10
GMMPFAUDLR,Capital Goods,2020-07-21,2020-11-02,1358.0362759682669,1354.6496518386703,1166.0602806550348,1168.9827374987817,-14.13629361088716,73,MONTHLY_CLOSE_LT_M_EMA9,True,Monthly RSI,10
IPCALAB,Healthcare,2019-05-20,2021-02-01,452.97806425965035,451.84844315177094,913.5505323753033,915.8401327070709,101.67655002641571,423,MONTHLY_CLOSE_LT_M_EMA9,False,Monthly RSI,10
ABBOTINDIA,Healthcare,2019-08-02,2021-02-01,7571.327752531716,7552.446635941862,13031.927420621041,13064.588892853173,72.12208804807582,370,MONTHLY_CLOSE_LT_M_EMA9,False,Monthly RSI,10
DRREDDY,Healthcare,2020-07-09,2021-03-01,749.1182193937851,747.2500941583892,853.9227571406125,856.0629144266791,13.99038696878033,163,MONTHLY_CLOSE_LT_M_EMA9,False,Monthly RSI,10
COROMANDEL,Chemicals,2020-08-20,2021-05-03,729.2014541066272,727.3829966150896,698.9724864663181,700.7242972093413,-4.145489215643961,173,MONTHLY_CLOSE_LT_M_EMA9,True,Monthly RSI,10
ADANIGREEN,Miscellaneous,2020-07-27,2021-08-02,346.8148872375488,345.95001220703125,880.1940243530274,882.4000244140625,153.79361058112357,254,MONTHLY_CLOSE_LT_M_EMA9,False,Monthly RSI,10
AARTIDRUGS,Healthcare,2020-11-02,2021-09-01,668.0135420626315,666.3476728804304,607.7741016365785,609.2973449990761,-9.017697491588434,206,MONTHLY_CLOSE_LT_M_EMA9,True,Monthly RSI,10
LAURUSLABS,Healthcare,2021-08-02,2021-11-01,640.828937757476,639.2308606059611,510.89221128762017,512.1726428948573,-20.27635127161358,62,MONTHLY_CLOSE_LT_M_EMA9,True,Monthly RSI,10
SOLARA,Healthcare,2021-08-02,2021-11-01,1646.248242630412,1642.14288541687,1253.0594512939454,1256.199951171875,-23.88393081642541,62,MONTHLY_CLOSE_LT_M_EMA9,True,Monthly RSI,10
CYBERTECH,Software & IT Services,2021-02-01,2021-12-01,107.03234759960745,106.76543401457103,127.1527743917848,127.47145302434566,18.798454152799643,205,MONTHLY_CLOSE_LT_M_EMA9,False,Monthly RSI,10
DIVISLAB,Healthcare,2019-05-13,2022-02-01,1572.154170032027,1568.23358606686,3923.61986996216,3933.4535037214637,149.5696633799108,676,MONTHLY_CLOSE_LT_M_EMA9,False,Monthly RSI,10
LALPATHLAB,Healthcare,2020-09-02,2022-02-01,866.4846568804802,864.3238472623244,1441.4488281930123,1445.0614818977567,66.35595526671175,352,MONTHLY_CLOSE_LT_M_EMA9,False,Monthly RSI,10
TATACOMM,Telecom,2021-02-01,2022-02-01,921.7121598483424,919.4136257838827,1210.209867128106,1213.2429745645172,31.300195424050038,248,MONTHLY_CLOSE_LT_M_EMA9,False,Monthly RSI,10
WIPRO,Software & IT Services,2021-03-02,2022-02-01,192.17020747638205,191.69098002631625,264.6276805587888,265.2909078283597,37.704841990823105,227,MONTHLY_CLOSE_LT_M_EMA9,False,Monthly RSI,10
MAHLOG,Logistics,2021-05-06,2022-02-01,513.4075432329968,512.1272251700716,573.0312157494143,574.4673842099392,11.613322262653014,185,MONTHLY_CLOSE_LT_M_EMA9,False,Monthly RSI,10
SAGCEM,Construction Materials,2021-11-01,2022-02-01,278.9257737573324,278.23019826167825,240.94151441776503,241.54537786242108,-13.618052870443584,63,MONTHLY_CLOSE_LT_M_EMA9,True,Monthly RSI,10
HGS,Software & IT Services,2021-09-01,2022-03-02,1236.735282403351,1233.6511545170583,1175.438619046795,1178.3845804980401,-4.956328506892592,124,MONTHLY_CLOSE_LT_M_EMA9,True,Monthly RSI,10
IRCTC,Software & IT Services,2021-12-01,2022-06-01,775.8081946098729,773.873510832791,662.5250502164699,664.1855140014736,-14.601952541938426,124,MONTHLY_CLOSE_LT_M_EMA9,True,Monthly RSI,10
TVTODAY,Media & Entertainment,2022-02-01,2022-06-01,286.2749893158596,285.5610865993612,196.1444575688313,196.63604768805143,-31.483900134769847,81,MONTHLY_CLOSE_LT_M_EMA9,True,Monthly RSI,10
MINDTECK,Software & IT Services,2022-02-03,2022-06-01,144.30474124493696,143.94487904731866,97.66262041242231,97.90738888463389,-32.32196006182931,79,MONTHLY_CLOSE_LT_M_EMA9,True,Monthly RSI,10
CALSOFT,Diversified / Other,2022-02-03,2022-06-01,41.5035015296936,41.400001525878906,23.690625,23.75,-42.918972793053165,79,MONTHLY_CLOSE_LT_M_EMA9,True,Monthly RSI,10
SRF,Diversified,2021-02-01,2022-07-01,1062.1451977130334,1059.4964565716045,2193.3980261670335,2198.895264327853,106.50642029825737,351,MONTHLY_CLOSE_LT_M_EMA9,False,Monthly RSI,10
TATACHEM,Chemicals,2021-11-01,2022-07-01,849.9383247199537,847.818777775515,744.5456806657563,746.4117099406078,-12.400034330599603,166,MONTHLY_CLOSE_LT_M_EMA9,True,Monthly RSI,10
LPDC,Diversified / Other,2022-02-03,2022-07-01,10.0751251912117,10.050000190734863,6.3840000951290135,6.400000095367432,-36.63602214394686,101,MONTHLY_CLOSE_LT_M_EMA9,True,Monthly RSI,10
GREENPANEL,Construction Materials,2022-03-10,2022-07-01,479.94410528485815,478.74723719187847,428.31328601531885,429.38675289756276,-10.757673383423512,77,MONTHLY_CLOSE_LT_M_EMA9,True,Monthly RSI,10
ACCURACY,Logistics,2022-02-03,2022-08-01,20.584073197348268,20.5327413439883,20.692471328879293,20.744332159277487,0.526611669574658,122,MONTHLY_CLOSE_LT_M_EMA9,False,Monthly RSI,10
SHARDACROP,Chemicals,2022-06-17,2022-08-01,612.0633557073127,610.5370131743767,495.42303158708836,496.6646933203893,-19.056903673874157,31,MONTHLY_CLOSE_LT_M_EMA9,True,Monthly RSI,10
DANGEE,FMCG,2022-06-02,2022-11-01,22.055,22.0,21.496124238967898,21.549999237060547,-2.5340093449653223,103,MONTHLY_CLOSE_LT_M_EMA9,True,Monthly RSI,10
AMDIND,Containers & Packaging,2022-09-26,2022-12-01,83.458125,83.25,46.03462652206421,46.150001525878906,-44.84104870309007,45,MONTHLY_CLOSE_LT_M_EMA9,True,Monthly RSI,10
ASAHIINDIA,Construction Materials,2022-08-12,2023-01-02,558.7289809257816,557.3356418212285,517.1895897287404,518.4858042393388,-7.434622619398187,96,MONTHLY_CLOSE_LT_M_EMA9,True,Monthly RSI,10
INSECTICID,Chemicals,2023-01-09,2023-02-01,720.5472257613482,718.7503498866316,603.7374147408594,605.2505410935934,-16.211263723493566,16,MONTHLY_CLOSE_LT_M_EMA9,True,Monthly RSI,10
GSS,Software & IT Services,2022-08-01,2023-03-01,225.5625,225.0,223.3901219558716,223.9499969482422,-0.9630936188987123,145,MONTHLY_CLOSE_LT_M_EMA9,True,Monthly RSI,10
TNPL,Paper,2022-09-26,2023-03-01,231.00626114090656,230.43018567671479,198.54477537607696,199.04238132940046,-14.052210361964656,108,MONTHLY_CLOSE_LT_M_EMA9,True,Monthly RSI,10
GOKULAGRO,Agri,2022-06-16,2023-04-03,51.10867712020874,50.981224060058594,51.121875,51.25,0.025823168461633312,198,MONTHLY_CLOSE_LT_M_EMA9,False,Monthly RSI,10
AURIONPRO,Software & IT Services,2022-11-03,2023-04-03,195.87060556536548,195.38215018989075,154.25784650188902,154.644457646004,-21.245024971135624,103,MONTHLY_CLOSE_LT_M_EMA9,True,Monthly RSI,10
BSHSL,Agri,2022-06-10,2023-07-03,40.089976682662964,39.9900016784668,278.70149391174317,279.3999938964844,595.1899626129455,262,MONTHLY_CLOSE_LT_M_EMA9,False,Monthly RSI,10
AUTOAXLES,Automobile & Ancillaries,2023-03-02,2023-08-01,2135.1051959532965,2129.780744093064,2041.8420355665337,2046.9594341519135,-4.368082685739615,101,MONTHLY_CLOSE_LT_M_EMA9,True,Monthly RSI,10
KAMDHENU,Metals & Mining,2023-03-01,2023-10-03,32.70816192225225,32.626595433668086,28.764907652829432,28.83700015321246,-12.055872411283731,144,MONTHLY_CLOSE_LT_M_EMA9,True,Monthly RSI,10
HILTON,Automobile & Ancillaries,2023-04-03,2024-01-01,105.0620030593872,104.80000305175781,114.7125,115.0,9.18552536558606,183,MONTHLY_CLOSE_LT_M_EMA9,False,Monthly RSI,10
ARROWGREEN,Plastic Products,2023-07-05,2024-04-01,322.8880906128568,322.0828834043459,379.958182506919,380.91045865355284,17.674882893865952,181,MONTHLY_CLOSE_LT_M_EMA9,False,Monthly RSI,10
RKFORGE,Automobile & Ancillaries,2024-01-01,2024-06-03,717.5990044846303,715.8094807826736,695.2010819520684,696.943440553452,-3.1212309928785045,101,MONTHLY_CLOSE_LT_M_EMA9,True,Monthly RSI,10
UNIONBANK,Banks,2023-02-01,2024-09-02,70.30603852475667,70.1307117453932,114.79120501741329,115.07890227309602,63.27360697046268,387,MONTHLY_CLOSE_LT_M_EMA9,False,Monthly RSI,10
JBMA,Automobile & Ancillaries,2024-04-01,2024-10-01,912.3460262047093,910.0708490820044,899.2411062495794,901.4948433579743,-1.4363979870275136,124,MONTHLY_CLOSE_LT_M_EMA9,True,Monthly RSI,10
TTKHLTCARE,Healthcare,2023-07-03,2024-12-02,1239.477372247262,1236.386406231683,1473.4517447222886,1477.1446062378832,18.876857110413724,348,MONTHLY_CLOSE_LT_M_EMA9,False,Monthly RSI,10
HAL,Aviation,2023-10-03,2025-01-01,1884.779893075923,1880.0796938413198,4081.7814988109317,4092.0115276300066,116.56542038707481,306,MONTHLY_CLOSE_LT_M_EMA9,False,Monthly RSI,10
KEI,Electricals,2022-02-02,2025-02-01,1104.9306244884451,1102.17518652214,4045.060472039067,4055.198468209591,266.0918054390815,741,MONTHLY_CLOSE_LT_M_EMA9,False,Monthly RSI,10
ANANTRAJ,Real Estate,2022-12-01,2025-02-01,101.5114498692072,101.25830410893487,601.4747525429167,602.9822080630744,492.5191230328097,536,MONTHLY_CLOSE_LT_M_EMA9,False,Monthly RSI,10
SHILPAMED,Healthcare,2024-06-03,2025-02-01,249.32040236888795,248.69865572956405,353.53452502958453,354.42057647076143,41.799275819595415,168,MONTHLY_CLOSE_LT_M_EMA9,False,Monthly RSI,10
ERIS,Healthcare,2024-10-01,2025-02-01,1321.3982625764925,1318.103005063833,1211.5629100279784,1214.5994085493517,-8.312055166044683,85,MONTHLY_CLOSE_LT_M_EMA9,True,Monthly RSI,10
VARDMNPOLY,Textiles,2023-08-03,2025-03-03,5.739312404394149,5.724999904632568,10.214399771690369,10.239999771118164,77.97253489581766,389,MONTHLY_CLOSE_LT_M_EMA9,False,Monthly RSI,10
IPCALAB,Healthcare,2024-12-06,2025-03-03,1496.969542330751,1493.236451202744,1340.1062114994543,1343.4648736836634,-10.478725611682368,60,MONTHLY_CLOSE_LT_M_EMA9,True,Monthly RSI,10
KITEX,Textiles,2025-01-02,2025-03-03,234.95697539198358,234.3710477725522,156.1883531166635,156.57980262322155,-33.52470048778452,42,MONTHLY_CLOSE_LT_M_EMA9,True,Monthly RSI,10
SIYSIL,Textiles,2025-02-03,2025-03-03,764.5613638544243,762.6547270368322,578.6338522770727,580.0840624331556,-24.31819345932224,19,MONTHLY_CLOSE_LT_M_EMA9,True,Monthly RSI,10
REPL,Infrastructure,2025-02-10,2025-03-03,285.7125,285.0,212.4475457382202,212.97999572753906,-25.64289425971204,14,MONTHLY_CLOSE_LT_M_EMA9,True,Monthly RSI,10
BLUESTARCO,Consumer Durables,2023-04-03,2025-05-02,674.8988521038522,673.2158125724211,1682.3706333338737,1686.58710108659,149.27744773745647,510,MONTHLY_CLOSE_LT_M_EMA9,False,Monthly RSI,10
PGIL,Textiles,2025-02-13,2025-05-02,1367.4266103412679,1364.0165689189705,948.2239561179085,950.6004572610611,-30.65631830279646,49,MONTHLY_CLOSE_LT_M_EMA9,True,Monthly RSI,10
ORIENTCEM,Construction Materials,2024-09-02,2025-07-01,304.29157977919823,303.5327479094247,240.04728447651254,240.64890674337096,-21.112741716120766,206,MONTHLY_CLOSE_LT_M_EMA9,True,Monthly RSI,10
GOLDIAM,Diamond  &  Jewellery,2025-02-13,2025-07-01,315.7346543835986,314.94728616817815,255.6576005077779,256.29834637371215,-19.02770349777022,91,MONTHLY_CLOSE_LT_M_EMA9,True,Monthly RSI,10
PANACEABIO,Healthcare,2025-06-06,2025-08-01,472.47823776245116,471.29998779296875,399.09975608825687,400.1000061035156,-15.530552692055826,40,MONTHLY_CLOSE_LT_M_EMA9,True,Monthly RSI,10
AXISBANK,Banks,2025-07-07,2025-08-01,1179.6342628674286,1176.6925315385822,1061.5188225977377,1064.1792707746743,-10.01288653506711,19,MONTHLY_CLOSE_LT_M_EMA9,True,Monthly RSI,10
TCPLPACK,Containers & Packaging,2022-09-23,2025-09-01,1129.231815379933,1126.415775940083,3344.928560269042,3353.311839868714,196.21274522305518,724,MONTHLY_CLOSE_LT_M_EMA9,False,Monthly RSI,10
SRF,Diversified,2025-04-09,2025-09-01,2753.50591898726,2746.6393206855464,2831.2616911664536,2838.3575851292767,2.823882514397943,97,MONTHLY_CLOSE_LT_M_EMA9,False,Monthly RSI,10
CAMLINFINE,Chemicals,2025-08-01,2025-09-01,281.50198776245117,280.79998779296875,199.5,200.0,-29.130162957019518,19,MONTHLY_CLOSE_LT_M_EMA9,True,Monthly RSI,10
BANARISUG,Diversified / Other,2025-06-09,2025-10-01,3986.487964495085,3976.5465980000854,3659.9273474121096,3669.10009765625,-8.191687018534285,80,MONTHLY_CLOSE_LT_M_EMA9,True,Monthly RSI,10
BSE,Unclassified,2025-07-10,2025-10-01,2534.2600135868765,2527.940163178929,2037.5122190476616,2042.618765962568,-19.60129552121768,57,MONTHLY_CLOSE_LT_M_EMA9,True,Monthly RSI,10
RALLIS,Fertilisers & Pesticides,2025-09-01,2025-10-01,344.3575500885084,343.4988030808064,299.20681942254464,299.956711200546,-13.111584355957609,22,MONTHLY_CLOSE_LT_M_EMA9,True,Monthly RSI,10
RAMANEWS,Paper,2025-05-09,2025-11-03,31.077499999999997,31.0,29.127000761032107,29.200000762939453,-6.276242422871499,122,MONTHLY_CLOSE_LT_M_EMA9,True,Monthly RSI,10
GINNIFILA,Textiles,2025-09-08,2025-12-01,47.969623470306395,47.849998474121094,40.38877667427063,40.4900016784668,-15.80343193798128,57,MONTHLY_CLOSE_LT_M_EMA9,True,Monthly RSI,10
SARDAEN,Metals & Mining,2025-10-03,2025-12-01,552.1638572240188,550.7868899990212,491.77599522530903,493.0085165166005,-10.936583626155334,39,MONTHLY_CLOSE_LT_M_EMA9,True,Monthly RSI,10
AXISCADES,Aviation,2025-04-15,2026-02-02,810.7217622375488,808.7000122070312,1142.1375,1145.0,40.87909726855753,200,MONTHLY_CLOSE_LT_M_EMA9,False,Monthly RSI,10
HCG,Healthcare,2025-05-29,2026-02-02,553.2797744750976,551.9000244140625,589.6222256469727,591.0999755859375,6.568548652687244,170,MONTHLY_CLOSE_LT_M_EMA9,False,Monthly RSI,10
HDFCAMC,Finance,2025-10-03,2026-02-02,2739.0707974887796,2732.240196996289,2410.015481467556,2416.055620518853,-12.013392144624602,82,MONTHLY_CLOSE_LT_M_EMA9,True,Monthly RSI,10
ABCAPITAL,Finance,2025-08-01,2026-04-01,257.14125,256.5,302.2425,303.0,17.539484621778882,163,MONTHLY_CLOSE_LT_M_EMA9,False,Monthly RSI,10
NAM-INDIA,Finance,2025-12-05,2026-04-01,827.0056490719096,824.9432908447976,818.9833442548505,821.0359340900757,-0.9700423239021341,78,MONTHLY_CLOSE_LT_M_EMA9,True,Monthly RSI,10
BANKBARODA,Banks,2026-02-04,2026-04-01,277.7320340980547,277.03943550928153,244.46067038518046,245.07335376960447,-11.979663714675288,37,MONTHLY_CLOSE_LT_M_EMA9,True,Monthly RSI,10
MUTHOOTFIN,Finance,2026-02-05,2026-04-01,3609.059829432851,3600.0596802322707,3243.378093828956,3251.5068609814093,-10.132326780001328,36,MONTHLY_CLOSE_LT_M_EMA9,True,Monthly RSI,10
NORBTEAEXP,Agri,2025-05-02,2026-05-04,40.0498757648468,39.95000076293945,63.54075076103211,63.70000076293945,58.65405209771981,247,MONTHLY_CLOSE_LT_M_EMA9,False,Monthly RSI,10
FORCEMOT,Automobile & Ancillaries,2025-09-10,2026-07-01,18335.725,18290.0,18643.275,18690.0,1.6773266396611148,200,MONTHLY_CLOSE_LT_M_EMA9,False,Monthly RSI,10
OIL,Oil & Gas,2026-05-11,2026-07-01,458.1425,457.0,418.00236282348635,419.04998779296875,-8.76149607960703,37,MONTHLY_CLOSE_LT_M_EMA9,True,Monthly RSI,10
POWERGRID,Power,2026-05-18,2026-07-01,297.04073776245116,296.29998779296875,287.08048782348635,287.79998779296875,-3.353159574674299,32,MONTHLY_CLOSE_LT_M_EMA9,True,Monthly RSI,10
AVANTIFEED,Consumer Goods,2026-05-20,2026-07-01,1244.1303922984555,1241.0278227416015,919.5917514649367,921.8964926966784,-26.085580968241867,30,MONTHLY_CLOSE_LT_M_EMA9,True,Monthly RSI,10
TFCILTD,Finance,2025-11-04,2026-08-24,69.7599861769354,69.5860211241251,129.23609756469727,129.55999755859375,85.2582040898201,201,END_OF_BACKTEST,False,Monthly RSI,10
SALSTEEL,Metals & Mining,2025-12-08,2026-08-24,35.87947591781616,35.790000915527344,76.86734756469727,77.05999755859375,114.23765425327284,176,END_OF_BACKTEST,False,Monthly RSI,10
TITAN,Diamond  &  Jewellery,2026-02-02,2026-08-24,3996.885032503398,3986.9177381580034,5066.302500000001,5079.0,26.756272917532144,140,END_OF_BACKTEST,False,Monthly RSI,10
THANGAMAYL,Diamond  &  Jewellery,2026-02-05,2026-08-24,3281.9270141764687,3273.742657532637,5479.766250000001,5493.5,66.9679498151495,137,END_OF_BACKTEST,False,Monthly RSI,10
LUPIN,Healthcare,2026-05-15,2026-08-24,2257.3027141097346,2251.6735302840248,2182.53,2188.0,-3.312480583235564,71,END_OF_BACKTEST,True,Monthly RSI,10
UNIVPHOTO,FMCG,2026-05-25,2026-08-24,432.5286372375488,431.45001220703125,447.97725608825687,449.1000061035156,3.571698500560442,65,END_OF_BACKTEST,False,Monthly RSI,10
ARIHANT,Real Estate,2026-07-03,2026-08-24,795.985,794.0,1004.6820121765137,1007.2000122070312,26.21871168131481,35,END_OF_BACKTEST,False,Monthly RSI,10
BHEL,Capital Goods,2026-07-09,2026-08-24,379.72506980615975,378.77812449492245,410.3714939117432,411.3999938964844,8.070687595429945,32,END_OF_BACKTEST,False,Monthly RSI,10
PRECWIRE,Electricals,2026-07-10,2026-08-24,395.62301359318667,394.6364225368446,427.9773628234864,429.04998779296875,8.178075622155086,31,END_OF_BACKTEST,False,Monthly RSI,10
APARINDS,Capital Goods,2026-07-10,2026-08-24,14205.425,14170.0,16663.2375,16705.0,17.30192866457709,31,END_OF_BACKTEST,False,Monthly RSI,10
ASIANPAINT,Chemicals,2019-04-12,2019-07-01,1344.512536347503,1341.1596372543672,1284.2397691317053,1287.4584151696292,-4.482871344549491,51,MONTHLY_CLOSE_LT_M_EMA9,True,Monthly RSI,15
HAVELLS,Capital Goods,2019-05-10,2019-08-01,699.9479012919053,698.2023953036462,610.7729224614168,612.3036816655807,-12.74023090374252,58,MONTHLY_CLOSE_LT_M_EMA9,True,Monthly RSI,15
SUVEN,Healthcare,2019-05-17,2019-08-01,11.868521718978881,11.838924407958984,10.48636696100235,10.512648582458496,-11.645551069484382,53,MONTHLY_CLOSE_LT_M_EMA9,True,Monthly RSI,15
TRIVENI,Agri,2019-06-24,2019-08-01,62.88908817157098,62.73225752775161,50.4208240556712,50.547192035760595,-19.825798844283554,28,MONTHLY_CLOSE_LT_M_EMA9,True,Monthly RSI,15
SEAMECLTD,Logistics,2019-05-13,2019-09-03,422.88563520968705,421.83105756577265,322.6497405532054,323.45838651950413,-23.702837436599115,77,MONTHLY_CLOSE_LT_M_EMA9,True,Monthly RSI,15
PGHH,FMCG,2019-06-20,2019-09-03,9539.985583434533,9516.195095695295,9159.823213345026,9182.78016375441,-3.984936526000945,50,MONTHLY_CLOSE_LT_M_EMA9,True,Monthly RSI,15
CANTABIL,Retailing,2019-05-03,2019-11-01,51.560024114415064,51.43144550066341,40.56641687381459,40.66808709154345,-21.321959074737713,122,MONTHLY_CLOSE_LT_M_EMA9,True,Monthly RSI,15
POWERGRID,Power,2019-08-08,2019-12-02,76.95655591850222,76.7646443077329,76.2968800842247,76.48810033506234,-0.8572055056311579,74,MONTHLY_CLOSE_LT_M_EMA9,True,Monthly RSI,15
HEIDELBERG,Cement & Cement Products,2019-06-24,2020-01-01,149.15823068456285,148.78626502200785,141.6314321048523,141.98639810010255,-5.0461838714271705,128,MONTHLY_CLOSE_LT_M_EMA9,True,Monthly RSI,15
AGROPHOS,Chemicals,2019-08-26,2020-01-01,79.60797241712417,79.40944879513634,69.51459022521973,69.68881225585938,-12.678858518111547,85,MONTHLY_CLOSE_LT_M_EMA9,True,Monthly RSI,15
PRESTIGE,Real Estate,2019-05-15,2020-03-02,240.9058474878859,240.30508477594603,289.52850347894287,290.2541388260079,20.18326101175356,197,MONTHLY_CLOSE_LT_M_EMA9,False,Monthly RSI,15
BALRAMCHIN,Agri,2019-06-21,2020-03-02,132.36865832561384,132.03856192081182,136.98371878442995,137.32703637536838,3.4865205383161957,171,MONTHLY_CLOSE_LT_M_EMA9,False,Monthly RSI,15
BATAINDIA,Footwear,2019-05-10,2020-04-01,1216.081754671056,1213.0491318414524,1106.6706788283082,1109.4442895521886,-8.997016477098855,221,MONTHLY_CLOSE_LT_M_EMA9,True,Monthly RSI,15
MUTHOOTFIN,Finance,2019-05-13,2020-04-01,510.7882130162825,509.5144269489102,550.4542044433783,551.8337889156675,7.76564345384207,220,MONTHLY_CLOSE_LT_M_EMA9,False,Monthly RSI,15
HONAUT,Consumer Durables,2019-06-27,2020-04-01,24167.253847446424,24106.986381492694,25503.352011962586,25567.270187431164,5.52854773219233,188,MONTHLY_CLOSE_LT_M_EMA9,False,Monthly RSI,15
BAJFINANCE,Finance,2019-07-10,2020-04-01,349.94047214801776,349.06780264141423,211.70952223423575,212.2401225405872,-39.50127547845141,179,MONTHLY_CLOSE_LT_M_EMA9,True,Monthly RSI,15
PIDILITIND,Chemicals,2019-09-23,2020-04-01,694.1067127919158,692.3757733585195,655.0218420659287,656.6635008179736,-5.630959909431715,130,MONTHLY_CLOSE_LT_M_EMA9,True,Monthly RSI,15
EQ30,Unclassified,2019-11-14,2020-04-01,348.4690061187744,347.6000061035156,254.3625,255.0,-27.00570336711625,96,MONTHLY_CLOSE_LT_M_EMA9,True,Monthly RSI,15
ATUL,Chemicals,2019-11-18,2020-04-01,3957.15917721823,3947.290949843621,3892.18879260963,3901.943651738977,-1.6418441032809872,94,MONTHLY_CLOSE_LT_M_EMA9,True,Monthly RSI,15
DYNPRO,Chemicals,2019-12-02,2020-04-01,138.10432842560678,137.75992860409656,115.95974029541016,116.2503662109375,-16.03468072481547,84,MONTHLY_CLOSE_LT_M_EMA9,True,Monthly RSI,15
PIIND,Chemicals,2020-01-09,2020-04-01,1421.3733784471212,1417.8288064310436,1150.4408994574537,1153.3242099824097,-19.06131654763836,57,MONTHLY_CLOSE_LT_M_EMA9,True,Monthly RSI,15
ESABINDIA,Capital Goods,2020-03-04,2020-04-01,1269.041654589312,1265.8769621838524,937.9170782542591,940.2677476233173,-26.092490749817948,19,MONTHLY_CLOSE_LT_M_EMA9,True,Monthly RSI,15
WELCORP,Metals & Mining,2020-03-04,2020-04-01,157.5856499390375,157.1926682683666,56.80495355987549,56.94732186453683,-63.952965525826336,19,MONTHLY_CLOSE_LT_M_EMA9,True,Monthly RSI,15
GMMPFAUDLR,Capital Goods,2020-07-21,2020-11-02,1358.0362759682669,1354.6496518386703,1166.0602806550348,1168.9827374987817,-14.13629361088716,73,MONTHLY_CLOSE_LT_M_EMA9,True,Monthly RSI,15
IPCALAB,Healthcare,2019-05-20,2021-02-01,452.97806425965035,451.84844315177094,913.5505323753033,915.8401327070709,101.67655002641571,423,MONTHLY_CLOSE_LT_M_EMA9,False,Monthly RSI,15
ABBOTINDIA,Healthcare,2019-08-02,2021-02-01,7571.327752531716,7552.446635941862,13031.927420621041,13064.588892853173,72.12208804807582,370,MONTHLY_CLOSE_LT_M_EMA9,False,Monthly RSI,15
DRREDDY,Healthcare,2020-07-09,2021-03-01,749.1182193937851,747.2500941583892,853.9227571406125,856.0629144266791,13.99038696878033,163,MONTHLY_CLOSE_LT_M_EMA9,False,Monthly RSI,15
ITI,Telecom,2020-09-11,2021-04-01,138.79612194061278,138.4499969482422,115.36087652206422,115.6500015258789,-16.884654333912792,138,MONTHLY_CLOSE_LT_M_EMA9,True,Monthly RSI,15
COROMANDEL,Chemicals,2020-08-20,2021-05-03,729.2014541066272,727.3829966150896,698.9724864663181,700.7242972093413,-4.145489215643961,173,MONTHLY_CLOSE_LT_M_EMA9,True,Monthly RSI,15
ADANIGREEN,Miscellaneous,2020-07-27,2021-08-02,346.8148872375488,345.95001220703125,880.1940243530274,882.4000244140625,153.79361058112357,254,MONTHLY_CLOSE_LT_M_EMA9,False,Monthly RSI,15
APLLTD,Healthcare,2020-09-04,2021-08-02,871.7425943069296,869.5686726253663,744.072293980442,745.9371368224982,-14.645412666567081,225,MONTHLY_CLOSE_LT_M_EMA9,True,Monthly RSI,15
AARTIDRUGS,Healthcare,2020-11-02,2021-09-01,668.0135420626315,666.3476728804304,607.7741016365785,609.2973449990761,-9.017697491588434,206,MONTHLY_CLOSE_LT_M_EMA9,True,Monthly RSI,15
BERGEPAINT,Chemicals,2020-01-08,2021-11-01,388.28256994870975,387.3142842381145,602.031978929839,603.5408310073574,55.04996245630201,451,MONTHLY_CLOSE_LT_M_EMA9,False,Monthly RSI,15
BHARATRAS,Chemicals,2020-09-11,2021-11-01,2329.1459327650305,2323.337588793048,2573.9761637156535,2580.4272317951413,10.51158828249007,282,MONTHLY_CLOSE_LT_M_EMA9,False,Monthly RSI,15
LAURUSLABS,Healthcare,2021-08-02,2021-11-01,640.828937757476,639.2308606059611,510.89221128762017,512.1726428948573,-20.27635127161358,62,MONTHLY_CLOSE_LT_M_EMA9,True,Monthly RSI,15
SOLARA,Healthcare,2021-08-02,2021-11-01,1646.248242630412,1642.14288541687,1253.0594512939454,1256.199951171875,-23.88393081642541,62,MONTHLY_CLOSE_LT_M_EMA9,True,Monthly RSI,15
CYBERTECH,Software & IT Services,2021-02-01,2021-12-01,107.03234759960745,106.76543401457103,127.1527743917848,127.47145302434566,18.798454152799643,205,MONTHLY_CLOSE_LT_M_EMA9,False,Monthly RSI,15
DIVISLAB,Healthcare,2019-05-13,2022-02-01,1572.154170032027,1568.23358606686,3923.61986996216,3933.4535037214637,149.5696633799108,676,MONTHLY_CLOSE_LT_M_EMA9,False,Monthly RSI,15
LALPATHLAB,Healthcare,2020-09-02,2022-02-01,866.4846568804802,864.3238472623244,1441.4488281930123,1445.0614818977567,66.35595526671175,352,MONTHLY_CLOSE_LT_M_EMA9,False,Monthly RSI,15
TATACOMM,Telecom,2021-02-01,2022-02-01,921.7121598483424,919.4136257838827,1210.209867128106,1213.2429745645172,31.300195424050038,248,MONTHLY_CLOSE_LT_M_EMA9,False,Monthly RSI,15
WIPRO,Software & IT Services,2021-03-02,2022-02-01,192.17020747638205,191.69098002631625,264.6276805587888,265.2909078283597,37.704841990823105,227,MONTHLY_CLOSE_LT_M_EMA9,False,Monthly RSI,15
MAHLOG,Logistics,2021-05-06,2022-02-01,513.4075432329968,512.1272251700716,573.0312157494143,574.4673842099392,11.613322262653014,185,MONTHLY_CLOSE_LT_M_EMA9,False,Monthly RSI,15
PTC,Power,2021-08-02,2022-02-01,67.82922413153926,67.66007394667258,67.43753422793479,67.6065506044459,-0.5774648149371125,125,MONTHLY_CLOSE_LT_M_EMA9,True,Monthly RSI,15
SAGCEM,Construction Materials,2021-11-01,2022-02-01,278.9257737573324,278.23019826167825,240.94151441776503,241.54537786242108,-13.618052870443584,63,MONTHLY_CLOSE_LT_M_EMA9,True,Monthly RSI,15
HGS,Software & IT Services,2021-09-01,2022-03-02,1236.735282403351,1233.6511545170583,1175.438619046795,1178.3845804980401,-4.956328506892592,124,MONTHLY_CLOSE_LT_M_EMA9,True,Monthly RSI,15
ESCORTS,Automobile & Ancillaries,2022-03-11,2022-05-02,1752.8199986837594,1748.4488764925281,1567.5078667100654,1571.436457854702,-10.572228301414292,33,MONTHLY_CLOSE_LT_M_EMA9,True,Monthly RSI,15
IRCTC,Software & IT Services,2021-12-01,2022-06-01,775.8081946098729,773.873510832791,662.5250502164699,664.1855140014736,-14.601952541938426,124,MONTHLY_CLOSE_LT_M_EMA9,True,Monthly RSI,15
TVTODAY,Media & Entertainment,2022-02-01,2022-06-01,286.2749893158596,285.5610865993612,196.1444575688313,196.63604768805143,-31.483900134769847,81,MONTHLY_CLOSE_LT_M_EMA9,True,Monthly RSI,15
MINDTECK,Software & IT Services,2022-02-03,2022-06-01,144.30474124493696,143.94487904731866,97.66262041242231,97.90738888463389,-32.32196006182931,79,MONTHLY_CLOSE_LT_M_EMA9,True,Monthly RSI,15
CALSOFT,Diversified / Other,2022-02-03,2022-06-01,41.5035015296936,41.400001525878906,23.690625,23.75,-42.918972793053165,79,MONTHLY_CLOSE_LT_M_EMA9,True,Monthly RSI,15
CHAMBLFERT,Chemicals,2022-02-04,2022-06-01,367.10668587449396,366.1912078548568,329.2803785259519,330.1056426325332,-10.30390042023753,78,MONTHLY_CLOSE_LT_M_EMA9,True,Monthly RSI,15
SRF,Diversified,2021-02-01,2022-07-01,1062.1451977130334,1059.4964565716045,2193.3980261670335,2198.895264327853,106.50642029825737,351,MONTHLY_CLOSE_LT_M_EMA9,False,Monthly RSI,15
GREENPANEL,Construction Materials,2021-04-01,2022-07-01,159.86868330937963,159.470008288658,428.31328601531885,429.38675289756276,167.91569002069173,310,MONTHLY_CLOSE_LT_M_EMA9,False,Monthly RSI,15
TATACHEM,Chemicals,2021-11-01,2022-07-01,849.9383247199537,847.818777775515,744.5456806657563,746.4117099406078,-12.400034330599603,166,MONTHLY_CLOSE_LT_M_EMA9,True,Monthly RSI,15
DHUNINV,Finance,2021-11-01,2022-07-01,595.8912210403817,594.4052080203309,564.6499031605782,566.065065825141,-5.242788746788117,166,MONTHLY_CLOSE_LT_M_EMA9,True,Monthly RSI,15
LPDC,Diversified / Other,2022-02-03,2022-07-01,10.0751251912117,10.050000190734863,6.3840000951290135,6.400000095367432,-36.63602214394686,101,MONTHLY_CLOSE_LT_M_EMA9,True,Monthly RSI,15
ACCURACY,Logistics,2022-02-03,2022-08-01,20.584073197348268,20.5327413439883,20.692471328879293,20.744332159277487,0.526611669574658,122,MONTHLY_CLOSE_LT_M_EMA9,False,Monthly RSI,15
SHARDACROP,Chemicals,2022-06-17,2022-08-01,612.0633557073127,610.5370131743767,495.42303158708836,496.6646933203893,-19.056903673874157,31,MONTHLY_CLOSE_LT_M_EMA9,True,Monthly RSI,15
GMDCLTD,Metals & Mining,2022-05-05,2022-10-03,171.5711176419185,171.14325949318555,124.48345114728194,124.79543974664855,-27.444984413350955,104,MONTHLY_CLOSE_LT_M_EMA9,True,Monthly RSI,15
DANGEE,FMCG,2022-06-02,2022-11-01,22.055,22.0,21.496124238967898,21.549999237060547,-2.5340093449653223,103,MONTHLY_CLOSE_LT_M_EMA9,True,Monthly RSI,15
AMDIND,Containers & Packaging,2022-09-26,2022-12-01,83.458125,83.25,46.03462652206421,46.150001525878906,-44.84104870309007,45,MONTHLY_CLOSE_LT_M_EMA9,True,Monthly RSI,15
ASAHIINDIA,Construction Materials,2022-08-12,2023-01-02,558.7289809257816,557.3356418212285,517.1895897287404,518.4858042393388,-7.434622619398187,96,MONTHLY_CLOSE_LT_M_EMA9,True,Monthly RSI,15
ABB,Capital Goods,2022-09-28,2023-01-02,2940.1937883962587,2932.8616343104827,2594.9944746038905,2601.498220154276,-11.740699376848172,65,MONTHLY_CLOSE_LT_M_EMA9,True,Monthly RSI,15
ARCHIDPLY,Construction Materials,2022-09-28,2023-02-01,84.41049694061279,84.19999694824219,66.33375000000001,66.5,-21.415283164759376,86,MONTHLY_CLOSE_LT_M_EMA9,True,Monthly RSI,15
INSECTICID,Chemicals,2023-01-09,2023-02-01,720.5472257613482,718.7503498866316,603.7374147408594,605.2505410935934,-16.211263723493566,16,MONTHLY_CLOSE_LT_M_EMA9,True,Monthly RSI,15
GSS,Software & IT Services,2022-08-01,2023-03-01,225.5625,225.0,223.3901219558716,223.9499969482422,-0.9630936188987123,145,MONTHLY_CLOSE_LT_M_EMA9,True,Monthly RSI,15
TNPL,Paper,2022-09-26,2023-03-01,231.00626114090656,230.43018567671479,198.54477537607696,199.04238132940046,-14.052210361964656,108,MONTHLY_CLOSE_LT_M_EMA9,True,Monthly RSI,15
DSSL,Software & IT Services,2021-02-01,2023-04-03,59.35683233585797,59.20881031008277,327.2315370941162,328.0516662597656,451.2954856528502,538,MONTHLY_CLOSE_LT_M_EMA9,False,Monthly RSI,15
GOKULAGRO,Agri,2022-06-16,2023-04-03,51.10867712020874,50.981224060058594,51.121875,51.25,0.025823168461633312,198,MONTHLY_CLOSE_LT_M_EMA9,False,Monthly RSI,15
AURIONPRO,Software & IT Services,2022-11-03,2023-04-03,195.87060556536548,195.38215018989075,154.25784650188902,154.644457646004,-21.245024971135624,103,MONTHLY_CLOSE_LT_M_EMA9,True,Monthly RSI,15
JKLAKSHMI,Construction Materials,2023-01-12,2023-06-01,748.6593256333832,746.7923447714546,644.797332531437,646.4133659463026,-13.873064763345678,93,MONTHLY_CLOSE_LT_M_EMA9,True,Monthly RSI,15
BSHSL,Agri,2022-06-10,2023-07-03,40.089976682662964,39.9900016784668,278.70149391174317,279.3999938964844,595.1899626129455,262,MONTHLY_CLOSE_LT_M_EMA9,False,Monthly RSI,15
AUTOAXLES,Automobile & Ancillaries,2023-03-02,2023-08-01,2135.1051959532965,2129.780744093064,2041.8420355665337,2046.9594341519135,-4.368082685739615,101,MONTHLY_CLOSE_LT_M_EMA9,True,Monthly RSI,15
KAMDHENU,Metals & Mining,2023-03-01,2023-10-03,32.70816192225225,32.626595433668086,28.764907652829432,28.83700015321246,-12.055872411283731,144,MONTHLY_CLOSE_LT_M_EMA9,True,Monthly RSI,15
HILTON,Automobile & Ancillaries,2023-04-03,2024-01-01,105.0620030593872,104.80000305175781,114.7125,115.0,9.18552536558606,183,MONTHLY_CLOSE_LT_M_EMA9,False,Monthly RSI,15
UNIVCABLES,Electricals,2023-06-01,2024-03-01,371.8984122760543,370.97098481401923,433.450232616626,434.5365740517554,16.5507080183184,186,MONTHLY_CLOSE_LT_M_EMA9,False,Monthly RSI,15
ARROWGREEN,Plastic Products,2023-07-05,2024-04-01,322.8880906128568,322.0828834043459,379.958182506919,380.91045865355284,17.674882893865952,181,MONTHLY_CLOSE_LT_M_EMA9,False,Monthly RSI,15
AXISCADES,Aviation,2023-10-03,2024-04-01,516.7887499999999,515.5,553.6125000000001,555.0,7.1254937341418785,120,MONTHLY_CLOSE_LT_M_EMA9,False,Monthly RSI,15
KTKBANK,Banks,2023-02-06,2024-06-03,143.38517930160216,143.0276102759124,211.27576726207272,211.8052804632308,47.348399807532935,322,MONTHLY_CLOSE_LT_M_EMA9,False,Monthly RSI,15
RKFORGE,Automobile & Ancillaries,2024-01-01,2024-06-03,717.5990044846303,715.8094807826736,695.2010819520684,696.943440553452,-3.1212309928785045,101,MONTHLY_CLOSE_LT_M_EMA9,True,Monthly RSI,15
UNIONBANK,Banks,2023-02-01,2024-09-02,70.30603852475667,70.1307117453932,114.79120501741329,115.07890227309602,63.27360697046268,387,MONTHLY_CLOSE_LT_M_EMA9,False,Monthly RSI,15
JBMA,Automobile & Ancillaries,2024-04-01,2024-10-01,912.3460262047093,910.0708490820044,899.2411062495794,901.4948433579743,-1.4363979870275136,124,MONTHLY_CLOSE_LT_M_EMA9,True,Monthly RSI,15
GESHIP,Logistics,2022-09-28,2024-12-02,457.00080987561023,455.8611569831524,1037.0062264512508,1039.605239550126,126.91562116345277,535,MONTHLY_CLOSE_LT_M_EMA9,False,Monthly RSI,15
TTKHLTCARE,Healthcare,2023-07-03,2024-12-02,1239.477372247262,1236.386406231683,1473.4517447222886,1477.1446062378832,18.876857110413724,348,MONTHLY_CLOSE_LT_M_EMA9,False,Monthly RSI,15
HAL,Aviation,2021-11-01,2025-01-01,608.6435540878268,607.1257397384807,4081.7814988109317,4092.0115276300066,570.6357886149458,782,MONTHLY_CLOSE_LT_M_EMA9,False,Monthly RSI,15
RECLTD,Finance,2024-03-01,2025-01-01,396.6447411862926,395.6556021808405,458.2321195172714,459.380570944633,15.527088080578636,204,MONTHLY_CLOSE_LT_M_EMA9,False,Monthly RSI,15
KEI,Electricals,2022-02-02,2025-02-01,1104.9306244884451,1102.17518652214,4045.060472039067,4055.198468209591,266.0918054390815,741,MONTHLY_CLOSE_LT_M_EMA9,False,Monthly RSI,15
ANANTRAJ,Real Estate,2022-12-01,2025-02-01,101.5114498692072,101.25830410893487,601.4747525429167,602.9822080630744,492.5191230328097,536,MONTHLY_CLOSE_LT_M_EMA9,False,Monthly RSI,15
SHILPAMED,Healthcare,2024-06-03,2025-02-01,249.32040236888795,248.69865572956405,353.53452502958453,354.42057647076143,41.799275819595415,168,MONTHLY_CLOSE_LT_M_EMA9,False,Monthly RSI,15
GPTINFRA,Infrastructure,2024-09-06,2025-02-01,158.76687896105543,158.3709515821002,106.57701353443186,106.84412384404196,-32.872010691490274,102,MONTHLY_CLOSE_LT_M_EMA9,True,Monthly RSI,15
ERIS,Healthcare,2024-10-01,2025-02-01,1321.3982625764925,1318.103005063833,1211.5629100279784,1214.5994085493517,-8.312055166044683,85,MONTHLY_CLOSE_LT_M_EMA9,True,Monthly RSI,15
BEL,Aviation,2022-10-03,2025-03-03,97.6272134315938,97.38375404647762,243.58408221692548,244.19456863852176,149.50428641251946,596,MONTHLY_CLOSE_LT_M_EMA9,False,Monthly RSI,15
VARDMNPOLY,Textiles,2023-08-03,2025-03-03,5.739312404394149,5.724999904632568,10.214399771690369,10.239999771118164,77.97253489581766,389,MONTHLY_CLOSE_LT_M_EMA9,False,Monthly RSI,15
NITCO,Construction Materials,2024-04-01,2025-03-03,58.846750764846796,58.70000076293945,96.08917682647706,96.33000183105469,63.287140883023426,229,MONTHLY_CLOSE_LT_M_EMA9,False,Monthly RSI,15
IPCALAB,Healthcare,2024-12-06,2025-03-03,1496.969542330751,1493.236451202744,1340.1062114994543,1343.4648736836634,-10.478725611682368,60,MONTHLY_CLOSE_LT_M_EMA9,True,Monthly RSI,15
KITEX,Textiles,2025-01-02,2025-03-03,234.95697539198358,234.3710477725522,156.1883531166635,156.57980262322155,-33.52470048778452,42,MONTHLY_CLOSE_LT_M_EMA9,True,Monthly RSI,15
EMKAY,Diversified / Other,2025-01-06,2025-03-03,306.43902229309083,305.6748352050781,187.65307411193848,188.12338256835938,-38.763323056011,40,MONTHLY_CLOSE_LT_M_EMA9,True,Monthly RSI,15
SIYSIL,Textiles,2025-02-03,2025-03-03,764.5613638544243,762.6547270368322,578.6338522770727,580.0840624331556,-24.31819345932224,19,MONTHLY_CLOSE_LT_M_EMA9,True,Monthly RSI,15
REPL,Infrastructure,2025-02-10,2025-03-03,285.7125,285.0,212.4475457382202,212.97999572753906,-25.64289425971204,14,MONTHLY_CLOSE_LT_M_EMA9,True,Monthly RSI,15
BLUESTARCO,Consumer Durables,2023-04-03,2025-05-02,674.8988521038522,673.2158125724211,1682.3706333338737,1686.58710108659,149.27744773745647,510,MONTHLY_CLOSE_LT_M_EMA9,False,Monthly RSI,15
PGIL,Textiles,2025-02-13,2025-05-02,1367.4266103412679,1364.0165689189705,948.2239561179085,950.6004572610611,-30.65631830279646,49,MONTHLY_CLOSE_LT_M_EMA9,True,Monthly RSI,15
ORIENTCEM,Construction Materials,2024-09-02,2025-07-01,304.29157977919823,303.5327479094247,240.04728447651254,240.64890674337096,-21.112741716120766,206,MONTHLY_CLOSE_LT_M_EMA9,True,Monthly RSI,15
GOLDIAM,Diamond  &  Jewellery,2025-02-13,2025-07-01,315.7346543835986,314.94728616817815,255.6576005077779,256.29834637371215,-19.02770349777022,91,MONTHLY_CLOSE_LT_M_EMA9,True,Monthly RSI,15
PANACEABIO,Healthcare,2025-06-06,2025-08-01,472.47823776245116,471.29998779296875,399.09975608825687,400.1000061035156,-15.530552692055826,40,MONTHLY_CLOSE_LT_M_EMA9,True,Monthly RSI,15
CHOLAFIN,Finance,2025-06-09,2025-08-01,1621.4694933547537,1617.4259285334201,1437.2539737855614,1440.8561140707382,-11.361022845274627,39,MONTHLY_CLOSE_LT_M_EMA9,True,Monthly RSI,15
AXISBANK,Banks,2025-07-07,2025-08-01,1179.6342628674286,1176.6925315385822,1061.5188225977377,1064.1792707746743,-10.01288653506711,19,MONTHLY_CLOSE_LT_M_EMA9,True,Monthly RSI,15
TCPLPACK,Containers & Packaging,2022-09-23,2025-09-01,1129.231815379933,1126.415775940083,3344.928560269042,3353.311839868714,196.21274522305518,724,MONTHLY_CLOSE_LT_M_EMA9,False,Monthly RSI,15
SRF,Diversified,2025-04-09,2025-09-01,2753.50591898726,2746.6393206855464,2831.2616911664536,2838.3575851292767,2.823882514397943,97,MONTHLY_CLOSE_LT_M_EMA9,False,Monthly RSI,15
CAMLINFINE,Chemicals,2025-08-01,2025-09-01,281.50198776245117,280.79998779296875,199.5,200.0,-29.130162957019518,19,MONTHLY_CLOSE_LT_M_EMA9,True,Monthly RSI,15
BANARISUG,Diversified / Other,2025-06-09,2025-10-01,3986.487964495085,3976.5465980000854,3659.9273474121096,3669.10009765625,-8.191687018534285,80,MONTHLY_CLOSE_LT_M_EMA9,True,Monthly RSI,15
BSE,Unclassified,2025-07-10,2025-10-01,2534.2600135868765,2527.940163178929,2037.5122190476616,2042.618765962568,-19.60129552121768,57,MONTHLY_CLOSE_LT_M_EMA9,True,Monthly RSI,15
RALLIS,Fertilisers & Pesticides,2025-09-01,2025-10-01,344.3575500885084,343.4988030808064,299.20681942254464,299.956711200546,-13.111584355957609,22,MONTHLY_CLOSE_LT_M_EMA9,True,Monthly RSI,15
RAMANEWS,Paper,2025-05-09,2025-11-03,31.077499999999997,31.0,29.127000761032107,29.200000762939453,-6.276242422871499,122,MONTHLY_CLOSE_LT_M_EMA9,True,Monthly RSI,15
GINNIFILA,Textiles,2025-09-08,2025-12-01,47.969623470306395,47.849998474121094,40.38877667427063,40.4900016784668,-15.80343193798128,57,MONTHLY_CLOSE_LT_M_EMA9,True,Monthly RSI,15
SARDAEN,Metals & Mining,2025-10-03,2025-12-01,552.1638572240188,550.7868899990212,491.77599522530903,493.0085165166005,-10.936583626155334,39,MONTHLY_CLOSE_LT_M_EMA9,True,Monthly RSI,15
ZOTA,Healthcare,2025-02-20,2026-02-02,860.5517078969294,858.4056936627726,1286.775,1290.0,49.529073987279865,232,MONTHLY_CLOSE_LT_M_EMA9,False,Monthly RSI,15
AXISCADES,Aviation,2025-04-15,2026-02-02,810.7217622375488,808.7000122070312,1142.1375,1145.0,40.87909726855753,200,MONTHLY_CLOSE_LT_M_EMA9,False,Monthly RSI,15
HCG,Healthcare,2025-05-29,2026-02-02,553.2797744750976,551.9000244140625,589.6222256469727,591.0999755859375,6.568548652687244,170,MONTHLY_CLOSE_LT_M_EMA9,False,Monthly RSI,15
JMFINANCIL,Finance,2025-08-05,2026-02-02,154.48053096535176,154.09529273351797,119.49066850593623,119.79014386560023,-22.650014368000434,122,MONTHLY_CLOSE_LT_M_EMA9,True,Monthly RSI,15
HDFCAMC,Finance,2025-10-03,2026-02-02,2739.0707974887796,2732.240196996289,2410.015481467556,2416.055620518853,-12.013392144624602,82,MONTHLY_CLOSE_LT_M_EMA9,True,Monthly RSI,15
ADANIPORTS,Infrastructure,2025-06-23,2026-04-01,1338.7105549964222,1335.3721246847103,1342.1654489405073,1345.5292721208093,0.2580762459211638,192,MONTHLY_CLOSE_LT_M_EMA9,False,Monthly RSI,15
ABCAPITAL,Finance,2025-08-01,2026-04-01,257.14125,256.5,302.2425,303.0,17.539484621778882,163,MONTHLY_CLOSE_LT_M_EMA9,False,Monthly RSI,15
NAM-INDIA,Finance,2025-12-05,2026-04-01,827.0056490719096,824.9432908447976,818.9833442548505,821.0359340900757,-0.9700423239021341,78,MONTHLY_CLOSE_LT_M_EMA9,True,Monthly RSI,15
BANKBARODA,Banks,2026-02-04,2026-04-01,277.7320340980547,277.03943550928153,244.46067038518046,245.07335376960447,-11.979663714675288,37,MONTHLY_CLOSE_LT_M_EMA9,True,Monthly RSI,15
MUTHOOTFIN,Finance,2026-02-05,2026-04-01,3609.059829432851,3600.0596802322707,3243.378093828956,3251.5068609814093,-10.132326780001328,36,MONTHLY_CLOSE_LT_M_EMA9,True,Monthly RSI,15
NORBTEAEXP,Agri,2025-05-02,2026-05-04,40.0498757648468,39.95000076293945,63.54075076103211,63.70000076293945,58.65405209771981,247,MONTHLY_CLOSE_LT_M_EMA9,False,Monthly RSI,15
EASTSILK,Diversified / Other,2026-02-11,2026-06-01,69.9745030593872,69.80000305175781,56.03955030441284,56.18000030517578,-19.91432899944684,73,MONTHLY_CLOSE_LT_M_EMA9,True,Monthly RSI,15
FORCEMOT,Automobile & Ancillaries,2025-09-10,2026-07-01,18335.725,18290.0,18643.275,18690.0,1.6773266396611148,200,MONTHLY_CLOSE_LT_M_EMA9,False,Monthly RSI,15
OIL,Oil & Gas,2026-05-11,2026-07-01,458.1425,457.0,418.00236282348635,419.04998779296875,-8.76149607960703,37,MONTHLY_CLOSE_LT_M_EMA9,True,Monthly RSI,15
POWERGRID,Power,2026-05-18,2026-07-01,297.04073776245116,296.29998779296875,287.08048782348635,287.79998779296875,-3.353159574674299,32,MONTHLY_CLOSE_LT_M_EMA9,True,Monthly RSI,15
AVANTIFEED,Consumer Goods,2026-05-20,2026-07-01,1244.1303922984555,1241.0278227416015,919.5917514649367,921.8964926966784,-26.085580968241867,30,MONTHLY_CLOSE_LT_M_EMA9,True,Monthly RSI,15
MAHASTEEL,Metals & Mining,2024-12-09,2026-08-24,211.52749999999997,211.0,1172.7607012939454,1175.699951171875,454.4246971641728,424,END_OF_BACKTEST,False,Monthly RSI,15
CUPID,Miscellaneous,2025-06-23,2026-08-24,18.2455007648468,18.200000762939453,285.6939786529541,286.4100036621094,1465.8324884313088,293,END_OF_BACKTEST,False,Monthly RSI,15
CCL,Agri,2025-10-03,2026-08-24,861.8272251361685,859.678030061016,1079.0955487060548,1081.800048828125,25.21019494778179,222,END_OF_BACKTEST,False,Monthly RSI,15
TFCILTD,Finance,2025-11-04,2026-08-24,69.7599861769354,69.5860211241251,129.23609756469727,129.55999755859375,85.2582040898201,201,END_OF_BACKTEST,False,Monthly RSI,15
SALSTEEL,Metals & Mining,2025-12-08,2026-08-24,35.87947591781616,35.790000915527344,76.86734756469727,77.05999755859375,114.23765425327284,176,END_OF_BACKTEST,False,Monthly RSI,15
TITAN,Diamond  &  Jewellery,2026-02-02,2026-08-24,3996.885032503398,3986.9177381580034,5066.302500000001,5079.0,26.756272917532144,140,END_OF_BACKTEST,False,Monthly RSI,15
THANGAMAYL,Diamond  &  Jewellery,2026-02-05,2026-08-24,3281.9270141764687,3273.742657532637,5479.766250000001,5493.5,66.9679498151495,137,END_OF_BACKTEST,False,Monthly RSI,15
LUPIN,Healthcare,2026-05-15,2026-08-24,2257.3027141097346,2251.6735302840248,2182.53,2188.0,-3.312480583235564,71,END_OF_BACKTEST,True,Monthly RSI,15
UNIVPHOTO,FMCG,2026-05-25,2026-08-24,432.5286372375488,431.45001220703125,447.97725608825687,449.1000061035156,3.571698500560442,65,END_OF_BACKTEST,False,Monthly RSI,15
MCX,Finance,2026-06-05,2026-08-24,2917.2749999999996,2910.0,3259.8300000000004,3268.0,11.742293750160709,56,END_OF_BACKTEST,False,Monthly RSI,15
ARIHANT,Real Estate,2026-07-03,2026-08-24,795.985,794.0,1004.6820121765137,1007.2000122070312,26.21871168131481,35,END_OF_BACKTEST,False,Monthly RSI,15
BHEL,Capital Goods,2026-07-09,2026-08-24,379.72506980615975,378.77812449492245,410.3714939117432,411.3999938964844,8.070687595429945,32,END_OF_BACKTEST,False,Monthly RSI,15
PRECWIRE,Electricals,2026-07-10,2026-08-24,395.62301359318667,394.6364225368446,427.9773628234864,429.04998779296875,8.178075622155086,31,END_OF_BACKTEST,False,Monthly RSI,15
ASIANPAINT,Chemicals,2019-04-12,2019-07-01,1344.512536347503,1341.1596372543672,1284.2397691317053,1287.4584151696292,-4.482871344549491,51,MONTHLY_CLOSE_LT_M_EMA9,True,Weekly RSI,2
CANTABIL,Retailing,2019-05-03,2019-11-01,51.560024114415064,51.43144550066341,40.56641687381459,40.66808709154345,-21.321959074737713,122,MONTHLY_CLOSE_LT_M_EMA9,True,Weekly RSI,2
BAJFINANCE,Finance,2019-07-10,2020-04-01,349.94047214801776,349.06780264141423,211.70952223423575,212.2401225405872,-39.50127547845141,179,MONTHLY_CLOSE_LT_M_EMA9,True,Weekly RSI,2
EQ30,Unclassified,2019-11-14,2020-04-01,348.4690061187744,347.6000061035156,254.3625,255.0,-27.00570336711625,96,MONTHLY_CLOSE_LT_M_EMA9,True,Weekly RSI,2
GMMPFAUDLR,Capital Goods,2020-07-21,2020-11-02,1358.0362759682669,1354.6496518386703,1166.0602806550348,1168.9827374987817,-14.13629361088716,73,MONTHLY_CLOSE_LT_M_EMA9,True,Weekly RSI,2
DRREDDY,Healthcare,2020-07-09,2021-03-01,749.1182193937851,747.2500941583892,853.9227571406125,856.0629144266791,13.99038696878033,163,MONTHLY_CLOSE_LT_M_EMA9,False,Weekly RSI,2
WIPRO,Software & IT Services,2021-03-02,2022-02-01,192.17020747638205,191.69098002631625,264.6276805587888,265.2909078283597,37.704841990823105,227,MONTHLY_CLOSE_LT_M_EMA9,False,Weekly RSI,2
BSOFT,Software & IT Services,2020-11-02,2022-03-02,166.4853514016772,166.07017596177278,375.3917430682312,376.3325745044924,125.48034401088421,330,MONTHLY_CLOSE_LT_M_EMA9,False,Weekly RSI,2
TVTODAY,Media & Entertainment,2022-02-01,2022-06-01,286.2749893158596,285.5610865993612,196.1444575688313,196.63604768805143,-31.483900134769847,81,MONTHLY_CLOSE_LT_M_EMA9,True,Weekly RSI,2
GREENPANEL,Construction Materials,2022-03-10,2022-07-01,479.94410528485815,478.74723719187847,428.31328601531885,429.38675289756276,-10.757673383423512,77,MONTHLY_CLOSE_LT_M_EMA9,True,Weekly RSI,2
DANGEE,FMCG,2022-06-02,2022-11-01,22.055,22.0,21.496124238967898,21.549999237060547,-2.5340093449653223,103,MONTHLY_CLOSE_LT_M_EMA9,True,Weekly RSI,2
GSS,Software & IT Services,2022-08-01,2023-03-01,225.5625,225.0,223.3901219558716,223.9499969482422,-0.9630936188987123,145,MONTHLY_CLOSE_LT_M_EMA9,True,Weekly RSI,2
AURIONPRO,Software & IT Services,2022-11-03,2023-04-03,195.87060556536548,195.38215018989075,154.25784650188902,154.644457646004,-21.245024971135624,103,MONTHLY_CLOSE_LT_M_EMA9,True,Weekly RSI,2
KAMDHENU,Metals & Mining,2023-03-01,2023-10-03,32.70816192225225,32.626595433668086,28.764907652829432,28.83700015321246,-12.055872411283731,144,MONTHLY_CLOSE_LT_M_EMA9,True,Weekly RSI,2
HILTON,Automobile & Ancillaries,2023-04-03,2024-01-01,105.0620030593872,104.80000305175781,114.7125,115.0,9.18552536558606,183,MONTHLY_CLOSE_LT_M_EMA9,False,Weekly RSI,2
BAJAJCON,FMCG,2023-10-03,2024-04-01,222.33515749999293,221.7807057356538,215.4101219558716,215.9499969482422,-3.1146830856570893,120,MONTHLY_CLOSE_LT_M_EMA9,True,Weekly RSI,2
KHADIM,Footwear,2024-01-01,2024-04-01,360.8498872375488,359.95001220703125,306.78111282348635,307.54998779296875,-14.983730444806476,60,MONTHLY_CLOSE_LT_M_EMA9,True,Weekly RSI,2
ADANIPOWER,Power,2024-04-01,2024-11-01,109.81385091781615,109.54000091552734,118.84214939117432,119.13999938964844,8.22145694545843,146,MONTHLY_CLOSE_LT_M_EMA9,False,Weekly RSI,2
NITCO,Construction Materials,2024-04-01,2025-03-03,58.846750764846796,58.70000076293945,96.08917682647706,96.33000183105469,63.287140883023426,229,MONTHLY_CLOSE_LT_M_EMA9,False,Weekly RSI,2
MAHSCOOTER,Automobile & Ancillaries,2024-11-01,2025-03-03,10533.011695867026,10506.74483378257,9012.143347175248,9034.730172606764,-14.4390644632868,83,MONTHLY_CLOSE_LT_M_EMA9,True,Weekly RSI,2
SRF,Diversified,2025-04-09,2025-09-01,2753.50591898726,2746.6393206855464,2831.2616911664536,2838.3575851292767,2.823882514397943,97,MONTHLY_CLOSE_LT_M_EMA9,False,Weekly RSI,2
RALLIS,Fertilisers & Pesticides,2025-09-01,2025-10-01,344.3575500885084,343.4988030808064,299.20681942254464,299.956711200546,-13.111584355957609,22,MONTHLY_CLOSE_LT_M_EMA9,True,Weekly RSI,2
AXISCADES,Aviation,2025-04-15,2026-02-02,810.7217622375488,808.7000122070312,1142.1375,1145.0,40.87909726855753,200,MONTHLY_CLOSE_LT_M_EMA9,False,Weekly RSI,2
HCG,Healthcare,2025-10-01,2026-02-02,641.9508505249023,640.3499755859375,589.6222256469727,591.0999755859375,-8.151500202101492,83,MONTHLY_CLOSE_LT_M_EMA9,True,Weekly RSI,2
BANKBARODA,Banks,2026-02-04,2026-04-01,277.7320340980547,277.03943550928153,244.46067038518046,245.07335376960447,-11.979663714675288,37,MONTHLY_CLOSE_LT_M_EMA9,True,Weekly RSI,2
OIL,Oil & Gas,2026-05-11,2026-07-01,458.1425,457.0,418.00236282348635,419.04998779296875,-8.76149607960703,37,MONTHLY_CLOSE_LT_M_EMA9,True,Weekly RSI,2
TITAN,Diamond  &  Jewellery,2026-02-02,2026-08-24,3996.885032503398,3986.9177381580034,5066.302500000001,5079.0,26.756272917532144,140,END_OF_BACKTEST,False,Weekly RSI,2
ARIHANT,Real Estate,2026-07-03,2026-08-24,795.985,794.0,1004.6820121765137,1007.2000122070312,26.21871168131481,35,END_OF_BACKTEST,False,Weekly RSI,2
ASIANPAINT,Chemicals,2019-04-12,2019-07-01,1344.512536347503,1341.1596372543672,1284.2397691317053,1287.4584151696292,-4.482871344549491,51,MONTHLY_CLOSE_LT_M_EMA9,True,Weekly RSI,3
CANTABIL,Retailing,2019-05-03,2019-11-01,51.560024114415064,51.43144550066341,40.56641687381459,40.66808709154345,-21.321959074737713,122,MONTHLY_CLOSE_LT_M_EMA9,True,Weekly RSI,3
BATAINDIA,Footwear,2019-05-10,2020-04-01,1216.081754671056,1213.0491318414524,1106.6706788283082,1109.4442895521886,-8.997016477098855,221,MONTHLY_CLOSE_LT_M_EMA9,True,Weekly RSI,3
BAJFINANCE,Finance,2019-07-10,2020-04-01,349.94047214801776,349.06780264141423,211.70952223423575,212.2401225405872,-39.50127547845141,179,MONTHLY_CLOSE_LT_M_EMA9,True,Weekly RSI,3
EQ30,Unclassified,2019-11-14,2020-04-01,348.4690061187744,347.6000061035156,254.3625,255.0,-27.00570336711625,96,MONTHLY_CLOSE_LT_M_EMA9,True,Weekly RSI,3
GMMPFAUDLR,Capital Goods,2020-07-21,2020-11-02,1358.0362759682669,1354.6496518386703,1166.0602806550348,1168.9827374987817,-14.13629361088716,73,MONTHLY_CLOSE_LT_M_EMA9,True,Weekly RSI,3
DRREDDY,Healthcare,2020-07-09,2021-03-01,749.1182193937851,747.2500941583892,853.9227571406125,856.0629144266791,13.99038696878033,163,MONTHLY_CLOSE_LT_M_EMA9,False,Weekly RSI,3
ADANIGREEN,Miscellaneous,2020-07-27,2021-08-02,346.8148872375488,345.95001220703125,880.1940243530274,882.4000244140625,153.79361058112357,254,MONTHLY_CLOSE_LT_M_EMA9,False,Weekly RSI,3
LAURUSLABS,Healthcare,2021-08-02,2021-11-01,640.828937757476,639.2308606059611,510.89221128762017,512.1726428948573,-20.27635127161358,62,MONTHLY_CLOSE_LT_M_EMA9,True,Weekly RSI,3
WIPRO,Software & IT Services,2021-03-02,2022-02-01,192.17020747638205,191.69098002631625,264.6276805587888,265.2909078283597,37.704841990823105,227,MONTHLY_CLOSE_LT_M_EMA9,False,Weekly RSI,3
SAGCEM,Construction Materials,2021-11-01,2022-02-01,278.9257737573324,278.23019826167825,240.94151441776503,241.54537786242108,-13.618052870443584,63,MONTHLY_CLOSE_LT_M_EMA9,True,Weekly RSI,3
BSOFT,Software & IT Services,2020-11-02,2022-03-02,166.4853514016772,166.07017596177278,375.3917430682312,376.3325745044924,125.48034401088421,330,MONTHLY_CLOSE_LT_M_EMA9,False,Weekly RSI,3
TVTODAY,Media & Entertainment,2022-02-01,2022-06-01,286.2749893158596,285.5610865993612,196.1444575688313,196.63604768805143,-31.483900134769847,81,MONTHLY_CLOSE_LT_M_EMA9,True,Weekly RSI,3
GREENPANEL,Construction Materials,2022-03-10,2022-07-01,479.94410528485815,478.74723719187847,428.31328601531885,429.38675289756276,-10.757673383423512,77,MONTHLY_CLOSE_LT_M_EMA9,True,Weekly RSI,3
DANGEE,FMCG,2022-06-02,2022-11-01,22.055,22.0,21.496124238967898,21.549999237060547,-2.5340093449653223,103,MONTHLY_CLOSE_LT_M_EMA9,True,Weekly RSI,3
GSS,Software & IT Services,2022-08-01,2023-03-01,225.5625,225.0,223.3901219558716,223.9499969482422,-0.9630936188987123,145,MONTHLY_CLOSE_LT_M_EMA9,True,Weekly RSI,3
AURIONPRO,Software & IT Services,2022-11-03,2023-04-03,195.87060556536548,195.38215018989075,154.25784650188902,154.644457646004,-21.245024971135624,103,MONTHLY_CLOSE_LT_M_EMA9,True,Weekly RSI,3
KAMDHENU,Metals & Mining,2023-03-01,2023-10-03,32.70816192225225,32.626595433668086,28.764907652829432,28.83700015321246,-12.055872411283731,144,MONTHLY_CLOSE_LT_M_EMA9,True,Weekly RSI,3
HILTON,Automobile & Ancillaries,2023-04-03,2024-01-01,105.0620030593872,104.80000305175781,114.7125,115.0,9.18552536558606,183,MONTHLY_CLOSE_LT_M_EMA9,False,Weekly RSI,3
BAJAJCON,FMCG,2023-10-03,2024-04-01,222.33515749999293,221.7807057356538,215.4101219558716,215.9499969482422,-3.1146830856570893,120,MONTHLY_CLOSE_LT_M_EMA9,True,Weekly RSI,3
KHADIM,Footwear,2024-01-01,2024-04-01,360.8498872375488,359.95001220703125,306.78111282348635,307.54998779296875,-14.983730444806476,60,MONTHLY_CLOSE_LT_M_EMA9,True,Weekly RSI,3
ADANIPOWER,Power,2024-04-01,2024-11-01,109.81385091781615,109.54000091552734,118.84214939117432,119.13999938964844,8.22145694545843,146,MONTHLY_CLOSE_LT_M_EMA9,False,Weekly RSI,3
KEI,Electricals,2022-02-02,2025-02-01,1104.9306244884451,1102.17518652214,4045.060472039067,4055.198468209591,266.0918054390815,741,MONTHLY_CLOSE_LT_M_EMA9,False,Weekly RSI,3
NITCO,Construction Materials,2024-04-01,2025-03-03,58.846750764846796,58.70000076293945,96.08917682647706,96.33000183105469,63.287140883023426,229,MONTHLY_CLOSE_LT_M_EMA9,False,Weekly RSI,3
MAHSCOOTER,Automobile & Ancillaries,2024-11-01,2025-03-03,10533.011695867026,10506.74483378257,9012.143347175248,9034.730172606764,-14.4390644632868,83,MONTHLY_CLOSE_LT_M_EMA9,True,Weekly RSI,3
SIYSIL,Textiles,2025-02-03,2025-03-03,764.5613638544243,762.6547270368322,578.6338522770727,580.0840624331556,-24.31819345932224,19,MONTHLY_CLOSE_LT_M_EMA9,True,Weekly RSI,3
SRF,Diversified,2025-04-09,2025-09-01,2753.50591898726,2746.6393206855464,2831.2616911664536,2838.3575851292767,2.823882514397943,97,MONTHLY_CLOSE_LT_M_EMA9,False,Weekly RSI,3
RALLIS,Fertilisers & Pesticides,2025-09-01,2025-10-01,344.3575500885084,343.4988030808064,299.20681942254464,299.956711200546,-13.111584355957609,22,MONTHLY_CLOSE_LT_M_EMA9,True,Weekly RSI,3
AXISCADES,Aviation,2025-04-15,2026-02-02,810.7217622375488,808.7000122070312,1142.1375,1145.0,40.87909726855753,200,MONTHLY_CLOSE_LT_M_EMA9,False,Weekly RSI,3
HCG,Healthcare,2025-10-01,2026-02-02,641.9508505249023,640.3499755859375,589.6222256469727,591.0999755859375,-8.151500202101492,83,MONTHLY_CLOSE_LT_M_EMA9,True,Weekly RSI,3
BANKBARODA,Banks,2026-02-04,2026-04-01,277.7320340980547,277.03943550928153,244.46067038518046,245.07335376960447,-11.979663714675288,37,MONTHLY_CLOSE_LT_M_EMA9,True,Weekly RSI,3
NORBTEAEXP,Agri,2025-05-02,2026-05-04,40.0498757648468,39.95000076293945,63.54075076103211,63.70000076293945,58.65405209771981,247,MONTHLY_CLOSE_LT_M_EMA9,False,Weekly RSI,3
OIL,Oil & Gas,2026-05-11,2026-07-01,458.1425,457.0,418.00236282348635,419.04998779296875,-8.76149607960703,37,MONTHLY_CLOSE_LT_M_EMA9,True,Weekly RSI,3
TITAN,Diamond  &  Jewellery,2026-02-02,2026-08-24,3996.885032503398,3986.9177381580034,5066.302500000001,5079.0,26.756272917532144,140,END_OF_BACKTEST,False,Weekly RSI,3
LUPIN,Healthcare,2026-05-15,2026-08-24,2257.3027141097346,2251.6735302840248,2182.53,2188.0,-3.312480583235564,71,END_OF_BACKTEST,True,Weekly RSI,3
ARIHANT,Real Estate,2026-07-03,2026-08-24,795.985,794.0,1004.6820121765137,1007.2000122070312,26.21871168131481,35,END_OF_BACKTEST,False,Weekly RSI,3
ASIANPAINT,Chemicals,2019-04-12,2019-07-01,1344.512536347503,1341.1596372543672,1284.2397691317053,1287.4584151696292,-4.482871344549491,51,MONTHLY_CLOSE_LT_M_EMA9,True,Weekly RSI,5
HAVELLS,Capital Goods,2019-05-10,2019-08-01,699.9479012919053,698.2023953036462,610.7729224614168,612.3036816655807,-12.74023090374252,58,MONTHLY_CLOSE_LT_M_EMA9,True,Weekly RSI,5
SEAMECLTD,Logistics,2019-05-13,2019-09-03,422.88563520968705,421.83105756577265,322.6497405532054,323.45838651950413,-23.702837436599115,77,MONTHLY_CLOSE_LT_M_EMA9,True,Weekly RSI,5
CANTABIL,Retailing,2019-05-03,2019-11-01,51.560024114415064,51.43144550066341,40.56641687381459,40.66808709154345,-21.321959074737713,122,MONTHLY_CLOSE_LT_M_EMA9,True,Weekly RSI,5
BATAINDIA,Footwear,2019-05-10,2020-04-01,1216.081754671056,1213.0491318414524,1106.6706788283082,1109.4442895521886,-8.997016477098855,221,MONTHLY_CLOSE_LT_M_EMA9,True,Weekly RSI,5
BAJFINANCE,Finance,2019-07-10,2020-04-01,349.94047214801776,349.06780264141423,211.70952223423575,212.2401225405872,-39.50127547845141,179,MONTHLY_CLOSE_LT_M_EMA9,True,Weekly RSI,5
PIDILITIND,Chemicals,2019-09-23,2020-04-01,694.1067127919158,692.3757733585195,655.0218420659287,656.6635008179736,-5.630959909431715,130,MONTHLY_CLOSE_LT_M_EMA9,True,Weekly RSI,5
EQ30,Unclassified,2019-11-14,2020-04-01,348.4690061187744,347.6000061035156,254.3625,255.0,-27.00570336711625,96,MONTHLY_CLOSE_LT_M_EMA9,True,Weekly RSI,5
GMMPFAUDLR,Capital Goods,2020-07-21,2020-11-02,1358.0362759682669,1354.6496518386703,1166.0602806550348,1168.9827374987817,-14.13629361088716,73,MONTHLY_CLOSE_LT_M_EMA9,True,Weekly RSI,5
ABBOTINDIA,Healthcare,2019-08-02,2021-02-01,7571.327752531716,7552.446635941862,13031.927420621041,13064.588892853173,72.12208804807582,370,MONTHLY_CLOSE_LT_M_EMA9,False,Weekly RSI,5
DRREDDY,Healthcare,2020-07-09,2021-03-01,749.1182193937851,747.2500941583892,853.9227571406125,856.0629144266791,13.99038696878033,163,MONTHLY_CLOSE_LT_M_EMA9,False,Weekly RSI,5
COROMANDEL,Chemicals,2020-08-20,2021-05-03,729.2014541066272,727.3829966150896,698.9724864663181,700.7242972093413,-4.145489215643961,173,MONTHLY_CLOSE_LT_M_EMA9,True,Weekly RSI,5
ADANIGREEN,Miscellaneous,2020-07-27,2021-08-02,346.8148872375488,345.95001220703125,880.1940243530274,882.4000244140625,153.79361058112357,254,MONTHLY_CLOSE_LT_M_EMA9,False,Weekly RSI,5
LAURUSLABS,Healthcare,2021-08-02,2021-11-01,640.828937757476,639.2308606059611,510.89221128762017,512.1726428948573,-20.27635127161358,62,MONTHLY_CLOSE_LT_M_EMA9,True,Weekly RSI,5
GPIL,Metals & Mining,2021-02-01,2021-12-01,23.965730727023356,23.905965812492127,51.477972090939744,51.60698956485187,114.79825788451362,205,MONTHLY_CLOSE_LT_M_EMA9,False,Weekly RSI,5
WIPRO,Software & IT Services,2021-03-02,2022-02-01,192.17020747638205,191.69098002631625,264.6276805587888,265.2909078283597,37.704841990823105,227,MONTHLY_CLOSE_LT_M_EMA9,False,Weekly RSI,5
MAHLOG,Logistics,2021-05-06,2022-02-01,513.4075432329968,512.1272251700716,573.0312157494143,574.4673842099392,11.613322262653014,185,MONTHLY_CLOSE_LT_M_EMA9,False,Weekly RSI,5
SAGCEM,Construction Materials,2021-11-01,2022-02-01,278.9257737573324,278.23019826167825,240.94151441776503,241.54537786242108,-13.618052870443584,63,MONTHLY_CLOSE_LT_M_EMA9,True,Weekly RSI,5
BSOFT,Software & IT Services,2020-11-02,2022-03-02,166.4853514016772,166.07017596177278,375.3917430682312,376.3325745044924,125.48034401088421,330,MONTHLY_CLOSE_LT_M_EMA9,False,Weekly RSI,5
RGL,Diamond  &  Jewellery,2021-12-01,2022-05-02,162.18834953170065,161.7838898071827,144.09848553184736,144.45963461839332,-11.153614949585219,103,MONTHLY_CLOSE_LT_M_EMA9,True,Weekly RSI,5
TVTODAY,Media & Entertainment,2022-02-01,2022-06-01,286.2749893158596,285.5610865993612,196.1444575688313,196.63604768805143,-31.483900134769847,81,MONTHLY_CLOSE_LT_M_EMA9,True,Weekly RSI,5
GREENPANEL,Construction Materials,2022-03-10,2022-07-01,479.94410528485815,478.74723719187847,428.31328601531885,429.38675289756276,-10.757673383423512,77,MONTHLY_CLOSE_LT_M_EMA9,True,Weekly RSI,5
ACCURACY,Logistics,2022-02-03,2022-08-01,20.584073197348268,20.5327413439883,20.692471328879293,20.744332159277487,0.526611669574658,122,MONTHLY_CLOSE_LT_M_EMA9,False,Weekly RSI,5
GMDCLTD,Metals & Mining,2022-05-05,2022-10-03,171.5711176419185,171.14325949318555,124.48345114728194,124.79543974664855,-27.444984413350955,104,MONTHLY_CLOSE_LT_M_EMA9,True,Weekly RSI,5
DANGEE,FMCG,2022-06-02,2022-11-01,22.055,22.0,21.496124238967898,21.549999237060547,-2.5340093449653223,103,MONTHLY_CLOSE_LT_M_EMA9,True,Weekly RSI,5
ASAHIINDIA,Construction Materials,2022-08-12,2023-01-02,558.7289809257816,557.3356418212285,517.1895897287404,518.4858042393388,-7.434622619398187,96,MONTHLY_CLOSE_LT_M_EMA9,True,Weekly RSI,5
INSECTICID,Chemicals,2023-01-09,2023-02-01,720.5472257613482,718.7503498866316,603.7374147408594,605.2505410935934,-16.211263723493566,16,MONTHLY_CLOSE_LT_M_EMA9,True,Weekly RSI,5
GSS,Software & IT Services,2022-08-01,2023-03-01,225.5625,225.0,223.3901219558716,223.9499969482422,-0.9630936188987123,145,MONTHLY_CLOSE_LT_M_EMA9,True,Weekly RSI,5
AURIONPRO,Software & IT Services,2022-11-03,2023-04-03,195.87060556536548,195.38215018989075,154.25784650188902,154.644457646004,-21.245024971135624,103,MONTHLY_CLOSE_LT_M_EMA9,True,Weekly RSI,5
KAMDHENU,Metals & Mining,2023-03-01,2023-10-03,32.70816192225225,32.626595433668086,28.764907652829432,28.83700015321246,-12.055872411283731,144,MONTHLY_CLOSE_LT_M_EMA9,True,Weekly RSI,5
HILTON,Automobile & Ancillaries,2023-04-03,2024-01-01,105.0620030593872,104.80000305175781,114.7125,115.0,9.18552536558606,183,MONTHLY_CLOSE_LT_M_EMA9,False,Weekly RSI,5
BAJAJCON,FMCG,2023-10-03,2024-04-01,222.33515749999293,221.7807057356538,215.4101219558716,215.9499969482422,-3.1146830856570893,120,MONTHLY_CLOSE_LT_M_EMA9,True,Weekly RSI,5
KHADIM,Footwear,2024-01-01,2024-04-01,360.8498872375488,359.95001220703125,306.78111282348635,307.54998779296875,-14.983730444806476,60,MONTHLY_CLOSE_LT_M_EMA9,True,Weekly RSI,5
UNIONBANK,Banks,2023-02-01,2024-09-02,70.30603852475667,70.1307117453932,114.79120501741329,115.07890227309602,63.27360697046268,387,MONTHLY_CLOSE_LT_M_EMA9,False,Weekly RSI,5
KEI,Electricals,2022-02-02,2025-02-01,1104.9306244884451,1102.17518652214,4045.060472039067,4055.198468209591,266.0918054390815,741,MONTHLY_CLOSE_LT_M_EMA9,False,Weekly RSI,5
BEL,Aviation,2022-10-03,2025-03-03,97.6272134315938,97.38375404647762,243.58408221692548,244.19456863852176,149.50428641251946,596,MONTHLY_CLOSE_LT_M_EMA9,False,Weekly RSI,5
NITCO,Construction Materials,2024-04-01,2025-03-03,58.846750764846796,58.70000076293945,96.08917682647706,96.33000183105469,63.287140883023426,229,MONTHLY_CLOSE_LT_M_EMA9,False,Weekly RSI,5
SIYSIL,Textiles,2025-02-03,2025-03-03,764.5613638544243,762.6547270368322,578.6338522770727,580.0840624331556,-24.31819345932224,19,MONTHLY_CLOSE_LT_M_EMA9,True,Weekly RSI,5
REPL,Infrastructure,2025-02-10,2025-03-03,285.7125,285.0,212.4475457382202,212.97999572753906,-25.64289425971204,14,MONTHLY_CLOSE_LT_M_EMA9,True,Weekly RSI,5
ORIENTCEM,Construction Materials,2024-09-02,2025-07-01,304.29157977919823,303.5327479094247,240.04728447651254,240.64890674337096,-21.112741716120766,206,MONTHLY_CLOSE_LT_M_EMA9,True,Weekly RSI,5
AXISBANK,Banks,2025-07-07,2025-08-01,1179.6342628674286,1176.6925315385822,1061.5188225977377,1064.1792707746743,-10.01288653506711,19,MONTHLY_CLOSE_LT_M_EMA9,True,Weekly RSI,5
SRF,Diversified,2025-04-09,2025-09-01,2753.50591898726,2746.6393206855464,2831.2616911664536,2838.3575851292767,2.823882514397943,97,MONTHLY_CLOSE_LT_M_EMA9,False,Weekly RSI,5
RALLIS,Fertilisers & Pesticides,2025-09-01,2025-10-01,344.3575500885084,343.4988030808064,299.20681942254464,299.956711200546,-13.111584355957609,22,MONTHLY_CLOSE_LT_M_EMA9,True,Weekly RSI,5
RAMANEWS,Paper,2025-05-09,2025-11-03,31.077499999999997,31.0,29.127000761032107,29.200000762939453,-6.276242422871499,122,MONTHLY_CLOSE_LT_M_EMA9,True,Weekly RSI,5
AXISCADES,Aviation,2025-04-15,2026-02-02,810.7217622375488,808.7000122070312,1142.1375,1145.0,40.87909726855753,200,MONTHLY_CLOSE_LT_M_EMA9,False,Weekly RSI,5
HCG,Healthcare,2025-10-01,2026-02-02,641.9508505249023,640.3499755859375,589.6222256469727,591.0999755859375,-8.151500202101492,83,MONTHLY_CLOSE_LT_M_EMA9,True,Weekly RSI,5
ABCAPITAL,Finance,2025-08-01,2026-04-01,257.14125,256.5,302.2425,303.0,17.539484621778882,163,MONTHLY_CLOSE_LT_M_EMA9,False,Weekly RSI,5
BANKBARODA,Banks,2026-02-04,2026-04-01,277.7320340980547,277.03943550928153,244.46067038518046,245.07335376960447,-11.979663714675288,37,MONTHLY_CLOSE_LT_M_EMA9,True,Weekly RSI,5
NORBTEAEXP,Agri,2025-05-02,2026-05-04,40.0498757648468,39.95000076293945,63.54075076103211,63.70000076293945,58.65405209771981,247,MONTHLY_CLOSE_LT_M_EMA9,False,Weekly RSI,5
OIL,Oil & Gas,2026-05-11,2026-07-01,458.1425,457.0,418.00236282348635,419.04998779296875,-8.76149607960703,37,MONTHLY_CLOSE_LT_M_EMA9,True,Weekly RSI,5
POWERGRID,Power,2026-05-18,2026-07-01,297.04073776245116,296.29998779296875,287.08048782348635,287.79998779296875,-3.353159574674299,32,MONTHLY_CLOSE_LT_M_EMA9,True,Weekly RSI,5
TFCILTD,Finance,2025-11-04,2026-08-24,69.7599861769354,69.5860211241251,129.23609756469727,129.55999755859375,85.2582040898201,201,END_OF_BACKTEST,False,Weekly RSI,5
TITAN,Diamond  &  Jewellery,2026-02-02,2026-08-24,3996.885032503398,3986.9177381580034,5066.302500000001,5079.0,26.756272917532144,140,END_OF_BACKTEST,False,Weekly RSI,5
LUPIN,Healthcare,2026-05-15,2026-08-24,2257.3027141097346,2251.6735302840248,2182.53,2188.0,-3.312480583235564,71,END_OF_BACKTEST,True,Weekly RSI,5
ARIHANT,Real Estate,2026-07-03,2026-08-24,795.985,794.0,1004.6820121765137,1007.2000122070312,26.21871168131481,35,END_OF_BACKTEST,False,Weekly RSI,5
BHEL,Capital Goods,2026-07-09,2026-08-24,379.72506980615975,378.77812449492245,410.3714939117432,411.3999938964844,8.070687595429945,32,END_OF_BACKTEST,False,Weekly RSI,5
ASIANPAINT,Chemicals,2019-04-12,2019-07-01,1344.512536347503,1341.1596372543672,1284.2397691317053,1287.4584151696292,-4.482871344549491,51,MONTHLY_CLOSE_LT_M_EMA9,True,Weekly RSI,7
HAVELLS,Capital Goods,2019-05-10,2019-08-01,699.9479012919053,698.2023953036462,610.7729224614168,612.3036816655807,-12.74023090374252,58,MONTHLY_CLOSE_LT_M_EMA9,True,Weekly RSI,7
SEAMECLTD,Logistics,2019-05-13,2019-09-03,422.88563520968705,421.83105756577265,322.6497405532054,323.45838651950413,-23.702837436599115,77,MONTHLY_CLOSE_LT_M_EMA9,True,Weekly RSI,7
CANTABIL,Retailing,2019-05-03,2019-11-01,51.560024114415064,51.43144550066341,40.56641687381459,40.66808709154345,-21.321959074737713,122,MONTHLY_CLOSE_LT_M_EMA9,True,Weekly RSI,7
BATAINDIA,Footwear,2019-05-10,2020-04-01,1216.081754671056,1213.0491318414524,1106.6706788283082,1109.4442895521886,-8.997016477098855,221,MONTHLY_CLOSE_LT_M_EMA9,True,Weekly RSI,7
MUTHOOTFIN,Finance,2019-05-13,2020-04-01,510.7882130162825,509.5144269489102,550.4542044433783,551.8337889156675,7.76564345384207,220,MONTHLY_CLOSE_LT_M_EMA9,False,Weekly RSI,7
BAJFINANCE,Finance,2019-07-10,2020-04-01,349.94047214801776,349.06780264141423,211.70952223423575,212.2401225405872,-39.50127547845141,179,MONTHLY_CLOSE_LT_M_EMA9,True,Weekly RSI,7
PIDILITIND,Chemicals,2019-09-23,2020-04-01,694.1067127919158,692.3757733585195,655.0218420659287,656.6635008179736,-5.630959909431715,130,MONTHLY_CLOSE_LT_M_EMA9,True,Weekly RSI,7
EQ30,Unclassified,2019-11-14,2020-04-01,348.4690061187744,347.6000061035156,254.3625,255.0,-27.00570336711625,96,MONTHLY_CLOSE_LT_M_EMA9,True,Weekly RSI,7
GMMPFAUDLR,Capital Goods,2020-07-21,2020-11-02,1358.0362759682669,1354.6496518386703,1166.0602806550348,1168.9827374987817,-14.13629361088716,73,MONTHLY_CLOSE_LT_M_EMA9,True,Weekly RSI,7
ABBOTINDIA,Healthcare,2019-08-02,2021-02-01,7571.327752531716,7552.446635941862,13031.927420621041,13064.588892853173,72.12208804807582,370,MONTHLY_CLOSE_LT_M_EMA9,False,Weekly RSI,7
DRREDDY,Healthcare,2020-07-09,2021-03-01,749.1182193937851,747.2500941583892,853.9227571406125,856.0629144266791,13.99038696878033,163,MONTHLY_CLOSE_LT_M_EMA9,False,Weekly RSI,7
COROMANDEL,Chemicals,2020-08-20,2021-05-03,729.2014541066272,727.3829966150896,698.9724864663181,700.7242972093413,-4.145489215643961,173,MONTHLY_CLOSE_LT_M_EMA9,True,Weekly RSI,7
ADANIGREEN,Miscellaneous,2020-07-27,2021-08-02,346.8148872375488,345.95001220703125,880.1940243530274,882.4000244140625,153.79361058112357,254,MONTHLY_CLOSE_LT_M_EMA9,False,Weekly RSI,7
LAURUSLABS,Healthcare,2021-08-02,2021-11-01,640.828937757476,639.2308606059611,510.89221128762017,512.1726428948573,-20.27635127161358,62,MONTHLY_CLOSE_LT_M_EMA9,True,Weekly RSI,7
GPIL,Metals & Mining,2021-02-01,2021-12-01,23.965730727023356,23.905965812492127,51.477972090939744,51.60698956485187,114.79825788451362,205,MONTHLY_CLOSE_LT_M_EMA9,False,Weekly RSI,7
DIVISLAB,Healthcare,2019-05-13,2022-02-01,1572.154170032027,1568.23358606686,3923.61986996216,3933.4535037214637,149.5696633799108,676,MONTHLY_CLOSE_LT_M_EMA9,False,Weekly RSI,7
WIPRO,Software & IT Services,2021-03-02,2022-02-01,192.17020747638205,191.69098002631625,264.6276805587888,265.2909078283597,37.704841990823105,227,MONTHLY_CLOSE_LT_M_EMA9,False,Weekly RSI,7
MAHLOG,Logistics,2021-05-06,2022-02-01,513.4075432329968,512.1272251700716,573.0312157494143,574.4673842099392,11.613322262653014,185,MONTHLY_CLOSE_LT_M_EMA9,False,Weekly RSI,7
SAGCEM,Construction Materials,2021-11-01,2022-02-01,278.9257737573324,278.23019826167825,240.94151441776503,241.54537786242108,-13.618052870443584,63,MONTHLY_CLOSE_LT_M_EMA9,True,Weekly RSI,7
BSOFT,Software & IT Services,2020-11-02,2022-03-02,166.4853514016772,166.07017596177278,375.3917430682312,376.3325745044924,125.48034401088421,330,MONTHLY_CLOSE_LT_M_EMA9,False,Weekly RSI,7
RGL,Diamond  &  Jewellery,2021-12-01,2022-05-02,162.18834953170065,161.7838898071827,144.09848553184736,144.45963461839332,-11.153614949585219,103,MONTHLY_CLOSE_LT_M_EMA9,True,Weekly RSI,7
TVTODAY,Media & Entertainment,2022-02-01,2022-06-01,286.2749893158596,285.5610865993612,196.1444575688313,196.63604768805143,-31.483900134769847,81,MONTHLY_CLOSE_LT_M_EMA9,True,Weekly RSI,7
LPDC,Diversified / Other,2022-02-03,2022-07-01,10.0751251912117,10.050000190734863,6.3840000951290135,6.400000095367432,-36.63602214394686,101,MONTHLY_CLOSE_LT_M_EMA9,True,Weekly RSI,7
GREENPANEL,Construction Materials,2022-03-10,2022-07-01,479.94410528485815,478.74723719187847,428.31328601531885,429.38675289756276,-10.757673383423512,77,MONTHLY_CLOSE_LT_M_EMA9,True,Weekly RSI,7
ACCURACY,Logistics,2022-02-03,2022-08-01,20.584073197348268,20.5327413439883,20.692471328879293,20.744332159277487,0.526611669574658,122,MONTHLY_CLOSE_LT_M_EMA9,False,Weekly RSI,7
GMDCLTD,Metals & Mining,2022-05-05,2022-10-03,171.5711176419185,171.14325949318555,124.48345114728194,124.79543974664855,-27.444984413350955,104,MONTHLY_CLOSE_LT_M_EMA9,True,Weekly RSI,7
DANGEE,FMCG,2022-06-02,2022-11-01,22.055,22.0,21.496124238967898,21.549999237060547,-2.5340093449653223,103,MONTHLY_CLOSE_LT_M_EMA9,True,Weekly RSI,7
ASAHIINDIA,Construction Materials,2022-08-12,2023-01-02,558.7289809257816,557.3356418212285,517.1895897287404,518.4858042393388,-7.434622619398187,96,MONTHLY_CLOSE_LT_M_EMA9,True,Weekly RSI,7
INSECTICID,Chemicals,2023-01-09,2023-02-01,720.5472257613482,718.7503498866316,603.7374147408594,605.2505410935934,-16.211263723493566,16,MONTHLY_CLOSE_LT_M_EMA9,True,Weekly RSI,7
GSS,Software & IT Services,2022-08-01,2023-03-01,225.5625,225.0,223.3901219558716,223.9499969482422,-0.9630936188987123,145,MONTHLY_CLOSE_LT_M_EMA9,True,Weekly RSI,7
AURIONPRO,Software & IT Services,2022-11-03,2023-04-03,195.87060556536548,195.38215018989075,154.25784650188902,154.644457646004,-21.245024971135624,103,MONTHLY_CLOSE_LT_M_EMA9,True,Weekly RSI,7
KAMDHENU,Metals & Mining,2023-03-01,2023-10-03,32.70816192225225,32.626595433668086,28.764907652829432,28.83700015321246,-12.055872411283731,144,MONTHLY_CLOSE_LT_M_EMA9,True,Weekly RSI,7
HILTON,Automobile & Ancillaries,2023-04-03,2024-01-01,105.0620030593872,104.80000305175781,114.7125,115.0,9.18552536558606,183,MONTHLY_CLOSE_LT_M_EMA9,False,Weekly RSI,7
BAJAJCON,FMCG,2023-10-03,2024-04-01,222.33515749999293,221.7807057356538,215.4101219558716,215.9499969482422,-3.1146830856570893,120,MONTHLY_CLOSE_LT_M_EMA9,True,Weekly RSI,7
KHADIM,Footwear,2024-01-01,2024-04-01,360.8498872375488,359.95001220703125,306.78111282348635,307.54998779296875,-14.983730444806476,60,MONTHLY_CLOSE_LT_M_EMA9,True,Weekly RSI,7
UNIONBANK,Banks,2023-02-01,2024-09-02,70.30603852475667,70.1307117453932,114.79120501741329,115.07890227309602,63.27360697046268,387,MONTHLY_CLOSE_LT_M_EMA9,False,Weekly RSI,7
TIINDIA,Automobile & Ancillaries,2021-02-01,2024-12-02,766.2998102067343,764.3888381114557,3571.8077116772265,3580.7596107039863,366.11100043384005,946,MONTHLY_CLOSE_LT_M_EMA9,False,Weekly RSI,7
KEI,Electricals,2022-02-02,2025-02-01,1104.9306244884451,1102.17518652214,4045.060472039067,4055.198468209591,266.0918054390815,741,MONTHLY_CLOSE_LT_M_EMA9,False,Weekly RSI,7
BEL,Aviation,2022-10-03,2025-03-03,97.6272134315938,97.38375404647762,243.58408221692548,244.19456863852176,149.50428641251946,596,MONTHLY_CLOSE_LT_M_EMA9,False,Weekly RSI,7
NITCO,Construction Materials,2024-04-01,2025-03-03,58.846750764846796,58.70000076293945,96.08917682647706,96.33000183105469,63.287140883023426,229,MONTHLY_CLOSE_LT_M_EMA9,False,Weekly RSI,7
IPCALAB,Healthcare,2024-12-06,2025-03-03,1496.969542330751,1493.236451202744,1340.1062114994543,1343.4648736836634,-10.478725611682368,60,MONTHLY_CLOSE_LT_M_EMA9,True,Weekly RSI,7
SIYSIL,Textiles,2025-02-03,2025-03-03,764.5613638544243,762.6547270368322,578.6338522770727,580.0840624331556,-24.31819345932224,19,MONTHLY_CLOSE_LT_M_EMA9,True,Weekly RSI,7
REPL,Infrastructure,2025-02-10,2025-03-03,285.7125,285.0,212.4475457382202,212.97999572753906,-25.64289425971204,14,MONTHLY_CLOSE_LT_M_EMA9,True,Weekly RSI,7
ORIENTCEM,Construction Materials,2024-09-02,2025-07-01,304.29157977919823,303.5327479094247,240.04728447651254,240.64890674337096,-21.112741716120766,206,MONTHLY_CLOSE_LT_M_EMA9,True,Weekly RSI,7
AXISBANK,Banks,2025-07-07,2025-08-01,1179.6342628674286,1176.6925315385822,1061.5188225977377,1064.1792707746743,-10.01288653506711,19,MONTHLY_CLOSE_LT_M_EMA9,True,Weekly RSI,7
TCPLPACK,Containers & Packaging,2022-09-23,2025-09-01,1129.231815379933,1126.415775940083,3344.928560269042,3353.311839868714,196.21274522305518,724,MONTHLY_CLOSE_LT_M_EMA9,False,Weekly RSI,7
SRF,Diversified,2025-04-09,2025-09-01,2753.50591898726,2746.6393206855464,2831.2616911664536,2838.3575851292767,2.823882514397943,97,MONTHLY_CLOSE_LT_M_EMA9,False,Weekly RSI,7
RALLIS,Fertilisers & Pesticides,2025-09-01,2025-10-01,344.3575500885084,343.4988030808064,299.20681942254464,299.956711200546,-13.111584355957609,22,MONTHLY_CLOSE_LT_M_EMA9,True,Weekly RSI,7
RAMANEWS,Paper,2025-05-09,2025-11-03,31.077499999999997,31.0,29.127000761032107,29.200000762939453,-6.276242422871499,122,MONTHLY_CLOSE_LT_M_EMA9,True,Weekly RSI,7
GINNIFILA,Textiles,2025-09-08,2025-12-01,47.969623470306395,47.849998474121094,40.38877667427063,40.4900016784668,-15.80343193798128,57,MONTHLY_CLOSE_LT_M_EMA9,True,Weekly RSI,7
AXISCADES,Aviation,2025-04-15,2026-02-02,810.7217622375488,808.7000122070312,1142.1375,1145.0,40.87909726855753,200,MONTHLY_CLOSE_LT_M_EMA9,False,Weekly RSI,7
HCG,Healthcare,2025-05-29,2026-02-02,553.2797744750976,551.9000244140625,589.6222256469727,591.0999755859375,6.568548652687244,170,MONTHLY_CLOSE_LT_M_EMA9,False,Weekly RSI,7
HDFCAMC,Finance,2025-10-03,2026-02-02,2739.0707974887796,2732.240196996289,2410.015481467556,2416.055620518853,-12.013392144624602,82,MONTHLY_CLOSE_LT_M_EMA9,True,Weekly RSI,7
ABCAPITAL,Finance,2025-08-01,2026-04-01,257.14125,256.5,302.2425,303.0,17.539484621778882,163,MONTHLY_CLOSE_LT_M_EMA9,False,Weekly RSI,7
NAM-INDIA,Finance,2025-12-05,2026-04-01,827.0056490719096,824.9432908447976,818.9833442548505,821.0359340900757,-0.9700423239021341,78,MONTHLY_CLOSE_LT_M_EMA9,True,Weekly RSI,7
BANKBARODA,Banks,2026-02-04,2026-04-01,277.7320340980547,277.03943550928153,244.46067038518046,245.07335376960447,-11.979663714675288,37,MONTHLY_CLOSE_LT_M_EMA9,True,Weekly RSI,7
MUTHOOTFIN,Finance,2026-02-05,2026-04-01,3609.059829432851,3600.0596802322707,3243.378093828956,3251.5068609814093,-10.132326780001328,36,MONTHLY_CLOSE_LT_M_EMA9,True,Weekly RSI,7
NORBTEAEXP,Agri,2025-05-02,2026-05-04,40.0498757648468,39.95000076293945,63.54075076103211,63.70000076293945,58.65405209771981,247,MONTHLY_CLOSE_LT_M_EMA9,False,Weekly RSI,7
OIL,Oil & Gas,2026-05-11,2026-07-01,458.1425,457.0,418.00236282348635,419.04998779296875,-8.76149607960703,37,MONTHLY_CLOSE_LT_M_EMA9,True,Weekly RSI,7
POWERGRID,Power,2026-05-18,2026-07-01,297.04073776245116,296.29998779296875,287.08048782348635,287.79998779296875,-3.353159574674299,32,MONTHLY_CLOSE_LT_M_EMA9,True,Weekly RSI,7
AVANTIFEED,Consumer Goods,2026-05-20,2026-07-01,1244.1303922984555,1241.0278227416015,919.5917514649367,921.8964926966784,-26.085580968241867,30,MONTHLY_CLOSE_LT_M_EMA9,True,Weekly RSI,7
TFCILTD,Finance,2025-11-04,2026-08-24,69.7599861769354,69.5860211241251,129.23609756469727,129.55999755859375,85.2582040898201,201,END_OF_BACKTEST,False,Weekly RSI,7
TITAN,Diamond  &  Jewellery,2026-02-02,2026-08-24,3996.885032503398,3986.9177381580034,5066.302500000001,5079.0,26.756272917532144,140,END_OF_BACKTEST,False,Weekly RSI,7
LUPIN,Healthcare,2026-05-15,2026-08-24,2257.3027141097346,2251.6735302840248,2182.53,2188.0,-3.312480583235564,71,END_OF_BACKTEST,True,Weekly RSI,7
UNIVPHOTO,FMCG,2026-05-25,2026-08-24,432.5286372375488,431.45001220703125,447.97725608825687,449.1000061035156,3.571698500560442,65,END_OF_BACKTEST,False,Weekly RSI,7
ARIHANT,Real Estate,2026-07-03,2026-08-24,795.985,794.0,1004.6820121765137,1007.2000122070312,26.21871168131481,35,END_OF_BACKTEST,False,Weekly RSI,7
BHEL,Capital Goods,2026-07-09,2026-08-24,379.72506980615975,378.77812449492245,410.3714939117432,411.3999938964844,8.070687595429945,32,END_OF_BACKTEST,False,Weekly RSI,7
MAHABANK,Banks,2026-07-10,2026-08-24,83.1072515296936,82.9000015258789,80.4982469558716,80.69999694824219,-3.1393224126655515,31,END_OF_BACKTEST,True,Weekly RSI,7
ASIANPAINT,Chemicals,2019-04-12,2019-07-01,1344.512536347503,1341.1596372543672,1284.2397691317053,1287.4584151696292,-4.482871344549491,51,MONTHLY_CLOSE_LT_M_EMA9,True,Weekly RSI,10
HAVELLS,Capital Goods,2019-05-10,2019-08-01,699.9479012919053,698.2023953036462,610.7729224614168,612.3036816655807,-12.74023090374252,58,MONTHLY_CLOSE_LT_M_EMA9,True,Weekly RSI,10
SUVEN,Healthcare,2019-05-17,2019-08-01,11.868521718978881,11.838924407958984,10.48636696100235,10.512648582458496,-11.645551069484382,53,MONTHLY_CLOSE_LT_M_EMA9,True,Weekly RSI,10
SEAMECLTD,Logistics,2019-05-13,2019-09-03,422.88563520968705,421.83105756577265,322.6497405532054,323.45838651950413,-23.702837436599115,77,MONTHLY_CLOSE_LT_M_EMA9,True,Weekly RSI,10
CANTABIL,Retailing,2019-05-03,2019-11-01,51.560024114415064,51.43144550066341,40.56641687381459,40.66808709154345,-21.321959074737713,122,MONTHLY_CLOSE_LT_M_EMA9,True,Weekly RSI,10
POWERGRID,Power,2019-08-08,2019-12-02,76.95655591850222,76.7646443077329,76.2968800842247,76.48810033506234,-0.8572055056311579,74,MONTHLY_CLOSE_LT_M_EMA9,True,Weekly RSI,10
PRESTIGE,Real Estate,2019-05-15,2020-03-02,240.9058474878859,240.30508477594603,289.52850347894287,290.2541388260079,20.18326101175356,197,MONTHLY_CLOSE_LT_M_EMA9,False,Weekly RSI,10
BATAINDIA,Footwear,2019-05-10,2020-04-01,1216.081754671056,1213.0491318414524,1106.6706788283082,1109.4442895521886,-8.997016477098855,221,MONTHLY_CLOSE_LT_M_EMA9,True,Weekly RSI,10
MUTHOOTFIN,Finance,2019-05-13,2020-04-01,510.7882130162825,509.5144269489102,550.4542044433783,551.8337889156675,7.76564345384207,220,MONTHLY_CLOSE_LT_M_EMA9,False,Weekly RSI,10
BAJFINANCE,Finance,2019-07-10,2020-04-01,349.94047214801776,349.06780264141423,211.70952223423575,212.2401225405872,-39.50127547845141,179,MONTHLY_CLOSE_LT_M_EMA9,True,Weekly RSI,10
PIDILITIND,Chemicals,2019-09-23,2020-04-01,694.1067127919158,692.3757733585195,655.0218420659287,656.6635008179736,-5.630959909431715,130,MONTHLY_CLOSE_LT_M_EMA9,True,Weekly RSI,10
EQ30,Unclassified,2019-11-14,2020-04-01,348.4690061187744,347.6000061035156,254.3625,255.0,-27.00570336711625,96,MONTHLY_CLOSE_LT_M_EMA9,True,Weekly RSI,10
DYNPRO,Chemicals,2019-12-02,2020-04-01,138.10432842560678,137.75992860409656,115.95974029541016,116.2503662109375,-16.03468072481547,84,MONTHLY_CLOSE_LT_M_EMA9,True,Weekly RSI,10
WELCORP,Metals & Mining,2020-03-04,2020-04-01,157.5856499390375,157.1926682683666,56.80495355987549,56.94732186453683,-63.952965525826336,19,MONTHLY_CLOSE_LT_M_EMA9,True,Weekly RSI,10
GMMPFAUDLR,Capital Goods,2020-07-21,2020-11-02,1358.0362759682669,1354.6496518386703,1166.0602806550348,1168.9827374987817,-14.13629361088716,73,MONTHLY_CLOSE_LT_M_EMA9,True,Weekly RSI,10
IPCALAB,Healthcare,2019-05-20,2021-02-01,452.97806425965035,451.84844315177094,913.5505323753033,915.8401327070709,101.67655002641571,423,MONTHLY_CLOSE_LT_M_EMA9,False,Weekly RSI,10
ABBOTINDIA,Healthcare,2019-08-02,2021-02-01,7571.327752531716,7552.446635941862,13031.927420621041,13064.588892853173,72.12208804807582,370,MONTHLY_CLOSE_LT_M_EMA9,False,Weekly RSI,10
DRREDDY,Healthcare,2020-07-09,2021-03-01,749.1182193937851,747.2500941583892,853.9227571406125,856.0629144266791,13.99038696878033,163,MONTHLY_CLOSE_LT_M_EMA9,False,Weekly RSI,10
COROMANDEL,Chemicals,2020-08-20,2021-05-03,729.2014541066272,727.3829966150896,698.9724864663181,700.7242972093413,-4.145489215643961,173,MONTHLY_CLOSE_LT_M_EMA9,True,Weekly RSI,10
ADANIGREEN,Miscellaneous,2020-07-27,2021-08-02,346.8148872375488,345.95001220703125,880.1940243530274,882.4000244140625,153.79361058112357,254,MONTHLY_CLOSE_LT_M_EMA9,False,Weekly RSI,10
LAURUSLABS,Healthcare,2021-08-02,2021-11-01,640.828937757476,639.2308606059611,510.89221128762017,512.1726428948573,-20.27635127161358,62,MONTHLY_CLOSE_LT_M_EMA9,True,Weekly RSI,10
RTNPOWER,Power,2021-08-02,2021-11-01,6.766875,6.75,3.840374904870987,3.8499999046325684,-43.247438368951876,62,MONTHLY_CLOSE_LT_M_EMA9,True,Weekly RSI,10
GPIL,Metals & Mining,2021-02-01,2021-12-01,23.965730727023356,23.905965812492127,51.477972090939744,51.60698956485187,114.79825788451362,205,MONTHLY_CLOSE_LT_M_EMA9,False,Weekly RSI,10
HDFCBANK,Banks,2021-02-01,2021-12-01,658.6531104437558,657.0105839837964,697.7597983227532,699.508569747121,5.937372382960423,205,MONTHLY_CLOSE_LT_M_EMA9,False,Weekly RSI,10
DIVISLAB,Healthcare,2019-05-13,2022-02-01,1572.154170032027,1568.23358606686,3923.61986996216,3933.4535037214637,149.5696633799108,676,MONTHLY_CLOSE_LT_M_EMA9,False,Weekly RSI,10
LALPATHLAB,Healthcare,2020-09-02,2022-02-01,866.4846568804802,864.3238472623244,1441.4488281930123,1445.0614818977567,66.35595526671175,352,MONTHLY_CLOSE_LT_M_EMA9,False,Weekly RSI,10
WIPRO,Software & IT Services,2021-03-02,2022-02-01,192.17020747638205,191.69098002631625,264.6276805587888,265.2909078283597,37.704841990823105,227,MONTHLY_CLOSE_LT_M_EMA9,False,Weekly RSI,10
MAHLOG,Logistics,2021-05-06,2022-02-01,513.4075432329968,512.1272251700716,573.0312157494143,574.4673842099392,11.613322262653014,185,MONTHLY_CLOSE_LT_M_EMA9,False,Weekly RSI,10
SAGCEM,Construction Materials,2021-11-01,2022-02-01,278.9257737573324,278.23019826167825,240.94151441776503,241.54537786242108,-13.618052870443584,63,MONTHLY_CLOSE_LT_M_EMA9,True,Weekly RSI,10
BSOFT,Software & IT Services,2020-11-02,2022-03-02,166.4853514016772,166.07017596177278,375.3917430682312,376.3325745044924,125.48034401088421,330,MONTHLY_CLOSE_LT_M_EMA9,False,Weekly RSI,10
RGL,Diamond  &  Jewellery,2021-12-01,2022-05-02,162.18834953170065,161.7838898071827,144.09848553184736,144.45963461839332,-11.153614949585219,103,MONTHLY_CLOSE_LT_M_EMA9,True,Weekly RSI,10
AMBIKCO,Textiles,2021-12-01,2022-06-01,1734.604651442471,1730.2789540573278,1671.0157383545825,1675.203747723892,-3.665902373489488,124,MONTHLY_CLOSE_LT_M_EMA9,True,Weekly RSI,10
TVTODAY,Media & Entertainment,2022-02-01,2022-06-01,286.2749893158596,285.5610865993612,196.1444575688313,196.63604768805143,-31.483900134769847,81,MONTHLY_CLOSE_LT_M_EMA9,True,Weekly RSI,10
CALSOFT,Diversified / Other,2022-02-03,2022-06-01,41.5035015296936,41.400001525878906,23.690625,23.75,-42.918972793053165,79,MONTHLY_CLOSE_LT_M_EMA9,True,Weekly RSI,10
LPDC,Diversified / Other,2022-02-03,2022-07-01,10.0751251912117,10.050000190734863,6.3840000951290135,6.400000095367432,-36.63602214394686,101,MONTHLY_CLOSE_LT_M_EMA9,True,Weekly RSI,10
GREENPANEL,Construction Materials,2022-03-10,2022-07-01,479.94410528485815,478.74723719187847,428.31328601531885,429.38675289756276,-10.757673383423512,77,MONTHLY_CLOSE_LT_M_EMA9,True,Weekly RSI,10
ACCURACY,Logistics,2022-02-03,2022-08-01,20.584073197348268,20.5327413439883,20.692471328879293,20.744332159277487,0.526611669574658,122,MONTHLY_CLOSE_LT_M_EMA9,False,Weekly RSI,10
GMDCLTD,Metals & Mining,2022-05-05,2022-10-03,171.5711176419185,171.14325949318555,124.48345114728194,124.79543974664855,-27.444984413350955,104,MONTHLY_CLOSE_LT_M_EMA9,True,Weekly RSI,10
DANGEE,FMCG,2022-06-02,2022-11-01,22.055,22.0,21.496124238967898,21.549999237060547,-2.5340093449653223,103,MONTHLY_CLOSE_LT_M_EMA9,True,Weekly RSI,10
ASAHIINDIA,Construction Materials,2022-08-12,2023-01-02,558.7289809257816,557.3356418212285,517.1895897287404,518.4858042393388,-7.434622619398187,96,MONTHLY_CLOSE_LT_M_EMA9,True,Weekly RSI,10
INSECTICID,Chemicals,2023-01-09,2023-02-01,720.5472257613482,718.7503498866316,603.7374147408594,605.2505410935934,-16.211263723493566,16,MONTHLY_CLOSE_LT_M_EMA9,True,Weekly RSI,10
GSS,Software & IT Services,2022-08-01,2023-03-01,225.5625,225.0,223.3901219558716,223.9499969482422,-0.9630936188987123,145,MONTHLY_CLOSE_LT_M_EMA9,True,Weekly RSI,10
AURIONPRO,Software & IT Services,2022-11-03,2023-04-03,195.87060556536548,195.38215018989075,154.25784650188902,154.644457646004,-21.245024971135624,103,MONTHLY_CLOSE_LT_M_EMA9,True,Weekly RSI,10
BSHSL,Agri,2022-06-10,2023-07-03,40.089976682662964,39.9900016784668,278.70149391174317,279.3999938964844,595.1899626129455,262,MONTHLY_CLOSE_LT_M_EMA9,False,Weekly RSI,10
KAMDHENU,Metals & Mining,2023-03-01,2023-10-03,32.70816192225225,32.626595433668086,28.764907652829432,28.83700015321246,-12.055872411283731,144,MONTHLY_CLOSE_LT_M_EMA9,True,Weekly RSI,10
HILTON,Automobile & Ancillaries,2023-04-03,2024-01-01,105.0620030593872,104.80000305175781,114.7125,115.0,9.18552536558606,183,MONTHLY_CLOSE_LT_M_EMA9,False,Weekly RSI,10
ARROWGREEN,Plastic Products,2023-07-05,2024-04-01,322.8880906128568,322.0828834043459,379.958182506919,380.91045865355284,17.674882893865952,181,MONTHLY_CLOSE_LT_M_EMA9,False,Weekly RSI,10
BAJAJCON,FMCG,2023-10-03,2024-04-01,222.33515749999293,221.7807057356538,215.4101219558716,215.9499969482422,-3.1146830856570893,120,MONTHLY_CLOSE_LT_M_EMA9,True,Weekly RSI,10
KHADIM,Footwear,2024-01-01,2024-04-01,360.8498872375488,359.95001220703125,306.78111282348635,307.54998779296875,-14.983730444806476,60,MONTHLY_CLOSE_LT_M_EMA9,True,Weekly RSI,10
USHAMART,Metals & Mining,2021-12-01,2024-09-02,81.30627044435819,81.10351166519521,326.0925032874201,326.90977773174944,301.06685684295525,679,MONTHLY_CLOSE_LT_M_EMA9,False,Weekly RSI,10
UNIONBANK,Banks,2023-02-01,2024-09-02,70.30603852475667,70.1307117453932,114.79120501741329,115.07890227309602,63.27360697046268,387,MONTHLY_CLOSE_LT_M_EMA9,False,Weekly RSI,10
TIINDIA,Automobile & Ancillaries,2021-02-01,2024-12-02,766.2998102067343,764.3888381114557,3571.8077116772265,3580.7596107039863,366.11100043384005,946,MONTHLY_CLOSE_LT_M_EMA9,False,Weekly RSI,10
TTKHLTCARE,Healthcare,2023-07-03,2024-12-02,1239.477372247262,1236.386406231683,1473.4517447222886,1477.1446062378832,18.876857110413724,348,MONTHLY_CLOSE_LT_M_EMA9,False,Weekly RSI,10
HAL,Aviation,2024-09-02,2025-01-01,4613.408322946594,4601.903564036503,4081.7814988109317,4092.0115276300066,-11.523515520865736,83,MONTHLY_CLOSE_LT_M_EMA9,True,Weekly RSI,10
KEI,Electricals,2022-02-02,2025-02-01,1104.9306244884451,1102.17518652214,4045.060472039067,4055.198468209591,266.0918054390815,741,MONTHLY_CLOSE_LT_M_EMA9,False,Weekly RSI,10
GPTINFRA,Infrastructure,2024-09-06,2025-02-01,158.76687896105543,158.3709515821002,106.57701353443186,106.84412384404196,-32.872010691490274,102,MONTHLY_CLOSE_LT_M_EMA9,True,Weekly RSI,10
BEL,Aviation,2022-10-03,2025-03-03,97.6272134315938,97.38375404647762,243.58408221692548,244.19456863852176,149.50428641251946,596,MONTHLY_CLOSE_LT_M_EMA9,False,Weekly RSI,10
NITCO,Construction Materials,2024-04-01,2025-03-03,58.846750764846796,58.70000076293945,96.08917682647706,96.33000183105469,63.287140883023426,229,MONTHLY_CLOSE_LT_M_EMA9,False,Weekly RSI,10
IPCALAB,Healthcare,2024-12-06,2025-03-03,1496.969542330751,1493.236451202744,1340.1062114994543,1343.4648736836634,-10.478725611682368,60,MONTHLY_CLOSE_LT_M_EMA9,True,Weekly RSI,10
UNICHEMLAB,Healthcare,2024-12-10,2025-03-03,798.2406249999999,796.25,613.4625,615.0,-23.148173522238356,58,MONTHLY_CLOSE_LT_M_EMA9,True,Weekly RSI,10
KITEX,Textiles,2025-01-02,2025-03-03,234.95697539198358,234.3710477725522,156.1883531166635,156.57980262322155,-33.52470048778452,42,MONTHLY_CLOSE_LT_M_EMA9,True,Weekly RSI,10
SIYSIL,Textiles,2025-02-03,2025-03-03,764.5613638544243,762.6547270368322,578.6338522770727,580.0840624331556,-24.31819345932224,19,MONTHLY_CLOSE_LT_M_EMA9,True,Weekly RSI,10
REPL,Infrastructure,2025-02-10,2025-03-03,285.7125,285.0,212.4475457382202,212.97999572753906,-25.64289425971204,14,MONTHLY_CLOSE_LT_M_EMA9,True,Weekly RSI,10
ORIENTCEM,Construction Materials,2024-09-02,2025-07-01,304.29157977919823,303.5327479094247,240.04728447651254,240.64890674337096,-21.112741716120766,206,MONTHLY_CLOSE_LT_M_EMA9,True,Weekly RSI,10
PANACEABIO,Healthcare,2025-06-06,2025-08-01,472.47823776245116,471.29998779296875,399.09975608825687,400.1000061035156,-15.530552692055826,40,MONTHLY_CLOSE_LT_M_EMA9,True,Weekly RSI,10
AXISBANK,Banks,2025-07-07,2025-08-01,1179.6342628674286,1176.6925315385822,1061.5188225977377,1064.1792707746743,-10.01288653506711,19,MONTHLY_CLOSE_LT_M_EMA9,True,Weekly RSI,10
TCPLPACK,Containers & Packaging,2022-09-23,2025-09-01,1129.231815379933,1126.415775940083,3344.928560269042,3353.311839868714,196.21274522305518,724,MONTHLY_CLOSE_LT_M_EMA9,False,Weekly RSI,10
SRF,Diversified,2025-04-09,2025-09-01,2753.50591898726,2746.6393206855464,2831.2616911664536,2838.3575851292767,2.823882514397943,97,MONTHLY_CLOSE_LT_M_EMA9,False,Weekly RSI,10
CAMLINFINE,Chemicals,2025-08-01,2025-09-01,281.50198776245117,280.79998779296875,199.5,200.0,-29.130162957019518,19,MONTHLY_CLOSE_LT_M_EMA9,True,Weekly RSI,10
BANARISUG,Diversified / Other,2025-06-09,2025-10-01,3986.487964495085,3976.5465980000854,3659.9273474121096,3669.10009765625,-8.191687018534285,80,MONTHLY_CLOSE_LT_M_EMA9,True,Weekly RSI,10
RALLIS,Fertilisers & Pesticides,2025-09-01,2025-10-01,344.3575500885084,343.4988030808064,299.20681942254464,299.956711200546,-13.111584355957609,22,MONTHLY_CLOSE_LT_M_EMA9,True,Weekly RSI,10
RAMANEWS,Paper,2025-05-09,2025-11-03,31.077499999999997,31.0,29.127000761032107,29.200000762939453,-6.276242422871499,122,MONTHLY_CLOSE_LT_M_EMA9,True,Weekly RSI,10
GINNIFILA,Textiles,2025-09-08,2025-12-01,47.969623470306395,47.849998474121094,40.38877667427063,40.4900016784668,-15.80343193798128,57,MONTHLY_CLOSE_LT_M_EMA9,True,Weekly RSI,10
AXISCADES,Aviation,2025-04-15,2026-02-02,810.7217622375488,808.7000122070312,1142.1375,1145.0,40.87909726855753,200,MONTHLY_CLOSE_LT_M_EMA9,False,Weekly RSI,10
HCG,Healthcare,2025-05-29,2026-02-02,553.2797744750976,551.9000244140625,589.6222256469727,591.0999755859375,6.568548652687244,170,MONTHLY_CLOSE_LT_M_EMA9,False,Weekly RSI,10
HDFCAMC,Finance,2025-10-03,2026-02-02,2739.0707974887796,2732.240196996289,2410.015481467556,2416.055620518853,-12.013392144624602,82,MONTHLY_CLOSE_LT_M_EMA9,True,Weekly RSI,10
ABCAPITAL,Finance,2025-08-01,2026-04-01,257.14125,256.5,302.2425,303.0,17.539484621778882,163,MONTHLY_CLOSE_LT_M_EMA9,False,Weekly RSI,10
NAM-INDIA,Finance,2025-12-05,2026-04-01,827.0056490719096,824.9432908447976,818.9833442548505,821.0359340900757,-0.9700423239021341,78,MONTHLY_CLOSE_LT_M_EMA9,True,Weekly RSI,10
BANKBARODA,Banks,2026-02-04,2026-04-01,277.7320340980547,277.03943550928153,244.46067038518046,245.07335376960447,-11.979663714675288,37,MONTHLY_CLOSE_LT_M_EMA9,True,Weekly RSI,10
MUTHOOTFIN,Finance,2026-02-05,2026-04-01,3609.059829432851,3600.0596802322707,3243.378093828956,3251.5068609814093,-10.132326780001328,36,MONTHLY_CLOSE_LT_M_EMA9,True,Weekly RSI,10
NORBTEAEXP,Agri,2025-05-02,2026-05-04,40.0498757648468,39.95000076293945,63.54075076103211,63.70000076293945,58.65405209771981,247,MONTHLY_CLOSE_LT_M_EMA9,False,Weekly RSI,10
FORCEMOT,Automobile & Ancillaries,2025-09-10,2026-07-01,18335.725,18290.0,18643.275,18690.0,1.6773266396611148,200,MONTHLY_CLOSE_LT_M_EMA9,False,Weekly RSI,10
OIL,Oil & Gas,2026-05-11,2026-07-01,458.1425,457.0,418.00236282348635,419.04998779296875,-8.76149607960703,37,MONTHLY_CLOSE_LT_M_EMA9,True,Weekly RSI,10
POWERGRID,Power,2026-05-18,2026-07-01,297.04073776245116,296.29998779296875,287.08048782348635,287.79998779296875,-3.353159574674299,32,MONTHLY_CLOSE_LT_M_EMA9,True,Weekly RSI,10
AVANTIFEED,Consumer Goods,2026-05-20,2026-07-01,1244.1303922984555,1241.0278227416015,919.5917514649367,921.8964926966784,-26.085580968241867,30,MONTHLY_CLOSE_LT_M_EMA9,True,Weekly RSI,10
MAHASTEEL,Metals & Mining,2024-12-09,2026-08-24,211.52749999999997,211.0,1172.7607012939454,1175.699951171875,454.4246971641728,424,END_OF_BACKTEST,False,Weekly RSI,10
TFCILTD,Finance,2025-11-04,2026-08-24,69.7599861769354,69.5860211241251,129.23609756469727,129.55999755859375,85.2582040898201,201,END_OF_BACKTEST,False,Weekly RSI,10
TITAN,Diamond  &  Jewellery,2026-02-02,2026-08-24,3996.885032503398,3986.9177381580034,5066.302500000001,5079.0,26.756272917532144,140,END_OF_BACKTEST,False,Weekly RSI,10
LUPIN,Healthcare,2026-05-15,2026-08-24,2257.3027141097346,2251.6735302840248,2182.53,2188.0,-3.312480583235564,71,END_OF_BACKTEST,True,Weekly RSI,10
UNIVPHOTO,FMCG,2026-05-25,2026-08-24,432.5286372375488,431.45001220703125,447.97725608825687,449.1000061035156,3.571698500560442,65,END_OF_BACKTEST,False,Weekly RSI,10
ARIHANT,Real Estate,2026-07-03,2026-08-24,795.985,794.0,1004.6820121765137,1007.2000122070312,26.21871168131481,35,END_OF_BACKTEST,False,Weekly RSI,10
BHEL,Capital Goods,2026-07-09,2026-08-24,379.72506980615975,378.77812449492245,410.3714939117432,411.3999938964844,8.070687595429945,32,END_OF_BACKTEST,False,Weekly RSI,10
MAHABANK,Banks,2026-07-10,2026-08-24,83.1072515296936,82.9000015258789,80.4982469558716,80.69999694824219,-3.1393224126655515,31,END_OF_BACKTEST,True,Weekly RSI,10
ASIANPAINT,Chemicals,2019-04-12,2019-07-01,1344.512536347503,1341.1596372543672,1284.2397691317053,1287.4584151696292,-4.482871344549491,51,MONTHLY_CLOSE_LT_M_EMA9,True,Weekly RSI,15
HAVELLS,Capital Goods,2019-05-10,2019-08-01,699.9479012919053,698.2023953036462,610.7729224614168,612.3036816655807,-12.74023090374252,58,MONTHLY_CLOSE_LT_M_EMA9,True,Weekly RSI,15
SUVEN,Healthcare,2019-05-17,2019-08-01,11.868521718978881,11.838924407958984,10.48636696100235,10.512648582458496,-11.645551069484382,53,MONTHLY_CLOSE_LT_M_EMA9,True,Weekly RSI,15
TRIVENI,Agri,2019-06-24,2019-08-01,62.88908817157098,62.73225752775161,50.4208240556712,50.547192035760595,-19.825798844283554,28,MONTHLY_CLOSE_LT_M_EMA9,True,Weekly RSI,15
SEAMECLTD,Logistics,2019-05-13,2019-09-03,422.88563520968705,421.83105756577265,322.6497405532054,323.45838651950413,-23.702837436599115,77,MONTHLY_CLOSE_LT_M_EMA9,True,Weekly RSI,15
PGHH,FMCG,2019-06-20,2019-09-03,9539.985583434533,9516.195095695295,9159.823213345026,9182.78016375441,-3.984936526000945,50,MONTHLY_CLOSE_LT_M_EMA9,True,Weekly RSI,15
CANTABIL,Retailing,2019-05-03,2019-11-01,51.560024114415064,51.43144550066341,40.56641687381459,40.66808709154345,-21.321959074737713,122,MONTHLY_CLOSE_LT_M_EMA9,True,Weekly RSI,15
POWERGRID,Power,2019-08-08,2019-12-02,76.95655591850222,76.7646443077329,76.2968800842247,76.48810033506234,-0.8572055056311579,74,MONTHLY_CLOSE_LT_M_EMA9,True,Weekly RSI,15
HEIDELBERG,Cement & Cement Products,2019-06-24,2020-01-01,149.15823068456285,148.78626502200785,141.6314321048523,141.98639810010255,-5.0461838714271705,128,MONTHLY_CLOSE_LT_M_EMA9,True,Weekly RSI,15
AGROPHOS,Chemicals,2019-08-26,2020-01-01,79.60797241712417,79.40944879513634,69.51459022521973,69.68881225585938,-12.678858518111547,85,MONTHLY_CLOSE_LT_M_EMA9,True,Weekly RSI,15
PRESTIGE,Real Estate,2019-05-15,2020-03-02,240.9058474878859,240.30508477594603,289.52850347894287,290.2541388260079,20.18326101175356,197,MONTHLY_CLOSE_LT_M_EMA9,False,Weekly RSI,15
BALRAMCHIN,Agri,2019-06-21,2020-03-02,132.36865832561384,132.03856192081182,136.98371878442995,137.32703637536838,3.4865205383161957,171,MONTHLY_CLOSE_LT_M_EMA9,False,Weekly RSI,15
BATAINDIA,Footwear,2019-05-10,2020-04-01,1216.081754671056,1213.0491318414524,1106.6706788283082,1109.4442895521886,-8.997016477098855,221,MONTHLY_CLOSE_LT_M_EMA9,True,Weekly RSI,15
MUTHOOTFIN,Finance,2019-05-13,2020-04-01,510.7882130162825,509.5144269489102,550.4542044433783,551.8337889156675,7.76564345384207,220,MONTHLY_CLOSE_LT_M_EMA9,False,Weekly RSI,15
HONAUT,Consumer Durables,2019-06-27,2020-04-01,24167.253847446424,24106.986381492694,25503.352011962586,25567.270187431164,5.52854773219233,188,MONTHLY_CLOSE_LT_M_EMA9,False,Weekly RSI,15
BAJFINANCE,Finance,2019-07-10,2020-04-01,349.94047214801776,349.06780264141423,211.70952223423575,212.2401225405872,-39.50127547845141,179,MONTHLY_CLOSE_LT_M_EMA9,True,Weekly RSI,15
PIDILITIND,Chemicals,2019-09-23,2020-04-01,694.1067127919158,692.3757733585195,655.0218420659287,656.6635008179736,-5.630959909431715,130,MONTHLY_CLOSE_LT_M_EMA9,True,Weekly RSI,15
EQ30,Unclassified,2019-11-14,2020-04-01,348.4690061187744,347.6000061035156,254.3625,255.0,-27.00570336711625,96,MONTHLY_CLOSE_LT_M_EMA9,True,Weekly RSI,15
ATUL,Chemicals,2019-11-18,2020-04-01,3957.15917721823,3947.290949843621,3892.18879260963,3901.943651738977,-1.6418441032809872,94,MONTHLY_CLOSE_LT_M_EMA9,True,Weekly RSI,15
DYNPRO,Chemicals,2019-12-02,2020-04-01,138.10432842560678,137.75992860409656,115.95974029541016,116.2503662109375,-16.03468072481547,84,MONTHLY_CLOSE_LT_M_EMA9,True,Weekly RSI,15
PIIND,Chemicals,2020-01-09,2020-04-01,1421.3733784471212,1417.8288064310436,1150.4408994574537,1153.3242099824097,-19.06131654763836,57,MONTHLY_CLOSE_LT_M_EMA9,True,Weekly RSI,15
WELCORP,Metals & Mining,2020-03-04,2020-04-01,157.5856499390375,157.1926682683666,56.80495355987549,56.94732186453683,-63.952965525826336,19,MONTHLY_CLOSE_LT_M_EMA9,True,Weekly RSI,15
ESABINDIA,Capital Goods,2020-03-04,2020-04-01,1269.041654589312,1265.8769621838524,937.9170782542591,940.2677476233173,-26.092490749817948,19,MONTHLY_CLOSE_LT_M_EMA9,True,Weekly RSI,15
GMMPFAUDLR,Capital Goods,2020-07-21,2020-11-02,1358.0362759682669,1354.6496518386703,1166.0602806550348,1168.9827374987817,-14.13629361088716,73,MONTHLY_CLOSE_LT_M_EMA9,True,Weekly RSI,15
IPCALAB,Healthcare,2019-05-20,2021-02-01,452.97806425965035,451.84844315177094,913.5505323753033,915.8401327070709,101.67655002641571,423,MONTHLY_CLOSE_LT_M_EMA9,False,Weekly RSI,15
ABBOTINDIA,Healthcare,2019-08-02,2021-02-01,7571.327752531716,7552.446635941862,13031.927420621041,13064.588892853173,72.12208804807582,370,MONTHLY_CLOSE_LT_M_EMA9,False,Weekly RSI,15
DRREDDY,Healthcare,2020-07-09,2021-03-01,749.1182193937851,747.2500941583892,853.9227571406125,856.0629144266791,13.99038696878033,163,MONTHLY_CLOSE_LT_M_EMA9,False,Weekly RSI,15
ITI,Telecom,2020-09-11,2021-04-01,138.79612194061278,138.4499969482422,115.36087652206422,115.6500015258789,-16.884654333912792,138,MONTHLY_CLOSE_LT_M_EMA9,True,Weekly RSI,15
COROMANDEL,Chemicals,2020-08-20,2021-05-03,729.2014541066272,727.3829966150896,698.9724864663181,700.7242972093413,-4.145489215643961,173,MONTHLY_CLOSE_LT_M_EMA9,True,Weekly RSI,15
ADANIGREEN,Miscellaneous,2020-07-27,2021-08-02,346.8148872375488,345.95001220703125,880.1940243530274,882.4000244140625,153.79361058112357,254,MONTHLY_CLOSE_LT_M_EMA9,False,Weekly RSI,15
APLLTD,Healthcare,2020-09-04,2021-08-02,871.7425943069296,869.5686726253663,744.072293980442,745.9371368224982,-14.645412666567081,225,MONTHLY_CLOSE_LT_M_EMA9,True,Weekly RSI,15
BERGEPAINT,Chemicals,2020-01-08,2021-11-01,388.28256994870975,387.3142842381145,602.031978929839,603.5408310073574,55.04996245630201,451,MONTHLY_CLOSE_LT_M_EMA9,False,Weekly RSI,15
BHARATRAS,Chemicals,2020-09-11,2021-11-01,2329.1459327650305,2323.337588793048,2573.9761637156535,2580.4272317951413,10.51158828249007,282,MONTHLY_CLOSE_LT_M_EMA9,False,Weekly RSI,15
LAURUSLABS,Healthcare,2021-08-02,2021-11-01,640.828937757476,639.2308606059611,510.89221128762017,512.1726428948573,-20.27635127161358,62,MONTHLY_CLOSE_LT_M_EMA9,True,Weekly RSI,15
RTNPOWER,Power,2021-08-02,2021-11-01,6.766875,6.75,3.840374904870987,3.8499999046325684,-43.247438368951876,62,MONTHLY_CLOSE_LT_M_EMA9,True,Weekly RSI,15
GPIL,Metals & Mining,2021-02-01,2021-12-01,23.965730727023356,23.905965812492127,51.477972090939744,51.60698956485187,114.79825788451362,205,MONTHLY_CLOSE_LT_M_EMA9,False,Weekly RSI,15
HDFCBANK,Banks,2021-02-01,2021-12-01,658.6531104437558,657.0105839837964,697.7597983227532,699.508569747121,5.937372382960423,205,MONTHLY_CLOSE_LT_M_EMA9,False,Weekly RSI,15
DIVISLAB,Healthcare,2019-05-13,2022-02-01,1572.154170032027,1568.23358606686,3923.61986996216,3933.4535037214637,149.5696633799108,676,MONTHLY_CLOSE_LT_M_EMA9,False,Weekly RSI,15
LALPATHLAB,Healthcare,2020-09-02,2022-02-01,866.4846568804802,864.3238472623244,1441.4488281930123,1445.0614818977567,66.35595526671175,352,MONTHLY_CLOSE_LT_M_EMA9,False,Weekly RSI,15
WIPRO,Software & IT Services,2021-03-02,2022-02-01,192.17020747638205,191.69098002631625,264.6276805587888,265.2909078283597,37.704841990823105,227,MONTHLY_CLOSE_LT_M_EMA9,False,Weekly RSI,15
MAHLOG,Logistics,2021-05-06,2022-02-01,513.4075432329968,512.1272251700716,573.0312157494143,574.4673842099392,11.613322262653014,185,MONTHLY_CLOSE_LT_M_EMA9,False,Weekly RSI,15
SAGCEM,Construction Materials,2021-11-01,2022-02-01,278.9257737573324,278.23019826167825,240.94151441776503,241.54537786242108,-13.618052870443584,63,MONTHLY_CLOSE_LT_M_EMA9,True,Weekly RSI,15
BSOFT,Software & IT Services,2020-11-02,2022-03-02,166.4853514016772,166.07017596177278,375.3917430682312,376.3325745044924,125.48034401088421,330,MONTHLY_CLOSE_LT_M_EMA9,False,Weekly RSI,15
TORNTPOWER,Power,2021-08-02,2022-03-02,414.6960286063654,413.66187392156155,428.9826270548497,430.05777148355855,3.445077228372802,145,MONTHLY_CLOSE_LT_M_EMA9,False,Weekly RSI,15
PGHH,FMCG,2021-04-01,2022-05-02,11629.175991759685,11600.175552877492,13134.278187387896,13167.196177832477,12.942466402561207,267,MONTHLY_CLOSE_LT_M_EMA9,False,Weekly RSI,15
RGL,Diamond  &  Jewellery,2021-12-01,2022-05-02,162.18834953170065,161.7838898071827,144.09848553184736,144.45963461839332,-11.153614949585219,103,MONTHLY_CLOSE_LT_M_EMA9,True,Weekly RSI,15
ESCORTS,Automobile & Ancillaries,2022-03-11,2022-05-02,1752.8199986837594,1748.4488764925281,1567.5078667100654,1571.436457854702,-10.572228301414292,33,MONTHLY_CLOSE_LT_M_EMA9,True,Weekly RSI,15
OBEROIRLTY,Real Estate,2021-02-01,2022-06-01,520.0132019794468,518.7164109520667,792.8378241383699,794.8248863542555,52.464941490025176,329,MONTHLY_CLOSE_LT_M_EMA9,False,Weekly RSI,15
TVTODAY,Media & Entertainment,2022-02-01,2022-06-01,286.2749893158596,285.5610865993612,196.1444575688313,196.63604768805143,-31.483900134769847,81,MONTHLY_CLOSE_LT_M_EMA9,True,Weekly RSI,15
CALSOFT,Diversified / Other,2022-02-03,2022-06-01,41.5035015296936,41.400001525878906,23.690625,23.75,-42.918972793053165,79,MONTHLY_CLOSE_LT_M_EMA9,True,Weekly RSI,15
DHAMPURSUG,Agri,2022-05-06,2022-06-01,494.01347251201315,492.7815187152251,240.54246466367218,241.14532798363123,-51.30852131612205,18,MONTHLY_CLOSE_LT_M_EMA9,True,Weekly RSI,15
TATACHEM,Chemicals,2021-11-01,2022-07-01,849.9383247199537,847.818777775515,744.5456806657563,746.4117099406078,-12.400034330599603,166,MONTHLY_CLOSE_LT_M_EMA9,True,Weekly RSI,15
DHUNINV,Finance,2021-11-01,2022-07-01,595.8912210403817,594.4052080203309,564.6499031605782,566.065065825141,-5.242788746788117,166,MONTHLY_CLOSE_LT_M_EMA9,True,Weekly RSI,15
LPDC,Diversified / Other,2022-02-03,2022-07-01,10.0751251912117,10.050000190734863,6.3840000951290135,6.400000095367432,-36.63602214394686,101,MONTHLY_CLOSE_LT_M_EMA9,True,Weekly RSI,15
GREENPANEL,Construction Materials,2022-03-10,2022-07-01,479.94410528485815,478.74723719187847,428.31328601531885,429.38675289756276,-10.757673383423512,77,MONTHLY_CLOSE_LT_M_EMA9,True,Weekly RSI,15
ACCURACY,Logistics,2022-02-03,2022-08-01,20.584073197348268,20.5327413439883,20.692471328879293,20.744332159277487,0.526611669574658,122,MONTHLY_CLOSE_LT_M_EMA9,False,Weekly RSI,15
DWARKESH,Agri,2022-05-06,2022-09-01,116.20450593467494,115.91471913683287,93.03707011505588,93.27024572937933,-19.936779243864063,81,MONTHLY_CLOSE_LT_M_EMA9,True,Weekly RSI,15
GMDCLTD,Metals & Mining,2022-05-05,2022-10-03,171.5711176419185,171.14325949318555,124.48345114728194,124.79543974664855,-27.444984413350955,104,MONTHLY_CLOSE_LT_M_EMA9,True,Weekly RSI,15
DANGEE,FMCG,2022-06-02,2022-11-01,22.055,22.0,21.496124238967898,21.549999237060547,-2.5340093449653223,103,MONTHLY_CLOSE_LT_M_EMA9,True,Weekly RSI,15
AMDIND,Containers & Packaging,2022-09-26,2022-12-01,83.458125,83.25,46.03462652206421,46.150001525878906,-44.84104870309007,45,MONTHLY_CLOSE_LT_M_EMA9,True,Weekly RSI,15
ASAHIINDIA,Construction Materials,2022-08-12,2023-01-02,558.7289809257816,557.3356418212285,517.1895897287404,518.4858042393388,-7.434622619398187,96,MONTHLY_CLOSE_LT_M_EMA9,True,Weekly RSI,15
INSECTICID,Chemicals,2022-09-28,2023-02-01,637.3326921552648,635.743333820713,603.7374147408594,605.2505410935934,-5.271230838762778,86,MONTHLY_CLOSE_LT_M_EMA9,True,Weekly RSI,15
GSS,Software & IT Services,2022-08-01,2023-03-01,225.5625,225.0,223.3901219558716,223.9499969482422,-0.9630936188987123,145,MONTHLY_CLOSE_LT_M_EMA9,True,Weekly RSI,15
TNPL,Paper,2022-09-26,2023-03-01,231.00626114090656,230.43018567671479,198.54477537607696,199.04238132940046,-14.052210361964656,108,MONTHLY_CLOSE_LT_M_EMA9,True,Weekly RSI,15
GOKULAGRO,Agri,2022-06-16,2023-04-03,51.10867712020874,50.981224060058594,51.121875,51.25,0.025823168461633312,198,MONTHLY_CLOSE_LT_M_EMA9,False,Weekly RSI,15
AURIONPRO,Software & IT Services,2022-11-03,2023-04-03,195.87060556536548,195.38215018989075,154.25784650188902,154.644457646004,-21.245024971135624,103,MONTHLY_CLOSE_LT_M_EMA9,True,Weekly RSI,15
JKLAKSHMI,Construction Materials,2023-01-12,2023-06-01,748.6593256333832,746.7923447714546,644.797332531437,646.4133659463026,-13.873064763345678,93,MONTHLY_CLOSE_LT_M_EMA9,True,Weekly RSI,15
BSHSL,Agri,2022-06-10,2023-07-03,40.089976682662964,39.9900016784668,278.70149391174317,279.3999938964844,595.1899626129455,262,MONTHLY_CLOSE_LT_M_EMA9,False,Weekly RSI,15
AUTOAXLES,Automobile & Ancillaries,2023-03-02,2023-08-01,2135.1051959532965,2129.780744093064,2041.8420355665337,2046.9594341519135,-4.368082685739615,101,MONTHLY_CLOSE_LT_M_EMA9,True,Weekly RSI,15
LAMBODHARA,Textiles,2023-06-01,2023-08-01,189.530503488656,189.05785884155213,143.31490987195687,143.67409510973118,-24.384250960144406,42,MONTHLY_CLOSE_LT_M_EMA9,True,Weekly RSI,15
KAMDHENU,Metals & Mining,2023-03-01,2023-10-03,32.70816192225225,32.626595433668086,28.764907652829432,28.83700015321246,-12.055872411283731,144,MONTHLY_CLOSE_LT_M_EMA9,True,Weekly RSI,15
HILTON,Automobile & Ancillaries,2023-04-03,2024-01-01,105.0620030593872,104.80000305175781,114.7125,115.0,9.18552536558606,183,MONTHLY_CLOSE_LT_M_EMA9,False,Weekly RSI,15
ARROWGREEN,Plastic Products,2023-07-05,2024-04-01,322.8880906128568,322.0828834043459,379.958182506919,380.91045865355284,17.674882893865952,181,MONTHLY_CLOSE_LT_M_EMA9,False,Weekly RSI,15
SURYAROSNI,Diversified,2023-07-07,2024-04-01,186.77813375665207,186.31235287446592,244.7662237331575,245.3796729154461,31.046508930245796,179,MONTHLY_CLOSE_LT_M_EMA9,False,Weekly RSI,15
BAJAJCON,FMCG,2023-10-03,2024-04-01,222.33515749999293,221.7807057356538,215.4101219558716,215.9499969482422,-3.1146830856570893,120,MONTHLY_CLOSE_LT_M_EMA9,True,Weekly RSI,15
KHADIM,Footwear,2024-01-01,2024-04-01,360.8498872375488,359.95001220703125,306.78111282348635,307.54998779296875,-14.983730444806476,60,MONTHLY_CLOSE_LT_M_EMA9,True,Weekly RSI,15
DRREDDY,Healthcare,2024-04-01,2024-06-03,1223.2076620085124,1220.1572688364215,1162.8413687405307,1165.7557581358703,-4.935081355594194,41,MONTHLY_CLOSE_LT_M_EMA9,True,Weekly RSI,15
USHAMART,Metals & Mining,2021-12-01,2024-09-02,81.30627044435819,81.10351166519521,326.0925032874201,326.90977773174944,301.06685684295525,679,MONTHLY_CLOSE_LT_M_EMA9,False,Weekly RSI,15
UNIONBANK,Banks,2023-02-01,2024-09-02,70.30603852475667,70.1307117453932,114.79120501741329,115.07890227309602,63.27360697046268,387,MONTHLY_CLOSE_LT_M_EMA9,False,Weekly RSI,15
ADANIPOWER,Power,2024-04-01,2024-11-01,109.81385091781615,109.54000091552734,118.84214939117432,119.13999938964844,8.22145694545843,146,MONTHLY_CLOSE_LT_M_EMA9,False,Weekly RSI,15
TIINDIA,Automobile & Ancillaries,2021-02-01,2024-12-02,766.2998102067343,764.3888381114557,3571.8077116772265,3580.7596107039863,366.11100043384005,946,MONTHLY_CLOSE_LT_M_EMA9,False,Weekly RSI,15
TTKHLTCARE,Healthcare,2023-07-03,2024-12-02,1239.477372247262,1236.386406231683,1473.4517447222886,1477.1446062378832,18.876857110413724,348,MONTHLY_CLOSE_LT_M_EMA9,False,Weekly RSI,15
HAL,Aviation,2021-11-01,2025-01-01,608.6435540878268,607.1257397384807,4081.7814988109317,4092.0115276300066,570.6357886149458,782,MONTHLY_CLOSE_LT_M_EMA9,False,Weekly RSI,15
KEI,Electricals,2022-02-02,2025-02-01,1104.9306244884451,1102.17518652214,4045.060472039067,4055.198468209591,266.0918054390815,741,MONTHLY_CLOSE_LT_M_EMA9,False,Weekly RSI,15
ANANTRAJ,Real Estate,2022-12-01,2025-02-01,101.5114498692072,101.25830410893487,601.4747525429167,602.9822080630744,492.5191230328097,536,MONTHLY_CLOSE_LT_M_EMA9,False,Weekly RSI,15
SHILPAMED,Healthcare,2024-06-03,2025-02-01,249.32040236888795,248.69865572956405,353.53452502958453,354.42057647076143,41.799275819595415,168,MONTHLY_CLOSE_LT_M_EMA9,False,Weekly RSI,15
GPTINFRA,Infrastructure,2024-09-06,2025-02-01,158.76687896105543,158.3709515821002,106.57701353443186,106.84412384404196,-32.872010691490274,102,MONTHLY_CLOSE_LT_M_EMA9,True,Weekly RSI,15
BEL,Aviation,2022-10-03,2025-03-03,97.6272134315938,97.38375404647762,243.58408221692548,244.19456863852176,149.50428641251946,596,MONTHLY_CLOSE_LT_M_EMA9,False,Weekly RSI,15
VARDMNPOLY,Textiles,2023-08-03,2025-03-03,5.739312404394149,5.724999904632568,10.214399771690369,10.239999771118164,77.97253489581766,389,MONTHLY_CLOSE_LT_M_EMA9,False,Weekly RSI,15
SWARAJENG,Automobile & Ancillaries,2023-08-03,2025-03-03,1836.7544638476425,1832.1740287757034,2480.841376938618,2487.0590244998675,35.06657671280346,389,MONTHLY_CLOSE_LT_M_EMA9,False,Weekly RSI,15
NITCO,Construction Materials,2024-04-01,2025-03-03,58.846750764846796,58.70000076293945,96.08917682647706,96.33000183105469,63.287140883023426,229,MONTHLY_CLOSE_LT_M_EMA9,False,Weekly RSI,15
MAHSCOOTER,Automobile & Ancillaries,2024-11-01,2025-03-03,10533.011695867026,10506.74483378257,9012.143347175248,9034.730172606764,-14.4390644632868,83,MONTHLY_CLOSE_LT_M_EMA9,True,Weekly RSI,15
IPCALAB,Healthcare,2024-12-06,2025-03-03,1496.969542330751,1493.236451202744,1340.1062114994543,1343.4648736836634,-10.478725611682368,60,MONTHLY_CLOSE_LT_M_EMA9,True,Weekly RSI,15
UNICHEMLAB,Healthcare,2024-12-10,2025-03-03,798.2406249999999,796.25,613.4625,615.0,-23.148173522238356,58,MONTHLY_CLOSE_LT_M_EMA9,True,Weekly RSI,15
KITEX,Textiles,2025-01-02,2025-03-03,234.95697539198358,234.3710477725522,156.1883531166635,156.57980262322155,-33.52470048778452,42,MONTHLY_CLOSE_LT_M_EMA9,True,Weekly RSI,15
SIYSIL,Textiles,2025-02-03,2025-03-03,764.5613638544243,762.6547270368322,578.6338522770727,580.0840624331556,-24.31819345932224,19,MONTHLY_CLOSE_LT_M_EMA9,True,Weekly RSI,15
REPL,Infrastructure,2025-02-10,2025-03-03,285.7125,285.0,212.4475457382202,212.97999572753906,-25.64289425971204,14,MONTHLY_CLOSE_LT_M_EMA9,True,Weekly RSI,15
PGIL,Textiles,2025-02-13,2025-05-02,1367.4266103412679,1364.0165689189705,948.2239561179085,950.6004572610611,-30.65631830279646,49,MONTHLY_CLOSE_LT_M_EMA9,True,Weekly RSI,15
ORIENTCEM,Construction Materials,2024-09-02,2025-07-01,304.29157977919823,303.5327479094247,240.04728447651254,240.64890674337096,-21.112741716120766,206,MONTHLY_CLOSE_LT_M_EMA9,True,Weekly RSI,15
GOLDIAM,Diamond  &  Jewellery,2025-02-13,2025-07-01,315.7346543835986,314.94728616817815,255.6576005077779,256.29834637371215,-19.02770349777022,91,MONTHLY_CLOSE_LT_M_EMA9,True,Weekly RSI,15
PANACEABIO,Healthcare,2025-06-06,2025-08-01,472.47823776245116,471.29998779296875,399.09975608825687,400.1000061035156,-15.530552692055826,40,MONTHLY_CLOSE_LT_M_EMA9,True,Weekly RSI,15
CHOLAFIN,Finance,2025-06-09,2025-08-01,1621.4694933547537,1617.4259285334201,1437.2539737855614,1440.8561140707382,-11.361022845274627,39,MONTHLY_CLOSE_LT_M_EMA9,True,Weekly RSI,15
AXISBANK,Banks,2025-07-07,2025-08-01,1179.6342628674286,1176.6925315385822,1061.5188225977377,1064.1792707746743,-10.01288653506711,19,MONTHLY_CLOSE_LT_M_EMA9,True,Weekly RSI,15
TCPLPACK,Containers & Packaging,2022-09-23,2025-09-01,1129.231815379933,1126.415775940083,3344.928560269042,3353.311839868714,196.21274522305518,724,MONTHLY_CLOSE_LT_M_EMA9,False,Weekly RSI,15
SRF,Diversified,2025-04-09,2025-09-01,2753.50591898726,2746.6393206855464,2831.2616911664536,2838.3575851292767,2.823882514397943,97,MONTHLY_CLOSE_LT_M_EMA9,False,Weekly RSI,15
CAMLINFINE,Chemicals,2025-08-01,2025-09-01,281.50198776245117,280.79998779296875,199.5,200.0,-29.130162957019518,19,MONTHLY_CLOSE_LT_M_EMA9,True,Weekly RSI,15
BANARISUG,Diversified / Other,2025-06-09,2025-10-01,3986.487964495085,3976.5465980000854,3659.9273474121096,3669.10009765625,-8.191687018534285,80,MONTHLY_CLOSE_LT_M_EMA9,True,Weekly RSI,15
BSE,Unclassified,2025-07-10,2025-10-01,2534.2600135868765,2527.940163178929,2037.5122190476616,2042.618765962568,-19.60129552121768,57,MONTHLY_CLOSE_LT_M_EMA9,True,Weekly RSI,15
RALLIS,Fertilisers & Pesticides,2025-09-01,2025-10-01,344.3575500885084,343.4988030808064,299.20681942254464,299.956711200546,-13.111584355957609,22,MONTHLY_CLOSE_LT_M_EMA9,True,Weekly RSI,15
RAMANEWS,Paper,2025-05-09,2025-11-03,31.077499999999997,31.0,29.127000761032107,29.200000762939453,-6.276242422871499,122,MONTHLY_CLOSE_LT_M_EMA9,True,Weekly RSI,15
GINNIFILA,Textiles,2025-09-08,2025-12-01,47.969623470306395,47.849998474121094,40.38877667427063,40.4900016784668,-15.80343193798128,57,MONTHLY_CLOSE_LT_M_EMA9,True,Weekly RSI,15
SARDAEN,Metals & Mining,2025-10-03,2025-12-01,552.1638572240188,550.7868899990212,491.77599522530903,493.0085165166005,-10.936583626155334,39,MONTHLY_CLOSE_LT_M_EMA9,True,Weekly RSI,15
AXISCADES,Aviation,2025-04-15,2026-02-02,810.7217622375488,808.7000122070312,1142.1375,1145.0,40.87909726855753,200,MONTHLY_CLOSE_LT_M_EMA9,False,Weekly RSI,15
HCG,Healthcare,2025-05-29,2026-02-02,553.2797744750976,551.9000244140625,589.6222256469727,591.0999755859375,6.568548652687244,170,MONTHLY_CLOSE_LT_M_EMA9,False,Weekly RSI,15
JMFINANCIL,Finance,2025-08-05,2026-02-02,154.48053096535176,154.09529273351797,119.49066850593623,119.79014386560023,-22.650014368000434,122,MONTHLY_CLOSE_LT_M_EMA9,True,Weekly RSI,15
HDFCAMC,Finance,2025-10-03,2026-02-02,2739.0707974887796,2732.240196996289,2410.015481467556,2416.055620518853,-12.013392144624602,82,MONTHLY_CLOSE_LT_M_EMA9,True,Weekly RSI,15
ADANIPORTS,Infrastructure,2025-06-23,2026-04-01,1338.7105549964222,1335.3721246847103,1342.1654489405073,1345.5292721208093,0.2580762459211638,192,MONTHLY_CLOSE_LT_M_EMA9,False,Weekly RSI,15
ABCAPITAL,Finance,2025-08-01,2026-04-01,257.14125,256.5,302.2425,303.0,17.539484621778882,163,MONTHLY_CLOSE_LT_M_EMA9,False,Weekly RSI,15
NAM-INDIA,Finance,2025-12-05,2026-04-01,827.0056490719096,824.9432908447976,818.9833442548505,821.0359340900757,-0.9700423239021341,78,MONTHLY_CLOSE_LT_M_EMA9,True,Weekly RSI,15
BANKBARODA,Banks,2026-02-04,2026-04-01,277.7320340980547,277.03943550928153,244.46067038518046,245.07335376960447,-11.979663714675288,37,MONTHLY_CLOSE_LT_M_EMA9,True,Weekly RSI,15
MUTHOOTFIN,Finance,2026-02-05,2026-04-01,3609.059829432851,3600.0596802322707,3243.378093828956,3251.5068609814093,-10.132326780001328,36,MONTHLY_CLOSE_LT_M_EMA9,True,Weekly RSI,15
NORBTEAEXP,Agri,2025-05-02,2026-05-04,40.0498757648468,39.95000076293945,63.54075076103211,63.70000076293945,58.65405209771981,247,MONTHLY_CLOSE_LT_M_EMA9,False,Weekly RSI,15
FORCEMOT,Automobile & Ancillaries,2025-09-10,2026-07-01,18335.725,18290.0,18643.275,18690.0,1.6773266396611148,200,MONTHLY_CLOSE_LT_M_EMA9,False,Weekly RSI,15
OIL,Oil & Gas,2026-05-11,2026-07-01,458.1425,457.0,418.00236282348635,419.04998779296875,-8.76149607960703,37,MONTHLY_CLOSE_LT_M_EMA9,True,Weekly RSI,15
POWERGRID,Power,2026-05-18,2026-07-01,297.04073776245116,296.29998779296875,287.08048782348635,287.79998779296875,-3.353159574674299,32,MONTHLY_CLOSE_LT_M_EMA9,True,Weekly RSI,15
AVANTIFEED,Consumer Goods,2026-05-20,2026-07-01,1244.1303922984555,1241.0278227416015,919.5917514649367,921.8964926966784,-26.085580968241867,30,MONTHLY_CLOSE_LT_M_EMA9,True,Weekly RSI,15
MAHASTEEL,Metals & Mining,2024-12-09,2026-08-24,211.52749999999997,211.0,1172.7607012939454,1175.699951171875,454.4246971641728,424,END_OF_BACKTEST,False,Weekly RSI,15
CUPID,Miscellaneous,2025-06-23,2026-08-24,18.2455007648468,18.200000762939453,285.6939786529541,286.4100036621094,1465.8324884313088,293,END_OF_BACKTEST,False,Weekly RSI,15
CCL,Agri,2025-10-03,2026-08-24,861.8272251361685,859.678030061016,1079.0955487060548,1081.800048828125,25.21019494778179,222,END_OF_BACKTEST,False,Weekly RSI,15
TFCILTD,Finance,2025-11-04,2026-08-24,69.7599861769354,69.5860211241251,129.23609756469727,129.55999755859375,85.2582040898201,201,END_OF_BACKTEST,False,Weekly RSI,15
RBLBANK,Banks,2025-12-08,2026-08-24,306.67279212856033,305.9080220733769,387.03000000000003,388.0,26.20291396367277,178,END_OF_BACKTEST,False,Weekly RSI,15
TITAN,Diamond  &  Jewellery,2026-02-02,2026-08-24,3996.885032503398,3986.9177381580034,5066.302500000001,5079.0,26.756272917532144,140,END_OF_BACKTEST,False,Weekly RSI,15
LUPIN,Healthcare,2026-05-15,2026-08-24,2257.3027141097346,2251.6735302840248,2182.53,2188.0,-3.312480583235564,71,END_OF_BACKTEST,True,Weekly RSI,15
UNIVPHOTO,FMCG,2026-05-25,2026-08-24,432.5286372375488,431.45001220703125,447.97725608825687,449.1000061035156,3.571698500560442,65,END_OF_BACKTEST,False,Weekly RSI,15
ARIHANT,Real Estate,2026-07-03,2026-08-24,795.985,794.0,1004.6820121765137,1007.2000122070312,26.21871168131481,35,END_OF_BACKTEST,False,Weekly RSI,15
BHEL,Capital Goods,2026-07-09,2026-08-24,379.72506980615975,378.77812449492245,410.3714939117432,411.3999938964844,8.070687595429945,32,END_OF_BACKTEST,False,Weekly RSI,15
MAHABANK,Banks,2026-07-10,2026-08-24,83.1072515296936,82.9000015258789,80.4982469558716,80.69999694824219,-3.1393224126655515,31,END_OF_BACKTEST,True,Weekly RSI,15
ASIANPAINT,Chemicals,2019-04-12,2019-07-01,1344.512536347503,1341.1596372543672,1284.2397691317053,1287.4584151696292,-4.482871344549491,51,MONTHLY_CLOSE_LT_M_EMA9,True,3M Return,2
CANTABIL,Retailing,2019-05-03,2019-11-01,51.560024114415064,51.43144550066341,40.56641687381459,40.66808709154345,-21.321959074737713,122,MONTHLY_CLOSE_LT_M_EMA9,True,3M Return,2
BAJFINANCE,Finance,2019-07-10,2020-04-01,349.94047214801776,349.06780264141423,211.70952223423575,212.2401225405872,-39.50127547845141,179,MONTHLY_CLOSE_LT_M_EMA9,True,3M Return,2
EQ30,Unclassified,2019-11-14,2020-04-01,348.4690061187744,347.6000061035156,254.3625,255.0,-27.00570336711625,96,MONTHLY_CLOSE_LT_M_EMA9,True,3M Return,2
GMMPFAUDLR,Capital Goods,2020-07-21,2020-11-02,1358.0362759682669,1354.6496518386703,1166.0602806550348,1168.9827374987817,-14.13629361088716,73,MONTHLY_CLOSE_LT_M_EMA9,True,3M Return,2
DRREDDY,Healthcare,2020-07-09,2021-03-01,749.1182193937851,747.2500941583892,853.9227571406125,856.0629144266791,13.99038696878033,163,MONTHLY_CLOSE_LT_M_EMA9,False,3M Return,2
AARTIDRUGS,Healthcare,2020-11-02,2021-09-01,668.0135420626315,666.3476728804304,607.7741016365785,609.2973449990761,-9.017697491588434,206,MONTHLY_CLOSE_LT_M_EMA9,True,3M Return,2
SIMBHALS,Agri,2021-09-01,2021-12-01,28.4709996175766,28.399999618530273,18.653250761032105,18.700000762939453,-34.48333036569428,61,MONTHLY_CLOSE_LT_M_EMA9,True,3M Return,2
WIPRO,Software & IT Services,2021-03-02,2022-02-01,192.17020747638205,191.69098002631625,264.6276805587888,265.2909078283597,37.704841990823105,227,MONTHLY_CLOSE_LT_M_EMA9,False,3M Return,2
IRCTC,Software & IT Services,2021-12-01,2022-06-01,775.8081946098729,773.873510832791,662.5250502164699,664.1855140014736,-14.601952541938426,124,MONTHLY_CLOSE_LT_M_EMA9,True,3M Return,2
TVTODAY,Media & Entertainment,2022-02-01,2022-06-01,286.2749893158596,285.5610865993612,196.1444575688313,196.63604768805143,-31.483900134769847,81,MONTHLY_CLOSE_LT_M_EMA9,True,3M Return,2
DANGEE,FMCG,2022-06-02,2022-11-01,22.055,22.0,21.496124238967898,21.549999237060547,-2.5340093449653223,103,MONTHLY_CLOSE_LT_M_EMA9,True,3M Return,2
AURIONPRO,Software & IT Services,2022-11-03,2023-04-03,195.87060556536548,195.38215018989075,154.25784650188902,154.644457646004,-21.245024971135624,103,MONTHLY_CLOSE_LT_M_EMA9,True,3M Return,2
BSHSL,Agri,2022-06-10,2023-07-03,40.089976682662964,39.9900016784668,278.70149391174317,279.3999938964844,595.1899626129455,262,MONTHLY_CLOSE_LT_M_EMA9,False,3M Return,2
HILTON,Automobile & Ancillaries,2023-04-03,2024-01-01,105.0620030593872,104.80000305175781,114.7125,115.0,9.18552536558606,183,MONTHLY_CLOSE_LT_M_EMA9,False,3M Return,2
KHADIM,Footwear,2024-01-01,2024-04-01,360.8498872375488,359.95001220703125,306.78111282348635,307.54998779296875,-14.983730444806476,60,MONTHLY_CLOSE_LT_M_EMA9,True,3M Return,2
TTKHLTCARE,Healthcare,2023-07-03,2024-12-02,1239.477372247262,1236.386406231683,1473.4517447222886,1477.1446062378832,18.876857110413724,348,MONTHLY_CLOSE_LT_M_EMA9,False,3M Return,2
NITCO,Construction Materials,2024-04-01,2025-03-03,58.846750764846796,58.70000076293945,96.08917682647706,96.33000183105469,63.287140883023426,229,MONTHLY_CLOSE_LT_M_EMA9,False,3M Return,2
IPCALAB,Healthcare,2024-12-06,2025-03-03,1496.969542330751,1493.236451202744,1340.1062114994543,1343.4648736836634,-10.478725611682368,60,MONTHLY_CLOSE_LT_M_EMA9,True,3M Return,2
SRF,Diversified,2025-04-09,2025-09-01,2753.50591898726,2746.6393206855464,2831.2616911664536,2838.3575851292767,2.823882514397943,97,MONTHLY_CLOSE_LT_M_EMA9,False,3M Return,2
RALLIS,Fertilisers & Pesticides,2025-09-01,2025-10-01,344.3575500885084,343.4988030808064,299.20681942254464,299.956711200546,-13.111584355957609,22,MONTHLY_CLOSE_LT_M_EMA9,True,3M Return,2
AXISCADES,Aviation,2025-04-15,2026-02-02,810.7217622375488,808.7000122070312,1142.1375,1145.0,40.87909726855753,200,MONTHLY_CLOSE_LT_M_EMA9,False,3M Return,2
HCG,Healthcare,2025-10-01,2026-02-02,641.9508505249023,640.3499755859375,589.6222256469727,591.0999755859375,-8.151500202101492,83,MONTHLY_CLOSE_LT_M_EMA9,True,3M Return,2
BANKBARODA,Banks,2026-02-04,2026-04-01,277.7320340980547,277.03943550928153,244.46067038518046,245.07335376960447,-11.979663714675288,37,MONTHLY_CLOSE_LT_M_EMA9,True,3M Return,2
OIL,Oil & Gas,2026-05-11,2026-07-01,458.1425,457.0,418.00236282348635,419.04998779296875,-8.76149607960703,37,MONTHLY_CLOSE_LT_M_EMA9,True,3M Return,2
TITAN,Diamond  &  Jewellery,2026-02-02,2026-08-24,3996.885032503398,3986.9177381580034,5066.302500000001,5079.0,26.756272917532144,140,END_OF_BACKTEST,False,3M Return,2
ARIHANT,Real Estate,2026-07-03,2026-08-24,795.985,794.0,1004.6820121765137,1007.2000122070312,26.21871168131481,35,END_OF_BACKTEST,False,3M Return,2
ASIANPAINT,Chemicals,2019-04-12,2019-07-01,1344.512536347503,1341.1596372543672,1284.2397691317053,1287.4584151696292,-4.482871344549491,51,MONTHLY_CLOSE_LT_M_EMA9,True,3M Return,3
CANTABIL,Retailing,2019-05-03,2019-11-01,51.560024114415064,51.43144550066341,40.56641687381459,40.66808709154345,-21.321959074737713,122,MONTHLY_CLOSE_LT_M_EMA9,True,3M Return,3
BATAINDIA,Footwear,2019-05-10,2020-04-01,1216.081754671056,1213.0491318414524,1106.6706788283082,1109.4442895521886,-8.997016477098855,221,MONTHLY_CLOSE_LT_M_EMA9,True,3M Return,3
BAJFINANCE,Finance,2019-07-10,2020-04-01,349.94047214801776,349.06780264141423,211.70952223423575,212.2401225405872,-39.50127547845141,179,MONTHLY_CLOSE_LT_M_EMA9,True,3M Return,3
EQ30,Unclassified,2019-11-14,2020-04-01,348.4690061187744,347.6000061035156,254.3625,255.0,-27.00570336711625,96,MONTHLY_CLOSE_LT_M_EMA9,True,3M Return,3
GMMPFAUDLR,Capital Goods,2020-07-21,2020-11-02,1358.0362759682669,1354.6496518386703,1166.0602806550348,1168.9827374987817,-14.13629361088716,73,MONTHLY_CLOSE_LT_M_EMA9,True,3M Return,3
DRREDDY,Healthcare,2020-07-09,2021-03-01,749.1182193937851,747.2500941583892,853.9227571406125,856.0629144266791,13.99038696878033,163,MONTHLY_CLOSE_LT_M_EMA9,False,3M Return,3
ADANIGREEN,Miscellaneous,2020-07-27,2021-08-02,346.8148872375488,345.95001220703125,880.1940243530274,882.4000244140625,153.79361058112357,254,MONTHLY_CLOSE_LT_M_EMA9,False,3M Return,3
AARTIDRUGS,Healthcare,2020-11-02,2021-09-01,668.0135420626315,666.3476728804304,607.7741016365785,609.2973449990761,-9.017697491588434,206,MONTHLY_CLOSE_LT_M_EMA9,True,3M Return,3
RTNPOWER,Power,2021-08-02,2021-11-01,6.766875,6.75,3.840374904870987,3.8499999046325684,-43.247438368951876,62,MONTHLY_CLOSE_LT_M_EMA9,True,3M Return,3
SIMBHALS,Agri,2021-09-01,2021-12-01,28.4709996175766,28.399999618530273,18.653250761032105,18.700000762939453,-34.48333036569428,61,MONTHLY_CLOSE_LT_M_EMA9,True,3M Return,3
WIPRO,Software & IT Services,2021-03-02,2022-02-01,192.17020747638205,191.69098002631625,264.6276805587888,265.2909078283597,37.704841990823105,227,MONTHLY_CLOSE_LT_M_EMA9,False,3M Return,3
IRCTC,Software & IT Services,2021-12-01,2022-06-01,775.8081946098729,773.873510832791,662.5250502164699,664.1855140014736,-14.601952541938426,124,MONTHLY_CLOSE_LT_M_EMA9,True,3M Return,3
TVTODAY,Media & Entertainment,2022-02-01,2022-06-01,286.2749893158596,285.5610865993612,196.1444575688313,196.63604768805143,-31.483900134769847,81,MONTHLY_CLOSE_LT_M_EMA9,True,3M Return,3
TATACHEM,Chemicals,2021-11-01,2022-07-01,849.9383247199537,847.818777775515,744.5456806657563,746.4117099406078,-12.400034330599603,166,MONTHLY_CLOSE_LT_M_EMA9,True,3M Return,3
DANGEE,FMCG,2022-06-02,2022-11-01,22.055,22.0,21.496124238967898,21.549999237060547,-2.5340093449653223,103,MONTHLY_CLOSE_LT_M_EMA9,True,3M Return,3
GSS,Software & IT Services,2022-08-01,2023-03-01,225.5625,225.0,223.3901219558716,223.9499969482422,-0.9630936188987123,145,MONTHLY_CLOSE_LT_M_EMA9,True,3M Return,3
AURIONPRO,Software & IT Services,2022-11-03,2023-04-03,195.87060556536548,195.38215018989075,154.25784650188902,154.644457646004,-21.245024971135624,103,MONTHLY_CLOSE_LT_M_EMA9,True,3M Return,3
BSHSL,Agri,2022-06-10,2023-07-03,40.089976682662964,39.9900016784668,278.70149391174317,279.3999938964844,595.1899626129455,262,MONTHLY_CLOSE_LT_M_EMA9,False,3M Return,3
KAMDHENU,Metals & Mining,2023-03-01,2023-10-03,32.70816192225225,32.626595433668086,28.764907652829432,28.83700015321246,-12.055872411283731,144,MONTHLY_CLOSE_LT_M_EMA9,True,3M Return,3
HILTON,Automobile & Ancillaries,2023-04-03,2024-01-01,105.0620030593872,104.80000305175781,114.7125,115.0,9.18552536558606,183,MONTHLY_CLOSE_LT_M_EMA9,False,3M Return,3
KHADIM,Footwear,2024-01-01,2024-04-01,360.8498872375488,359.95001220703125,306.78111282348635,307.54998779296875,-14.983730444806476,60,MONTHLY_CLOSE_LT_M_EMA9,True,3M Return,3
TTKHLTCARE,Healthcare,2023-07-03,2024-12-02,1239.477372247262,1236.386406231683,1473.4517447222886,1477.1446062378832,18.876857110413724,348,MONTHLY_CLOSE_LT_M_EMA9,False,3M Return,3
GULFOILLUB,Automobile & Ancillaries,2023-10-03,2024-12-02,486.14339369505535,484.9310660299804,1040.5205625062258,1043.128383464888,114.0357301983448,285,MONTHLY_CLOSE_LT_M_EMA9,False,3M Return,3
NITCO,Construction Materials,2024-04-01,2025-03-03,58.846750764846796,58.70000076293945,96.08917682647706,96.33000183105469,63.287140883023426,229,MONTHLY_CLOSE_LT_M_EMA9,False,3M Return,3
IPCALAB,Healthcare,2024-12-06,2025-03-03,1496.969542330751,1493.236451202744,1340.1062114994543,1343.4648736836634,-10.478725611682368,60,MONTHLY_CLOSE_LT_M_EMA9,True,3M Return,3
SRF,Diversified,2025-04-09,2025-09-01,2753.50591898726,2746.6393206855464,2831.2616911664536,2838.3575851292767,2.823882514397943,97,MONTHLY_CLOSE_LT_M_EMA9,False,3M Return,3
RALLIS,Fertilisers & Pesticides,2025-09-01,2025-10-01,344.3575500885084,343.4988030808064,299.20681942254464,299.956711200546,-13.111584355957609,22,MONTHLY_CLOSE_LT_M_EMA9,True,3M Return,3
AXISCADES,Aviation,2025-04-15,2026-02-02,810.7217622375488,808.7000122070312,1142.1375,1145.0,40.87909726855753,200,MONTHLY_CLOSE_LT_M_EMA9,False,3M Return,3
HCG,Healthcare,2025-10-01,2026-02-02,641.9508505249023,640.3499755859375,589.6222256469727,591.0999755859375,-8.151500202101492,83,MONTHLY_CLOSE_LT_M_EMA9,True,3M Return,3
MAHASTEEL,Metals & Mining,2024-12-09,2026-08-24,211.52749999999997,211.0,1172.7607012939454,1175.699951171875,454.4246971641728,424,END_OF_BACKTEST,False,3M Return,3
TITAN,Diamond  &  Jewellery,2026-02-02,2026-08-24,3996.885032503398,3986.9177381580034,5066.302500000001,5079.0,26.756272917532144,140,END_OF_BACKTEST,False,3M Return,3
ASIANPAINT,Chemicals,2019-04-12,2019-07-01,1344.512536347503,1341.1596372543672,1284.2397691317053,1287.4584151696292,-4.482871344549491,51,MONTHLY_CLOSE_LT_M_EMA9,True,3M Return,5
HAVELLS,Capital Goods,2019-05-10,2019-08-01,699.9479012919053,698.2023953036462,610.7729224614168,612.3036816655807,-12.74023090374252,58,MONTHLY_CLOSE_LT_M_EMA9,True,3M Return,5
SEAMECLTD,Logistics,2019-05-13,2019-09-03,422.88563520968705,421.83105756577265,322.6497405532054,323.45838651950413,-23.702837436599115,77,MONTHLY_CLOSE_LT_M_EMA9,True,3M Return,5
CANTABIL,Retailing,2019-05-03,2019-11-01,51.560024114415064,51.43144550066341,40.56641687381459,40.66808709154345,-21.321959074737713,122,MONTHLY_CLOSE_LT_M_EMA9,True,3M Return,5
BATAINDIA,Footwear,2019-05-10,2020-04-01,1216.081754671056,1213.0491318414524,1106.6706788283082,1109.4442895521886,-8.997016477098855,221,MONTHLY_CLOSE_LT_M_EMA9,True,3M Return,5
BAJFINANCE,Finance,2019-07-10,2020-04-01,349.94047214801776,349.06780264141423,211.70952223423575,212.2401225405872,-39.50127547845141,179,MONTHLY_CLOSE_LT_M_EMA9,True,3M Return,5
PIDILITIND,Chemicals,2019-09-23,2020-04-01,694.1067127919158,692.3757733585195,655.0218420659287,656.6635008179736,-5.630959909431715,130,MONTHLY_CLOSE_LT_M_EMA9,True,3M Return,5
EQ30,Unclassified,2019-11-14,2020-04-01,348.4690061187744,347.6000061035156,254.3625,255.0,-27.00570336711625,96,MONTHLY_CLOSE_LT_M_EMA9,True,3M Return,5
GMMPFAUDLR,Capital Goods,2020-07-21,2020-11-02,1358.0362759682669,1354.6496518386703,1166.0602806550348,1168.9827374987817,-14.13629361088716,73,MONTHLY_CLOSE_LT_M_EMA9,True,3M Return,5
ABBOTINDIA,Healthcare,2019-08-02,2021-02-01,7571.327752531716,7552.446635941862,13031.927420621041,13064.588892853173,72.12208804807582,370,MONTHLY_CLOSE_LT_M_EMA9,False,3M Return,5
DRREDDY,Healthcare,2020-07-09,2021-03-01,749.1182193937851,747.2500941583892,853.9227571406125,856.0629144266791,13.99038696878033,163,MONTHLY_CLOSE_LT_M_EMA9,False,3M Return,5
COROMANDEL,Chemicals,2020-08-20,2021-05-03,729.2014541066272,727.3829966150896,698.9724864663181,700.7242972093413,-4.145489215643961,173,MONTHLY_CLOSE_LT_M_EMA9,True,3M Return,5
ADANIGREEN,Miscellaneous,2020-07-27,2021-08-02,346.8148872375488,345.95001220703125,880.1940243530274,882.4000244140625,153.79361058112357,254,MONTHLY_CLOSE_LT_M_EMA9,False,3M Return,5
AARTIDRUGS,Healthcare,2020-11-02,2021-09-01,668.0135420626315,666.3476728804304,607.7741016365785,609.2973449990761,-9.017697491588434,206,MONTHLY_CLOSE_LT_M_EMA9,True,3M Return,5
RTNPOWER,Power,2021-08-02,2021-11-01,6.766875,6.75,3.840374904870987,3.8499999046325684,-43.247438368951876,62,MONTHLY_CLOSE_LT_M_EMA9,True,3M Return,5
SIMBHALS,Agri,2021-09-01,2021-12-01,28.4709996175766,28.399999618530273,18.653250761032105,18.700000762939453,-34.48333036569428,61,MONTHLY_CLOSE_LT_M_EMA9,True,3M Return,5
WIPRO,Software & IT Services,2021-03-02,2022-02-01,192.17020747638205,191.69098002631625,264.6276805587888,265.2909078283597,37.704841990823105,227,MONTHLY_CLOSE_LT_M_EMA9,False,3M Return,5
MAHLOG,Logistics,2021-05-06,2022-02-01,513.4075432329968,512.1272251700716,573.0312157494143,574.4673842099392,11.613322262653014,185,MONTHLY_CLOSE_LT_M_EMA9,False,3M Return,5
IRCTC,Software & IT Services,2021-12-01,2022-06-01,775.8081946098729,773.873510832791,662.5250502164699,664.1855140014736,-14.601952541938426,124,MONTHLY_CLOSE_LT_M_EMA9,True,3M Return,5
TVTODAY,Media & Entertainment,2022-02-01,2022-06-01,286.2749893158596,285.5610865993612,196.1444575688313,196.63604768805143,-31.483900134769847,81,MONTHLY_CLOSE_LT_M_EMA9,True,3M Return,5
TATACHEM,Chemicals,2021-11-01,2022-07-01,849.9383247199537,847.818777775515,744.5456806657563,746.4117099406078,-12.400034330599603,166,MONTHLY_CLOSE_LT_M_EMA9,True,3M Return,5
DANGEE,FMCG,2022-06-02,2022-11-01,22.055,22.0,21.496124238967898,21.549999237060547,-2.5340093449653223,103,MONTHLY_CLOSE_LT_M_EMA9,True,3M Return,5
GSS,Software & IT Services,2022-08-01,2023-03-01,225.5625,225.0,223.3901219558716,223.9499969482422,-0.9630936188987123,145,MONTHLY_CLOSE_LT_M_EMA9,True,3M Return,5
AURIONPRO,Software & IT Services,2022-11-03,2023-04-03,195.87060556536548,195.38215018989075,154.25784650188902,154.644457646004,-21.245024971135624,103,MONTHLY_CLOSE_LT_M_EMA9,True,3M Return,5
BSHSL,Agri,2022-06-10,2023-07-03,40.089976682662964,39.9900016784668,278.70149391174317,279.3999938964844,595.1899626129455,262,MONTHLY_CLOSE_LT_M_EMA9,False,3M Return,5
KAMDHENU,Metals & Mining,2023-03-01,2023-10-03,32.70816192225225,32.626595433668086,28.764907652829432,28.83700015321246,-12.055872411283731,144,MONTHLY_CLOSE_LT_M_EMA9,True,3M Return,5
HILTON,Automobile & Ancillaries,2023-04-03,2024-01-01,105.0620030593872,104.80000305175781,114.7125,115.0,9.18552536558606,183,MONTHLY_CLOSE_LT_M_EMA9,False,3M Return,5
AARON,Capital Goods,2021-02-01,2024-03-01,24.653981437852483,24.592500187384026,125.73757923990713,126.05271101745076,410.0092232845442,763,MONTHLY_CLOSE_LT_M_EMA9,False,3M Return,5
KHADIM,Footwear,2024-01-01,2024-04-01,360.8498872375488,359.95001220703125,306.78111282348635,307.54998779296875,-14.983730444806476,60,MONTHLY_CLOSE_LT_M_EMA9,True,3M Return,5
TTKHLTCARE,Healthcare,2023-07-03,2024-12-02,1239.477372247262,1236.386406231683,1473.4517447222886,1477.1446062378832,18.876857110413724,348,MONTHLY_CLOSE_LT_M_EMA9,False,3M Return,5
GULFOILLUB,Automobile & Ancillaries,2023-10-03,2024-12-02,486.14339369505535,484.9310660299804,1040.5205625062258,1043.128383464888,114.0357301983448,285,MONTHLY_CLOSE_LT_M_EMA9,False,3M Return,5
KEI,Electricals,2022-02-02,2025-02-01,1104.9306244884451,1102.17518652214,4045.060472039067,4055.198468209591,266.0918054390815,741,MONTHLY_CLOSE_LT_M_EMA9,False,3M Return,5
PILITA,Diversified / Other,2024-03-01,2025-03-03,14.8871253824234,14.850000381469727,12.179475038051606,12.210000038146973,-18.187865520153423,247,MONTHLY_CLOSE_LT_M_EMA9,True,3M Return,5
NITCO,Construction Materials,2024-04-01,2025-03-03,58.846750764846796,58.70000076293945,96.08917682647706,96.33000183105469,63.287140883023426,229,MONTHLY_CLOSE_LT_M_EMA9,False,3M Return,5
IPCALAB,Healthcare,2024-12-06,2025-03-03,1496.969542330751,1493.236451202744,1340.1062114994543,1343.4648736836634,-10.478725611682368,60,MONTHLY_CLOSE_LT_M_EMA9,True,3M Return,5
SIYSIL,Textiles,2025-02-03,2025-03-03,764.5613638544243,762.6547270368322,578.6338522770727,580.0840624331556,-24.31819345932224,19,MONTHLY_CLOSE_LT_M_EMA9,True,3M Return,5
SRF,Diversified,2025-04-09,2025-09-01,2753.50591898726,2746.6393206855464,2831.2616911664536,2838.3575851292767,2.823882514397943,97,MONTHLY_CLOSE_LT_M_EMA9,False,3M Return,5
RALLIS,Fertilisers & Pesticides,2025-09-01,2025-10-01,344.3575500885084,343.4988030808064,299.20681942254464,299.956711200546,-13.111584355957609,22,MONTHLY_CLOSE_LT_M_EMA9,True,3M Return,5
RAMANEWS,Paper,2025-05-09,2025-11-03,31.077499999999997,31.0,29.127000761032107,29.200000762939453,-6.276242422871499,122,MONTHLY_CLOSE_LT_M_EMA9,True,3M Return,5
AXISCADES,Aviation,2025-04-15,2026-02-02,810.7217622375488,808.7000122070312,1142.1375,1145.0,40.87909726855753,200,MONTHLY_CLOSE_LT_M_EMA9,False,3M Return,5
HCG,Healthcare,2025-10-01,2026-02-02,641.9508505249023,640.3499755859375,589.6222256469727,591.0999755859375,-8.151500202101492,83,MONTHLY_CLOSE_LT_M_EMA9,True,3M Return,5
BANKBARODA,Banks,2026-02-04,2026-04-01,277.7320340980547,277.03943550928153,244.46067038518046,245.07335376960447,-11.979663714675288,37,MONTHLY_CLOSE_LT_M_EMA9,True,3M Return,5
NORBTEAEXP,Agri,2025-05-02,2026-05-04,40.0498757648468,39.95000076293945,63.54075076103211,63.70000076293945,58.65405209771981,247,MONTHLY_CLOSE_LT_M_EMA9,False,3M Return,5
OIL,Oil & Gas,2026-05-11,2026-07-01,458.1425,457.0,418.00236282348635,419.04998779296875,-8.76149607960703,37,MONTHLY_CLOSE_LT_M_EMA9,True,3M Return,5
MAHASTEEL,Metals & Mining,2024-12-09,2026-08-24,211.52749999999997,211.0,1172.7607012939454,1175.699951171875,454.4246971641728,424,END_OF_BACKTEST,False,3M Return,5
TFCILTD,Finance,2025-11-04,2026-08-24,69.7599861769354,69.5860211241251,129.23609756469727,129.55999755859375,85.2582040898201,201,END_OF_BACKTEST,False,3M Return,5
TITAN,Diamond  &  Jewellery,2026-02-02,2026-08-24,3996.885032503398,3986.9177381580034,5066.302500000001,5079.0,26.756272917532144,140,END_OF_BACKTEST,False,3M Return,5
LUPIN,Healthcare,2026-05-15,2026-08-24,2257.3027141097346,2251.6735302840248,2182.53,2188.0,-3.312480583235564,71,END_OF_BACKTEST,True,3M Return,5
ARIHANT,Real Estate,2026-07-03,2026-08-24,795.985,794.0,1004.6820121765137,1007.2000122070312,26.21871168131481,35,END_OF_BACKTEST,False,3M Return,5
ASIANPAINT,Chemicals,2019-04-12,2019-07-01,1344.512536347503,1341.1596372543672,1284.2397691317053,1287.4584151696292,-4.482871344549491,51,MONTHLY_CLOSE_LT_M_EMA9,True,3M Return,7
HAVELLS,Capital Goods,2019-05-10,2019-08-01,699.9479012919053,698.2023953036462,610.7729224614168,612.3036816655807,-12.74023090374252,58,MONTHLY_CLOSE_LT_M_EMA9,True,3M Return,7
SEAMECLTD,Logistics,2019-05-13,2019-09-03,422.88563520968705,421.83105756577265,322.6497405532054,323.45838651950413,-23.702837436599115,77,MONTHLY_CLOSE_LT_M_EMA9,True,3M Return,7
CANTABIL,Retailing,2019-05-03,2019-11-01,51.560024114415064,51.43144550066341,40.56641687381459,40.66808709154345,-21.321959074737713,122,MONTHLY_CLOSE_LT_M_EMA9,True,3M Return,7
BATAINDIA,Footwear,2019-05-10,2020-04-01,1216.081754671056,1213.0491318414524,1106.6706788283082,1109.4442895521886,-8.997016477098855,221,MONTHLY_CLOSE_LT_M_EMA9,True,3M Return,7
MUTHOOTFIN,Finance,2019-05-13,2020-04-01,510.7882130162825,509.5144269489102,550.4542044433783,551.8337889156675,7.76564345384207,220,MONTHLY_CLOSE_LT_M_EMA9,False,3M Return,7
BAJFINANCE,Finance,2019-07-10,2020-04-01,349.94047214801776,349.06780264141423,211.70952223423575,212.2401225405872,-39.50127547845141,179,MONTHLY_CLOSE_LT_M_EMA9,True,3M Return,7
PIDILITIND,Chemicals,2019-09-23,2020-04-01,694.1067127919158,692.3757733585195,655.0218420659287,656.6635008179736,-5.630959909431715,130,MONTHLY_CLOSE_LT_M_EMA9,True,3M Return,7
EQ30,Unclassified,2019-11-14,2020-04-01,348.4690061187744,347.6000061035156,254.3625,255.0,-27.00570336711625,96,MONTHLY_CLOSE_LT_M_EMA9,True,3M Return,7
GMMPFAUDLR,Capital Goods,2020-07-21,2020-11-02,1358.0362759682669,1354.6496518386703,1166.0602806550348,1168.9827374987817,-14.13629361088716,73,MONTHLY_CLOSE_LT_M_EMA9,True,3M Return,7
ABBOTINDIA,Healthcare,2019-08-02,2021-02-01,7571.327752531716,7552.446635941862,13031.927420621041,13064.588892853173,72.12208804807582,370,MONTHLY_CLOSE_LT_M_EMA9,False,3M Return,7
DRREDDY,Healthcare,2020-07-09,2021-03-01,749.1182193937851,747.2500941583892,853.9227571406125,856.0629144266791,13.99038696878033,163,MONTHLY_CLOSE_LT_M_EMA9,False,3M Return,7
COROMANDEL,Chemicals,2020-08-20,2021-05-03,729.2014541066272,727.3829966150896,698.9724864663181,700.7242972093413,-4.145489215643961,173,MONTHLY_CLOSE_LT_M_EMA9,True,3M Return,7
ADANIGREEN,Miscellaneous,2020-07-27,2021-08-02,346.8148872375488,345.95001220703125,880.1940243530274,882.4000244140625,153.79361058112357,254,MONTHLY_CLOSE_LT_M_EMA9,False,3M Return,7
AARTIDRUGS,Healthcare,2020-11-02,2021-09-01,668.0135420626315,666.3476728804304,607.7741016365785,609.2973449990761,-9.017697491588434,206,MONTHLY_CLOSE_LT_M_EMA9,True,3M Return,7
RTNPOWER,Power,2021-08-02,2021-11-01,6.766875,6.75,3.840374904870987,3.8499999046325684,-43.247438368951876,62,MONTHLY_CLOSE_LT_M_EMA9,True,3M Return,7
SIMBHALS,Agri,2021-09-01,2021-12-01,28.4709996175766,28.399999618530273,18.653250761032105,18.700000762939453,-34.48333036569428,61,MONTHLY_CLOSE_LT_M_EMA9,True,3M Return,7
DIVISLAB,Healthcare,2019-05-13,2022-02-01,1572.154170032027,1568.23358606686,3923.61986996216,3933.4535037214637,149.5696633799108,676,MONTHLY_CLOSE_LT_M_EMA9,False,3M Return,7
WIPRO,Software & IT Services,2021-03-02,2022-02-01,192.17020747638205,191.69098002631625,264.6276805587888,265.2909078283597,37.704841990823105,227,MONTHLY_CLOSE_LT_M_EMA9,False,3M Return,7
MAHLOG,Logistics,2021-05-06,2022-02-01,513.4075432329968,512.1272251700716,573.0312157494143,574.4673842099392,11.613322262653014,185,MONTHLY_CLOSE_LT_M_EMA9,False,3M Return,7
IRCTC,Software & IT Services,2021-12-01,2022-06-01,775.8081946098729,773.873510832791,662.5250502164699,664.1855140014736,-14.601952541938426,124,MONTHLY_CLOSE_LT_M_EMA9,True,3M Return,7
TVTODAY,Media & Entertainment,2022-02-01,2022-06-01,286.2749893158596,285.5610865993612,196.1444575688313,196.63604768805143,-31.483900134769847,81,MONTHLY_CLOSE_LT_M_EMA9,True,3M Return,7
MACPOWER,Capital Goods,2021-02-01,2022-07-01,96.87707149505614,96.63548278808594,193.91932926583763,194.40534262239362,100.17051121919367,351,MONTHLY_CLOSE_LT_M_EMA9,False,3M Return,7
TATACHEM,Chemicals,2021-11-01,2022-07-01,849.9383247199537,847.818777775515,744.5456806657563,746.4117099406078,-12.400034330599603,166,MONTHLY_CLOSE_LT_M_EMA9,True,3M Return,7
LPDC,Diversified / Other,2022-02-03,2022-07-01,10.0751251912117,10.050000190734863,6.3840000951290135,6.400000095367432,-36.63602214394686,101,MONTHLY_CLOSE_LT_M_EMA9,True,3M Return,7
DANGEE,FMCG,2022-06-02,2022-11-01,22.055,22.0,21.496124238967898,21.549999237060547,-2.5340093449653223,103,MONTHLY_CLOSE_LT_M_EMA9,True,3M Return,7
ASAHIINDIA,Construction Materials,2022-08-12,2023-01-02,558.7289809257816,557.3356418212285,517.1895897287404,518.4858042393388,-7.434622619398187,96,MONTHLY_CLOSE_LT_M_EMA9,True,3M Return,7
INSECTICID,Chemicals,2023-01-09,2023-02-01,720.5472257613482,718.7503498866316,603.7374147408594,605.2505410935934,-16.211263723493566,16,MONTHLY_CLOSE_LT_M_EMA9,True,3M Return,7
GSS,Software & IT Services,2022-08-01,2023-03-01,225.5625,225.0,223.3901219558716,223.9499969482422,-0.9630936188987123,145,MONTHLY_CLOSE_LT_M_EMA9,True,3M Return,7
AURIONPRO,Software & IT Services,2022-11-03,2023-04-03,195.87060556536548,195.38215018989075,154.25784650188902,154.644457646004,-21.245024971135624,103,MONTHLY_CLOSE_LT_M_EMA9,True,3M Return,7
BSHSL,Agri,2022-06-10,2023-07-03,40.089976682662964,39.9900016784668,278.70149391174317,279.3999938964844,595.1899626129455,262,MONTHLY_CLOSE_LT_M_EMA9,False,3M Return,7
KAMDHENU,Metals & Mining,2023-03-01,2023-10-03,32.70816192225225,32.626595433668086,28.764907652829432,28.83700015321246,-12.055872411283731,144,MONTHLY_CLOSE_LT_M_EMA9,True,3M Return,7
HILTON,Automobile & Ancillaries,2023-04-03,2024-01-01,105.0620030593872,104.80000305175781,114.7125,115.0,9.18552536558606,183,MONTHLY_CLOSE_LT_M_EMA9,False,3M Return,7
AARON,Capital Goods,2021-02-01,2024-03-01,24.653981437852483,24.592500187384026,125.73757923990713,126.05271101745076,410.0092232845442,763,MONTHLY_CLOSE_LT_M_EMA9,False,3M Return,7
ARROWGREEN,Plastic Products,2023-07-05,2024-04-01,322.8880906128568,322.0828834043459,379.958182506919,380.91045865355284,17.674882893865952,181,MONTHLY_CLOSE_LT_M_EMA9,False,3M Return,7
KHADIM,Footwear,2024-01-01,2024-04-01,360.8498872375488,359.95001220703125,306.78111282348635,307.54998779296875,-14.983730444806476,60,MONTHLY_CLOSE_LT_M_EMA9,True,3M Return,7
UNIONBANK,Banks,2023-02-01,2024-09-02,70.30603852475667,70.1307117453932,114.79120501741329,115.07890227309602,63.27360697046268,387,MONTHLY_CLOSE_LT_M_EMA9,False,3M Return,7
DHANBANK,Diversified / Other,2024-04-01,2024-09-02,42.606249999999996,42.5,39.29152439117432,39.38999938964844,-7.77990461217703,103,MONTHLY_CLOSE_LT_M_EMA9,True,3M Return,7
TTKHLTCARE,Healthcare,2023-07-03,2024-12-02,1239.477372247262,1236.386406231683,1473.4517447222886,1477.1446062378832,18.876857110413724,348,MONTHLY_CLOSE_LT_M_EMA9,False,3M Return,7
GULFOILLUB,Automobile & Ancillaries,2023-10-03,2024-12-02,486.14339369505535,484.9310660299804,1040.5205625062258,1043.128383464888,114.0357301983448,285,MONTHLY_CLOSE_LT_M_EMA9,False,3M Return,7
HAL,Aviation,2024-09-02,2025-01-01,4613.408322946594,4601.903564036503,4081.7814988109317,4092.0115276300066,-11.523515520865736,83,MONTHLY_CLOSE_LT_M_EMA9,True,3M Return,7
KEI,Electricals,2022-02-02,2025-02-01,1104.9306244884451,1102.17518652214,4045.060472039067,4055.198468209591,266.0918054390815,741,MONTHLY_CLOSE_LT_M_EMA9,False,3M Return,7
PILITA,Diversified / Other,2024-03-01,2025-03-03,14.8871253824234,14.850000381469727,12.179475038051606,12.210000038146973,-18.187865520153423,247,MONTHLY_CLOSE_LT_M_EMA9,True,3M Return,7
NITCO,Construction Materials,2024-04-01,2025-03-03,58.846750764846796,58.70000076293945,96.08917682647706,96.33000183105469,63.287140883023426,229,MONTHLY_CLOSE_LT_M_EMA9,False,3M Return,7
IPCALAB,Healthcare,2024-12-06,2025-03-03,1496.969542330751,1493.236451202744,1340.1062114994543,1343.4648736836634,-10.478725611682368,60,MONTHLY_CLOSE_LT_M_EMA9,True,3M Return,7
KITEX,Textiles,2025-01-02,2025-03-03,234.95697539198358,234.3710477725522,156.1883531166635,156.57980262322155,-33.52470048778452,42,MONTHLY_CLOSE_LT_M_EMA9,True,3M Return,7
SIYSIL,Textiles,2025-02-03,2025-03-03,764.5613638544243,762.6547270368322,578.6338522770727,580.0840624331556,-24.31819345932224,19,MONTHLY_CLOSE_LT_M_EMA9,True,3M Return,7
ORIENTCEM,Construction Materials,2024-09-02,2025-07-01,304.29157977919823,303.5327479094247,240.04728447651254,240.64890674337096,-21.112741716120766,206,MONTHLY_CLOSE_LT_M_EMA9,True,3M Return,7
AXISBANK,Banks,2025-07-07,2025-08-01,1179.6342628674286,1176.6925315385822,1061.5188225977377,1064.1792707746743,-10.01288653506711,19,MONTHLY_CLOSE_LT_M_EMA9,True,3M Return,7
SRF,Diversified,2025-04-09,2025-09-01,2753.50591898726,2746.6393206855464,2831.2616911664536,2838.3575851292767,2.823882514397943,97,MONTHLY_CLOSE_LT_M_EMA9,False,3M Return,7
CAMLINFINE,Chemicals,2025-08-01,2025-09-01,281.50198776245117,280.79998779296875,199.5,200.0,-29.130162957019518,19,MONTHLY_CLOSE_LT_M_EMA9,True,3M Return,7
RALLIS,Fertilisers & Pesticides,2025-09-01,2025-10-01,344.3575500885084,343.4988030808064,299.20681942254464,299.956711200546,-13.111584355957609,22,MONTHLY_CLOSE_LT_M_EMA9,True,3M Return,7
RAMANEWS,Paper,2025-05-09,2025-11-03,31.077499999999997,31.0,29.127000761032107,29.200000762939453,-6.276242422871499,122,MONTHLY_CLOSE_LT_M_EMA9,True,3M Return,7
GINNIFILA,Textiles,2025-09-08,2025-12-01,47.969623470306395,47.849998474121094,40.38877667427063,40.4900016784668,-15.80343193798128,57,MONTHLY_CLOSE_LT_M_EMA9,True,3M Return,7
SARDAEN,Metals & Mining,2025-10-03,2025-12-01,552.1638572240188,550.7868899990212,491.77599522530903,493.0085165166005,-10.936583626155334,39,MONTHLY_CLOSE_LT_M_EMA9,True,3M Return,7
AXISCADES,Aviation,2025-04-15,2026-02-02,810.7217622375488,808.7000122070312,1142.1375,1145.0,40.87909726855753,200,MONTHLY_CLOSE_LT_M_EMA9,False,3M Return,7
HCG,Healthcare,2025-05-29,2026-02-02,553.2797744750976,551.9000244140625,589.6222256469727,591.0999755859375,6.568548652687244,170,MONTHLY_CLOSE_LT_M_EMA9,False,3M Return,7
NAM-INDIA,Finance,2025-12-05,2026-04-01,827.0056490719096,824.9432908447976,818.9833442548505,821.0359340900757,-0.9700423239021341,78,MONTHLY_CLOSE_LT_M_EMA9,True,3M Return,7
BANKBARODA,Banks,2026-02-04,2026-04-01,277.7320340980547,277.03943550928153,244.46067038518046,245.07335376960447,-11.979663714675288,37,MONTHLY_CLOSE_LT_M_EMA9,True,3M Return,7
MUTHOOTFIN,Finance,2026-02-05,2026-04-01,3609.059829432851,3600.0596802322707,3243.378093828956,3251.5068609814093,-10.132326780001328,36,MONTHLY_CLOSE_LT_M_EMA9,True,3M Return,7
NORBTEAEXP,Agri,2025-05-02,2026-05-04,40.0498757648468,39.95000076293945,63.54075076103211,63.70000076293945,58.65405209771981,247,MONTHLY_CLOSE_LT_M_EMA9,False,3M Return,7
OIL,Oil & Gas,2026-05-11,2026-07-01,458.1425,457.0,418.00236282348635,419.04998779296875,-8.76149607960703,37,MONTHLY_CLOSE_LT_M_EMA9,True,3M Return,7
POWERGRID,Power,2026-05-18,2026-07-01,297.04073776245116,296.29998779296875,287.08048782348635,287.79998779296875,-3.353159574674299,32,MONTHLY_CLOSE_LT_M_EMA9,True,3M Return,7
AVANTIFEED,Consumer Goods,2026-05-20,2026-07-01,1244.1303922984555,1241.0278227416015,919.5917514649367,921.8964926966784,-26.085580968241867,30,MONTHLY_CLOSE_LT_M_EMA9,True,3M Return,7
MAHASTEEL,Metals & Mining,2024-12-09,2026-08-24,211.52749999999997,211.0,1172.7607012939454,1175.699951171875,454.4246971641728,424,END_OF_BACKTEST,False,3M Return,7
TFCILTD,Finance,2025-11-04,2026-08-24,69.7599861769354,69.5860211241251,129.23609756469727,129.55999755859375,85.2582040898201,201,END_OF_BACKTEST,False,3M Return,7
TITAN,Diamond  &  Jewellery,2026-02-02,2026-08-24,3996.885032503398,3986.9177381580034,5066.302500000001,5079.0,26.756272917532144,140,END_OF_BACKTEST,False,3M Return,7
LUPIN,Healthcare,2026-05-15,2026-08-24,2257.3027141097346,2251.6735302840248,2182.53,2188.0,-3.312480583235564,71,END_OF_BACKTEST,True,3M Return,7
ARIHANT,Real Estate,2026-07-03,2026-08-24,795.985,794.0,1004.6820121765137,1007.2000122070312,26.21871168131481,35,END_OF_BACKTEST,False,3M Return,7
BHEL,Capital Goods,2026-07-09,2026-08-24,379.72506980615975,378.77812449492245,410.3714939117432,411.3999938964844,8.070687595429945,32,END_OF_BACKTEST,False,3M Return,7
UNIVCABLES,Electricals,2026-07-10,2026-08-24,1104.0251954797855,1101.2720154411825,1627.6207012939453,1631.699951171875,47.426046792946295,31,END_OF_BACKTEST,False,3M Return,7
ASIANPAINT,Chemicals,2019-04-12,2019-07-01,1344.512536347503,1341.1596372543672,1284.2397691317053,1287.4584151696292,-4.482871344549491,51,MONTHLY_CLOSE_LT_M_EMA9,True,3M Return,10
HAVELLS,Capital Goods,2019-05-10,2019-08-01,699.9479012919053,698.2023953036462,610.7729224614168,612.3036816655807,-12.74023090374252,58,MONTHLY_CLOSE_LT_M_EMA9,True,3M Return,10
SUVEN,Healthcare,2019-05-17,2019-08-01,11.868521718978881,11.838924407958984,10.48636696100235,10.512648582458496,-11.645551069484382,53,MONTHLY_CLOSE_LT_M_EMA9,True,3M Return,10
SEAMECLTD,Logistics,2019-05-13,2019-09-03,422.88563520968705,421.83105756577265,322.6497405532054,323.45838651950413,-23.702837436599115,77,MONTHLY_CLOSE_LT_M_EMA9,True,3M Return,10
CANTABIL,Retailing,2019-05-03,2019-11-01,51.560024114415064,51.43144550066341,40.56641687381459,40.66808709154345,-21.321959074737713,122,MONTHLY_CLOSE_LT_M_EMA9,True,3M Return,10
POWERGRID,Power,2019-08-08,2019-12-02,76.95655591850222,76.7646443077329,76.2968800842247,76.48810033506234,-0.8572055056311579,74,MONTHLY_CLOSE_LT_M_EMA9,True,3M Return,10
PRESTIGE,Real Estate,2019-05-15,2020-03-02,240.9058474878859,240.30508477594603,289.52850347894287,290.2541388260079,20.18326101175356,197,MONTHLY_CLOSE_LT_M_EMA9,False,3M Return,10
BATAINDIA,Footwear,2019-05-10,2020-04-01,1216.081754671056,1213.0491318414524,1106.6706788283082,1109.4442895521886,-8.997016477098855,221,MONTHLY_CLOSE_LT_M_EMA9,True,3M Return,10
MUTHOOTFIN,Finance,2019-05-13,2020-04-01,510.7882130162825,509.5144269489102,550.4542044433783,551.8337889156675,7.76564345384207,220,MONTHLY_CLOSE_LT_M_EMA9,False,3M Return,10
BAJFINANCE,Finance,2019-07-10,2020-04-01,349.94047214801776,349.06780264141423,211.70952223423575,212.2401225405872,-39.50127547845141,179,MONTHLY_CLOSE_LT_M_EMA9,True,3M Return,10
PIDILITIND,Chemicals,2019-09-23,2020-04-01,694.1067127919158,692.3757733585195,655.0218420659287,656.6635008179736,-5.630959909431715,130,MONTHLY_CLOSE_LT_M_EMA9,True,3M Return,10
EQ30,Unclassified,2019-11-14,2020-04-01,348.4690061187744,347.6000061035156,254.3625,255.0,-27.00570336711625,96,MONTHLY_CLOSE_LT_M_EMA9,True,3M Return,10
DYNPRO,Chemicals,2019-12-02,2020-04-01,138.10432842560678,137.75992860409656,115.95974029541016,116.2503662109375,-16.03468072481547,84,MONTHLY_CLOSE_LT_M_EMA9,True,3M Return,10
WELCORP,Metals & Mining,2020-03-04,2020-04-01,157.5856499390375,157.1926682683666,56.80495355987549,56.94732186453683,-63.952965525826336,19,MONTHLY_CLOSE_LT_M_EMA9,True,3M Return,10
GMMPFAUDLR,Capital Goods,2020-07-21,2020-11-02,1358.0362759682669,1354.6496518386703,1166.0602806550348,1168.9827374987817,-14.13629361088716,73,MONTHLY_CLOSE_LT_M_EMA9,True,3M Return,10
IPCALAB,Healthcare,2019-05-20,2021-02-01,452.97806425965035,451.84844315177094,913.5505323753033,915.8401327070709,101.67655002641571,423,MONTHLY_CLOSE_LT_M_EMA9,False,3M Return,10
ABBOTINDIA,Healthcare,2019-08-02,2021-02-01,7571.327752531716,7552.446635941862,13031.927420621041,13064.588892853173,72.12208804807582,370,MONTHLY_CLOSE_LT_M_EMA9,False,3M Return,10
DRREDDY,Healthcare,2020-07-09,2021-03-01,749.1182193937851,747.2500941583892,853.9227571406125,856.0629144266791,13.99038696878033,163,MONTHLY_CLOSE_LT_M_EMA9,False,3M Return,10
COROMANDEL,Chemicals,2020-08-20,2021-05-03,729.2014541066272,727.3829966150896,698.9724864663181,700.7242972093413,-4.145489215643961,173,MONTHLY_CLOSE_LT_M_EMA9,True,3M Return,10
ADANIGREEN,Miscellaneous,2020-07-27,2021-08-02,346.8148872375488,345.95001220703125,880.1940243530274,882.4000244140625,153.79361058112357,254,MONTHLY_CLOSE_LT_M_EMA9,False,3M Return,10
AARTIDRUGS,Healthcare,2020-11-02,2021-09-01,668.0135420626315,666.3476728804304,607.7741016365785,609.2973449990761,-9.017697491588434,206,MONTHLY_CLOSE_LT_M_EMA9,True,3M Return,10
RTNPOWER,Power,2021-08-02,2021-11-01,6.766875,6.75,3.840374904870987,3.8499999046325684,-43.247438368951876,62,MONTHLY_CLOSE_LT_M_EMA9,True,3M Return,10
CYBERTECH,Software & IT Services,2021-02-01,2021-12-01,107.03234759960745,106.76543401457103,127.1527743917848,127.47145302434566,18.798454152799643,205,MONTHLY_CLOSE_LT_M_EMA9,False,3M Return,10
SIMBHALS,Agri,2021-09-01,2021-12-01,28.4709996175766,28.399999618530273,18.653250761032105,18.700000762939453,-34.48333036569428,61,MONTHLY_CLOSE_LT_M_EMA9,True,3M Return,10
DIVISLAB,Healthcare,2019-05-13,2022-02-01,1572.154170032027,1568.23358606686,3923.61986996216,3933.4535037214637,149.5696633799108,676,MONTHLY_CLOSE_LT_M_EMA9,False,3M Return,10
LALPATHLAB,Healthcare,2020-09-02,2022-02-01,866.4846568804802,864.3238472623244,1441.4488281930123,1445.0614818977567,66.35595526671175,352,MONTHLY_CLOSE_LT_M_EMA9,False,3M Return,10
WIPRO,Software & IT Services,2021-03-02,2022-02-01,192.17020747638205,191.69098002631625,264.6276805587888,265.2909078283597,37.704841990823105,227,MONTHLY_CLOSE_LT_M_EMA9,False,3M Return,10
MAHLOG,Logistics,2021-05-06,2022-02-01,513.4075432329968,512.1272251700716,573.0312157494143,574.4673842099392,11.613322262653014,185,MONTHLY_CLOSE_LT_M_EMA9,False,3M Return,10
IRCTC,Software & IT Services,2021-12-01,2022-06-01,775.8081946098729,773.873510832791,662.5250502164699,664.1855140014736,-14.601952541938426,124,MONTHLY_CLOSE_LT_M_EMA9,True,3M Return,10
AMBIKCO,Textiles,2021-12-01,2022-06-01,1734.604651442471,1730.2789540573278,1671.0157383545825,1675.203747723892,-3.665902373489488,124,MONTHLY_CLOSE_LT_M_EMA9,True,3M Return,10
TVTODAY,Media & Entertainment,2022-02-01,2022-06-01,286.2749893158596,285.5610865993612,196.1444575688313,196.63604768805143,-31.483900134769847,81,MONTHLY_CLOSE_LT_M_EMA9,True,3M Return,10
MINDTECK,Software & IT Services,2022-02-03,2022-06-01,144.30474124493696,143.94487904731866,97.66262041242231,97.90738888463389,-32.32196006182931,79,MONTHLY_CLOSE_LT_M_EMA9,True,3M Return,10
MACPOWER,Capital Goods,2021-02-01,2022-07-01,96.87707149505614,96.63548278808594,193.91932926583763,194.40534262239362,100.17051121919367,351,MONTHLY_CLOSE_LT_M_EMA9,False,3M Return,10
SURANAT&P,Electricals,2021-08-02,2022-07-01,6.867124904394149,6.849999904632568,9.875249619483949,9.899999618530273,43.80471823317142,228,MONTHLY_CLOSE_LT_M_EMA9,False,3M Return,10
TATACHEM,Chemicals,2021-11-01,2022-07-01,849.9383247199537,847.818777775515,744.5456806657563,746.4117099406078,-12.400034330599603,166,MONTHLY_CLOSE_LT_M_EMA9,True,3M Return,10
LPDC,Diversified / Other,2022-02-03,2022-07-01,10.0751251912117,10.050000190734863,6.3840000951290135,6.400000095367432,-36.63602214394686,101,MONTHLY_CLOSE_LT_M_EMA9,True,3M Return,10
ACCURACY,Logistics,2022-06-13,2022-08-01,23.05686457018291,22.999366154795922,20.692471328879293,20.744332159277487,-10.25461737916111,35,MONTHLY_CLOSE_LT_M_EMA9,True,3M Return,10
DANGEE,FMCG,2022-06-02,2022-11-01,22.055,22.0,21.496124238967898,21.549999237060547,-2.5340093449653223,103,MONTHLY_CLOSE_LT_M_EMA9,True,3M Return,10
AMDIND,Containers & Packaging,2022-09-26,2022-12-01,83.458125,83.25,46.03462652206421,46.150001525878906,-44.84104870309007,45,MONTHLY_CLOSE_LT_M_EMA9,True,3M Return,10
ASAHIINDIA,Construction Materials,2022-08-12,2023-01-02,558.7289809257816,557.3356418212285,517.1895897287404,518.4858042393388,-7.434622619398187,96,MONTHLY_CLOSE_LT_M_EMA9,True,3M Return,10
INSECTICID,Chemicals,2023-01-09,2023-02-01,720.5472257613482,718.7503498866316,603.7374147408594,605.2505410935934,-16.211263723493566,16,MONTHLY_CLOSE_LT_M_EMA9,True,3M Return,10
GSS,Software & IT Services,2022-08-01,2023-03-01,225.5625,225.0,223.3901219558716,223.9499969482422,-0.9630936188987123,145,MONTHLY_CLOSE_LT_M_EMA9,True,3M Return,10
AURIONPRO,Software & IT Services,2022-11-03,2023-04-03,195.87060556536548,195.38215018989075,154.25784650188902,154.644457646004,-21.245024971135624,103,MONTHLY_CLOSE_LT_M_EMA9,True,3M Return,10
BSHSL,Agri,2022-06-10,2023-07-03,40.089976682662964,39.9900016784668,278.70149391174317,279.3999938964844,595.1899626129455,262,MONTHLY_CLOSE_LT_M_EMA9,False,3M Return,10
KAMDHENU,Metals & Mining,2023-03-01,2023-10-03,32.70816192225225,32.626595433668086,28.764907652829432,28.83700015321246,-12.055872411283731,144,MONTHLY_CLOSE_LT_M_EMA9,True,3M Return,10
HILTON,Automobile & Ancillaries,2023-04-03,2024-01-01,105.0620030593872,104.80000305175781,114.7125,115.0,9.18552536558606,183,MONTHLY_CLOSE_LT_M_EMA9,False,3M Return,10
AARON,Capital Goods,2021-02-01,2024-03-01,24.653981437852483,24.592500187384026,125.73757923990713,126.05271101745076,410.0092232845442,763,MONTHLY_CLOSE_LT_M_EMA9,False,3M Return,10
ARROWGREEN,Plastic Products,2023-07-05,2024-04-01,322.8880906128568,322.0828834043459,379.958182506919,380.91045865355284,17.674882893865952,181,MONTHLY_CLOSE_LT_M_EMA9,False,3M Return,10
SURYAROSNI,Diversified,2023-07-07,2024-04-01,186.77813375665207,186.31235287446592,244.7662237331575,245.3796729154461,31.046508930245796,179,MONTHLY_CLOSE_LT_M_EMA9,False,3M Return,10
KHADIM,Footwear,2024-01-01,2024-04-01,360.8498872375488,359.95001220703125,306.78111282348635,307.54998779296875,-14.983730444806476,60,MONTHLY_CLOSE_LT_M_EMA9,True,3M Return,10
UNIONBANK,Banks,2023-02-01,2024-09-02,70.30603852475667,70.1307117453932,114.79120501741329,115.07890227309602,63.27360697046268,387,MONTHLY_CLOSE_LT_M_EMA9,False,3M Return,10
DHANBANK,Diversified / Other,2024-04-01,2024-09-02,42.606249999999996,42.5,39.29152439117432,39.38999938964844,-7.77990461217703,103,MONTHLY_CLOSE_LT_M_EMA9,True,3M Return,10
JBMA,Automobile & Ancillaries,2024-04-01,2024-10-01,912.3460262047093,910.0708490820044,899.2411062495794,901.4948433579743,-1.4363979870275136,124,MONTHLY_CLOSE_LT_M_EMA9,True,3M Return,10
TTKHLTCARE,Healthcare,2023-07-03,2024-12-02,1239.477372247262,1236.386406231683,1473.4517447222886,1477.1446062378832,18.876857110413724,348,MONTHLY_CLOSE_LT_M_EMA9,False,3M Return,10
GULFOILLUB,Automobile & Ancillaries,2023-10-03,2024-12-02,486.14339369505535,484.9310660299804,1040.5205625062258,1043.128383464888,114.0357301983448,285,MONTHLY_CLOSE_LT_M_EMA9,False,3M Return,10
INSECTICID,Chemicals,2024-10-01,2024-12-02,873.129282199613,870.9519024435043,755.5857905828314,757.4794893060965,-13.462323852048883,41,MONTHLY_CLOSE_LT_M_EMA9,True,3M Return,10
HAL,Aviation,2024-09-02,2025-01-01,4613.408322946594,4601.903564036503,4081.7814988109317,4092.0115276300066,-11.523515520865736,83,MONTHLY_CLOSE_LT_M_EMA9,True,3M Return,10
KEI,Electricals,2022-02-02,2025-02-01,1104.9306244884451,1102.17518652214,4045.060472039067,4055.198468209591,266.0918054390815,741,MONTHLY_CLOSE_LT_M_EMA9,False,3M Return,10
ANANTRAJ,Real Estate,2022-12-01,2025-02-01,101.5114498692072,101.25830410893487,601.4747525429167,602.9822080630744,492.5191230328097,536,MONTHLY_CLOSE_LT_M_EMA9,False,3M Return,10
PILITA,Diversified / Other,2024-03-01,2025-03-03,14.8871253824234,14.850000381469727,12.179475038051606,12.210000038146973,-18.187865520153423,247,MONTHLY_CLOSE_LT_M_EMA9,True,3M Return,10
NITCO,Construction Materials,2024-04-01,2025-03-03,58.846750764846796,58.70000076293945,96.08917682647706,96.33000183105469,63.287140883023426,229,MONTHLY_CLOSE_LT_M_EMA9,False,3M Return,10
IPCALAB,Healthcare,2024-12-06,2025-03-03,1496.969542330751,1493.236451202744,1340.1062114994543,1343.4648736836634,-10.478725611682368,60,MONTHLY_CLOSE_LT_M_EMA9,True,3M Return,10
UNICHEMLAB,Healthcare,2024-12-10,2025-03-03,798.2406249999999,796.25,613.4625,615.0,-23.148173522238356,58,MONTHLY_CLOSE_LT_M_EMA9,True,3M Return,10
KITEX,Textiles,2025-01-02,2025-03-03,234.95697539198358,234.3710477725522,156.1883531166635,156.57980262322155,-33.52470048778452,42,MONTHLY_CLOSE_LT_M_EMA9,True,3M Return,10
SIYSIL,Textiles,2025-02-03,2025-03-03,764.5613638544243,762.6547270368322,578.6338522770727,580.0840624331556,-24.31819345932224,19,MONTHLY_CLOSE_LT_M_EMA9,True,3M Return,10
REPL,Infrastructure,2025-02-10,2025-03-03,285.7125,285.0,212.4475457382202,212.97999572753906,-25.64289425971204,14,MONTHLY_CLOSE_LT_M_EMA9,True,3M Return,10
ORIENTCEM,Construction Materials,2024-09-02,2025-07-01,304.29157977919823,303.5327479094247,240.04728447651254,240.64890674337096,-21.112741716120766,206,MONTHLY_CLOSE_LT_M_EMA9,True,3M Return,10
PANACEABIO,Healthcare,2025-06-06,2025-08-01,472.47823776245116,471.29998779296875,399.09975608825687,400.1000061035156,-15.530552692055826,40,MONTHLY_CLOSE_LT_M_EMA9,True,3M Return,10
AXISBANK,Banks,2025-07-07,2025-08-01,1179.6342628674286,1176.6925315385822,1061.5188225977377,1064.1792707746743,-10.01288653506711,19,MONTHLY_CLOSE_LT_M_EMA9,True,3M Return,10
TCPLPACK,Containers & Packaging,2022-09-23,2025-09-01,1129.231815379933,1126.415775940083,3344.928560269042,3353.311839868714,196.21274522305518,724,MONTHLY_CLOSE_LT_M_EMA9,False,3M Return,10
SRF,Diversified,2025-04-09,2025-09-01,2753.50591898726,2746.6393206855464,2831.2616911664536,2838.3575851292767,2.823882514397943,97,MONTHLY_CLOSE_LT_M_EMA9,False,3M Return,10
CAMLINFINE,Chemicals,2025-08-01,2025-09-01,281.50198776245117,280.79998779296875,199.5,200.0,-29.130162957019518,19,MONTHLY_CLOSE_LT_M_EMA9,True,3M Return,10
RALLIS,Fertilisers & Pesticides,2025-09-01,2025-10-01,344.3575500885084,343.4988030808064,299.20681942254464,299.956711200546,-13.111584355957609,22,MONTHLY_CLOSE_LT_M_EMA9,True,3M Return,10
RAMANEWS,Paper,2025-05-09,2025-11-03,31.077499999999997,31.0,29.127000761032107,29.200000762939453,-6.276242422871499,122,MONTHLY_CLOSE_LT_M_EMA9,True,3M Return,10
GINNIFILA,Textiles,2025-09-08,2025-12-01,47.969623470306395,47.849998474121094,40.38877667427063,40.4900016784668,-15.80343193798128,57,MONTHLY_CLOSE_LT_M_EMA9,True,3M Return,10
SARDAEN,Metals & Mining,2025-10-03,2025-12-01,552.1638572240188,550.7868899990212,491.77599522530903,493.0085165166005,-10.936583626155334,39,MONTHLY_CLOSE_LT_M_EMA9,True,3M Return,10
AXISCADES,Aviation,2025-04-15,2026-02-02,810.7217622375488,808.7000122070312,1142.1375,1145.0,40.87909726855753,200,MONTHLY_CLOSE_LT_M_EMA9,False,3M Return,10
HCG,Healthcare,2025-05-29,2026-02-02,553.2797744750976,551.9000244140625,589.6222256469727,591.0999755859375,6.568548652687244,170,MONTHLY_CLOSE_LT_M_EMA9,False,3M Return,10
ABCAPITAL,Finance,2025-08-01,2026-04-01,257.14125,256.5,302.2425,303.0,17.539484621778882,163,MONTHLY_CLOSE_LT_M_EMA9,False,3M Return,10
NAM-INDIA,Finance,2025-12-05,2026-04-01,827.0056490719096,824.9432908447976,818.9833442548505,821.0359340900757,-0.9700423239021341,78,MONTHLY_CLOSE_LT_M_EMA9,True,3M Return,10
BANKBARODA,Banks,2026-02-04,2026-04-01,277.7320340980547,277.03943550928153,244.46067038518046,245.07335376960447,-11.979663714675288,37,MONTHLY_CLOSE_LT_M_EMA9,True,3M Return,10
NORBTEAEXP,Agri,2025-05-02,2026-05-04,40.0498757648468,39.95000076293945,63.54075076103211,63.70000076293945,58.65405209771981,247,MONTHLY_CLOSE_LT_M_EMA9,False,3M Return,10
FORCEMOT,Automobile & Ancillaries,2025-09-10,2026-07-01,18335.725,18290.0,18643.275,18690.0,1.6773266396611148,200,MONTHLY_CLOSE_LT_M_EMA9,False,3M Return,10
OIL,Oil & Gas,2026-05-11,2026-07-01,458.1425,457.0,418.00236282348635,419.04998779296875,-8.76149607960703,37,MONTHLY_CLOSE_LT_M_EMA9,True,3M Return,10
POWERGRID,Power,2026-05-18,2026-07-01,297.04073776245116,296.29998779296875,287.08048782348635,287.79998779296875,-3.353159574674299,32,MONTHLY_CLOSE_LT_M_EMA9,True,3M Return,10
AVANTIFEED,Consumer Goods,2026-05-20,2026-07-01,1244.1303922984555,1241.0278227416015,919.5917514649367,921.8964926966784,-26.085580968241867,30,MONTHLY_CLOSE_LT_M_EMA9,True,3M Return,10
MAHASTEEL,Metals & Mining,2024-12-09,2026-08-24,211.52749999999997,211.0,1172.7607012939454,1175.699951171875,454.4246971641728,424,END_OF_BACKTEST,False,3M Return,10
TFCILTD,Finance,2025-11-04,2026-08-24,69.7599861769354,69.5860211241251,129.23609756469727,129.55999755859375,85.2582040898201,201,END_OF_BACKTEST,False,3M Return,10
SALSTEEL,Metals & Mining,2025-12-08,2026-08-24,35.87947591781616,35.790000915527344,76.86734756469727,77.05999755859375,114.23765425327284,176,END_OF_BACKTEST,False,3M Return,10
TITAN,Diamond  &  Jewellery,2026-02-02,2026-08-24,3996.885032503398,3986.9177381580034,5066.302500000001,5079.0,26.756272917532144,140,END_OF_BACKTEST,False,3M Return,10
LUPIN,Healthcare,2026-05-15,2026-08-24,2257.3027141097346,2251.6735302840248,2182.53,2188.0,-3.312480583235564,71,END_OF_BACKTEST,True,3M Return,10
ARIHANT,Real Estate,2026-07-03,2026-08-24,795.985,794.0,1004.6820121765137,1007.2000122070312,26.21871168131481,35,END_OF_BACKTEST,False,3M Return,10
BHEL,Capital Goods,2026-07-09,2026-08-24,379.72506980615975,378.77812449492245,410.3714939117432,411.3999938964844,8.070687595429945,32,END_OF_BACKTEST,False,3M Return,10
UNIVCABLES,Electricals,2026-07-10,2026-08-24,1104.0251954797855,1101.2720154411825,1627.6207012939453,1631.699951171875,47.426046792946295,31,END_OF_BACKTEST,False,3M Return,10
ASIANPAINT,Chemicals,2019-04-12,2019-07-01,1344.512536347503,1341.1596372543672,1284.2397691317053,1287.4584151696292,-4.482871344549491,51,MONTHLY_CLOSE_LT_M_EMA9,True,3M Return,15
HAVELLS,Capital Goods,2019-05-10,2019-08-01,699.9479012919053,698.2023953036462,610.7729224614168,612.3036816655807,-12.74023090374252,58,MONTHLY_CLOSE_LT_M_EMA9,True,3M Return,15
SUVEN,Healthcare,2019-05-17,2019-08-01,11.868521718978881,11.838924407958984,10.48636696100235,10.512648582458496,-11.645551069484382,53,MONTHLY_CLOSE_LT_M_EMA9,True,3M Return,15
TRIVENI,Agri,2019-06-24,2019-08-01,62.88908817157098,62.73225752775161,50.4208240556712,50.547192035760595,-19.825798844283554,28,MONTHLY_CLOSE_LT_M_EMA9,True,3M Return,15
SEAMECLTD,Logistics,2019-05-13,2019-09-03,422.88563520968705,421.83105756577265,322.6497405532054,323.45838651950413,-23.702837436599115,77,MONTHLY_CLOSE_LT_M_EMA9,True,3M Return,15
PGHH,FMCG,2019-06-20,2019-09-03,9539.985583434533,9516.195095695295,9159.823213345026,9182.78016375441,-3.984936526000945,50,MONTHLY_CLOSE_LT_M_EMA9,True,3M Return,15
CANTABIL,Retailing,2019-05-03,2019-11-01,51.560024114415064,51.43144550066341,40.56641687381459,40.66808709154345,-21.321959074737713,122,MONTHLY_CLOSE_LT_M_EMA9,True,3M Return,15
POWERGRID,Power,2019-08-08,2019-12-02,76.95655591850222,76.7646443077329,76.2968800842247,76.48810033506234,-0.8572055056311579,74,MONTHLY_CLOSE_LT_M_EMA9,True,3M Return,15
HEIDELBERG,Cement & Cement Products,2019-06-24,2020-01-01,149.15823068456285,148.78626502200785,141.6314321048523,141.98639810010255,-5.0461838714271705,128,MONTHLY_CLOSE_LT_M_EMA9,True,3M Return,15
AGROPHOS,Chemicals,2019-08-26,2020-01-01,79.60797241712417,79.40944879513634,69.51459022521973,69.68881225585938,-12.678858518111547,85,MONTHLY_CLOSE_LT_M_EMA9,True,3M Return,15
PRESTIGE,Real Estate,2019-05-15,2020-03-02,240.9058474878859,240.30508477594603,289.52850347894287,290.2541388260079,20.18326101175356,197,MONTHLY_CLOSE_LT_M_EMA9,False,3M Return,15
BALRAMCHIN,Agri,2019-06-21,2020-03-02,132.36865832561384,132.03856192081182,136.98371878442995,137.32703637536838,3.4865205383161957,171,MONTHLY_CLOSE_LT_M_EMA9,False,3M Return,15
BATAINDIA,Footwear,2019-05-10,2020-04-01,1216.081754671056,1213.0491318414524,1106.6706788283082,1109.4442895521886,-8.997016477098855,221,MONTHLY_CLOSE_LT_M_EMA9,True,3M Return,15
MUTHOOTFIN,Finance,2019-05-13,2020-04-01,510.7882130162825,509.5144269489102,550.4542044433783,551.8337889156675,7.76564345384207,220,MONTHLY_CLOSE_LT_M_EMA9,False,3M Return,15
HONAUT,Consumer Durables,2019-06-27,2020-04-01,24167.253847446424,24106.986381492694,25503.352011962586,25567.270187431164,5.52854773219233,188,MONTHLY_CLOSE_LT_M_EMA9,False,3M Return,15
BAJFINANCE,Finance,2019-07-10,2020-04-01,349.94047214801776,349.06780264141423,211.70952223423575,212.2401225405872,-39.50127547845141,179,MONTHLY_CLOSE_LT_M_EMA9,True,3M Return,15
PIDILITIND,Chemicals,2019-09-23,2020-04-01,694.1067127919158,692.3757733585195,655.0218420659287,656.6635008179736,-5.630959909431715,130,MONTHLY_CLOSE_LT_M_EMA9,True,3M Return,15
EQ30,Unclassified,2019-11-14,2020-04-01,348.4690061187744,347.6000061035156,254.3625,255.0,-27.00570336711625,96,MONTHLY_CLOSE_LT_M_EMA9,True,3M Return,15
ATUL,Chemicals,2019-11-18,2020-04-01,3957.15917721823,3947.290949843621,3892.18879260963,3901.943651738977,-1.6418441032809872,94,MONTHLY_CLOSE_LT_M_EMA9,True,3M Return,15
DYNPRO,Chemicals,2019-12-02,2020-04-01,138.10432842560678,137.75992860409656,115.95974029541016,116.2503662109375,-16.03468072481547,84,MONTHLY_CLOSE_LT_M_EMA9,True,3M Return,15
PIIND,Chemicals,2020-01-09,2020-04-01,1421.3733784471212,1417.8288064310436,1150.4408994574537,1153.3242099824097,-19.06131654763836,57,MONTHLY_CLOSE_LT_M_EMA9,True,3M Return,15
WELCORP,Metals & Mining,2020-03-04,2020-04-01,157.5856499390375,157.1926682683666,56.80495355987549,56.94732186453683,-63.952965525826336,19,MONTHLY_CLOSE_LT_M_EMA9,True,3M Return,15
ESABINDIA,Capital Goods,2020-03-04,2020-04-01,1269.041654589312,1265.8769621838524,937.9170782542591,940.2677476233173,-26.092490749817948,19,MONTHLY_CLOSE_LT_M_EMA9,True,3M Return,15
GMMPFAUDLR,Capital Goods,2020-07-21,2020-11-02,1358.0362759682669,1354.6496518386703,1166.0602806550348,1168.9827374987817,-14.13629361088716,73,MONTHLY_CLOSE_LT_M_EMA9,True,3M Return,15
IPCALAB,Healthcare,2019-05-20,2021-02-01,452.97806425965035,451.84844315177094,913.5505323753033,915.8401327070709,101.67655002641571,423,MONTHLY_CLOSE_LT_M_EMA9,False,3M Return,15
ABBOTINDIA,Healthcare,2019-08-02,2021-02-01,7571.327752531716,7552.446635941862,13031.927420621041,13064.588892853173,72.12208804807582,370,MONTHLY_CLOSE_LT_M_EMA9,False,3M Return,15
DRREDDY,Healthcare,2020-07-09,2021-03-01,749.1182193937851,747.2500941583892,853.9227571406125,856.0629144266791,13.99038696878033,163,MONTHLY_CLOSE_LT_M_EMA9,False,3M Return,15
ITI,Telecom,2020-09-11,2021-04-01,138.79612194061278,138.4499969482422,115.36087652206422,115.6500015258789,-16.884654333912792,138,MONTHLY_CLOSE_LT_M_EMA9,True,3M Return,15
COROMANDEL,Chemicals,2020-08-20,2021-05-03,729.2014541066272,727.3829966150896,698.9724864663181,700.7242972093413,-4.145489215643961,173,MONTHLY_CLOSE_LT_M_EMA9,True,3M Return,15
ADANIGREEN,Miscellaneous,2020-07-27,2021-08-02,346.8148872375488,345.95001220703125,880.1940243530274,882.4000244140625,153.79361058112357,254,MONTHLY_CLOSE_LT_M_EMA9,False,3M Return,15
APLLTD,Healthcare,2020-09-04,2021-08-02,871.7425943069296,869.5686726253663,744.072293980442,745.9371368224982,-14.645412666567081,225,MONTHLY_CLOSE_LT_M_EMA9,True,3M Return,15
AARTIDRUGS,Healthcare,2020-11-02,2021-09-01,668.0135420626315,666.3476728804304,607.7741016365785,609.2973449990761,-9.017697491588434,206,MONTHLY_CLOSE_LT_M_EMA9,True,3M Return,15
BERGEPAINT,Chemicals,2020-01-08,2021-11-01,388.28256994870975,387.3142842381145,602.031978929839,603.5408310073574,55.04996245630201,451,MONTHLY_CLOSE_LT_M_EMA9,False,3M Return,15
BHARATRAS,Chemicals,2020-09-11,2021-11-01,2329.1459327650305,2323.337588793048,2573.9761637156535,2580.4272317951413,10.51158828249007,282,MONTHLY_CLOSE_LT_M_EMA9,False,3M Return,15
RTNPOWER,Power,2021-08-02,2021-11-01,6.766875,6.75,3.840374904870987,3.8499999046325684,-43.247438368951876,62,MONTHLY_CLOSE_LT_M_EMA9,True,3M Return,15
CYBERTECH,Software & IT Services,2021-02-01,2021-12-01,107.03234759960745,106.76543401457103,127.1527743917848,127.47145302434566,18.798454152799643,205,MONTHLY_CLOSE_LT_M_EMA9,False,3M Return,15
SIMBHALS,Agri,2021-09-01,2021-12-01,28.4709996175766,28.399999618530273,18.653250761032105,18.700000762939453,-34.48333036569428,61,MONTHLY_CLOSE_LT_M_EMA9,True,3M Return,15
DIVISLAB,Healthcare,2019-05-13,2022-02-01,1572.154170032027,1568.23358606686,3923.61986996216,3933.4535037214637,149.5696633799108,676,MONTHLY_CLOSE_LT_M_EMA9,False,3M Return,15
LALPATHLAB,Healthcare,2020-09-02,2022-02-01,866.4846568804802,864.3238472623244,1441.4488281930123,1445.0614818977567,66.35595526671175,352,MONTHLY_CLOSE_LT_M_EMA9,False,3M Return,15
WIPRO,Software & IT Services,2021-03-02,2022-02-01,192.17020747638205,191.69098002631625,264.6276805587888,265.2909078283597,37.704841990823105,227,MONTHLY_CLOSE_LT_M_EMA9,False,3M Return,15
MAHLOG,Logistics,2021-05-06,2022-02-01,513.4075432329968,512.1272251700716,573.0312157494143,574.4673842099392,11.613322262653014,185,MONTHLY_CLOSE_LT_M_EMA9,False,3M Return,15
SAGCEM,Construction Materials,2021-11-01,2022-02-01,278.9257737573324,278.23019826167825,240.94151441776503,241.54537786242108,-13.618052870443584,63,MONTHLY_CLOSE_LT_M_EMA9,True,3M Return,15
IRCTC,Software & IT Services,2021-12-01,2022-06-01,775.8081946098729,773.873510832791,662.5250502164699,664.1855140014736,-14.601952541938426,124,MONTHLY_CLOSE_LT_M_EMA9,True,3M Return,15
AMBIKCO,Textiles,2021-12-01,2022-06-01,1734.604651442471,1730.2789540573278,1671.0157383545825,1675.203747723892,-3.665902373489488,124,MONTHLY_CLOSE_LT_M_EMA9,True,3M Return,15
TVTODAY,Media & Entertainment,2022-02-01,2022-06-01,286.2749893158596,285.5610865993612,196.1444575688313,196.63604768805143,-31.483900134769847,81,MONTHLY_CLOSE_LT_M_EMA9,True,3M Return,15
MINDTECK,Software & IT Services,2022-02-03,2022-06-01,144.30474124493696,143.94487904731866,97.66262041242231,97.90738888463389,-32.32196006182931,79,MONTHLY_CLOSE_LT_M_EMA9,True,3M Return,15
CALSOFT,Diversified / Other,2022-02-03,2022-06-01,41.5035015296936,41.400001525878906,23.690625,23.75,-42.918972793053165,79,MONTHLY_CLOSE_LT_M_EMA9,True,3M Return,15
MACPOWER,Capital Goods,2021-02-01,2022-07-01,96.87707149505614,96.63548278808594,193.91932926583763,194.40534262239362,100.17051121919367,351,MONTHLY_CLOSE_LT_M_EMA9,False,3M Return,15
SURANAT&P,Electricals,2021-08-02,2022-07-01,6.867124904394149,6.849999904632568,9.875249619483949,9.899999618530273,43.80471823317142,228,MONTHLY_CLOSE_LT_M_EMA9,False,3M Return,15
TATACHEM,Chemicals,2021-11-01,2022-07-01,849.9383247199537,847.818777775515,744.5456806657563,746.4117099406078,-12.400034330599603,166,MONTHLY_CLOSE_LT_M_EMA9,True,3M Return,15
LPDC,Diversified / Other,2022-02-03,2022-07-01,10.0751251912117,10.050000190734863,6.3840000951290135,6.400000095367432,-36.63602214394686,101,MONTHLY_CLOSE_LT_M_EMA9,True,3M Return,15
JPPOWER,Power,2021-08-02,2022-08-01,4.962374808788299,4.949999809265137,6.483750000000001,6.5,30.658208011965694,249,MONTHLY_CLOSE_LT_M_EMA9,False,3M Return,15
ACCURACY,Logistics,2022-06-13,2022-08-01,23.05686457018291,22.999366154795922,20.692471328879293,20.744332159277487,-10.25461737916111,35,MONTHLY_CLOSE_LT_M_EMA9,True,3M Return,15
DANGEE,FMCG,2022-06-02,2022-11-01,22.055,22.0,21.496124238967898,21.549999237060547,-2.5340093449653223,103,MONTHLY_CLOSE_LT_M_EMA9,True,3M Return,15
TALBROAUTO,Automobile & Ancillaries,2021-04-01,2022-12-01,41.0006345106138,40.89838853926564,91.67663968974635,91.90640570400636,123.5980998440746,413,MONTHLY_CLOSE_LT_M_EMA9,False,3M Return,15
AMDIND,Containers & Packaging,2022-09-26,2022-12-01,83.458125,83.25,46.03462652206421,46.150001525878906,-44.84104870309007,45,MONTHLY_CLOSE_LT_M_EMA9,True,3M Return,15
ASAHIINDIA,Construction Materials,2022-08-12,2023-01-02,558.7289809257816,557.3356418212285,517.1895897287404,518.4858042393388,-7.434622619398187,96,MONTHLY_CLOSE_LT_M_EMA9,True,3M Return,15
ARCHIDPLY,Construction Materials,2022-09-28,2023-02-01,84.41049694061279,84.19999694824219,66.33375000000001,66.5,-21.415283164759376,86,MONTHLY_CLOSE_LT_M_EMA9,True,3M Return,15
INSECTICID,Chemicals,2023-01-09,2023-02-01,720.5472257613482,718.7503498866316,603.7374147408594,605.2505410935934,-16.211263723493566,16,MONTHLY_CLOSE_LT_M_EMA9,True,3M Return,15
GSS,Software & IT Services,2022-08-01,2023-03-01,225.5625,225.0,223.3901219558716,223.9499969482422,-0.9630936188987123,145,MONTHLY_CLOSE_LT_M_EMA9,True,3M Return,15
TNPL,Paper,2022-09-26,2023-03-01,231.00626114090656,230.43018567671479,198.54477537607696,199.04238132940046,-14.052210361964656,108,MONTHLY_CLOSE_LT_M_EMA9,True,3M Return,15
DSSL,Software & IT Services,2021-02-01,2023-04-03,59.35683233585797,59.20881031008277,327.2315370941162,328.0516662597656,451.2954856528502,538,MONTHLY_CLOSE_LT_M_EMA9,False,3M Return,15
AURIONPRO,Software & IT Services,2022-11-03,2023-04-03,195.87060556536548,195.38215018989075,154.25784650188902,154.644457646004,-21.245024971135624,103,MONTHLY_CLOSE_LT_M_EMA9,True,3M Return,15
BSHSL,Agri,2022-06-10,2023-07-03,40.089976682662964,39.9900016784668,278.70149391174317,279.3999938964844,595.1899626129455,262,MONTHLY_CLOSE_LT_M_EMA9,False,3M Return,15
AUTOAXLES,Automobile & Ancillaries,2023-03-02,2023-08-01,2135.1051959532965,2129.780744093064,2041.8420355665337,2046.9594341519135,-4.368082685739615,101,MONTHLY_CLOSE_LT_M_EMA9,True,3M Return,15
KAMDHENU,Metals & Mining,2023-03-01,2023-10-03,32.70816192225225,32.626595433668086,28.764907652829432,28.83700015321246,-12.055872411283731,144,MONTHLY_CLOSE_LT_M_EMA9,True,3M Return,15
HILTON,Automobile & Ancillaries,2023-04-03,2024-01-01,105.0620030593872,104.80000305175781,114.7125,115.0,9.18552536558606,183,MONTHLY_CLOSE_LT_M_EMA9,False,3M Return,15
AARON,Capital Goods,2021-02-01,2024-03-01,24.653981437852483,24.592500187384026,125.73757923990713,126.05271101745076,410.0092232845442,763,MONTHLY_CLOSE_LT_M_EMA9,False,3M Return,15
SAFARI,FMCG,2022-12-02,2024-04-01,837.3242282596442,835.2361379148571,1712.6543782979402,1716.9467451608423,104.53897313560914,326,MONTHLY_CLOSE_LT_M_EMA9,False,3M Return,15
ARROWGREEN,Plastic Products,2023-07-05,2024-04-01,322.8880906128568,322.0828834043459,379.958182506919,380.91045865355284,17.674882893865952,181,MONTHLY_CLOSE_LT_M_EMA9,False,3M Return,15
SURYAROSNI,Diversified,2023-07-07,2024-04-01,186.77813375665207,186.31235287446592,244.7662237331575,245.3796729154461,31.046508930245796,179,MONTHLY_CLOSE_LT_M_EMA9,False,3M Return,15
KHADIM,Footwear,2024-01-01,2024-04-01,360.8498872375488,359.95001220703125,306.78111282348635,307.54998779296875,-14.983730444806476,60,MONTHLY_CLOSE_LT_M_EMA9,True,3M Return,15
UNIONBANK,Banks,2023-02-01,2024-09-02,70.30603852475667,70.1307117453932,114.79120501741329,115.07890227309602,63.27360697046268,387,MONTHLY_CLOSE_LT_M_EMA9,False,3M Return,15
DHANBANK,Diversified / Other,2024-04-01,2024-09-02,42.606249999999996,42.5,39.29152439117432,39.38999938964844,-7.77990461217703,103,MONTHLY_CLOSE_LT_M_EMA9,True,3M Return,15
IRCON,Infrastructure,2023-07-17,2024-10-01,77.5141620083886,77.32085985874174,222.532726834331,223.09045296674785,187.08654143774203,297,MONTHLY_CLOSE_LT_M_EMA9,False,3M Return,15
JBMA,Automobile & Ancillaries,2024-04-01,2024-10-01,912.3460262047093,910.0708490820044,899.2411062495794,901.4948433579743,-1.4363979870275136,124,MONTHLY_CLOSE_LT_M_EMA9,True,3M Return,15
TTKHLTCARE,Healthcare,2023-07-03,2024-12-02,1239.477372247262,1236.386406231683,1473.4517447222886,1477.1446062378832,18.876857110413724,348,MONTHLY_CLOSE_LT_M_EMA9,False,3M Return,15
GULFOILLUB,Automobile & Ancillaries,2023-10-03,2024-12-02,486.14339369505535,484.9310660299804,1040.5205625062258,1043.128383464888,114.0357301983448,285,MONTHLY_CLOSE_LT_M_EMA9,False,3M Return,15
INSECTICID,Chemicals,2024-10-01,2024-12-02,873.129282199613,870.9519024435043,755.5857905828314,757.4794893060965,-13.462323852048883,41,MONTHLY_CLOSE_LT_M_EMA9,True,3M Return,15
AUROPHARMA,Healthcare,2024-10-04,2024-12-02,1456.1788077817914,1452.547439183832,1255.1310727886378,1258.2767647003886,-13.806528011447389,39,MONTHLY_CLOSE_LT_M_EMA9,True,3M Return,15
HAL,Aviation,2021-11-01,2025-01-01,608.6435540878268,607.1257397384807,4081.7814988109317,4092.0115276300066,570.6357886149458,782,MONTHLY_CLOSE_LT_M_EMA9,False,3M Return,15
JPPOWER,Power,2024-03-01,2025-01-01,18.6465003824234,18.600000381469727,17.655750761032106,17.700000762939453,-5.3133274398513795,204,MONTHLY_CLOSE_LT_M_EMA9,True,3M Return,15
KEI,Electricals,2022-02-02,2025-02-01,1104.9306244884451,1102.17518652214,4045.060472039067,4055.198468209591,266.0918054390815,741,MONTHLY_CLOSE_LT_M_EMA9,False,3M Return,15
ANANTRAJ,Real Estate,2022-12-01,2025-02-01,101.5114498692072,101.25830410893487,601.4747525429167,602.9822080630744,492.5191230328097,536,MONTHLY_CLOSE_LT_M_EMA9,False,3M Return,15
GPTINFRA,Infrastructure,2024-09-06,2025-02-01,158.76687896105543,158.3709515821002,106.57701353443186,106.84412384404196,-32.872010691490274,102,MONTHLY_CLOSE_LT_M_EMA9,True,3M Return,15
ERIS,Healthcare,2024-10-01,2025-02-01,1321.3982625764925,1318.103005063833,1211.5629100279784,1214.5994085493517,-8.312055166044683,85,MONTHLY_CLOSE_LT_M_EMA9,True,3M Return,15
NAVKARCORP,Logistics,2025-01-08,2025-02-01,151.3775,151.0,123.14137195587159,123.44999694824219,-18.65279056935701,18,MONTHLY_CLOSE_LT_M_EMA9,True,3M Return,15
VARDMNPOLY,Textiles,2023-08-03,2025-03-03,5.739312404394149,5.724999904632568,10.214399771690369,10.239999771118164,77.97253489581766,389,MONTHLY_CLOSE_LT_M_EMA9,False,3M Return,15
PILITA,Diversified / Other,2024-03-01,2025-03-03,14.8871253824234,14.850000381469727,12.179475038051606,12.210000038146973,-18.187865520153423,247,MONTHLY_CLOSE_LT_M_EMA9,True,3M Return,15
NITCO,Construction Materials,2024-04-01,2025-03-03,58.846750764846796,58.70000076293945,96.08917682647706,96.33000183105469,63.287140883023426,229,MONTHLY_CLOSE_LT_M_EMA9,False,3M Return,15
IPCALAB,Healthcare,2024-12-06,2025-03-03,1496.969542330751,1493.236451202744,1340.1062114994543,1343.4648736836634,-10.478725611682368,60,MONTHLY_CLOSE_LT_M_EMA9,True,3M Return,15
UNICHEMLAB,Healthcare,2024-12-10,2025-03-03,798.2406249999999,796.25,613.4625,615.0,-23.148173522238356,58,MONTHLY_CLOSE_LT_M_EMA9,True,3M Return,15
KITEX,Textiles,2025-01-02,2025-03-03,234.95697539198358,234.3710477725522,156.1883531166635,156.57980262322155,-33.52470048778452,42,MONTHLY_CLOSE_LT_M_EMA9,True,3M Return,15
EMKAY,Diversified / Other,2025-01-06,2025-03-03,306.43902229309083,305.6748352050781,187.65307411193848,188.12338256835938,-38.763323056011,40,MONTHLY_CLOSE_LT_M_EMA9,True,3M Return,15
SIYSIL,Textiles,2025-02-03,2025-03-03,764.5613638544243,762.6547270368322,578.6338522770727,580.0840624331556,-24.31819345932224,19,MONTHLY_CLOSE_LT_M_EMA9,True,3M Return,15
REPL,Infrastructure,2025-02-10,2025-03-03,285.7125,285.0,212.4475457382202,212.97999572753906,-25.64289425971204,14,MONTHLY_CLOSE_LT_M_EMA9,True,3M Return,15
PGIL,Textiles,2025-02-13,2025-05-02,1367.4266103412679,1364.0165689189705,948.2239561179085,950.6004572610611,-30.65631830279646,49,MONTHLY_CLOSE_LT_M_EMA9,True,3M Return,15
ORIENTCEM,Construction Materials,2024-09-02,2025-07-01,304.29157977919823,303.5327479094247,240.04728447651254,240.64890674337096,-21.112741716120766,206,MONTHLY_CLOSE_LT_M_EMA9,True,3M Return,15
GOLDIAM,Diamond  &  Jewellery,2025-02-13,2025-07-01,315.7346543835986,314.94728616817815,255.6576005077779,256.29834637371215,-19.02770349777022,91,MONTHLY_CLOSE_LT_M_EMA9,True,3M Return,15
PANACEABIO,Healthcare,2025-06-06,2025-08-01,472.47823776245116,471.29998779296875,399.09975608825687,400.1000061035156,-15.530552692055826,40,MONTHLY_CLOSE_LT_M_EMA9,True,3M Return,15
CHOLAFIN,Finance,2025-06-09,2025-08-01,1621.4694933547537,1617.4259285334201,1437.2539737855614,1440.8561140707382,-11.361022845274627,39,MONTHLY_CLOSE_LT_M_EMA9,True,3M Return,15
AXISBANK,Banks,2025-07-07,2025-08-01,1179.6342628674286,1176.6925315385822,1061.5188225977377,1064.1792707746743,-10.01288653506711,19,MONTHLY_CLOSE_LT_M_EMA9,True,3M Return,15
TCPLPACK,Containers & Packaging,2022-09-23,2025-09-01,1129.231815379933,1126.415775940083,3344.928560269042,3353.311839868714,196.21274522305518,724,MONTHLY_CLOSE_LT_M_EMA9,False,3M Return,15
SRF,Diversified,2025-04-09,2025-09-01,2753.50591898726,2746.6393206855464,2831.2616911664536,2838.3575851292767,2.823882514397943,97,MONTHLY_CLOSE_LT_M_EMA9,False,3M Return,15
CAMLINFINE,Chemicals,2025-08-01,2025-09-01,281.50198776245117,280.79998779296875,199.5,200.0,-29.130162957019518,19,MONTHLY_CLOSE_LT_M_EMA9,True,3M Return,15
BANARISUG,Diversified / Other,2025-06-09,2025-10-01,3986.487964495085,3976.5465980000854,3659.9273474121096,3669.10009765625,-8.191687018534285,80,MONTHLY_CLOSE_LT_M_EMA9,True,3M Return,15
BSE,Unclassified,2025-07-10,2025-10-01,2534.2600135868765,2527.940163178929,2037.5122190476616,2042.618765962568,-19.60129552121768,57,MONTHLY_CLOSE_LT_M_EMA9,True,3M Return,15
RALLIS,Fertilisers & Pesticides,2025-09-01,2025-10-01,344.3575500885084,343.4988030808064,299.20681942254464,299.956711200546,-13.111584355957609,22,MONTHLY_CLOSE_LT_M_EMA9,True,3M Return,15
RAMANEWS,Paper,2025-05-09,2025-11-03,31.077499999999997,31.0,29.127000761032107,29.200000762939453,-6.276242422871499,122,MONTHLY_CLOSE_LT_M_EMA9,True,3M Return,15
GINNIFILA,Textiles,2025-09-08,2025-12-01,47.969623470306395,47.849998474121094,40.38877667427063,40.4900016784668,-15.80343193798128,57,MONTHLY_CLOSE_LT_M_EMA9,True,3M Return,15
SARDAEN,Metals & Mining,2025-10-03,2025-12-01,552.1638572240188,550.7868899990212,491.77599522530903,493.0085165166005,-10.936583626155334,39,MONTHLY_CLOSE_LT_M_EMA9,True,3M Return,15
ZOTA,Healthcare,2025-02-20,2026-02-02,860.5517078969294,858.4056936627726,1286.775,1290.0,49.529073987279865,232,MONTHLY_CLOSE_LT_M_EMA9,False,3M Return,15
AXISCADES,Aviation,2025-04-15,2026-02-02,810.7217622375488,808.7000122070312,1142.1375,1145.0,40.87909726855753,200,MONTHLY_CLOSE_LT_M_EMA9,False,3M Return,15
HCG,Healthcare,2025-05-29,2026-02-02,553.2797744750976,551.9000244140625,589.6222256469727,591.0999755859375,6.568548652687244,170,MONTHLY_CLOSE_LT_M_EMA9,False,3M Return,15
JMFINANCIL,Finance,2025-08-05,2026-02-02,154.48053096535176,154.09529273351797,119.49066850593623,119.79014386560023,-22.650014368000434,122,MONTHLY_CLOSE_LT_M_EMA9,True,3M Return,15
HDFCAMC,Finance,2025-10-03,2026-02-02,2739.0707974887796,2732.240196996289,2410.015481467556,2416.055620518853,-12.013392144624602,82,MONTHLY_CLOSE_LT_M_EMA9,True,3M Return,15
ABCAPITAL,Finance,2025-08-01,2026-04-01,257.14125,256.5,302.2425,303.0,17.539484621778882,163,MONTHLY_CLOSE_LT_M_EMA9,False,3M Return,15
NAM-INDIA,Finance,2025-12-05,2026-04-01,827.0056490719096,824.9432908447976,818.9833442548505,821.0359340900757,-0.9700423239021341,78,MONTHLY_CLOSE_LT_M_EMA9,True,3M Return,15
BANKBARODA,Banks,2026-02-04,2026-04-01,277.7320340980547,277.03943550928153,244.46067038518046,245.07335376960447,-11.979663714675288,37,MONTHLY_CLOSE_LT_M_EMA9,True,3M Return,15
MUTHOOTFIN,Finance,2026-02-05,2026-04-01,3609.059829432851,3600.0596802322707,3243.378093828956,3251.5068609814093,-10.132326780001328,36,MONTHLY_CLOSE_LT_M_EMA9,True,3M Return,15
NORBTEAEXP,Agri,2025-05-02,2026-05-04,40.0498757648468,39.95000076293945,63.54075076103211,63.70000076293945,58.65405209771981,247,MONTHLY_CLOSE_LT_M_EMA9,False,3M Return,15
EASTSILK,Diversified / Other,2026-02-11,2026-06-01,69.9745030593872,69.80000305175781,56.03955030441284,56.18000030517578,-19.91432899944684,73,MONTHLY_CLOSE_LT_M_EMA9,True,3M Return,15
FORCEMOT,Automobile & Ancillaries,2025-09-10,2026-07-01,18335.725,18290.0,18643.275,18690.0,1.6773266396611148,200,MONTHLY_CLOSE_LT_M_EMA9,False,3M Return,15
OIL,Oil & Gas,2026-05-11,2026-07-01,458.1425,457.0,418.00236282348635,419.04998779296875,-8.76149607960703,37,MONTHLY_CLOSE_LT_M_EMA9,True,3M Return,15
POWERGRID,Power,2026-05-18,2026-07-01,297.04073776245116,296.29998779296875,287.08048782348635,287.79998779296875,-3.353159574674299,32,MONTHLY_CLOSE_LT_M_EMA9,True,3M Return,15
AVANTIFEED,Consumer Goods,2026-05-20,2026-07-01,1244.1303922984555,1241.0278227416015,919.5917514649367,921.8964926966784,-26.085580968241867,30,MONTHLY_CLOSE_LT_M_EMA9,True,3M Return,15
MAHASTEEL,Metals & Mining,2024-12-09,2026-08-24,211.52749999999997,211.0,1172.7607012939454,1175.699951171875,454.4246971641728,424,END_OF_BACKTEST,False,3M Return,15
CUPID,Miscellaneous,2025-06-23,2026-08-24,18.2455007648468,18.200000762939453,285.6939786529541,286.4100036621094,1465.8324884313088,293,END_OF_BACKTEST,False,3M Return,15
CCL,Agri,2025-10-03,2026-08-24,861.8272251361685,859.678030061016,1079.0955487060548,1081.800048828125,25.21019494778179,222,END_OF_BACKTEST,False,3M Return,15
TFCILTD,Finance,2025-11-04,2026-08-24,69.7599861769354,69.5860211241251,129.23609756469727,129.55999755859375,85.2582040898201,201,END_OF_BACKTEST,False,3M Return,15
SALSTEEL,Metals & Mining,2025-12-08,2026-08-24,35.87947591781616,35.790000915527344,76.86734756469727,77.05999755859375,114.23765425327284,176,END_OF_BACKTEST,False,3M Return,15
TITAN,Diamond  &  Jewellery,2026-02-02,2026-08-24,3996.885032503398,3986.9177381580034,5066.302500000001,5079.0,26.756272917532144,140,END_OF_BACKTEST,False,3M Return,15
THANGAMAYL,Diamond  &  Jewellery,2026-02-05,2026-08-24,3281.9270141764687,3273.742657532637,5479.766250000001,5493.5,66.9679498151495,137,END_OF_BACKTEST,False,3M Return,15
LUPIN,Healthcare,2026-05-15,2026-08-24,2257.3027141097346,2251.6735302840248,2182.53,2188.0,-3.312480583235564,71,END_OF_BACKTEST,True,3M Return,15
UNIVPHOTO,FMCG,2026-05-25,2026-08-24,432.5286372375488,431.45001220703125,447.97725608825687,449.1000061035156,3.571698500560442,65,END_OF_BACKTEST,False,3M Return,15
MCX,Finance,2026-06-05,2026-08-24,2917.2749999999996,2910.0,3259.8300000000004,3268.0,11.742293750160709,56,END_OF_BACKTEST,False,3M Return,15
ARIHANT,Real Estate,2026-07-03,2026-08-24,795.985,794.0,1004.6820121765137,1007.2000122070312,26.21871168131481,35,END_OF_BACKTEST,False,3M Return,15
BHEL,Capital Goods,2026-07-09,2026-08-24,379.72506980615975,378.77812449492245,410.3714939117432,411.3999938964844,8.070687595429945,32,END_OF_BACKTEST,False,3M Return,15
UNIVCABLES,Electricals,2026-07-10,2026-08-24,1104.0251954797855,1101.2720154411825,1627.6207012939453,1631.699951171875,47.426046792946295,31,END_OF_BACKTEST,False,3M Return,15
ASIANPAINT,Chemicals,2019-04-12,2019-07-01,1344.512536347503,1341.1596372543672,1284.2397691317053,1287.4584151696292,-4.482871344549491,51,MONTHLY_CLOSE_LT_M_EMA9,True,6M Return,2
CANTABIL,Retailing,2019-05-03,2019-11-01,51.560024114415064,51.43144550066341,40.56641687381459,40.66808709154345,-21.321959074737713,122,MONTHLY_CLOSE_LT_M_EMA9,True,6M Return,2
BAJFINANCE,Finance,2019-07-10,2020-04-01,349.94047214801776,349.06780264141423,211.70952223423575,212.2401225405872,-39.50127547845141,179,MONTHLY_CLOSE_LT_M_EMA9,True,6M Return,2
EQ30,Unclassified,2019-11-14,2020-04-01,348.4690061187744,347.6000061035156,254.3625,255.0,-27.00570336711625,96,MONTHLY_CLOSE_LT_M_EMA9,True,6M Return,2
GMMPFAUDLR,Capital Goods,2020-07-21,2020-11-02,1358.0362759682669,1354.6496518386703,1166.0602806550348,1168.9827374987817,-14.13629361088716,73,MONTHLY_CLOSE_LT_M_EMA9,True,6M Return,2
DRREDDY,Healthcare,2020-07-09,2021-03-01,749.1182193937851,747.2500941583892,853.9227571406125,856.0629144266791,13.99038696878033,163,MONTHLY_CLOSE_LT_M_EMA9,False,6M Return,2
AARTIDRUGS,Healthcare,2020-11-02,2021-09-01,668.0135420626315,666.3476728804304,607.7741016365785,609.2973449990761,-9.017697491588434,206,MONTHLY_CLOSE_LT_M_EMA9,True,6M Return,2
SIMBHALS,Agri,2021-09-01,2021-12-01,28.4709996175766,28.399999618530273,18.653250761032105,18.700000762939453,-34.48333036569428,61,MONTHLY_CLOSE_LT_M_EMA9,True,6M Return,2
WIPRO,Software & IT Services,2021-03-02,2022-02-01,192.17020747638205,191.69098002631625,264.6276805587888,265.2909078283597,37.704841990823105,227,MONTHLY_CLOSE_LT_M_EMA9,False,6M Return,2
IRCTC,Software & IT Services,2021-12-01,2022-06-01,775.8081946098729,773.873510832791,662.5250502164699,664.1855140014736,-14.601952541938426,124,MONTHLY_CLOSE_LT_M_EMA9,True,6M Return,2
TVTODAY,Media & Entertainment,2022-02-01,2022-06-01,286.2749893158596,285.5610865993612,196.1444575688313,196.63604768805143,-31.483900134769847,81,MONTHLY_CLOSE_LT_M_EMA9,True,6M Return,2
DANGEE,FMCG,2022-06-02,2022-11-01,22.055,22.0,21.496124238967898,21.549999237060547,-2.5340093449653223,103,MONTHLY_CLOSE_LT_M_EMA9,True,6M Return,2
AURIONPRO,Software & IT Services,2022-11-03,2023-04-03,195.87060556536548,195.38215018989075,154.25784650188902,154.644457646004,-21.245024971135624,103,MONTHLY_CLOSE_LT_M_EMA9,True,6M Return,2
BSHSL,Agri,2022-06-10,2023-07-03,40.089976682662964,39.9900016784668,278.70149391174317,279.3999938964844,595.1899626129455,262,MONTHLY_CLOSE_LT_M_EMA9,False,6M Return,2
HILTON,Automobile & Ancillaries,2023-04-03,2024-01-01,105.0620030593872,104.80000305175781,114.7125,115.0,9.18552536558606,183,MONTHLY_CLOSE_LT_M_EMA9,False,6M Return,2
RKFORGE,Automobile & Ancillaries,2024-01-01,2024-06-03,717.5990044846303,715.8094807826736,695.2010819520684,696.943440553452,-3.1212309928785045,101,MONTHLY_CLOSE_LT_M_EMA9,True,6M Return,2
TTKHLTCARE,Healthcare,2023-07-03,2024-12-02,1239.477372247262,1236.386406231683,1473.4517447222886,1477.1446062378832,18.876857110413724,348,MONTHLY_CLOSE_LT_M_EMA9,False,6M Return,2
SHILPAMED,Healthcare,2024-06-03,2025-02-01,249.32040236888795,248.69865572956405,353.53452502958453,354.42057647076143,41.799275819595415,168,MONTHLY_CLOSE_LT_M_EMA9,False,6M Return,2
IPCALAB,Healthcare,2024-12-06,2025-03-03,1496.969542330751,1493.236451202744,1340.1062114994543,1343.4648736836634,-10.478725611682368,60,MONTHLY_CLOSE_LT_M_EMA9,True,6M Return,2
SIYSIL,Textiles,2025-02-03,2025-03-03,764.5613638544243,762.6547270368322,578.6338522770727,580.0840624331556,-24.31819345932224,19,MONTHLY_CLOSE_LT_M_EMA9,True,6M Return,2
SRF,Diversified,2025-04-09,2025-09-01,2753.50591898726,2746.6393206855464,2831.2616911664536,2838.3575851292767,2.823882514397943,97,MONTHLY_CLOSE_LT_M_EMA9,False,6M Return,2
RALLIS,Fertilisers & Pesticides,2025-09-01,2025-10-01,344.3575500885084,343.4988030808064,299.20681942254464,299.956711200546,-13.111584355957609,22,MONTHLY_CLOSE_LT_M_EMA9,True,6M Return,2
AXISCADES,Aviation,2025-04-15,2026-02-02,810.7217622375488,808.7000122070312,1142.1375,1145.0,40.87909726855753,200,MONTHLY_CLOSE_LT_M_EMA9,False,6M Return,2
HCG,Healthcare,2025-10-01,2026-02-02,641.9508505249023,640.3499755859375,589.6222256469727,591.0999755859375,-8.151500202101492,83,MONTHLY_CLOSE_LT_M_EMA9,True,6M Return,2
BANKBARODA,Banks,2026-02-04,2026-04-01,277.7320340980547,277.03943550928153,244.46067038518046,245.07335376960447,-11.979663714675288,37,MONTHLY_CLOSE_LT_M_EMA9,True,6M Return,2
OIL,Oil & Gas,2026-05-11,2026-07-01,458.1425,457.0,418.00236282348635,419.04998779296875,-8.76149607960703,37,MONTHLY_CLOSE_LT_M_EMA9,True,6M Return,2
TITAN,Diamond  &  Jewellery,2026-02-02,2026-08-24,3996.885032503398,3986.9177381580034,5066.302500000001,5079.0,26.756272917532144,140,END_OF_BACKTEST,False,6M Return,2
ARIHANT,Real Estate,2026-07-03,2026-08-24,795.985,794.0,1004.6820121765137,1007.2000122070312,26.21871168131481,35,END_OF_BACKTEST,False,6M Return,2
ASIANPAINT,Chemicals,2019-04-12,2019-07-01,1344.512536347503,1341.1596372543672,1284.2397691317053,1287.4584151696292,-4.482871344549491,51,MONTHLY_CLOSE_LT_M_EMA9,True,6M Return,3
CANTABIL,Retailing,2019-05-03,2019-11-01,51.560024114415064,51.43144550066341,40.56641687381459,40.66808709154345,-21.321959074737713,122,MONTHLY_CLOSE_LT_M_EMA9,True,6M Return,3
BATAINDIA,Footwear,2019-05-10,2020-04-01,1216.081754671056,1213.0491318414524,1106.6706788283082,1109.4442895521886,-8.997016477098855,221,MONTHLY_CLOSE_LT_M_EMA9,True,6M Return,3
BAJFINANCE,Finance,2019-07-10,2020-04-01,349.94047214801776,349.06780264141423,211.70952223423575,212.2401225405872,-39.50127547845141,179,MONTHLY_CLOSE_LT_M_EMA9,True,6M Return,3
EQ30,Unclassified,2019-11-14,2020-04-01,348.4690061187744,347.6000061035156,254.3625,255.0,-27.00570336711625,96,MONTHLY_CLOSE_LT_M_EMA9,True,6M Return,3
GMMPFAUDLR,Capital Goods,2020-07-21,2020-11-02,1358.0362759682669,1354.6496518386703,1166.0602806550348,1168.9827374987817,-14.13629361088716,73,MONTHLY_CLOSE_LT_M_EMA9,True,6M Return,3
DRREDDY,Healthcare,2020-07-09,2021-03-01,749.1182193937851,747.2500941583892,853.9227571406125,856.0629144266791,13.99038696878033,163,MONTHLY_CLOSE_LT_M_EMA9,False,6M Return,3
ADANIGREEN,Miscellaneous,2020-07-27,2021-08-02,346.8148872375488,345.95001220703125,880.1940243530274,882.4000244140625,153.79361058112357,254,MONTHLY_CLOSE_LT_M_EMA9,False,6M Return,3
AARTIDRUGS,Healthcare,2020-11-02,2021-09-01,668.0135420626315,666.3476728804304,607.7741016365785,609.2973449990761,-9.017697491588434,206,MONTHLY_CLOSE_LT_M_EMA9,True,6M Return,3
SIMBHALS,Agri,2021-09-01,2021-12-01,28.4709996175766,28.399999618530273,18.653250761032105,18.700000762939453,-34.48333036569428,61,MONTHLY_CLOSE_LT_M_EMA9,True,6M Return,3
WIPRO,Software & IT Services,2021-03-02,2022-02-01,192.17020747638205,191.69098002631625,264.6276805587888,265.2909078283597,37.704841990823105,227,MONTHLY_CLOSE_LT_M_EMA9,False,6M Return,3
CINEVISTA,Diversified / Other,2021-08-02,2022-02-01,15.588875191211699,15.550000190734863,14.413874809741975,14.449999809265137,-7.537428884748118,125,MONTHLY_CLOSE_LT_M_EMA9,True,6M Return,3
IRCTC,Software & IT Services,2021-12-01,2022-06-01,775.8081946098729,773.873510832791,662.5250502164699,664.1855140014736,-14.601952541938426,124,MONTHLY_CLOSE_LT_M_EMA9,True,6M Return,3
TVTODAY,Media & Entertainment,2022-02-01,2022-06-01,286.2749893158596,285.5610865993612,196.1444575688313,196.63604768805143,-31.483900134769847,81,MONTHLY_CLOSE_LT_M_EMA9,True,6M Return,3
DANGEE,FMCG,2022-06-02,2022-11-01,22.055,22.0,21.496124238967898,21.549999237060547,-2.5340093449653223,103,MONTHLY_CLOSE_LT_M_EMA9,True,6M Return,3
AURIONPRO,Software & IT Services,2022-11-03,2023-04-03,195.87060556536548,195.38215018989075,154.25784650188902,154.644457646004,-21.245024971135624,103,MONTHLY_CLOSE_LT_M_EMA9,True,6M Return,3
BSHSL,Agri,2022-06-10,2023-07-03,40.089976682662964,39.9900016784668,278.70149391174317,279.3999938964844,595.1899626129455,262,MONTHLY_CLOSE_LT_M_EMA9,False,6M Return,3
HILTON,Automobile & Ancillaries,2023-04-03,2024-01-01,105.0620030593872,104.80000305175781,114.7125,115.0,9.18552536558606,183,MONTHLY_CLOSE_LT_M_EMA9,False,6M Return,3
RKFORGE,Automobile & Ancillaries,2024-01-01,2024-06-03,717.5990044846303,715.8094807826736,695.2010819520684,696.943440553452,-3.1212309928785045,101,MONTHLY_CLOSE_LT_M_EMA9,True,6M Return,3
TTKHLTCARE,Healthcare,2023-07-03,2024-12-02,1239.477372247262,1236.386406231683,1473.4517447222886,1477.1446062378832,18.876857110413724,348,MONTHLY_CLOSE_LT_M_EMA9,False,6M Return,3
KEI,Electricals,2022-02-02,2025-02-01,1104.9306244884451,1102.17518652214,4045.060472039067,4055.198468209591,266.0918054390815,741,MONTHLY_CLOSE_LT_M_EMA9,False,6M Return,3
SHILPAMED,Healthcare,2024-06-03,2025-02-01,249.32040236888795,248.69865572956405,353.53452502958453,354.42057647076143,41.799275819595415,168,MONTHLY_CLOSE_LT_M_EMA9,False,6M Return,3
IPCALAB,Healthcare,2024-12-06,2025-03-03,1496.969542330751,1493.236451202744,1340.1062114994543,1343.4648736836634,-10.478725611682368,60,MONTHLY_CLOSE_LT_M_EMA9,True,6M Return,3
SIYSIL,Textiles,2025-02-03,2025-03-03,764.5613638544243,762.6547270368322,578.6338522770727,580.0840624331556,-24.31819345932224,19,MONTHLY_CLOSE_LT_M_EMA9,True,6M Return,3
REPL,Infrastructure,2025-02-10,2025-03-03,285.7125,285.0,212.4475457382202,212.97999572753906,-25.64289425971204,14,MONTHLY_CLOSE_LT_M_EMA9,True,6M Return,3
SRF,Diversified,2025-04-09,2025-09-01,2753.50591898726,2746.6393206855464,2831.2616911664536,2838.3575851292767,2.823882514397943,97,MONTHLY_CLOSE_LT_M_EMA9,False,6M Return,3
RALLIS,Fertilisers & Pesticides,2025-09-01,2025-10-01,344.3575500885084,343.4988030808064,299.20681942254464,299.956711200546,-13.111584355957609,22,MONTHLY_CLOSE_LT_M_EMA9,True,6M Return,3
AXISCADES,Aviation,2025-04-15,2026-02-02,810.7217622375488,808.7000122070312,1142.1375,1145.0,40.87909726855753,200,MONTHLY_CLOSE_LT_M_EMA9,False,6M Return,3
HCG,Healthcare,2025-10-01,2026-02-02,641.9508505249023,640.3499755859375,589.6222256469727,591.0999755859375,-8.151500202101492,83,MONTHLY_CLOSE_LT_M_EMA9,True,6M Return,3
BANKBARODA,Banks,2026-02-04,2026-04-01,277.7320340980547,277.03943550928153,244.46067038518046,245.07335376960447,-11.979663714675288,37,MONTHLY_CLOSE_LT_M_EMA9,True,6M Return,3
NORBTEAEXP,Agri,2025-05-02,2026-05-04,40.0498757648468,39.95000076293945,63.54075076103211,63.70000076293945,58.65405209771981,247,MONTHLY_CLOSE_LT_M_EMA9,False,6M Return,3
OIL,Oil & Gas,2026-05-11,2026-07-01,458.1425,457.0,418.00236282348635,419.04998779296875,-8.76149607960703,37,MONTHLY_CLOSE_LT_M_EMA9,True,6M Return,3
TITAN,Diamond  &  Jewellery,2026-02-02,2026-08-24,3996.885032503398,3986.9177381580034,5066.302500000001,5079.0,26.756272917532144,140,END_OF_BACKTEST,False,6M Return,3
LUPIN,Healthcare,2026-05-15,2026-08-24,2257.3027141097346,2251.6735302840248,2182.53,2188.0,-3.312480583235564,71,END_OF_BACKTEST,True,6M Return,3
ARIHANT,Real Estate,2026-07-03,2026-08-24,795.985,794.0,1004.6820121765137,1007.2000122070312,26.21871168131481,35,END_OF_BACKTEST,False,6M Return,3
ASIANPAINT,Chemicals,2019-04-12,2019-07-01,1344.512536347503,1341.1596372543672,1284.2397691317053,1287.4584151696292,-4.482871344549491,51,MONTHLY_CLOSE_LT_M_EMA9,True,6M Return,5
HAVELLS,Capital Goods,2019-05-10,2019-08-01,699.9479012919053,698.2023953036462,610.7729224614168,612.3036816655807,-12.74023090374252,58,MONTHLY_CLOSE_LT_M_EMA9,True,6M Return,5
SEAMECLTD,Logistics,2019-05-13,2019-09-03,422.88563520968705,421.83105756577265,322.6497405532054,323.45838651950413,-23.702837436599115,77,MONTHLY_CLOSE_LT_M_EMA9,True,6M Return,5
CANTABIL,Retailing,2019-05-03,2019-11-01,51.560024114415064,51.43144550066341,40.56641687381459,40.66808709154345,-21.321959074737713,122,MONTHLY_CLOSE_LT_M_EMA9,True,6M Return,5
BATAINDIA,Footwear,2019-05-10,2020-04-01,1216.081754671056,1213.0491318414524,1106.6706788283082,1109.4442895521886,-8.997016477098855,221,MONTHLY_CLOSE_LT_M_EMA9,True,6M Return,5
BAJFINANCE,Finance,2019-07-10,2020-04-01,349.94047214801776,349.06780264141423,211.70952223423575,212.2401225405872,-39.50127547845141,179,MONTHLY_CLOSE_LT_M_EMA9,True,6M Return,5
PIDILITIND,Chemicals,2019-09-23,2020-04-01,694.1067127919158,692.3757733585195,655.0218420659287,656.6635008179736,-5.630959909431715,130,MONTHLY_CLOSE_LT_M_EMA9,True,6M Return,5
EQ30,Unclassified,2019-11-14,2020-04-01,348.4690061187744,347.6000061035156,254.3625,255.0,-27.00570336711625,96,MONTHLY_CLOSE_LT_M_EMA9,True,6M Return,5
GMMPFAUDLR,Capital Goods,2020-07-21,2020-11-02,1358.0362759682669,1354.6496518386703,1166.0602806550348,1168.9827374987817,-14.13629361088716,73,MONTHLY_CLOSE_LT_M_EMA9,True,6M Return,5
ABBOTINDIA,Healthcare,2019-08-02,2021-02-01,7571.327752531716,7552.446635941862,13031.927420621041,13064.588892853173,72.12208804807582,370,MONTHLY_CLOSE_LT_M_EMA9,False,6M Return,5
DRREDDY,Healthcare,2020-07-09,2021-03-01,749.1182193937851,747.2500941583892,853.9227571406125,856.0629144266791,13.99038696878033,163,MONTHLY_CLOSE_LT_M_EMA9,False,6M Return,5
COROMANDEL,Chemicals,2020-08-20,2021-05-03,729.2014541066272,727.3829966150896,698.9724864663181,700.7242972093413,-4.145489215643961,173,MONTHLY_CLOSE_LT_M_EMA9,True,6M Return,5
ADANIGREEN,Miscellaneous,2020-07-27,2021-08-02,346.8148872375488,345.95001220703125,880.1940243530274,882.4000244140625,153.79361058112357,254,MONTHLY_CLOSE_LT_M_EMA9,False,6M Return,5
AARTIDRUGS,Healthcare,2020-11-02,2021-09-01,668.0135420626315,666.3476728804304,607.7741016365785,609.2973449990761,-9.017697491588434,206,MONTHLY_CLOSE_LT_M_EMA9,True,6M Return,5
GPIL,Metals & Mining,2021-02-01,2021-12-01,23.965730727023356,23.905965812492127,51.477972090939744,51.60698956485187,114.79825788451362,205,MONTHLY_CLOSE_LT_M_EMA9,False,6M Return,5
SIMBHALS,Agri,2021-09-01,2021-12-01,28.4709996175766,28.399999618530273,18.653250761032105,18.700000762939453,-34.48333036569428,61,MONTHLY_CLOSE_LT_M_EMA9,True,6M Return,5
WIPRO,Software & IT Services,2021-03-02,2022-02-01,192.17020747638205,191.69098002631625,264.6276805587888,265.2909078283597,37.704841990823105,227,MONTHLY_CLOSE_LT_M_EMA9,False,6M Return,5
MAHLOG,Logistics,2021-05-06,2022-02-01,513.4075432329968,512.1272251700716,573.0312157494143,574.4673842099392,11.613322262653014,185,MONTHLY_CLOSE_LT_M_EMA9,False,6M Return,5
CINEVISTA,Diversified / Other,2021-08-02,2022-02-01,15.588875191211699,15.550000190734863,14.413874809741975,14.449999809265137,-7.537428884748118,125,MONTHLY_CLOSE_LT_M_EMA9,True,6M Return,5
IRCTC,Software & IT Services,2021-12-01,2022-06-01,775.8081946098729,773.873510832791,662.5250502164699,664.1855140014736,-14.601952541938426,124,MONTHLY_CLOSE_LT_M_EMA9,True,6M Return,5
ECLERX,Software & IT Services,2021-12-01,2022-06-01,716.880139649028,715.0924086274595,674.819396188358,676.5106728705343,-5.867193291372556,124,MONTHLY_CLOSE_LT_M_EMA9,True,6M Return,5
TVTODAY,Media & Entertainment,2022-02-01,2022-06-01,286.2749893158596,285.5610865993612,196.1444575688313,196.63604768805143,-31.483900134769847,81,MONTHLY_CLOSE_LT_M_EMA9,True,6M Return,5
CALSOFT,Diversified / Other,2022-02-03,2022-06-01,41.5035015296936,41.400001525878906,23.690625,23.75,-42.918972793053165,79,MONTHLY_CLOSE_LT_M_EMA9,True,6M Return,5
ACCURACY,Logistics,2022-06-13,2022-08-01,23.05686457018291,22.999366154795922,20.692471328879293,20.744332159277487,-10.25461737916111,35,MONTHLY_CLOSE_LT_M_EMA9,True,6M Return,5
DANGEE,FMCG,2022-06-02,2022-11-01,22.055,22.0,21.496124238967898,21.549999237060547,-2.5340093449653223,103,MONTHLY_CLOSE_LT_M_EMA9,True,6M Return,5
GSS,Software & IT Services,2022-08-01,2023-03-01,225.5625,225.0,223.3901219558716,223.9499969482422,-0.9630936188987123,145,MONTHLY_CLOSE_LT_M_EMA9,True,6M Return,5
GOKULAGRO,Agri,2022-06-16,2023-04-03,51.10867712020874,50.981224060058594,51.121875,51.25,0.025823168461633312,198,MONTHLY_CLOSE_LT_M_EMA9,False,6M Return,5
AURIONPRO,Software & IT Services,2022-11-03,2023-04-03,195.87060556536548,195.38215018989075,154.25784650188902,154.644457646004,-21.245024971135624,103,MONTHLY_CLOSE_LT_M_EMA9,True,6M Return,5
BSHSL,Agri,2022-06-10,2023-07-03,40.089976682662964,39.9900016784668,278.70149391174317,279.3999938964844,595.1899626129455,262,MONTHLY_CLOSE_LT_M_EMA9,False,6M Return,5
KAMDHENU,Metals & Mining,2023-03-01,2023-10-03,32.70816192225225,32.626595433668086,28.764907652829432,28.83700015321246,-12.055872411283731,144,MONTHLY_CLOSE_LT_M_EMA9,True,6M Return,5
HILTON,Automobile & Ancillaries,2023-04-03,2024-01-01,105.0620030593872,104.80000305175781,114.7125,115.0,9.18552536558606,183,MONTHLY_CLOSE_LT_M_EMA9,False,6M Return,5
ARROWGREEN,Plastic Products,2023-07-05,2024-04-01,322.8880906128568,322.0828834043459,379.958182506919,380.91045865355284,17.674882893865952,181,MONTHLY_CLOSE_LT_M_EMA9,False,6M Return,5
AXISCADES,Aviation,2023-10-03,2024-04-01,516.7887499999999,515.5,553.6125000000001,555.0,7.1254937341418785,120,MONTHLY_CLOSE_LT_M_EMA9,False,6M Return,5
RKFORGE,Automobile & Ancillaries,2024-01-01,2024-06-03,717.5990044846303,715.8094807826736,695.2010819520684,696.943440553452,-3.1212309928785045,101,MONTHLY_CLOSE_LT_M_EMA9,True,6M Return,5
DHANBANK,Diversified / Other,2024-04-01,2024-09-02,42.606249999999996,42.5,39.29152439117432,39.38999938964844,-7.77990461217703,103,MONTHLY_CLOSE_LT_M_EMA9,True,6M Return,5
TTKHLTCARE,Healthcare,2023-07-03,2024-12-02,1239.477372247262,1236.386406231683,1473.4517447222886,1477.1446062378832,18.876857110413724,348,MONTHLY_CLOSE_LT_M_EMA9,False,6M Return,5
HAL,Aviation,2024-09-02,2025-01-01,4613.408322946594,4601.903564036503,4081.7814988109317,4092.0115276300066,-11.523515520865736,83,MONTHLY_CLOSE_LT_M_EMA9,True,6M Return,5
KEI,Electricals,2022-02-02,2025-02-01,1104.9306244884451,1102.17518652214,4045.060472039067,4055.198468209591,266.0918054390815,741,MONTHLY_CLOSE_LT_M_EMA9,False,6M Return,5
SHILPAMED,Healthcare,2024-06-03,2025-02-01,249.32040236888795,248.69865572956405,353.53452502958453,354.42057647076143,41.799275819595415,168,MONTHLY_CLOSE_LT_M_EMA9,False,6M Return,5
NITCO,Construction Materials,2024-04-01,2025-03-03,58.846750764846796,58.70000076293945,96.08917682647706,96.33000183105469,63.287140883023426,229,MONTHLY_CLOSE_LT_M_EMA9,False,6M Return,5
IPCALAB,Healthcare,2024-12-06,2025-03-03,1496.969542330751,1493.236451202744,1340.1062114994543,1343.4648736836634,-10.478725611682368,60,MONTHLY_CLOSE_LT_M_EMA9,True,6M Return,5
KITEX,Textiles,2025-01-02,2025-03-03,234.95697539198358,234.3710477725522,156.1883531166635,156.57980262322155,-33.52470048778452,42,MONTHLY_CLOSE_LT_M_EMA9,True,6M Return,5
SIYSIL,Textiles,2025-02-03,2025-03-03,764.5613638544243,762.6547270368322,578.6338522770727,580.0840624331556,-24.31819345932224,19,MONTHLY_CLOSE_LT_M_EMA9,True,6M Return,5
REPL,Infrastructure,2025-02-10,2025-03-03,285.7125,285.0,212.4475457382202,212.97999572753906,-25.64289425971204,14,MONTHLY_CLOSE_LT_M_EMA9,True,6M Return,5
SRF,Diversified,2025-04-09,2025-09-01,2753.50591898726,2746.6393206855464,2831.2616911664536,2838.3575851292767,2.823882514397943,97,MONTHLY_CLOSE_LT_M_EMA9,False,6M Return,5
RALLIS,Fertilisers & Pesticides,2025-09-01,2025-10-01,344.3575500885084,343.4988030808064,299.20681942254464,299.956711200546,-13.111584355957609,22,MONTHLY_CLOSE_LT_M_EMA9,True,6M Return,5
RAMANEWS,Paper,2025-05-09,2025-11-03,31.077499999999997,31.0,29.127000761032107,29.200000762939453,-6.276242422871499,122,MONTHLY_CLOSE_LT_M_EMA9,True,6M Return,5
AXISCADES,Aviation,2025-04-15,2026-02-02,810.7217622375488,808.7000122070312,1142.1375,1145.0,40.87909726855753,200,MONTHLY_CLOSE_LT_M_EMA9,False,6M Return,5
HCG,Healthcare,2025-05-29,2026-02-02,553.2797744750976,551.9000244140625,589.6222256469727,591.0999755859375,6.568548652687244,170,MONTHLY_CLOSE_LT_M_EMA9,False,6M Return,5
BANKBARODA,Banks,2026-02-04,2026-04-01,277.7320340980547,277.03943550928153,244.46067038518046,245.07335376960447,-11.979663714675288,37,MONTHLY_CLOSE_LT_M_EMA9,True,6M Return,5
NORBTEAEXP,Agri,2025-05-02,2026-05-04,40.0498757648468,39.95000076293945,63.54075076103211,63.70000076293945,58.65405209771981,247,MONTHLY_CLOSE_LT_M_EMA9,False,6M Return,5
OIL,Oil & Gas,2026-05-11,2026-07-01,458.1425,457.0,418.00236282348635,419.04998779296875,-8.76149607960703,37,MONTHLY_CLOSE_LT_M_EMA9,True,6M Return,5
CCL,Agri,2025-10-03,2026-08-24,861.8272251361685,859.678030061016,1079.0955487060548,1081.800048828125,25.21019494778179,222,END_OF_BACKTEST,False,6M Return,5
TFCILTD,Finance,2025-11-04,2026-08-24,69.7599861769354,69.5860211241251,129.23609756469727,129.55999755859375,85.2582040898201,201,END_OF_BACKTEST,False,6M Return,5
TITAN,Diamond  &  Jewellery,2026-02-02,2026-08-24,3996.885032503398,3986.9177381580034,5066.302500000001,5079.0,26.756272917532144,140,END_OF_BACKTEST,False,6M Return,5
LUPIN,Healthcare,2026-05-15,2026-08-24,2257.3027141097346,2251.6735302840248,2182.53,2188.0,-3.312480583235564,71,END_OF_BACKTEST,True,6M Return,5
ARIHANT,Real Estate,2026-07-03,2026-08-24,795.985,794.0,1004.6820121765137,1007.2000122070312,26.21871168131481,35,END_OF_BACKTEST,False,6M Return,5
ASIANPAINT,Chemicals,2019-04-12,2019-07-01,1344.512536347503,1341.1596372543672,1284.2397691317053,1287.4584151696292,-4.482871344549491,51,MONTHLY_CLOSE_LT_M_EMA9,True,6M Return,7
HAVELLS,Capital Goods,2019-05-10,2019-08-01,699.9479012919053,698.2023953036462,610.7729224614168,612.3036816655807,-12.74023090374252,58,MONTHLY_CLOSE_LT_M_EMA9,True,6M Return,7
SEAMECLTD,Logistics,2019-05-13,2019-09-03,422.88563520968705,421.83105756577265,322.6497405532054,323.45838651950413,-23.702837436599115,77,MONTHLY_CLOSE_LT_M_EMA9,True,6M Return,7
CANTABIL,Retailing,2019-05-03,2019-11-01,51.560024114415064,51.43144550066341,40.56641687381459,40.66808709154345,-21.321959074737713,122,MONTHLY_CLOSE_LT_M_EMA9,True,6M Return,7
BATAINDIA,Footwear,2019-05-10,2020-04-01,1216.081754671056,1213.0491318414524,1106.6706788283082,1109.4442895521886,-8.997016477098855,221,MONTHLY_CLOSE_LT_M_EMA9,True,6M Return,7
MUTHOOTFIN,Finance,2019-05-13,2020-04-01,510.7882130162825,509.5144269489102,550.4542044433783,551.8337889156675,7.76564345384207,220,MONTHLY_CLOSE_LT_M_EMA9,False,6M Return,7
BAJFINANCE,Finance,2019-07-10,2020-04-01,349.94047214801776,349.06780264141423,211.70952223423575,212.2401225405872,-39.50127547845141,179,MONTHLY_CLOSE_LT_M_EMA9,True,6M Return,7
PIDILITIND,Chemicals,2019-09-23,2020-04-01,694.1067127919158,692.3757733585195,655.0218420659287,656.6635008179736,-5.630959909431715,130,MONTHLY_CLOSE_LT_M_EMA9,True,6M Return,7
EQ30,Unclassified,2019-11-14,2020-04-01,348.4690061187744,347.6000061035156,254.3625,255.0,-27.00570336711625,96,MONTHLY_CLOSE_LT_M_EMA9,True,6M Return,7
GMMPFAUDLR,Capital Goods,2020-07-21,2020-11-02,1358.0362759682669,1354.6496518386703,1166.0602806550348,1168.9827374987817,-14.13629361088716,73,MONTHLY_CLOSE_LT_M_EMA9,True,6M Return,7
ABBOTINDIA,Healthcare,2019-08-02,2021-02-01,7571.327752531716,7552.446635941862,13031.927420621041,13064.588892853173,72.12208804807582,370,MONTHLY_CLOSE_LT_M_EMA9,False,6M Return,7
DRREDDY,Healthcare,2020-07-09,2021-03-01,749.1182193937851,747.2500941583892,853.9227571406125,856.0629144266791,13.99038696878033,163,MONTHLY_CLOSE_LT_M_EMA9,False,6M Return,7
COROMANDEL,Chemicals,2020-08-20,2021-05-03,729.2014541066272,727.3829966150896,698.9724864663181,700.7242972093413,-4.145489215643961,173,MONTHLY_CLOSE_LT_M_EMA9,True,6M Return,7
ADANIGREEN,Miscellaneous,2020-07-27,2021-08-02,346.8148872375488,345.95001220703125,880.1940243530274,882.4000244140625,153.79361058112357,254,MONTHLY_CLOSE_LT_M_EMA9,False,6M Return,7
AARTIDRUGS,Healthcare,2020-11-02,2021-09-01,668.0135420626315,666.3476728804304,607.7741016365785,609.2973449990761,-9.017697491588434,206,MONTHLY_CLOSE_LT_M_EMA9,True,6M Return,7
GPIL,Metals & Mining,2021-02-01,2021-12-01,23.965730727023356,23.905965812492127,51.477972090939744,51.60698956485187,114.79825788451362,205,MONTHLY_CLOSE_LT_M_EMA9,False,6M Return,7
CYBERTECH,Software & IT Services,2021-02-01,2021-12-01,107.03234759960745,106.76543401457103,127.1527743917848,127.47145302434566,18.798454152799643,205,MONTHLY_CLOSE_LT_M_EMA9,False,6M Return,7
SIMBHALS,Agri,2021-09-01,2021-12-01,28.4709996175766,28.399999618530273,18.653250761032105,18.700000762939453,-34.48333036569428,61,MONTHLY_CLOSE_LT_M_EMA9,True,6M Return,7
DIVISLAB,Healthcare,2019-05-13,2022-02-01,1572.154170032027,1568.23358606686,3923.61986996216,3933.4535037214637,149.5696633799108,676,MONTHLY_CLOSE_LT_M_EMA9,False,6M Return,7
WIPRO,Software & IT Services,2021-03-02,2022-02-01,192.17020747638205,191.69098002631625,264.6276805587888,265.2909078283597,37.704841990823105,227,MONTHLY_CLOSE_LT_M_EMA9,False,6M Return,7
MAHLOG,Logistics,2021-05-06,2022-02-01,513.4075432329968,512.1272251700716,573.0312157494143,574.4673842099392,11.613322262653014,185,MONTHLY_CLOSE_LT_M_EMA9,False,6M Return,7
CINEVISTA,Diversified / Other,2021-08-02,2022-02-01,15.588875191211699,15.550000190734863,14.413874809741975,14.449999809265137,-7.537428884748118,125,MONTHLY_CLOSE_LT_M_EMA9,True,6M Return,7
IRCTC,Software & IT Services,2021-12-01,2022-06-01,775.8081946098729,773.873510832791,662.5250502164699,664.1855140014736,-14.601952541938426,124,MONTHLY_CLOSE_LT_M_EMA9,True,6M Return,7
ECLERX,Software & IT Services,2021-12-01,2022-06-01,716.880139649028,715.0924086274595,674.819396188358,676.5106728705343,-5.867193291372556,124,MONTHLY_CLOSE_LT_M_EMA9,True,6M Return,7
TVTODAY,Media & Entertainment,2022-02-01,2022-06-01,286.2749893158596,285.5610865993612,196.1444575688313,196.63604768805143,-31.483900134769847,81,MONTHLY_CLOSE_LT_M_EMA9,True,6M Return,7
CALSOFT,Diversified / Other,2022-02-03,2022-06-01,41.5035015296936,41.400001525878906,23.690625,23.75,-42.918972793053165,79,MONTHLY_CLOSE_LT_M_EMA9,True,6M Return,7
ACCURACY,Logistics,2022-02-03,2022-08-01,20.584073197348268,20.5327413439883,20.692471328879293,20.744332159277487,0.526611669574658,122,MONTHLY_CLOSE_LT_M_EMA9,False,6M Return,7
SHARDACROP,Chemicals,2022-06-17,2022-08-01,612.0633557073127,610.5370131743767,495.42303158708836,496.6646933203893,-19.056903673874157,31,MONTHLY_CLOSE_LT_M_EMA9,True,6M Return,7
DANGEE,FMCG,2022-06-02,2022-11-01,22.055,22.0,21.496124238967898,21.549999237060547,-2.5340093449653223,103,MONTHLY_CLOSE_LT_M_EMA9,True,6M Return,7
ASAHIINDIA,Construction Materials,2022-08-12,2023-01-02,558.7289809257816,557.3356418212285,517.1895897287404,518.4858042393388,-7.434622619398187,96,MONTHLY_CLOSE_LT_M_EMA9,True,6M Return,7
INSECTICID,Chemicals,2023-01-09,2023-02-01,720.5472257613482,718.7503498866316,603.7374147408594,605.2505410935934,-16.211263723493566,16,MONTHLY_CLOSE_LT_M_EMA9,True,6M Return,7
GSS,Software & IT Services,2022-08-01,2023-03-01,225.5625,225.0,223.3901219558716,223.9499969482422,-0.9630936188987123,145,MONTHLY_CLOSE_LT_M_EMA9,True,6M Return,7
GOKULAGRO,Agri,2022-06-16,2023-04-03,51.10867712020874,50.981224060058594,51.121875,51.25,0.025823168461633312,198,MONTHLY_CLOSE_LT_M_EMA9,False,6M Return,7
AURIONPRO,Software & IT Services,2022-11-03,2023-04-03,195.87060556536548,195.38215018989075,154.25784650188902,154.644457646004,-21.245024971135624,103,MONTHLY_CLOSE_LT_M_EMA9,True,6M Return,7
BSHSL,Agri,2022-06-10,2023-07-03,40.089976682662964,39.9900016784668,278.70149391174317,279.3999938964844,595.1899626129455,262,MONTHLY_CLOSE_LT_M_EMA9,False,6M Return,7
KAMDHENU,Metals & Mining,2023-03-01,2023-10-03,32.70816192225225,32.626595433668086,28.764907652829432,28.83700015321246,-12.055872411283731,144,MONTHLY_CLOSE_LT_M_EMA9,True,6M Return,7
HILTON,Automobile & Ancillaries,2023-04-03,2024-01-01,105.0620030593872,104.80000305175781,114.7125,115.0,9.18552536558606,183,MONTHLY_CLOSE_LT_M_EMA9,False,6M Return,7
ARROWGREEN,Plastic Products,2023-07-05,2024-04-01,322.8880906128568,322.0828834043459,379.958182506919,380.91045865355284,17.674882893865952,181,MONTHLY_CLOSE_LT_M_EMA9,False,6M Return,7
AXISCADES,Aviation,2023-10-03,2024-04-01,516.7887499999999,515.5,553.6125000000001,555.0,7.1254937341418785,120,MONTHLY_CLOSE_LT_M_EMA9,False,6M Return,7
RKFORGE,Automobile & Ancillaries,2024-01-01,2024-06-03,717.5990044846303,715.8094807826736,695.2010819520684,696.943440553452,-3.1212309928785045,101,MONTHLY_CLOSE_LT_M_EMA9,True,6M Return,7
USHAMART,Metals & Mining,2021-12-01,2024-09-02,81.30627044435819,81.10351166519521,326.0925032874201,326.90977773174944,301.06685684295525,679,MONTHLY_CLOSE_LT_M_EMA9,False,6M Return,7
UNIONBANK,Banks,2023-02-01,2024-09-02,70.30603852475667,70.1307117453932,114.79120501741329,115.07890227309602,63.27360697046268,387,MONTHLY_CLOSE_LT_M_EMA9,False,6M Return,7
DHANBANK,Diversified / Other,2024-04-01,2024-09-02,42.606249999999996,42.5,39.29152439117432,39.38999938964844,-7.77990461217703,103,MONTHLY_CLOSE_LT_M_EMA9,True,6M Return,7
TTKHLTCARE,Healthcare,2023-07-03,2024-12-02,1239.477372247262,1236.386406231683,1473.4517447222886,1477.1446062378832,18.876857110413724,348,MONTHLY_CLOSE_LT_M_EMA9,False,6M Return,7
HAL,Aviation,2024-09-02,2025-01-01,4613.408322946594,4601.903564036503,4081.7814988109317,4092.0115276300066,-11.523515520865736,83,MONTHLY_CLOSE_LT_M_EMA9,True,6M Return,7
KEI,Electricals,2022-02-02,2025-02-01,1104.9306244884451,1102.17518652214,4045.060472039067,4055.198468209591,266.0918054390815,741,MONTHLY_CLOSE_LT_M_EMA9,False,6M Return,7
SHILPAMED,Healthcare,2024-06-03,2025-02-01,249.32040236888795,248.69865572956405,353.53452502958453,354.42057647076143,41.799275819595415,168,MONTHLY_CLOSE_LT_M_EMA9,False,6M Return,7
NITCO,Construction Materials,2024-04-01,2025-03-03,58.846750764846796,58.70000076293945,96.08917682647706,96.33000183105469,63.287140883023426,229,MONTHLY_CLOSE_LT_M_EMA9,False,6M Return,7
IPCALAB,Healthcare,2024-12-06,2025-03-03,1496.969542330751,1493.236451202744,1340.1062114994543,1343.4648736836634,-10.478725611682368,60,MONTHLY_CLOSE_LT_M_EMA9,True,6M Return,7
KITEX,Textiles,2025-01-02,2025-03-03,234.95697539198358,234.3710477725522,156.1883531166635,156.57980262322155,-33.52470048778452,42,MONTHLY_CLOSE_LT_M_EMA9,True,6M Return,7
SIYSIL,Textiles,2025-02-03,2025-03-03,764.5613638544243,762.6547270368322,578.6338522770727,580.0840624331556,-24.31819345932224,19,MONTHLY_CLOSE_LT_M_EMA9,True,6M Return,7
REPL,Infrastructure,2025-02-10,2025-03-03,285.7125,285.0,212.4475457382202,212.97999572753906,-25.64289425971204,14,MONTHLY_CLOSE_LT_M_EMA9,True,6M Return,7
ORIENTCEM,Construction Materials,2024-09-02,2025-07-01,304.29157977919823,303.5327479094247,240.04728447651254,240.64890674337096,-21.112741716120766,206,MONTHLY_CLOSE_LT_M_EMA9,True,6M Return,7
GOLDIAM,Diamond  &  Jewellery,2025-02-13,2025-07-01,315.7346543835986,314.94728616817815,255.6576005077779,256.29834637371215,-19.02770349777022,91,MONTHLY_CLOSE_LT_M_EMA9,True,6M Return,7
AXISBANK,Banks,2025-07-07,2025-08-01,1179.6342628674286,1176.6925315385822,1061.5188225977377,1064.1792707746743,-10.01288653506711,19,MONTHLY_CLOSE_LT_M_EMA9,True,6M Return,7
SRF,Diversified,2025-04-09,2025-09-01,2753.50591898726,2746.6393206855464,2831.2616911664536,2838.3575851292767,2.823882514397943,97,MONTHLY_CLOSE_LT_M_EMA9,False,6M Return,7
CAMLINFINE,Chemicals,2025-08-01,2025-09-01,281.50198776245117,280.79998779296875,199.5,200.0,-29.130162957019518,19,MONTHLY_CLOSE_LT_M_EMA9,True,6M Return,7
BSE,Unclassified,2025-07-10,2025-10-01,2534.2600135868765,2527.940163178929,2037.5122190476616,2042.618765962568,-19.60129552121768,57,MONTHLY_CLOSE_LT_M_EMA9,True,6M Return,7
RALLIS,Fertilisers & Pesticides,2025-09-01,2025-10-01,344.3575500885084,343.4988030808064,299.20681942254464,299.956711200546,-13.111584355957609,22,MONTHLY_CLOSE_LT_M_EMA9,True,6M Return,7
RAMANEWS,Paper,2025-05-09,2025-11-03,31.077499999999997,31.0,29.127000761032107,29.200000762939453,-6.276242422871499,122,MONTHLY_CLOSE_LT_M_EMA9,True,6M Return,7
GINNIFILA,Textiles,2025-09-08,2025-12-01,47.969623470306395,47.849998474121094,40.38877667427063,40.4900016784668,-15.80343193798128,57,MONTHLY_CLOSE_LT_M_EMA9,True,6M Return,7
AXISCADES,Aviation,2025-04-15,2026-02-02,810.7217622375488,808.7000122070312,1142.1375,1145.0,40.87909726855753,200,MONTHLY_CLOSE_LT_M_EMA9,False,6M Return,7
HCG,Healthcare,2025-05-29,2026-02-02,553.2797744750976,551.9000244140625,589.6222256469727,591.0999755859375,6.568548652687244,170,MONTHLY_CLOSE_LT_M_EMA9,False,6M Return,7
HDFCAMC,Finance,2025-10-03,2026-02-02,2739.0707974887796,2732.240196996289,2410.015481467556,2416.055620518853,-12.013392144624602,82,MONTHLY_CLOSE_LT_M_EMA9,True,6M Return,7
NAM-INDIA,Finance,2025-12-05,2026-04-01,827.0056490719096,824.9432908447976,818.9833442548505,821.0359340900757,-0.9700423239021341,78,MONTHLY_CLOSE_LT_M_EMA9,True,6M Return,7
BANKBARODA,Banks,2026-02-04,2026-04-01,277.7320340980547,277.03943550928153,244.46067038518046,245.07335376960447,-11.979663714675288,37,MONTHLY_CLOSE_LT_M_EMA9,True,6M Return,7
NORBTEAEXP,Agri,2025-05-02,2026-05-04,40.0498757648468,39.95000076293945,63.54075076103211,63.70000076293945,58.65405209771981,247,MONTHLY_CLOSE_LT_M_EMA9,False,6M Return,7
OIL,Oil & Gas,2026-05-11,2026-07-01,458.1425,457.0,418.00236282348635,419.04998779296875,-8.76149607960703,37,MONTHLY_CLOSE_LT_M_EMA9,True,6M Return,7
POWERGRID,Power,2026-05-18,2026-07-01,297.04073776245116,296.29998779296875,287.08048782348635,287.79998779296875,-3.353159574674299,32,MONTHLY_CLOSE_LT_M_EMA9,True,6M Return,7
CCL,Agri,2025-10-03,2026-08-24,861.8272251361685,859.678030061016,1079.0955487060548,1081.800048828125,25.21019494778179,222,END_OF_BACKTEST,False,6M Return,7
TFCILTD,Finance,2025-11-04,2026-08-24,69.7599861769354,69.5860211241251,129.23609756469727,129.55999755859375,85.2582040898201,201,END_OF_BACKTEST,False,6M Return,7
TITAN,Diamond  &  Jewellery,2026-02-02,2026-08-24,3996.885032503398,3986.9177381580034,5066.302500000001,5079.0,26.756272917532144,140,END_OF_BACKTEST,False,6M Return,7
THANGAMAYL,Diamond  &  Jewellery,2026-02-05,2026-08-24,3281.9270141764687,3273.742657532637,5479.766250000001,5493.5,66.9679498151495,137,END_OF_BACKTEST,False,6M Return,7
LUPIN,Healthcare,2026-05-15,2026-08-24,2257.3027141097346,2251.6735302840248,2182.53,2188.0,-3.312480583235564,71,END_OF_BACKTEST,True,6M Return,7
ARIHANT,Real Estate,2026-07-03,2026-08-24,795.985,794.0,1004.6820121765137,1007.2000122070312,26.21871168131481,35,END_OF_BACKTEST,False,6M Return,7
BHEL,Capital Goods,2026-07-09,2026-08-24,379.72506980615975,378.77812449492245,410.3714939117432,411.3999938964844,8.070687595429945,32,END_OF_BACKTEST,False,6M Return,7
ASIANPAINT,Chemicals,2019-04-12,2019-07-01,1344.512536347503,1341.1596372543672,1284.2397691317053,1287.4584151696292,-4.482871344549491,51,MONTHLY_CLOSE_LT_M_EMA9,True,6M Return,10
HAVELLS,Capital Goods,2019-05-10,2019-08-01,699.9479012919053,698.2023953036462,610.7729224614168,612.3036816655807,-12.74023090374252,58,MONTHLY_CLOSE_LT_M_EMA9,True,6M Return,10
SUVEN,Healthcare,2019-05-17,2019-08-01,11.868521718978881,11.838924407958984,10.48636696100235,10.512648582458496,-11.645551069484382,53,MONTHLY_CLOSE_LT_M_EMA9,True,6M Return,10
SEAMECLTD,Logistics,2019-05-13,2019-09-03,422.88563520968705,421.83105756577265,322.6497405532054,323.45838651950413,-23.702837436599115,77,MONTHLY_CLOSE_LT_M_EMA9,True,6M Return,10
CANTABIL,Retailing,2019-05-03,2019-11-01,51.560024114415064,51.43144550066341,40.56641687381459,40.66808709154345,-21.321959074737713,122,MONTHLY_CLOSE_LT_M_EMA9,True,6M Return,10
POWERGRID,Power,2019-08-08,2019-12-02,76.95655591850222,76.7646443077329,76.2968800842247,76.48810033506234,-0.8572055056311579,74,MONTHLY_CLOSE_LT_M_EMA9,True,6M Return,10
PRESTIGE,Real Estate,2019-05-15,2020-03-02,240.9058474878859,240.30508477594603,289.52850347894287,290.2541388260079,20.18326101175356,197,MONTHLY_CLOSE_LT_M_EMA9,False,6M Return,10
BATAINDIA,Footwear,2019-05-10,2020-04-01,1216.081754671056,1213.0491318414524,1106.6706788283082,1109.4442895521886,-8.997016477098855,221,MONTHLY_CLOSE_LT_M_EMA9,True,6M Return,10
MUTHOOTFIN,Finance,2019-05-13,2020-04-01,510.7882130162825,509.5144269489102,550.4542044433783,551.8337889156675,7.76564345384207,220,MONTHLY_CLOSE_LT_M_EMA9,False,6M Return,10
BAJFINANCE,Finance,2019-07-10,2020-04-01,349.94047214801776,349.06780264141423,211.70952223423575,212.2401225405872,-39.50127547845141,179,MONTHLY_CLOSE_LT_M_EMA9,True,6M Return,10
PIDILITIND,Chemicals,2019-09-23,2020-04-01,694.1067127919158,692.3757733585195,655.0218420659287,656.6635008179736,-5.630959909431715,130,MONTHLY_CLOSE_LT_M_EMA9,True,6M Return,10
EQ30,Unclassified,2019-11-14,2020-04-01,348.4690061187744,347.6000061035156,254.3625,255.0,-27.00570336711625,96,MONTHLY_CLOSE_LT_M_EMA9,True,6M Return,10
DYNPRO,Chemicals,2019-12-02,2020-04-01,138.10432842560678,137.75992860409656,115.95974029541016,116.2503662109375,-16.03468072481547,84,MONTHLY_CLOSE_LT_M_EMA9,True,6M Return,10
WELCORP,Metals & Mining,2020-03-04,2020-04-01,157.5856499390375,157.1926682683666,56.80495355987549,56.94732186453683,-63.952965525826336,19,MONTHLY_CLOSE_LT_M_EMA9,True,6M Return,10
GMMPFAUDLR,Capital Goods,2020-07-21,2020-11-02,1358.0362759682669,1354.6496518386703,1166.0602806550348,1168.9827374987817,-14.13629361088716,73,MONTHLY_CLOSE_LT_M_EMA9,True,6M Return,10
IPCALAB,Healthcare,2019-05-20,2021-02-01,452.97806425965035,451.84844315177094,913.5505323753033,915.8401327070709,101.67655002641571,423,MONTHLY_CLOSE_LT_M_EMA9,False,6M Return,10
ABBOTINDIA,Healthcare,2019-08-02,2021-02-01,7571.327752531716,7552.446635941862,13031.927420621041,13064.588892853173,72.12208804807582,370,MONTHLY_CLOSE_LT_M_EMA9,False,6M Return,10
DRREDDY,Healthcare,2020-07-09,2021-03-01,749.1182193937851,747.2500941583892,853.9227571406125,856.0629144266791,13.99038696878033,163,MONTHLY_CLOSE_LT_M_EMA9,False,6M Return,10
COROMANDEL,Chemicals,2020-08-20,2021-05-03,729.2014541066272,727.3829966150896,698.9724864663181,700.7242972093413,-4.145489215643961,173,MONTHLY_CLOSE_LT_M_EMA9,True,6M Return,10
ADANIGREEN,Miscellaneous,2020-07-27,2021-08-02,346.8148872375488,345.95001220703125,880.1940243530274,882.4000244140625,153.79361058112357,254,MONTHLY_CLOSE_LT_M_EMA9,False,6M Return,10
AARTIDRUGS,Healthcare,2020-11-02,2021-09-01,668.0135420626315,666.3476728804304,607.7741016365785,609.2973449990761,-9.017697491588434,206,MONTHLY_CLOSE_LT_M_EMA9,True,6M Return,10
RTNPOWER,Power,2021-08-02,2021-11-01,6.766875,6.75,3.840374904870987,3.8499999046325684,-43.247438368951876,62,MONTHLY_CLOSE_LT_M_EMA9,True,6M Return,10
GPIL,Metals & Mining,2021-02-01,2021-12-01,23.965730727023356,23.905965812492127,51.477972090939744,51.60698956485187,114.79825788451362,205,MONTHLY_CLOSE_LT_M_EMA9,False,6M Return,10
CYBERTECH,Software & IT Services,2021-02-01,2021-12-01,107.03234759960745,106.76543401457103,127.1527743917848,127.47145302434566,18.798454152799643,205,MONTHLY_CLOSE_LT_M_EMA9,False,6M Return,10
SIMBHALS,Agri,2021-09-01,2021-12-01,28.4709996175766,28.399999618530273,18.653250761032105,18.700000762939453,-34.48333036569428,61,MONTHLY_CLOSE_LT_M_EMA9,True,6M Return,10
DIVISLAB,Healthcare,2019-05-13,2022-02-01,1572.154170032027,1568.23358606686,3923.61986996216,3933.4535037214637,149.5696633799108,676,MONTHLY_CLOSE_LT_M_EMA9,False,6M Return,10
LALPATHLAB,Healthcare,2020-09-02,2022-02-01,866.4846568804802,864.3238472623244,1441.4488281930123,1445.0614818977567,66.35595526671175,352,MONTHLY_CLOSE_LT_M_EMA9,False,6M Return,10
WIPRO,Software & IT Services,2021-03-02,2022-02-01,192.17020747638205,191.69098002631625,264.6276805587888,265.2909078283597,37.704841990823105,227,MONTHLY_CLOSE_LT_M_EMA9,False,6M Return,10
MAHLOG,Logistics,2021-05-06,2022-02-01,513.4075432329968,512.1272251700716,573.0312157494143,574.4673842099392,11.613322262653014,185,MONTHLY_CLOSE_LT_M_EMA9,False,6M Return,10
CINEVISTA,Diversified / Other,2021-08-02,2022-02-01,15.588875191211699,15.550000190734863,14.413874809741975,14.449999809265137,-7.537428884748118,125,MONTHLY_CLOSE_LT_M_EMA9,True,6M Return,10
IRCTC,Software & IT Services,2021-12-01,2022-06-01,775.8081946098729,773.873510832791,662.5250502164699,664.1855140014736,-14.601952541938426,124,MONTHLY_CLOSE_LT_M_EMA9,True,6M Return,10
ECLERX,Software & IT Services,2021-12-01,2022-06-01,716.880139649028,715.0924086274595,674.819396188358,676.5106728705343,-5.867193291372556,124,MONTHLY_CLOSE_LT_M_EMA9,True,6M Return,10
TVTODAY,Media & Entertainment,2022-02-01,2022-06-01,286.2749893158596,285.5610865993612,196.1444575688313,196.63604768805143,-31.483900134769847,81,MONTHLY_CLOSE_LT_M_EMA9,True,6M Return,10
CALSOFT,Diversified / Other,2022-02-03,2022-06-01,41.5035015296936,41.400001525878906,23.690625,23.75,-42.918972793053165,79,MONTHLY_CLOSE_LT_M_EMA9,True,6M Return,10
DHUNINV,Finance,2021-11-01,2022-07-01,595.8912210403817,594.4052080203309,564.6499031605782,566.065065825141,-5.242788746788117,166,MONTHLY_CLOSE_LT_M_EMA9,True,6M Return,10
LPDC,Diversified / Other,2022-02-03,2022-07-01,10.0751251912117,10.050000190734863,6.3840000951290135,6.400000095367432,-36.63602214394686,101,MONTHLY_CLOSE_LT_M_EMA9,True,6M Return,10
ACCURACY,Logistics,2022-02-03,2022-08-01,20.584073197348268,20.5327413439883,20.692471328879293,20.744332159277487,0.526611669574658,122,MONTHLY_CLOSE_LT_M_EMA9,False,6M Return,10
DANGEE,FMCG,2022-06-02,2022-11-01,22.055,22.0,21.496124238967898,21.549999237060547,-2.5340093449653223,103,MONTHLY_CLOSE_LT_M_EMA9,True,6M Return,10
ASAHIINDIA,Construction Materials,2022-08-12,2023-01-02,558.7289809257816,557.3356418212285,517.1895897287404,518.4858042393388,-7.434622619398187,96,MONTHLY_CLOSE_LT_M_EMA9,True,6M Return,10
INSECTICID,Chemicals,2023-01-09,2023-02-01,720.5472257613482,718.7503498866316,603.7374147408594,605.2505410935934,-16.211263723493566,16,MONTHLY_CLOSE_LT_M_EMA9,True,6M Return,10
GSS,Software & IT Services,2022-08-01,2023-03-01,225.5625,225.0,223.3901219558716,223.9499969482422,-0.9630936188987123,145,MONTHLY_CLOSE_LT_M_EMA9,True,6M Return,10
DSSL,Software & IT Services,2021-02-01,2023-04-03,59.35683233585797,59.20881031008277,327.2315370941162,328.0516662597656,451.2954856528502,538,MONTHLY_CLOSE_LT_M_EMA9,False,6M Return,10
GOKULAGRO,Agri,2022-06-16,2023-04-03,51.10867712020874,50.981224060058594,51.121875,51.25,0.025823168461633312,198,MONTHLY_CLOSE_LT_M_EMA9,False,6M Return,10
AURIONPRO,Software & IT Services,2022-11-03,2023-04-03,195.87060556536548,195.38215018989075,154.25784650188902,154.644457646004,-21.245024971135624,103,MONTHLY_CLOSE_LT_M_EMA9,True,6M Return,10
BSHSL,Agri,2022-06-10,2023-07-03,40.089976682662964,39.9900016784668,278.70149391174317,279.3999938964844,595.1899626129455,262,MONTHLY_CLOSE_LT_M_EMA9,False,6M Return,10
KAMDHENU,Metals & Mining,2023-03-01,2023-10-03,32.70816192225225,32.626595433668086,28.764907652829432,28.83700015321246,-12.055872411283731,144,MONTHLY_CLOSE_LT_M_EMA9,True,6M Return,10
HILTON,Automobile & Ancillaries,2023-04-03,2024-01-01,105.0620030593872,104.80000305175781,114.7125,115.0,9.18552536558606,183,MONTHLY_CLOSE_LT_M_EMA9,False,6M Return,10
ARROWGREEN,Plastic Products,2023-07-05,2024-04-01,322.8880906128568,322.0828834043459,379.958182506919,380.91045865355284,17.674882893865952,181,MONTHLY_CLOSE_LT_M_EMA9,False,6M Return,10
SURYAROSNI,Diversified,2023-07-07,2024-04-01,186.77813375665207,186.31235287446592,244.7662237331575,245.3796729154461,31.046508930245796,179,MONTHLY_CLOSE_LT_M_EMA9,False,6M Return,10
AXISCADES,Aviation,2023-10-03,2024-04-01,516.7887499999999,515.5,553.6125000000001,555.0,7.1254937341418785,120,MONTHLY_CLOSE_LT_M_EMA9,False,6M Return,10
RKFORGE,Automobile & Ancillaries,2024-01-01,2024-06-03,717.5990044846303,715.8094807826736,695.2010819520684,696.943440553452,-3.1212309928785045,101,MONTHLY_CLOSE_LT_M_EMA9,True,6M Return,10
USHAMART,Metals & Mining,2021-12-01,2024-09-02,81.30627044435819,81.10351166519521,326.0925032874201,326.90977773174944,301.06685684295525,679,MONTHLY_CLOSE_LT_M_EMA9,False,6M Return,10
UNIONBANK,Banks,2023-02-01,2024-09-02,70.30603852475667,70.1307117453932,114.79120501741329,115.07890227309602,63.27360697046268,387,MONTHLY_CLOSE_LT_M_EMA9,False,6M Return,10
DHANBANK,Diversified / Other,2024-04-01,2024-09-02,42.606249999999996,42.5,39.29152439117432,39.38999938964844,-7.77990461217703,103,MONTHLY_CLOSE_LT_M_EMA9,True,6M Return,10
JSL,Metals & Mining,2023-04-24,2024-11-01,264.45640908041827,263.79691678844716,669.8563155037617,671.5351533872298,153.2955498537628,377,MONTHLY_CLOSE_LT_M_EMA9,False,6M Return,10
ADANIPOWER,Power,2024-04-01,2024-11-01,109.81385091781615,109.54000091552734,118.84214939117432,119.13999938964844,8.22145694545843,146,MONTHLY_CLOSE_LT_M_EMA9,False,6M Return,10
TTKHLTCARE,Healthcare,2023-07-03,2024-12-02,1239.477372247262,1236.386406231683,1473.4517447222886,1477.1446062378832,18.876857110413724,348,MONTHLY_CLOSE_LT_M_EMA9,False,6M Return,10
HAL,Aviation,2024-09-02,2025-01-01,4613.408322946594,4601.903564036503,4081.7814988109317,4092.0115276300066,-11.523515520865736,83,MONTHLY_CLOSE_LT_M_EMA9,True,6M Return,10
KEI,Electricals,2022-02-02,2025-02-01,1104.9306244884451,1102.17518652214,4045.060472039067,4055.198468209591,266.0918054390815,741,MONTHLY_CLOSE_LT_M_EMA9,False,6M Return,10
SHILPAMED,Healthcare,2024-06-03,2025-02-01,249.32040236888795,248.69865572956405,353.53452502958453,354.42057647076143,41.799275819595415,168,MONTHLY_CLOSE_LT_M_EMA9,False,6M Return,10
SYMPHONY,Consumer Durables,2024-11-01,2025-02-01,1528.7781078534026,1524.9656936193544,1227.0071648003766,1230.0823707271945,-19.739355338934732,63,MONTHLY_CLOSE_LT_M_EMA9,True,6M Return,10
NITCO,Construction Materials,2024-04-01,2025-03-03,58.846750764846796,58.70000076293945,96.08917682647706,96.33000183105469,63.287140883023426,229,MONTHLY_CLOSE_LT_M_EMA9,False,6M Return,10
MAHSCOOTER,Automobile & Ancillaries,2024-11-01,2025-03-03,10533.011695867026,10506.74483378257,9012.143347175248,9034.730172606764,-14.4390644632868,83,MONTHLY_CLOSE_LT_M_EMA9,True,6M Return,10
IPCALAB,Healthcare,2024-12-06,2025-03-03,1496.969542330751,1493.236451202744,1340.1062114994543,1343.4648736836634,-10.478725611682368,60,MONTHLY_CLOSE_LT_M_EMA9,True,6M Return,10
KITEX,Textiles,2025-01-02,2025-03-03,234.95697539198358,234.3710477725522,156.1883531166635,156.57980262322155,-33.52470048778452,42,MONTHLY_CLOSE_LT_M_EMA9,True,6M Return,10
SIYSIL,Textiles,2025-02-03,2025-03-03,764.5613638544243,762.6547270368322,578.6338522770727,580.0840624331556,-24.31819345932224,19,MONTHLY_CLOSE_LT_M_EMA9,True,6M Return,10
REPL,Infrastructure,2025-02-10,2025-03-03,285.7125,285.0,212.4475457382202,212.97999572753906,-25.64289425971204,14,MONTHLY_CLOSE_LT_M_EMA9,True,6M Return,10
BLUESTARCO,Consumer Durables,2023-04-03,2025-05-02,674.8988521038522,673.2158125724211,1682.3706333338737,1686.58710108659,149.27744773745647,510,MONTHLY_CLOSE_LT_M_EMA9,False,6M Return,10
PGIL,Textiles,2025-02-13,2025-05-02,1367.4266103412679,1364.0165689189705,948.2239561179085,950.6004572610611,-30.65631830279646,49,MONTHLY_CLOSE_LT_M_EMA9,True,6M Return,10
ORIENTCEM,Construction Materials,2024-09-02,2025-07-01,304.29157977919823,303.5327479094247,240.04728447651254,240.64890674337096,-21.112741716120766,206,MONTHLY_CLOSE_LT_M_EMA9,True,6M Return,10
GOLDIAM,Diamond  &  Jewellery,2025-02-13,2025-07-01,315.7346543835986,314.94728616817815,255.6576005077779,256.29834637371215,-19.02770349777022,91,MONTHLY_CLOSE_LT_M_EMA9,True,6M Return,10
PANACEABIO,Healthcare,2025-06-06,2025-08-01,472.47823776245116,471.29998779296875,399.09975608825687,400.1000061035156,-15.530552692055826,40,MONTHLY_CLOSE_LT_M_EMA9,True,6M Return,10
CHOLAFIN,Finance,2025-06-09,2025-08-01,1621.4694933547537,1617.4259285334201,1437.2539737855614,1440.8561140707382,-11.361022845274627,39,MONTHLY_CLOSE_LT_M_EMA9,True,6M Return,10
AXISBANK,Banks,2025-07-07,2025-08-01,1179.6342628674286,1176.6925315385822,1061.5188225977377,1064.1792707746743,-10.01288653506711,19,MONTHLY_CLOSE_LT_M_EMA9,True,6M Return,10
SRF,Diversified,2025-04-09,2025-09-01,2753.50591898726,2746.6393206855464,2831.2616911664536,2838.3575851292767,2.823882514397943,97,MONTHLY_CLOSE_LT_M_EMA9,False,6M Return,10
CAMLINFINE,Chemicals,2025-08-01,2025-09-01,281.50198776245117,280.79998779296875,199.5,200.0,-29.130162957019518,19,MONTHLY_CLOSE_LT_M_EMA9,True,6M Return,10
BANARISUG,Diversified / Other,2025-06-09,2025-10-01,3986.487964495085,3976.5465980000854,3659.9273474121096,3669.10009765625,-8.191687018534285,80,MONTHLY_CLOSE_LT_M_EMA9,True,6M Return,10
BSE,Unclassified,2025-07-10,2025-10-01,2534.2600135868765,2527.940163178929,2037.5122190476616,2042.618765962568,-19.60129552121768,57,MONTHLY_CLOSE_LT_M_EMA9,True,6M Return,10
RALLIS,Fertilisers & Pesticides,2025-09-01,2025-10-01,344.3575500885084,343.4988030808064,299.20681942254464,299.956711200546,-13.111584355957609,22,MONTHLY_CLOSE_LT_M_EMA9,True,6M Return,10
RAMANEWS,Paper,2025-05-09,2025-11-03,31.077499999999997,31.0,29.127000761032107,29.200000762939453,-6.276242422871499,122,MONTHLY_CLOSE_LT_M_EMA9,True,6M Return,10
GINNIFILA,Textiles,2025-09-08,2025-12-01,47.969623470306395,47.849998474121094,40.38877667427063,40.4900016784668,-15.80343193798128,57,MONTHLY_CLOSE_LT_M_EMA9,True,6M Return,10
AXISCADES,Aviation,2025-04-15,2026-02-02,810.7217622375488,808.7000122070312,1142.1375,1145.0,40.87909726855753,200,MONTHLY_CLOSE_LT_M_EMA9,False,6M Return,10
HCG,Healthcare,2025-05-29,2026-02-02,553.2797744750976,551.9000244140625,589.6222256469727,591.0999755859375,6.568548652687244,170,MONTHLY_CLOSE_LT_M_EMA9,False,6M Return,10
JMFINANCIL,Finance,2025-08-05,2026-02-02,154.48053096535176,154.09529273351797,119.49066850593623,119.79014386560023,-22.650014368000434,122,MONTHLY_CLOSE_LT_M_EMA9,True,6M Return,10
HDFCAMC,Finance,2025-10-03,2026-02-02,2739.0707974887796,2732.240196996289,2410.015481467556,2416.055620518853,-12.013392144624602,82,MONTHLY_CLOSE_LT_M_EMA9,True,6M Return,10
ABCAPITAL,Finance,2025-08-01,2026-04-01,257.14125,256.5,302.2425,303.0,17.539484621778882,163,MONTHLY_CLOSE_LT_M_EMA9,False,6M Return,10
NAM-INDIA,Finance,2025-12-05,2026-04-01,827.0056490719096,824.9432908447976,818.9833442548505,821.0359340900757,-0.9700423239021341,78,MONTHLY_CLOSE_LT_M_EMA9,True,6M Return,10
BANKBARODA,Banks,2026-02-04,2026-04-01,277.7320340980547,277.03943550928153,244.46067038518046,245.07335376960447,-11.979663714675288,37,MONTHLY_CLOSE_LT_M_EMA9,True,6M Return,10
MUTHOOTFIN,Finance,2026-02-05,2026-04-01,3609.059829432851,3600.0596802322707,3243.378093828956,3251.5068609814093,-10.132326780001328,36,MONTHLY_CLOSE_LT_M_EMA9,True,6M Return,10
NORBTEAEXP,Agri,2025-05-02,2026-05-04,40.0498757648468,39.95000076293945,63.54075076103211,63.70000076293945,58.65405209771981,247,MONTHLY_CLOSE_LT_M_EMA9,False,6M Return,10
OIL,Oil & Gas,2026-05-11,2026-07-01,458.1425,457.0,418.00236282348635,419.04998779296875,-8.76149607960703,37,MONTHLY_CLOSE_LT_M_EMA9,True,6M Return,10
POWERGRID,Power,2026-05-18,2026-07-01,297.04073776245116,296.29998779296875,287.08048782348635,287.79998779296875,-3.353159574674299,32,MONTHLY_CLOSE_LT_M_EMA9,True,6M Return,10
AVANTIFEED,Consumer Goods,2026-05-20,2026-07-01,1244.1303922984555,1241.0278227416015,919.5917514649367,921.8964926966784,-26.085580968241867,30,MONTHLY_CLOSE_LT_M_EMA9,True,6M Return,10
CCL,Agri,2025-10-03,2026-08-24,861.8272251361685,859.678030061016,1079.0955487060548,1081.800048828125,25.21019494778179,222,END_OF_BACKTEST,False,6M Return,10
TFCILTD,Finance,2025-11-04,2026-08-24,69.7599861769354,69.5860211241251,129.23609756469727,129.55999755859375,85.2582040898201,201,END_OF_BACKTEST,False,6M Return,10
TITAN,Diamond  &  Jewellery,2026-02-02,2026-08-24,3996.885032503398,3986.9177381580034,5066.302500000001,5079.0,26.756272917532144,140,END_OF_BACKTEST,False,6M Return,10
THANGAMAYL,Diamond  &  Jewellery,2026-02-05,2026-08-24,3281.9270141764687,3273.742657532637,5479.766250000001,5493.5,66.9679498151495,137,END_OF_BACKTEST,False,6M Return,10
LUPIN,Healthcare,2026-05-15,2026-08-24,2257.3027141097346,2251.6735302840248,2182.53,2188.0,-3.312480583235564,71,END_OF_BACKTEST,True,6M Return,10
UNIVPHOTO,FMCG,2026-05-25,2026-08-24,432.5286372375488,431.45001220703125,447.97725608825687,449.1000061035156,3.571698500560442,65,END_OF_BACKTEST,False,6M Return,10
MCX,Finance,2026-06-05,2026-08-24,2917.2749999999996,2910.0,3259.8300000000004,3268.0,11.742293750160709,56,END_OF_BACKTEST,False,6M Return,10
ARIHANT,Real Estate,2026-07-03,2026-08-24,795.985,794.0,1004.6820121765137,1007.2000122070312,26.21871168131481,35,END_OF_BACKTEST,False,6M Return,10
BHEL,Capital Goods,2026-07-09,2026-08-24,379.72506980615975,378.77812449492245,410.3714939117432,411.3999938964844,8.070687595429945,32,END_OF_BACKTEST,False,6M Return,10
APARINDS,Capital Goods,2026-07-10,2026-08-24,14205.425,14170.0,16663.2375,16705.0,17.30192866457709,31,END_OF_BACKTEST,False,6M Return,10
ASIANPAINT,Chemicals,2019-04-12,2019-07-01,1344.512536347503,1341.1596372543672,1284.2397691317053,1287.4584151696292,-4.482871344549491,51,MONTHLY_CLOSE_LT_M_EMA9,True,6M Return,15
HAVELLS,Capital Goods,2019-05-10,2019-08-01,699.9479012919053,698.2023953036462,610.7729224614168,612.3036816655807,-12.74023090374252,58,MONTHLY_CLOSE_LT_M_EMA9,True,6M Return,15
SUVEN,Healthcare,2019-05-17,2019-08-01,11.868521718978881,11.838924407958984,10.48636696100235,10.512648582458496,-11.645551069484382,53,MONTHLY_CLOSE_LT_M_EMA9,True,6M Return,15
TRIVENI,Agri,2019-06-24,2019-08-01,62.88908817157098,62.73225752775161,50.4208240556712,50.547192035760595,-19.825798844283554,28,MONTHLY_CLOSE_LT_M_EMA9,True,6M Return,15
SEAMECLTD,Logistics,2019-05-13,2019-09-03,422.88563520968705,421.83105756577265,322.6497405532054,323.45838651950413,-23.702837436599115,77,MONTHLY_CLOSE_LT_M_EMA9,True,6M Return,15
PGHH,FMCG,2019-06-20,2019-09-03,9539.985583434533,9516.195095695295,9159.823213345026,9182.78016375441,-3.984936526000945,50,MONTHLY_CLOSE_LT_M_EMA9,True,6M Return,15
CANTABIL,Retailing,2019-05-03,2019-11-01,51.560024114415064,51.43144550066341,40.56641687381459,40.66808709154345,-21.321959074737713,122,MONTHLY_CLOSE_LT_M_EMA9,True,6M Return,15
POWERGRID,Power,2019-08-08,2019-12-02,76.95655591850222,76.7646443077329,76.2968800842247,76.48810033506234,-0.8572055056311579,74,MONTHLY_CLOSE_LT_M_EMA9,True,6M Return,15
HEIDELBERG,Cement & Cement Products,2019-06-24,2020-01-01,149.15823068456285,148.78626502200785,141.6314321048523,141.98639810010255,-5.0461838714271705,128,MONTHLY_CLOSE_LT_M_EMA9,True,6M Return,15
AGROPHOS,Chemicals,2019-08-26,2020-01-01,79.60797241712417,79.40944879513634,69.51459022521973,69.68881225585938,-12.678858518111547,85,MONTHLY_CLOSE_LT_M_EMA9,True,6M Return,15
PRESTIGE,Real Estate,2019-05-15,2020-03-02,240.9058474878859,240.30508477594603,289.52850347894287,290.2541388260079,20.18326101175356,197,MONTHLY_CLOSE_LT_M_EMA9,False,6M Return,15
BALRAMCHIN,Agri,2019-06-21,2020-03-02,132.36865832561384,132.03856192081182,136.98371878442995,137.32703637536838,3.4865205383161957,171,MONTHLY_CLOSE_LT_M_EMA9,False,6M Return,15
BATAINDIA,Footwear,2019-05-10,2020-04-01,1216.081754671056,1213.0491318414524,1106.6706788283082,1109.4442895521886,-8.997016477098855,221,MONTHLY_CLOSE_LT_M_EMA9,True,6M Return,15
MUTHOOTFIN,Finance,2019-05-13,2020-04-01,510.7882130162825,509.5144269489102,550.4542044433783,551.8337889156675,7.76564345384207,220,MONTHLY_CLOSE_LT_M_EMA9,False,6M Return,15
HONAUT,Consumer Durables,2019-06-27,2020-04-01,24167.253847446424,24106.986381492694,25503.352011962586,25567.270187431164,5.52854773219233,188,MONTHLY_CLOSE_LT_M_EMA9,False,6M Return,15
BAJFINANCE,Finance,2019-07-10,2020-04-01,349.94047214801776,349.06780264141423,211.70952223423575,212.2401225405872,-39.50127547845141,179,MONTHLY_CLOSE_LT_M_EMA9,True,6M Return,15
PIDILITIND,Chemicals,2019-09-23,2020-04-01,694.1067127919158,692.3757733585195,655.0218420659287,656.6635008179736,-5.630959909431715,130,MONTHLY_CLOSE_LT_M_EMA9,True,6M Return,15
EQ30,Unclassified,2019-11-14,2020-04-01,348.4690061187744,347.6000061035156,254.3625,255.0,-27.00570336711625,96,MONTHLY_CLOSE_LT_M_EMA9,True,6M Return,15
ATUL,Chemicals,2019-11-18,2020-04-01,3957.15917721823,3947.290949843621,3892.18879260963,3901.943651738977,-1.6418441032809872,94,MONTHLY_CLOSE_LT_M_EMA9,True,6M Return,15
DYNPRO,Chemicals,2019-12-02,2020-04-01,138.10432842560678,137.75992860409656,115.95974029541016,116.2503662109375,-16.03468072481547,84,MONTHLY_CLOSE_LT_M_EMA9,True,6M Return,15
PIIND,Chemicals,2020-01-09,2020-04-01,1421.3733784471212,1417.8288064310436,1150.4408994574537,1153.3242099824097,-19.06131654763836,57,MONTHLY_CLOSE_LT_M_EMA9,True,6M Return,15
WELCORP,Metals & Mining,2020-03-04,2020-04-01,157.5856499390375,157.1926682683666,56.80495355987549,56.94732186453683,-63.952965525826336,19,MONTHLY_CLOSE_LT_M_EMA9,True,6M Return,15
ESABINDIA,Capital Goods,2020-03-04,2020-04-01,1269.041654589312,1265.8769621838524,937.9170782542591,940.2677476233173,-26.092490749817948,19,MONTHLY_CLOSE_LT_M_EMA9,True,6M Return,15
GMMPFAUDLR,Capital Goods,2020-07-21,2020-11-02,1358.0362759682669,1354.6496518386703,1166.0602806550348,1168.9827374987817,-14.13629361088716,73,MONTHLY_CLOSE_LT_M_EMA9,True,6M Return,15
IPCALAB,Healthcare,2019-05-20,2021-02-01,452.97806425965035,451.84844315177094,913.5505323753033,915.8401327070709,101.67655002641571,423,MONTHLY_CLOSE_LT_M_EMA9,False,6M Return,15
ABBOTINDIA,Healthcare,2019-08-02,2021-02-01,7571.327752531716,7552.446635941862,13031.927420621041,13064.588892853173,72.12208804807582,370,MONTHLY_CLOSE_LT_M_EMA9,False,6M Return,15
DRREDDY,Healthcare,2020-07-09,2021-03-01,749.1182193937851,747.2500941583892,853.9227571406125,856.0629144266791,13.99038696878033,163,MONTHLY_CLOSE_LT_M_EMA9,False,6M Return,15
ITI,Telecom,2020-09-11,2021-04-01,138.79612194061278,138.4499969482422,115.36087652206422,115.6500015258789,-16.884654333912792,138,MONTHLY_CLOSE_LT_M_EMA9,True,6M Return,15
COROMANDEL,Chemicals,2020-08-20,2021-05-03,729.2014541066272,727.3829966150896,698.9724864663181,700.7242972093413,-4.145489215643961,173,MONTHLY_CLOSE_LT_M_EMA9,True,6M Return,15
ADANIGREEN,Miscellaneous,2020-07-27,2021-08-02,346.8148872375488,345.95001220703125,880.1940243530274,882.4000244140625,153.79361058112357,254,MONTHLY_CLOSE_LT_M_EMA9,False,6M Return,15
APLLTD,Healthcare,2020-09-04,2021-08-02,871.7425943069296,869.5686726253663,744.072293980442,745.9371368224982,-14.645412666567081,225,MONTHLY_CLOSE_LT_M_EMA9,True,6M Return,15
AARTIDRUGS,Healthcare,2020-11-02,2021-09-01,668.0135420626315,666.3476728804304,607.7741016365785,609.2973449990761,-9.017697491588434,206,MONTHLY_CLOSE_LT_M_EMA9,True,6M Return,15
BERGEPAINT,Chemicals,2020-01-08,2021-11-01,388.28256994870975,387.3142842381145,602.031978929839,603.5408310073574,55.04996245630201,451,MONTHLY_CLOSE_LT_M_EMA9,False,6M Return,15
BHARATRAS,Chemicals,2020-09-11,2021-11-01,2329.1459327650305,2323.337588793048,2573.9761637156535,2580.4272317951413,10.51158828249007,282,MONTHLY_CLOSE_LT_M_EMA9,False,6M Return,15
RTNPOWER,Power,2021-08-02,2021-11-01,6.766875,6.75,3.840374904870987,3.8499999046325684,-43.247438368951876,62,MONTHLY_CLOSE_LT_M_EMA9,True,6M Return,15
GPIL,Metals & Mining,2021-02-01,2021-12-01,23.965730727023356,23.905965812492127,51.477972090939744,51.60698956485187,114.79825788451362,205,MONTHLY_CLOSE_LT_M_EMA9,False,6M Return,15
CYBERTECH,Software & IT Services,2021-02-01,2021-12-01,107.03234759960745,106.76543401457103,127.1527743917848,127.47145302434566,18.798454152799643,205,MONTHLY_CLOSE_LT_M_EMA9,False,6M Return,15
SIMBHALS,Agri,2021-09-01,2021-12-01,28.4709996175766,28.399999618530273,18.653250761032105,18.700000762939453,-34.48333036569428,61,MONTHLY_CLOSE_LT_M_EMA9,True,6M Return,15
DIVISLAB,Healthcare,2019-05-13,2022-02-01,1572.154170032027,1568.23358606686,3923.61986996216,3933.4535037214637,149.5696633799108,676,MONTHLY_CLOSE_LT_M_EMA9,False,6M Return,15
LALPATHLAB,Healthcare,2020-09-02,2022-02-01,866.4846568804802,864.3238472623244,1441.4488281930123,1445.0614818977567,66.35595526671175,352,MONTHLY_CLOSE_LT_M_EMA9,False,6M Return,15
WIPRO,Software & IT Services,2021-03-02,2022-02-01,192.17020747638205,191.69098002631625,264.6276805587888,265.2909078283597,37.704841990823105,227,MONTHLY_CLOSE_LT_M_EMA9,False,6M Return,15
MAHLOG,Logistics,2021-05-06,2022-02-01,513.4075432329968,512.1272251700716,573.0312157494143,574.4673842099392,11.613322262653014,185,MONTHLY_CLOSE_LT_M_EMA9,False,6M Return,15
CINEVISTA,Diversified / Other,2021-08-02,2022-02-01,15.588875191211699,15.550000190734863,14.413874809741975,14.449999809265137,-7.537428884748118,125,MONTHLY_CLOSE_LT_M_EMA9,True,6M Return,15
SAGCEM,Construction Materials,2021-11-01,2022-02-01,278.9257737573324,278.23019826167825,240.94151441776503,241.54537786242108,-13.618052870443584,63,MONTHLY_CLOSE_LT_M_EMA9,True,6M Return,15
IRCTC,Software & IT Services,2021-12-01,2022-06-01,775.8081946098729,773.873510832791,662.5250502164699,664.1855140014736,-14.601952541938426,124,MONTHLY_CLOSE_LT_M_EMA9,True,6M Return,15
ECLERX,Software & IT Services,2021-12-01,2022-06-01,716.880139649028,715.0924086274595,674.819396188358,676.5106728705343,-5.867193291372556,124,MONTHLY_CLOSE_LT_M_EMA9,True,6M Return,15
TVTODAY,Media & Entertainment,2022-02-01,2022-06-01,286.2749893158596,285.5610865993612,196.1444575688313,196.63604768805143,-31.483900134769847,81,MONTHLY_CLOSE_LT_M_EMA9,True,6M Return,15
CALSOFT,Diversified / Other,2022-02-03,2022-06-01,41.5035015296936,41.400001525878906,23.690625,23.75,-42.918972793053165,79,MONTHLY_CLOSE_LT_M_EMA9,True,6M Return,15
MINDTECK,Software & IT Services,2022-02-03,2022-06-01,144.30474124493696,143.94487904731866,97.66262041242231,97.90738888463389,-32.32196006182931,79,MONTHLY_CLOSE_LT_M_EMA9,True,6M Return,15
GREENPANEL,Construction Materials,2021-04-01,2022-07-01,159.86868330937963,159.470008288658,428.31328601531885,429.38675289756276,167.91569002069173,310,MONTHLY_CLOSE_LT_M_EMA9,False,6M Return,15
DHUNINV,Finance,2021-11-01,2022-07-01,595.8912210403817,594.4052080203309,564.6499031605782,566.065065825141,-5.242788746788117,166,MONTHLY_CLOSE_LT_M_EMA9,True,6M Return,15
LPDC,Diversified / Other,2022-02-03,2022-07-01,10.0751251912117,10.050000190734863,6.3840000951290135,6.400000095367432,-36.63602214394686,101,MONTHLY_CLOSE_LT_M_EMA9,True,6M Return,15
ACCURACY,Logistics,2022-02-03,2022-08-01,20.584073197348268,20.5327413439883,20.692471328879293,20.744332159277487,0.526611669574658,122,MONTHLY_CLOSE_LT_M_EMA9,False,6M Return,15
SHARDACROP,Chemicals,2022-06-17,2022-08-01,612.0633557073127,610.5370131743767,495.42303158708836,496.6646933203893,-19.056903673874157,31,MONTHLY_CLOSE_LT_M_EMA9,True,6M Return,15
DANGEE,FMCG,2022-06-02,2022-11-01,22.055,22.0,21.496124238967898,21.549999237060547,-2.5340093449653223,103,MONTHLY_CLOSE_LT_M_EMA9,True,6M Return,15
AMDIND,Containers & Packaging,2022-09-26,2022-12-01,83.458125,83.25,46.03462652206421,46.150001525878906,-44.84104870309007,45,MONTHLY_CLOSE_LT_M_EMA9,True,6M Return,15
ASAHIINDIA,Construction Materials,2022-08-12,2023-01-02,558.7289809257816,557.3356418212285,517.1895897287404,518.4858042393388,-7.434622619398187,96,MONTHLY_CLOSE_LT_M_EMA9,True,6M Return,15
INSECTICID,Chemicals,2023-01-09,2023-02-01,720.5472257613482,718.7503498866316,603.7374147408594,605.2505410935934,-16.211263723493566,16,MONTHLY_CLOSE_LT_M_EMA9,True,6M Return,15
GSS,Software & IT Services,2022-08-01,2023-03-01,225.5625,225.0,223.3901219558716,223.9499969482422,-0.9630936188987123,145,MONTHLY_CLOSE_LT_M_EMA9,True,6M Return,15
TNPL,Paper,2022-09-26,2023-03-01,231.00626114090656,230.43018567671479,198.54477537607696,199.04238132940046,-14.052210361964656,108,MONTHLY_CLOSE_LT_M_EMA9,True,6M Return,15
DSSL,Software & IT Services,2021-02-01,2023-04-03,59.35683233585797,59.20881031008277,327.2315370941162,328.0516662597656,451.2954856528502,538,MONTHLY_CLOSE_LT_M_EMA9,False,6M Return,15
GOKULAGRO,Agri,2022-06-16,2023-04-03,51.10867712020874,50.981224060058594,51.121875,51.25,0.025823168461633312,198,MONTHLY_CLOSE_LT_M_EMA9,False,6M Return,15
AURIONPRO,Software & IT Services,2022-11-03,2023-04-03,195.87060556536548,195.38215018989075,154.25784650188902,154.644457646004,-21.245024971135624,103,MONTHLY_CLOSE_LT_M_EMA9,True,6M Return,15
BSHSL,Agri,2022-06-10,2023-07-03,40.089976682662964,39.9900016784668,278.70149391174317,279.3999938964844,595.1899626129455,262,MONTHLY_CLOSE_LT_M_EMA9,False,6M Return,15
AUTOAXLES,Automobile & Ancillaries,2023-03-02,2023-08-01,2135.1051959532965,2129.780744093064,2041.8420355665337,2046.9594341519135,-4.368082685739615,101,MONTHLY_CLOSE_LT_M_EMA9,True,6M Return,15
KAMDHENU,Metals & Mining,2023-03-01,2023-10-03,32.70816192225225,32.626595433668086,28.764907652829432,28.83700015321246,-12.055872411283731,144,MONTHLY_CLOSE_LT_M_EMA9,True,6M Return,15
HILTON,Automobile & Ancillaries,2023-04-03,2024-01-01,105.0620030593872,104.80000305175781,114.7125,115.0,9.18552536558606,183,MONTHLY_CLOSE_LT_M_EMA9,False,6M Return,15
AARON,Capital Goods,2021-02-01,2024-03-01,24.653981437852483,24.592500187384026,125.73757923990713,126.05271101745076,410.0092232845442,763,MONTHLY_CLOSE_LT_M_EMA9,False,6M Return,15
WENDT,Manufacturing,2023-04-24,2024-03-01,9102.892093331831,9080.19161429609,12318.793011686103,12349.66717963519,35.3283427440607,213,MONTHLY_CLOSE_LT_M_EMA9,False,6M Return,15
ARROWGREEN,Plastic Products,2023-07-05,2024-04-01,322.8880906128568,322.0828834043459,379.958182506919,380.91045865355284,17.674882893865952,181,MONTHLY_CLOSE_LT_M_EMA9,False,6M Return,15
AXISCADES,Aviation,2023-10-03,2024-04-01,516.7887499999999,515.5,553.6125000000001,555.0,7.1254937341418785,120,MONTHLY_CLOSE_LT_M_EMA9,False,6M Return,15
RKFORGE,Automobile & Ancillaries,2024-01-01,2024-06-03,717.5990044846303,715.8094807826736,695.2010819520684,696.943440553452,-3.1212309928785045,101,MONTHLY_CLOSE_LT_M_EMA9,True,6M Return,15
USHAMART,Metals & Mining,2021-12-01,2024-09-02,81.30627044435819,81.10351166519521,326.0925032874201,326.90977773174944,301.06685684295525,679,MONTHLY_CLOSE_LT_M_EMA9,False,6M Return,15
UNIONBANK,Banks,2023-02-01,2024-09-02,70.30603852475667,70.1307117453932,114.79120501741329,115.07890227309602,63.27360697046268,387,MONTHLY_CLOSE_LT_M_EMA9,False,6M Return,15
DHANBANK,Diversified / Other,2024-04-01,2024-09-02,42.606249999999996,42.5,39.29152439117432,39.38999938964844,-7.77990461217703,103,MONTHLY_CLOSE_LT_M_EMA9,True,6M Return,15
JSL,Metals & Mining,2023-04-24,2024-11-01,264.45640908041827,263.79691678844716,669.8563155037617,671.5351533872298,153.2955498537628,377,MONTHLY_CLOSE_LT_M_EMA9,False,6M Return,15
PFC,Finance,2024-03-01,2024-11-01,365.96898098889653,365.0563401385502,424.96477596501785,426.0298505914966,16.120435895060528,164,MONTHLY_CLOSE_LT_M_EMA9,False,6M Return,15
TTKHLTCARE,Healthcare,2023-07-03,2024-12-02,1239.477372247262,1236.386406231683,1473.4517447222886,1477.1446062378832,18.876857110413724,348,MONTHLY_CLOSE_LT_M_EMA9,False,6M Return,15
HAL,Aviation,2021-11-01,2025-01-01,608.6435540878268,607.1257397384807,4081.7814988109317,4092.0115276300066,570.6357886149458,782,MONTHLY_CLOSE_LT_M_EMA9,False,6M Return,15
JPPOWER,Power,2024-03-01,2025-01-01,18.6465003824234,18.600000381469727,17.655750761032106,17.700000762939453,-5.3133274398513795,204,MONTHLY_CLOSE_LT_M_EMA9,True,6M Return,15
TTKPRESTIG,Consumer Durables,2024-09-11,2025-01-01,887.296864994183,885.0841546076639,793.7240599912178,795.7133433495917,-10.545828425030967,76,MONTHLY_CLOSE_LT_M_EMA9,True,6M Return,15
KEI,Electricals,2022-02-02,2025-02-01,1104.9306244884451,1102.17518652214,4045.060472039067,4055.198468209591,266.0918054390815,741,MONTHLY_CLOSE_LT_M_EMA9,False,6M Return,15
ANANTRAJ,Real Estate,2022-12-01,2025-02-01,101.5114498692072,101.25830410893487,601.4747525429167,602.9822080630744,492.5191230328097,536,MONTHLY_CLOSE_LT_M_EMA9,False,6M Return,15
SHILPAMED,Healthcare,2024-06-03,2025-02-01,249.32040236888795,248.69865572956405,353.53452502958453,354.42057647076143,41.799275819595415,168,MONTHLY_CLOSE_LT_M_EMA9,False,6M Return,15
GPTINFRA,Infrastructure,2024-09-06,2025-02-01,158.76687896105543,158.3709515821002,106.57701353443186,106.84412384404196,-32.872010691490274,102,MONTHLY_CLOSE_LT_M_EMA9,True,6M Return,15
SYMPHONY,Consumer Durables,2024-11-01,2025-02-01,1528.7781078534026,1524.9656936193544,1227.0071648003766,1230.0823707271945,-19.739355338934732,63,MONTHLY_CLOSE_LT_M_EMA9,True,6M Return,15
VARDMNPOLY,Textiles,2023-08-03,2025-03-03,5.739312404394149,5.724999904632568,10.214399771690369,10.239999771118164,77.97253489581766,389,MONTHLY_CLOSE_LT_M_EMA9,False,6M Return,15
NITCO,Construction Materials,2024-04-01,2025-03-03,58.846750764846796,58.70000076293945,96.08917682647706,96.33000183105469,63.287140883023426,229,MONTHLY_CLOSE_LT_M_EMA9,False,6M Return,15
MAHSCOOTER,Automobile & Ancillaries,2024-11-01,2025-03-03,10533.011695867026,10506.74483378257,9012.143347175248,9034.730172606764,-14.4390644632868,83,MONTHLY_CLOSE_LT_M_EMA9,True,6M Return,15
IPCALAB,Healthcare,2024-12-06,2025-03-03,1496.969542330751,1493.236451202744,1340.1062114994543,1343.4648736836634,-10.478725611682368,60,MONTHLY_CLOSE_LT_M_EMA9,True,6M Return,15
KITEX,Textiles,2025-01-02,2025-03-03,234.95697539198358,234.3710477725522,156.1883531166635,156.57980262322155,-33.52470048778452,42,MONTHLY_CLOSE_LT_M_EMA9,True,6M Return,15
EMKAY,Diversified / Other,2025-01-06,2025-03-03,306.43902229309083,305.6748352050781,187.65307411193848,188.12338256835938,-38.763323056011,40,MONTHLY_CLOSE_LT_M_EMA9,True,6M Return,15
SIYSIL,Textiles,2025-02-03,2025-03-03,764.5613638544243,762.6547270368322,578.6338522770727,580.0840624331556,-24.31819345932224,19,MONTHLY_CLOSE_LT_M_EMA9,True,6M Return,15
REPL,Infrastructure,2025-02-10,2025-03-03,285.7125,285.0,212.4475457382202,212.97999572753906,-25.64289425971204,14,MONTHLY_CLOSE_LT_M_EMA9,True,6M Return,15
BLUESTARCO,Consumer Durables,2023-04-03,2025-05-02,674.8988521038522,673.2158125724211,1682.3706333338737,1686.58710108659,149.27744773745647,510,MONTHLY_CLOSE_LT_M_EMA9,False,6M Return,15
PGIL,Textiles,2025-02-13,2025-05-02,1367.4266103412679,1364.0165689189705,948.2239561179085,950.6004572610611,-30.65631830279646,49,MONTHLY_CLOSE_LT_M_EMA9,True,6M Return,15
ORIENTCEM,Construction Materials,2024-09-02,2025-07-01,304.29157977919823,303.5327479094247,240.04728447651254,240.64890674337096,-21.112741716120766,206,MONTHLY_CLOSE_LT_M_EMA9,True,6M Return,15
GOLDIAM,Diamond  &  Jewellery,2025-02-13,2025-07-01,315.7346543835986,314.94728616817815,255.6576005077779,256.29834637371215,-19.02770349777022,91,MONTHLY_CLOSE_LT_M_EMA9,True,6M Return,15
PANACEABIO,Healthcare,2025-06-06,2025-08-01,472.47823776245116,471.29998779296875,399.09975608825687,400.1000061035156,-15.530552692055826,40,MONTHLY_CLOSE_LT_M_EMA9,True,6M Return,15
CHOLAFIN,Finance,2025-06-09,2025-08-01,1621.4694933547537,1617.4259285334201,1437.2539737855614,1440.8561140707382,-11.361022845274627,39,MONTHLY_CLOSE_LT_M_EMA9,True,6M Return,15
AXISBANK,Banks,2025-07-07,2025-08-01,1179.6342628674286,1176.6925315385822,1061.5188225977377,1064.1792707746743,-10.01288653506711,19,MONTHLY_CLOSE_LT_M_EMA9,True,6M Return,15
TCPLPACK,Containers & Packaging,2022-09-23,2025-09-01,1129.231815379933,1126.415775940083,3344.928560269042,3353.311839868714,196.21274522305518,724,MONTHLY_CLOSE_LT_M_EMA9,False,6M Return,15
SRF,Diversified,2025-04-09,2025-09-01,2753.50591898726,2746.6393206855464,2831.2616911664536,2838.3575851292767,2.823882514397943,97,MONTHLY_CLOSE_LT_M_EMA9,False,6M Return,15
CAMLINFINE,Chemicals,2025-08-01,2025-09-01,281.50198776245117,280.79998779296875,199.5,200.0,-29.130162957019518,19,MONTHLY_CLOSE_LT_M_EMA9,True,6M Return,15
BANARISUG,Diversified / Other,2025-06-09,2025-10-01,3986.487964495085,3976.5465980000854,3659.9273474121096,3669.10009765625,-8.191687018534285,80,MONTHLY_CLOSE_LT_M_EMA9,True,6M Return,15
BSE,Unclassified,2025-07-10,2025-10-01,2534.2600135868765,2527.940163178929,2037.5122190476616,2042.618765962568,-19.60129552121768,57,MONTHLY_CLOSE_LT_M_EMA9,True,6M Return,15
RALLIS,Fertilisers & Pesticides,2025-09-01,2025-10-01,344.3575500885084,343.4988030808064,299.20681942254464,299.956711200546,-13.111584355957609,22,MONTHLY_CLOSE_LT_M_EMA9,True,6M Return,15
RAMANEWS,Paper,2025-05-09,2025-11-03,31.077499999999997,31.0,29.127000761032107,29.200000762939453,-6.276242422871499,122,MONTHLY_CLOSE_LT_M_EMA9,True,6M Return,15
GINNIFILA,Textiles,2025-09-08,2025-12-01,47.969623470306395,47.849998474121094,40.38877667427063,40.4900016784668,-15.80343193798128,57,MONTHLY_CLOSE_LT_M_EMA9,True,6M Return,15
SARDAEN,Metals & Mining,2025-10-03,2025-12-01,552.1638572240188,550.7868899990212,491.77599522530903,493.0085165166005,-10.936583626155334,39,MONTHLY_CLOSE_LT_M_EMA9,True,6M Return,15
ZOTA,Healthcare,2025-02-20,2026-02-02,860.5517078969294,858.4056936627726,1286.775,1290.0,49.529073987279865,232,MONTHLY_CLOSE_LT_M_EMA9,False,6M Return,15
AXISCADES,Aviation,2025-04-15,2026-02-02,810.7217622375488,808.7000122070312,1142.1375,1145.0,40.87909726855753,200,MONTHLY_CLOSE_LT_M_EMA9,False,6M Return,15
HCG,Healthcare,2025-05-29,2026-02-02,553.2797744750976,551.9000244140625,589.6222256469727,591.0999755859375,6.568548652687244,170,MONTHLY_CLOSE_LT_M_EMA9,False,6M Return,15
JMFINANCIL,Finance,2025-08-05,2026-02-02,154.48053096535176,154.09529273351797,119.49066850593623,119.79014386560023,-22.650014368000434,122,MONTHLY_CLOSE_LT_M_EMA9,True,6M Return,15
HDFCAMC,Finance,2025-10-03,2026-02-02,2739.0707974887796,2732.240196996289,2410.015481467556,2416.055620518853,-12.013392144624602,82,MONTHLY_CLOSE_LT_M_EMA9,True,6M Return,15
ADANIPORTS,Infrastructure,2025-06-23,2026-04-01,1338.7105549964222,1335.3721246847103,1342.1654489405073,1345.5292721208093,0.2580762459211638,192,MONTHLY_CLOSE_LT_M_EMA9,False,6M Return,15
ABCAPITAL,Finance,2025-08-01,2026-04-01,257.14125,256.5,302.2425,303.0,17.539484621778882,163,MONTHLY_CLOSE_LT_M_EMA9,False,6M Return,15
NAM-INDIA,Finance,2025-12-05,2026-04-01,827.0056490719096,824.9432908447976,818.9833442548505,821.0359340900757,-0.9700423239021341,78,MONTHLY_CLOSE_LT_M_EMA9,True,6M Return,15
BANKBARODA,Banks,2026-02-04,2026-04-01,277.7320340980547,277.03943550928153,244.46067038518046,245.07335376960447,-11.979663714675288,37,MONTHLY_CLOSE_LT_M_EMA9,True,6M Return,15
MUTHOOTFIN,Finance,2026-02-05,2026-04-01,3609.059829432851,3600.0596802322707,3243.378093828956,3251.5068609814093,-10.132326780001328,36,MONTHLY_CLOSE_LT_M_EMA9,True,6M Return,15
NORBTEAEXP,Agri,2025-05-02,2026-05-04,40.0498757648468,39.95000076293945,63.54075076103211,63.70000076293945,58.65405209771981,247,MONTHLY_CLOSE_LT_M_EMA9,False,6M Return,15
EASTSILK,Diversified / Other,2026-02-11,2026-06-01,69.9745030593872,69.80000305175781,56.03955030441284,56.18000030517578,-19.91432899944684,73,MONTHLY_CLOSE_LT_M_EMA9,True,6M Return,15
FORCEMOT,Automobile & Ancillaries,2025-09-10,2026-07-01,18335.725,18290.0,18643.275,18690.0,1.6773266396611148,200,MONTHLY_CLOSE_LT_M_EMA9,False,6M Return,15
OIL,Oil & Gas,2026-05-11,2026-07-01,458.1425,457.0,418.00236282348635,419.04998779296875,-8.76149607960703,37,MONTHLY_CLOSE_LT_M_EMA9,True,6M Return,15
POWERGRID,Power,2026-05-18,2026-07-01,297.04073776245116,296.29998779296875,287.08048782348635,287.79998779296875,-3.353159574674299,32,MONTHLY_CLOSE_LT_M_EMA9,True,6M Return,15
AVANTIFEED,Consumer Goods,2026-05-20,2026-07-01,1244.1303922984555,1241.0278227416015,919.5917514649367,921.8964926966784,-26.085580968241867,30,MONTHLY_CLOSE_LT_M_EMA9,True,6M Return,15
CUPID,Miscellaneous,2025-06-23,2026-08-24,18.2455007648468,18.200000762939453,285.6939786529541,286.4100036621094,1465.8324884313088,293,END_OF_BACKTEST,False,6M Return,15
CCL,Agri,2025-10-03,2026-08-24,861.8272251361685,859.678030061016,1079.0955487060548,1081.800048828125,25.21019494778179,222,END_OF_BACKTEST,False,6M Return,15
TFCILTD,Finance,2025-11-04,2026-08-24,69.7599861769354,69.5860211241251,129.23609756469727,129.55999755859375,85.2582040898201,201,END_OF_BACKTEST,False,6M Return,15
TITAN,Diamond  &  Jewellery,2026-02-02,2026-08-24,3996.885032503398,3986.9177381580034,5066.302500000001,5079.0,26.756272917532144,140,END_OF_BACKTEST,False,6M Return,15
THANGAMAYL,Diamond  &  Jewellery,2026-02-05,2026-08-24,3281.9270141764687,3273.742657532637,5479.766250000001,5493.5,66.9679498151495,137,END_OF_BACKTEST,False,6M Return,15
LUPIN,Healthcare,2026-05-15,2026-08-24,2257.3027141097346,2251.6735302840248,2182.53,2188.0,-3.312480583235564,71,END_OF_BACKTEST,True,6M Return,15
UNIVPHOTO,FMCG,2026-05-25,2026-08-24,432.5286372375488,431.45001220703125,447.97725608825687,449.1000061035156,3.571698500560442,65,END_OF_BACKTEST,False,6M Return,15
MCX,Finance,2026-06-05,2026-08-24,2917.2749999999996,2910.0,3259.8300000000004,3268.0,11.742293750160709,56,END_OF_BACKTEST,False,6M Return,15
ARIHANT,Real Estate,2026-07-03,2026-08-24,795.985,794.0,1004.6820121765137,1007.2000122070312,26.21871168131481,35,END_OF_BACKTEST,False,6M Return,15
BHEL,Capital Goods,2026-07-09,2026-08-24,379.72506980615975,378.77812449492245,410.3714939117432,411.3999938964844,8.070687595429945,32,END_OF_BACKTEST,False,6M Return,15
APARINDS,Capital Goods,2026-07-10,2026-08-24,14205.425,14170.0,16663.2375,16705.0,17.30192866457709,31,END_OF_BACKTEST,False,6M Return,15
ASIANPAINT,Chemicals,2019-04-12,2019-07-01,1344.512536347503,1341.1596372543672,1284.2397691317053,1287.4584151696292,-4.482871344549491,51,MONTHLY_CLOSE_LT_M_EMA9,True,12M Return,2
CANTABIL,Retailing,2019-05-03,2019-11-01,51.560024114415064,51.43144550066341,40.56641687381459,40.66808709154345,-21.321959074737713,122,MONTHLY_CLOSE_LT_M_EMA9,True,12M Return,2
BAJFINANCE,Finance,2019-07-10,2020-04-01,349.94047214801776,349.06780264141423,211.70952223423575,212.2401225405872,-39.50127547845141,179,MONTHLY_CLOSE_LT_M_EMA9,True,12M Return,2
EQ30,Unclassified,2019-11-14,2020-04-01,348.4690061187744,347.6000061035156,254.3625,255.0,-27.00570336711625,96,MONTHLY_CLOSE_LT_M_EMA9,True,12M Return,2
GMMPFAUDLR,Capital Goods,2020-07-21,2020-11-02,1358.0362759682669,1354.6496518386703,1166.0602806550348,1168.9827374987817,-14.13629361088716,73,MONTHLY_CLOSE_LT_M_EMA9,True,12M Return,2
DRREDDY,Healthcare,2020-07-09,2021-03-01,749.1182193937851,747.2500941583892,853.9227571406125,856.0629144266791,13.99038696878033,163,MONTHLY_CLOSE_LT_M_EMA9,False,12M Return,2
AARTIDRUGS,Healthcare,2020-11-02,2021-09-01,668.0135420626315,666.3476728804304,607.7741016365785,609.2973449990761,-9.017697491588434,206,MONTHLY_CLOSE_LT_M_EMA9,True,12M Return,2
WIPRO,Software & IT Services,2021-03-02,2022-02-01,192.17020747638205,191.69098002631625,264.6276805587888,265.2909078283597,37.704841990823105,227,MONTHLY_CLOSE_LT_M_EMA9,False,12M Return,2
HGS,Software & IT Services,2021-09-01,2022-03-02,1236.735282403351,1233.6511545170583,1175.438619046795,1178.3845804980401,-4.956328506892592,124,MONTHLY_CLOSE_LT_M_EMA9,True,12M Return,2
TVTODAY,Media & Entertainment,2022-02-01,2022-06-01,286.2749893158596,285.5610865993612,196.1444575688313,196.63604768805143,-31.483900134769847,81,MONTHLY_CLOSE_LT_M_EMA9,True,12M Return,2
GREENPANEL,Construction Materials,2022-03-10,2022-07-01,479.94410528485815,478.74723719187847,428.31328601531885,429.38675289756276,-10.757673383423512,77,MONTHLY_CLOSE_LT_M_EMA9,True,12M Return,2
DANGEE,FMCG,2022-06-02,2022-11-01,22.055,22.0,21.496124238967898,21.549999237060547,-2.5340093449653223,103,MONTHLY_CLOSE_LT_M_EMA9,True,12M Return,2
GSS,Software & IT Services,2022-08-01,2023-03-01,225.5625,225.0,223.3901219558716,223.9499969482422,-0.9630936188987123,145,MONTHLY_CLOSE_LT_M_EMA9,True,12M Return,2
AURIONPRO,Software & IT Services,2022-11-03,2023-04-03,195.87060556536548,195.38215018989075,154.25784650188902,154.644457646004,-21.245024971135624,103,MONTHLY_CLOSE_LT_M_EMA9,True,12M Return,2
KAMDHENU,Metals & Mining,2023-03-01,2023-10-03,32.70816192225225,32.626595433668086,28.764907652829432,28.83700015321246,-12.055872411283731,144,MONTHLY_CLOSE_LT_M_EMA9,True,12M Return,2
HILTON,Automobile & Ancillaries,2023-04-03,2024-01-01,105.0620030593872,104.80000305175781,114.7125,115.0,9.18552536558606,183,MONTHLY_CLOSE_LT_M_EMA9,False,12M Return,2
AXISCADES,Aviation,2023-10-03,2024-04-01,516.7887499999999,515.5,553.6125000000001,555.0,7.1254937341418785,120,MONTHLY_CLOSE_LT_M_EMA9,False,12M Return,2
RKFORGE,Automobile & Ancillaries,2024-01-01,2024-06-03,717.5990044846303,715.8094807826736,695.2010819520684,696.943440553452,-3.1212309928785045,101,MONTHLY_CLOSE_LT_M_EMA9,True,12M Return,2
EDELWEISS,Financial Services,2024-06-03,2024-07-01,72.37454922181206,72.19406406165793,63.985043031932555,64.14540654830331,-11.591790595016372,19,MONTHLY_CLOSE_LT_M_EMA9,True,12M Return,2
FORCEMOT,Automobile & Ancillaries,2024-07-10,2024-12-02,8524.098425373804,8502.841322068633,6917.3534184989985,6934.690143858645,-18.84944221305546,98,MONTHLY_CLOSE_LT_M_EMA9,True,12M Return,2
NITCO,Construction Materials,2024-04-01,2025-03-03,58.846750764846796,58.70000076293945,96.08917682647706,96.33000183105469,63.287140883023426,229,MONTHLY_CLOSE_LT_M_EMA9,False,12M Return,2
IPCALAB,Healthcare,2024-12-06,2025-03-03,1496.969542330751,1493.236451202744,1340.1062114994543,1343.4648736836634,-10.478725611682368,60,MONTHLY_CLOSE_LT_M_EMA9,True,12M Return,2
SRF,Diversified,2025-04-09,2025-09-01,2753.50591898726,2746.6393206855464,2831.2616911664536,2838.3575851292767,2.823882514397943,97,MONTHLY_CLOSE_LT_M_EMA9,False,12M Return,2
RALLIS,Fertilisers & Pesticides,2025-09-01,2025-10-01,344.3575500885084,343.4988030808064,299.20681942254464,299.956711200546,-13.111584355957609,22,MONTHLY_CLOSE_LT_M_EMA9,True,12M Return,2
AXISCADES,Aviation,2025-04-15,2026-02-02,810.7217622375488,808.7000122070312,1142.1375,1145.0,40.87909726855753,200,MONTHLY_CLOSE_LT_M_EMA9,False,12M Return,2
HCG,Healthcare,2025-10-01,2026-02-02,641.9508505249023,640.3499755859375,589.6222256469727,591.0999755859375,-8.151500202101492,83,MONTHLY_CLOSE_LT_M_EMA9,True,12M Return,2
BANKBARODA,Banks,2026-02-04,2026-04-01,277.7320340980547,277.03943550928153,244.46067038518046,245.07335376960447,-11.979663714675288,37,MONTHLY_CLOSE_LT_M_EMA9,True,12M Return,2
OIL,Oil & Gas,2026-05-11,2026-07-01,458.1425,457.0,418.00236282348635,419.04998779296875,-8.76149607960703,37,MONTHLY_CLOSE_LT_M_EMA9,True,12M Return,2
TITAN,Diamond  &  Jewellery,2026-02-02,2026-08-24,3996.885032503398,3986.9177381580034,5066.302500000001,5079.0,26.756272917532144,140,END_OF_BACKTEST,False,12M Return,2
ARIHANT,Real Estate,2026-07-03,2026-08-24,795.985,794.0,1004.6820121765137,1007.2000122070312,26.21871168131481,35,END_OF_BACKTEST,False,12M Return,2
ASIANPAINT,Chemicals,2019-04-12,2019-07-01,1344.512536347503,1341.1596372543672,1284.2397691317053,1287.4584151696292,-4.482871344549491,51,MONTHLY_CLOSE_LT_M_EMA9,True,12M Return,3
CANTABIL,Retailing,2019-05-03,2019-11-01,51.560024114415064,51.43144550066341,40.56641687381459,40.66808709154345,-21.321959074737713,122,MONTHLY_CLOSE_LT_M_EMA9,True,12M Return,3
BATAINDIA,Footwear,2019-05-10,2020-04-01,1216.081754671056,1213.0491318414524,1106.6706788283082,1109.4442895521886,-8.997016477098855,221,MONTHLY_CLOSE_LT_M_EMA9,True,12M Return,3
BAJFINANCE,Finance,2019-07-10,2020-04-01,349.94047214801776,349.06780264141423,211.70952223423575,212.2401225405872,-39.50127547845141,179,MONTHLY_CLOSE_LT_M_EMA9,True,12M Return,3
EQ30,Unclassified,2019-11-14,2020-04-01,348.4690061187744,347.6000061035156,254.3625,255.0,-27.00570336711625,96,MONTHLY_CLOSE_LT_M_EMA9,True,12M Return,3
GMMPFAUDLR,Capital Goods,2020-07-21,2020-11-02,1358.0362759682669,1354.6496518386703,1166.0602806550348,1168.9827374987817,-14.13629361088716,73,MONTHLY_CLOSE_LT_M_EMA9,True,12M Return,3
DRREDDY,Healthcare,2020-07-09,2021-03-01,749.1182193937851,747.2500941583892,853.9227571406125,856.0629144266791,13.99038696878033,163,MONTHLY_CLOSE_LT_M_EMA9,False,12M Return,3
ADANIGREEN,Miscellaneous,2020-07-27,2021-08-02,346.8148872375488,345.95001220703125,880.1940243530274,882.4000244140625,153.79361058112357,254,MONTHLY_CLOSE_LT_M_EMA9,False,12M Return,3
AARTIDRUGS,Healthcare,2020-11-02,2021-09-01,668.0135420626315,666.3476728804304,607.7741016365785,609.2973449990761,-9.017697491588434,206,MONTHLY_CLOSE_LT_M_EMA9,True,12M Return,3
LAURUSLABS,Healthcare,2021-08-02,2021-11-01,640.828937757476,639.2308606059611,510.89221128762017,512.1726428948573,-20.27635127161358,62,MONTHLY_CLOSE_LT_M_EMA9,True,12M Return,3
WIPRO,Software & IT Services,2021-03-02,2022-02-01,192.17020747638205,191.69098002631625,264.6276805587888,265.2909078283597,37.704841990823105,227,MONTHLY_CLOSE_LT_M_EMA9,False,12M Return,3
HGS,Software & IT Services,2021-09-01,2022-03-02,1236.735282403351,1233.6511545170583,1175.438619046795,1178.3845804980401,-4.956328506892592,124,MONTHLY_CLOSE_LT_M_EMA9,True,12M Return,3
TVTODAY,Media & Entertainment,2022-02-01,2022-06-01,286.2749893158596,285.5610865993612,196.1444575688313,196.63604768805143,-31.483900134769847,81,MONTHLY_CLOSE_LT_M_EMA9,True,12M Return,3
TATACHEM,Chemicals,2021-11-01,2022-07-01,849.9383247199537,847.818777775515,744.5456806657563,746.4117099406078,-12.400034330599603,166,MONTHLY_CLOSE_LT_M_EMA9,True,12M Return,3
GREENPANEL,Construction Materials,2022-03-10,2022-07-01,479.94410528485815,478.74723719187847,428.31328601531885,429.38675289756276,-10.757673383423512,77,MONTHLY_CLOSE_LT_M_EMA9,True,12M Return,3
DANGEE,FMCG,2022-06-02,2022-11-01,22.055,22.0,21.496124238967898,21.549999237060547,-2.5340093449653223,103,MONTHLY_CLOSE_LT_M_EMA9,True,12M Return,3
ASAHIINDIA,Construction Materials,2022-08-12,2023-01-02,558.7289809257816,557.3356418212285,517.1895897287404,518.4858042393388,-7.434622619398187,96,MONTHLY_CLOSE_LT_M_EMA9,True,12M Return,3
INSECTICID,Chemicals,2023-01-09,2023-02-01,720.5472257613482,718.7503498866316,603.7374147408594,605.2505410935934,-16.211263723493566,16,MONTHLY_CLOSE_LT_M_EMA9,True,12M Return,3
GSS,Software & IT Services,2022-08-01,2023-03-01,225.5625,225.0,223.3901219558716,223.9499969482422,-0.9630936188987123,145,MONTHLY_CLOSE_LT_M_EMA9,True,12M Return,3
AURIONPRO,Software & IT Services,2022-11-03,2023-04-03,195.87060556536548,195.38215018989075,154.25784650188902,154.644457646004,-21.245024971135624,103,MONTHLY_CLOSE_LT_M_EMA9,True,12M Return,3
KAMDHENU,Metals & Mining,2023-03-01,2023-10-03,32.70816192225225,32.626595433668086,28.764907652829432,28.83700015321246,-12.055872411283731,144,MONTHLY_CLOSE_LT_M_EMA9,True,12M Return,3
HILTON,Automobile & Ancillaries,2023-04-03,2024-01-01,105.0620030593872,104.80000305175781,114.7125,115.0,9.18552536558606,183,MONTHLY_CLOSE_LT_M_EMA9,False,12M Return,3
AXISCADES,Aviation,2023-10-03,2024-04-01,516.7887499999999,515.5,553.6125000000001,555.0,7.1254937341418785,120,MONTHLY_CLOSE_LT_M_EMA9,False,12M Return,3
RKFORGE,Automobile & Ancillaries,2024-01-01,2024-06-03,717.5990044846303,715.8094807826736,695.2010819520684,696.943440553452,-3.1212309928785045,101,MONTHLY_CLOSE_LT_M_EMA9,True,12M Return,3
EDELWEISS,Financial Services,2024-06-03,2024-07-01,72.37454922181206,72.19406406165793,63.985043031932555,64.14540654830331,-11.591790595016372,19,MONTHLY_CLOSE_LT_M_EMA9,True,12M Return,3
UNIONBANK,Banks,2023-02-01,2024-09-02,70.30603852475667,70.1307117453932,114.79120501741329,115.07890227309602,63.27360697046268,387,MONTHLY_CLOSE_LT_M_EMA9,False,12M Return,3
FORCEMOT,Automobile & Ancillaries,2024-07-10,2024-12-02,8524.098425373804,8502.841322068633,6917.3534184989985,6934.690143858645,-18.84944221305546,98,MONTHLY_CLOSE_LT_M_EMA9,True,12M Return,3
HAL,Aviation,2024-09-02,2025-01-01,4613.408322946594,4601.903564036503,4081.7814988109317,4092.0115276300066,-11.523515520865736,83,MONTHLY_CLOSE_LT_M_EMA9,True,12M Return,3
NITCO,Construction Materials,2024-04-01,2025-03-03,58.846750764846796,58.70000076293945,96.08917682647706,96.33000183105469,63.287140883023426,229,MONTHLY_CLOSE_LT_M_EMA9,False,12M Return,3
IPCALAB,Healthcare,2024-12-06,2025-03-03,1496.969542330751,1493.236451202744,1340.1062114994543,1343.4648736836634,-10.478725611682368,60,MONTHLY_CLOSE_LT_M_EMA9,True,12M Return,3
KITEX,Textiles,2025-01-02,2025-03-03,234.95697539198358,234.3710477725522,156.1883531166635,156.57980262322155,-33.52470048778452,42,MONTHLY_CLOSE_LT_M_EMA9,True,12M Return,3
SRF,Diversified,2025-04-09,2025-09-01,2753.50591898726,2746.6393206855464,2831.2616911664536,2838.3575851292767,2.823882514397943,97,MONTHLY_CLOSE_LT_M_EMA9,False,12M Return,3
RALLIS,Fertilisers & Pesticides,2025-09-01,2025-10-01,344.3575500885084,343.4988030808064,299.20681942254464,299.956711200546,-13.111584355957609,22,MONTHLY_CLOSE_LT_M_EMA9,True,12M Return,3
AXISCADES,Aviation,2025-04-15,2026-02-02,810.7217622375488,808.7000122070312,1142.1375,1145.0,40.87909726855753,200,MONTHLY_CLOSE_LT_M_EMA9,False,12M Return,3
HCG,Healthcare,2025-10-01,2026-02-02,641.9508505249023,640.3499755859375,589.6222256469727,591.0999755859375,-8.151500202101492,83,MONTHLY_CLOSE_LT_M_EMA9,True,12M Return,3
BANKBARODA,Banks,2026-02-04,2026-04-01,277.7320340980547,277.03943550928153,244.46067038518046,245.07335376960447,-11.979663714675288,37,MONTHLY_CLOSE_LT_M_EMA9,True,12M Return,3
NORBTEAEXP,Agri,2025-05-02,2026-05-04,40.0498757648468,39.95000076293945,63.54075076103211,63.70000076293945,58.65405209771981,247,MONTHLY_CLOSE_LT_M_EMA9,False,12M Return,3
OIL,Oil & Gas,2026-05-11,2026-07-01,458.1425,457.0,418.00236282348635,419.04998779296875,-8.76149607960703,37,MONTHLY_CLOSE_LT_M_EMA9,True,12M Return,3
TITAN,Diamond  &  Jewellery,2026-02-02,2026-08-24,3996.885032503398,3986.9177381580034,5066.302500000001,5079.0,26.756272917532144,140,END_OF_BACKTEST,False,12M Return,3
LUPIN,Healthcare,2026-05-15,2026-08-24,2257.3027141097346,2251.6735302840248,2182.53,2188.0,-3.312480583235564,71,END_OF_BACKTEST,True,12M Return,3
ARIHANT,Real Estate,2026-07-03,2026-08-24,795.985,794.0,1004.6820121765137,1007.2000122070312,26.21871168131481,35,END_OF_BACKTEST,False,12M Return,3
ASIANPAINT,Chemicals,2019-04-12,2019-07-01,1344.512536347503,1341.1596372543672,1284.2397691317053,1287.4584151696292,-4.482871344549491,51,MONTHLY_CLOSE_LT_M_EMA9,True,12M Return,5
HAVELLS,Capital Goods,2019-05-10,2019-08-01,699.9479012919053,698.2023953036462,610.7729224614168,612.3036816655807,-12.74023090374252,58,MONTHLY_CLOSE_LT_M_EMA9,True,12M Return,5
SEAMECLTD,Logistics,2019-05-13,2019-09-03,422.88563520968705,421.83105756577265,322.6497405532054,323.45838651950413,-23.702837436599115,77,MONTHLY_CLOSE_LT_M_EMA9,True,12M Return,5
CANTABIL,Retailing,2019-05-03,2019-11-01,51.560024114415064,51.43144550066341,40.56641687381459,40.66808709154345,-21.321959074737713,122,MONTHLY_CLOSE_LT_M_EMA9,True,12M Return,5
BATAINDIA,Footwear,2019-05-10,2020-04-01,1216.081754671056,1213.0491318414524,1106.6706788283082,1109.4442895521886,-8.997016477098855,221,MONTHLY_CLOSE_LT_M_EMA9,True,12M Return,5
BAJFINANCE,Finance,2019-07-10,2020-04-01,349.94047214801776,349.06780264141423,211.70952223423575,212.2401225405872,-39.50127547845141,179,MONTHLY_CLOSE_LT_M_EMA9,True,12M Return,5
PIDILITIND,Chemicals,2019-09-23,2020-04-01,694.1067127919158,692.3757733585195,655.0218420659287,656.6635008179736,-5.630959909431715,130,MONTHLY_CLOSE_LT_M_EMA9,True,12M Return,5
EQ30,Unclassified,2019-11-14,2020-04-01,348.4690061187744,347.6000061035156,254.3625,255.0,-27.00570336711625,96,MONTHLY_CLOSE_LT_M_EMA9,True,12M Return,5
GMMPFAUDLR,Capital Goods,2020-07-21,2020-11-02,1358.0362759682669,1354.6496518386703,1166.0602806550348,1168.9827374987817,-14.13629361088716,73,MONTHLY_CLOSE_LT_M_EMA9,True,12M Return,5
ABBOTINDIA,Healthcare,2019-08-02,2021-02-01,7571.327752531716,7552.446635941862,13031.927420621041,13064.588892853173,72.12208804807582,370,MONTHLY_CLOSE_LT_M_EMA9,False,12M Return,5
DRREDDY,Healthcare,2020-07-09,2021-03-01,749.1182193937851,747.2500941583892,853.9227571406125,856.0629144266791,13.99038696878033,163,MONTHLY_CLOSE_LT_M_EMA9,False,12M Return,5
COROMANDEL,Chemicals,2020-08-20,2021-05-03,729.2014541066272,727.3829966150896,698.9724864663181,700.7242972093413,-4.145489215643961,173,MONTHLY_CLOSE_LT_M_EMA9,True,12M Return,5
ADANIGREEN,Miscellaneous,2020-07-27,2021-08-02,346.8148872375488,345.95001220703125,880.1940243530274,882.4000244140625,153.79361058112357,254,MONTHLY_CLOSE_LT_M_EMA9,False,12M Return,5
AARTIDRUGS,Healthcare,2020-11-02,2021-09-01,668.0135420626315,666.3476728804304,607.7741016365785,609.2973449990761,-9.017697491588434,206,MONTHLY_CLOSE_LT_M_EMA9,True,12M Return,5
LAURUSLABS,Healthcare,2021-08-02,2021-11-01,640.828937757476,639.2308606059611,510.89221128762017,512.1726428948573,-20.27635127161358,62,MONTHLY_CLOSE_LT_M_EMA9,True,12M Return,5
CYBERTECH,Software & IT Services,2021-02-01,2021-12-01,107.03234759960745,106.76543401457103,127.1527743917848,127.47145302434566,18.798454152799643,205,MONTHLY_CLOSE_LT_M_EMA9,False,12M Return,5
WIPRO,Software & IT Services,2021-03-02,2022-02-01,192.17020747638205,191.69098002631625,264.6276805587888,265.2909078283597,37.704841990823105,227,MONTHLY_CLOSE_LT_M_EMA9,False,12M Return,5
MAHLOG,Logistics,2021-05-06,2022-02-01,513.4075432329968,512.1272251700716,573.0312157494143,574.4673842099392,11.613322262653014,185,MONTHLY_CLOSE_LT_M_EMA9,False,12M Return,5
HGS,Software & IT Services,2021-09-01,2022-03-02,1236.735282403351,1233.6511545170583,1175.438619046795,1178.3845804980401,-4.956328506892592,124,MONTHLY_CLOSE_LT_M_EMA9,True,12M Return,5
RGL,Diamond  &  Jewellery,2021-12-01,2022-05-02,162.18834953170065,161.7838898071827,144.09848553184736,144.45963461839332,-11.153614949585219,103,MONTHLY_CLOSE_LT_M_EMA9,True,12M Return,5
TVTODAY,Media & Entertainment,2022-02-01,2022-06-01,286.2749893158596,285.5610865993612,196.1444575688313,196.63604768805143,-31.483900134769847,81,MONTHLY_CLOSE_LT_M_EMA9,True,12M Return,5
TATACHEM,Chemicals,2021-11-01,2022-07-01,849.9383247199537,847.818777775515,744.5456806657563,746.4117099406078,-12.400034330599603,166,MONTHLY_CLOSE_LT_M_EMA9,True,12M Return,5
GREENPANEL,Construction Materials,2022-03-10,2022-07-01,479.94410528485815,478.74723719187847,428.31328601531885,429.38675289756276,-10.757673383423512,77,MONTHLY_CLOSE_LT_M_EMA9,True,12M Return,5
GMDCLTD,Metals & Mining,2022-05-05,2022-10-03,171.5711176419185,171.14325949318555,124.48345114728194,124.79543974664855,-27.444984413350955,104,MONTHLY_CLOSE_LT_M_EMA9,True,12M Return,5
DANGEE,FMCG,2022-06-02,2022-11-01,22.055,22.0,21.496124238967898,21.549999237060547,-2.5340093449653223,103,MONTHLY_CLOSE_LT_M_EMA9,True,12M Return,5
ASAHIINDIA,Construction Materials,2022-08-12,2023-01-02,558.7289809257816,557.3356418212285,517.1895897287404,518.4858042393388,-7.434622619398187,96,MONTHLY_CLOSE_LT_M_EMA9,True,12M Return,5
INSECTICID,Chemicals,2023-01-09,2023-02-01,720.5472257613482,718.7503498866316,603.7374147408594,605.2505410935934,-16.211263723493566,16,MONTHLY_CLOSE_LT_M_EMA9,True,12M Return,5
GSS,Software & IT Services,2022-08-01,2023-03-01,225.5625,225.0,223.3901219558716,223.9499969482422,-0.9630936188987123,145,MONTHLY_CLOSE_LT_M_EMA9,True,12M Return,5
RAMASTEEL,Automobile & Ancillaries,2022-10-03,2023-04-03,7.11774990439415,7.099999904632568,9.708999302387237,9.733332633972168,36.40545724138716,124,MONTHLY_CLOSE_LT_M_EMA9,False,12M Return,5
AURIONPRO,Software & IT Services,2022-11-03,2023-04-03,195.87060556536548,195.38215018989075,154.25784650188902,154.644457646004,-21.245024971135624,103,MONTHLY_CLOSE_LT_M_EMA9,True,12M Return,5
KAMDHENU,Metals & Mining,2023-03-01,2023-10-03,32.70816192225225,32.626595433668086,28.764907652829432,28.83700015321246,-12.055872411283731,144,MONTHLY_CLOSE_LT_M_EMA9,True,12M Return,5
HILTON,Automobile & Ancillaries,2023-04-03,2024-01-01,105.0620030593872,104.80000305175781,114.7125,115.0,9.18552536558606,183,MONTHLY_CLOSE_LT_M_EMA9,False,12M Return,5
AXISCADES,Aviation,2023-10-03,2024-04-01,516.7887499999999,515.5,553.6125000000001,555.0,7.1254937341418785,120,MONTHLY_CLOSE_LT_M_EMA9,False,12M Return,5
RKFORGE,Automobile & Ancillaries,2024-01-01,2024-06-03,717.5990044846303,715.8094807826736,695.2010819520684,696.943440553452,-3.1212309928785045,101,MONTHLY_CLOSE_LT_M_EMA9,True,12M Return,5
EDELWEISS,Financial Services,2024-06-03,2024-07-01,72.37454922181206,72.19406406165793,63.985043031932555,64.14540654830331,-11.591790595016372,19,MONTHLY_CLOSE_LT_M_EMA9,True,12M Return,5
UNIONBANK,Banks,2023-02-01,2024-09-02,70.30603852475667,70.1307117453932,114.79120501741329,115.07890227309602,63.27360697046268,387,MONTHLY_CLOSE_LT_M_EMA9,False,12M Return,5
FORCEMOT,Automobile & Ancillaries,2024-07-10,2024-12-02,8524.098425373804,8502.841322068633,6917.3534184989985,6934.690143858645,-18.84944221305546,98,MONTHLY_CLOSE_LT_M_EMA9,True,12M Return,5
HAL,Aviation,2024-09-02,2025-01-01,4613.408322946594,4601.903564036503,4081.7814988109317,4092.0115276300066,-11.523515520865736,83,MONTHLY_CLOSE_LT_M_EMA9,True,12M Return,5
KEI,Electricals,2022-02-02,2025-02-01,1104.9306244884451,1102.17518652214,4045.060472039067,4055.198468209591,266.0918054390815,741,MONTHLY_CLOSE_LT_M_EMA9,False,12M Return,5
NITCO,Construction Materials,2024-04-01,2025-03-03,58.846750764846796,58.70000076293945,96.08917682647706,96.33000183105469,63.287140883023426,229,MONTHLY_CLOSE_LT_M_EMA9,False,12M Return,5
IPCALAB,Healthcare,2024-12-06,2025-03-03,1496.969542330751,1493.236451202744,1340.1062114994543,1343.4648736836634,-10.478725611682368,60,MONTHLY_CLOSE_LT_M_EMA9,True,12M Return,5
KITEX,Textiles,2025-01-02,2025-03-03,234.95697539198358,234.3710477725522,156.1883531166635,156.57980262322155,-33.52470048778452,42,MONTHLY_CLOSE_LT_M_EMA9,True,12M Return,5
SIYSIL,Textiles,2025-02-03,2025-03-03,764.5613638544243,762.6547270368322,578.6338522770727,580.0840624331556,-24.31819345932224,19,MONTHLY_CLOSE_LT_M_EMA9,True,12M Return,5
BLUESTARCO,Consumer Durables,2023-04-03,2025-05-02,674.8988521038522,673.2158125724211,1682.3706333338737,1686.58710108659,149.27744773745647,510,MONTHLY_CLOSE_LT_M_EMA9,False,12M Return,5
SRF,Diversified,2025-04-09,2025-09-01,2753.50591898726,2746.6393206855464,2831.2616911664536,2838.3575851292767,2.823882514397943,97,MONTHLY_CLOSE_LT_M_EMA9,False,12M Return,5
RALLIS,Fertilisers & Pesticides,2025-09-01,2025-10-01,344.3575500885084,343.4988030808064,299.20681942254464,299.956711200546,-13.111584355957609,22,MONTHLY_CLOSE_LT_M_EMA9,True,12M Return,5
RAMANEWS,Paper,2025-05-09,2025-11-03,31.077499999999997,31.0,29.127000761032107,29.200000762939453,-6.276242422871499,122,MONTHLY_CLOSE_LT_M_EMA9,True,12M Return,5
SARDAEN,Metals & Mining,2025-10-03,2025-12-01,552.1638572240188,550.7868899990212,491.77599522530903,493.0085165166005,-10.936583626155334,39,MONTHLY_CLOSE_LT_M_EMA9,True,12M Return,5
AXISCADES,Aviation,2025-04-15,2026-02-02,810.7217622375488,808.7000122070312,1142.1375,1145.0,40.87909726855753,200,MONTHLY_CLOSE_LT_M_EMA9,False,12M Return,5
HCG,Healthcare,2025-05-29,2026-02-02,553.2797744750976,551.9000244140625,589.6222256469727,591.0999755859375,6.568548652687244,170,MONTHLY_CLOSE_LT_M_EMA9,False,12M Return,5
NAM-INDIA,Finance,2025-12-05,2026-04-01,827.0056490719096,824.9432908447976,818.9833442548505,821.0359340900757,-0.9700423239021341,78,MONTHLY_CLOSE_LT_M_EMA9,True,12M Return,5
BANKBARODA,Banks,2026-02-04,2026-04-01,277.7320340980547,277.03943550928153,244.46067038518046,245.07335376960447,-11.979663714675288,37,MONTHLY_CLOSE_LT_M_EMA9,True,12M Return,5
NORBTEAEXP,Agri,2025-05-02,2026-05-04,40.0498757648468,39.95000076293945,63.54075076103211,63.70000076293945,58.65405209771981,247,MONTHLY_CLOSE_LT_M_EMA9,False,12M Return,5
OIL,Oil & Gas,2026-05-11,2026-07-01,458.1425,457.0,418.00236282348635,419.04998779296875,-8.76149607960703,37,MONTHLY_CLOSE_LT_M_EMA9,True,12M Return,5
POWERGRID,Power,2026-05-18,2026-07-01,297.04073776245116,296.29998779296875,287.08048782348635,287.79998779296875,-3.353159574674299,32,MONTHLY_CLOSE_LT_M_EMA9,True,12M Return,5
TFCILTD,Finance,2025-11-04,2026-08-24,69.7599861769354,69.5860211241251,129.23609756469727,129.55999755859375,85.2582040898201,201,END_OF_BACKTEST,False,12M Return,5
TITAN,Diamond  &  Jewellery,2026-02-02,2026-08-24,3996.885032503398,3986.9177381580034,5066.302500000001,5079.0,26.756272917532144,140,END_OF_BACKTEST,False,12M Return,5
LUPIN,Healthcare,2026-05-15,2026-08-24,2257.3027141097346,2251.6735302840248,2182.53,2188.0,-3.312480583235564,71,END_OF_BACKTEST,True,12M Return,5
ARIHANT,Real Estate,2026-07-03,2026-08-24,795.985,794.0,1004.6820121765137,1007.2000122070312,26.21871168131481,35,END_OF_BACKTEST,False,12M Return,5
BHEL,Capital Goods,2026-07-09,2026-08-24,379.72506980615975,378.77812449492245,410.3714939117432,411.3999938964844,8.070687595429945,32,END_OF_BACKTEST,False,12M Return,5
ASIANPAINT,Chemicals,2019-04-12,2019-07-01,1344.512536347503,1341.1596372543672,1284.2397691317053,1287.4584151696292,-4.482871344549491,51,MONTHLY_CLOSE_LT_M_EMA9,True,12M Return,7
HAVELLS,Capital Goods,2019-05-10,2019-08-01,699.9479012919053,698.2023953036462,610.7729224614168,612.3036816655807,-12.74023090374252,58,MONTHLY_CLOSE_LT_M_EMA9,True,12M Return,7
SEAMECLTD,Logistics,2019-05-13,2019-09-03,422.88563520968705,421.83105756577265,322.6497405532054,323.45838651950413,-23.702837436599115,77,MONTHLY_CLOSE_LT_M_EMA9,True,12M Return,7
CANTABIL,Retailing,2019-05-03,2019-11-01,51.560024114415064,51.43144550066341,40.56641687381459,40.66808709154345,-21.321959074737713,122,MONTHLY_CLOSE_LT_M_EMA9,True,12M Return,7
BATAINDIA,Footwear,2019-05-10,2020-04-01,1216.081754671056,1213.0491318414524,1106.6706788283082,1109.4442895521886,-8.997016477098855,221,MONTHLY_CLOSE_LT_M_EMA9,True,12M Return,7
MUTHOOTFIN,Finance,2019-05-13,2020-04-01,510.7882130162825,509.5144269489102,550.4542044433783,551.8337889156675,7.76564345384207,220,MONTHLY_CLOSE_LT_M_EMA9,False,12M Return,7
BAJFINANCE,Finance,2019-07-10,2020-04-01,349.94047214801776,349.06780264141423,211.70952223423575,212.2401225405872,-39.50127547845141,179,MONTHLY_CLOSE_LT_M_EMA9,True,12M Return,7
PIDILITIND,Chemicals,2019-09-23,2020-04-01,694.1067127919158,692.3757733585195,655.0218420659287,656.6635008179736,-5.630959909431715,130,MONTHLY_CLOSE_LT_M_EMA9,True,12M Return,7
EQ30,Unclassified,2019-11-14,2020-04-01,348.4690061187744,347.6000061035156,254.3625,255.0,-27.00570336711625,96,MONTHLY_CLOSE_LT_M_EMA9,True,12M Return,7
GMMPFAUDLR,Capital Goods,2020-07-21,2020-11-02,1358.0362759682669,1354.6496518386703,1166.0602806550348,1168.9827374987817,-14.13629361088716,73,MONTHLY_CLOSE_LT_M_EMA9,True,12M Return,7
ABBOTINDIA,Healthcare,2019-08-02,2021-02-01,7571.327752531716,7552.446635941862,13031.927420621041,13064.588892853173,72.12208804807582,370,MONTHLY_CLOSE_LT_M_EMA9,False,12M Return,7
DRREDDY,Healthcare,2020-07-09,2021-03-01,749.1182193937851,747.2500941583892,853.9227571406125,856.0629144266791,13.99038696878033,163,MONTHLY_CLOSE_LT_M_EMA9,False,12M Return,7
COROMANDEL,Chemicals,2020-08-20,2021-05-03,729.2014541066272,727.3829966150896,698.9724864663181,700.7242972093413,-4.145489215643961,173,MONTHLY_CLOSE_LT_M_EMA9,True,12M Return,7
ADANIGREEN,Miscellaneous,2020-07-27,2021-08-02,346.8148872375488,345.95001220703125,880.1940243530274,882.4000244140625,153.79361058112357,254,MONTHLY_CLOSE_LT_M_EMA9,False,12M Return,7
AARTIDRUGS,Healthcare,2020-11-02,2021-09-01,668.0135420626315,666.3476728804304,607.7741016365785,609.2973449990761,-9.017697491588434,206,MONTHLY_CLOSE_LT_M_EMA9,True,12M Return,7
LAURUSLABS,Healthcare,2021-08-02,2021-11-01,640.828937757476,639.2308606059611,510.89221128762017,512.1726428948573,-20.27635127161358,62,MONTHLY_CLOSE_LT_M_EMA9,True,12M Return,7
CYBERTECH,Software & IT Services,2021-02-01,2021-12-01,107.03234759960745,106.76543401457103,127.1527743917848,127.47145302434566,18.798454152799643,205,MONTHLY_CLOSE_LT_M_EMA9,False,12M Return,7
DIVISLAB,Healthcare,2019-05-13,2022-02-01,1572.154170032027,1568.23358606686,3923.61986996216,3933.4535037214637,149.5696633799108,676,MONTHLY_CLOSE_LT_M_EMA9,False,12M Return,7
TATACOMM,Telecom,2021-02-01,2022-02-01,921.7121598483424,919.4136257838827,1210.209867128106,1213.2429745645172,31.300195424050038,248,MONTHLY_CLOSE_LT_M_EMA9,False,12M Return,7
WIPRO,Software & IT Services,2021-03-02,2022-02-01,192.17020747638205,191.69098002631625,264.6276805587888,265.2909078283597,37.704841990823105,227,MONTHLY_CLOSE_LT_M_EMA9,False,12M Return,7
MAHLOG,Logistics,2021-05-06,2022-02-01,513.4075432329968,512.1272251700716,573.0312157494143,574.4673842099392,11.613322262653014,185,MONTHLY_CLOSE_LT_M_EMA9,False,12M Return,7
HGS,Software & IT Services,2021-09-01,2022-03-02,1236.735282403351,1233.6511545170583,1175.438619046795,1178.3845804980401,-4.956328506892592,124,MONTHLY_CLOSE_LT_M_EMA9,True,12M Return,7
RGL,Diamond  &  Jewellery,2021-12-01,2022-05-02,162.18834953170065,161.7838898071827,144.09848553184736,144.45963461839332,-11.153614949585219,103,MONTHLY_CLOSE_LT_M_EMA9,True,12M Return,7
TVTODAY,Media & Entertainment,2022-02-01,2022-06-01,286.2749893158596,285.5610865993612,196.1444575688313,196.63604768805143,-31.483900134769847,81,MONTHLY_CLOSE_LT_M_EMA9,True,12M Return,7
CALSOFT,Diversified / Other,2022-02-03,2022-06-01,41.5035015296936,41.400001525878906,23.690625,23.75,-42.918972793053165,79,MONTHLY_CLOSE_LT_M_EMA9,True,12M Return,7
TATACHEM,Chemicals,2021-11-01,2022-07-01,849.9383247199537,847.818777775515,744.5456806657563,746.4117099406078,-12.400034330599603,166,MONTHLY_CLOSE_LT_M_EMA9,True,12M Return,7
GREENPANEL,Construction Materials,2022-03-10,2022-07-01,479.94410528485815,478.74723719187847,428.31328601531885,429.38675289756276,-10.757673383423512,77,MONTHLY_CLOSE_LT_M_EMA9,True,12M Return,7
ACCURACY,Logistics,2022-02-03,2022-08-01,20.584073197348268,20.5327413439883,20.692471328879293,20.744332159277487,0.526611669574658,122,MONTHLY_CLOSE_LT_M_EMA9,False,12M Return,7
GMDCLTD,Metals & Mining,2022-05-05,2022-10-03,171.5711176419185,171.14325949318555,124.48345114728194,124.79543974664855,-27.444984413350955,104,MONTHLY_CLOSE_LT_M_EMA9,True,12M Return,7
DANGEE,FMCG,2022-06-02,2022-11-01,22.055,22.0,21.496124238967898,21.549999237060547,-2.5340093449653223,103,MONTHLY_CLOSE_LT_M_EMA9,True,12M Return,7
ASAHIINDIA,Construction Materials,2022-08-12,2023-01-02,558.7289809257816,557.3356418212285,517.1895897287404,518.4858042393388,-7.434622619398187,96,MONTHLY_CLOSE_LT_M_EMA9,True,12M Return,7
INSECTICID,Chemicals,2023-01-09,2023-02-01,720.5472257613482,718.7503498866316,603.7374147408594,605.2505410935934,-16.211263723493566,16,MONTHLY_CLOSE_LT_M_EMA9,True,12M Return,7
GSS,Software & IT Services,2022-08-01,2023-03-01,225.5625,225.0,223.3901219558716,223.9499969482422,-0.9630936188987123,145,MONTHLY_CLOSE_LT_M_EMA9,True,12M Return,7
RAMASTEEL,Automobile & Ancillaries,2022-10-03,2023-04-03,7.11774990439415,7.099999904632568,9.708999302387237,9.733332633972168,36.40545724138716,124,MONTHLY_CLOSE_LT_M_EMA9,False,12M Return,7
AURIONPRO,Software & IT Services,2022-11-03,2023-04-03,195.87060556536548,195.38215018989075,154.25784650188902,154.644457646004,-21.245024971135624,103,MONTHLY_CLOSE_LT_M_EMA9,True,12M Return,7
BSHSL,Agri,2022-06-10,2023-07-03,40.089976682662964,39.9900016784668,278.70149391174317,279.3999938964844,595.1899626129455,262,MONTHLY_CLOSE_LT_M_EMA9,False,12M Return,7
KAMDHENU,Metals & Mining,2023-03-01,2023-10-03,32.70816192225225,32.626595433668086,28.764907652829432,28.83700015321246,-12.055872411283731,144,MONTHLY_CLOSE_LT_M_EMA9,True,12M Return,7
HILTON,Automobile & Ancillaries,2023-04-03,2024-01-01,105.0620030593872,104.80000305175781,114.7125,115.0,9.18552536558606,183,MONTHLY_CLOSE_LT_M_EMA9,False,12M Return,7
AXISCADES,Aviation,2023-10-03,2024-04-01,516.7887499999999,515.5,553.6125000000001,555.0,7.1254937341418785,120,MONTHLY_CLOSE_LT_M_EMA9,False,12M Return,7
RKFORGE,Automobile & Ancillaries,2024-01-01,2024-06-03,717.5990044846303,715.8094807826736,695.2010819520684,696.943440553452,-3.1212309928785045,101,MONTHLY_CLOSE_LT_M_EMA9,True,12M Return,7
EDELWEISS,Financial Services,2024-06-03,2024-07-01,72.37454922181206,72.19406406165793,63.985043031932555,64.14540654830331,-11.591790595016372,19,MONTHLY_CLOSE_LT_M_EMA9,True,12M Return,7
UNIONBANK,Banks,2023-02-01,2024-09-02,70.30603852475667,70.1307117453932,114.79120501741329,115.07890227309602,63.27360697046268,387,MONTHLY_CLOSE_LT_M_EMA9,False,12M Return,7
TTKHLTCARE,Healthcare,2023-07-03,2024-12-02,1239.477372247262,1236.386406231683,1473.4517447222886,1477.1446062378832,18.876857110413724,348,MONTHLY_CLOSE_LT_M_EMA9,False,12M Return,7
FORCEMOT,Automobile & Ancillaries,2024-07-10,2024-12-02,8524.098425373804,8502.841322068633,6917.3534184989985,6934.690143858645,-18.84944221305546,98,MONTHLY_CLOSE_LT_M_EMA9,True,12M Return,7
HAL,Aviation,2024-09-02,2025-01-01,4613.408322946594,4601.903564036503,4081.7814988109317,4092.0115276300066,-11.523515520865736,83,MONTHLY_CLOSE_LT_M_EMA9,True,12M Return,7
KEI,Electricals,2022-02-02,2025-02-01,1104.9306244884451,1102.17518652214,4045.060472039067,4055.198468209591,266.0918054390815,741,MONTHLY_CLOSE_LT_M_EMA9,False,12M Return,7
NITCO,Construction Materials,2024-04-01,2025-03-03,58.846750764846796,58.70000076293945,96.08917682647706,96.33000183105469,63.287140883023426,229,MONTHLY_CLOSE_LT_M_EMA9,False,12M Return,7
IPCALAB,Healthcare,2024-12-06,2025-03-03,1496.969542330751,1493.236451202744,1340.1062114994543,1343.4648736836634,-10.478725611682368,60,MONTHLY_CLOSE_LT_M_EMA9,True,12M Return,7
KITEX,Textiles,2025-01-02,2025-03-03,234.95697539198358,234.3710477725522,156.1883531166635,156.57980262322155,-33.52470048778452,42,MONTHLY_CLOSE_LT_M_EMA9,True,12M Return,7
SIYSIL,Textiles,2025-02-03,2025-03-03,764.5613638544243,762.6547270368322,578.6338522770727,580.0840624331556,-24.31819345932224,19,MONTHLY_CLOSE_LT_M_EMA9,True,12M Return,7
BLUESTARCO,Consumer Durables,2023-04-03,2025-05-02,674.8988521038522,673.2158125724211,1682.3706333338737,1686.58710108659,149.27744773745647,510,MONTHLY_CLOSE_LT_M_EMA9,False,12M Return,7
TCPLPACK,Containers & Packaging,2022-09-23,2025-09-01,1129.231815379933,1126.415775940083,3344.928560269042,3353.311839868714,196.21274522305518,724,MONTHLY_CLOSE_LT_M_EMA9,False,12M Return,7
SRF,Diversified,2025-04-09,2025-09-01,2753.50591898726,2746.6393206855464,2831.2616911664536,2838.3575851292767,2.823882514397943,97,MONTHLY_CLOSE_LT_M_EMA9,False,12M Return,7
RALLIS,Fertilisers & Pesticides,2025-09-01,2025-10-01,344.3575500885084,343.4988030808064,299.20681942254464,299.956711200546,-13.111584355957609,22,MONTHLY_CLOSE_LT_M_EMA9,True,12M Return,7
RAMANEWS,Paper,2025-05-09,2025-11-03,31.077499999999997,31.0,29.127000761032107,29.200000762939453,-6.276242422871499,122,MONTHLY_CLOSE_LT_M_EMA9,True,12M Return,7
GINNIFILA,Textiles,2025-09-08,2025-12-01,47.969623470306395,47.849998474121094,40.38877667427063,40.4900016784668,-15.80343193798128,57,MONTHLY_CLOSE_LT_M_EMA9,True,12M Return,7
SARDAEN,Metals & Mining,2025-10-03,2025-12-01,552.1638572240188,550.7868899990212,491.77599522530903,493.0085165166005,-10.936583626155334,39,MONTHLY_CLOSE_LT_M_EMA9,True,12M Return,7
AXISCADES,Aviation,2025-04-15,2026-02-02,810.7217622375488,808.7000122070312,1142.1375,1145.0,40.87909726855753,200,MONTHLY_CLOSE_LT_M_EMA9,False,12M Return,7
HCG,Healthcare,2025-05-29,2026-02-02,553.2797744750976,551.9000244140625,589.6222256469727,591.0999755859375,6.568548652687244,170,MONTHLY_CLOSE_LT_M_EMA9,False,12M Return,7
NAM-INDIA,Finance,2025-12-05,2026-04-01,827.0056490719096,824.9432908447976,818.9833442548505,821.0359340900757,-0.9700423239021341,78,MONTHLY_CLOSE_LT_M_EMA9,True,12M Return,7
BANKBARODA,Banks,2026-02-04,2026-04-01,277.7320340980547,277.03943550928153,244.46067038518046,245.07335376960447,-11.979663714675288,37,MONTHLY_CLOSE_LT_M_EMA9,True,12M Return,7
NORBTEAEXP,Agri,2025-05-02,2026-05-04,40.0498757648468,39.95000076293945,63.54075076103211,63.70000076293945,58.65405209771981,247,MONTHLY_CLOSE_LT_M_EMA9,False,12M Return,7
OIL,Oil & Gas,2026-05-11,2026-07-01,458.1425,457.0,418.00236282348635,419.04998779296875,-8.76149607960703,37,MONTHLY_CLOSE_LT_M_EMA9,True,12M Return,7
POWERGRID,Power,2026-05-18,2026-07-01,297.04073776245116,296.29998779296875,287.08048782348635,287.79998779296875,-3.353159574674299,32,MONTHLY_CLOSE_LT_M_EMA9,True,12M Return,7
MAHASTEEL,Metals & Mining,2024-12-09,2026-08-24,211.52749999999997,211.0,1172.7607012939454,1175.699951171875,454.4246971641728,424,END_OF_BACKTEST,False,12M Return,7
TFCILTD,Finance,2025-11-04,2026-08-24,69.7599861769354,69.5860211241251,129.23609756469727,129.55999755859375,85.2582040898201,201,END_OF_BACKTEST,False,12M Return,7
RBLBANK,Banks,2025-12-08,2026-08-24,306.67279212856033,305.9080220733769,387.03000000000003,388.0,26.20291396367277,178,END_OF_BACKTEST,False,12M Return,7
TITAN,Diamond  &  Jewellery,2026-02-02,2026-08-24,3996.885032503398,3986.9177381580034,5066.302500000001,5079.0,26.756272917532144,140,END_OF_BACKTEST,False,12M Return,7
LUPIN,Healthcare,2026-05-15,2026-08-24,2257.3027141097346,2251.6735302840248,2182.53,2188.0,-3.312480583235564,71,END_OF_BACKTEST,True,12M Return,7
ARIHANT,Real Estate,2026-07-03,2026-08-24,795.985,794.0,1004.6820121765137,1007.2000122070312,26.21871168131481,35,END_OF_BACKTEST,False,12M Return,7
BHEL,Capital Goods,2026-07-09,2026-08-24,379.72506980615975,378.77812449492245,410.3714939117432,411.3999938964844,8.070687595429945,32,END_OF_BACKTEST,False,12M Return,7
ASIANPAINT,Chemicals,2019-04-12,2019-07-01,1344.512536347503,1341.1596372543672,1284.2397691317053,1287.4584151696292,-4.482871344549491,51,MONTHLY_CLOSE_LT_M_EMA9,True,12M Return,10
HAVELLS,Capital Goods,2019-05-10,2019-08-01,699.9479012919053,698.2023953036462,610.7729224614168,612.3036816655807,-12.74023090374252,58,MONTHLY_CLOSE_LT_M_EMA9,True,12M Return,10
SUVEN,Healthcare,2019-05-17,2019-08-01,11.868521718978881,11.838924407958984,10.48636696100235,10.512648582458496,-11.645551069484382,53,MONTHLY_CLOSE_LT_M_EMA9,True,12M Return,10
SEAMECLTD,Logistics,2019-05-13,2019-09-03,422.88563520968705,421.83105756577265,322.6497405532054,323.45838651950413,-23.702837436599115,77,MONTHLY_CLOSE_LT_M_EMA9,True,12M Return,10
CANTABIL,Retailing,2019-05-03,2019-11-01,51.560024114415064,51.43144550066341,40.56641687381459,40.66808709154345,-21.321959074737713,122,MONTHLY_CLOSE_LT_M_EMA9,True,12M Return,10
POWERGRID,Power,2019-08-08,2019-12-02,76.95655591850222,76.7646443077329,76.2968800842247,76.48810033506234,-0.8572055056311579,74,MONTHLY_CLOSE_LT_M_EMA9,True,12M Return,10
PRESTIGE,Real Estate,2019-05-15,2020-03-02,240.9058474878859,240.30508477594603,289.52850347894287,290.2541388260079,20.18326101175356,197,MONTHLY_CLOSE_LT_M_EMA9,False,12M Return,10
BATAINDIA,Footwear,2019-05-10,2020-04-01,1216.081754671056,1213.0491318414524,1106.6706788283082,1109.4442895521886,-8.997016477098855,221,MONTHLY_CLOSE_LT_M_EMA9,True,12M Return,10
MUTHOOTFIN,Finance,2019-05-13,2020-04-01,510.7882130162825,509.5144269489102,550.4542044433783,551.8337889156675,7.76564345384207,220,MONTHLY_CLOSE_LT_M_EMA9,False,12M Return,10
BAJFINANCE,Finance,2019-07-10,2020-04-01,349.94047214801776,349.06780264141423,211.70952223423575,212.2401225405872,-39.50127547845141,179,MONTHLY_CLOSE_LT_M_EMA9,True,12M Return,10
PIDILITIND,Chemicals,2019-09-23,2020-04-01,694.1067127919158,692.3757733585195,655.0218420659287,656.6635008179736,-5.630959909431715,130,MONTHLY_CLOSE_LT_M_EMA9,True,12M Return,10
EQ30,Unclassified,2019-11-14,2020-04-01,348.4690061187744,347.6000061035156,254.3625,255.0,-27.00570336711625,96,MONTHLY_CLOSE_LT_M_EMA9,True,12M Return,10
DYNPRO,Chemicals,2019-12-02,2020-04-01,138.10432842560678,137.75992860409656,115.95974029541016,116.2503662109375,-16.03468072481547,84,MONTHLY_CLOSE_LT_M_EMA9,True,12M Return,10
WELCORP,Metals & Mining,2020-03-04,2020-04-01,157.5856499390375,157.1926682683666,56.80495355987549,56.94732186453683,-63.952965525826336,19,MONTHLY_CLOSE_LT_M_EMA9,True,12M Return,10
GMMPFAUDLR,Capital Goods,2020-07-21,2020-11-02,1358.0362759682669,1354.6496518386703,1166.0602806550348,1168.9827374987817,-14.13629361088716,73,MONTHLY_CLOSE_LT_M_EMA9,True,12M Return,10
IPCALAB,Healthcare,2019-05-20,2021-02-01,452.97806425965035,451.84844315177094,913.5505323753033,915.8401327070709,101.67655002641571,423,MONTHLY_CLOSE_LT_M_EMA9,False,12M Return,10
ABBOTINDIA,Healthcare,2019-08-02,2021-02-01,7571.327752531716,7552.446635941862,13031.927420621041,13064.588892853173,72.12208804807582,370,MONTHLY_CLOSE_LT_M_EMA9,False,12M Return,10
DRREDDY,Healthcare,2020-07-09,2021-03-01,749.1182193937851,747.2500941583892,853.9227571406125,856.0629144266791,13.99038696878033,163,MONTHLY_CLOSE_LT_M_EMA9,False,12M Return,10
COROMANDEL,Chemicals,2020-08-20,2021-05-03,729.2014541066272,727.3829966150896,698.9724864663181,700.7242972093413,-4.145489215643961,173,MONTHLY_CLOSE_LT_M_EMA9,True,12M Return,10
ADANIGREEN,Miscellaneous,2020-07-27,2021-08-02,346.8148872375488,345.95001220703125,880.1940243530274,882.4000244140625,153.79361058112357,254,MONTHLY_CLOSE_LT_M_EMA9,False,12M Return,10
AARTIDRUGS,Healthcare,2020-11-02,2021-09-01,668.0135420626315,666.3476728804304,607.7741016365785,609.2973449990761,-9.017697491588434,206,MONTHLY_CLOSE_LT_M_EMA9,True,12M Return,10
LAURUSLABS,Healthcare,2021-08-02,2021-11-01,640.828937757476,639.2308606059611,510.89221128762017,512.1726428948573,-20.27635127161358,62,MONTHLY_CLOSE_LT_M_EMA9,True,12M Return,10
RTNPOWER,Power,2021-08-02,2021-11-01,6.766875,6.75,3.840374904870987,3.8499999046325684,-43.247438368951876,62,MONTHLY_CLOSE_LT_M_EMA9,True,12M Return,10
CYBERTECH,Software & IT Services,2021-02-01,2021-12-01,107.03234759960745,106.76543401457103,127.1527743917848,127.47145302434566,18.798454152799643,205,MONTHLY_CLOSE_LT_M_EMA9,False,12M Return,10
DIVISLAB,Healthcare,2019-05-13,2022-02-01,1572.154170032027,1568.23358606686,3923.61986996216,3933.4535037214637,149.5696633799108,676,MONTHLY_CLOSE_LT_M_EMA9,False,12M Return,10
LALPATHLAB,Healthcare,2020-09-02,2022-02-01,866.4846568804802,864.3238472623244,1441.4488281930123,1445.0614818977567,66.35595526671175,352,MONTHLY_CLOSE_LT_M_EMA9,False,12M Return,10
TATACOMM,Telecom,2021-02-01,2022-02-01,921.7121598483424,919.4136257838827,1210.209867128106,1213.2429745645172,31.300195424050038,248,MONTHLY_CLOSE_LT_M_EMA9,False,12M Return,10
WIPRO,Software & IT Services,2021-03-02,2022-02-01,192.17020747638205,191.69098002631625,264.6276805587888,265.2909078283597,37.704841990823105,227,MONTHLY_CLOSE_LT_M_EMA9,False,12M Return,10
MAHLOG,Logistics,2021-05-06,2022-02-01,513.4075432329968,512.1272251700716,573.0312157494143,574.4673842099392,11.613322262653014,185,MONTHLY_CLOSE_LT_M_EMA9,False,12M Return,10
HGS,Software & IT Services,2021-09-01,2022-03-02,1236.735282403351,1233.6511545170583,1175.438619046795,1178.3845804980401,-4.956328506892592,124,MONTHLY_CLOSE_LT_M_EMA9,True,12M Return,10
RGL,Diamond  &  Jewellery,2021-12-01,2022-05-02,162.18834953170065,161.7838898071827,144.09848553184736,144.45963461839332,-11.153614949585219,103,MONTHLY_CLOSE_LT_M_EMA9,True,12M Return,10
TVTODAY,Media & Entertainment,2022-02-01,2022-06-01,286.2749893158596,285.5610865993612,196.1444575688313,196.63604768805143,-31.483900134769847,81,MONTHLY_CLOSE_LT_M_EMA9,True,12M Return,10
CALSOFT,Diversified / Other,2022-02-03,2022-06-01,41.5035015296936,41.400001525878906,23.690625,23.75,-42.918972793053165,79,MONTHLY_CLOSE_LT_M_EMA9,True,12M Return,10
MINDTECK,Software & IT Services,2022-02-03,2022-06-01,144.30474124493696,143.94487904731866,97.66262041242231,97.90738888463389,-32.32196006182931,79,MONTHLY_CLOSE_LT_M_EMA9,True,12M Return,10
TATACHEM,Chemicals,2021-11-01,2022-07-01,849.9383247199537,847.818777775515,744.5456806657563,746.4117099406078,-12.400034330599603,166,MONTHLY_CLOSE_LT_M_EMA9,True,12M Return,10
DHUNINV,Finance,2021-11-01,2022-07-01,595.8912210403817,594.4052080203309,564.6499031605782,566.065065825141,-5.242788746788117,166,MONTHLY_CLOSE_LT_M_EMA9,True,12M Return,10
GREENPANEL,Construction Materials,2022-03-10,2022-07-01,479.94410528485815,478.74723719187847,428.31328601531885,429.38675289756276,-10.757673383423512,77,MONTHLY_CLOSE_LT_M_EMA9,True,12M Return,10
ACCURACY,Logistics,2022-02-03,2022-08-01,20.584073197348268,20.5327413439883,20.692471328879293,20.744332159277487,0.526611669574658,122,MONTHLY_CLOSE_LT_M_EMA9,False,12M Return,10
GMDCLTD,Metals & Mining,2022-05-05,2022-10-03,171.5711176419185,171.14325949318555,124.48345114728194,124.79543974664855,-27.444984413350955,104,MONTHLY_CLOSE_LT_M_EMA9,True,12M Return,10
DANGEE,FMCG,2022-06-02,2022-11-01,22.055,22.0,21.496124238967898,21.549999237060547,-2.5340093449653223,103,MONTHLY_CLOSE_LT_M_EMA9,True,12M Return,10
ASAHIINDIA,Construction Materials,2022-08-12,2023-01-02,558.7289809257816,557.3356418212285,517.1895897287404,518.4858042393388,-7.434622619398187,96,MONTHLY_CLOSE_LT_M_EMA9,True,12M Return,10
INSECTICID,Chemicals,2023-01-09,2023-02-01,720.5472257613482,718.7503498866316,603.7374147408594,605.2505410935934,-16.211263723493566,16,MONTHLY_CLOSE_LT_M_EMA9,True,12M Return,10
GSS,Software & IT Services,2022-08-01,2023-03-01,225.5625,225.0,223.3901219558716,223.9499969482422,-0.9630936188987123,145,MONTHLY_CLOSE_LT_M_EMA9,True,12M Return,10
DSSL,Software & IT Services,2021-02-01,2023-04-03,59.35683233585797,59.20881031008277,327.2315370941162,328.0516662597656,451.2954856528502,538,MONTHLY_CLOSE_LT_M_EMA9,False,12M Return,10
RAMASTEEL,Automobile & Ancillaries,2022-10-03,2023-04-03,7.11774990439415,7.099999904632568,9.708999302387237,9.733332633972168,36.40545724138716,124,MONTHLY_CLOSE_LT_M_EMA9,False,12M Return,10
AURIONPRO,Software & IT Services,2022-11-03,2023-04-03,195.87060556536548,195.38215018989075,154.25784650188902,154.644457646004,-21.245024971135624,103,MONTHLY_CLOSE_LT_M_EMA9,True,12M Return,10
BSHSL,Agri,2022-06-10,2023-07-03,40.089976682662964,39.9900016784668,278.70149391174317,279.3999938964844,595.1899626129455,262,MONTHLY_CLOSE_LT_M_EMA9,False,12M Return,10
KAMDHENU,Metals & Mining,2023-03-01,2023-10-03,32.70816192225225,32.626595433668086,28.764907652829432,28.83700015321246,-12.055872411283731,144,MONTHLY_CLOSE_LT_M_EMA9,True,12M Return,10
HILTON,Automobile & Ancillaries,2023-04-03,2024-01-01,105.0620030593872,104.80000305175781,114.7125,115.0,9.18552536558606,183,MONTHLY_CLOSE_LT_M_EMA9,False,12M Return,10
WENDT,Manufacturing,2023-04-24,2024-03-01,9102.892093331831,9080.19161429609,12318.793011686103,12349.66717963519,35.3283427440607,213,MONTHLY_CLOSE_LT_M_EMA9,False,12M Return,10
ARROWGREEN,Plastic Products,2023-07-05,2024-04-01,322.8880906128568,322.0828834043459,379.958182506919,380.91045865355284,17.674882893865952,181,MONTHLY_CLOSE_LT_M_EMA9,False,12M Return,10
AXISCADES,Aviation,2023-10-03,2024-04-01,516.7887499999999,515.5,553.6125000000001,555.0,7.1254937341418785,120,MONTHLY_CLOSE_LT_M_EMA9,False,12M Return,10
RKFORGE,Automobile & Ancillaries,2024-01-01,2024-06-03,717.5990044846303,715.8094807826736,695.2010819520684,696.943440553452,-3.1212309928785045,101,MONTHLY_CLOSE_LT_M_EMA9,True,12M Return,10
EDELWEISS,Financial Services,2024-06-03,2024-07-01,72.37454922181206,72.19406406165793,63.985043031932555,64.14540654830331,-11.591790595016372,19,MONTHLY_CLOSE_LT_M_EMA9,True,12M Return,10
UNIONBANK,Banks,2023-02-01,2024-09-02,70.30603852475667,70.1307117453932,114.79120501741329,115.07890227309602,63.27360697046268,387,MONTHLY_CLOSE_LT_M_EMA9,False,12M Return,10
JBMA,Automobile & Ancillaries,2024-04-01,2024-10-01,912.3460262047093,910.0708490820044,899.2411062495794,901.4948433579743,-1.4363979870275136,124,MONTHLY_CLOSE_LT_M_EMA9,True,12M Return,10
AIAENG,Capital Goods,2023-04-24,2024-11-01,2751.120635976041,2744.2599860110136,3802.2847840586064,3811.814319858252,38.20858069023332,377,MONTHLY_CLOSE_LT_M_EMA9,False,12M Return,10
TTKHLTCARE,Healthcare,2023-07-03,2024-12-02,1239.477372247262,1236.386406231683,1473.4517447222886,1477.1446062378832,18.876857110413724,348,MONTHLY_CLOSE_LT_M_EMA9,False,12M Return,10
FORCEMOT,Automobile & Ancillaries,2024-07-10,2024-12-02,8524.098425373804,8502.841322068633,6917.3534184989985,6934.690143858645,-18.84944221305546,98,MONTHLY_CLOSE_LT_M_EMA9,True,12M Return,10
INSECTICID,Chemicals,2024-10-01,2024-12-02,873.129282199613,870.9519024435043,755.5857905828314,757.4794893060965,-13.462323852048883,41,MONTHLY_CLOSE_LT_M_EMA9,True,12M Return,10
RECLTD,Finance,2024-03-01,2025-01-01,396.6447411862926,395.6556021808405,458.2321195172714,459.380570944633,15.527088080578636,204,MONTHLY_CLOSE_LT_M_EMA9,False,12M Return,10
HAL,Aviation,2024-09-02,2025-01-01,4613.408322946594,4601.903564036503,4081.7814988109317,4092.0115276300066,-11.523515520865736,83,MONTHLY_CLOSE_LT_M_EMA9,True,12M Return,10
KEI,Electricals,2022-02-02,2025-02-01,1104.9306244884451,1102.17518652214,4045.060472039067,4055.198468209591,266.0918054390815,741,MONTHLY_CLOSE_LT_M_EMA9,False,12M Return,10
SYMPHONY,Consumer Durables,2024-11-01,2025-02-01,1528.7781078534026,1524.9656936193544,1227.0071648003766,1230.0823707271945,-19.739355338934732,63,MONTHLY_CLOSE_LT_M_EMA9,True,12M Return,10
NITCO,Construction Materials,2024-04-01,2025-03-03,58.846750764846796,58.70000076293945,96.08917682647706,96.33000183105469,63.287140883023426,229,MONTHLY_CLOSE_LT_M_EMA9,False,12M Return,10
IPCALAB,Healthcare,2024-12-06,2025-03-03,1496.969542330751,1493.236451202744,1340.1062114994543,1343.4648736836634,-10.478725611682368,60,MONTHLY_CLOSE_LT_M_EMA9,True,12M Return,10
KITEX,Textiles,2025-01-02,2025-03-03,234.95697539198358,234.3710477725522,156.1883531166635,156.57980262322155,-33.52470048778452,42,MONTHLY_CLOSE_LT_M_EMA9,True,12M Return,10
EMKAY,Diversified / Other,2025-01-06,2025-03-03,306.43902229309083,305.6748352050781,187.65307411193848,188.12338256835938,-38.763323056011,40,MONTHLY_CLOSE_LT_M_EMA9,True,12M Return,10
SIYSIL,Textiles,2025-02-03,2025-03-03,764.5613638544243,762.6547270368322,578.6338522770727,580.0840624331556,-24.31819345932224,19,MONTHLY_CLOSE_LT_M_EMA9,True,12M Return,10
REPL,Infrastructure,2025-02-10,2025-03-03,285.7125,285.0,212.4475457382202,212.97999572753906,-25.64289425971204,14,MONTHLY_CLOSE_LT_M_EMA9,True,12M Return,10
BLUESTARCO,Consumer Durables,2023-04-03,2025-05-02,674.8988521038522,673.2158125724211,1682.3706333338737,1686.58710108659,149.27744773745647,510,MONTHLY_CLOSE_LT_M_EMA9,False,12M Return,10
PGIL,Textiles,2025-02-13,2025-05-02,1367.4266103412679,1364.0165689189705,948.2239561179085,950.6004572610611,-30.65631830279646,49,MONTHLY_CLOSE_LT_M_EMA9,True,12M Return,10
PANACEABIO,Healthcare,2025-06-06,2025-08-01,472.47823776245116,471.29998779296875,399.09975608825687,400.1000061035156,-15.530552692055826,40,MONTHLY_CLOSE_LT_M_EMA9,True,12M Return,10
CHOLAFIN,Finance,2025-06-09,2025-08-01,1621.4694933547537,1617.4259285334201,1437.2539737855614,1440.8561140707382,-11.361022845274627,39,MONTHLY_CLOSE_LT_M_EMA9,True,12M Return,10
TCPLPACK,Containers & Packaging,2022-09-23,2025-09-01,1129.231815379933,1126.415775940083,3344.928560269042,3353.311839868714,196.21274522305518,724,MONTHLY_CLOSE_LT_M_EMA9,False,12M Return,10
SRF,Diversified,2025-04-09,2025-09-01,2753.50591898726,2746.6393206855464,2831.2616911664536,2838.3575851292767,2.823882514397943,97,MONTHLY_CLOSE_LT_M_EMA9,False,12M Return,10
CAMLINFINE,Chemicals,2025-08-01,2025-09-01,281.50198776245117,280.79998779296875,199.5,200.0,-29.130162957019518,19,MONTHLY_CLOSE_LT_M_EMA9,True,12M Return,10
BANARISUG,Diversified / Other,2025-06-09,2025-10-01,3986.487964495085,3976.5465980000854,3659.9273474121096,3669.10009765625,-8.191687018534285,80,MONTHLY_CLOSE_LT_M_EMA9,True,12M Return,10
RALLIS,Fertilisers & Pesticides,2025-09-01,2025-10-01,344.3575500885084,343.4988030808064,299.20681942254464,299.956711200546,-13.111584355957609,22,MONTHLY_CLOSE_LT_M_EMA9,True,12M Return,10
RAMANEWS,Paper,2025-05-09,2025-11-03,31.077499999999997,31.0,29.127000761032107,29.200000762939453,-6.276242422871499,122,MONTHLY_CLOSE_LT_M_EMA9,True,12M Return,10
GINNIFILA,Textiles,2025-09-08,2025-12-01,47.969623470306395,47.849998474121094,40.38877667427063,40.4900016784668,-15.80343193798128,57,MONTHLY_CLOSE_LT_M_EMA9,True,12M Return,10
SARDAEN,Metals & Mining,2025-10-03,2025-12-01,552.1638572240188,550.7868899990212,491.77599522530903,493.0085165166005,-10.936583626155334,39,MONTHLY_CLOSE_LT_M_EMA9,True,12M Return,10
AXISCADES,Aviation,2025-04-15,2026-02-02,810.7217622375488,808.7000122070312,1142.1375,1145.0,40.87909726855753,200,MONTHLY_CLOSE_LT_M_EMA9,False,12M Return,10
HCG,Healthcare,2025-05-29,2026-02-02,553.2797744750976,551.9000244140625,589.6222256469727,591.0999755859375,6.568548652687244,170,MONTHLY_CLOSE_LT_M_EMA9,False,12M Return,10
HDFCAMC,Finance,2025-10-03,2026-02-02,2739.0707974887796,2732.240196996289,2410.015481467556,2416.055620518853,-12.013392144624602,82,MONTHLY_CLOSE_LT_M_EMA9,True,12M Return,10
ABCAPITAL,Finance,2025-08-01,2026-04-01,257.14125,256.5,302.2425,303.0,17.539484621778882,163,MONTHLY_CLOSE_LT_M_EMA9,False,12M Return,10
NAM-INDIA,Finance,2025-12-05,2026-04-01,827.0056490719096,824.9432908447976,818.9833442548505,821.0359340900757,-0.9700423239021341,78,MONTHLY_CLOSE_LT_M_EMA9,True,12M Return,10
BANKBARODA,Banks,2026-02-04,2026-04-01,277.7320340980547,277.03943550928153,244.46067038518046,245.07335376960447,-11.979663714675288,37,MONTHLY_CLOSE_LT_M_EMA9,True,12M Return,10
NORBTEAEXP,Agri,2025-05-02,2026-05-04,40.0498757648468,39.95000076293945,63.54075076103211,63.70000076293945,58.65405209771981,247,MONTHLY_CLOSE_LT_M_EMA9,False,12M Return,10
FORCEMOT,Automobile & Ancillaries,2025-09-10,2026-07-01,18335.725,18290.0,18643.275,18690.0,1.6773266396611148,200,MONTHLY_CLOSE_LT_M_EMA9,False,12M Return,10
OIL,Oil & Gas,2026-05-11,2026-07-01,458.1425,457.0,418.00236282348635,419.04998779296875,-8.76149607960703,37,MONTHLY_CLOSE_LT_M_EMA9,True,12M Return,10
POWERGRID,Power,2026-05-18,2026-07-01,297.04073776245116,296.29998779296875,287.08048782348635,287.79998779296875,-3.353159574674299,32,MONTHLY_CLOSE_LT_M_EMA9,True,12M Return,10
AVANTIFEED,Consumer Goods,2026-05-20,2026-07-01,1244.1303922984555,1241.0278227416015,919.5917514649367,921.8964926966784,-26.085580968241867,30,MONTHLY_CLOSE_LT_M_EMA9,True,12M Return,10
MAHASTEEL,Metals & Mining,2024-12-09,2026-08-24,211.52749999999997,211.0,1172.7607012939454,1175.699951171875,454.4246971641728,424,END_OF_BACKTEST,False,12M Return,10
TFCILTD,Finance,2025-11-04,2026-08-24,69.7599861769354,69.5860211241251,129.23609756469727,129.55999755859375,85.2582040898201,201,END_OF_BACKTEST,False,12M Return,10
RBLBANK,Banks,2025-12-08,2026-08-24,306.67279212856033,305.9080220733769,387.03000000000003,388.0,26.20291396367277,178,END_OF_BACKTEST,False,12M Return,10
TITAN,Diamond  &  Jewellery,2026-02-02,2026-08-24,3996.885032503398,3986.9177381580034,5066.302500000001,5079.0,26.756272917532144,140,END_OF_BACKTEST,False,12M Return,10
THANGAMAYL,Diamond  &  Jewellery,2026-02-05,2026-08-24,3281.9270141764687,3273.742657532637,5479.766250000001,5493.5,66.9679498151495,137,END_OF_BACKTEST,False,12M Return,10
LUPIN,Healthcare,2026-05-15,2026-08-24,2257.3027141097346,2251.6735302840248,2182.53,2188.0,-3.312480583235564,71,END_OF_BACKTEST,True,12M Return,10
ARIHANT,Real Estate,2026-07-03,2026-08-24,795.985,794.0,1004.6820121765137,1007.2000122070312,26.21871168131481,35,END_OF_BACKTEST,False,12M Return,10
BHEL,Capital Goods,2026-07-09,2026-08-24,379.72506980615975,378.77812449492245,410.3714939117432,411.3999938964844,8.070687595429945,32,END_OF_BACKTEST,False,12M Return,10
PRECWIRE,Electricals,2026-07-10,2026-08-24,395.62301359318667,394.6364225368446,427.9773628234864,429.04998779296875,8.178075622155086,31,END_OF_BACKTEST,False,12M Return,10
ASIANPAINT,Chemicals,2019-04-12,2019-07-01,1344.512536347503,1341.1596372543672,1284.2397691317053,1287.4584151696292,-4.482871344549491,51,MONTHLY_CLOSE_LT_M_EMA9,True,12M Return,15
HAVELLS,Capital Goods,2019-05-10,2019-08-01,699.9479012919053,698.2023953036462,610.7729224614168,612.3036816655807,-12.74023090374252,58,MONTHLY_CLOSE_LT_M_EMA9,True,12M Return,15
SUVEN,Healthcare,2019-05-17,2019-08-01,11.868521718978881,11.838924407958984,10.48636696100235,10.512648582458496,-11.645551069484382,53,MONTHLY_CLOSE_LT_M_EMA9,True,12M Return,15
TRIVENI,Agri,2019-06-24,2019-08-01,62.88908817157098,62.73225752775161,50.4208240556712,50.547192035760595,-19.825798844283554,28,MONTHLY_CLOSE_LT_M_EMA9,True,12M Return,15
SEAMECLTD,Logistics,2019-05-13,2019-09-03,422.88563520968705,421.83105756577265,322.6497405532054,323.45838651950413,-23.702837436599115,77,MONTHLY_CLOSE_LT_M_EMA9,True,12M Return,15
PGHH,FMCG,2019-06-20,2019-09-03,9539.985583434533,9516.195095695295,9159.823213345026,9182.78016375441,-3.984936526000945,50,MONTHLY_CLOSE_LT_M_EMA9,True,12M Return,15
CANTABIL,Retailing,2019-05-03,2019-11-01,51.560024114415064,51.43144550066341,40.56641687381459,40.66808709154345,-21.321959074737713,122,MONTHLY_CLOSE_LT_M_EMA9,True,12M Return,15
POWERGRID,Power,2019-08-08,2019-12-02,76.95655591850222,76.7646443077329,76.2968800842247,76.48810033506234,-0.8572055056311579,74,MONTHLY_CLOSE_LT_M_EMA9,True,12M Return,15
HEIDELBERG,Cement & Cement Products,2019-06-24,2020-01-01,149.15823068456285,148.78626502200785,141.6314321048523,141.98639810010255,-5.0461838714271705,128,MONTHLY_CLOSE_LT_M_EMA9,True,12M Return,15
AGROPHOS,Chemicals,2019-08-26,2020-01-01,79.60797241712417,79.40944879513634,69.51459022521973,69.68881225585938,-12.678858518111547,85,MONTHLY_CLOSE_LT_M_EMA9,True,12M Return,15
PRESTIGE,Real Estate,2019-05-15,2020-03-02,240.9058474878859,240.30508477594603,289.52850347894287,290.2541388260079,20.18326101175356,197,MONTHLY_CLOSE_LT_M_EMA9,False,12M Return,15
BALRAMCHIN,Agri,2019-06-21,2020-03-02,132.36865832561384,132.03856192081182,136.98371878442995,137.32703637536838,3.4865205383161957,171,MONTHLY_CLOSE_LT_M_EMA9,False,12M Return,15
BATAINDIA,Footwear,2019-05-10,2020-04-01,1216.081754671056,1213.0491318414524,1106.6706788283082,1109.4442895521886,-8.997016477098855,221,MONTHLY_CLOSE_LT_M_EMA9,True,12M Return,15
MUTHOOTFIN,Finance,2019-05-13,2020-04-01,510.7882130162825,509.5144269489102,550.4542044433783,551.8337889156675,7.76564345384207,220,MONTHLY_CLOSE_LT_M_EMA9,False,12M Return,15
HONAUT,Consumer Durables,2019-06-27,2020-04-01,24167.253847446424,24106.986381492694,25503.352011962586,25567.270187431164,5.52854773219233,188,MONTHLY_CLOSE_LT_M_EMA9,False,12M Return,15
BAJFINANCE,Finance,2019-07-10,2020-04-01,349.94047214801776,349.06780264141423,211.70952223423575,212.2401225405872,-39.50127547845141,179,MONTHLY_CLOSE_LT_M_EMA9,True,12M Return,15
PIDILITIND,Chemicals,2019-09-23,2020-04-01,694.1067127919158,692.3757733585195,655.0218420659287,656.6635008179736,-5.630959909431715,130,MONTHLY_CLOSE_LT_M_EMA9,True,12M Return,15
EQ30,Unclassified,2019-11-14,2020-04-01,348.4690061187744,347.6000061035156,254.3625,255.0,-27.00570336711625,96,MONTHLY_CLOSE_LT_M_EMA9,True,12M Return,15
ATUL,Chemicals,2019-11-18,2020-04-01,3957.15917721823,3947.290949843621,3892.18879260963,3901.943651738977,-1.6418441032809872,94,MONTHLY_CLOSE_LT_M_EMA9,True,12M Return,15
DYNPRO,Chemicals,2019-12-02,2020-04-01,138.10432842560678,137.75992860409656,115.95974029541016,116.2503662109375,-16.03468072481547,84,MONTHLY_CLOSE_LT_M_EMA9,True,12M Return,15
PIIND,Chemicals,2020-01-09,2020-04-01,1421.3733784471212,1417.8288064310436,1150.4408994574537,1153.3242099824097,-19.06131654763836,57,MONTHLY_CLOSE_LT_M_EMA9,True,12M Return,15
WELCORP,Metals & Mining,2020-03-04,2020-04-01,157.5856499390375,157.1926682683666,56.80495355987549,56.94732186453683,-63.952965525826336,19,MONTHLY_CLOSE_LT_M_EMA9,True,12M Return,15
ESABINDIA,Capital Goods,2020-03-04,2020-04-01,1269.041654589312,1265.8769621838524,937.9170782542591,940.2677476233173,-26.092490749817948,19,MONTHLY_CLOSE_LT_M_EMA9,True,12M Return,15
GMMPFAUDLR,Capital Goods,2020-07-21,2020-11-02,1358.0362759682669,1354.6496518386703,1166.0602806550348,1168.9827374987817,-14.13629361088716,73,MONTHLY_CLOSE_LT_M_EMA9,True,12M Return,15
IPCALAB,Healthcare,2019-05-20,2021-02-01,452.97806425965035,451.84844315177094,913.5505323753033,915.8401327070709,101.67655002641571,423,MONTHLY_CLOSE_LT_M_EMA9,False,12M Return,15
ABBOTINDIA,Healthcare,2019-08-02,2021-02-01,7571.327752531716,7552.446635941862,13031.927420621041,13064.588892853173,72.12208804807582,370,MONTHLY_CLOSE_LT_M_EMA9,False,12M Return,15
DRREDDY,Healthcare,2020-07-09,2021-03-01,749.1182193937851,747.2500941583892,853.9227571406125,856.0629144266791,13.99038696878033,163,MONTHLY_CLOSE_LT_M_EMA9,False,12M Return,15
ITI,Telecom,2020-09-11,2021-04-01,138.79612194061278,138.4499969482422,115.36087652206422,115.6500015258789,-16.884654333912792,138,MONTHLY_CLOSE_LT_M_EMA9,True,12M Return,15
COROMANDEL,Chemicals,2020-08-20,2021-05-03,729.2014541066272,727.3829966150896,698.9724864663181,700.7242972093413,-4.145489215643961,173,MONTHLY_CLOSE_LT_M_EMA9,True,12M Return,15
ADANIGREEN,Miscellaneous,2020-07-27,2021-08-02,346.8148872375488,345.95001220703125,880.1940243530274,882.4000244140625,153.79361058112357,254,MONTHLY_CLOSE_LT_M_EMA9,False,12M Return,15
APLLTD,Healthcare,2020-09-04,2021-08-02,871.7425943069296,869.5686726253663,744.072293980442,745.9371368224982,-14.645412666567081,225,MONTHLY_CLOSE_LT_M_EMA9,True,12M Return,15
AARTIDRUGS,Healthcare,2020-11-02,2021-09-01,668.0135420626315,666.3476728804304,607.7741016365785,609.2973449990761,-9.017697491588434,206,MONTHLY_CLOSE_LT_M_EMA9,True,12M Return,15
BERGEPAINT,Chemicals,2020-01-08,2021-11-01,388.28256994870975,387.3142842381145,602.031978929839,603.5408310073574,55.04996245630201,451,MONTHLY_CLOSE_LT_M_EMA9,False,12M Return,15
BHARATRAS,Chemicals,2020-09-11,2021-11-01,2329.1459327650305,2323.337588793048,2573.9761637156535,2580.4272317951413,10.51158828249007,282,MONTHLY_CLOSE_LT_M_EMA9,False,12M Return,15
LAURUSLABS,Healthcare,2021-08-02,2021-11-01,640.828937757476,639.2308606059611,510.89221128762017,512.1726428948573,-20.27635127161358,62,MONTHLY_CLOSE_LT_M_EMA9,True,12M Return,15
RTNPOWER,Power,2021-08-02,2021-11-01,6.766875,6.75,3.840374904870987,3.8499999046325684,-43.247438368951876,62,MONTHLY_CLOSE_LT_M_EMA9,True,12M Return,15
CYBERTECH,Software & IT Services,2021-02-01,2021-12-01,107.03234759960745,106.76543401457103,127.1527743917848,127.47145302434566,18.798454152799643,205,MONTHLY_CLOSE_LT_M_EMA9,False,12M Return,15
GPIL,Metals & Mining,2021-02-01,2021-12-01,23.965730727023356,23.905965812492127,51.477972090939744,51.60698956485187,114.79825788451362,205,MONTHLY_CLOSE_LT_M_EMA9,False,12M Return,15
DIVISLAB,Healthcare,2019-05-13,2022-02-01,1572.154170032027,1568.23358606686,3923.61986996216,3933.4535037214637,149.5696633799108,676,MONTHLY_CLOSE_LT_M_EMA9,False,12M Return,15
LALPATHLAB,Healthcare,2020-09-02,2022-02-01,866.4846568804802,864.3238472623244,1441.4488281930123,1445.0614818977567,66.35595526671175,352,MONTHLY_CLOSE_LT_M_EMA9,False,12M Return,15
TATACOMM,Telecom,2021-02-01,2022-02-01,921.7121598483424,919.4136257838827,1210.209867128106,1213.2429745645172,31.300195424050038,248,MONTHLY_CLOSE_LT_M_EMA9,False,12M Return,15
WIPRO,Software & IT Services,2021-03-02,2022-02-01,192.17020747638205,191.69098002631625,264.6276805587888,265.2909078283597,37.704841990823105,227,MONTHLY_CLOSE_LT_M_EMA9,False,12M Return,15
MAHLOG,Logistics,2021-05-06,2022-02-01,513.4075432329968,512.1272251700716,573.0312157494143,574.4673842099392,11.613322262653014,185,MONTHLY_CLOSE_LT_M_EMA9,False,12M Return,15
CINEVISTA,Diversified / Other,2021-08-02,2022-02-01,15.588875191211699,15.550000190734863,14.413874809741975,14.449999809265137,-7.537428884748118,125,MONTHLY_CLOSE_LT_M_EMA9,True,12M Return,15
SAGCEM,Construction Materials,2021-11-01,2022-02-01,278.9257737573324,278.23019826167825,240.94151441776503,241.54537786242108,-13.618052870443584,63,MONTHLY_CLOSE_LT_M_EMA9,True,12M Return,15
HGS,Software & IT Services,2021-09-01,2022-03-02,1236.735282403351,1233.6511545170583,1175.438619046795,1178.3845804980401,-4.956328506892592,124,MONTHLY_CLOSE_LT_M_EMA9,True,12M Return,15
RGL,Diamond  &  Jewellery,2021-12-01,2022-05-02,162.18834953170065,161.7838898071827,144.09848553184736,144.45963461839332,-11.153614949585219,103,MONTHLY_CLOSE_LT_M_EMA9,True,12M Return,15
TVTODAY,Media & Entertainment,2022-02-01,2022-06-01,286.2749893158596,285.5610865993612,196.1444575688313,196.63604768805143,-31.483900134769847,81,MONTHLY_CLOSE_LT_M_EMA9,True,12M Return,15
CALSOFT,Diversified / Other,2022-02-03,2022-06-01,41.5035015296936,41.400001525878906,23.690625,23.75,-42.918972793053165,79,MONTHLY_CLOSE_LT_M_EMA9,True,12M Return,15
MINDTECK,Software & IT Services,2022-02-03,2022-06-01,144.30474124493696,143.94487904731866,97.66262041242231,97.90738888463389,-32.32196006182931,79,MONTHLY_CLOSE_LT_M_EMA9,True,12M Return,15
CHAMBLFERT,Chemicals,2022-02-04,2022-06-01,367.10668587449396,366.1912078548568,329.2803785259519,330.1056426325332,-10.30390042023753,78,MONTHLY_CLOSE_LT_M_EMA9,True,12M Return,15
GREENPANEL,Construction Materials,2021-04-01,2022-07-01,159.86868330937963,159.470008288658,428.31328601531885,429.38675289756276,167.91569002069173,310,MONTHLY_CLOSE_LT_M_EMA9,False,12M Return,15
TATACHEM,Chemicals,2021-11-01,2022-07-01,849.9383247199537,847.818777775515,744.5456806657563,746.4117099406078,-12.400034330599603,166,MONTHLY_CLOSE_LT_M_EMA9,True,12M Return,15
DHUNINV,Finance,2021-11-01,2022-07-01,595.8912210403817,594.4052080203309,564.6499031605782,566.065065825141,-5.242788746788117,166,MONTHLY_CLOSE_LT_M_EMA9,True,12M Return,15
LPDC,Diversified / Other,2022-02-03,2022-07-01,10.0751251912117,10.050000190734863,6.3840000951290135,6.400000095367432,-36.63602214394686,101,MONTHLY_CLOSE_LT_M_EMA9,True,12M Return,15
ACCURACY,Logistics,2022-02-03,2022-08-01,20.584073197348268,20.5327413439883,20.692471328879293,20.744332159277487,0.526611669574658,122,MONTHLY_CLOSE_LT_M_EMA9,False,12M Return,15
INDIANCARD,Textiles,2022-03-11,2022-10-03,223.6366399557066,223.0789425992086,213.26550304412842,213.8000030517578,-4.637494515045608,139,MONTHLY_CLOSE_LT_M_EMA9,True,12M Return,15
GMDCLTD,Metals & Mining,2022-05-05,2022-10-03,171.5711176419185,171.14325949318555,124.48345114728194,124.79543974664855,-27.444984413350955,104,MONTHLY_CLOSE_LT_M_EMA9,True,12M Return,15
DANGEE,FMCG,2022-06-02,2022-11-01,22.055,22.0,21.496124238967898,21.549999237060547,-2.5340093449653223,103,MONTHLY_CLOSE_LT_M_EMA9,True,12M Return,15
AMDIND,Containers & Packaging,2022-09-26,2022-12-01,83.458125,83.25,46.03462652206421,46.150001525878906,-44.84104870309007,45,MONTHLY_CLOSE_LT_M_EMA9,True,12M Return,15
ASAHIINDIA,Construction Materials,2022-08-12,2023-01-02,558.7289809257816,557.3356418212285,517.1895897287404,518.4858042393388,-7.434622619398187,96,MONTHLY_CLOSE_LT_M_EMA9,True,12M Return,15
ARCHIDPLY,Construction Materials,2022-09-28,2023-02-01,84.41049694061279,84.19999694824219,66.33375000000001,66.5,-21.415283164759376,86,MONTHLY_CLOSE_LT_M_EMA9,True,12M Return,15
CLEDUCATE,Miscellaneous,2022-10-03,2023-02-01,75.91431097030639,75.7249984741211,63.34125,63.5,-16.562174917485972,83,MONTHLY_CLOSE_LT_M_EMA9,True,12M Return,15
INSECTICID,Chemicals,2023-01-09,2023-02-01,720.5472257613482,718.7503498866316,603.7374147408594,605.2505410935934,-16.211263723493566,16,MONTHLY_CLOSE_LT_M_EMA9,True,12M Return,15
GSS,Software & IT Services,2022-08-01,2023-03-01,225.5625,225.0,223.3901219558716,223.9499969482422,-0.9630936188987123,145,MONTHLY_CLOSE_LT_M_EMA9,True,12M Return,15
TNPL,Paper,2022-09-26,2023-03-01,231.00626114090656,230.43018567671479,198.54477537607696,199.04238132940046,-14.052210361964656,108,MONTHLY_CLOSE_LT_M_EMA9,True,12M Return,15
DSSL,Software & IT Services,2021-02-01,2023-04-03,59.35683233585797,59.20881031008277,327.2315370941162,328.0516662597656,451.2954856528502,538,MONTHLY_CLOSE_LT_M_EMA9,False,12M Return,15
GOKULAGRO,Agri,2022-06-16,2023-04-03,51.10867712020874,50.981224060058594,51.121875,51.25,0.025823168461633312,198,MONTHLY_CLOSE_LT_M_EMA9,False,12M Return,15
RAMASTEEL,Automobile & Ancillaries,2022-10-03,2023-04-03,7.11774990439415,7.099999904632568,9.708999302387237,9.733332633972168,36.40545724138716,124,MONTHLY_CLOSE_LT_M_EMA9,False,12M Return,15
AURIONPRO,Software & IT Services,2022-11-03,2023-04-03,195.87060556536548,195.38215018989075,154.25784650188902,154.644457646004,-21.245024971135624,103,MONTHLY_CLOSE_LT_M_EMA9,True,12M Return,15
BSHSL,Agri,2022-06-10,2023-07-03,40.089976682662964,39.9900016784668,278.70149391174317,279.3999938964844,595.1899626129455,262,MONTHLY_CLOSE_LT_M_EMA9,False,12M Return,15
AUTOAXLES,Automobile & Ancillaries,2023-03-02,2023-08-01,2135.1051959532965,2129.780744093064,2041.8420355665337,2046.9594341519135,-4.368082685739615,101,MONTHLY_CLOSE_LT_M_EMA9,True,12M Return,15
KAMDHENU,Metals & Mining,2023-03-01,2023-10-03,32.70816192225225,32.626595433668086,28.764907652829432,28.83700015321246,-12.055872411283731,144,MONTHLY_CLOSE_LT_M_EMA9,True,12M Return,15
HILTON,Automobile & Ancillaries,2023-04-03,2024-01-01,105.0620030593872,104.80000305175781,114.7125,115.0,9.18552536558606,183,MONTHLY_CLOSE_LT_M_EMA9,False,12M Return,15
WENDT,Manufacturing,2023-04-24,2024-03-01,9102.892093331831,9080.19161429609,12318.793011686103,12349.66717963519,35.3283427440607,213,MONTHLY_CLOSE_LT_M_EMA9,False,12M Return,15
ARROWGREEN,Plastic Products,2023-07-05,2024-04-01,322.8880906128568,322.0828834043459,379.958182506919,380.91045865355284,17.674882893865952,181,MONTHLY_CLOSE_LT_M_EMA9,False,12M Return,15
AXISCADES,Aviation,2023-10-03,2024-04-01,516.7887499999999,515.5,553.6125000000001,555.0,7.1254937341418785,120,MONTHLY_CLOSE_LT_M_EMA9,False,12M Return,15
RKFORGE,Automobile & Ancillaries,2024-01-01,2024-06-03,717.5990044846303,715.8094807826736,695.2010819520684,696.943440553452,-3.1212309928785045,101,MONTHLY_CLOSE_LT_M_EMA9,True,12M Return,15
EDELWEISS,Financial Services,2024-06-03,2024-07-01,72.37454922181206,72.19406406165793,63.985043031932555,64.14540654830331,-11.591790595016372,19,MONTHLY_CLOSE_LT_M_EMA9,True,12M Return,15
USHAMART,Metals & Mining,2021-12-01,2024-09-02,81.30627044435819,81.10351166519521,326.0925032874201,326.90977773174944,301.06685684295525,679,MONTHLY_CLOSE_LT_M_EMA9,False,12M Return,15
UNIONBANK,Banks,2023-02-01,2024-09-02,70.30603852475667,70.1307117453932,114.79120501741329,115.07890227309602,63.27360697046268,387,MONTHLY_CLOSE_LT_M_EMA9,False,12M Return,15
JBMA,Automobile & Ancillaries,2024-04-01,2024-10-01,912.3460262047093,910.0708490820044,899.2411062495794,901.4948433579743,-1.4363979870275136,124,MONTHLY_CLOSE_LT_M_EMA9,True,12M Return,15
AIAENG,Capital Goods,2023-04-24,2024-11-01,2751.120635976041,2744.2599860110136,3802.2847840586064,3811.814319858252,38.20858069023332,377,MONTHLY_CLOSE_LT_M_EMA9,False,12M Return,15
JSL,Metals & Mining,2023-04-24,2024-11-01,264.45640908041827,263.79691678844716,669.8563155037617,671.5351533872298,153.2955498537628,377,MONTHLY_CLOSE_LT_M_EMA9,False,12M Return,15
TTKHLTCARE,Healthcare,2023-07-03,2024-12-02,1239.477372247262,1236.386406231683,1473.4517447222886,1477.1446062378832,18.876857110413724,348,MONTHLY_CLOSE_LT_M_EMA9,False,12M Return,15
FORCEMOT,Automobile & Ancillaries,2024-07-10,2024-12-02,8524.098425373804,8502.841322068633,6917.3534184989985,6934.690143858645,-18.84944221305546,98,MONTHLY_CLOSE_LT_M_EMA9,True,12M Return,15
INSECTICID,Chemicals,2024-10-01,2024-12-02,873.129282199613,870.9519024435043,755.5857905828314,757.4794893060965,-13.462323852048883,41,MONTHLY_CLOSE_LT_M_EMA9,True,12M Return,15
HAL,Aviation,2021-11-01,2025-01-01,608.6435540878268,607.1257397384807,4081.7814988109317,4092.0115276300066,570.6357886149458,782,MONTHLY_CLOSE_LT_M_EMA9,False,12M Return,15
RECLTD,Finance,2024-03-01,2025-01-01,396.6447411862926,395.6556021808405,458.2321195172714,459.380570944633,15.527088080578636,204,MONTHLY_CLOSE_LT_M_EMA9,False,12M Return,15
KEI,Electricals,2022-02-02,2025-02-01,1104.9306244884451,1102.17518652214,4045.060472039067,4055.198468209591,266.0918054390815,741,MONTHLY_CLOSE_LT_M_EMA9,False,12M Return,15
ANANTRAJ,Real Estate,2022-12-01,2025-02-01,101.5114498692072,101.25830410893487,601.4747525429167,602.9822080630744,492.5191230328097,536,MONTHLY_CLOSE_LT_M_EMA9,False,12M Return,15
GPTINFRA,Infrastructure,2024-09-06,2025-02-01,158.76687896105543,158.3709515821002,106.57701353443186,106.84412384404196,-32.872010691490274,102,MONTHLY_CLOSE_LT_M_EMA9,True,12M Return,15
SYMPHONY,Consumer Durables,2024-11-01,2025-02-01,1528.7781078534026,1524.9656936193544,1227.0071648003766,1230.0823707271945,-19.739355338934732,63,MONTHLY_CLOSE_LT_M_EMA9,True,12M Return,15
VARDMNPOLY,Textiles,2023-08-03,2025-03-03,5.739312404394149,5.724999904632568,10.214399771690369,10.239999771118164,77.97253489581766,389,MONTHLY_CLOSE_LT_M_EMA9,False,12M Return,15
NITCO,Construction Materials,2024-04-01,2025-03-03,58.846750764846796,58.70000076293945,96.08917682647706,96.33000183105469,63.287140883023426,229,MONTHLY_CLOSE_LT_M_EMA9,False,12M Return,15
MAHSCOOTER,Automobile & Ancillaries,2024-11-01,2025-03-03,10533.011695867026,10506.74483378257,9012.143347175248,9034.730172606764,-14.4390644632868,83,MONTHLY_CLOSE_LT_M_EMA9,True,12M Return,15
IPCALAB,Healthcare,2024-12-06,2025-03-03,1496.969542330751,1493.236451202744,1340.1062114994543,1343.4648736836634,-10.478725611682368,60,MONTHLY_CLOSE_LT_M_EMA9,True,12M Return,15
UNICHEMLAB,Healthcare,2024-12-10,2025-03-03,798.2406249999999,796.25,613.4625,615.0,-23.148173522238356,58,MONTHLY_CLOSE_LT_M_EMA9,True,12M Return,15
KITEX,Textiles,2025-01-02,2025-03-03,234.95697539198358,234.3710477725522,156.1883531166635,156.57980262322155,-33.52470048778452,42,MONTHLY_CLOSE_LT_M_EMA9,True,12M Return,15
EMKAY,Diversified / Other,2025-01-06,2025-03-03,306.43902229309083,305.6748352050781,187.65307411193848,188.12338256835938,-38.763323056011,40,MONTHLY_CLOSE_LT_M_EMA9,True,12M Return,15
SIYSIL,Textiles,2025-02-03,2025-03-03,764.5613638544243,762.6547270368322,578.6338522770727,580.0840624331556,-24.31819345932224,19,MONTHLY_CLOSE_LT_M_EMA9,True,12M Return,15
REPL,Infrastructure,2025-02-10,2025-03-03,285.7125,285.0,212.4475457382202,212.97999572753906,-25.64289425971204,14,MONTHLY_CLOSE_LT_M_EMA9,True,12M Return,15
BLUESTARCO,Consumer Durables,2023-04-03,2025-05-02,674.8988521038522,673.2158125724211,1682.3706333338737,1686.58710108659,149.27744773745647,510,MONTHLY_CLOSE_LT_M_EMA9,False,12M Return,15
PGIL,Textiles,2025-02-13,2025-05-02,1367.4266103412679,1364.0165689189705,948.2239561179085,950.6004572610611,-30.65631830279646,49,MONTHLY_CLOSE_LT_M_EMA9,True,12M Return,15
ORIENTCEM,Construction Materials,2024-09-02,2025-07-01,304.29157977919823,303.5327479094247,240.04728447651254,240.64890674337096,-21.112741716120766,206,MONTHLY_CLOSE_LT_M_EMA9,True,12M Return,15
GOLDIAM,Diamond  &  Jewellery,2025-02-13,2025-07-01,315.7346543835986,314.94728616817815,255.6576005077779,256.29834637371215,-19.02770349777022,91,MONTHLY_CLOSE_LT_M_EMA9,True,12M Return,15
PANACEABIO,Healthcare,2025-06-06,2025-08-01,472.47823776245116,471.29998779296875,399.09975608825687,400.1000061035156,-15.530552692055826,40,MONTHLY_CLOSE_LT_M_EMA9,True,12M Return,15
CHOLAFIN,Finance,2025-06-09,2025-08-01,1621.4694933547537,1617.4259285334201,1437.2539737855614,1440.8561140707382,-11.361022845274627,39,MONTHLY_CLOSE_LT_M_EMA9,True,12M Return,15
AXISBANK,Banks,2025-07-07,2025-08-01,1179.6342628674286,1176.6925315385822,1061.5188225977377,1064.1792707746743,-10.01288653506711,19,MONTHLY_CLOSE_LT_M_EMA9,True,12M Return,15
TCPLPACK,Containers & Packaging,2022-09-23,2025-09-01,1129.231815379933,1126.415775940083,3344.928560269042,3353.311839868714,196.21274522305518,724,MONTHLY_CLOSE_LT_M_EMA9,False,12M Return,15
SRF,Diversified,2025-04-09,2025-09-01,2753.50591898726,2746.6393206855464,2831.2616911664536,2838.3575851292767,2.823882514397943,97,MONTHLY_CLOSE_LT_M_EMA9,False,12M Return,15
CAMLINFINE,Chemicals,2025-08-01,2025-09-01,281.50198776245117,280.79998779296875,199.5,200.0,-29.130162957019518,19,MONTHLY_CLOSE_LT_M_EMA9,True,12M Return,15
BANARISUG,Diversified / Other,2025-06-09,2025-10-01,3986.487964495085,3976.5465980000854,3659.9273474121096,3669.10009765625,-8.191687018534285,80,MONTHLY_CLOSE_LT_M_EMA9,True,12M Return,15
BSE,Unclassified,2025-07-10,2025-10-01,2534.2600135868765,2527.940163178929,2037.5122190476616,2042.618765962568,-19.60129552121768,57,MONTHLY_CLOSE_LT_M_EMA9,True,12M Return,15
RALLIS,Fertilisers & Pesticides,2025-09-01,2025-10-01,344.3575500885084,343.4988030808064,299.20681942254464,299.956711200546,-13.111584355957609,22,MONTHLY_CLOSE_LT_M_EMA9,True,12M Return,15
RAMANEWS,Paper,2025-05-09,2025-11-03,31.077499999999997,31.0,29.127000761032107,29.200000762939453,-6.276242422871499,122,MONTHLY_CLOSE_LT_M_EMA9,True,12M Return,15
GINNIFILA,Textiles,2025-09-08,2025-12-01,47.969623470306395,47.849998474121094,40.38877667427063,40.4900016784668,-15.80343193798128,57,MONTHLY_CLOSE_LT_M_EMA9,True,12M Return,15
SARDAEN,Metals & Mining,2025-10-03,2025-12-01,552.1638572240188,550.7868899990212,491.77599522530903,493.0085165166005,-10.936583626155334,39,MONTHLY_CLOSE_LT_M_EMA9,True,12M Return,15
AXISCADES,Aviation,2025-04-15,2026-02-02,810.7217622375488,808.7000122070312,1142.1375,1145.0,40.87909726855753,200,MONTHLY_CLOSE_LT_M_EMA9,False,12M Return,15
HCG,Healthcare,2025-05-29,2026-02-02,553.2797744750976,551.9000244140625,589.6222256469727,591.0999755859375,6.568548652687244,170,MONTHLY_CLOSE_LT_M_EMA9,False,12M Return,15
JMFINANCIL,Finance,2025-08-05,2026-02-02,154.48053096535176,154.09529273351797,119.49066850593623,119.79014386560023,-22.650014368000434,122,MONTHLY_CLOSE_LT_M_EMA9,True,12M Return,15
HDFCAMC,Finance,2025-10-03,2026-02-02,2739.0707974887796,2732.240196996289,2410.015481467556,2416.055620518853,-12.013392144624602,82,MONTHLY_CLOSE_LT_M_EMA9,True,12M Return,15
ADANIPORTS,Infrastructure,2025-06-23,2026-04-01,1338.7105549964222,1335.3721246847103,1342.1654489405073,1345.5292721208093,0.2580762459211638,192,MONTHLY_CLOSE_LT_M_EMA9,False,12M Return,15
ABCAPITAL,Finance,2025-08-01,2026-04-01,257.14125,256.5,302.2425,303.0,17.539484621778882,163,MONTHLY_CLOSE_LT_M_EMA9,False,12M Return,15
NAM-INDIA,Finance,2025-12-05,2026-04-01,827.0056490719096,824.9432908447976,818.9833442548505,821.0359340900757,-0.9700423239021341,78,MONTHLY_CLOSE_LT_M_EMA9,True,12M Return,15
BANKBARODA,Banks,2026-02-04,2026-04-01,277.7320340980547,277.03943550928153,244.46067038518046,245.07335376960447,-11.979663714675288,37,MONTHLY_CLOSE_LT_M_EMA9,True,12M Return,15
NORBTEAEXP,Agri,2025-05-02,2026-05-04,40.0498757648468,39.95000076293945,63.54075076103211,63.70000076293945,58.65405209771981,247,MONTHLY_CLOSE_LT_M_EMA9,False,12M Return,15
FORCEMOT,Automobile & Ancillaries,2025-09-10,2026-07-01,18335.725,18290.0,18643.275,18690.0,1.6773266396611148,200,MONTHLY_CLOSE_LT_M_EMA9,False,12M Return,15
OIL,Oil & Gas,2026-05-11,2026-07-01,458.1425,457.0,418.00236282348635,419.04998779296875,-8.76149607960703,37,MONTHLY_CLOSE_LT_M_EMA9,True,12M Return,15
POWERGRID,Power,2026-05-18,2026-07-01,297.04073776245116,296.29998779296875,287.08048782348635,287.79998779296875,-3.353159574674299,32,MONTHLY_CLOSE_LT_M_EMA9,True,12M Return,15
AVANTIFEED,Consumer Goods,2026-05-20,2026-07-01,1244.1303922984555,1241.0278227416015,919.5917514649367,921.8964926966784,-26.085580968241867,30,MONTHLY_CLOSE_LT_M_EMA9,True,12M Return,15
MAHASTEEL,Metals & Mining,2024-12-09,2026-08-24,211.52749999999997,211.0,1172.7607012939454,1175.699951171875,454.4246971641728,424,END_OF_BACKTEST,False,12M Return,15
CUPID,Miscellaneous,2025-06-23,2026-08-24,18.2455007648468,18.200000762939453,285.6939786529541,286.4100036621094,1465.8324884313088,293,END_OF_BACKTEST,False,12M Return,15
CCL,Agri,2025-10-03,2026-08-24,861.8272251361685,859.678030061016,1079.0955487060548,1081.800048828125,25.21019494778179,222,END_OF_BACKTEST,False,12M Return,15
TFCILTD,Finance,2025-11-04,2026-08-24,69.7599861769354,69.5860211241251,129.23609756469727,129.55999755859375,85.2582040898201,201,END_OF_BACKTEST,False,12M Return,15
RBLBANK,Banks,2025-12-08,2026-08-24,306.67279212856033,305.9080220733769,387.03000000000003,388.0,26.20291396367277,178,END_OF_BACKTEST,False,12M Return,15
TITAN,Diamond  &  Jewellery,2026-02-02,2026-08-24,3996.885032503398,3986.9177381580034,5066.302500000001,5079.0,26.756272917532144,140,END_OF_BACKTEST,False,12M Return,15
THANGAMAYL,Diamond  &  Jewellery,2026-02-05,2026-08-24,3281.9270141764687,3273.742657532637,5479.766250000001,5493.5,66.9679498151495,137,END_OF_BACKTEST,False,12M Return,15
LUPIN,Healthcare,2026-05-15,2026-08-24,2257.3027141097346,2251.6735302840248,2182.53,2188.0,-3.312480583235564,71,END_OF_BACKTEST,True,12M Return,15
ARIHANT,Real Estate,2026-07-03,2026-08-24,795.985,794.0,1004.6820121765137,1007.2000122070312,26.21871168131481,35,END_OF_BACKTEST,False,12M Return,15
BHEL,Capital Goods,2026-07-09,2026-08-24,379.72506980615975,378.77812449492245,410.3714939117432,411.3999938964844,8.070687595429945,32,END_OF_BACKTEST,False,12M Return,15
PRECWIRE,Electricals,2026-07-10,2026-08-24,395.62301359318667,394.6364225368446,427.9773628234864,429.04998779296875,8.178075622155086,31,END_OF_BACKTEST,False,12M Return,15
ASIANPAINT,Chemicals,2019-04-12,2019-07-01,1344.512536347503,1341.1596372543672,1284.2397691317053,1287.4584151696292,-4.482871344549491,51,MONTHLY_CLOSE_LT_M_EMA9,True,Relative Volume,2
CANTABIL,Retailing,2019-05-03,2019-11-01,51.560024114415064,51.43144550066341,40.56641687381459,40.66808709154345,-21.321959074737713,122,MONTHLY_CLOSE_LT_M_EMA9,True,Relative Volume,2
BAJFINANCE,Finance,2019-07-10,2020-04-01,349.94047214801776,349.06780264141423,211.70952223423575,212.2401225405872,-39.50127547845141,179,MONTHLY_CLOSE_LT_M_EMA9,True,Relative Volume,2
EQ30,Unclassified,2019-11-14,2020-04-01,348.4690061187744,347.6000061035156,254.3625,255.0,-27.00570336711625,96,MONTHLY_CLOSE_LT_M_EMA9,True,Relative Volume,2
GMMPFAUDLR,Capital Goods,2020-07-21,2020-11-02,1358.0362759682669,1354.6496518386703,1166.0602806550348,1168.9827374987817,-14.13629361088716,73,MONTHLY_CLOSE_LT_M_EMA9,True,Relative Volume,2
DRREDDY,Healthcare,2020-07-09,2021-03-01,749.1182193937851,747.2500941583892,853.9227571406125,856.0629144266791,13.99038696878033,163,MONTHLY_CLOSE_LT_M_EMA9,False,Relative Volume,2
HUHTAMAKI,Containers & Packaging,2020-11-02,2021-04-01,265.9204095157332,265.2572663498585,265.4869490107598,266.15232983534816,-0.16300384982211097,103,MONTHLY_CLOSE_LT_M_EMA9,True,Relative Volume,2
WIPRO,Software & IT Services,2021-03-02,2022-02-01,192.17020747638205,191.69098002631625,264.6276805587888,265.2909078283597,37.704841990823105,227,MONTHLY_CLOSE_LT_M_EMA9,False,Relative Volume,2
PGHH,FMCG,2021-04-01,2022-05-02,11629.175991759685,11600.175552877492,13134.278187387896,13167.196177832477,12.942466402561207,267,MONTHLY_CLOSE_LT_M_EMA9,False,Relative Volume,2
TVTODAY,Media & Entertainment,2022-02-01,2022-06-01,286.2749893158596,285.5610865993612,196.1444575688313,196.63604768805143,-31.483900134769847,81,MONTHLY_CLOSE_LT_M_EMA9,True,Relative Volume,2
GMDCLTD,Metals & Mining,2022-05-05,2022-10-03,171.5711176419185,171.14325949318555,124.48345114728194,124.79543974664855,-27.444984413350955,104,MONTHLY_CLOSE_LT_M_EMA9,True,Relative Volume,2
DANGEE,FMCG,2022-06-02,2022-11-01,22.055,22.0,21.496124238967898,21.549999237060547,-2.5340093449653223,103,MONTHLY_CLOSE_LT_M_EMA9,True,Relative Volume,2
SBIN,Banks,2022-10-03,2023-03-01,491.3778378442137,490.1524567024575,484.89598025854764,486.111258404559,-1.3191188300439878,103,MONTHLY_CLOSE_LT_M_EMA9,True,Relative Volume,2
AURIONPRO,Software & IT Services,2022-11-03,2023-04-03,195.87060556536548,195.38215018989075,154.25784650188902,154.644457646004,-21.245024971135624,103,MONTHLY_CLOSE_LT_M_EMA9,True,Relative Volume,2
KAMDHENU,Metals & Mining,2023-03-01,2023-10-03,32.70816192225225,32.626595433668086,28.764907652829432,28.83700015321246,-12.055872411283731,144,MONTHLY_CLOSE_LT_M_EMA9,True,Relative Volume,2
CIPLA,Healthcare,2023-10-03,2025-02-01,1153.716783164618,1150.839683954731,1446.5334665285216,1450.158863687741,25.38029156173965,329,MONTHLY_CLOSE_LT_M_EMA9,False,Relative Volume,2
SIYSIL,Textiles,2025-02-03,2025-03-03,764.5613638544243,762.6547270368322,578.6338522770727,580.0840624331556,-24.31819345932224,19,MONTHLY_CLOSE_LT_M_EMA9,True,Relative Volume,2
BLUESTARCO,Consumer Durables,2023-04-03,2025-05-02,674.8988521038522,673.2158125724211,1682.3706333338737,1686.58710108659,149.27744773745647,510,MONTHLY_CLOSE_LT_M_EMA9,False,Relative Volume,2
SRF,Diversified,2025-04-09,2025-09-01,2753.50591898726,2746.6393206855464,2831.2616911664536,2838.3575851292767,2.823882514397943,97,MONTHLY_CLOSE_LT_M_EMA9,False,Relative Volume,2
RALLIS,Fertilisers & Pesticides,2025-09-01,2025-10-01,344.3575500885084,343.4988030808064,299.20681942254464,299.956711200546,-13.111584355957609,22,MONTHLY_CLOSE_LT_M_EMA9,True,Relative Volume,2
HCG,Healthcare,2025-10-01,2026-02-02,641.9508505249023,640.3499755859375,589.6222256469727,591.0999755859375,-8.151500202101492,83,MONTHLY_CLOSE_LT_M_EMA9,True,Relative Volume,2
NORBTEAEXP,Agri,2025-05-02,2026-05-04,40.0498757648468,39.95000076293945,63.54075076103211,63.70000076293945,58.65405209771981,247,MONTHLY_CLOSE_LT_M_EMA9,False,Relative Volume,2
OIL,Oil & Gas,2026-05-11,2026-07-01,458.1425,457.0,418.00236282348635,419.04998779296875,-8.76149607960703,37,MONTHLY_CLOSE_LT_M_EMA9,True,Relative Volume,2
TITAN,Diamond  &  Jewellery,2026-02-02,2026-08-24,3996.885032503398,3986.9177381580034,5066.302500000001,5079.0,26.756272917532144,140,END_OF_BACKTEST,False,Relative Volume,2
ARIHANT,Real Estate,2026-07-03,2026-08-24,795.985,794.0,1004.6820121765137,1007.2000122070312,26.21871168131481,35,END_OF_BACKTEST,False,Relative Volume,2
ASIANPAINT,Chemicals,2019-04-12,2019-07-01,1344.512536347503,1341.1596372543672,1284.2397691317053,1287.4584151696292,-4.482871344549491,51,MONTHLY_CLOSE_LT_M_EMA9,True,Relative Volume,3
CANTABIL,Retailing,2019-05-03,2019-11-01,51.560024114415064,51.43144550066341,40.56641687381459,40.66808709154345,-21.321959074737713,122,MONTHLY_CLOSE_LT_M_EMA9,True,Relative Volume,3
BATAINDIA,Footwear,2019-05-10,2020-04-01,1216.081754671056,1213.0491318414524,1106.6706788283082,1109.4442895521886,-8.997016477098855,221,MONTHLY_CLOSE_LT_M_EMA9,True,Relative Volume,3
BAJFINANCE,Finance,2019-07-10,2020-04-01,349.94047214801776,349.06780264141423,211.70952223423575,212.2401225405872,-39.50127547845141,179,MONTHLY_CLOSE_LT_M_EMA9,True,Relative Volume,3
EQ30,Unclassified,2019-11-14,2020-04-01,348.4690061187744,347.6000061035156,254.3625,255.0,-27.00570336711625,96,MONTHLY_CLOSE_LT_M_EMA9,True,Relative Volume,3
GMMPFAUDLR,Capital Goods,2020-07-21,2020-11-02,1358.0362759682669,1354.6496518386703,1166.0602806550348,1168.9827374987817,-14.13629361088716,73,MONTHLY_CLOSE_LT_M_EMA9,True,Relative Volume,3
DRREDDY,Healthcare,2020-07-09,2021-03-01,749.1182193937851,747.2500941583892,853.9227571406125,856.0629144266791,13.99038696878033,163,MONTHLY_CLOSE_LT_M_EMA9,False,Relative Volume,3
HUHTAMAKI,Containers & Packaging,2020-11-02,2021-04-01,265.9204095157332,265.2572663498585,265.4869490107598,266.15232983534816,-0.16300384982211097,103,MONTHLY_CLOSE_LT_M_EMA9,True,Relative Volume,3
ADANIGREEN,Miscellaneous,2020-07-27,2021-08-02,346.8148872375488,345.95001220703125,880.1940243530274,882.4000244140625,153.79361058112357,254,MONTHLY_CLOSE_LT_M_EMA9,False,Relative Volume,3
LAURUSLABS,Healthcare,2021-08-02,2021-11-01,640.828937757476,639.2308606059611,510.89221128762017,512.1726428948573,-20.27635127161358,62,MONTHLY_CLOSE_LT_M_EMA9,True,Relative Volume,3
WIPRO,Software & IT Services,2021-03-02,2022-02-01,192.17020747638205,191.69098002631625,264.6276805587888,265.2909078283597,37.704841990823105,227,MONTHLY_CLOSE_LT_M_EMA9,False,Relative Volume,3
SAGCEM,Construction Materials,2021-11-01,2022-02-01,278.9257737573324,278.23019826167825,240.94151441776503,241.54537786242108,-13.618052870443584,63,MONTHLY_CLOSE_LT_M_EMA9,True,Relative Volume,3
PGHH,FMCG,2021-04-01,2022-05-02,11629.175991759685,11600.175552877492,13134.278187387896,13167.196177832477,12.942466402561207,267,MONTHLY_CLOSE_LT_M_EMA9,False,Relative Volume,3
TVTODAY,Media & Entertainment,2022-02-01,2022-06-01,286.2749893158596,285.5610865993612,196.1444575688313,196.63604768805143,-31.483900134769847,81,MONTHLY_CLOSE_LT_M_EMA9,True,Relative Volume,3
GMDCLTD,Metals & Mining,2022-05-05,2022-10-03,171.5711176419185,171.14325949318555,124.48345114728194,124.79543974664855,-27.444984413350955,104,MONTHLY_CLOSE_LT_M_EMA9,True,Relative Volume,3
DANGEE,FMCG,2022-06-02,2022-11-01,22.055,22.0,21.496124238967898,21.549999237060547,-2.5340093449653223,103,MONTHLY_CLOSE_LT_M_EMA9,True,Relative Volume,3
SBIN,Banks,2022-10-03,2023-03-01,491.3778378442137,490.1524567024575,484.89598025854764,486.111258404559,-1.3191188300439878,103,MONTHLY_CLOSE_LT_M_EMA9,True,Relative Volume,3
AURIONPRO,Software & IT Services,2022-11-03,2023-04-03,195.87060556536548,195.38215018989075,154.25784650188902,154.644457646004,-21.245024971135624,103,MONTHLY_CLOSE_LT_M_EMA9,True,Relative Volume,3
KAMDHENU,Metals & Mining,2023-03-01,2023-10-03,32.70816192225225,32.626595433668086,28.764907652829432,28.83700015321246,-12.055872411283731,144,MONTHLY_CLOSE_LT_M_EMA9,True,Relative Volume,3
KEI,Electricals,2022-02-02,2025-02-01,1104.9306244884451,1102.17518652214,4045.060472039067,4055.198468209591,266.0918054390815,741,MONTHLY_CLOSE_LT_M_EMA9,False,Relative Volume,3
CIPLA,Healthcare,2023-10-03,2025-02-01,1153.716783164618,1150.839683954731,1446.5334665285216,1450.158863687741,25.38029156173965,329,MONTHLY_CLOSE_LT_M_EMA9,False,Relative Volume,3
SIYSIL,Textiles,2025-02-03,2025-03-03,764.5613638544243,762.6547270368322,578.6338522770727,580.0840624331556,-24.31819345932224,19,MONTHLY_CLOSE_LT_M_EMA9,True,Relative Volume,3
REPL,Infrastructure,2025-02-10,2025-03-03,285.7125,285.0,212.4475457382202,212.97999572753906,-25.64289425971204,14,MONTHLY_CLOSE_LT_M_EMA9,True,Relative Volume,3
BLUESTARCO,Consumer Durables,2023-04-03,2025-05-02,674.8988521038522,673.2158125724211,1682.3706333338737,1686.58710108659,149.27744773745647,510,MONTHLY_CLOSE_LT_M_EMA9,False,Relative Volume,3
SRF,Diversified,2025-04-09,2025-09-01,2753.50591898726,2746.6393206855464,2831.2616911664536,2838.3575851292767,2.823882514397943,97,MONTHLY_CLOSE_LT_M_EMA9,False,Relative Volume,3
RALLIS,Fertilisers & Pesticides,2025-09-01,2025-10-01,344.3575500885084,343.4988030808064,299.20681942254464,299.956711200546,-13.111584355957609,22,MONTHLY_CLOSE_LT_M_EMA9,True,Relative Volume,3
AXISCADES,Aviation,2025-04-15,2026-02-02,810.7217622375488,808.7000122070312,1142.1375,1145.0,40.87909726855753,200,MONTHLY_CLOSE_LT_M_EMA9,False,Relative Volume,3
HCG,Healthcare,2025-10-01,2026-02-02,641.9508505249023,640.3499755859375,589.6222256469727,591.0999755859375,-8.151500202101492,83,MONTHLY_CLOSE_LT_M_EMA9,True,Relative Volume,3
BANKBARODA,Banks,2026-02-04,2026-04-01,277.7320340980547,277.03943550928153,244.46067038518046,245.07335376960447,-11.979663714675288,37,MONTHLY_CLOSE_LT_M_EMA9,True,Relative Volume,3
NORBTEAEXP,Agri,2025-05-02,2026-05-04,40.0498757648468,39.95000076293945,63.54075076103211,63.70000076293945,58.65405209771981,247,MONTHLY_CLOSE_LT_M_EMA9,False,Relative Volume,3
OIL,Oil & Gas,2026-05-11,2026-07-01,458.1425,457.0,418.00236282348635,419.04998779296875,-8.76149607960703,37,MONTHLY_CLOSE_LT_M_EMA9,True,Relative Volume,3
TITAN,Diamond  &  Jewellery,2026-02-02,2026-08-24,3996.885032503398,3986.9177381580034,5066.302500000001,5079.0,26.756272917532144,140,END_OF_BACKTEST,False,Relative Volume,3
LUPIN,Healthcare,2026-05-15,2026-08-24,2257.3027141097346,2251.6735302840248,2182.53,2188.0,-3.312480583235564,71,END_OF_BACKTEST,True,Relative Volume,3
ARIHANT,Real Estate,2026-07-03,2026-08-24,795.985,794.0,1004.6820121765137,1007.2000122070312,26.21871168131481,35,END_OF_BACKTEST,False,Relative Volume,3
ASIANPAINT,Chemicals,2019-04-12,2019-07-01,1344.512536347503,1341.1596372543672,1284.2397691317053,1287.4584151696292,-4.482871344549491,51,MONTHLY_CLOSE_LT_M_EMA9,True,Relative Volume,5
HAVELLS,Capital Goods,2019-05-10,2019-08-01,699.9479012919053,698.2023953036462,610.7729224614168,612.3036816655807,-12.74023090374252,58,MONTHLY_CLOSE_LT_M_EMA9,True,Relative Volume,5
CANTABIL,Retailing,2019-05-03,2019-11-01,51.560024114415064,51.43144550066341,40.56641687381459,40.66808709154345,-21.321959074737713,122,MONTHLY_CLOSE_LT_M_EMA9,True,Relative Volume,5
BATAINDIA,Footwear,2019-05-10,2020-04-01,1216.081754671056,1213.0491318414524,1106.6706788283082,1109.4442895521886,-8.997016477098855,221,MONTHLY_CLOSE_LT_M_EMA9,True,Relative Volume,5
BAJFINANCE,Finance,2019-07-10,2020-04-01,349.94047214801776,349.06780264141423,211.70952223423575,212.2401225405872,-39.50127547845141,179,MONTHLY_CLOSE_LT_M_EMA9,True,Relative Volume,5
EQ30,Unclassified,2019-11-14,2020-04-01,348.4690061187744,347.6000061035156,254.3625,255.0,-27.00570336711625,96,MONTHLY_CLOSE_LT_M_EMA9,True,Relative Volume,5
GMMPFAUDLR,Capital Goods,2020-07-21,2020-11-02,1358.0362759682669,1354.6496518386703,1166.0602806550348,1168.9827374987817,-14.13629361088716,73,MONTHLY_CLOSE_LT_M_EMA9,True,Relative Volume,5
ABBOTINDIA,Healthcare,2019-08-02,2021-02-01,7571.327752531716,7552.446635941862,13031.927420621041,13064.588892853173,72.12208804807582,370,MONTHLY_CLOSE_LT_M_EMA9,False,Relative Volume,5
DRREDDY,Healthcare,2020-07-09,2021-03-01,749.1182193937851,747.2500941583892,853.9227571406125,856.0629144266791,13.99038696878033,163,MONTHLY_CLOSE_LT_M_EMA9,False,Relative Volume,5
HUHTAMAKI,Containers & Packaging,2020-11-02,2021-04-01,265.9204095157332,265.2572663498585,265.4869490107598,266.15232983534816,-0.16300384982211097,103,MONTHLY_CLOSE_LT_M_EMA9,True,Relative Volume,5
ADANIGREEN,Miscellaneous,2020-07-27,2021-08-02,346.8148872375488,345.95001220703125,880.1940243530274,882.4000244140625,153.79361058112357,254,MONTHLY_CLOSE_LT_M_EMA9,False,Relative Volume,5
LAURUSLABS,Healthcare,2021-08-02,2021-11-01,640.828937757476,639.2308606059611,510.89221128762017,512.1726428948573,-20.27635127161358,62,MONTHLY_CLOSE_LT_M_EMA9,True,Relative Volume,5
DIVISLAB,Healthcare,2019-05-13,2022-02-01,1572.154170032027,1568.23358606686,3923.61986996216,3933.4535037214637,149.5696633799108,676,MONTHLY_CLOSE_LT_M_EMA9,False,Relative Volume,5
WIPRO,Software & IT Services,2021-03-02,2022-02-01,192.17020747638205,191.69098002631625,264.6276805587888,265.2909078283597,37.704841990823105,227,MONTHLY_CLOSE_LT_M_EMA9,False,Relative Volume,5
SAGCEM,Construction Materials,2021-11-01,2022-02-01,278.9257737573324,278.23019826167825,240.94151441776503,241.54537786242108,-13.618052870443584,63,MONTHLY_CLOSE_LT_M_EMA9,True,Relative Volume,5
PGHH,FMCG,2021-04-01,2022-05-02,11629.175991759685,11600.175552877492,13134.278187387896,13167.196177832477,12.942466402561207,267,MONTHLY_CLOSE_LT_M_EMA9,False,Relative Volume,5
TVTODAY,Media & Entertainment,2022-02-01,2022-06-01,286.2749893158596,285.5610865993612,196.1444575688313,196.63604768805143,-31.483900134769847,81,MONTHLY_CLOSE_LT_M_EMA9,True,Relative Volume,5
LPDC,Diversified / Other,2022-02-03,2022-07-01,10.0751251912117,10.050000190734863,6.3840000951290135,6.400000095367432,-36.63602214394686,101,MONTHLY_CLOSE_LT_M_EMA9,True,Relative Volume,5
GMDCLTD,Metals & Mining,2022-05-05,2022-10-03,171.5711176419185,171.14325949318555,124.48345114728194,124.79543974664855,-27.444984413350955,104,MONTHLY_CLOSE_LT_M_EMA9,True,Relative Volume,5
DANGEE,FMCG,2022-06-02,2022-11-01,22.055,22.0,21.496124238967898,21.549999237060547,-2.5340093449653223,103,MONTHLY_CLOSE_LT_M_EMA9,True,Relative Volume,5
GSS,Software & IT Services,2022-08-01,2023-03-01,225.5625,225.0,223.3901219558716,223.9499969482422,-0.9630936188987123,145,MONTHLY_CLOSE_LT_M_EMA9,True,Relative Volume,5
SBIN,Banks,2022-10-03,2023-03-01,491.3778378442137,490.1524567024575,484.89598025854764,486.111258404559,-1.3191188300439878,103,MONTHLY_CLOSE_LT_M_EMA9,True,Relative Volume,5
AURIONPRO,Software & IT Services,2022-11-03,2023-04-03,195.87060556536548,195.38215018989075,154.25784650188902,154.644457646004,-21.245024971135624,103,MONTHLY_CLOSE_LT_M_EMA9,True,Relative Volume,5
KAMDHENU,Metals & Mining,2023-03-01,2023-10-03,32.70816192225225,32.626595433668086,28.764907652829432,28.83700015321246,-12.055872411283731,144,MONTHLY_CLOSE_LT_M_EMA9,True,Relative Volume,5
AARON,Capital Goods,2021-02-01,2024-03-01,24.653981437852483,24.592500187384026,125.73757923990713,126.05271101745076,410.0092232845442,763,MONTHLY_CLOSE_LT_M_EMA9,False,Relative Volume,5
ELECON,Capital Goods,2024-03-01,2024-11-01,496.48423518743766,495.2461198877184,575.5296035327115,576.9720336167533,15.921022812624011,164,MONTHLY_CLOSE_LT_M_EMA9,False,Relative Volume,5
RECLTD,Finance,2024-03-01,2025-01-01,396.6447411862926,395.6556021808405,458.2321195172714,459.380570944633,15.527088080578636,204,MONTHLY_CLOSE_LT_M_EMA9,False,Relative Volume,5
KEI,Electricals,2022-02-02,2025-02-01,1104.9306244884451,1102.17518652214,4045.060472039067,4055.198468209591,266.0918054390815,741,MONTHLY_CLOSE_LT_M_EMA9,False,Relative Volume,5
CIPLA,Healthcare,2023-10-03,2025-02-01,1153.716783164618,1150.839683954731,1446.5334665285216,1450.158863687741,25.38029156173965,329,MONTHLY_CLOSE_LT_M_EMA9,False,Relative Volume,5
SYMPHONY,Consumer Durables,2024-11-01,2025-02-01,1528.7781078534026,1524.9656936193544,1227.0071648003766,1230.0823707271945,-19.739355338934732,63,MONTHLY_CLOSE_LT_M_EMA9,True,Relative Volume,5
KITEX,Textiles,2025-01-02,2025-03-03,234.95697539198358,234.3710477725522,156.1883531166635,156.57980262322155,-33.52470048778452,42,MONTHLY_CLOSE_LT_M_EMA9,True,Relative Volume,5
SIYSIL,Textiles,2025-02-03,2025-03-03,764.5613638544243,762.6547270368322,578.6338522770727,580.0840624331556,-24.31819345932224,19,MONTHLY_CLOSE_LT_M_EMA9,True,Relative Volume,5
REPL,Infrastructure,2025-02-10,2025-03-03,285.7125,285.0,212.4475457382202,212.97999572753906,-25.64289425971204,14,MONTHLY_CLOSE_LT_M_EMA9,True,Relative Volume,5
BLUESTARCO,Consumer Durables,2023-04-03,2025-05-02,674.8988521038522,673.2158125724211,1682.3706333338737,1686.58710108659,149.27744773745647,510,MONTHLY_CLOSE_LT_M_EMA9,False,Relative Volume,5
PGIL,Textiles,2025-02-13,2025-05-02,1367.4266103412679,1364.0165689189705,948.2239561179085,950.6004572610611,-30.65631830279646,49,MONTHLY_CLOSE_LT_M_EMA9,True,Relative Volume,5
SRF,Diversified,2025-04-09,2025-09-01,2753.50591898726,2746.6393206855464,2831.2616911664536,2838.3575851292767,2.823882514397943,97,MONTHLY_CLOSE_LT_M_EMA9,False,Relative Volume,5
RALLIS,Fertilisers & Pesticides,2025-09-01,2025-10-01,344.3575500885084,343.4988030808064,299.20681942254464,299.956711200546,-13.111584355957609,22,MONTHLY_CLOSE_LT_M_EMA9,True,Relative Volume,5
RAMANEWS,Paper,2025-05-09,2025-11-03,31.077499999999997,31.0,29.127000761032107,29.200000762939453,-6.276242422871499,122,MONTHLY_CLOSE_LT_M_EMA9,True,Relative Volume,5
AXISCADES,Aviation,2025-04-15,2026-02-02,810.7217622375488,808.7000122070312,1142.1375,1145.0,40.87909726855753,200,MONTHLY_CLOSE_LT_M_EMA9,False,Relative Volume,5
HCG,Healthcare,2025-05-29,2026-02-02,553.2797744750976,551.9000244140625,589.6222256469727,591.0999755859375,6.568548652687244,170,MONTHLY_CLOSE_LT_M_EMA9,False,Relative Volume,5
HDFCAMC,Finance,2025-10-03,2026-02-02,2739.0707974887796,2732.240196996289,2410.015481467556,2416.055620518853,-12.013392144624602,82,MONTHLY_CLOSE_LT_M_EMA9,True,Relative Volume,5
BANKBARODA,Banks,2026-02-04,2026-04-01,277.7320340980547,277.03943550928153,244.46067038518046,245.07335376960447,-11.979663714675288,37,MONTHLY_CLOSE_LT_M_EMA9,True,Relative Volume,5
MUTHOOTFIN,Finance,2026-02-05,2026-04-01,3609.059829432851,3600.0596802322707,3243.378093828956,3251.5068609814093,-10.132326780001328,36,MONTHLY_CLOSE_LT_M_EMA9,True,Relative Volume,5
NORBTEAEXP,Agri,2025-05-02,2026-05-04,40.0498757648468,39.95000076293945,63.54075076103211,63.70000076293945,58.65405209771981,247,MONTHLY_CLOSE_LT_M_EMA9,False,Relative Volume,5
OIL,Oil & Gas,2026-05-11,2026-07-01,458.1425,457.0,418.00236282348635,419.04998779296875,-8.76149607960703,37,MONTHLY_CLOSE_LT_M_EMA9,True,Relative Volume,5
POWERGRID,Power,2026-05-18,2026-07-01,297.04073776245116,296.29998779296875,287.08048782348635,287.79998779296875,-3.353159574674299,32,MONTHLY_CLOSE_LT_M_EMA9,True,Relative Volume,5
TFCILTD,Finance,2025-11-04,2026-08-24,69.7599861769354,69.5860211241251,129.23609756469727,129.55999755859375,85.2582040898201,201,END_OF_BACKTEST,False,Relative Volume,5
TITAN,Diamond  &  Jewellery,2026-02-02,2026-08-24,3996.885032503398,3986.9177381580034,5066.302500000001,5079.0,26.756272917532144,140,END_OF_BACKTEST,False,Relative Volume,5
LUPIN,Healthcare,2026-05-15,2026-08-24,2257.3027141097346,2251.6735302840248,2182.53,2188.0,-3.312480583235564,71,END_OF_BACKTEST,True,Relative Volume,5
ARIHANT,Real Estate,2026-07-03,2026-08-24,795.985,794.0,1004.6820121765137,1007.2000122070312,26.21871168131481,35,END_OF_BACKTEST,False,Relative Volume,5
BHEL,Capital Goods,2026-07-09,2026-08-24,379.72506980615975,378.77812449492245,410.3714939117432,411.3999938964844,8.070687595429945,32,END_OF_BACKTEST,False,Relative Volume,5
ASIANPAINT,Chemicals,2019-04-12,2019-07-01,1344.512536347503,1341.1596372543672,1284.2397691317053,1287.4584151696292,-4.482871344549491,51,MONTHLY_CLOSE_LT_M_EMA9,True,Relative Volume,7
HAVELLS,Capital Goods,2019-05-10,2019-08-01,699.9479012919053,698.2023953036462,610.7729224614168,612.3036816655807,-12.74023090374252,58,MONTHLY_CLOSE_LT_M_EMA9,True,Relative Volume,7
SEAMECLTD,Logistics,2019-05-13,2019-09-03,422.88563520968705,421.83105756577265,322.6497405532054,323.45838651950413,-23.702837436599115,77,MONTHLY_CLOSE_LT_M_EMA9,True,Relative Volume,7
CANTABIL,Retailing,2019-05-03,2019-11-01,51.560024114415064,51.43144550066341,40.56641687381459,40.66808709154345,-21.321959074737713,122,MONTHLY_CLOSE_LT_M_EMA9,True,Relative Volume,7
BATAINDIA,Footwear,2019-05-10,2020-04-01,1216.081754671056,1213.0491318414524,1106.6706788283082,1109.4442895521886,-8.997016477098855,221,MONTHLY_CLOSE_LT_M_EMA9,True,Relative Volume,7
MUTHOOTFIN,Finance,2019-05-13,2020-04-01,510.7882130162825,509.5144269489102,550.4542044433783,551.8337889156675,7.76564345384207,220,MONTHLY_CLOSE_LT_M_EMA9,False,Relative Volume,7
BAJFINANCE,Finance,2019-07-10,2020-04-01,349.94047214801776,349.06780264141423,211.70952223423575,212.2401225405872,-39.50127547845141,179,MONTHLY_CLOSE_LT_M_EMA9,True,Relative Volume,7
PIDILITIND,Chemicals,2019-09-23,2020-04-01,694.1067127919158,692.3757733585195,655.0218420659287,656.6635008179736,-5.630959909431715,130,MONTHLY_CLOSE_LT_M_EMA9,True,Relative Volume,7
EQ30,Unclassified,2019-11-14,2020-04-01,348.4690061187744,347.6000061035156,254.3625,255.0,-27.00570336711625,96,MONTHLY_CLOSE_LT_M_EMA9,True,Relative Volume,7
GMMPFAUDLR,Capital Goods,2020-07-21,2020-11-02,1358.0362759682669,1354.6496518386703,1166.0602806550348,1168.9827374987817,-14.13629361088716,73,MONTHLY_CLOSE_LT_M_EMA9,True,Relative Volume,7
ABBOTINDIA,Healthcare,2019-08-02,2021-02-01,7571.327752531716,7552.446635941862,13031.927420621041,13064.588892853173,72.12208804807582,370,MONTHLY_CLOSE_LT_M_EMA9,False,Relative Volume,7
DRREDDY,Healthcare,2020-07-09,2021-03-01,749.1182193937851,747.2500941583892,853.9227571406125,856.0629144266791,13.99038696878033,163,MONTHLY_CLOSE_LT_M_EMA9,False,Relative Volume,7
HUHTAMAKI,Containers & Packaging,2020-11-02,2021-04-01,265.9204095157332,265.2572663498585,265.4869490107598,266.15232983534816,-0.16300384982211097,103,MONTHLY_CLOSE_LT_M_EMA9,True,Relative Volume,7
COROMANDEL,Chemicals,2020-08-20,2021-05-03,729.2014541066272,727.3829966150896,698.9724864663181,700.7242972093413,-4.145489215643961,173,MONTHLY_CLOSE_LT_M_EMA9,True,Relative Volume,7
ADANIGREEN,Miscellaneous,2020-07-27,2021-08-02,346.8148872375488,345.95001220703125,880.1940243530274,882.4000244140625,153.79361058112357,254,MONTHLY_CLOSE_LT_M_EMA9,False,Relative Volume,7
LAURUSLABS,Healthcare,2021-08-02,2021-11-01,640.828937757476,639.2308606059611,510.89221128762017,512.1726428948573,-20.27635127161358,62,MONTHLY_CLOSE_LT_M_EMA9,True,Relative Volume,7
HDFCBANK,Banks,2021-02-01,2021-12-01,658.6531104437558,657.0105839837964,697.7597983227532,699.508569747121,5.937372382960423,205,MONTHLY_CLOSE_LT_M_EMA9,False,Relative Volume,7
DIVISLAB,Healthcare,2019-05-13,2022-02-01,1572.154170032027,1568.23358606686,3923.61986996216,3933.4535037214637,149.5696633799108,676,MONTHLY_CLOSE_LT_M_EMA9,False,Relative Volume,7
WIPRO,Software & IT Services,2021-03-02,2022-02-01,192.17020747638205,191.69098002631625,264.6276805587888,265.2909078283597,37.704841990823105,227,MONTHLY_CLOSE_LT_M_EMA9,False,Relative Volume,7
MAHLOG,Logistics,2021-05-06,2022-02-01,513.4075432329968,512.1272251700716,573.0312157494143,574.4673842099392,11.613322262653014,185,MONTHLY_CLOSE_LT_M_EMA9,False,Relative Volume,7
SAGCEM,Construction Materials,2021-11-01,2022-02-01,278.9257737573324,278.23019826167825,240.94151441776503,241.54537786242108,-13.618052870443584,63,MONTHLY_CLOSE_LT_M_EMA9,True,Relative Volume,7
PGHH,FMCG,2021-04-01,2022-05-02,11629.175991759685,11600.175552877492,13134.278187387896,13167.196177832477,12.942466402561207,267,MONTHLY_CLOSE_LT_M_EMA9,False,Relative Volume,7
ECLERX,Software & IT Services,2021-12-01,2022-06-01,716.880139649028,715.0924086274595,674.819396188358,676.5106728705343,-5.867193291372556,124,MONTHLY_CLOSE_LT_M_EMA9,True,Relative Volume,7
TVTODAY,Media & Entertainment,2022-02-01,2022-06-01,286.2749893158596,285.5610865993612,196.1444575688313,196.63604768805143,-31.483900134769847,81,MONTHLY_CLOSE_LT_M_EMA9,True,Relative Volume,7
LPDC,Diversified / Other,2022-02-03,2022-07-01,10.0751251912117,10.050000190734863,6.3840000951290135,6.400000095367432,-36.63602214394686,101,MONTHLY_CLOSE_LT_M_EMA9,True,Relative Volume,7
ACCURACY,Logistics,2022-02-03,2022-08-01,20.584073197348268,20.5327413439883,20.692471328879293,20.744332159277487,0.526611669574658,122,MONTHLY_CLOSE_LT_M_EMA9,False,Relative Volume,7
GMDCLTD,Metals & Mining,2022-05-05,2022-10-03,171.5711176419185,171.14325949318555,124.48345114728194,124.79543974664855,-27.444984413350955,104,MONTHLY_CLOSE_LT_M_EMA9,True,Relative Volume,7
DANGEE,FMCG,2022-06-02,2022-11-01,22.055,22.0,21.496124238967898,21.549999237060547,-2.5340093449653223,103,MONTHLY_CLOSE_LT_M_EMA9,True,Relative Volume,7
ASAHIINDIA,Construction Materials,2022-08-12,2023-01-02,558.7289809257816,557.3356418212285,517.1895897287404,518.4858042393388,-7.434622619398187,96,MONTHLY_CLOSE_LT_M_EMA9,True,Relative Volume,7
INSECTICID,Chemicals,2023-01-09,2023-02-01,720.5472257613482,718.7503498866316,603.7374147408594,605.2505410935934,-16.211263723493566,16,MONTHLY_CLOSE_LT_M_EMA9,True,Relative Volume,7
GSS,Software & IT Services,2022-08-01,2023-03-01,225.5625,225.0,223.3901219558716,223.9499969482422,-0.9630936188987123,145,MONTHLY_CLOSE_LT_M_EMA9,True,Relative Volume,7
SBIN,Banks,2022-10-03,2023-03-01,491.3778378442137,490.1524567024575,484.89598025854764,486.111258404559,-1.3191188300439878,103,MONTHLY_CLOSE_LT_M_EMA9,True,Relative Volume,7
AURIONPRO,Software & IT Services,2022-11-03,2023-04-03,195.87060556536548,195.38215018989075,154.25784650188902,154.644457646004,-21.245024971135624,103,MONTHLY_CLOSE_LT_M_EMA9,True,Relative Volume,7
BSHSL,Agri,2022-06-10,2023-07-03,40.089976682662964,39.9900016784668,278.70149391174317,279.3999938964844,595.1899626129455,262,MONTHLY_CLOSE_LT_M_EMA9,False,Relative Volume,7
AUTOAXLES,Automobile & Ancillaries,2023-03-02,2023-08-01,2135.1051959532965,2129.780744093064,2041.8420355665337,2046.9594341519135,-4.368082685739615,101,MONTHLY_CLOSE_LT_M_EMA9,True,Relative Volume,7
KAMDHENU,Metals & Mining,2023-03-01,2023-10-03,32.70816192225225,32.626595433668086,28.764907652829432,28.83700015321246,-12.055872411283731,144,MONTHLY_CLOSE_LT_M_EMA9,True,Relative Volume,7
HILTON,Automobile & Ancillaries,2023-08-01,2024-01-01,162.55536888122558,162.14999389648438,114.7125,115.0,-29.43173714316563,102,MONTHLY_CLOSE_LT_M_EMA9,True,Relative Volume,7
AARON,Capital Goods,2021-02-01,2024-03-01,24.653981437852483,24.592500187384026,125.73757923990713,126.05271101745076,410.0092232845442,763,MONTHLY_CLOSE_LT_M_EMA9,False,Relative Volume,7
KHADIM,Footwear,2024-01-01,2024-04-01,360.8498872375488,359.95001220703125,306.78111282348635,307.54998779296875,-14.983730444806476,60,MONTHLY_CLOSE_LT_M_EMA9,True,Relative Volume,7
UNIONBANK,Banks,2023-02-01,2024-09-02,70.30603852475667,70.1307117453932,114.79120501741329,115.07890227309602,63.27360697046268,387,MONTHLY_CLOSE_LT_M_EMA9,False,Relative Volume,7
ELECON,Capital Goods,2024-03-01,2024-11-01,496.48423518743766,495.2461198877184,575.5296035327115,576.9720336167533,15.921022812624011,164,MONTHLY_CLOSE_LT_M_EMA9,False,Relative Volume,7
ADANIPOWER,Power,2024-04-01,2024-11-01,109.81385091781615,109.54000091552734,118.84214939117432,119.13999938964844,8.22145694545843,146,MONTHLY_CLOSE_LT_M_EMA9,False,Relative Volume,7
TTKHLTCARE,Healthcare,2023-07-03,2024-12-02,1239.477372247262,1236.386406231683,1473.4517447222886,1477.1446062378832,18.876857110413724,348,MONTHLY_CLOSE_LT_M_EMA9,False,Relative Volume,7
KEI,Electricals,2022-02-02,2025-02-01,1104.9306244884451,1102.17518652214,4045.060472039067,4055.198468209591,266.0918054390815,741,MONTHLY_CLOSE_LT_M_EMA9,False,Relative Volume,7
CIPLA,Healthcare,2023-10-03,2025-02-01,1153.716783164618,1150.839683954731,1446.5334665285216,1450.158863687741,25.38029156173965,329,MONTHLY_CLOSE_LT_M_EMA9,False,Relative Volume,7
SYMPHONY,Consumer Durables,2024-11-01,2025-02-01,1528.7781078534026,1524.9656936193544,1227.0071648003766,1230.0823707271945,-19.739355338934732,63,MONTHLY_CLOSE_LT_M_EMA9,True,Relative Volume,7
MAHSCOOTER,Automobile & Ancillaries,2024-11-01,2025-03-03,10533.011695867026,10506.74483378257,9012.143347175248,9034.730172606764,-14.4390644632868,83,MONTHLY_CLOSE_LT_M_EMA9,True,Relative Volume,7
IPCALAB,Healthcare,2024-12-06,2025-03-03,1496.969542330751,1493.236451202744,1340.1062114994543,1343.4648736836634,-10.478725611682368,60,MONTHLY_CLOSE_LT_M_EMA9,True,Relative Volume,7
SIYSIL,Textiles,2025-02-03,2025-03-03,764.5613638544243,762.6547270368322,578.6338522770727,580.0840624331556,-24.31819345932224,19,MONTHLY_CLOSE_LT_M_EMA9,True,Relative Volume,7
REPL,Infrastructure,2025-02-10,2025-03-03,285.7125,285.0,212.4475457382202,212.97999572753906,-25.64289425971204,14,MONTHLY_CLOSE_LT_M_EMA9,True,Relative Volume,7
BLUESTARCO,Consumer Durables,2023-04-03,2025-05-02,674.8988521038522,673.2158125724211,1682.3706333338737,1686.58710108659,149.27744773745647,510,MONTHLY_CLOSE_LT_M_EMA9,False,Relative Volume,7
PGIL,Textiles,2025-02-13,2025-05-02,1367.4266103412679,1364.0165689189705,948.2239561179085,950.6004572610611,-30.65631830279646,49,MONTHLY_CLOSE_LT_M_EMA9,True,Relative Volume,7
ORIENTCEM,Construction Materials,2024-09-02,2025-07-01,304.29157977919823,303.5327479094247,240.04728447651254,240.64890674337096,-21.112741716120766,206,MONTHLY_CLOSE_LT_M_EMA9,True,Relative Volume,7
PANACEABIO,Healthcare,2025-06-06,2025-08-01,472.47823776245116,471.29998779296875,399.09975608825687,400.1000061035156,-15.530552692055826,40,MONTHLY_CLOSE_LT_M_EMA9,True,Relative Volume,7
AXISBANK,Banks,2025-07-07,2025-08-01,1179.6342628674286,1176.6925315385822,1061.5188225977377,1064.1792707746743,-10.01288653506711,19,MONTHLY_CLOSE_LT_M_EMA9,True,Relative Volume,7
SRF,Diversified,2025-04-09,2025-09-01,2753.50591898726,2746.6393206855464,2831.2616911664536,2838.3575851292767,2.823882514397943,97,MONTHLY_CLOSE_LT_M_EMA9,False,Relative Volume,7
CAMLINFINE,Chemicals,2025-08-01,2025-09-01,281.50198776245117,280.79998779296875,199.5,200.0,-29.130162957019518,19,MONTHLY_CLOSE_LT_M_EMA9,True,Relative Volume,7
RALLIS,Fertilisers & Pesticides,2025-09-01,2025-10-01,344.3575500885084,343.4988030808064,299.20681942254464,299.956711200546,-13.111584355957609,22,MONTHLY_CLOSE_LT_M_EMA9,True,Relative Volume,7
RAMANEWS,Paper,2025-05-09,2025-11-03,31.077499999999997,31.0,29.127000761032107,29.200000762939453,-6.276242422871499,122,MONTHLY_CLOSE_LT_M_EMA9,True,Relative Volume,7
GINNIFILA,Textiles,2025-09-08,2025-12-01,47.969623470306395,47.849998474121094,40.38877667427063,40.4900016784668,-15.80343193798128,57,MONTHLY_CLOSE_LT_M_EMA9,True,Relative Volume,7
AXISCADES,Aviation,2025-04-15,2026-02-02,810.7217622375488,808.7000122070312,1142.1375,1145.0,40.87909726855753,200,MONTHLY_CLOSE_LT_M_EMA9,False,Relative Volume,7
HCG,Healthcare,2025-05-29,2026-02-02,553.2797744750976,551.9000244140625,589.6222256469727,591.0999755859375,6.568548652687244,170,MONTHLY_CLOSE_LT_M_EMA9,False,Relative Volume,7
HDFCAMC,Finance,2025-10-03,2026-02-02,2739.0707974887796,2732.240196996289,2410.015481467556,2416.055620518853,-12.013392144624602,82,MONTHLY_CLOSE_LT_M_EMA9,True,Relative Volume,7
ABCAPITAL,Finance,2025-08-01,2026-04-01,257.14125,256.5,302.2425,303.0,17.539484621778882,163,MONTHLY_CLOSE_LT_M_EMA9,False,Relative Volume,7
NAM-INDIA,Finance,2025-12-05,2026-04-01,827.0056490719096,824.9432908447976,818.9833442548505,821.0359340900757,-0.9700423239021341,78,MONTHLY_CLOSE_LT_M_EMA9,True,Relative Volume,7
BANKBARODA,Banks,2026-02-04,2026-04-01,277.7320340980547,277.03943550928153,244.46067038518046,245.07335376960447,-11.979663714675288,37,MONTHLY_CLOSE_LT_M_EMA9,True,Relative Volume,7
MUTHOOTFIN,Finance,2026-02-05,2026-04-01,3609.059829432851,3600.0596802322707,3243.378093828956,3251.5068609814093,-10.132326780001328,36,MONTHLY_CLOSE_LT_M_EMA9,True,Relative Volume,7
NORBTEAEXP,Agri,2025-05-02,2026-05-04,40.0498757648468,39.95000076293945,63.54075076103211,63.70000076293945,58.65405209771981,247,MONTHLY_CLOSE_LT_M_EMA9,False,Relative Volume,7
OIL,Oil & Gas,2026-05-11,2026-07-01,458.1425,457.0,418.00236282348635,419.04998779296875,-8.76149607960703,37,MONTHLY_CLOSE_LT_M_EMA9,True,Relative Volume,7
POWERGRID,Power,2026-05-18,2026-07-01,297.04073776245116,296.29998779296875,287.08048782348635,287.79998779296875,-3.353159574674299,32,MONTHLY_CLOSE_LT_M_EMA9,True,Relative Volume,7
AVANTIFEED,Consumer Goods,2026-05-20,2026-07-01,1244.1303922984555,1241.0278227416015,919.5917514649367,921.8964926966784,-26.085580968241867,30,MONTHLY_CLOSE_LT_M_EMA9,True,Relative Volume,7
TFCILTD,Finance,2025-11-04,2026-08-24,69.7599861769354,69.5860211241251,129.23609756469727,129.55999755859375,85.2582040898201,201,END_OF_BACKTEST,False,Relative Volume,7
TITAN,Diamond  &  Jewellery,2026-02-02,2026-08-24,3996.885032503398,3986.9177381580034,5066.302500000001,5079.0,26.756272917532144,140,END_OF_BACKTEST,False,Relative Volume,7
LUPIN,Healthcare,2026-05-15,2026-08-24,2257.3027141097346,2251.6735302840248,2182.53,2188.0,-3.312480583235564,71,END_OF_BACKTEST,True,Relative Volume,7
UNIVPHOTO,FMCG,2026-05-25,2026-08-24,432.5286372375488,431.45001220703125,447.97725608825687,449.1000061035156,3.571698500560442,65,END_OF_BACKTEST,False,Relative Volume,7
ARIHANT,Real Estate,2026-07-03,2026-08-24,795.985,794.0,1004.6820121765137,1007.2000122070312,26.21871168131481,35,END_OF_BACKTEST,False,Relative Volume,7
BHEL,Capital Goods,2026-07-09,2026-08-24,379.72506980615975,378.77812449492245,410.3714939117432,411.3999938964844,8.070687595429945,32,END_OF_BACKTEST,False,Relative Volume,7
SUNFLAG,Metals & Mining,2026-07-10,2026-08-24,335.4866188812256,334.6499938964844,353.1648628234864,354.04998779296875,5.269433398331613,31,END_OF_BACKTEST,False,Relative Volume,7
ASIANPAINT,Chemicals,2019-04-12,2019-07-01,1344.512536347503,1341.1596372543672,1284.2397691317053,1287.4584151696292,-4.482871344549491,51,MONTHLY_CLOSE_LT_M_EMA9,True,Relative Volume,10
HAVELLS,Capital Goods,2019-05-10,2019-08-01,699.9479012919053,698.2023953036462,610.7729224614168,612.3036816655807,-12.74023090374252,58,MONTHLY_CLOSE_LT_M_EMA9,True,Relative Volume,10
SUVEN,Healthcare,2019-05-17,2019-08-01,11.868521718978881,11.838924407958984,10.48636696100235,10.512648582458496,-11.645551069484382,53,MONTHLY_CLOSE_LT_M_EMA9,True,Relative Volume,10
SEAMECLTD,Logistics,2019-05-13,2019-09-03,422.88563520968705,421.83105756577265,322.6497405532054,323.45838651950413,-23.702837436599115,77,MONTHLY_CLOSE_LT_M_EMA9,True,Relative Volume,10
CANTABIL,Retailing,2019-05-03,2019-11-01,51.560024114415064,51.43144550066341,40.56641687381459,40.66808709154345,-21.321959074737713,122,MONTHLY_CLOSE_LT_M_EMA9,True,Relative Volume,10
POWERGRID,Power,2019-08-08,2019-12-02,76.95655591850222,76.7646443077329,76.2968800842247,76.48810033506234,-0.8572055056311579,74,MONTHLY_CLOSE_LT_M_EMA9,True,Relative Volume,10
PRESTIGE,Real Estate,2019-05-15,2020-03-02,240.9058474878859,240.30508477594603,289.52850347894287,290.2541388260079,20.18326101175356,197,MONTHLY_CLOSE_LT_M_EMA9,False,Relative Volume,10
BATAINDIA,Footwear,2019-05-10,2020-04-01,1216.081754671056,1213.0491318414524,1106.6706788283082,1109.4442895521886,-8.997016477098855,221,MONTHLY_CLOSE_LT_M_EMA9,True,Relative Volume,10
MUTHOOTFIN,Finance,2019-05-13,2020-04-01,510.7882130162825,509.5144269489102,550.4542044433783,551.8337889156675,7.76564345384207,220,MONTHLY_CLOSE_LT_M_EMA9,False,Relative Volume,10
BAJFINANCE,Finance,2019-07-10,2020-04-01,349.94047214801776,349.06780264141423,211.70952223423575,212.2401225405872,-39.50127547845141,179,MONTHLY_CLOSE_LT_M_EMA9,True,Relative Volume,10
PIDILITIND,Chemicals,2019-09-23,2020-04-01,694.1067127919158,692.3757733585195,655.0218420659287,656.6635008179736,-5.630959909431715,130,MONTHLY_CLOSE_LT_M_EMA9,True,Relative Volume,10
EQ30,Unclassified,2019-11-14,2020-04-01,348.4690061187744,347.6000061035156,254.3625,255.0,-27.00570336711625,96,MONTHLY_CLOSE_LT_M_EMA9,True,Relative Volume,10
DYNPRO,Chemicals,2019-12-02,2020-04-01,138.10432842560678,137.75992860409656,115.95974029541016,116.2503662109375,-16.03468072481547,84,MONTHLY_CLOSE_LT_M_EMA9,True,Relative Volume,10
ESABINDIA,Capital Goods,2020-03-04,2020-04-01,1269.041654589312,1265.8769621838524,937.9170782542591,940.2677476233173,-26.092490749817948,19,MONTHLY_CLOSE_LT_M_EMA9,True,Relative Volume,10
GMMPFAUDLR,Capital Goods,2020-07-21,2020-11-02,1358.0362759682669,1354.6496518386703,1166.0602806550348,1168.9827374987817,-14.13629361088716,73,MONTHLY_CLOSE_LT_M_EMA9,True,Relative Volume,10
IPCALAB,Healthcare,2019-05-20,2021-02-01,452.97806425965035,451.84844315177094,913.5505323753033,915.8401327070709,101.67655002641571,423,MONTHLY_CLOSE_LT_M_EMA9,False,Relative Volume,10
ABBOTINDIA,Healthcare,2019-08-02,2021-02-01,7571.327752531716,7552.446635941862,13031.927420621041,13064.588892853173,72.12208804807582,370,MONTHLY_CLOSE_LT_M_EMA9,False,Relative Volume,10
DRREDDY,Healthcare,2020-07-09,2021-03-01,749.1182193937851,747.2500941583892,853.9227571406125,856.0629144266791,13.99038696878033,163,MONTHLY_CLOSE_LT_M_EMA9,False,Relative Volume,10
HUHTAMAKI,Containers & Packaging,2020-11-02,2021-04-01,265.9204095157332,265.2572663498585,265.4869490107598,266.15232983534816,-0.16300384982211097,103,MONTHLY_CLOSE_LT_M_EMA9,True,Relative Volume,10
COROMANDEL,Chemicals,2020-08-20,2021-05-03,729.2014541066272,727.3829966150896,698.9724864663181,700.7242972093413,-4.145489215643961,173,MONTHLY_CLOSE_LT_M_EMA9,True,Relative Volume,10
ADANIGREEN,Miscellaneous,2020-07-27,2021-08-02,346.8148872375488,345.95001220703125,880.1940243530274,882.4000244140625,153.79361058112357,254,MONTHLY_CLOSE_LT_M_EMA9,False,Relative Volume,10
LAURUSLABS,Healthcare,2021-08-02,2021-11-01,640.828937757476,639.2308606059611,510.89221128762017,512.1726428948573,-20.27635127161358,62,MONTHLY_CLOSE_LT_M_EMA9,True,Relative Volume,10
HDFCBANK,Banks,2021-02-01,2021-12-01,658.6531104437558,657.0105839837964,697.7597983227532,699.508569747121,5.937372382960423,205,MONTHLY_CLOSE_LT_M_EMA9,False,Relative Volume,10
DIVISLAB,Healthcare,2019-05-13,2022-02-01,1572.154170032027,1568.23358606686,3923.61986996216,3933.4535037214637,149.5696633799108,676,MONTHLY_CLOSE_LT_M_EMA9,False,Relative Volume,10
LALPATHLAB,Healthcare,2020-09-02,2022-02-01,866.4846568804802,864.3238472623244,1441.4488281930123,1445.0614818977567,66.35595526671175,352,MONTHLY_CLOSE_LT_M_EMA9,False,Relative Volume,10
WIPRO,Software & IT Services,2021-03-02,2022-02-01,192.17020747638205,191.69098002631625,264.6276805587888,265.2909078283597,37.704841990823105,227,MONTHLY_CLOSE_LT_M_EMA9,False,Relative Volume,10
MAHLOG,Logistics,2021-05-06,2022-02-01,513.4075432329968,512.1272251700716,573.0312157494143,574.4673842099392,11.613322262653014,185,MONTHLY_CLOSE_LT_M_EMA9,False,Relative Volume,10
SAGCEM,Construction Materials,2021-11-01,2022-02-01,278.9257737573324,278.23019826167825,240.94151441776503,241.54537786242108,-13.618052870443584,63,MONTHLY_CLOSE_LT_M_EMA9,True,Relative Volume,10
PGHH,FMCG,2021-04-01,2022-05-02,11629.175991759685,11600.175552877492,13134.278187387896,13167.196177832477,12.942466402561207,267,MONTHLY_CLOSE_LT_M_EMA9,False,Relative Volume,10
ECLERX,Software & IT Services,2021-12-01,2022-06-01,716.880139649028,715.0924086274595,674.819396188358,676.5106728705343,-5.867193291372556,124,MONTHLY_CLOSE_LT_M_EMA9,True,Relative Volume,10
TVTODAY,Media & Entertainment,2022-02-01,2022-06-01,286.2749893158596,285.5610865993612,196.1444575688313,196.63604768805143,-31.483900134769847,81,MONTHLY_CLOSE_LT_M_EMA9,True,Relative Volume,10
MINDTECK,Software & IT Services,2022-02-03,2022-06-01,144.30474124493696,143.94487904731866,97.66262041242231,97.90738888463389,-32.32196006182931,79,MONTHLY_CLOSE_LT_M_EMA9,True,Relative Volume,10
BRIGADE,Real Estate,2021-02-01,2022-07-01,179.88206530710076,179.43348160309304,323.8121585246641,324.6237178192121,80.01358721996047,351,MONTHLY_CLOSE_LT_M_EMA9,False,Relative Volume,10
LPDC,Diversified / Other,2022-02-03,2022-07-01,10.0751251912117,10.050000190734863,6.3840000951290135,6.400000095367432,-36.63602214394686,101,MONTHLY_CLOSE_LT_M_EMA9,True,Relative Volume,10
JPPOWER,Power,2021-08-02,2022-08-01,4.962374808788299,4.949999809265137,6.483750000000001,6.5,30.658208011965694,249,MONTHLY_CLOSE_LT_M_EMA9,False,Relative Volume,10
ACCURACY,Logistics,2022-02-03,2022-08-01,20.584073197348268,20.5327413439883,20.692471328879293,20.744332159277487,0.526611669574658,122,MONTHLY_CLOSE_LT_M_EMA9,False,Relative Volume,10
GMDCLTD,Metals & Mining,2022-05-05,2022-10-03,171.5711176419185,171.14325949318555,124.48345114728194,124.79543974664855,-27.444984413350955,104,MONTHLY_CLOSE_LT_M_EMA9,True,Relative Volume,10
DANGEE,FMCG,2022-06-02,2022-11-01,22.055,22.0,21.496124238967898,21.549999237060547,-2.5340093449653223,103,MONTHLY_CLOSE_LT_M_EMA9,True,Relative Volume,10
ASAHIINDIA,Construction Materials,2022-08-12,2023-01-02,558.7289809257816,557.3356418212285,517.1895897287404,518.4858042393388,-7.434622619398187,96,MONTHLY_CLOSE_LT_M_EMA9,True,Relative Volume,10
INSECTICID,Chemicals,2023-01-09,2023-02-01,720.5472257613482,718.7503498866316,603.7374147408594,605.2505410935934,-16.211263723493566,16,MONTHLY_CLOSE_LT_M_EMA9,True,Relative Volume,10
GSS,Software & IT Services,2022-08-01,2023-03-01,225.5625,225.0,223.3901219558716,223.9499969482422,-0.9630936188987123,145,MONTHLY_CLOSE_LT_M_EMA9,True,Relative Volume,10
TNPL,Paper,2022-09-26,2023-03-01,231.00626114090656,230.43018567671479,198.54477537607696,199.04238132940046,-14.052210361964656,108,MONTHLY_CLOSE_LT_M_EMA9,True,Relative Volume,10
SBIN,Banks,2022-10-03,2023-03-01,491.3778378442137,490.1524567024575,484.89598025854764,486.111258404559,-1.3191188300439878,103,MONTHLY_CLOSE_LT_M_EMA9,True,Relative Volume,10
GOKULAGRO,Agri,2022-06-16,2023-04-03,51.10867712020874,50.981224060058594,51.121875,51.25,0.025823168461633312,198,MONTHLY_CLOSE_LT_M_EMA9,False,Relative Volume,10
AURIONPRO,Software & IT Services,2022-11-03,2023-04-03,195.87060556536548,195.38215018989075,154.25784650188902,154.644457646004,-21.245024971135624,103,MONTHLY_CLOSE_LT_M_EMA9,True,Relative Volume,10
BSHSL,Agri,2022-06-10,2023-07-03,40.089976682662964,39.9900016784668,278.70149391174317,279.3999938964844,595.1899626129455,262,MONTHLY_CLOSE_LT_M_EMA9,False,Relative Volume,10
AUTOAXLES,Automobile & Ancillaries,2023-03-02,2023-08-01,2135.1051959532965,2129.780744093064,2041.8420355665337,2046.9594341519135,-4.368082685739615,101,MONTHLY_CLOSE_LT_M_EMA9,True,Relative Volume,10
KAMDHENU,Metals & Mining,2023-03-01,2023-10-03,32.70816192225225,32.626595433668086,28.764907652829432,28.83700015321246,-12.055872411283731,144,MONTHLY_CLOSE_LT_M_EMA9,True,Relative Volume,10
HILTON,Automobile & Ancillaries,2023-08-01,2024-01-01,162.55536888122558,162.14999389648438,114.7125,115.0,-29.43173714316563,102,MONTHLY_CLOSE_LT_M_EMA9,True,Relative Volume,10
AARON,Capital Goods,2021-02-01,2024-03-01,24.653981437852483,24.592500187384026,125.73757923990713,126.05271101745076,410.0092232845442,763,MONTHLY_CLOSE_LT_M_EMA9,False,Relative Volume,10
ARROWGREEN,Plastic Products,2023-07-05,2024-04-01,322.8880906128568,322.0828834043459,379.958182506919,380.91045865355284,17.674882893865952,181,MONTHLY_CLOSE_LT_M_EMA9,False,Relative Volume,10
SURYAROSNI,Diversified,2023-07-07,2024-04-01,186.77813375665207,186.31235287446592,244.7662237331575,245.3796729154461,31.046508930245796,179,MONTHLY_CLOSE_LT_M_EMA9,False,Relative Volume,10
KHADIM,Footwear,2024-01-01,2024-04-01,360.8498872375488,359.95001220703125,306.78111282348635,307.54998779296875,-14.983730444806476,60,MONTHLY_CLOSE_LT_M_EMA9,True,Relative Volume,10
DRREDDY,Healthcare,2024-04-01,2024-06-03,1223.2076620085124,1220.1572688364215,1162.8413687405307,1165.7557581358703,-4.935081355594194,41,MONTHLY_CLOSE_LT_M_EMA9,True,Relative Volume,10
UNIONBANK,Banks,2023-02-01,2024-09-02,70.30603852475667,70.1307117453932,114.79120501741329,115.07890227309602,63.27360697046268,387,MONTHLY_CLOSE_LT_M_EMA9,False,Relative Volume,10
JBMA,Automobile & Ancillaries,2024-04-01,2024-10-01,912.3460262047093,910.0708490820044,899.2411062495794,901.4948433579743,-1.4363979870275136,124,MONTHLY_CLOSE_LT_M_EMA9,True,Relative Volume,10
ELECON,Capital Goods,2024-03-01,2024-11-01,496.48423518743766,495.2461198877184,575.5296035327115,576.9720336167533,15.921022812624011,164,MONTHLY_CLOSE_LT_M_EMA9,False,Relative Volume,10
ADANIPOWER,Power,2024-04-01,2024-11-01,109.81385091781615,109.54000091552734,118.84214939117432,119.13999938964844,8.22145694545843,146,MONTHLY_CLOSE_LT_M_EMA9,False,Relative Volume,10
TTKHLTCARE,Healthcare,2023-07-03,2024-12-02,1239.477372247262,1236.386406231683,1473.4517447222886,1477.1446062378832,18.876857110413724,348,MONTHLY_CLOSE_LT_M_EMA9,False,Relative Volume,10
KEI,Electricals,2022-02-02,2025-02-01,1104.9306244884451,1102.17518652214,4045.060472039067,4055.198468209591,266.0918054390815,741,MONTHLY_CLOSE_LT_M_EMA9,False,Relative Volume,10
CIPLA,Healthcare,2023-10-03,2025-02-01,1153.716783164618,1150.839683954731,1446.5334665285216,1450.158863687741,25.38029156173965,329,MONTHLY_CLOSE_LT_M_EMA9,False,Relative Volume,10
SHILPAMED,Healthcare,2024-06-03,2025-02-01,249.32040236888795,248.69865572956405,353.53452502958453,354.42057647076143,41.799275819595415,168,MONTHLY_CLOSE_LT_M_EMA9,False,Relative Volume,10
ERIS,Healthcare,2024-10-01,2025-02-01,1321.3982625764925,1318.103005063833,1211.5629100279784,1214.5994085493517,-8.312055166044683,85,MONTHLY_CLOSE_LT_M_EMA9,True,Relative Volume,10
SYMPHONY,Consumer Durables,2024-11-01,2025-02-01,1528.7781078534026,1524.9656936193544,1227.0071648003766,1230.0823707271945,-19.739355338934732,63,MONTHLY_CLOSE_LT_M_EMA9,True,Relative Volume,10
MAHSCOOTER,Automobile & Ancillaries,2024-11-01,2025-03-03,10533.011695867026,10506.74483378257,9012.143347175248,9034.730172606764,-14.4390644632868,83,MONTHLY_CLOSE_LT_M_EMA9,True,Relative Volume,10
IPCALAB,Healthcare,2024-12-06,2025-03-03,1496.969542330751,1493.236451202744,1340.1062114994543,1343.4648736836634,-10.478725611682368,60,MONTHLY_CLOSE_LT_M_EMA9,True,Relative Volume,10
SIYSIL,Textiles,2025-02-03,2025-03-03,764.5613638544243,762.6547270368322,578.6338522770727,580.0840624331556,-24.31819345932224,19,MONTHLY_CLOSE_LT_M_EMA9,True,Relative Volume,10
REPL,Infrastructure,2025-02-10,2025-03-03,285.7125,285.0,212.4475457382202,212.97999572753906,-25.64289425971204,14,MONTHLY_CLOSE_LT_M_EMA9,True,Relative Volume,10
BLUESTARCO,Consumer Durables,2023-04-03,2025-05-02,674.8988521038522,673.2158125724211,1682.3706333338737,1686.58710108659,149.27744773745647,510,MONTHLY_CLOSE_LT_M_EMA9,False,Relative Volume,10
PGIL,Textiles,2025-02-13,2025-05-02,1367.4266103412679,1364.0165689189705,948.2239561179085,950.6004572610611,-30.65631830279646,49,MONTHLY_CLOSE_LT_M_EMA9,True,Relative Volume,10
ORIENTCEM,Construction Materials,2024-09-02,2025-07-01,304.29157977919823,303.5327479094247,240.04728447651254,240.64890674337096,-21.112741716120766,206,MONTHLY_CLOSE_LT_M_EMA9,True,Relative Volume,10
GOLDIAM,Diamond  &  Jewellery,2025-02-13,2025-07-01,315.7346543835986,314.94728616817815,255.6576005077779,256.29834637371215,-19.02770349777022,91,MONTHLY_CLOSE_LT_M_EMA9,True,Relative Volume,10
PANACEABIO,Healthcare,2025-06-06,2025-08-01,472.47823776245116,471.29998779296875,399.09975608825687,400.1000061035156,-15.530552692055826,40,MONTHLY_CLOSE_LT_M_EMA9,True,Relative Volume,10
AXISBANK,Banks,2025-07-07,2025-08-01,1179.6342628674286,1176.6925315385822,1061.5188225977377,1064.1792707746743,-10.01288653506711,19,MONTHLY_CLOSE_LT_M_EMA9,True,Relative Volume,10
TCPLPACK,Containers & Packaging,2022-09-23,2025-09-01,1129.231815379933,1126.415775940083,3344.928560269042,3353.311839868714,196.21274522305518,724,MONTHLY_CLOSE_LT_M_EMA9,False,Relative Volume,10
SRF,Diversified,2025-04-09,2025-09-01,2753.50591898726,2746.6393206855464,2831.2616911664536,2838.3575851292767,2.823882514397943,97,MONTHLY_CLOSE_LT_M_EMA9,False,Relative Volume,10
CAMLINFINE,Chemicals,2025-08-01,2025-09-01,281.50198776245117,280.79998779296875,199.5,200.0,-29.130162957019518,19,MONTHLY_CLOSE_LT_M_EMA9,True,Relative Volume,10
BSE,Unclassified,2025-07-10,2025-10-01,2534.2600135868765,2527.940163178929,2037.5122190476616,2042.618765962568,-19.60129552121768,57,MONTHLY_CLOSE_LT_M_EMA9,True,Relative Volume,10
RALLIS,Fertilisers & Pesticides,2025-09-01,2025-10-01,344.3575500885084,343.4988030808064,299.20681942254464,299.956711200546,-13.111584355957609,22,MONTHLY_CLOSE_LT_M_EMA9,True,Relative Volume,10
RAMANEWS,Paper,2025-05-09,2025-11-03,31.077499999999997,31.0,29.127000761032107,29.200000762939453,-6.276242422871499,122,MONTHLY_CLOSE_LT_M_EMA9,True,Relative Volume,10
GINNIFILA,Textiles,2025-09-08,2025-12-01,47.969623470306395,47.849998474121094,40.38877667427063,40.4900016784668,-15.80343193798128,57,MONTHLY_CLOSE_LT_M_EMA9,True,Relative Volume,10
ZOTA,Healthcare,2025-02-20,2026-02-02,860.5517078969294,858.4056936627726,1286.775,1290.0,49.529073987279865,232,MONTHLY_CLOSE_LT_M_EMA9,False,Relative Volume,10
AXISCADES,Aviation,2025-04-15,2026-02-02,810.7217622375488,808.7000122070312,1142.1375,1145.0,40.87909726855753,200,MONTHLY_CLOSE_LT_M_EMA9,False,Relative Volume,10
HCG,Healthcare,2025-05-29,2026-02-02,553.2797744750976,551.9000244140625,589.6222256469727,591.0999755859375,6.568548652687244,170,MONTHLY_CLOSE_LT_M_EMA9,False,Relative Volume,10
HDFCAMC,Finance,2025-10-03,2026-02-02,2739.0707974887796,2732.240196996289,2410.015481467556,2416.055620518853,-12.013392144624602,82,MONTHLY_CLOSE_LT_M_EMA9,True,Relative Volume,10
ABCAPITAL,Finance,2025-08-01,2026-04-01,257.14125,256.5,302.2425,303.0,17.539484621778882,163,MONTHLY_CLOSE_LT_M_EMA9,False,Relative Volume,10
NAM-INDIA,Finance,2025-12-05,2026-04-01,827.0056490719096,824.9432908447976,818.9833442548505,821.0359340900757,-0.9700423239021341,78,MONTHLY_CLOSE_LT_M_EMA9,True,Relative Volume,10
BANKBARODA,Banks,2026-02-04,2026-04-01,277.7320340980547,277.03943550928153,244.46067038518046,245.07335376960447,-11.979663714675288,37,MONTHLY_CLOSE_LT_M_EMA9,True,Relative Volume,10
MUTHOOTFIN,Finance,2026-02-05,2026-04-01,3609.059829432851,3600.0596802322707,3243.378093828956,3251.5068609814093,-10.132326780001328,36,MONTHLY_CLOSE_LT_M_EMA9,True,Relative Volume,10
NORBTEAEXP,Agri,2025-05-02,2026-05-04,40.0498757648468,39.95000076293945,63.54075076103211,63.70000076293945,58.65405209771981,247,MONTHLY_CLOSE_LT_M_EMA9,False,Relative Volume,10
EASTSILK,Diversified / Other,2026-02-11,2026-06-01,69.9745030593872,69.80000305175781,56.03955030441284,56.18000030517578,-19.91432899944684,73,MONTHLY_CLOSE_LT_M_EMA9,True,Relative Volume,10
FORCEMOT,Automobile & Ancillaries,2025-09-10,2026-07-01,18335.725,18290.0,18643.275,18690.0,1.6773266396611148,200,MONTHLY_CLOSE_LT_M_EMA9,False,Relative Volume,10
OIL,Oil & Gas,2026-05-11,2026-07-01,458.1425,457.0,418.00236282348635,419.04998779296875,-8.76149607960703,37,MONTHLY_CLOSE_LT_M_EMA9,True,Relative Volume,10
POWERGRID,Power,2026-05-18,2026-07-01,297.04073776245116,296.29998779296875,287.08048782348635,287.79998779296875,-3.353159574674299,32,MONTHLY_CLOSE_LT_M_EMA9,True,Relative Volume,10
AVANTIFEED,Consumer Goods,2026-05-20,2026-07-01,1244.1303922984555,1241.0278227416015,919.5917514649367,921.8964926966784,-26.085580968241867,30,MONTHLY_CLOSE_LT_M_EMA9,True,Relative Volume,10
TFCILTD,Finance,2025-11-04,2026-08-24,69.7599861769354,69.5860211241251,129.23609756469727,129.55999755859375,85.2582040898201,201,END_OF_BACKTEST,False,Relative Volume,10
TITAN,Diamond  &  Jewellery,2026-02-02,2026-08-24,3996.885032503398,3986.9177381580034,5066.302500000001,5079.0,26.756272917532144,140,END_OF_BACKTEST,False,Relative Volume,10
THANGAMAYL,Diamond  &  Jewellery,2026-02-05,2026-08-24,3281.9270141764687,3273.742657532637,5479.766250000001,5493.5,66.9679498151495,137,END_OF_BACKTEST,False,Relative Volume,10
LUPIN,Healthcare,2026-05-15,2026-08-24,2257.3027141097346,2251.6735302840248,2182.53,2188.0,-3.312480583235564,71,END_OF_BACKTEST,True,Relative Volume,10
UNIVPHOTO,FMCG,2026-05-25,2026-08-24,432.5286372375488,431.45001220703125,447.97725608825687,449.1000061035156,3.571698500560442,65,END_OF_BACKTEST,False,Relative Volume,10
MCX,Finance,2026-06-05,2026-08-24,2917.2749999999996,2910.0,3259.8300000000004,3268.0,11.742293750160709,56,END_OF_BACKTEST,False,Relative Volume,10
ARIHANT,Real Estate,2026-07-03,2026-08-24,795.985,794.0,1004.6820121765137,1007.2000122070312,26.21871168131481,35,END_OF_BACKTEST,False,Relative Volume,10
BHEL,Capital Goods,2026-07-09,2026-08-24,379.72506980615975,378.77812449492245,410.3714939117432,411.3999938964844,8.070687595429945,32,END_OF_BACKTEST,False,Relative Volume,10
SUNFLAG,Metals & Mining,2026-07-10,2026-08-24,335.4866188812256,334.6499938964844,353.1648628234864,354.04998779296875,5.269433398331613,31,END_OF_BACKTEST,False,Relative Volume,10
BSE,Unclassified,2026-07-10,2026-08-24,3824.5375,3815.0,3304.4182012939455,3312.699951171875,-13.599534550414383,31,END_OF_BACKTEST,True,Relative Volume,10
ASIANPAINT,Chemicals,2019-04-12,2019-07-01,1344.512536347503,1341.1596372543672,1284.2397691317053,1287.4584151696292,-4.482871344549491,51,MONTHLY_CLOSE_LT_M_EMA9,True,Relative Volume,15
HAVELLS,Capital Goods,2019-05-10,2019-08-01,699.9479012919053,698.2023953036462,610.7729224614168,612.3036816655807,-12.74023090374252,58,MONTHLY_CLOSE_LT_M_EMA9,True,Relative Volume,15
SUVEN,Healthcare,2019-05-17,2019-08-01,11.868521718978881,11.838924407958984,10.48636696100235,10.512648582458496,-11.645551069484382,53,MONTHLY_CLOSE_LT_M_EMA9,True,Relative Volume,15
TRIVENI,Agri,2019-06-24,2019-08-01,62.88908817157098,62.73225752775161,50.4208240556712,50.547192035760595,-19.825798844283554,28,MONTHLY_CLOSE_LT_M_EMA9,True,Relative Volume,15
SEAMECLTD,Logistics,2019-05-13,2019-09-03,422.88563520968705,421.83105756577265,322.6497405532054,323.45838651950413,-23.702837436599115,77,MONTHLY_CLOSE_LT_M_EMA9,True,Relative Volume,15
PGHH,FMCG,2019-06-20,2019-09-03,9539.985583434533,9516.195095695295,9159.823213345026,9182.78016375441,-3.984936526000945,50,MONTHLY_CLOSE_LT_M_EMA9,True,Relative Volume,15
CANTABIL,Retailing,2019-05-03,2019-11-01,51.560024114415064,51.43144550066341,40.56641687381459,40.66808709154345,-21.321959074737713,122,MONTHLY_CLOSE_LT_M_EMA9,True,Relative Volume,15
POWERGRID,Power,2019-08-08,2019-12-02,76.95655591850222,76.7646443077329,76.2968800842247,76.48810033506234,-0.8572055056311579,74,MONTHLY_CLOSE_LT_M_EMA9,True,Relative Volume,15
HEIDELBERG,Cement & Cement Products,2019-06-24,2020-01-01,149.15823068456285,148.78626502200785,141.6314321048523,141.98639810010255,-5.0461838714271705,128,MONTHLY_CLOSE_LT_M_EMA9,True,Relative Volume,15
AGROPHOS,Chemicals,2019-08-26,2020-01-01,79.60797241712417,79.40944879513634,69.51459022521973,69.68881225585938,-12.678858518111547,85,MONTHLY_CLOSE_LT_M_EMA9,True,Relative Volume,15
PRESTIGE,Real Estate,2019-05-15,2020-03-02,240.9058474878859,240.30508477594603,289.52850347894287,290.2541388260079,20.18326101175356,197,MONTHLY_CLOSE_LT_M_EMA9,False,Relative Volume,15
BALRAMCHIN,Agri,2019-06-21,2020-03-02,132.36865832561384,132.03856192081182,136.98371878442995,137.32703637536838,3.4865205383161957,171,MONTHLY_CLOSE_LT_M_EMA9,False,Relative Volume,15
BATAINDIA,Footwear,2019-05-10,2020-04-01,1216.081754671056,1213.0491318414524,1106.6706788283082,1109.4442895521886,-8.997016477098855,221,MONTHLY_CLOSE_LT_M_EMA9,True,Relative Volume,15
MUTHOOTFIN,Finance,2019-05-13,2020-04-01,510.7882130162825,509.5144269489102,550.4542044433783,551.8337889156675,7.76564345384207,220,MONTHLY_CLOSE_LT_M_EMA9,False,Relative Volume,15
HONAUT,Consumer Durables,2019-06-27,2020-04-01,24167.253847446424,24106.986381492694,25503.352011962586,25567.270187431164,5.52854773219233,188,MONTHLY_CLOSE_LT_M_EMA9,False,Relative Volume,15
BAJFINANCE,Finance,2019-07-10,2020-04-01,349.94047214801776,349.06780264141423,211.70952223423575,212.2401225405872,-39.50127547845141,179,MONTHLY_CLOSE_LT_M_EMA9,True,Relative Volume,15
PIDILITIND,Chemicals,2019-09-23,2020-04-01,694.1067127919158,692.3757733585195,655.0218420659287,656.6635008179736,-5.630959909431715,130,MONTHLY_CLOSE_LT_M_EMA9,True,Relative Volume,15
EQ30,Unclassified,2019-11-14,2020-04-01,348.4690061187744,347.6000061035156,254.3625,255.0,-27.00570336711625,96,MONTHLY_CLOSE_LT_M_EMA9,True,Relative Volume,15
ATUL,Chemicals,2019-11-18,2020-04-01,3957.15917721823,3947.290949843621,3892.18879260963,3901.943651738977,-1.6418441032809872,94,MONTHLY_CLOSE_LT_M_EMA9,True,Relative Volume,15
DYNPRO,Chemicals,2019-12-02,2020-04-01,138.10432842560678,137.75992860409656,115.95974029541016,116.2503662109375,-16.03468072481547,84,MONTHLY_CLOSE_LT_M_EMA9,True,Relative Volume,15
PIIND,Chemicals,2020-01-09,2020-04-01,1421.3733784471212,1417.8288064310436,1150.4408994574537,1153.3242099824097,-19.06131654763836,57,MONTHLY_CLOSE_LT_M_EMA9,True,Relative Volume,15
ESABINDIA,Capital Goods,2020-03-04,2020-04-01,1269.041654589312,1265.8769621838524,937.9170782542591,940.2677476233173,-26.092490749817948,19,MONTHLY_CLOSE_LT_M_EMA9,True,Relative Volume,15
WELCORP,Metals & Mining,2020-03-04,2020-04-01,157.5856499390375,157.1926682683666,56.80495355987549,56.94732186453683,-63.952965525826336,19,MONTHLY_CLOSE_LT_M_EMA9,True,Relative Volume,15
GMMPFAUDLR,Capital Goods,2020-07-21,2020-11-02,1358.0362759682669,1354.6496518386703,1166.0602806550348,1168.9827374987817,-14.13629361088716,73,MONTHLY_CLOSE_LT_M_EMA9,True,Relative Volume,15
IPCALAB,Healthcare,2019-05-20,2021-02-01,452.97806425965035,451.84844315177094,913.5505323753033,915.8401327070709,101.67655002641571,423,MONTHLY_CLOSE_LT_M_EMA9,False,Relative Volume,15
ABBOTINDIA,Healthcare,2019-08-02,2021-02-01,7571.327752531716,7552.446635941862,13031.927420621041,13064.588892853173,72.12208804807582,370,MONTHLY_CLOSE_LT_M_EMA9,False,Relative Volume,15
DRREDDY,Healthcare,2020-07-09,2021-03-01,749.1182193937851,747.2500941583892,853.9227571406125,856.0629144266791,13.99038696878033,163,MONTHLY_CLOSE_LT_M_EMA9,False,Relative Volume,15
ITI,Telecom,2020-09-11,2021-04-01,138.79612194061278,138.4499969482422,115.36087652206422,115.6500015258789,-16.884654333912792,138,MONTHLY_CLOSE_LT_M_EMA9,True,Relative Volume,15
HUHTAMAKI,Containers & Packaging,2020-11-02,2021-04-01,265.9204095157332,265.2572663498585,265.4869490107598,266.15232983534816,-0.16300384982211097,103,MONTHLY_CLOSE_LT_M_EMA9,True,Relative Volume,15
COROMANDEL,Chemicals,2020-08-20,2021-05-03,729.2014541066272,727.3829966150896,698.9724864663181,700.7242972093413,-4.145489215643961,173,MONTHLY_CLOSE_LT_M_EMA9,True,Relative Volume,15
ADANIGREEN,Miscellaneous,2020-07-27,2021-08-02,346.8148872375488,345.95001220703125,880.1940243530274,882.4000244140625,153.79361058112357,254,MONTHLY_CLOSE_LT_M_EMA9,False,Relative Volume,15
APLLTD,Healthcare,2020-09-04,2021-08-02,871.7425943069296,869.5686726253663,744.072293980442,745.9371368224982,-14.645412666567081,225,MONTHLY_CLOSE_LT_M_EMA9,True,Relative Volume,15
BERGEPAINT,Chemicals,2020-01-08,2021-11-01,388.28256994870975,387.3142842381145,602.031978929839,603.5408310073574,55.04996245630201,451,MONTHLY_CLOSE_LT_M_EMA9,False,Relative Volume,15
BHARATRAS,Chemicals,2020-09-11,2021-11-01,2329.1459327650305,2323.337588793048,2573.9761637156535,2580.4272317951413,10.51158828249007,282,MONTHLY_CLOSE_LT_M_EMA9,False,Relative Volume,15
LAURUSLABS,Healthcare,2021-08-02,2021-11-01,640.828937757476,639.2308606059611,510.89221128762017,512.1726428948573,-20.27635127161358,62,MONTHLY_CLOSE_LT_M_EMA9,True,Relative Volume,15
HDFCBANK,Banks,2021-02-01,2021-12-01,658.6531104437558,657.0105839837964,697.7597983227532,699.508569747121,5.937372382960423,205,MONTHLY_CLOSE_LT_M_EMA9,False,Relative Volume,15
DIVISLAB,Healthcare,2019-05-13,2022-02-01,1572.154170032027,1568.23358606686,3923.61986996216,3933.4535037214637,149.5696633799108,676,MONTHLY_CLOSE_LT_M_EMA9,False,Relative Volume,15
LALPATHLAB,Healthcare,2020-09-02,2022-02-01,866.4846568804802,864.3238472623244,1441.4488281930123,1445.0614818977567,66.35595526671175,352,MONTHLY_CLOSE_LT_M_EMA9,False,Relative Volume,15
WIPRO,Software & IT Services,2021-03-02,2022-02-01,192.17020747638205,191.69098002631625,264.6276805587888,265.2909078283597,37.704841990823105,227,MONTHLY_CLOSE_LT_M_EMA9,False,Relative Volume,15
MAHLOG,Logistics,2021-05-06,2022-02-01,513.4075432329968,512.1272251700716,573.0312157494143,574.4673842099392,11.613322262653014,185,MONTHLY_CLOSE_LT_M_EMA9,False,Relative Volume,15
PTC,Power,2021-08-02,2022-02-01,67.82922413153926,67.66007394667258,67.43753422793479,67.6065506044459,-0.5774648149371125,125,MONTHLY_CLOSE_LT_M_EMA9,True,Relative Volume,15
SAGCEM,Construction Materials,2021-11-01,2022-02-01,278.9257737573324,278.23019826167825,240.94151441776503,241.54537786242108,-13.618052870443584,63,MONTHLY_CLOSE_LT_M_EMA9,True,Relative Volume,15
PGHH,FMCG,2021-04-01,2022-05-02,11629.175991759685,11600.175552877492,13134.278187387896,13167.196177832477,12.942466402561207,267,MONTHLY_CLOSE_LT_M_EMA9,False,Relative Volume,15
ECLERX,Software & IT Services,2021-12-01,2022-06-01,716.880139649028,715.0924086274595,674.819396188358,676.5106728705343,-5.867193291372556,124,MONTHLY_CLOSE_LT_M_EMA9,True,Relative Volume,15
TVTODAY,Media & Entertainment,2022-02-01,2022-06-01,286.2749893158596,285.5610865993612,196.1444575688313,196.63604768805143,-31.483900134769847,81,MONTHLY_CLOSE_LT_M_EMA9,True,Relative Volume,15
MINDTECK,Software & IT Services,2022-02-03,2022-06-01,144.30474124493696,143.94487904731866,97.66262041242231,97.90738888463389,-32.32196006182931,79,MONTHLY_CLOSE_LT_M_EMA9,True,Relative Volume,15
CALSOFT,Diversified / Other,2022-02-03,2022-06-01,41.5035015296936,41.400001525878906,23.690625,23.75,-42.918972793053165,79,MONTHLY_CLOSE_LT_M_EMA9,True,Relative Volume,15
BRIGADE,Real Estate,2021-02-01,2022-07-01,179.88206530710076,179.43348160309304,323.8121585246641,324.6237178192121,80.01358721996047,351,MONTHLY_CLOSE_LT_M_EMA9,False,Relative Volume,15
SRF,Diversified,2021-02-01,2022-07-01,1062.1451977130334,1059.4964565716045,2193.3980261670335,2198.895264327853,106.50642029825737,351,MONTHLY_CLOSE_LT_M_EMA9,False,Relative Volume,15
GREENPANEL,Construction Materials,2021-04-01,2022-07-01,159.86868330937963,159.470008288658,428.31328601531885,429.38675289756276,167.91569002069173,310,MONTHLY_CLOSE_LT_M_EMA9,False,Relative Volume,15
TATACHEM,Chemicals,2021-11-01,2022-07-01,849.9383247199537,847.818777775515,744.5456806657563,746.4117099406078,-12.400034330599603,166,MONTHLY_CLOSE_LT_M_EMA9,True,Relative Volume,15
LPDC,Diversified / Other,2022-02-03,2022-07-01,10.0751251912117,10.050000190734863,6.3840000951290135,6.400000095367432,-36.63602214394686,101,MONTHLY_CLOSE_LT_M_EMA9,True,Relative Volume,15
JPPOWER,Power,2021-08-02,2022-08-01,4.962374808788299,4.949999809265137,6.483750000000001,6.5,30.658208011965694,249,MONTHLY_CLOSE_LT_M_EMA9,False,Relative Volume,15
ACCURACY,Logistics,2022-02-03,2022-08-01,20.584073197348268,20.5327413439883,20.692471328879293,20.744332159277487,0.526611669574658,122,MONTHLY_CLOSE_LT_M_EMA9,False,Relative Volume,15
GMDCLTD,Metals & Mining,2022-05-05,2022-10-03,171.5711176419185,171.14325949318555,124.48345114728194,124.79543974664855,-27.444984413350955,104,MONTHLY_CLOSE_LT_M_EMA9,True,Relative Volume,15
DANGEE,FMCG,2022-06-02,2022-11-01,22.055,22.0,21.496124238967898,21.549999237060547,-2.5340093449653223,103,MONTHLY_CLOSE_LT_M_EMA9,True,Relative Volume,15
AMDIND,Containers & Packaging,2022-09-26,2022-12-01,83.458125,83.25,46.03462652206421,46.150001525878906,-44.84104870309007,45,MONTHLY_CLOSE_LT_M_EMA9,True,Relative Volume,15
ASAHIINDIA,Construction Materials,2022-08-12,2023-01-02,558.7289809257816,557.3356418212285,517.1895897287404,518.4858042393388,-7.434622619398187,96,MONTHLY_CLOSE_LT_M_EMA9,True,Relative Volume,15
INSECTICID,Chemicals,2023-01-09,2023-02-01,720.5472257613482,718.7503498866316,603.7374147408594,605.2505410935934,-16.211263723493566,16,MONTHLY_CLOSE_LT_M_EMA9,True,Relative Volume,15
GSS,Software & IT Services,2022-08-01,2023-03-01,225.5625,225.0,223.3901219558716,223.9499969482422,-0.9630936188987123,145,MONTHLY_CLOSE_LT_M_EMA9,True,Relative Volume,15
TNPL,Paper,2022-09-26,2023-03-01,231.00626114090656,230.43018567671479,198.54477537607696,199.04238132940046,-14.052210361964656,108,MONTHLY_CLOSE_LT_M_EMA9,True,Relative Volume,15
SBIN,Banks,2022-10-03,2023-03-01,491.3778378442137,490.1524567024575,484.89598025854764,486.111258404559,-1.3191188300439878,103,MONTHLY_CLOSE_LT_M_EMA9,True,Relative Volume,15
GOKULAGRO,Agri,2022-06-16,2023-04-03,51.10867712020874,50.981224060058594,51.121875,51.25,0.025823168461633312,198,MONTHLY_CLOSE_LT_M_EMA9,False,Relative Volume,15
AURIONPRO,Software & IT Services,2022-11-03,2023-04-03,195.87060556536548,195.38215018989075,154.25784650188902,154.644457646004,-21.245024971135624,103,MONTHLY_CLOSE_LT_M_EMA9,True,Relative Volume,15
BSHSL,Agri,2022-06-10,2023-07-03,40.089976682662964,39.9900016784668,278.70149391174317,279.3999938964844,595.1899626129455,262,MONTHLY_CLOSE_LT_M_EMA9,False,Relative Volume,15
AUTOAXLES,Automobile & Ancillaries,2023-03-02,2023-08-01,2135.1051959532965,2129.780744093064,2041.8420355665337,2046.9594341519135,-4.368082685739615,101,MONTHLY_CLOSE_LT_M_EMA9,True,Relative Volume,15
KAMDHENU,Metals & Mining,2023-03-01,2023-10-03,32.70816192225225,32.626595433668086,28.764907652829432,28.83700015321246,-12.055872411283731,144,MONTHLY_CLOSE_LT_M_EMA9,True,Relative Volume,15
PIIND,Chemicals,2023-07-17,2023-10-03,3605.737023128745,3596.745160228175,3399.027335786799,3407.546201290024,-5.732799869098087,53,MONTHLY_CLOSE_LT_M_EMA9,True,Relative Volume,15
HILTON,Automobile & Ancillaries,2023-08-01,2024-01-01,162.55536888122558,162.14999389648438,114.7125,115.0,-29.43173714316563,102,MONTHLY_CLOSE_LT_M_EMA9,True,Relative Volume,15
AARON,Capital Goods,2021-02-01,2024-03-01,24.653981437852483,24.592500187384026,125.73757923990713,126.05271101745076,410.0092232845442,763,MONTHLY_CLOSE_LT_M_EMA9,False,Relative Volume,15
ARROWGREEN,Plastic Products,2023-07-05,2024-04-01,322.8880906128568,322.0828834043459,379.958182506919,380.91045865355284,17.674882893865952,181,MONTHLY_CLOSE_LT_M_EMA9,False,Relative Volume,15
SURYAROSNI,Diversified,2023-07-07,2024-04-01,186.77813375665207,186.31235287446592,244.7662237331575,245.3796729154461,31.046508930245796,179,MONTHLY_CLOSE_LT_M_EMA9,False,Relative Volume,15
KHADIM,Footwear,2024-01-01,2024-04-01,360.8498872375488,359.95001220703125,306.78111282348635,307.54998779296875,-14.983730444806476,60,MONTHLY_CLOSE_LT_M_EMA9,True,Relative Volume,15
HCLTECH,Software & IT Services,2023-07-17,2024-05-02,1017.1460308174983,1014.6095070498736,1224.2722337818366,1227.340585244949,20.363467652512718,193,MONTHLY_CLOSE_LT_M_EMA9,False,Relative Volume,15
DRREDDY,Healthcare,2024-04-01,2024-06-03,1223.2076620085124,1220.1572688364215,1162.8413687405307,1165.7557581358703,-4.935081355594194,41,MONTHLY_CLOSE_LT_M_EMA9,True,Relative Volume,15
UNIONBANK,Banks,2023-02-01,2024-09-02,70.30603852475667,70.1307117453932,114.79120501741329,115.07890227309602,63.27360697046268,387,MONTHLY_CLOSE_LT_M_EMA9,False,Relative Volume,15
JBMA,Automobile & Ancillaries,2024-04-01,2024-10-01,912.3460262047093,910.0708490820044,899.2411062495794,901.4948433579743,-1.4363979870275136,124,MONTHLY_CLOSE_LT_M_EMA9,True,Relative Volume,15
ELECON,Capital Goods,2024-03-01,2024-11-01,496.48423518743766,495.2461198877184,575.5296035327115,576.9720336167533,15.921022812624011,164,MONTHLY_CLOSE_LT_M_EMA9,False,Relative Volume,15
ADANIPOWER,Power,2024-04-01,2024-11-01,109.81385091781615,109.54000091552734,118.84214939117432,119.13999938964844,8.22145694545843,146,MONTHLY_CLOSE_LT_M_EMA9,False,Relative Volume,15
GESHIP,Logistics,2022-09-28,2024-12-02,457.00080987561023,455.8611569831524,1037.0062264512508,1039.605239550126,126.91562116345277,535,MONTHLY_CLOSE_LT_M_EMA9,False,Relative Volume,15
TTKHLTCARE,Healthcare,2023-07-03,2024-12-02,1239.477372247262,1236.386406231683,1473.4517447222886,1477.1446062378832,18.876857110413724,348,MONTHLY_CLOSE_LT_M_EMA9,False,Relative Volume,15
HAL,Aviation,2021-11-01,2025-01-01,608.6435540878268,607.1257397384807,4081.7814988109317,4092.0115276300066,570.6357886149458,782,MONTHLY_CLOSE_LT_M_EMA9,False,Relative Volume,15
RECLTD,Finance,2024-03-01,2025-01-01,396.6447411862926,395.6556021808405,458.2321195172714,459.380570944633,15.527088080578636,204,MONTHLY_CLOSE_LT_M_EMA9,False,Relative Volume,15
KEI,Electricals,2022-02-02,2025-02-01,1104.9306244884451,1102.17518652214,4045.060472039067,4055.198468209591,266.0918054390815,741,MONTHLY_CLOSE_LT_M_EMA9,False,Relative Volume,15
ANANTRAJ,Real Estate,2022-12-01,2025-02-01,101.5114498692072,101.25830410893487,601.4747525429167,602.9822080630744,492.5191230328097,536,MONTHLY_CLOSE_LT_M_EMA9,False,Relative Volume,15
CIPLA,Healthcare,2023-10-03,2025-02-01,1153.716783164618,1150.839683954731,1446.5334665285216,1450.158863687741,25.38029156173965,329,MONTHLY_CLOSE_LT_M_EMA9,False,Relative Volume,15
OFSS,Software & IT Services,2024-05-02,2025-02-01,6864.914919733961,6847.795431156072,8419.80213805502,8440.904399052652,22.6497667706174,189,MONTHLY_CLOSE_LT_M_EMA9,False,Relative Volume,15
SHILPAMED,Healthcare,2024-06-03,2025-02-01,249.32040236888795,248.69865572956405,353.53452502958453,354.42057647076143,41.799275819595415,168,MONTHLY_CLOSE_LT_M_EMA9,False,Relative Volume,15
ERIS,Healthcare,2024-10-01,2025-02-01,1321.3982625764925,1318.103005063833,1211.5629100279784,1214.5994085493517,-8.312055166044683,85,MONTHLY_CLOSE_LT_M_EMA9,True,Relative Volume,15
SYMPHONY,Consumer Durables,2024-11-01,2025-02-01,1528.7781078534026,1524.9656936193544,1227.0071648003766,1230.0823707271945,-19.739355338934732,63,MONTHLY_CLOSE_LT_M_EMA9,True,Relative Volume,15
MAHSCOOTER,Automobile & Ancillaries,2024-11-01,2025-03-03,10533.011695867026,10506.74483378257,9012.143347175248,9034.730172606764,-14.4390644632868,83,MONTHLY_CLOSE_LT_M_EMA9,True,Relative Volume,15
IPCALAB,Healthcare,2024-12-06,2025-03-03,1496.969542330751,1493.236451202744,1340.1062114994543,1343.4648736836634,-10.478725611682368,60,MONTHLY_CLOSE_LT_M_EMA9,True,Relative Volume,15
KITEX,Textiles,2025-01-02,2025-03-03,234.95697539198358,234.3710477725522,156.1883531166635,156.57980262322155,-33.52470048778452,42,MONTHLY_CLOSE_LT_M_EMA9,True,Relative Volume,15
EMKAY,Diversified / Other,2025-01-06,2025-03-03,306.43902229309083,305.6748352050781,187.65307411193848,188.12338256835938,-38.763323056011,40,MONTHLY_CLOSE_LT_M_EMA9,True,Relative Volume,15
SIYSIL,Textiles,2025-02-03,2025-03-03,764.5613638544243,762.6547270368322,578.6338522770727,580.0840624331556,-24.31819345932224,19,MONTHLY_CLOSE_LT_M_EMA9,True,Relative Volume,15
REPL,Infrastructure,2025-02-10,2025-03-03,285.7125,285.0,212.4475457382202,212.97999572753906,-25.64289425971204,14,MONTHLY_CLOSE_LT_M_EMA9,True,Relative Volume,15
BLUESTARCO,Consumer Durables,2023-04-03,2025-05-02,674.8988521038522,673.2158125724211,1682.3706333338737,1686.58710108659,149.27744773745647,510,MONTHLY_CLOSE_LT_M_EMA9,False,Relative Volume,15
PGIL,Textiles,2025-02-13,2025-05-02,1367.4266103412679,1364.0165689189705,948.2239561179085,950.6004572610611,-30.65631830279646,49,MONTHLY_CLOSE_LT_M_EMA9,True,Relative Volume,15
ORIENTCEM,Construction Materials,2024-09-02,2025-07-01,304.29157977919823,303.5327479094247,240.04728447651254,240.64890674337096,-21.112741716120766,206,MONTHLY_CLOSE_LT_M_EMA9,True,Relative Volume,15
GOLDIAM,Diamond  &  Jewellery,2025-02-13,2025-07-01,315.7346543835986,314.94728616817815,255.6576005077779,256.29834637371215,-19.02770349777022,91,MONTHLY_CLOSE_LT_M_EMA9,True,Relative Volume,15
PANACEABIO,Healthcare,2025-06-06,2025-08-01,472.47823776245116,471.29998779296875,399.09975608825687,400.1000061035156,-15.530552692055826,40,MONTHLY_CLOSE_LT_M_EMA9,True,Relative Volume,15
CHOLAFIN,Finance,2025-06-09,2025-08-01,1621.4694933547537,1617.4259285334201,1437.2539737855614,1440.8561140707382,-11.361022845274627,39,MONTHLY_CLOSE_LT_M_EMA9,True,Relative Volume,15
AXISBANK,Banks,2025-07-07,2025-08-01,1179.6342628674286,1176.6925315385822,1061.5188225977377,1064.1792707746743,-10.01288653506711,19,MONTHLY_CLOSE_LT_M_EMA9,True,Relative Volume,15
TCPLPACK,Containers & Packaging,2022-09-23,2025-09-01,1129.231815379933,1126.415775940083,3344.928560269042,3353.311839868714,196.21274522305518,724,MONTHLY_CLOSE_LT_M_EMA9,False,Relative Volume,15
SRF,Diversified,2025-04-09,2025-09-01,2753.50591898726,2746.6393206855464,2831.2616911664536,2838.3575851292767,2.823882514397943,97,MONTHLY_CLOSE_LT_M_EMA9,False,Relative Volume,15
CAMLINFINE,Chemicals,2025-08-01,2025-09-01,281.50198776245117,280.79998779296875,199.5,200.0,-29.130162957019518,19,MONTHLY_CLOSE_LT_M_EMA9,True,Relative Volume,15
BANARISUG,Diversified / Other,2025-06-09,2025-10-01,3986.487964495085,3976.5465980000854,3659.9273474121096,3669.10009765625,-8.191687018534285,80,MONTHLY_CLOSE_LT_M_EMA9,True,Relative Volume,15
BSE,Unclassified,2025-07-10,2025-10-01,2534.2600135868765,2527.940163178929,2037.5122190476616,2042.618765962568,-19.60129552121768,57,MONTHLY_CLOSE_LT_M_EMA9,True,Relative Volume,15
RALLIS,Fertilisers & Pesticides,2025-09-01,2025-10-01,344.3575500885084,343.4988030808064,299.20681942254464,299.956711200546,-13.111584355957609,22,MONTHLY_CLOSE_LT_M_EMA9,True,Relative Volume,15
RAMANEWS,Paper,2025-05-09,2025-11-03,31.077499999999997,31.0,29.127000761032107,29.200000762939453,-6.276242422871499,122,MONTHLY_CLOSE_LT_M_EMA9,True,Relative Volume,15
GINNIFILA,Textiles,2025-09-08,2025-12-01,47.969623470306395,47.849998474121094,40.38877667427063,40.4900016784668,-15.80343193798128,57,MONTHLY_CLOSE_LT_M_EMA9,True,Relative Volume,15
ZOTA,Healthcare,2025-02-20,2026-02-02,860.5517078969294,858.4056936627726,1286.775,1290.0,49.529073987279865,232,MONTHLY_CLOSE_LT_M_EMA9,False,Relative Volume,15
AXISCADES,Aviation,2025-04-15,2026-02-02,810.7217622375488,808.7000122070312,1142.1375,1145.0,40.87909726855753,200,MONTHLY_CLOSE_LT_M_EMA9,False,Relative Volume,15
HCG,Healthcare,2025-05-29,2026-02-02,553.2797744750976,551.9000244140625,589.6222256469727,591.0999755859375,6.568548652687244,170,MONTHLY_CLOSE_LT_M_EMA9,False,Relative Volume,15
JMFINANCIL,Finance,2025-08-05,2026-02-02,154.48053096535176,154.09529273351797,119.49066850593623,119.79014386560023,-22.650014368000434,122,MONTHLY_CLOSE_LT_M_EMA9,True,Relative Volume,15
HDFCAMC,Finance,2025-10-03,2026-02-02,2739.0707974887796,2732.240196996289,2410.015481467556,2416.055620518853,-12.013392144624602,82,MONTHLY_CLOSE_LT_M_EMA9,True,Relative Volume,15
ADANIPORTS,Infrastructure,2025-06-23,2026-04-01,1338.7105549964222,1335.3721246847103,1342.1654489405073,1345.5292721208093,0.2580762459211638,192,MONTHLY_CLOSE_LT_M_EMA9,False,Relative Volume,15
ABCAPITAL,Finance,2025-08-01,2026-04-01,257.14125,256.5,302.2425,303.0,17.539484621778882,163,MONTHLY_CLOSE_LT_M_EMA9,False,Relative Volume,15
NAM-INDIA,Finance,2025-12-05,2026-04-01,827.0056490719096,824.9432908447976,818.9833442548505,821.0359340900757,-0.9700423239021341,78,MONTHLY_CLOSE_LT_M_EMA9,True,Relative Volume,15
BANKBARODA,Banks,2026-02-04,2026-04-01,277.7320340980547,277.03943550928153,244.46067038518046,245.07335376960447,-11.979663714675288,37,MONTHLY_CLOSE_LT_M_EMA9,True,Relative Volume,15
MUTHOOTFIN,Finance,2026-02-05,2026-04-01,3609.059829432851,3600.0596802322707,3243.378093828956,3251.5068609814093,-10.132326780001328,36,MONTHLY_CLOSE_LT_M_EMA9,True,Relative Volume,15
NORBTEAEXP,Agri,2025-05-02,2026-05-04,40.0498757648468,39.95000076293945,63.54075076103211,63.70000076293945,58.65405209771981,247,MONTHLY_CLOSE_LT_M_EMA9,False,Relative Volume,15
EASTSILK,Diversified / Other,2026-02-11,2026-06-01,69.9745030593872,69.80000305175781,56.03955030441284,56.18000030517578,-19.91432899944684,73,MONTHLY_CLOSE_LT_M_EMA9,True,Relative Volume,15
FORCEMOT,Automobile & Ancillaries,2025-09-10,2026-07-01,18335.725,18290.0,18643.275,18690.0,1.6773266396611148,200,MONTHLY_CLOSE_LT_M_EMA9,False,Relative Volume,15
OIL,Oil & Gas,2026-05-11,2026-07-01,458.1425,457.0,418.00236282348635,419.04998779296875,-8.76149607960703,37,MONTHLY_CLOSE_LT_M_EMA9,True,Relative Volume,15
POWERGRID,Power,2026-05-18,2026-07-01,297.04073776245116,296.29998779296875,287.08048782348635,287.79998779296875,-3.353159574674299,32,MONTHLY_CLOSE_LT_M_EMA9,True,Relative Volume,15
AVANTIFEED,Consumer Goods,2026-05-20,2026-07-01,1244.1303922984555,1241.0278227416015,919.5917514649367,921.8964926966784,-26.085580968241867,30,MONTHLY_CLOSE_LT_M_EMA9,True,Relative Volume,15
MAHASTEEL,Metals & Mining,2024-12-09,2026-08-24,211.52749999999997,211.0,1172.7607012939454,1175.699951171875,454.4246971641728,424,END_OF_BACKTEST,False,Relative Volume,15
CUPID,Miscellaneous,2025-06-23,2026-08-24,18.2455007648468,18.200000762939453,285.6939786529541,286.4100036621094,1465.8324884313088,293,END_OF_BACKTEST,False,Relative Volume,15
CCL,Agri,2025-10-03,2026-08-24,861.8272251361685,859.678030061016,1079.0955487060548,1081.800048828125,25.21019494778179,222,END_OF_BACKTEST,False,Relative Volume,15
TFCILTD,Finance,2025-11-04,2026-08-24,69.7599861769354,69.5860211241251,129.23609756469727,129.55999755859375,85.2582040898201,201,END_OF_BACKTEST,False,Relative Volume,15
TITAN,Diamond  &  Jewellery,2026-02-02,2026-08-24,3996.885032503398,3986.9177381580034,5066.302500000001,5079.0,26.756272917532144,140,END_OF_BACKTEST,False,Relative Volume,15
THANGAMAYL,Diamond  &  Jewellery,2026-02-05,2026-08-24,3281.9270141764687,3273.742657532637,5479.766250000001,5493.5,66.9679498151495,137,END_OF_BACKTEST,False,Relative Volume,15
LUPIN,Healthcare,2026-05-15,2026-08-24,2257.3027141097346,2251.6735302840248,2182.53,2188.0,-3.312480583235564,71,END_OF_BACKTEST,True,Relative Volume,15
UNIVPHOTO,FMCG,2026-05-25,2026-08-24,432.5286372375488,431.45001220703125,447.97725608825687,449.1000061035156,3.571698500560442,65,END_OF_BACKTEST,False,Relative Volume,15
MCX,Finance,2026-06-05,2026-08-24,2917.2749999999996,2910.0,3259.8300000000004,3268.0,11.742293750160709,56,END_OF_BACKTEST,False,Relative Volume,15
ARIHANT,Real Estate,2026-07-03,2026-08-24,795.985,794.0,1004.6820121765137,1007.2000122070312,26.21871168131481,35,END_OF_BACKTEST,False,Relative Volume,15
BHEL,Capital Goods,2026-07-09,2026-08-24,379.72506980615975,378.77812449492245,410.3714939117432,411.3999938964844,8.070687595429945,32,END_OF_BACKTEST,False,Relative Volume,15
SUNFLAG,Metals & Mining,2026-07-10,2026-08-24,335.4866188812256,334.6499938964844,353.1648628234864,354.04998779296875,5.269433398331613,31,END_OF_BACKTEST,False,Relative Volume,15
ASIANPAINT,Chemicals,2019-04-12,2019-07-01,1344.512536347503,1341.1596372543672,1284.2397691317053,1287.4584151696292,-4.482871344549491,51,MONTHLY_CLOSE_LT_M_EMA9,True,Composite Momentum,2
CANTABIL,Retailing,2019-05-03,2019-11-01,51.560024114415064,51.43144550066341,40.56641687381459,40.66808709154345,-21.321959074737713,122,MONTHLY_CLOSE_LT_M_EMA9,True,Composite Momentum,2
BAJFINANCE,Finance,2019-07-10,2020-04-01,349.94047214801776,349.06780264141423,211.70952223423575,212.2401225405872,-39.50127547845141,179,MONTHLY_CLOSE_LT_M_EMA9,True,Composite Momentum,2
EQ30,Unclassified,2019-11-14,2020-04-01,348.4690061187744,347.6000061035156,254.3625,255.0,-27.00570336711625,96,MONTHLY_CLOSE_LT_M_EMA9,True,Composite Momentum,2
GMMPFAUDLR,Capital Goods,2020-07-21,2020-11-02,1358.0362759682669,1354.6496518386703,1166.0602806550348,1168.9827374987817,-14.13629361088716,73,MONTHLY_CLOSE_LT_M_EMA9,True,Composite Momentum,2
DRREDDY,Healthcare,2020-07-09,2021-03-01,749.1182193937851,747.2500941583892,853.9227571406125,856.0629144266791,13.99038696878033,163,MONTHLY_CLOSE_LT_M_EMA9,False,Composite Momentum,2
AARTIDRUGS,Healthcare,2020-11-02,2021-09-01,668.0135420626315,666.3476728804304,607.7741016365785,609.2973449990761,-9.017697491588434,206,MONTHLY_CLOSE_LT_M_EMA9,True,Composite Momentum,2
WIPRO,Software & IT Services,2021-03-02,2022-02-01,192.17020747638205,191.69098002631625,264.6276805587888,265.2909078283597,37.704841990823105,227,MONTHLY_CLOSE_LT_M_EMA9,False,Composite Momentum,2
HGS,Software & IT Services,2021-09-01,2022-03-02,1236.735282403351,1233.6511545170583,1175.438619046795,1178.3845804980401,-4.956328506892592,124,MONTHLY_CLOSE_LT_M_EMA9,True,Composite Momentum,2
TVTODAY,Media & Entertainment,2022-02-01,2022-06-01,286.2749893158596,285.5610865993612,196.1444575688313,196.63604768805143,-31.483900134769847,81,MONTHLY_CLOSE_LT_M_EMA9,True,Composite Momentum,2
GREENPANEL,Construction Materials,2022-03-10,2022-07-01,479.94410528485815,478.74723719187847,428.31328601531885,429.38675289756276,-10.757673383423512,77,MONTHLY_CLOSE_LT_M_EMA9,True,Composite Momentum,2
DANGEE,FMCG,2022-06-02,2022-11-01,22.055,22.0,21.496124238967898,21.549999237060547,-2.5340093449653223,103,MONTHLY_CLOSE_LT_M_EMA9,True,Composite Momentum,2
GSS,Software & IT Services,2022-08-01,2023-03-01,225.5625,225.0,223.3901219558716,223.9499969482422,-0.9630936188987123,145,MONTHLY_CLOSE_LT_M_EMA9,True,Composite Momentum,2
AURIONPRO,Software & IT Services,2022-11-03,2023-04-03,195.87060556536548,195.38215018989075,154.25784650188902,154.644457646004,-21.245024971135624,103,MONTHLY_CLOSE_LT_M_EMA9,True,Composite Momentum,2
KAMDHENU,Metals & Mining,2023-03-01,2023-10-03,32.70816192225225,32.626595433668086,28.764907652829432,28.83700015321246,-12.055872411283731,144,MONTHLY_CLOSE_LT_M_EMA9,True,Composite Momentum,2
HILTON,Automobile & Ancillaries,2023-04-03,2024-01-01,105.0620030593872,104.80000305175781,114.7125,115.0,9.18552536558606,183,MONTHLY_CLOSE_LT_M_EMA9,False,Composite Momentum,2
RKFORGE,Automobile & Ancillaries,2024-01-01,2024-06-03,717.5990044846303,715.8094807826736,695.2010819520684,696.943440553452,-3.1212309928785045,101,MONTHLY_CLOSE_LT_M_EMA9,True,Composite Momentum,2
HAL,Aviation,2023-10-03,2025-01-01,1884.779893075923,1880.0796938413198,4081.7814988109317,4092.0115276300066,116.56542038707481,306,MONTHLY_CLOSE_LT_M_EMA9,False,Composite Momentum,2
SHILPAMED,Healthcare,2024-06-03,2025-02-01,249.32040236888795,248.69865572956405,353.53452502958453,354.42057647076143,41.799275819595415,168,MONTHLY_CLOSE_LT_M_EMA9,False,Composite Momentum,2
KITEX,Textiles,2025-01-02,2025-03-03,234.95697539198358,234.3710477725522,156.1883531166635,156.57980262322155,-33.52470048778452,42,MONTHLY_CLOSE_LT_M_EMA9,True,Composite Momentum,2
SIYSIL,Textiles,2025-02-03,2025-03-03,764.5613638544243,762.6547270368322,578.6338522770727,580.0840624331556,-24.31819345932224,19,MONTHLY_CLOSE_LT_M_EMA9,True,Composite Momentum,2
SRF,Diversified,2025-04-09,2025-09-01,2753.50591898726,2746.6393206855464,2831.2616911664536,2838.3575851292767,2.823882514397943,97,MONTHLY_CLOSE_LT_M_EMA9,False,Composite Momentum,2
RALLIS,Fertilisers & Pesticides,2025-09-01,2025-10-01,344.3575500885084,343.4988030808064,299.20681942254464,299.956711200546,-13.111584355957609,22,MONTHLY_CLOSE_LT_M_EMA9,True,Composite Momentum,2
AXISCADES,Aviation,2025-04-15,2026-02-02,810.7217622375488,808.7000122070312,1142.1375,1145.0,40.87909726855753,200,MONTHLY_CLOSE_LT_M_EMA9,False,Composite Momentum,2
HCG,Healthcare,2025-10-01,2026-02-02,641.9508505249023,640.3499755859375,589.6222256469727,591.0999755859375,-8.151500202101492,83,MONTHLY_CLOSE_LT_M_EMA9,True,Composite Momentum,2
BANKBARODA,Banks,2026-02-04,2026-04-01,277.7320340980547,277.03943550928153,244.46067038518046,245.07335376960447,-11.979663714675288,37,MONTHLY_CLOSE_LT_M_EMA9,True,Composite Momentum,2
OIL,Oil & Gas,2026-05-11,2026-07-01,458.1425,457.0,418.00236282348635,419.04998779296875,-8.76149607960703,37,MONTHLY_CLOSE_LT_M_EMA9,True,Composite Momentum,2
TITAN,Diamond  &  Jewellery,2026-02-02,2026-08-24,3996.885032503398,3986.9177381580034,5066.302500000001,5079.0,26.756272917532144,140,END_OF_BACKTEST,False,Composite Momentum,2
ARIHANT,Real Estate,2026-07-03,2026-08-24,795.985,794.0,1004.6820121765137,1007.2000122070312,26.21871168131481,35,END_OF_BACKTEST,False,Composite Momentum,2
ASIANPAINT,Chemicals,2019-04-12,2019-07-01,1344.512536347503,1341.1596372543672,1284.2397691317053,1287.4584151696292,-4.482871344549491,51,MONTHLY_CLOSE_LT_M_EMA9,True,Composite Momentum,3
CANTABIL,Retailing,2019-05-03,2019-11-01,51.560024114415064,51.43144550066341,40.56641687381459,40.66808709154345,-21.321959074737713,122,MONTHLY_CLOSE_LT_M_EMA9,True,Composite Momentum,3
BATAINDIA,Footwear,2019-05-10,2020-04-01,1216.081754671056,1213.0491318414524,1106.6706788283082,1109.4442895521886,-8.997016477098855,221,MONTHLY_CLOSE_LT_M_EMA9,True,Composite Momentum,3
BAJFINANCE,Finance,2019-07-10,2020-04-01,349.94047214801776,349.06780264141423,211.70952223423575,212.2401225405872,-39.50127547845141,179,MONTHLY_CLOSE_LT_M_EMA9,True,Composite Momentum,3
EQ30,Unclassified,2019-11-14,2020-04-01,348.4690061187744,347.6000061035156,254.3625,255.0,-27.00570336711625,96,MONTHLY_CLOSE_LT_M_EMA9,True,Composite Momentum,3
GMMPFAUDLR,Capital Goods,2020-07-21,2020-11-02,1358.0362759682669,1354.6496518386703,1166.0602806550348,1168.9827374987817,-14.13629361088716,73,MONTHLY_CLOSE_LT_M_EMA9,True,Composite Momentum,3
DRREDDY,Healthcare,2020-07-09,2021-03-01,749.1182193937851,747.2500941583892,853.9227571406125,856.0629144266791,13.99038696878033,163,MONTHLY_CLOSE_LT_M_EMA9,False,Composite Momentum,3
ADANIGREEN,Miscellaneous,2020-07-27,2021-08-02,346.8148872375488,345.95001220703125,880.1940243530274,882.4000244140625,153.79361058112357,254,MONTHLY_CLOSE_LT_M_EMA9,False,Composite Momentum,3
AARTIDRUGS,Healthcare,2020-11-02,2021-09-01,668.0135420626315,666.3476728804304,607.7741016365785,609.2973449990761,-9.017697491588434,206,MONTHLY_CLOSE_LT_M_EMA9,True,Composite Momentum,3
LAURUSLABS,Healthcare,2021-08-02,2021-11-01,640.828937757476,639.2308606059611,510.89221128762017,512.1726428948573,-20.27635127161358,62,MONTHLY_CLOSE_LT_M_EMA9,True,Composite Momentum,3
WIPRO,Software & IT Services,2021-03-02,2022-02-01,192.17020747638205,191.69098002631625,264.6276805587888,265.2909078283597,37.704841990823105,227,MONTHLY_CLOSE_LT_M_EMA9,False,Composite Momentum,3
SAGCEM,Construction Materials,2021-11-01,2022-02-01,278.9257737573324,278.23019826167825,240.94151441776503,241.54537786242108,-13.618052870443584,63,MONTHLY_CLOSE_LT_M_EMA9,True,Composite Momentum,3
HGS,Software & IT Services,2021-09-01,2022-03-02,1236.735282403351,1233.6511545170583,1175.438619046795,1178.3845804980401,-4.956328506892592,124,MONTHLY_CLOSE_LT_M_EMA9,True,Composite Momentum,3
TVTODAY,Media & Entertainment,2022-02-01,2022-06-01,286.2749893158596,285.5610865993612,196.1444575688313,196.63604768805143,-31.483900134769847,81,MONTHLY_CLOSE_LT_M_EMA9,True,Composite Momentum,3
GREENPANEL,Construction Materials,2022-03-10,2022-07-01,479.94410528485815,478.74723719187847,428.31328601531885,429.38675289756276,-10.757673383423512,77,MONTHLY_CLOSE_LT_M_EMA9,True,Composite Momentum,3
DANGEE,FMCG,2022-06-02,2022-11-01,22.055,22.0,21.496124238967898,21.549999237060547,-2.5340093449653223,103,MONTHLY_CLOSE_LT_M_EMA9,True,Composite Momentum,3
GSS,Software & IT Services,2022-08-01,2023-03-01,225.5625,225.0,223.3901219558716,223.9499969482422,-0.9630936188987123,145,MONTHLY_CLOSE_LT_M_EMA9,True,Composite Momentum,3
AURIONPRO,Software & IT Services,2022-11-03,2023-04-03,195.87060556536548,195.38215018989075,154.25784650188902,154.644457646004,-21.245024971135624,103,MONTHLY_CLOSE_LT_M_EMA9,True,Composite Momentum,3
KAMDHENU,Metals & Mining,2023-03-01,2023-10-03,32.70816192225225,32.626595433668086,28.764907652829432,28.83700015321246,-12.055872411283731,144,MONTHLY_CLOSE_LT_M_EMA9,True,Composite Momentum,3
HILTON,Automobile & Ancillaries,2023-04-03,2024-01-01,105.0620030593872,104.80000305175781,114.7125,115.0,9.18552536558606,183,MONTHLY_CLOSE_LT_M_EMA9,False,Composite Momentum,3
RKFORGE,Automobile & Ancillaries,2024-01-01,2024-06-03,717.5990044846303,715.8094807826736,695.2010819520684,696.943440553452,-3.1212309928785045,101,MONTHLY_CLOSE_LT_M_EMA9,True,Composite Momentum,3
HAL,Aviation,2023-10-03,2025-01-01,1884.779893075923,1880.0796938413198,4081.7814988109317,4092.0115276300066,116.56542038707481,306,MONTHLY_CLOSE_LT_M_EMA9,False,Composite Momentum,3
KEI,Electricals,2022-02-02,2025-02-01,1104.9306244884451,1102.17518652214,4045.060472039067,4055.198468209591,266.0918054390815,741,MONTHLY_CLOSE_LT_M_EMA9,False,Composite Momentum,3
SHILPAMED,Healthcare,2024-06-03,2025-02-01,249.32040236888795,248.69865572956405,353.53452502958453,354.42057647076143,41.799275819595415,168,MONTHLY_CLOSE_LT_M_EMA9,False,Composite Momentum,3
KITEX,Textiles,2025-01-02,2025-03-03,234.95697539198358,234.3710477725522,156.1883531166635,156.57980262322155,-33.52470048778452,42,MONTHLY_CLOSE_LT_M_EMA9,True,Composite Momentum,3
SIYSIL,Textiles,2025-02-03,2025-03-03,764.5613638544243,762.6547270368322,578.6338522770727,580.0840624331556,-24.31819345932224,19,MONTHLY_CLOSE_LT_M_EMA9,True,Composite Momentum,3
REPL,Infrastructure,2025-02-10,2025-03-03,285.7125,285.0,212.4475457382202,212.97999572753906,-25.64289425971204,14,MONTHLY_CLOSE_LT_M_EMA9,True,Composite Momentum,3
SRF,Diversified,2025-04-09,2025-09-01,2753.50591898726,2746.6393206855464,2831.2616911664536,2838.3575851292767,2.823882514397943,97,MONTHLY_CLOSE_LT_M_EMA9,False,Composite Momentum,3
RALLIS,Fertilisers & Pesticides,2025-09-01,2025-10-01,344.3575500885084,343.4988030808064,299.20681942254464,299.956711200546,-13.111584355957609,22,MONTHLY_CLOSE_LT_M_EMA9,True,Composite Momentum,3
AXISCADES,Aviation,2025-04-15,2026-02-02,810.7217622375488,808.7000122070312,1142.1375,1145.0,40.87909726855753,200,MONTHLY_CLOSE_LT_M_EMA9,False,Composite Momentum,3
HCG,Healthcare,2025-10-01,2026-02-02,641.9508505249023,640.3499755859375,589.6222256469727,591.0999755859375,-8.151500202101492,83,MONTHLY_CLOSE_LT_M_EMA9,True,Composite Momentum,3
BANKBARODA,Banks,2026-02-04,2026-04-01,277.7320340980547,277.03943550928153,244.46067038518046,245.07335376960447,-11.979663714675288,37,MONTHLY_CLOSE_LT_M_EMA9,True,Composite Momentum,3
NORBTEAEXP,Agri,2025-05-02,2026-05-04,40.0498757648468,39.95000076293945,63.54075076103211,63.70000076293945,58.65405209771981,247,MONTHLY_CLOSE_LT_M_EMA9,False,Composite Momentum,3
OIL,Oil & Gas,2026-05-11,2026-07-01,458.1425,457.0,418.00236282348635,419.04998779296875,-8.76149607960703,37,MONTHLY_CLOSE_LT_M_EMA9,True,Composite Momentum,3
TITAN,Diamond  &  Jewellery,2026-02-02,2026-08-24,3996.885032503398,3986.9177381580034,5066.302500000001,5079.0,26.756272917532144,140,END_OF_BACKTEST,False,Composite Momentum,3
LUPIN,Healthcare,2026-05-15,2026-08-24,2257.3027141097346,2251.6735302840248,2182.53,2188.0,-3.312480583235564,71,END_OF_BACKTEST,True,Composite Momentum,3
ARIHANT,Real Estate,2026-07-03,2026-08-24,795.985,794.0,1004.6820121765137,1007.2000122070312,26.21871168131481,35,END_OF_BACKTEST,False,Composite Momentum,3
ASIANPAINT,Chemicals,2019-04-12,2019-07-01,1344.512536347503,1341.1596372543672,1284.2397691317053,1287.4584151696292,-4.482871344549491,51,MONTHLY_CLOSE_LT_M_EMA9,True,Composite Momentum,5
HAVELLS,Capital Goods,2019-05-10,2019-08-01,699.9479012919053,698.2023953036462,610.7729224614168,612.3036816655807,-12.74023090374252,58,MONTHLY_CLOSE_LT_M_EMA9,True,Composite Momentum,5
SEAMECLTD,Logistics,2019-05-13,2019-09-03,422.88563520968705,421.83105756577265,322.6497405532054,323.45838651950413,-23.702837436599115,77,MONTHLY_CLOSE_LT_M_EMA9,True,Composite Momentum,5
CANTABIL,Retailing,2019-05-03,2019-11-01,51.560024114415064,51.43144550066341,40.56641687381459,40.66808709154345,-21.321959074737713,122,MONTHLY_CLOSE_LT_M_EMA9,True,Composite Momentum,5
BATAINDIA,Footwear,2019-05-10,2020-04-01,1216.081754671056,1213.0491318414524,1106.6706788283082,1109.4442895521886,-8.997016477098855,221,MONTHLY_CLOSE_LT_M_EMA9,True,Composite Momentum,5
BAJFINANCE,Finance,2019-07-10,2020-04-01,349.94047214801776,349.06780264141423,211.70952223423575,212.2401225405872,-39.50127547845141,179,MONTHLY_CLOSE_LT_M_EMA9,True,Composite Momentum,5
PIDILITIND,Chemicals,2019-09-23,2020-04-01,694.1067127919158,692.3757733585195,655.0218420659287,656.6635008179736,-5.630959909431715,130,MONTHLY_CLOSE_LT_M_EMA9,True,Composite Momentum,5
EQ30,Unclassified,2019-11-14,2020-04-01,348.4690061187744,347.6000061035156,254.3625,255.0,-27.00570336711625,96,MONTHLY_CLOSE_LT_M_EMA9,True,Composite Momentum,5
GMMPFAUDLR,Capital Goods,2020-07-21,2020-11-02,1358.0362759682669,1354.6496518386703,1166.0602806550348,1168.9827374987817,-14.13629361088716,73,MONTHLY_CLOSE_LT_M_EMA9,True,Composite Momentum,5
ABBOTINDIA,Healthcare,2019-08-02,2021-02-01,7571.327752531716,7552.446635941862,13031.927420621041,13064.588892853173,72.12208804807582,370,MONTHLY_CLOSE_LT_M_EMA9,False,Composite Momentum,5
DRREDDY,Healthcare,2020-07-09,2021-03-01,749.1182193937851,747.2500941583892,853.9227571406125,856.0629144266791,13.99038696878033,163,MONTHLY_CLOSE_LT_M_EMA9,False,Composite Momentum,5
COROMANDEL,Chemicals,2020-08-20,2021-05-03,729.2014541066272,727.3829966150896,698.9724864663181,700.7242972093413,-4.145489215643961,173,MONTHLY_CLOSE_LT_M_EMA9,True,Composite Momentum,5
ADANIGREEN,Miscellaneous,2020-07-27,2021-08-02,346.8148872375488,345.95001220703125,880.1940243530274,882.4000244140625,153.79361058112357,254,MONTHLY_CLOSE_LT_M_EMA9,False,Composite Momentum,5
AARTIDRUGS,Healthcare,2020-11-02,2021-09-01,668.0135420626315,666.3476728804304,607.7741016365785,609.2973449990761,-9.017697491588434,206,MONTHLY_CLOSE_LT_M_EMA9,True,Composite Momentum,5
LAURUSLABS,Healthcare,2021-08-02,2021-11-01,640.828937757476,639.2308606059611,510.89221128762017,512.1726428948573,-20.27635127161358,62,MONTHLY_CLOSE_LT_M_EMA9,True,Composite Momentum,5
CYBERTECH,Software & IT Services,2021-02-01,2021-12-01,107.03234759960745,106.76543401457103,127.1527743917848,127.47145302434566,18.798454152799643,205,MONTHLY_CLOSE_LT_M_EMA9,False,Composite Momentum,5
WIPRO,Software & IT Services,2021-03-02,2022-02-01,192.17020747638205,191.69098002631625,264.6276805587888,265.2909078283597,37.704841990823105,227,MONTHLY_CLOSE_LT_M_EMA9,False,Composite Momentum,5
MAHLOG,Logistics,2021-05-06,2022-02-01,513.4075432329968,512.1272251700716,573.0312157494143,574.4673842099392,11.613322262653014,185,MONTHLY_CLOSE_LT_M_EMA9,False,Composite Momentum,5
SAGCEM,Construction Materials,2021-11-01,2022-02-01,278.9257737573324,278.23019826167825,240.94151441776503,241.54537786242108,-13.618052870443584,63,MONTHLY_CLOSE_LT_M_EMA9,True,Composite Momentum,5
HGS,Software & IT Services,2021-09-01,2022-03-02,1236.735282403351,1233.6511545170583,1175.438619046795,1178.3845804980401,-4.956328506892592,124,MONTHLY_CLOSE_LT_M_EMA9,True,Composite Momentum,5
RGL,Diamond  &  Jewellery,2021-12-01,2022-05-02,162.18834953170065,161.7838898071827,144.09848553184736,144.45963461839332,-11.153614949585219,103,MONTHLY_CLOSE_LT_M_EMA9,True,Composite Momentum,5
TVTODAY,Media & Entertainment,2022-02-01,2022-06-01,286.2749893158596,285.5610865993612,196.1444575688313,196.63604768805143,-31.483900134769847,81,MONTHLY_CLOSE_LT_M_EMA9,True,Composite Momentum,5
GREENPANEL,Construction Materials,2022-03-10,2022-07-01,479.94410528485815,478.74723719187847,428.31328601531885,429.38675289756276,-10.757673383423512,77,MONTHLY_CLOSE_LT_M_EMA9,True,Composite Momentum,5
ACCURACY,Logistics,2022-02-03,2022-08-01,20.584073197348268,20.5327413439883,20.692471328879293,20.744332159277487,0.526611669574658,122,MONTHLY_CLOSE_LT_M_EMA9,False,Composite Momentum,5
GMDCLTD,Metals & Mining,2022-05-05,2022-10-03,171.5711176419185,171.14325949318555,124.48345114728194,124.79543974664855,-27.444984413350955,104,MONTHLY_CLOSE_LT_M_EMA9,True,Composite Momentum,5
DANGEE,FMCG,2022-06-02,2022-11-01,22.055,22.0,21.496124238967898,21.549999237060547,-2.5340093449653223,103,MONTHLY_CLOSE_LT_M_EMA9,True,Composite Momentum,5
ASAHIINDIA,Construction Materials,2022-08-12,2023-01-02,558.7289809257816,557.3356418212285,517.1895897287404,518.4858042393388,-7.434622619398187,96,MONTHLY_CLOSE_LT_M_EMA9,True,Composite Momentum,5
INSECTICID,Chemicals,2023-01-09,2023-02-01,720.5472257613482,718.7503498866316,603.7374147408594,605.2505410935934,-16.211263723493566,16,MONTHLY_CLOSE_LT_M_EMA9,True,Composite Momentum,5
GSS,Software & IT Services,2022-08-01,2023-03-01,225.5625,225.0,223.3901219558716,223.9499969482422,-0.9630936188987123,145,MONTHLY_CLOSE_LT_M_EMA9,True,Composite Momentum,5
RAMASTEEL,Automobile & Ancillaries,2022-10-03,2023-04-03,7.11774990439415,7.099999904632568,9.708999302387237,9.733332633972168,36.40545724138716,124,MONTHLY_CLOSE_LT_M_EMA9,False,Composite Momentum,5
AURIONPRO,Software & IT Services,2022-11-03,2023-04-03,195.87060556536548,195.38215018989075,154.25784650188902,154.644457646004,-21.245024971135624,103,MONTHLY_CLOSE_LT_M_EMA9,True,Composite Momentum,5
KAMDHENU,Metals & Mining,2023-03-01,2023-10-03,32.70816192225225,32.626595433668086,28.764907652829432,28.83700015321246,-12.055872411283731,144,MONTHLY_CLOSE_LT_M_EMA9,True,Composite Momentum,5
HILTON,Automobile & Ancillaries,2023-04-03,2024-01-01,105.0620030593872,104.80000305175781,114.7125,115.0,9.18552536558606,183,MONTHLY_CLOSE_LT_M_EMA9,False,Composite Momentum,5
RKFORGE,Automobile & Ancillaries,2024-01-01,2024-06-03,717.5990044846303,715.8094807826736,695.2010819520684,696.943440553452,-3.1212309928785045,101,MONTHLY_CLOSE_LT_M_EMA9,True,Composite Momentum,5
UNIONBANK,Banks,2023-02-01,2024-09-02,70.30603852475667,70.1307117453932,114.79120501741329,115.07890227309602,63.27360697046268,387,MONTHLY_CLOSE_LT_M_EMA9,False,Composite Momentum,5
HAL,Aviation,2023-10-03,2025-01-01,1884.779893075923,1880.0796938413198,4081.7814988109317,4092.0115276300066,116.56542038707481,306,MONTHLY_CLOSE_LT_M_EMA9,False,Composite Momentum,5
KEI,Electricals,2022-02-02,2025-02-01,1104.9306244884451,1102.17518652214,4045.060472039067,4055.198468209591,266.0918054390815,741,MONTHLY_CLOSE_LT_M_EMA9,False,Composite Momentum,5
SHILPAMED,Healthcare,2024-06-03,2025-02-01,249.32040236888795,248.69865572956405,353.53452502958453,354.42057647076143,41.799275819595415,168,MONTHLY_CLOSE_LT_M_EMA9,False,Composite Momentum,5
KITEX,Textiles,2025-01-02,2025-03-03,234.95697539198358,234.3710477725522,156.1883531166635,156.57980262322155,-33.52470048778452,42,MONTHLY_CLOSE_LT_M_EMA9,True,Composite Momentum,5
SIYSIL,Textiles,2025-02-03,2025-03-03,764.5613638544243,762.6547270368322,578.6338522770727,580.0840624331556,-24.31819345932224,19,MONTHLY_CLOSE_LT_M_EMA9,True,Composite Momentum,5
REPL,Infrastructure,2025-02-10,2025-03-03,285.7125,285.0,212.4475457382202,212.97999572753906,-25.64289425971204,14,MONTHLY_CLOSE_LT_M_EMA9,True,Composite Momentum,5
BLUESTARCO,Consumer Durables,2023-04-03,2025-05-02,674.8988521038522,673.2158125724211,1682.3706333338737,1686.58710108659,149.27744773745647,510,MONTHLY_CLOSE_LT_M_EMA9,False,Composite Momentum,5
ORIENTCEM,Construction Materials,2024-09-02,2025-07-01,304.29157977919823,303.5327479094247,240.04728447651254,240.64890674337096,-21.112741716120766,206,MONTHLY_CLOSE_LT_M_EMA9,True,Composite Momentum,5
AXISBANK,Banks,2025-07-07,2025-08-01,1179.6342628674286,1176.6925315385822,1061.5188225977377,1064.1792707746743,-10.01288653506711,19,MONTHLY_CLOSE_LT_M_EMA9,True,Composite Momentum,5
SRF,Diversified,2025-04-09,2025-09-01,2753.50591898726,2746.6393206855464,2831.2616911664536,2838.3575851292767,2.823882514397943,97,MONTHLY_CLOSE_LT_M_EMA9,False,Composite Momentum,5
CAMLINFINE,Chemicals,2025-08-01,2025-09-01,281.50198776245117,280.79998779296875,199.5,200.0,-29.130162957019518,19,MONTHLY_CLOSE_LT_M_EMA9,True,Composite Momentum,5
RALLIS,Fertilisers & Pesticides,2025-09-01,2025-10-01,344.3575500885084,343.4988030808064,299.20681942254464,299.956711200546,-13.111584355957609,22,MONTHLY_CLOSE_LT_M_EMA9,True,Composite Momentum,5
RAMANEWS,Paper,2025-05-09,2025-11-03,31.077499999999997,31.0,29.127000761032107,29.200000762939453,-6.276242422871499,122,MONTHLY_CLOSE_LT_M_EMA9,True,Composite Momentum,5
GINNIFILA,Textiles,2025-09-08,2025-12-01,47.969623470306395,47.849998474121094,40.38877667427063,40.4900016784668,-15.80343193798128,57,MONTHLY_CLOSE_LT_M_EMA9,True,Composite Momentum,5
AXISCADES,Aviation,2025-04-15,2026-02-02,810.7217622375488,808.7000122070312,1142.1375,1145.0,40.87909726855753,200,MONTHLY_CLOSE_LT_M_EMA9,False,Composite Momentum,5
HCG,Healthcare,2025-10-01,2026-02-02,641.9508505249023,640.3499755859375,589.6222256469727,591.0999755859375,-8.151500202101492,83,MONTHLY_CLOSE_LT_M_EMA9,True,Composite Momentum,5
NAM-INDIA,Finance,2025-12-05,2026-04-01,827.0056490719096,824.9432908447976,818.9833442548505,821.0359340900757,-0.9700423239021341,78,MONTHLY_CLOSE_LT_M_EMA9,True,Composite Momentum,5
BANKBARODA,Banks,2026-02-04,2026-04-01,277.7320340980547,277.03943550928153,244.46067038518046,245.07335376960447,-11.979663714675288,37,MONTHLY_CLOSE_LT_M_EMA9,True,Composite Momentum,5
NORBTEAEXP,Agri,2025-05-02,2026-05-04,40.0498757648468,39.95000076293945,63.54075076103211,63.70000076293945,58.65405209771981,247,MONTHLY_CLOSE_LT_M_EMA9,False,Composite Momentum,5
OIL,Oil & Gas,2026-05-11,2026-07-01,458.1425,457.0,418.00236282348635,419.04998779296875,-8.76149607960703,37,MONTHLY_CLOSE_LT_M_EMA9,True,Composite Momentum,5
POWERGRID,Power,2026-05-18,2026-07-01,297.04073776245116,296.29998779296875,287.08048782348635,287.79998779296875,-3.353159574674299,32,MONTHLY_CLOSE_LT_M_EMA9,True,Composite Momentum,5
TFCILTD,Finance,2025-11-04,2026-08-24,69.7599861769354,69.5860211241251,129.23609756469727,129.55999755859375,85.2582040898201,201,END_OF_BACKTEST,False,Composite Momentum,5
TITAN,Diamond  &  Jewellery,2026-02-02,2026-08-24,3996.885032503398,3986.9177381580034,5066.302500000001,5079.0,26.756272917532144,140,END_OF_BACKTEST,False,Composite Momentum,5
LUPIN,Healthcare,2026-05-15,2026-08-24,2257.3027141097346,2251.6735302840248,2182.53,2188.0,-3.312480583235564,71,END_OF_BACKTEST,True,Composite Momentum,5
ARIHANT,Real Estate,2026-07-03,2026-08-24,795.985,794.0,1004.6820121765137,1007.2000122070312,26.21871168131481,35,END_OF_BACKTEST,False,Composite Momentum,5
BHEL,Capital Goods,2026-07-09,2026-08-24,379.72506980615975,378.77812449492245,410.3714939117432,411.3999938964844,8.070687595429945,32,END_OF_BACKTEST,False,Composite Momentum,5
ASIANPAINT,Chemicals,2019-04-12,2019-07-01,1344.512536347503,1341.1596372543672,1284.2397691317053,1287.4584151696292,-4.482871344549491,51,MONTHLY_CLOSE_LT_M_EMA9,True,Composite Momentum,7
HAVELLS,Capital Goods,2019-05-10,2019-08-01,699.9479012919053,698.2023953036462,610.7729224614168,612.3036816655807,-12.74023090374252,58,MONTHLY_CLOSE_LT_M_EMA9,True,Composite Momentum,7
SEAMECLTD,Logistics,2019-05-13,2019-09-03,422.88563520968705,421.83105756577265,322.6497405532054,323.45838651950413,-23.702837436599115,77,MONTHLY_CLOSE_LT_M_EMA9,True,Composite Momentum,7
CANTABIL,Retailing,2019-05-03,2019-11-01,51.560024114415064,51.43144550066341,40.56641687381459,40.66808709154345,-21.321959074737713,122,MONTHLY_CLOSE_LT_M_EMA9,True,Composite Momentum,7
BATAINDIA,Footwear,2019-05-10,2020-04-01,1216.081754671056,1213.0491318414524,1106.6706788283082,1109.4442895521886,-8.997016477098855,221,MONTHLY_CLOSE_LT_M_EMA9,True,Composite Momentum,7
MUTHOOTFIN,Finance,2019-05-13,2020-04-01,510.7882130162825,509.5144269489102,550.4542044433783,551.8337889156675,7.76564345384207,220,MONTHLY_CLOSE_LT_M_EMA9,False,Composite Momentum,7
BAJFINANCE,Finance,2019-07-10,2020-04-01,349.94047214801776,349.06780264141423,211.70952223423575,212.2401225405872,-39.50127547845141,179,MONTHLY_CLOSE_LT_M_EMA9,True,Composite Momentum,7
PIDILITIND,Chemicals,2019-09-23,2020-04-01,694.1067127919158,692.3757733585195,655.0218420659287,656.6635008179736,-5.630959909431715,130,MONTHLY_CLOSE_LT_M_EMA9,True,Composite Momentum,7
EQ30,Unclassified,2019-11-14,2020-04-01,348.4690061187744,347.6000061035156,254.3625,255.0,-27.00570336711625,96,MONTHLY_CLOSE_LT_M_EMA9,True,Composite Momentum,7
GMMPFAUDLR,Capital Goods,2020-07-21,2020-11-02,1358.0362759682669,1354.6496518386703,1166.0602806550348,1168.9827374987817,-14.13629361088716,73,MONTHLY_CLOSE_LT_M_EMA9,True,Composite Momentum,7
ABBOTINDIA,Healthcare,2019-08-02,2021-02-01,7571.327752531716,7552.446635941862,13031.927420621041,13064.588892853173,72.12208804807582,370,MONTHLY_CLOSE_LT_M_EMA9,False,Composite Momentum,7
DRREDDY,Healthcare,2020-07-09,2021-03-01,749.1182193937851,747.2500941583892,853.9227571406125,856.0629144266791,13.99038696878033,163,MONTHLY_CLOSE_LT_M_EMA9,False,Composite Momentum,7
COROMANDEL,Chemicals,2020-08-20,2021-05-03,729.2014541066272,727.3829966150896,698.9724864663181,700.7242972093413,-4.145489215643961,173,MONTHLY_CLOSE_LT_M_EMA9,True,Composite Momentum,7
ADANIGREEN,Miscellaneous,2020-07-27,2021-08-02,346.8148872375488,345.95001220703125,880.1940243530274,882.4000244140625,153.79361058112357,254,MONTHLY_CLOSE_LT_M_EMA9,False,Composite Momentum,7
AARTIDRUGS,Healthcare,2020-11-02,2021-09-01,668.0135420626315,666.3476728804304,607.7741016365785,609.2973449990761,-9.017697491588434,206,MONTHLY_CLOSE_LT_M_EMA9,True,Composite Momentum,7
LAURUSLABS,Healthcare,2021-08-02,2021-11-01,640.828937757476,639.2308606059611,510.89221128762017,512.1726428948573,-20.27635127161358,62,MONTHLY_CLOSE_LT_M_EMA9,True,Composite Momentum,7
CYBERTECH,Software & IT Services,2021-02-01,2021-12-01,107.03234759960745,106.76543401457103,127.1527743917848,127.47145302434566,18.798454152799643,205,MONTHLY_CLOSE_LT_M_EMA9,False,Composite Momentum,7
GPIL,Metals & Mining,2021-02-01,2021-12-01,23.965730727023356,23.905965812492127,51.477972090939744,51.60698956485187,114.79825788451362,205,MONTHLY_CLOSE_LT_M_EMA9,False,Composite Momentum,7
DIVISLAB,Healthcare,2019-05-13,2022-02-01,1572.154170032027,1568.23358606686,3923.61986996216,3933.4535037214637,149.5696633799108,676,MONTHLY_CLOSE_LT_M_EMA9,False,Composite Momentum,7
WIPRO,Software & IT Services,2021-03-02,2022-02-01,192.17020747638205,191.69098002631625,264.6276805587888,265.2909078283597,37.704841990823105,227,MONTHLY_CLOSE_LT_M_EMA9,False,Composite Momentum,7
MAHLOG,Logistics,2021-05-06,2022-02-01,513.4075432329968,512.1272251700716,573.0312157494143,574.4673842099392,11.613322262653014,185,MONTHLY_CLOSE_LT_M_EMA9,False,Composite Momentum,7
SAGCEM,Construction Materials,2021-11-01,2022-02-01,278.9257737573324,278.23019826167825,240.94151441776503,241.54537786242108,-13.618052870443584,63,MONTHLY_CLOSE_LT_M_EMA9,True,Composite Momentum,7
HGS,Software & IT Services,2021-09-01,2022-03-02,1236.735282403351,1233.6511545170583,1175.438619046795,1178.3845804980401,-4.956328506892592,124,MONTHLY_CLOSE_LT_M_EMA9,True,Composite Momentum,7
RGL,Diamond  &  Jewellery,2021-12-01,2022-05-02,162.18834953170065,161.7838898071827,144.09848553184736,144.45963461839332,-11.153614949585219,103,MONTHLY_CLOSE_LT_M_EMA9,True,Composite Momentum,7
IRCTC,Software & IT Services,2021-12-01,2022-06-01,775.8081946098729,773.873510832791,662.5250502164699,664.1855140014736,-14.601952541938426,124,MONTHLY_CLOSE_LT_M_EMA9,True,Composite Momentum,7
TVTODAY,Media & Entertainment,2022-02-01,2022-06-01,286.2749893158596,285.5610865993612,196.1444575688313,196.63604768805143,-31.483900134769847,81,MONTHLY_CLOSE_LT_M_EMA9,True,Composite Momentum,7
LPDC,Diversified / Other,2022-02-03,2022-07-01,10.0751251912117,10.050000190734863,6.3840000951290135,6.400000095367432,-36.63602214394686,101,MONTHLY_CLOSE_LT_M_EMA9,True,Composite Momentum,7
GREENPANEL,Construction Materials,2022-03-10,2022-07-01,479.94410528485815,478.74723719187847,428.31328601531885,429.38675289756276,-10.757673383423512,77,MONTHLY_CLOSE_LT_M_EMA9,True,Composite Momentum,7
ACCURACY,Logistics,2022-02-03,2022-08-01,20.584073197348268,20.5327413439883,20.692471328879293,20.744332159277487,0.526611669574658,122,MONTHLY_CLOSE_LT_M_EMA9,False,Composite Momentum,7
GMDCLTD,Metals & Mining,2022-05-05,2022-10-03,171.5711176419185,171.14325949318555,124.48345114728194,124.79543974664855,-27.444984413350955,104,MONTHLY_CLOSE_LT_M_EMA9,True,Composite Momentum,7
DANGEE,FMCG,2022-06-02,2022-11-01,22.055,22.0,21.496124238967898,21.549999237060547,-2.5340093449653223,103,MONTHLY_CLOSE_LT_M_EMA9,True,Composite Momentum,7
ASAHIINDIA,Construction Materials,2022-08-12,2023-01-02,558.7289809257816,557.3356418212285,517.1895897287404,518.4858042393388,-7.434622619398187,96,MONTHLY_CLOSE_LT_M_EMA9,True,Composite Momentum,7
INSECTICID,Chemicals,2023-01-09,2023-02-01,720.5472257613482,718.7503498866316,603.7374147408594,605.2505410935934,-16.211263723493566,16,MONTHLY_CLOSE_LT_M_EMA9,True,Composite Momentum,7
GSS,Software & IT Services,2022-08-01,2023-03-01,225.5625,225.0,223.3901219558716,223.9499969482422,-0.9630936188987123,145,MONTHLY_CLOSE_LT_M_EMA9,True,Composite Momentum,7
RAMASTEEL,Automobile & Ancillaries,2022-10-03,2023-04-03,7.11774990439415,7.099999904632568,9.708999302387237,9.733332633972168,36.40545724138716,124,MONTHLY_CLOSE_LT_M_EMA9,False,Composite Momentum,7
AURIONPRO,Software & IT Services,2022-11-03,2023-04-03,195.87060556536548,195.38215018989075,154.25784650188902,154.644457646004,-21.245024971135624,103,MONTHLY_CLOSE_LT_M_EMA9,True,Composite Momentum,7
BSHSL,Agri,2022-06-10,2023-07-03,40.089976682662964,39.9900016784668,278.70149391174317,279.3999938964844,595.1899626129455,262,MONTHLY_CLOSE_LT_M_EMA9,False,Composite Momentum,7
KAMDHENU,Metals & Mining,2023-03-01,2023-10-03,32.70816192225225,32.626595433668086,28.764907652829432,28.83700015321246,-12.055872411283731,144,MONTHLY_CLOSE_LT_M_EMA9,True,Composite Momentum,7
HILTON,Automobile & Ancillaries,2023-04-03,2024-01-01,105.0620030593872,104.80000305175781,114.7125,115.0,9.18552536558606,183,MONTHLY_CLOSE_LT_M_EMA9,False,Composite Momentum,7
RKFORGE,Automobile & Ancillaries,2024-01-01,2024-06-03,717.5990044846303,715.8094807826736,695.2010819520684,696.943440553452,-3.1212309928785045,101,MONTHLY_CLOSE_LT_M_EMA9,True,Composite Momentum,7
UNIONBANK,Banks,2023-02-01,2024-09-02,70.30603852475667,70.1307117453932,114.79120501741329,115.07890227309602,63.27360697046268,387,MONTHLY_CLOSE_LT_M_EMA9,False,Composite Momentum,7
TTKHLTCARE,Healthcare,2023-07-03,2024-12-02,1239.477372247262,1236.386406231683,1473.4517447222886,1477.1446062378832,18.876857110413724,348,MONTHLY_CLOSE_LT_M_EMA9,False,Composite Momentum,7
HAL,Aviation,2023-10-03,2025-01-01,1884.779893075923,1880.0796938413198,4081.7814988109317,4092.0115276300066,116.56542038707481,306,MONTHLY_CLOSE_LT_M_EMA9,False,Composite Momentum,7
KEI,Electricals,2022-02-02,2025-02-01,1104.9306244884451,1102.17518652214,4045.060472039067,4055.198468209591,266.0918054390815,741,MONTHLY_CLOSE_LT_M_EMA9,False,Composite Momentum,7
SHILPAMED,Healthcare,2024-06-03,2025-02-01,249.32040236888795,248.69865572956405,353.53452502958453,354.42057647076143,41.799275819595415,168,MONTHLY_CLOSE_LT_M_EMA9,False,Composite Momentum,7
IPCALAB,Healthcare,2024-12-06,2025-03-03,1496.969542330751,1493.236451202744,1340.1062114994543,1343.4648736836634,-10.478725611682368,60,MONTHLY_CLOSE_LT_M_EMA9,True,Composite Momentum,7
KITEX,Textiles,2025-01-02,2025-03-03,234.95697539198358,234.3710477725522,156.1883531166635,156.57980262322155,-33.52470048778452,42,MONTHLY_CLOSE_LT_M_EMA9,True,Composite Momentum,7
SIYSIL,Textiles,2025-02-03,2025-03-03,764.5613638544243,762.6547270368322,578.6338522770727,580.0840624331556,-24.31819345932224,19,MONTHLY_CLOSE_LT_M_EMA9,True,Composite Momentum,7
REPL,Infrastructure,2025-02-10,2025-03-03,285.7125,285.0,212.4475457382202,212.97999572753906,-25.64289425971204,14,MONTHLY_CLOSE_LT_M_EMA9,True,Composite Momentum,7
BLUESTARCO,Consumer Durables,2023-04-03,2025-05-02,674.8988521038522,673.2158125724211,1682.3706333338737,1686.58710108659,149.27744773745647,510,MONTHLY_CLOSE_LT_M_EMA9,False,Composite Momentum,7
ORIENTCEM,Construction Materials,2024-09-02,2025-07-01,304.29157977919823,303.5327479094247,240.04728447651254,240.64890674337096,-21.112741716120766,206,MONTHLY_CLOSE_LT_M_EMA9,True,Composite Momentum,7
AXISBANK,Banks,2025-07-07,2025-08-01,1179.6342628674286,1176.6925315385822,1061.5188225977377,1064.1792707746743,-10.01288653506711,19,MONTHLY_CLOSE_LT_M_EMA9,True,Composite Momentum,7
TCPLPACK,Containers & Packaging,2022-09-23,2025-09-01,1129.231815379933,1126.415775940083,3344.928560269042,3353.311839868714,196.21274522305518,724,MONTHLY_CLOSE_LT_M_EMA9,False,Composite Momentum,7
SRF,Diversified,2025-04-09,2025-09-01,2753.50591898726,2746.6393206855464,2831.2616911664536,2838.3575851292767,2.823882514397943,97,MONTHLY_CLOSE_LT_M_EMA9,False,Composite Momentum,7
CAMLINFINE,Chemicals,2025-08-01,2025-09-01,281.50198776245117,280.79998779296875,199.5,200.0,-29.130162957019518,19,MONTHLY_CLOSE_LT_M_EMA9,True,Composite Momentum,7
RALLIS,Fertilisers & Pesticides,2025-09-01,2025-10-01,344.3575500885084,343.4988030808064,299.20681942254464,299.956711200546,-13.111584355957609,22,MONTHLY_CLOSE_LT_M_EMA9,True,Composite Momentum,7
RAMANEWS,Paper,2025-05-09,2025-11-03,31.077499999999997,31.0,29.127000761032107,29.200000762939453,-6.276242422871499,122,MONTHLY_CLOSE_LT_M_EMA9,True,Composite Momentum,7
GINNIFILA,Textiles,2025-09-08,2025-12-01,47.969623470306395,47.849998474121094,40.38877667427063,40.4900016784668,-15.80343193798128,57,MONTHLY_CLOSE_LT_M_EMA9,True,Composite Momentum,7
AXISCADES,Aviation,2025-04-15,2026-02-02,810.7217622375488,808.7000122070312,1142.1375,1145.0,40.87909726855753,200,MONTHLY_CLOSE_LT_M_EMA9,False,Composite Momentum,7
HCG,Healthcare,2025-05-29,2026-02-02,553.2797744750976,551.9000244140625,589.6222256469727,591.0999755859375,6.568548652687244,170,MONTHLY_CLOSE_LT_M_EMA9,False,Composite Momentum,7
HDFCAMC,Finance,2025-10-03,2026-02-02,2739.0707974887796,2732.240196996289,2410.015481467556,2416.055620518853,-12.013392144624602,82,MONTHLY_CLOSE_LT_M_EMA9,True,Composite Momentum,7
NAM-INDIA,Finance,2025-12-05,2026-04-01,827.0056490719096,824.9432908447976,818.9833442548505,821.0359340900757,-0.9700423239021341,78,MONTHLY_CLOSE_LT_M_EMA9,True,Composite Momentum,7
BANKBARODA,Banks,2026-02-04,2026-04-01,277.7320340980547,277.03943550928153,244.46067038518046,245.07335376960447,-11.979663714675288,37,MONTHLY_CLOSE_LT_M_EMA9,True,Composite Momentum,7
MUTHOOTFIN,Finance,2026-02-05,2026-04-01,3609.059829432851,3600.0596802322707,3243.378093828956,3251.5068609814093,-10.132326780001328,36,MONTHLY_CLOSE_LT_M_EMA9,True,Composite Momentum,7
NORBTEAEXP,Agri,2025-05-02,2026-05-04,40.0498757648468,39.95000076293945,63.54075076103211,63.70000076293945,58.65405209771981,247,MONTHLY_CLOSE_LT_M_EMA9,False,Composite Momentum,7
FORCEMOT,Automobile & Ancillaries,2025-09-10,2026-07-01,18335.725,18290.0,18643.275,18690.0,1.6773266396611148,200,MONTHLY_CLOSE_LT_M_EMA9,False,Composite Momentum,7
OIL,Oil & Gas,2026-05-11,2026-07-01,458.1425,457.0,418.00236282348635,419.04998779296875,-8.76149607960703,37,MONTHLY_CLOSE_LT_M_EMA9,True,Composite Momentum,7
POWERGRID,Power,2026-05-18,2026-07-01,297.04073776245116,296.29998779296875,287.08048782348635,287.79998779296875,-3.353159574674299,32,MONTHLY_CLOSE_LT_M_EMA9,True,Composite Momentum,7
AVANTIFEED,Consumer Goods,2026-05-20,2026-07-01,1244.1303922984555,1241.0278227416015,919.5917514649367,921.8964926966784,-26.085580968241867,30,MONTHLY_CLOSE_LT_M_EMA9,True,Composite Momentum,7
TFCILTD,Finance,2025-11-04,2026-08-24,69.7599861769354,69.5860211241251,129.23609756469727,129.55999755859375,85.2582040898201,201,END_OF_BACKTEST,False,Composite Momentum,7
TITAN,Diamond  &  Jewellery,2026-02-02,2026-08-24,3996.885032503398,3986.9177381580034,5066.302500000001,5079.0,26.756272917532144,140,END_OF_BACKTEST,False,Composite Momentum,7
LUPIN,Healthcare,2026-05-15,2026-08-24,2257.3027141097346,2251.6735302840248,2182.53,2188.0,-3.312480583235564,71,END_OF_BACKTEST,True,Composite Momentum,7
ARIHANT,Real Estate,2026-07-03,2026-08-24,795.985,794.0,1004.6820121765137,1007.2000122070312,26.21871168131481,35,END_OF_BACKTEST,False,Composite Momentum,7
BHEL,Capital Goods,2026-07-09,2026-08-24,379.72506980615975,378.77812449492245,410.3714939117432,411.3999938964844,8.070687595429945,32,END_OF_BACKTEST,False,Composite Momentum,7
APARINDS,Capital Goods,2026-07-10,2026-08-24,14205.425,14170.0,16663.2375,16705.0,17.30192866457709,31,END_OF_BACKTEST,False,Composite Momentum,7
MAHABANK,Banks,2026-07-10,2026-08-24,83.1072515296936,82.9000015258789,80.4982469558716,80.69999694824219,-3.1393224126655515,31,END_OF_BACKTEST,True,Composite Momentum,7
ASIANPAINT,Chemicals,2019-04-12,2019-07-01,1344.512536347503,1341.1596372543672,1284.2397691317053,1287.4584151696292,-4.482871344549491,51,MONTHLY_CLOSE_LT_M_EMA9,True,Composite Momentum,10
HAVELLS,Capital Goods,2019-05-10,2019-08-01,699.9479012919053,698.2023953036462,610.7729224614168,612.3036816655807,-12.74023090374252,58,MONTHLY_CLOSE_LT_M_EMA9,True,Composite Momentum,10
SUVEN,Healthcare,2019-05-17,2019-08-01,11.868521718978881,11.838924407958984,10.48636696100235,10.512648582458496,-11.645551069484382,53,MONTHLY_CLOSE_LT_M_EMA9,True,Composite Momentum,10
SEAMECLTD,Logistics,2019-05-13,2019-09-03,422.88563520968705,421.83105756577265,322.6497405532054,323.45838651950413,-23.702837436599115,77,MONTHLY_CLOSE_LT_M_EMA9,True,Composite Momentum,10
CANTABIL,Retailing,2019-05-03,2019-11-01,51.560024114415064,51.43144550066341,40.56641687381459,40.66808709154345,-21.321959074737713,122,MONTHLY_CLOSE_LT_M_EMA9,True,Composite Momentum,10
POWERGRID,Power,2019-08-08,2019-12-02,76.95655591850222,76.7646443077329,76.2968800842247,76.48810033506234,-0.8572055056311579,74,MONTHLY_CLOSE_LT_M_EMA9,True,Composite Momentum,10
PRESTIGE,Real Estate,2019-05-15,2020-03-02,240.9058474878859,240.30508477594603,289.52850347894287,290.2541388260079,20.18326101175356,197,MONTHLY_CLOSE_LT_M_EMA9,False,Composite Momentum,10
BATAINDIA,Footwear,2019-05-10,2020-04-01,1216.081754671056,1213.0491318414524,1106.6706788283082,1109.4442895521886,-8.997016477098855,221,MONTHLY_CLOSE_LT_M_EMA9,True,Composite Momentum,10
MUTHOOTFIN,Finance,2019-05-13,2020-04-01,510.7882130162825,509.5144269489102,550.4542044433783,551.8337889156675,7.76564345384207,220,MONTHLY_CLOSE_LT_M_EMA9,False,Composite Momentum,10
BAJFINANCE,Finance,2019-07-10,2020-04-01,349.94047214801776,349.06780264141423,211.70952223423575,212.2401225405872,-39.50127547845141,179,MONTHLY_CLOSE_LT_M_EMA9,True,Composite Momentum,10
PIDILITIND,Chemicals,2019-09-23,2020-04-01,694.1067127919158,692.3757733585195,655.0218420659287,656.6635008179736,-5.630959909431715,130,MONTHLY_CLOSE_LT_M_EMA9,True,Composite Momentum,10
EQ30,Unclassified,2019-11-14,2020-04-01,348.4690061187744,347.6000061035156,254.3625,255.0,-27.00570336711625,96,MONTHLY_CLOSE_LT_M_EMA9,True,Composite Momentum,10
DYNPRO,Chemicals,2019-12-02,2020-04-01,138.10432842560678,137.75992860409656,115.95974029541016,116.2503662109375,-16.03468072481547,84,MONTHLY_CLOSE_LT_M_EMA9,True,Composite Momentum,10
WELCORP,Metals & Mining,2020-03-04,2020-04-01,157.5856499390375,157.1926682683666,56.80495355987549,56.94732186453683,-63.952965525826336,19,MONTHLY_CLOSE_LT_M_EMA9,True,Composite Momentum,10
GMMPFAUDLR,Capital Goods,2020-07-21,2020-11-02,1358.0362759682669,1354.6496518386703,1166.0602806550348,1168.9827374987817,-14.13629361088716,73,MONTHLY_CLOSE_LT_M_EMA9,True,Composite Momentum,10
IPCALAB,Healthcare,2019-05-20,2021-02-01,452.97806425965035,451.84844315177094,913.5505323753033,915.8401327070709,101.67655002641571,423,MONTHLY_CLOSE_LT_M_EMA9,False,Composite Momentum,10
ABBOTINDIA,Healthcare,2019-08-02,2021-02-01,7571.327752531716,7552.446635941862,13031.927420621041,13064.588892853173,72.12208804807582,370,MONTHLY_CLOSE_LT_M_EMA9,False,Composite Momentum,10
DRREDDY,Healthcare,2020-07-09,2021-03-01,749.1182193937851,747.2500941583892,853.9227571406125,856.0629144266791,13.99038696878033,163,MONTHLY_CLOSE_LT_M_EMA9,False,Composite Momentum,10
COROMANDEL,Chemicals,2020-08-20,2021-05-03,729.2014541066272,727.3829966150896,698.9724864663181,700.7242972093413,-4.145489215643961,173,MONTHLY_CLOSE_LT_M_EMA9,True,Composite Momentum,10
ADANIGREEN,Miscellaneous,2020-07-27,2021-08-02,346.8148872375488,345.95001220703125,880.1940243530274,882.4000244140625,153.79361058112357,254,MONTHLY_CLOSE_LT_M_EMA9,False,Composite Momentum,10
AARTIDRUGS,Healthcare,2020-11-02,2021-09-01,668.0135420626315,666.3476728804304,607.7741016365785,609.2973449990761,-9.017697491588434,206,MONTHLY_CLOSE_LT_M_EMA9,True,Composite Momentum,10
LAURUSLABS,Healthcare,2021-08-02,2021-11-01,640.828937757476,639.2308606059611,510.89221128762017,512.1726428948573,-20.27635127161358,62,MONTHLY_CLOSE_LT_M_EMA9,True,Composite Momentum,10
RTNPOWER,Power,2021-08-02,2021-11-01,6.766875,6.75,3.840374904870987,3.8499999046325684,-43.247438368951876,62,MONTHLY_CLOSE_LT_M_EMA9,True,Composite Momentum,10
CYBERTECH,Software & IT Services,2021-02-01,2021-12-01,107.03234759960745,106.76543401457103,127.1527743917848,127.47145302434566,18.798454152799643,205,MONTHLY_CLOSE_LT_M_EMA9,False,Composite Momentum,10
GPIL,Metals & Mining,2021-02-01,2021-12-01,23.965730727023356,23.905965812492127,51.477972090939744,51.60698956485187,114.79825788451362,205,MONTHLY_CLOSE_LT_M_EMA9,False,Composite Momentum,10
DIVISLAB,Healthcare,2019-05-13,2022-02-01,1572.154170032027,1568.23358606686,3923.61986996216,3933.4535037214637,149.5696633799108,676,MONTHLY_CLOSE_LT_M_EMA9,False,Composite Momentum,10
LALPATHLAB,Healthcare,2020-09-02,2022-02-01,866.4846568804802,864.3238472623244,1441.4488281930123,1445.0614818977567,66.35595526671175,352,MONTHLY_CLOSE_LT_M_EMA9,False,Composite Momentum,10
WIPRO,Software & IT Services,2021-03-02,2022-02-01,192.17020747638205,191.69098002631625,264.6276805587888,265.2909078283597,37.704841990823105,227,MONTHLY_CLOSE_LT_M_EMA9,False,Composite Momentum,10
MAHLOG,Logistics,2021-05-06,2022-02-01,513.4075432329968,512.1272251700716,573.0312157494143,574.4673842099392,11.613322262653014,185,MONTHLY_CLOSE_LT_M_EMA9,False,Composite Momentum,10
SAGCEM,Construction Materials,2021-11-01,2022-02-01,278.9257737573324,278.23019826167825,240.94151441776503,241.54537786242108,-13.618052870443584,63,MONTHLY_CLOSE_LT_M_EMA9,True,Composite Momentum,10
HGS,Software & IT Services,2021-09-01,2022-03-02,1236.735282403351,1233.6511545170583,1175.438619046795,1178.3845804980401,-4.956328506892592,124,MONTHLY_CLOSE_LT_M_EMA9,True,Composite Momentum,10
RGL,Diamond  &  Jewellery,2021-12-01,2022-05-02,162.18834953170065,161.7838898071827,144.09848553184736,144.45963461839332,-11.153614949585219,103,MONTHLY_CLOSE_LT_M_EMA9,True,Composite Momentum,10
IRCTC,Software & IT Services,2021-12-01,2022-06-01,775.8081946098729,773.873510832791,662.5250502164699,664.1855140014736,-14.601952541938426,124,MONTHLY_CLOSE_LT_M_EMA9,True,Composite Momentum,10
TVTODAY,Media & Entertainment,2022-02-01,2022-06-01,286.2749893158596,285.5610865993612,196.1444575688313,196.63604768805143,-31.483900134769847,81,MONTHLY_CLOSE_LT_M_EMA9,True,Composite Momentum,10
CALSOFT,Diversified / Other,2022-02-03,2022-06-01,41.5035015296936,41.400001525878906,23.690625,23.75,-42.918972793053165,79,MONTHLY_CLOSE_LT_M_EMA9,True,Composite Momentum,10
TATACHEM,Chemicals,2021-11-01,2022-07-01,849.9383247199537,847.818777775515,744.5456806657563,746.4117099406078,-12.400034330599603,166,MONTHLY_CLOSE_LT_M_EMA9,True,Composite Momentum,10
LPDC,Diversified / Other,2022-02-03,2022-07-01,10.0751251912117,10.050000190734863,6.3840000951290135,6.400000095367432,-36.63602214394686,101,MONTHLY_CLOSE_LT_M_EMA9,True,Composite Momentum,10
GREENPANEL,Construction Materials,2022-03-10,2022-07-01,479.94410528485815,478.74723719187847,428.31328601531885,429.38675289756276,-10.757673383423512,77,MONTHLY_CLOSE_LT_M_EMA9,True,Composite Momentum,10
ACCURACY,Logistics,2022-02-03,2022-08-01,20.584073197348268,20.5327413439883,20.692471328879293,20.744332159277487,0.526611669574658,122,MONTHLY_CLOSE_LT_M_EMA9,False,Composite Momentum,10
GMDCLTD,Metals & Mining,2022-05-05,2022-10-03,171.5711176419185,171.14325949318555,124.48345114728194,124.79543974664855,-27.444984413350955,104,MONTHLY_CLOSE_LT_M_EMA9,True,Composite Momentum,10
DANGEE,FMCG,2022-06-02,2022-11-01,22.055,22.0,21.496124238967898,21.549999237060547,-2.5340093449653223,103,MONTHLY_CLOSE_LT_M_EMA9,True,Composite Momentum,10
ASAHIINDIA,Construction Materials,2022-08-12,2023-01-02,558.7289809257816,557.3356418212285,517.1895897287404,518.4858042393388,-7.434622619398187,96,MONTHLY_CLOSE_LT_M_EMA9,True,Composite Momentum,10
INSECTICID,Chemicals,2023-01-09,2023-02-01,720.5472257613482,718.7503498866316,603.7374147408594,605.2505410935934,-16.211263723493566,16,MONTHLY_CLOSE_LT_M_EMA9,True,Composite Momentum,10
GSS,Software & IT Services,2022-08-01,2023-03-01,225.5625,225.0,223.3901219558716,223.9499969482422,-0.9630936188987123,145,MONTHLY_CLOSE_LT_M_EMA9,True,Composite Momentum,10
DSSL,Software & IT Services,2021-02-01,2023-04-03,59.35683233585797,59.20881031008277,327.2315370941162,328.0516662597656,451.2954856528502,538,MONTHLY_CLOSE_LT_M_EMA9,False,Composite Momentum,10
GOKULAGRO,Agri,2022-06-16,2023-04-03,51.10867712020874,50.981224060058594,51.121875,51.25,0.025823168461633312,198,MONTHLY_CLOSE_LT_M_EMA9,False,Composite Momentum,10
RAMASTEEL,Automobile & Ancillaries,2022-10-03,2023-04-03,7.11774990439415,7.099999904632568,9.708999302387237,9.733332633972168,36.40545724138716,124,MONTHLY_CLOSE_LT_M_EMA9,False,Composite Momentum,10
AURIONPRO,Software & IT Services,2022-11-03,2023-04-03,195.87060556536548,195.38215018989075,154.25784650188902,154.644457646004,-21.245024971135624,103,MONTHLY_CLOSE_LT_M_EMA9,True,Composite Momentum,10
BSHSL,Agri,2022-06-10,2023-07-03,40.089976682662964,39.9900016784668,278.70149391174317,279.3999938964844,595.1899626129455,262,MONTHLY_CLOSE_LT_M_EMA9,False,Composite Momentum,10
KAMDHENU,Metals & Mining,2023-03-01,2023-10-03,32.70816192225225,32.626595433668086,28.764907652829432,28.83700015321246,-12.055872411283731,144,MONTHLY_CLOSE_LT_M_EMA9,True,Composite Momentum,10
HILTON,Automobile & Ancillaries,2023-04-03,2024-01-01,105.0620030593872,104.80000305175781,114.7125,115.0,9.18552536558606,183,MONTHLY_CLOSE_LT_M_EMA9,False,Composite Momentum,10
ARROWGREEN,Plastic Products,2023-07-05,2024-04-01,322.8880906128568,322.0828834043459,379.958182506919,380.91045865355284,17.674882893865952,181,MONTHLY_CLOSE_LT_M_EMA9,False,Composite Momentum,10
SURYAROSNI,Diversified,2023-07-07,2024-04-01,186.77813375665207,186.31235287446592,244.7662237331575,245.3796729154461,31.046508930245796,179,MONTHLY_CLOSE_LT_M_EMA9,False,Composite Momentum,10
RKFORGE,Automobile & Ancillaries,2024-01-01,2024-06-03,717.5990044846303,715.8094807826736,695.2010819520684,696.943440553452,-3.1212309928785045,101,MONTHLY_CLOSE_LT_M_EMA9,True,Composite Momentum,10
UNIONBANK,Banks,2023-02-01,2024-09-02,70.30603852475667,70.1307117453932,114.79120501741329,115.07890227309602,63.27360697046268,387,MONTHLY_CLOSE_LT_M_EMA9,False,Composite Momentum,10
JSL,Metals & Mining,2023-04-24,2024-11-01,264.45640908041827,263.79691678844716,669.8563155037617,671.5351533872298,153.2955498537628,377,MONTHLY_CLOSE_LT_M_EMA9,False,Composite Momentum,10
ADANIPOWER,Power,2024-04-01,2024-11-01,109.81385091781615,109.54000091552734,118.84214939117432,119.13999938964844,8.22145694545843,146,MONTHLY_CLOSE_LT_M_EMA9,False,Composite Momentum,10
TTKHLTCARE,Healthcare,2023-07-03,2024-12-02,1239.477372247262,1236.386406231683,1473.4517447222886,1477.1446062378832,18.876857110413724,348,MONTHLY_CLOSE_LT_M_EMA9,False,Composite Momentum,10
HAL,Aviation,2023-10-03,2025-01-01,1884.779893075923,1880.0796938413198,4081.7814988109317,4092.0115276300066,116.56542038707481,306,MONTHLY_CLOSE_LT_M_EMA9,False,Composite Momentum,10
KEI,Electricals,2022-02-02,2025-02-01,1104.9306244884451,1102.17518652214,4045.060472039067,4055.198468209591,266.0918054390815,741,MONTHLY_CLOSE_LT_M_EMA9,False,Composite Momentum,10
SHILPAMED,Healthcare,2024-06-03,2025-02-01,249.32040236888795,248.69865572956405,353.53452502958453,354.42057647076143,41.799275819595415,168,MONTHLY_CLOSE_LT_M_EMA9,False,Composite Momentum,10
SYMPHONY,Consumer Durables,2024-11-01,2025-02-01,1528.7781078534026,1524.9656936193544,1227.0071648003766,1230.0823707271945,-19.739355338934732,63,MONTHLY_CLOSE_LT_M_EMA9,True,Composite Momentum,10
NITCO,Construction Materials,2024-04-01,2025-03-03,58.846750764846796,58.70000076293945,96.08917682647706,96.33000183105469,63.287140883023426,229,MONTHLY_CLOSE_LT_M_EMA9,False,Composite Momentum,10
MAHSCOOTER,Automobile & Ancillaries,2024-11-01,2025-03-03,10533.011695867026,10506.74483378257,9012.143347175248,9034.730172606764,-14.4390644632868,83,MONTHLY_CLOSE_LT_M_EMA9,True,Composite Momentum,10
IPCALAB,Healthcare,2024-12-06,2025-03-03,1496.969542330751,1493.236451202744,1340.1062114994543,1343.4648736836634,-10.478725611682368,60,MONTHLY_CLOSE_LT_M_EMA9,True,Composite Momentum,10
KITEX,Textiles,2025-01-02,2025-03-03,234.95697539198358,234.3710477725522,156.1883531166635,156.57980262322155,-33.52470048778452,42,MONTHLY_CLOSE_LT_M_EMA9,True,Composite Momentum,10
SIYSIL,Textiles,2025-02-03,2025-03-03,764.5613638544243,762.6547270368322,578.6338522770727,580.0840624331556,-24.31819345932224,19,MONTHLY_CLOSE_LT_M_EMA9,True,Composite Momentum,10
REPL,Infrastructure,2025-02-10,2025-03-03,285.7125,285.0,212.4475457382202,212.97999572753906,-25.64289425971204,14,MONTHLY_CLOSE_LT_M_EMA9,True,Composite Momentum,10
BLUESTARCO,Consumer Durables,2023-04-03,2025-05-02,674.8988521038522,673.2158125724211,1682.3706333338737,1686.58710108659,149.27744773745647,510,MONTHLY_CLOSE_LT_M_EMA9,False,Composite Momentum,10
ORIENTCEM,Construction Materials,2024-09-02,2025-07-01,304.29157977919823,303.5327479094247,240.04728447651254,240.64890674337096,-21.112741716120766,206,MONTHLY_CLOSE_LT_M_EMA9,True,Composite Momentum,10
GOLDIAM,Diamond  &  Jewellery,2025-02-13,2025-07-01,315.7346543835986,314.94728616817815,255.6576005077779,256.29834637371215,-19.02770349777022,91,MONTHLY_CLOSE_LT_M_EMA9,True,Composite Momentum,10
PANACEABIO,Healthcare,2025-06-06,2025-08-01,472.47823776245116,471.29998779296875,399.09975608825687,400.1000061035156,-15.530552692055826,40,MONTHLY_CLOSE_LT_M_EMA9,True,Composite Momentum,10
AXISBANK,Banks,2025-07-07,2025-08-01,1179.6342628674286,1176.6925315385822,1061.5188225977377,1064.1792707746743,-10.01288653506711,19,MONTHLY_CLOSE_LT_M_EMA9,True,Composite Momentum,10
TCPLPACK,Containers & Packaging,2022-09-23,2025-09-01,1129.231815379933,1126.415775940083,3344.928560269042,3353.311839868714,196.21274522305518,724,MONTHLY_CLOSE_LT_M_EMA9,False,Composite Momentum,10
SRF,Diversified,2025-04-09,2025-09-01,2753.50591898726,2746.6393206855464,2831.2616911664536,2838.3575851292767,2.823882514397943,97,MONTHLY_CLOSE_LT_M_EMA9,False,Composite Momentum,10
CAMLINFINE,Chemicals,2025-08-01,2025-09-01,281.50198776245117,280.79998779296875,199.5,200.0,-29.130162957019518,19,MONTHLY_CLOSE_LT_M_EMA9,True,Composite Momentum,10
BANARISUG,Diversified / Other,2025-06-09,2025-10-01,3986.487964495085,3976.5465980000854,3659.9273474121096,3669.10009765625,-8.191687018534285,80,MONTHLY_CLOSE_LT_M_EMA9,True,Composite Momentum,10
BSE,Unclassified,2025-07-10,2025-10-01,2534.2600135868765,2527.940163178929,2037.5122190476616,2042.618765962568,-19.60129552121768,57,MONTHLY_CLOSE_LT_M_EMA9,True,Composite Momentum,10
RALLIS,Fertilisers & Pesticides,2025-09-01,2025-10-01,344.3575500885084,343.4988030808064,299.20681942254464,299.956711200546,-13.111584355957609,22,MONTHLY_CLOSE_LT_M_EMA9,True,Composite Momentum,10
RAMANEWS,Paper,2025-05-09,2025-11-03,31.077499999999997,31.0,29.127000761032107,29.200000762939453,-6.276242422871499,122,MONTHLY_CLOSE_LT_M_EMA9,True,Composite Momentum,10
GINNIFILA,Textiles,2025-09-08,2025-12-01,47.969623470306395,47.849998474121094,40.38877667427063,40.4900016784668,-15.80343193798128,57,MONTHLY_CLOSE_LT_M_EMA9,True,Composite Momentum,10
SARDAEN,Metals & Mining,2025-10-03,2025-12-01,552.1638572240188,550.7868899990212,491.77599522530903,493.0085165166005,-10.936583626155334,39,MONTHLY_CLOSE_LT_M_EMA9,True,Composite Momentum,10
AXISCADES,Aviation,2025-04-15,2026-02-02,810.7217622375488,808.7000122070312,1142.1375,1145.0,40.87909726855753,200,MONTHLY_CLOSE_LT_M_EMA9,False,Composite Momentum,10
HCG,Healthcare,2025-05-29,2026-02-02,553.2797744750976,551.9000244140625,589.6222256469727,591.0999755859375,6.568548652687244,170,MONTHLY_CLOSE_LT_M_EMA9,False,Composite Momentum,10
HDFCAMC,Finance,2025-10-03,2026-02-02,2739.0707974887796,2732.240196996289,2410.015481467556,2416.055620518853,-12.013392144624602,82,MONTHLY_CLOSE_LT_M_EMA9,True,Composite Momentum,10
ABCAPITAL,Finance,2025-08-01,2026-04-01,257.14125,256.5,302.2425,303.0,17.539484621778882,163,MONTHLY_CLOSE_LT_M_EMA9,False,Composite Momentum,10
NAM-INDIA,Finance,2025-12-05,2026-04-01,827.0056490719096,824.9432908447976,818.9833442548505,821.0359340900757,-0.9700423239021341,78,MONTHLY_CLOSE_LT_M_EMA9,True,Composite Momentum,10
BANKBARODA,Banks,2026-02-04,2026-04-01,277.7320340980547,277.03943550928153,244.46067038518046,245.07335376960447,-11.979663714675288,37,MONTHLY_CLOSE_LT_M_EMA9,True,Composite Momentum,10
MUTHOOTFIN,Finance,2026-02-05,2026-04-01,3609.059829432851,3600.0596802322707,3243.378093828956,3251.5068609814093,-10.132326780001328,36,MONTHLY_CLOSE_LT_M_EMA9,True,Composite Momentum,10
NORBTEAEXP,Agri,2025-05-02,2026-05-04,40.0498757648468,39.95000076293945,63.54075076103211,63.70000076293945,58.65405209771981,247,MONTHLY_CLOSE_LT_M_EMA9,False,Composite Momentum,10
OIL,Oil & Gas,2026-05-11,2026-07-01,458.1425,457.0,418.00236282348635,419.04998779296875,-8.76149607960703,37,MONTHLY_CLOSE_LT_M_EMA9,True,Composite Momentum,10
POWERGRID,Power,2026-05-18,2026-07-01,297.04073776245116,296.29998779296875,287.08048782348635,287.79998779296875,-3.353159574674299,32,MONTHLY_CLOSE_LT_M_EMA9,True,Composite Momentum,10
AVANTIFEED,Consumer Goods,2026-05-20,2026-07-01,1244.1303922984555,1241.0278227416015,919.5917514649367,921.8964926966784,-26.085580968241867,30,MONTHLY_CLOSE_LT_M_EMA9,True,Composite Momentum,10
CCL,Agri,2025-10-03,2026-08-24,861.8272251361685,859.678030061016,1079.0955487060548,1081.800048828125,25.21019494778179,222,END_OF_BACKTEST,False,Composite Momentum,10
TFCILTD,Finance,2025-11-04,2026-08-24,69.7599861769354,69.5860211241251,129.23609756469727,129.55999755859375,85.2582040898201,201,END_OF_BACKTEST,False,Composite Momentum,10
SALSTEEL,Metals & Mining,2025-12-08,2026-08-24,35.87947591781616,35.790000915527344,76.86734756469727,77.05999755859375,114.23765425327284,176,END_OF_BACKTEST,False,Composite Momentum,10
TITAN,Diamond  &  Jewellery,2026-02-02,2026-08-24,3996.885032503398,3986.9177381580034,5066.302500000001,5079.0,26.756272917532144,140,END_OF_BACKTEST,False,Composite Momentum,10
THANGAMAYL,Diamond  &  Jewellery,2026-02-05,2026-08-24,3281.9270141764687,3273.742657532637,5479.766250000001,5493.5,66.9679498151495,137,END_OF_BACKTEST,False,Composite Momentum,10
LUPIN,Healthcare,2026-05-15,2026-08-24,2257.3027141097346,2251.6735302840248,2182.53,2188.0,-3.312480583235564,71,END_OF_BACKTEST,True,Composite Momentum,10
UNIVPHOTO,FMCG,2026-05-25,2026-08-24,432.5286372375488,431.45001220703125,447.97725608825687,449.1000061035156,3.571698500560442,65,END_OF_BACKTEST,False,Composite Momentum,10
ARIHANT,Real Estate,2026-07-03,2026-08-24,795.985,794.0,1004.6820121765137,1007.2000122070312,26.21871168131481,35,END_OF_BACKTEST,False,Composite Momentum,10
BHEL,Capital Goods,2026-07-09,2026-08-24,379.72506980615975,378.77812449492245,410.3714939117432,411.3999938964844,8.070687595429945,32,END_OF_BACKTEST,False,Composite Momentum,10
APARINDS,Capital Goods,2026-07-10,2026-08-24,14205.425,14170.0,16663.2375,16705.0,17.30192866457709,31,END_OF_BACKTEST,False,Composite Momentum,10
ASIANPAINT,Chemicals,2019-04-12,2019-07-01,1344.512536347503,1341.1596372543672,1284.2397691317053,1287.4584151696292,-4.482871344549491,51,MONTHLY_CLOSE_LT_M_EMA9,True,Composite Momentum,15
HAVELLS,Capital Goods,2019-05-10,2019-08-01,699.9479012919053,698.2023953036462,610.7729224614168,612.3036816655807,-12.74023090374252,58,MONTHLY_CLOSE_LT_M_EMA9,True,Composite Momentum,15
SUVEN,Healthcare,2019-05-17,2019-08-01,11.868521718978881,11.838924407958984,10.48636696100235,10.512648582458496,-11.645551069484382,53,MONTHLY_CLOSE_LT_M_EMA9,True,Composite Momentum,15
TRIVENI,Agri,2019-06-24,2019-08-01,62.88908817157098,62.73225752775161,50.4208240556712,50.547192035760595,-19.825798844283554,28,MONTHLY_CLOSE_LT_M_EMA9,True,Composite Momentum,15
SEAMECLTD,Logistics,2019-05-13,2019-09-03,422.88563520968705,421.83105756577265,322.6497405532054,323.45838651950413,-23.702837436599115,77,MONTHLY_CLOSE_LT_M_EMA9,True,Composite Momentum,15
PGHH,FMCG,2019-06-20,2019-09-03,9539.985583434533,9516.195095695295,9159.823213345026,9182.78016375441,-3.984936526000945,50,MONTHLY_CLOSE_LT_M_EMA9,True,Composite Momentum,15
CANTABIL,Retailing,2019-05-03,2019-11-01,51.560024114415064,51.43144550066341,40.56641687381459,40.66808709154345,-21.321959074737713,122,MONTHLY_CLOSE_LT_M_EMA9,True,Composite Momentum,15
POWERGRID,Power,2019-08-08,2019-12-02,76.95655591850222,76.7646443077329,76.2968800842247,76.48810033506234,-0.8572055056311579,74,MONTHLY_CLOSE_LT_M_EMA9,True,Composite Momentum,15
HEIDELBERG,Cement & Cement Products,2019-06-24,2020-01-01,149.15823068456285,148.78626502200785,141.6314321048523,141.98639810010255,-5.0461838714271705,128,MONTHLY_CLOSE_LT_M_EMA9,True,Composite Momentum,15
AGROPHOS,Chemicals,2019-08-26,2020-01-01,79.60797241712417,79.40944879513634,69.51459022521973,69.68881225585938,-12.678858518111547,85,MONTHLY_CLOSE_LT_M_EMA9,True,Composite Momentum,15
PRESTIGE,Real Estate,2019-05-15,2020-03-02,240.9058474878859,240.30508477594603,289.52850347894287,290.2541388260079,20.18326101175356,197,MONTHLY_CLOSE_LT_M_EMA9,False,Composite Momentum,15
BALRAMCHIN,Agri,2019-06-21,2020-03-02,132.36865832561384,132.03856192081182,136.98371878442995,137.32703637536838,3.4865205383161957,171,MONTHLY_CLOSE_LT_M_EMA9,False,Composite Momentum,15
BATAINDIA,Footwear,2019-05-10,2020-04-01,1216.081754671056,1213.0491318414524,1106.6706788283082,1109.4442895521886,-8.997016477098855,221,MONTHLY_CLOSE_LT_M_EMA9,True,Composite Momentum,15
MUTHOOTFIN,Finance,2019-05-13,2020-04-01,510.7882130162825,509.5144269489102,550.4542044433783,551.8337889156675,7.76564345384207,220,MONTHLY_CLOSE_LT_M_EMA9,False,Composite Momentum,15
HONAUT,Consumer Durables,2019-06-27,2020-04-01,24167.253847446424,24106.986381492694,25503.352011962586,25567.270187431164,5.52854773219233,188,MONTHLY_CLOSE_LT_M_EMA9,False,Composite Momentum,15
BAJFINANCE,Finance,2019-07-10,2020-04-01,349.94047214801776,349.06780264141423,211.70952223423575,212.2401225405872,-39.50127547845141,179,MONTHLY_CLOSE_LT_M_EMA9,True,Composite Momentum,15
PIDILITIND,Chemicals,2019-09-23,2020-04-01,694.1067127919158,692.3757733585195,655.0218420659287,656.6635008179736,-5.630959909431715,130,MONTHLY_CLOSE_LT_M_EMA9,True,Composite Momentum,15
EQ30,Unclassified,2019-11-14,2020-04-01,348.4690061187744,347.6000061035156,254.3625,255.0,-27.00570336711625,96,MONTHLY_CLOSE_LT_M_EMA9,True,Composite Momentum,15
ATUL,Chemicals,2019-11-18,2020-04-01,3957.15917721823,3947.290949843621,3892.18879260963,3901.943651738977,-1.6418441032809872,94,MONTHLY_CLOSE_LT_M_EMA9,True,Composite Momentum,15
DYNPRO,Chemicals,2019-12-02,2020-04-01,138.10432842560678,137.75992860409656,115.95974029541016,116.2503662109375,-16.03468072481547,84,MONTHLY_CLOSE_LT_M_EMA9,True,Composite Momentum,15
PIIND,Chemicals,2020-01-09,2020-04-01,1421.3733784471212,1417.8288064310436,1150.4408994574537,1153.3242099824097,-19.06131654763836,57,MONTHLY_CLOSE_LT_M_EMA9,True,Composite Momentum,15
WELCORP,Metals & Mining,2020-03-04,2020-04-01,157.5856499390375,157.1926682683666,56.80495355987549,56.94732186453683,-63.952965525826336,19,MONTHLY_CLOSE_LT_M_EMA9,True,Composite Momentum,15
ESABINDIA,Capital Goods,2020-03-04,2020-04-01,1269.041654589312,1265.8769621838524,937.9170782542591,940.2677476233173,-26.092490749817948,19,MONTHLY_CLOSE_LT_M_EMA9,True,Composite Momentum,15
GMMPFAUDLR,Capital Goods,2020-07-21,2020-11-02,1358.0362759682669,1354.6496518386703,1166.0602806550348,1168.9827374987817,-14.13629361088716,73,MONTHLY_CLOSE_LT_M_EMA9,True,Composite Momentum,15
IPCALAB,Healthcare,2019-05-20,2021-02-01,452.97806425965035,451.84844315177094,913.5505323753033,915.8401327070709,101.67655002641571,423,MONTHLY_CLOSE_LT_M_EMA9,False,Composite Momentum,15
ABBOTINDIA,Healthcare,2019-08-02,2021-02-01,7571.327752531716,7552.446635941862,13031.927420621041,13064.588892853173,72.12208804807582,370,MONTHLY_CLOSE_LT_M_EMA9,False,Composite Momentum,15
DRREDDY,Healthcare,2020-07-09,2021-03-01,749.1182193937851,747.2500941583892,853.9227571406125,856.0629144266791,13.99038696878033,163,MONTHLY_CLOSE_LT_M_EMA9,False,Composite Momentum,15
ITI,Telecom,2020-09-11,2021-04-01,138.79612194061278,138.4499969482422,115.36087652206422,115.6500015258789,-16.884654333912792,138,MONTHLY_CLOSE_LT_M_EMA9,True,Composite Momentum,15
COROMANDEL,Chemicals,2020-08-20,2021-05-03,729.2014541066272,727.3829966150896,698.9724864663181,700.7242972093413,-4.145489215643961,173,MONTHLY_CLOSE_LT_M_EMA9,True,Composite Momentum,15
ADANIGREEN,Miscellaneous,2020-07-27,2021-08-02,346.8148872375488,345.95001220703125,880.1940243530274,882.4000244140625,153.79361058112357,254,MONTHLY_CLOSE_LT_M_EMA9,False,Composite Momentum,15
APLLTD,Healthcare,2020-09-04,2021-08-02,871.7425943069296,869.5686726253663,744.072293980442,745.9371368224982,-14.645412666567081,225,MONTHLY_CLOSE_LT_M_EMA9,True,Composite Momentum,15
AARTIDRUGS,Healthcare,2020-11-02,2021-09-01,668.0135420626315,666.3476728804304,607.7741016365785,609.2973449990761,-9.017697491588434,206,MONTHLY_CLOSE_LT_M_EMA9,True,Composite Momentum,15
BERGEPAINT,Chemicals,2020-01-08,2021-11-01,388.28256994870975,387.3142842381145,602.031978929839,603.5408310073574,55.04996245630201,451,MONTHLY_CLOSE_LT_M_EMA9,False,Composite Momentum,15
BHARATRAS,Chemicals,2020-09-11,2021-11-01,2329.1459327650305,2323.337588793048,2573.9761637156535,2580.4272317951413,10.51158828249007,282,MONTHLY_CLOSE_LT_M_EMA9,False,Composite Momentum,15
LAURUSLABS,Healthcare,2021-08-02,2021-11-01,640.828937757476,639.2308606059611,510.89221128762017,512.1726428948573,-20.27635127161358,62,MONTHLY_CLOSE_LT_M_EMA9,True,Composite Momentum,15
RTNPOWER,Power,2021-08-02,2021-11-01,6.766875,6.75,3.840374904870987,3.8499999046325684,-43.247438368951876,62,MONTHLY_CLOSE_LT_M_EMA9,True,Composite Momentum,15
CYBERTECH,Software & IT Services,2021-02-01,2021-12-01,107.03234759960745,106.76543401457103,127.1527743917848,127.47145302434566,18.798454152799643,205,MONTHLY_CLOSE_LT_M_EMA9,False,Composite Momentum,15
GPIL,Metals & Mining,2021-02-01,2021-12-01,23.965730727023356,23.905965812492127,51.477972090939744,51.60698956485187,114.79825788451362,205,MONTHLY_CLOSE_LT_M_EMA9,False,Composite Momentum,15
DIVISLAB,Healthcare,2019-05-13,2022-02-01,1572.154170032027,1568.23358606686,3923.61986996216,3933.4535037214637,149.5696633799108,676,MONTHLY_CLOSE_LT_M_EMA9,False,Composite Momentum,15
LALPATHLAB,Healthcare,2020-09-02,2022-02-01,866.4846568804802,864.3238472623244,1441.4488281930123,1445.0614818977567,66.35595526671175,352,MONTHLY_CLOSE_LT_M_EMA9,False,Composite Momentum,15
WIPRO,Software & IT Services,2021-03-02,2022-02-01,192.17020747638205,191.69098002631625,264.6276805587888,265.2909078283597,37.704841990823105,227,MONTHLY_CLOSE_LT_M_EMA9,False,Composite Momentum,15
MAHLOG,Logistics,2021-05-06,2022-02-01,513.4075432329968,512.1272251700716,573.0312157494143,574.4673842099392,11.613322262653014,185,MONTHLY_CLOSE_LT_M_EMA9,False,Composite Momentum,15
SAGCEM,Construction Materials,2021-11-01,2022-02-01,278.9257737573324,278.23019826167825,240.94151441776503,241.54537786242108,-13.618052870443584,63,MONTHLY_CLOSE_LT_M_EMA9,True,Composite Momentum,15
HGS,Software & IT Services,2021-09-01,2022-03-02,1236.735282403351,1233.6511545170583,1175.438619046795,1178.3845804980401,-4.956328506892592,124,MONTHLY_CLOSE_LT_M_EMA9,True,Composite Momentum,15
RGL,Diamond  &  Jewellery,2021-12-01,2022-05-02,162.18834953170065,161.7838898071827,144.09848553184736,144.45963461839332,-11.153614949585219,103,MONTHLY_CLOSE_LT_M_EMA9,True,Composite Momentum,15
ESCORTS,Automobile & Ancillaries,2022-03-11,2022-05-02,1752.8199986837594,1748.4488764925281,1567.5078667100654,1571.436457854702,-10.572228301414292,33,MONTHLY_CLOSE_LT_M_EMA9,True,Composite Momentum,15
IRCTC,Software & IT Services,2021-12-01,2022-06-01,775.8081946098729,773.873510832791,662.5250502164699,664.1855140014736,-14.601952541938426,124,MONTHLY_CLOSE_LT_M_EMA9,True,Composite Momentum,15
TVTODAY,Media & Entertainment,2022-02-01,2022-06-01,286.2749893158596,285.5610865993612,196.1444575688313,196.63604768805143,-31.483900134769847,81,MONTHLY_CLOSE_LT_M_EMA9,True,Composite Momentum,15
CALSOFT,Diversified / Other,2022-02-03,2022-06-01,41.5035015296936,41.400001525878906,23.690625,23.75,-42.918972793053165,79,MONTHLY_CLOSE_LT_M_EMA9,True,Composite Momentum,15
DHAMPURSUG,Agri,2022-05-06,2022-06-01,494.01347251201315,492.7815187152251,240.54246466367218,241.14532798363123,-51.30852131612205,18,MONTHLY_CLOSE_LT_M_EMA9,True,Composite Momentum,15
MACPOWER,Capital Goods,2021-02-01,2022-07-01,96.87707149505614,96.63548278808594,193.91932926583763,194.40534262239362,100.17051121919367,351,MONTHLY_CLOSE_LT_M_EMA9,False,Composite Momentum,15
GREENPANEL,Construction Materials,2021-04-01,2022-07-01,159.86868330937963,159.470008288658,428.31328601531885,429.38675289756276,167.91569002069173,310,MONTHLY_CLOSE_LT_M_EMA9,False,Composite Momentum,15
TATACHEM,Chemicals,2021-11-01,2022-07-01,849.9383247199537,847.818777775515,744.5456806657563,746.4117099406078,-12.400034330599603,166,MONTHLY_CLOSE_LT_M_EMA9,True,Composite Momentum,15
DHUNINV,Finance,2021-11-01,2022-07-01,595.8912210403817,594.4052080203309,564.6499031605782,566.065065825141,-5.242788746788117,166,MONTHLY_CLOSE_LT_M_EMA9,True,Composite Momentum,15
LPDC,Diversified / Other,2022-02-03,2022-07-01,10.0751251912117,10.050000190734863,6.3840000951290135,6.400000095367432,-36.63602214394686,101,MONTHLY_CLOSE_LT_M_EMA9,True,Composite Momentum,15
ACCURACY,Logistics,2022-02-03,2022-08-01,20.584073197348268,20.5327413439883,20.692471328879293,20.744332159277487,0.526611669574658,122,MONTHLY_CLOSE_LT_M_EMA9,False,Composite Momentum,15
GMDCLTD,Metals & Mining,2022-05-05,2022-10-03,171.5711176419185,171.14325949318555,124.48345114728194,124.79543974664855,-27.444984413350955,104,MONTHLY_CLOSE_LT_M_EMA9,True,Composite Momentum,15
DANGEE,FMCG,2022-06-02,2022-11-01,22.055,22.0,21.496124238967898,21.549999237060547,-2.5340093449653223,103,MONTHLY_CLOSE_LT_M_EMA9,True,Composite Momentum,15
AMDIND,Containers & Packaging,2022-09-26,2022-12-01,83.458125,83.25,46.03462652206421,46.150001525878906,-44.84104870309007,45,MONTHLY_CLOSE_LT_M_EMA9,True,Composite Momentum,15
ASAHIINDIA,Construction Materials,2022-08-12,2023-01-02,558.7289809257816,557.3356418212285,517.1895897287404,518.4858042393388,-7.434622619398187,96,MONTHLY_CLOSE_LT_M_EMA9,True,Composite Momentum,15
ABB,Capital Goods,2022-09-28,2023-01-02,2940.1937883962587,2932.8616343104827,2594.9944746038905,2601.498220154276,-11.740699376848172,65,MONTHLY_CLOSE_LT_M_EMA9,True,Composite Momentum,15
INSECTICID,Chemicals,2023-01-09,2023-02-01,720.5472257613482,718.7503498866316,603.7374147408594,605.2505410935934,-16.211263723493566,16,MONTHLY_CLOSE_LT_M_EMA9,True,Composite Momentum,15
GSS,Software & IT Services,2022-08-01,2023-03-01,225.5625,225.0,223.3901219558716,223.9499969482422,-0.9630936188987123,145,MONTHLY_CLOSE_LT_M_EMA9,True,Composite Momentum,15
TNPL,Paper,2022-09-26,2023-03-01,231.00626114090656,230.43018567671479,198.54477537607696,199.04238132940046,-14.052210361964656,108,MONTHLY_CLOSE_LT_M_EMA9,True,Composite Momentum,15
DSSL,Software & IT Services,2021-02-01,2023-04-03,59.35683233585797,59.20881031008277,327.2315370941162,328.0516662597656,451.2954856528502,538,MONTHLY_CLOSE_LT_M_EMA9,False,Composite Momentum,15
GOKULAGRO,Agri,2022-06-16,2023-04-03,51.10867712020874,50.981224060058594,51.121875,51.25,0.025823168461633312,198,MONTHLY_CLOSE_LT_M_EMA9,False,Composite Momentum,15
AURIONPRO,Software & IT Services,2022-11-03,2023-04-03,195.87060556536548,195.38215018989075,154.25784650188902,154.644457646004,-21.245024971135624,103,MONTHLY_CLOSE_LT_M_EMA9,True,Composite Momentum,15
BSHSL,Agri,2022-06-10,2023-07-03,40.089976682662964,39.9900016784668,278.70149391174317,279.3999938964844,595.1899626129455,262,MONTHLY_CLOSE_LT_M_EMA9,False,Composite Momentum,15
AUTOAXLES,Automobile & Ancillaries,2023-03-02,2023-08-01,2135.1051959532965,2129.780744093064,2041.8420355665337,2046.9594341519135,-4.368082685739615,101,MONTHLY_CLOSE_LT_M_EMA9,True,Composite Momentum,15
KAMDHENU,Metals & Mining,2023-03-01,2023-10-03,32.70816192225225,32.626595433668086,28.764907652829432,28.83700015321246,-12.055872411283731,144,MONTHLY_CLOSE_LT_M_EMA9,True,Composite Momentum,15
HILTON,Automobile & Ancillaries,2023-04-03,2024-01-01,105.0620030593872,104.80000305175781,114.7125,115.0,9.18552536558606,183,MONTHLY_CLOSE_LT_M_EMA9,False,Composite Momentum,15
WENDT,Manufacturing,2023-04-24,2024-03-01,9102.892093331831,9080.19161429609,12318.793011686103,12349.66717963519,35.3283427440607,213,MONTHLY_CLOSE_LT_M_EMA9,False,Composite Momentum,15
ARROWGREEN,Plastic Products,2023-07-05,2024-04-01,322.8880906128568,322.0828834043459,379.958182506919,380.91045865355284,17.674882893865952,181,MONTHLY_CLOSE_LT_M_EMA9,False,Composite Momentum,15
BAJAJCON,FMCG,2023-10-03,2024-04-01,222.33515749999293,221.7807057356538,215.4101219558716,215.9499969482422,-3.1146830856570893,120,MONTHLY_CLOSE_LT_M_EMA9,True,Composite Momentum,15
RKFORGE,Automobile & Ancillaries,2024-01-01,2024-06-03,717.5990044846303,715.8094807826736,695.2010819520684,696.943440553452,-3.1212309928785045,101,MONTHLY_CLOSE_LT_M_EMA9,True,Composite Momentum,15
USHAMART,Metals & Mining,2021-12-01,2024-09-02,81.30627044435819,81.10351166519521,326.0925032874201,326.90977773174944,301.06685684295525,679,MONTHLY_CLOSE_LT_M_EMA9,False,Composite Momentum,15
UNIONBANK,Banks,2023-02-01,2024-09-02,70.30603852475667,70.1307117453932,114.79120501741329,115.07890227309602,63.27360697046268,387,MONTHLY_CLOSE_LT_M_EMA9,False,Composite Momentum,15
JSL,Metals & Mining,2023-04-24,2024-11-01,264.45640908041827,263.79691678844716,669.8563155037617,671.5351533872298,153.2955498537628,377,MONTHLY_CLOSE_LT_M_EMA9,False,Composite Momentum,15
ADANIPOWER,Power,2024-04-01,2024-11-01,109.81385091781615,109.54000091552734,118.84214939117432,119.13999938964844,8.22145694545843,146,MONTHLY_CLOSE_LT_M_EMA9,False,Composite Momentum,15
TTKHLTCARE,Healthcare,2023-07-03,2024-12-02,1239.477372247262,1236.386406231683,1473.4517447222886,1477.1446062378832,18.876857110413724,348,MONTHLY_CLOSE_LT_M_EMA9,False,Composite Momentum,15
HAL,Aviation,2021-11-01,2025-01-01,608.6435540878268,607.1257397384807,4081.7814988109317,4092.0115276300066,570.6357886149458,782,MONTHLY_CLOSE_LT_M_EMA9,False,Composite Momentum,15
RECLTD,Finance,2024-03-01,2025-01-01,396.6447411862926,395.6556021808405,458.2321195172714,459.380570944633,15.527088080578636,204,MONTHLY_CLOSE_LT_M_EMA9,False,Composite Momentum,15
KEI,Electricals,2022-02-02,2025-02-01,1104.9306244884451,1102.17518652214,4045.060472039067,4055.198468209591,266.0918054390815,741,MONTHLY_CLOSE_LT_M_EMA9,False,Composite Momentum,15
ANANTRAJ,Real Estate,2022-12-01,2025-02-01,101.5114498692072,101.25830410893487,601.4747525429167,602.9822080630744,492.5191230328097,536,MONTHLY_CLOSE_LT_M_EMA9,False,Composite Momentum,15
SHILPAMED,Healthcare,2024-06-03,2025-02-01,249.32040236888795,248.69865572956405,353.53452502958453,354.42057647076143,41.799275819595415,168,MONTHLY_CLOSE_LT_M_EMA9,False,Composite Momentum,15
GPTINFRA,Infrastructure,2024-09-06,2025-02-01,158.76687896105543,158.3709515821002,106.57701353443186,106.84412384404196,-32.872010691490274,102,MONTHLY_CLOSE_LT_M_EMA9,True,Composite Momentum,15
SYMPHONY,Consumer Durables,2024-11-01,2025-02-01,1528.7781078534026,1524.9656936193544,1227.0071648003766,1230.0823707271945,-19.739355338934732,63,MONTHLY_CLOSE_LT_M_EMA9,True,Composite Momentum,15
BEL,Aviation,2022-10-03,2025-03-03,97.6272134315938,97.38375404647762,243.58408221692548,244.19456863852176,149.50428641251946,596,MONTHLY_CLOSE_LT_M_EMA9,False,Composite Momentum,15
VARDMNPOLY,Textiles,2023-08-03,2025-03-03,5.739312404394149,5.724999904632568,10.214399771690369,10.239999771118164,77.97253489581766,389,MONTHLY_CLOSE_LT_M_EMA9,False,Composite Momentum,15
NITCO,Construction Materials,2024-04-01,2025-03-03,58.846750764846796,58.70000076293945,96.08917682647706,96.33000183105469,63.287140883023426,229,MONTHLY_CLOSE_LT_M_EMA9,False,Composite Momentum,15
MAHSCOOTER,Automobile & Ancillaries,2024-11-01,2025-03-03,10533.011695867026,10506.74483378257,9012.143347175248,9034.730172606764,-14.4390644632868,83,MONTHLY_CLOSE_LT_M_EMA9,True,Composite Momentum,15
IPCALAB,Healthcare,2024-12-06,2025-03-03,1496.969542330751,1493.236451202744,1340.1062114994543,1343.4648736836634,-10.478725611682368,60,MONTHLY_CLOSE_LT_M_EMA9,True,Composite Momentum,15
KITEX,Textiles,2025-01-02,2025-03-03,234.95697539198358,234.3710477725522,156.1883531166635,156.57980262322155,-33.52470048778452,42,MONTHLY_CLOSE_LT_M_EMA9,True,Composite Momentum,15
EMKAY,Diversified / Other,2025-01-06,2025-03-03,306.43902229309083,305.6748352050781,187.65307411193848,188.12338256835938,-38.763323056011,40,MONTHLY_CLOSE_LT_M_EMA9,True,Composite Momentum,15
SIYSIL,Textiles,2025-02-03,2025-03-03,764.5613638544243,762.6547270368322,578.6338522770727,580.0840624331556,-24.31819345932224,19,MONTHLY_CLOSE_LT_M_EMA9,True,Composite Momentum,15
REPL,Infrastructure,2025-02-10,2025-03-03,285.7125,285.0,212.4475457382202,212.97999572753906,-25.64289425971204,14,MONTHLY_CLOSE_LT_M_EMA9,True,Composite Momentum,15
BLUESTARCO,Consumer Durables,2023-04-03,2025-05-02,674.8988521038522,673.2158125724211,1682.3706333338737,1686.58710108659,149.27744773745647,510,MONTHLY_CLOSE_LT_M_EMA9,False,Composite Momentum,15
PGIL,Textiles,2025-02-13,2025-05-02,1367.4266103412679,1364.0165689189705,948.2239561179085,950.6004572610611,-30.65631830279646,49,MONTHLY_CLOSE_LT_M_EMA9,True,Composite Momentum,15
ORIENTCEM,Construction Materials,2024-09-02,2025-07-01,304.29157977919823,303.5327479094247,240.04728447651254,240.64890674337096,-21.112741716120766,206,MONTHLY_CLOSE_LT_M_EMA9,True,Composite Momentum,15
GOLDIAM,Diamond  &  Jewellery,2025-02-13,2025-07-01,315.7346543835986,314.94728616817815,255.6576005077779,256.29834637371215,-19.02770349777022,91,MONTHLY_CLOSE_LT_M_EMA9,True,Composite Momentum,15
PANACEABIO,Healthcare,2025-06-06,2025-08-01,472.47823776245116,471.29998779296875,399.09975608825687,400.1000061035156,-15.530552692055826,40,MONTHLY_CLOSE_LT_M_EMA9,True,Composite Momentum,15
CHOLAFIN,Finance,2025-06-09,2025-08-01,1621.4694933547537,1617.4259285334201,1437.2539737855614,1440.8561140707382,-11.361022845274627,39,MONTHLY_CLOSE_LT_M_EMA9,True,Composite Momentum,15
AXISBANK,Banks,2025-07-07,2025-08-01,1179.6342628674286,1176.6925315385822,1061.5188225977377,1064.1792707746743,-10.01288653506711,19,MONTHLY_CLOSE_LT_M_EMA9,True,Composite Momentum,15
TCPLPACK,Containers & Packaging,2022-09-23,2025-09-01,1129.231815379933,1126.415775940083,3344.928560269042,3353.311839868714,196.21274522305518,724,MONTHLY_CLOSE_LT_M_EMA9,False,Composite Momentum,15
SRF,Diversified,2025-04-09,2025-09-01,2753.50591898726,2746.6393206855464,2831.2616911664536,2838.3575851292767,2.823882514397943,97,MONTHLY_CLOSE_LT_M_EMA9,False,Composite Momentum,15
CAMLINFINE,Chemicals,2025-08-01,2025-09-01,281.50198776245117,280.79998779296875,199.5,200.0,-29.130162957019518,19,MONTHLY_CLOSE_LT_M_EMA9,True,Composite Momentum,15
BANARISUG,Diversified / Other,2025-06-09,2025-10-01,3986.487964495085,3976.5465980000854,3659.9273474121096,3669.10009765625,-8.191687018534285,80,MONTHLY_CLOSE_LT_M_EMA9,True,Composite Momentum,15
BSE,Unclassified,2025-07-10,2025-10-01,2534.2600135868765,2527.940163178929,2037.5122190476616,2042.618765962568,-19.60129552121768,57,MONTHLY_CLOSE_LT_M_EMA9,True,Composite Momentum,15
RALLIS,Fertilisers & Pesticides,2025-09-01,2025-10-01,344.3575500885084,343.4988030808064,299.20681942254464,299.956711200546,-13.111584355957609,22,MONTHLY_CLOSE_LT_M_EMA9,True,Composite Momentum,15
RAMANEWS,Paper,2025-05-09,2025-11-03,31.077499999999997,31.0,29.127000761032107,29.200000762939453,-6.276242422871499,122,MONTHLY_CLOSE_LT_M_EMA9,True,Composite Momentum,15
GINNIFILA,Textiles,2025-09-08,2025-12-01,47.969623470306395,47.849998474121094,40.38877667427063,40.4900016784668,-15.80343193798128,57,MONTHLY_CLOSE_LT_M_EMA9,True,Composite Momentum,15
SARDAEN,Metals & Mining,2025-10-03,2025-12-01,552.1638572240188,550.7868899990212,491.77599522530903,493.0085165166005,-10.936583626155334,39,MONTHLY_CLOSE_LT_M_EMA9,True,Composite Momentum,15
ZOTA,Healthcare,2025-02-20,2026-02-02,860.5517078969294,858.4056936627726,1286.775,1290.0,49.529073987279865,232,MONTHLY_CLOSE_LT_M_EMA9,False,Composite Momentum,15
AXISCADES,Aviation,2025-04-15,2026-02-02,810.7217622375488,808.7000122070312,1142.1375,1145.0,40.87909726855753,200,MONTHLY_CLOSE_LT_M_EMA9,False,Composite Momentum,15
HCG,Healthcare,2025-05-29,2026-02-02,553.2797744750976,551.9000244140625,589.6222256469727,591.0999755859375,6.568548652687244,170,MONTHLY_CLOSE_LT_M_EMA9,False,Composite Momentum,15
JMFINANCIL,Finance,2025-08-05,2026-02-02,154.48053096535176,154.09529273351797,119.49066850593623,119.79014386560023,-22.650014368000434,122,MONTHLY_CLOSE_LT_M_EMA9,True,Composite Momentum,15
HDFCAMC,Finance,2025-10-03,2026-02-02,2739.0707974887796,2732.240196996289,2410.015481467556,2416.055620518853,-12.013392144624602,82,MONTHLY_CLOSE_LT_M_EMA9,True,Composite Momentum,15
ADANIPORTS,Infrastructure,2025-06-23,2026-04-01,1338.7105549964222,1335.3721246847103,1342.1654489405073,1345.5292721208093,0.2580762459211638,192,MONTHLY_CLOSE_LT_M_EMA9,False,Composite Momentum,15
ABCAPITAL,Finance,2025-08-01,2026-04-01,257.14125,256.5,302.2425,303.0,17.539484621778882,163,MONTHLY_CLOSE_LT_M_EMA9,False,Composite Momentum,15
NAM-INDIA,Finance,2025-12-05,2026-04-01,827.0056490719096,824.9432908447976,818.9833442548505,821.0359340900757,-0.9700423239021341,78,MONTHLY_CLOSE_LT_M_EMA9,True,Composite Momentum,15
BANKBARODA,Banks,2026-02-04,2026-04-01,277.7320340980547,277.03943550928153,244.46067038518046,245.07335376960447,-11.979663714675288,37,MONTHLY_CLOSE_LT_M_EMA9,True,Composite Momentum,15
MUTHOOTFIN,Finance,2026-02-05,2026-04-01,3609.059829432851,3600.0596802322707,3243.378093828956,3251.5068609814093,-10.132326780001328,36,MONTHLY_CLOSE_LT_M_EMA9,True,Composite Momentum,15
NORBTEAEXP,Agri,2025-05-02,2026-05-04,40.0498757648468,39.95000076293945,63.54075076103211,63.70000076293945,58.65405209771981,247,MONTHLY_CLOSE_LT_M_EMA9,False,Composite Momentum,15
EASTSILK,Diversified / Other,2026-02-11,2026-06-01,69.9745030593872,69.80000305175781,56.03955030441284,56.18000030517578,-19.91432899944684,73,MONTHLY_CLOSE_LT_M_EMA9,True,Composite Momentum,15
FORCEMOT,Automobile & Ancillaries,2025-09-10,2026-07-01,18335.725,18290.0,18643.275,18690.0,1.6773266396611148,200,MONTHLY_CLOSE_LT_M_EMA9,False,Composite Momentum,15
OIL,Oil & Gas,2026-05-11,2026-07-01,458.1425,457.0,418.00236282348635,419.04998779296875,-8.76149607960703,37,MONTHLY_CLOSE_LT_M_EMA9,True,Composite Momentum,15
POWERGRID,Power,2026-05-18,2026-07-01,297.04073776245116,296.29998779296875,287.08048782348635,287.79998779296875,-3.353159574674299,32,MONTHLY_CLOSE_LT_M_EMA9,True,Composite Momentum,15
AVANTIFEED,Consumer Goods,2026-05-20,2026-07-01,1244.1303922984555,1241.0278227416015,919.5917514649367,921.8964926966784,-26.085580968241867,30,MONTHLY_CLOSE_LT_M_EMA9,True,Composite Momentum,15
CUPID,Miscellaneous,2025-06-23,2026-08-24,18.2455007648468,18.200000762939453,285.6939786529541,286.4100036621094,1465.8324884313088,293,END_OF_BACKTEST,False,Composite Momentum,15
CCL,Agri,2025-10-03,2026-08-24,861.8272251361685,859.678030061016,1079.0955487060548,1081.800048828125,25.21019494778179,222,END_OF_BACKTEST,False,Composite Momentum,15
TFCILTD,Finance,2025-11-04,2026-08-24,69.7599861769354,69.5860211241251,129.23609756469727,129.55999755859375,85.2582040898201,201,END_OF_BACKTEST,False,Composite Momentum,15
SALSTEEL,Metals & Mining,2025-12-08,2026-08-24,35.87947591781616,35.790000915527344,76.86734756469727,77.05999755859375,114.23765425327284,176,END_OF_BACKTEST,False,Composite Momentum,15
TITAN,Diamond  &  Jewellery,2026-02-02,2026-08-24,3996.885032503398,3986.9177381580034,5066.302500000001,5079.0,26.756272917532144,140,END_OF_BACKTEST,False,Composite Momentum,15
THANGAMAYL,Diamond  &  Jewellery,2026-02-05,2026-08-24,3281.9270141764687,3273.742657532637,5479.766250000001,5493.5,66.9679498151495,137,END_OF_BACKTEST,False,Composite Momentum,15
LUPIN,Healthcare,2026-05-15,2026-08-24,2257.3027141097346,2251.6735302840248,2182.53,2188.0,-3.312480583235564,71,END_OF_BACKTEST,True,Composite Momentum,15
UNIVPHOTO,FMCG,2026-05-25,2026-08-24,432.5286372375488,431.45001220703125,447.97725608825687,449.1000061035156,3.571698500560442,65,END_OF_BACKTEST,False,Composite Momentum,15
MCX,Finance,2026-06-05,2026-08-24,2917.2749999999996,2910.0,3259.8300000000004,3268.0,11.742293750160709,56,END_OF_BACKTEST,False,Composite Momentum,15
ARIHANT,Real Estate,2026-07-03,2026-08-24,795.985,794.0,1004.6820121765137,1007.2000122070312,26.21871168131481,35,END_OF_BACKTEST,False,Composite Momentum,15
BHEL,Capital Goods,2026-07-09,2026-08-24,379.72506980615975,378.77812449492245,410.3714939117432,411.3999938964844,8.070687595429945,32,END_OF_BACKTEST,False,Composite Momentum,15
APARINDS,Capital Goods,2026-07-10,2026-08-24,14205.425,14170.0,16663.2375,16705.0,17.30192866457709,31,END_OF_BACKTEST,False,Composite Momentum,15
