symbol,sector,entry_date,exit_date,sim_entry_price,raw_entry_price,sim_exit_price,raw_exit_price,return_pct,holding_days,exit_reason,max_favorable_pct,max_adverse_pct,gap_down,strategy
ASIANPAINT,Chemicals,2019-04-12,2019-10-15,1344.512536347503,1341.1596372543672,1697.0177454119025,1701.2709227186992,26.21806785245852,121,FIXED_120D,28.06472673515464,-9.555049354110855,False,Fixed 120D Benchmark
CANTABIL,Retailing,2019-05-03,2019-10-31,51.560024114415064,51.43144550066341,40.95647614851278,41.0591239584088,-20.565444155674406,121,FIXED_120D,5.683325775553897,-39.19406773630343,False,Fixed 120D Benchmark
BATAINDIA,Footwear,2019-05-10,2019-11-07,1216.081754671056,1213.0491318414524,1523.207658585835,1527.0252216399347,25.255366486265146,121,FIXED_120D,33.930884027304494,-7.680725540166175,False,Fixed 120D Benchmark
HAVELLS,Capital Goods,2019-05-10,2019-11-07,699.9479012919053,698.2023953036462,662.4494250352162,664.1096992834248,-5.357323907604767,121,FIXED_120D,9.775500906199168,-14.76016876196049,False,Fixed 120D Benchmark
DIVISLAB,Healthcare,2019-05-13,2019-11-08,1572.154170032027,1568.23358606686,1639.4440179024975,1643.5529001528796,4.280104912936101,121,FIXED_120D,8.780303909226445,-10.361190837705278,False,Fixed 120D Benchmark
MUTHOOTFIN,Finance,2019-05-13,2019-11-08,510.7882130162825,509.5144269489102,608.143752833129,609.6679226397283,19.05986421298706,121,FIXED_120D,25.902255945924583,-4.914153537638584,False,Fixed 120D Benchmark
SEAMECLTD,Logistics,2019-05-13,2019-11-08,422.88563520968705,421.83105756577265,459.64097664529476,460.792959042902,8.691555913783318,121,FIXED_120D,19.402271681038304,-33.60396015842854,False,Fixed 120D Benchmark
PRESTIGE,Real Estate,2019-05-15,2019-11-13,240.9058474878859,240.30508477594603,302.4648075405765,303.2228647023323,25.55311989916979,121,FIXED_120D,33.1677175367313,-1.904749301945811,False,Fixed 120D Benchmark
SUVEN,Healthcare,2019-05-17,2019-11-15,11.868521718978881,11.838924407958984,15.011306891441347,15.048929214477539,26.48000523466083,121,FIXED_120D,31.33215917625986,-14.26329376836433,False,Fixed 120D Benchmark
IPCALAB,Healthcare,2019-05-20,2019-11-18,452.97806425965035,451.84844315177094,542.0816371590595,543.4402377534431,19.67061540718102,121,FIXED_120D,26.83950349227095,-8.891073617474412,False,Fixed 120D Benchmark
PGHH,FMCG,2019-06-20,2019-12-18,9539.985583434533,9516.195095695295,10259.334374741069,10285.046992221623,7.5403551191485185,121,FIXED_120D,20.855986948756872,-7.9964401460070595,False,Fixed 120D Benchmark
BALRAMCHIN,Agri,2019-06-21,2019-12-19,132.36865832561384,132.03856192081182,164.68457418793662,165.09731748164072,24.413570607347864,121,FIXED_120D,28.35612397747803,-22.3049610018313,False,Fixed 120D Benchmark
HEIDELBERG,Cement & Cement Products,2019-06-24,2019-12-20,149.15823068456285,148.78626502200785,140.4233004248148,140.7752385211176,-5.856150357683254,121,FIXED_120D,11.52318956670157,-6.361061050007569,False,Fixed 120D Benchmark
TRIVENI,Agri,2019-06-24,2019-12-20,62.88908817157098,62.73225752775161,61.882206965217904,62.03730021575729,-1.6010427812312267,121,FIXED_120D,5.465314316746228,-29.246670463181374,False,Fixed 120D Benchmark
HONAUT,Consumer Durables,2019-06-27,2019-12-26,24167.253847446424,24106.986381492694,25959.74175520848,26024.80376462003,7.4170111303376585,121,FIXED_120D,20.360839549972958,-10.398235196716264,False,Fixed 120D Benchmark
EQ30,Unclassified,2019-11-14,2020-05-13,348.4690061187744,347.6000061035156,275.31,276.0,-20.994408350290534,121,FIXED_120D,1.3693841094552077,-31.53049602389151,False,Fixed 120D Benchmark
ATUL,Chemicals,2019-11-18,2020-05-15,3957.15917721823,3947.290949843621,4509.778135846251,4521.080837941103,13.965042442808581,121,FIXED_120D,34.56406167011081,-27.4858203171447,False,Fixed 120D Benchmark
DMART,Retailing,2019-11-20,2020-05-19,1845.6025,1841.0,2336.0950762939456,2341.949951171875,26.57628477930354,121,FIXED_120D,39.05486148832156,-7.658881042911461,False,Fixed 120D Benchmark
VADILALIND,FMCG,2019-11-21,2020-05-20,722.031450925469,720.2308737411163,490.09075682406956,491.31905446022006,-32.12335055545126,121,FIXED_120D,23.742582375799174,-47.63677456247347,False,Fixed 120D Benchmark
HINDUNILVR,Consumer Goods,2019-11-22,2020-05-21,1838.380508194602,1833.796018149229,1783.7042945984772,1788.1747314270447,-2.974151072229335,121,FIXED_120D,27.526846387279907,-14.278045470813684,False,Fixed 120D Benchmark
MPSLTD,Miscellaneous,2019-11-25,2020-05-22,424.0417678384718,422.98430707079484,198.5231116311196,199.02066328934296,-53.183123293943524,121,FIXED_120D,3.0618656643707247,-68.24742470505504,False,Fixed 120D Benchmark
WHIRLPOOL,Consumer Durables,2019-11-28,2020-05-28,2173.3403925962734,2167.920591118477,1867.2401935838839,1871.9199935678032,-14.08431923757337,121,FIXED_120D,15.820495245030719,-39.084311685278664,False,Fixed 120D Benchmark
DYNPRO,Chemicals,2019-12-02,2020-06-01,138.10432842560678,137.75992860409656,112.08779920578003,112.36872100830078,-18.838315580992944,121,FIXED_120D,28.755364960047956,-41.47874765461994,False,Fixed 120D Benchmark
BAJFINANCE,Finance,2019-12-04,2020-06-03,385.41986891259137,384.45872210732307,234.7256634637807,235.31394833461724,-39.098712236598864,121,FIXED_120D,24.391099184765043,-54.84845284306278,False,Fixed 120D Benchmark
FINEORG,Chemicals,2019-12-05,2020-06-04,1859.3509036391613,1854.7141183433032,2044.2517042297416,2049.375142084954,9.944373610634145,121,FIXED_120D,35.28743060484731,-19.124124291475283,False,Fixed 120D Benchmark
MITTAL,Textiles,2019-12-23,2020-06-22,8.26362378358841,8.243016242980957,12.686462259292604,12.718257904052734,53.52177920403359,121,FIXED_120D,54.73269925627896,-20.10789930709213,False,Fixed 120D Benchmark
ALKEM,Healthcare,2019-12-27,2020-06-25,1908.294868680691,1903.5360286091682,2182.745239658089,2188.2157791058535,14.38196871362655,121,FIXED_120D,42.10236194241128,-7.142361010130127,False,Fixed 120D Benchmark
ICICIPRULI,Insurance,2020-01-03,2020-07-02,482.68780127372986,481.4840910461146,415.92407282537687,416.96648904799684,-13.831658532114346,121,FIXED_120D,9.641646341584655,-53.5681285409934,False,Fixed 120D Benchmark
BERGEPAINT,Chemicals,2020-01-08,2020-07-07,388.28256994870975,387.3142842381145,408.1034247875437,409.126240388515,5.104750089980137,121,FIXED_120D,23.79470348424283,-18.992189362808645,False,Fixed 120D Benchmark
PFIZER,Healthcare,2020-01-15,2020-07-14,3535.1973190609024,3526.3813656467855,3842.2427541328216,3851.8724352208737,8.685383229286998,121,FIXED_120D,26.097572547050408,-15.585366809314305,False,Fixed 120D Benchmark
DRREDDY,Healthcare,2020-07-09,2020-12-30,749.1182193937851,747.2500941583892,997.3222934410289,999.8218480611819,33.13283105677232,121,FIXED_120D,42.07851895982727,-1.3047378286051428,False,Fixed 120D Benchmark
GMMPFAUDLR,Capital Goods,2020-07-21,2021-01-11,1358.0362759682669,1354.6496518386703,1286.441393310689,1289.6655572036982,-5.271941841651578,121,FIXED_120D,68.33256794869814,-18.584453804089264,False,Fixed 120D Benchmark
ADANIGREEN,Miscellaneous,2020-07-27,2021-01-15,346.8148872375488,345.95001220703125,1014.1083993530274,1016.6500244140625,192.40624802199443,121,FIXED_120D,252.6521049144811,-5.983526948004117,False,Fixed 120D Benchmark
COROMANDEL,Chemicals,2020-08-20,2021-02-11,729.2014541066272,727.3829966150896,729.6475774332907,731.4762681035496,0.061179708865235216,121,FIXED_120D,14.402612365905876,-11.428558848295216,False,Fixed 120D Benchmark
LALPATHLAB,Healthcare,2020-09-02,2021-02-24,866.4846568804802,864.3238472623244,1115.1920122518206,1117.9869797010733,28.703030503360228,121,FIXED_120D,45.780372420891226,-2.8107621962504603,False,Fixed 120D Benchmark
APLLTD,Healthcare,2020-09-04,2021-02-26,871.7425943069296,869.5686726253663,821.2567033803434,823.3149908574871,-5.791375947016161,121,FIXED_120D,21.808498493189195,-7.888306005315202,False,Fixed 120D Benchmark
BHARATRAS,Chemicals,2020-09-11,2021-03-05,2329.1459327650305,2323.337588793048,2513.275277212622,2519.574212744483,7.905444732224376,121,FIXED_120D,15.683254934472298,-8.812620639983926,False,Fixed 120D Benchmark
ITI,Telecom,2020-09-11,2021-03-05,138.79612194061278,138.4499969482422,128.52788108825683,128.85000610351562,-7.398074750784072,121,FIXED_120D,1.8418223965083216,-18.12928784931965,False,Fixed 120D Benchmark
INVENTURE,Finance,2020-09-17,2021-03-12,1.724300028681755,1.7200000286102295,2.9925,3.0,73.54868353669269,121,FIXED_120D,90.69766958318195,-17.441864333454436,False,Fixed 120D Benchmark
EPL,Diversified / Other,2020-09-23,2021-03-18,226.27922279229668,225.71493545366255,205.36369863114865,205.87839461769286,-9.243236698027083,121,FIXED_120D,15.503025831464514,-19.207395862476208,False,Fixed 120D Benchmark
BRITANNIA,FMCG,2020-09-24,2021-03-19,3267.282631399049,3259.1347944130166,3101.206067751906,3108.9785140369986,-5.08301798109302,121,FIXED_120D,8.076594439318443,-7.596106793676186,False,Fixed 120D Benchmark
RALLIS,Fertilisers & Pesticides,2020-09-24,2021-03-19,260.9857761946823,260.33493884756336,234.18647340693533,234.77340692424593,-10.268491708052322,121,FIXED_120D,12.870214573443858,-16.585887784558697,False,Fixed 120D Benchmark
VENKEYS,Consumer Goods,2020-09-24,2021-03-19,1278.2605489937228,1275.072866826656,1510.1202724277703,1513.9050350153084,18.138690395833073,121,FIXED_120D,39.69688861344947,-1.6380912441930313,False,Fixed 120D Benchmark
TIINDIA,Automobile & Ancillaries,2020-09-25,2021-03-22,583.6584116970321,582.2029044359423,1125.164046990308,1127.9840070078274,92.77783450748294,121,FIXED_120D,111.29528995765139,-6.93876864491518,False,Fixed 120D Benchmark
ASTEC,Chemicals,2020-09-28,2021-03-23,1089.5026179075992,1086.7856537731664,1070.7415858670115,1073.4251487388585,-1.7219813639932715,121,FIXED_120D,21.853213470846825,-16.68347928859114,False,Fixed 120D Benchmark
AKASH,Infrastructure,2021-01-08,2021-07-07,237.8756233078242,237.28241726466257,237.1864609302195,237.78091321325263,-0.289715426919928,121,FIXED_120D,13.697483308135508,-33.655465479347825,False,Fixed 120D Benchmark
ICIL,Textiles,2021-01-13,2021-07-12,141.067032029009,140.715243919211,176.02566275549307,176.46682983006824,24.781573854403618,121,FIXED_120D,30.86838922006213,-23.33786484057295,False,Fixed 120D Benchmark
ADANIGREEN,Miscellaneous,2021-01-15,2021-07-14,1019.1916494750976,1016.6500244140625,1006.4775000000001,1009.0,-1.2474738663376572,121,FIXED_120D,36.723549561818444,-9.86574006978774,False,Fixed 120D Benchmark
PDMJEPAPER,Paper,2021-02-11,2021-08-10,20.550157097402227,20.498909822845114,42.131698787981385,42.23729201802645,105.01886476238815,121,FIXED_120D,120.93023397700821,-0.9302361066951285,False,Fixed 120D Benchmark
IFBIND,Consumer Durables,2021-02-24,2021-08-24,1246.1074999999998,1243.0,908.1240243530274,910.4000244140625,-27.123139508186295,121,FIXED_120D,4.585679806918745,-29.20353982300885,False,Fixed 120D Benchmark
CROMPTON,Consumer Durables,2021-02-26,2021-08-26,362.95810531355033,362.052972881347,440.9664346093717,442.07161364348036,21.49237836373207,121,FIXED_120D,31.69787194120425,-8.020480850288388,False,Fixed 120D Benchmark
VISHWARAJ,Agri,2021-03-08,2021-09-03,24.763519186476046,24.701764774539697,29.06751384209551,29.14036475398046,17.38038371367661,121,FIXED_120D,32.578134284545975,-19.179683972365368,False,Fixed 120D Benchmark
NIITLTD,Software & IT Services,2021-03-10,2021-09-07,182.04134559175967,181.58737714888747,301.3419739432572,302.0972169857215,65.53490799778939,121,FIXED_120D,86.92089323396162,-28.288952295905666,False,Fixed 120D Benchmark
RAMCOSYS,Software & IT Services,2021-03-12,2021-09-08,585.1592622375488,583.7000122070312,462.9896189117432,464.1499938964844,-20.878015817206716,121,FIXED_120D,17.740275077506908,-26.16926448612467,False,Fixed 120D Benchmark
GOLDENTOBC,FMCG,2021-03-18,2021-09-15,45.413249235153195,45.29999923706055,95.56050304412842,95.80000305175781,110.42428069682705,121,FIXED_120D,180.46358761926086,-21.63355276404295,False,Fixed 120D Benchmark
RELAXO,Footwear,2021-03-19,2021-09-16,824.595814061433,822.5394653979382,1188.131188132878,1191.1089605342133,44.08649278498051,121,FIXED_120D,50.14296118950645,-1.3980179072431804,False,Fixed 120D Benchmark
RKFORGE,Automobile & Ancillaries,2021-03-19,2021-09-16,99.42188375250618,99.17394888030542,211.07220244981082,211.60120546346948,112.29954058730074,121,FIXED_120D,113.36369868548269,-3.6629998079172688,False,Fixed 120D Benchmark
BORORENEW,Construction Materials,2021-03-22,2021-09-17,264.65999999999997,264.0,313.21500000000003,314.0,18.346180004534148,121,FIXED_120D,32.651519775390625,-19.223484848484848,False,Fixed 120D Benchmark
GNA,Diversified / Other,2021-03-22,2021-09-17,180.31630056576185,179.86663398080984,404.94148998575366,405.9563809380989,124.57286929423799,121,FIXED_120D,130.9386178171989,-9.51555531852192,False,Fixed 120D Benchmark
DLF,Real Estate,2021-03-23,2021-09-20,280.9228212741053,280.2222656100801,314.9429479441923,315.7322786407943,12.110132781591474,121,FIXED_120D,22.23546217292989,-21.112617399507606,False,Fixed 120D Benchmark
GRAPHITE,Industrial Manufacturing,2021-07-09,2022-01-04,570.4427825499258,569.0202319700009,463.9722116820326,465.1350493052958,-18.664548684788524,121,FIXED_120D,19.68252910107007,-36.70879640944562,False,Fixed 120D Benchmark
BROOKS,Healthcare,2021-07-12,2022-01-05,91.35358499526977,91.12577056884766,100.28415321350099,100.53549194335938,9.775826770994959,121,FIXED_120D,67.82608761175138,-7.500001883785188,False,Fixed 120D Benchmark
WIPRO,Software & IT Services,2021-07-15,2022-01-10,256.8680056694652,256.2274370767733,323.0144058499271,323.8239657643379,25.751124593375117,121,FIXED_120D,31.88054735950499,-0.35650623885918103,False,Fixed 120D Benchmark
BIRLACABLE,Electricals,2021-08-10,2022-02-03,102.85612388540524,102.59962482334687,98.48645428247052,98.73328750122357,-4.248331978563655,121,FIXED_120D,5.8784261563251015,-32.00934238249667,False,Fixed 120D Benchmark
BALKRISIND,Automobile & Ancillaries,2021-08-24,2022-02-16,2196.801264745482,2191.322957352102,2067.984980418971,2073.1679001693947,-5.863811460498012,121,FIXED_120D,19.46493692960429,-12.35113467950173,False,Fixed 120D Benchmark
APCL,Diversified / Other,2021-08-26,2022-02-18,383.159120583022,382.20361155413667,263.6726131838339,264.333446800836,-31.184565623121596,121,FIXED_120D,8.043216206841969,-33.32915189406101,False,Fixed 120D Benchmark
CGCL,Finance,2021-09-08,2022-03-04,482.60958849989385,481.4060733166024,565.6502988307025,567.0679687525839,17.206601839164843,121,FIXED_120D,23.43136618868506,-11.333340630246541,False,Fixed 120D Benchmark
REDINGTON,Trading,2021-09-13,2022-03-08,125.33995377818987,125.02738531490262,124.7572483958079,125.06992320381744,-0.4648999499498419,121,FIXED_120D,21.94623634475138,-6.634922355642252,False,Fixed 120D Benchmark
AJANTPHARM,Healthcare,2021-09-15,2022-03-10,1389.6895711807254,1386.2240111528433,1099.7528963545296,1102.509169277724,-20.863413012436734,121,FIXED_120D,6.565172056671422,-26.205526736259127,False,Fixed 120D Benchmark
SHAHALLOYS,Metals & Mining,2021-09-15,2022-03-10,15.6390003824234,15.600000381469727,91.52062500000001,91.75,485.20763963187574,121,FIXED_120D,488.14101125910315,0.0,False,Fixed 120D Benchmark
ADANIENT,Trading,2021-09-22,2022-03-17,1435.3832420045323,1431.8037326728504,1767.2159987087168,1771.6451114874353,23.118059831935582,121,FIXED_120D,32.996515807118676,-4.689892740667063,False,Fixed 120D Benchmark
AJMERA,Real Estate,2021-09-22,2022-03-17,68.27698363579455,68.10671684368535,68.94637457467232,69.11917250593716,0.9804049669921809,121,FIXED_120D,41.50940920241298,-26.78672872566378,False,Fixed 120D Benchmark
ALKYLAMINE,Chemicals,2021-09-22,2022-03-17,3894.481903320578,3884.7699783746416,2886.5997978645964,2893.8343838241567,-25.879748076287747,121,FIXED_120D,5.230016474445005,-30.51545599396916,False,Fixed 120D Benchmark
EVERESTIND,Construction Materials,2021-09-22,2022-03-17,420.7804488713256,419.731121068654,635.0599465451081,636.6515754838176,50.924299892866244,121,FIXED_120D,80.27217830794694,-14.970338978361704,False,Fixed 120D Benchmark
INDIAGLYCO,Chemicals,2021-09-22,2022-03-17,332.5878995722972,331.7585033140122,430.72594980494324,431.8054634636022,29.50740251189235,121,FIXED_120D,53.64547391248337,-3.0946355778566152,False,Fixed 120D Benchmark
GOLDTECH,Software & IT Services,2022-01-17,2022-07-13,86.21499999999999,86.0,59.2016234779358,59.349998474121094,-31.3325715038731,121,FIXED_120D,7.034887269485829,-50.755815727766176,False,Fixed 120D Benchmark
PREMIER,Diversified / Other,2022-01-18,2022-07-14,10.024999999999999,10.0,4.688249809741974,4.699999809265137,-53.234415862922944,121,FIXED_120D,0.0,-59.49999809265136,False,Fixed 120D Benchmark
LAOPALA,Diversified / Other,2022-01-21,2022-07-19,372.1561988580553,371.22812853671354,250.6427826815558,251.27096008176017,-32.65118693423837,121,FIXED_120D,3.9024451900072297,-41.27479697157673,False,Fixed 120D Benchmark
ACCURACY,Logistics,2022-02-03,2022-07-29,20.584073197348268,20.5327413439883,20.05049624742605,20.10074811772035,-2.592183504239361,121,FIXED_120D,47.2450224648357,-11.650490572439377,False,Fixed 120D Benchmark
A2ZINFRA,Infrastructure,2022-02-16,2022-08-12,10.2254998087883,10.199999809265137,13.017375190258027,13.050000190734863,27.303070105876415,121,FIXED_120D,58.333332554187635,-16.176467150827804,False,Fixed 120D Benchmark
CGPOWER,Capital Goods,2022-02-18,2022-08-17,173.30475387094344,172.87257243984385,236.29261048319626,236.8848225395451,36.345140687345825,121,FIXED_120D,39.82857152564603,-12.000002026796047,False,Fixed 120D Benchmark
GREENPANEL,Construction Materials,2022-03-10,2022-09-06,479.94410528485815,478.74723719187847,442.64123525168054,443.75061178113333,-7.772336324672115,121,FIXED_120D,29.023600954025387,-13.393137837580646,False,Fixed 120D Benchmark
ESCORTS,Automobile & Ancillaries,2022-03-11,2022-09-07,1752.8199986837594,1748.4488764925281,1949.4604093557236,1954.3462750433318,11.218517065050998,121,FIXED_120D,15.670730030094049,-27.658391662087556,False,Fixed 120D Benchmark
INDIANCARD,Textiles,2022-03-11,2022-09-07,223.6366399557066,223.0789425992086,228.4275,229.0,2.142251844439387,121,FIXED_120D,30.195605435443984,-14.350389085732232,False,Fixed 120D Benchmark
GRAVITA,Metals & Mining,2022-04-04,2022-09-28,333.81685286289735,332.9843918831894,295.38816301911623,296.12848422969046,-11.511908255741734,121,FIXED_120D,4.468775767097859,-31.63657620245915,False,Fixed 120D Benchmark
JINDWORLD,Textiles,2022-04-04,2022-09-28,61.255687683293,61.1029303573995,53.681139686569665,53.81567888377911,-12.365460715885867,121,FIXED_120D,26.68300173292888,-36.65033225898106,False,Fixed 120D Benchmark
HINDALCO,Metals & Mining,2022-04-18,2022-10-11,528.1214055332821,526.8043945469149,392.17144604838,393.1543318780752,-25.742179366432545,121,FIXED_120D,2.0643946554755024,-43.30672982705196,False,Fixed 120D Benchmark
BIRLACABLE,Electricals,2022-04-21,2022-10-14,145.430250977484,145.06758202242796,132.1029606321515,132.4340457465178,-9.164042732344507,121,FIXED_120D,5.484940885977337,-36.22073888233519,False,Fixed 120D Benchmark
SPECIALITY,Hospitality,2022-04-21,2022-10-14,145.12246135009548,144.76055995021994,207.9496135629211,208.47079053926925,43.29250732680209,121,FIXED_120D,62.85329216757384,-30.989232285964576,False,Fixed 120D Benchmark
SRPL,Textiles,2022-04-21,2022-10-14,11.7041876912117,11.675000190734863,8.374012956619262,8.395000457763672,-28.452848010058478,121,FIXED_120D,10.321198321369861,-44.75374985960362,False,Fixed 120D Benchmark
GSS,Software & IT Services,2022-08-01,2023-01-25,225.5625,225.0,262.44225608825684,263.1000061035156,16.35012738742337,121,FIXED_120D,52.73333062065972,-8.066663953993055,False,Fixed 120D Benchmark
ASAHIINDIA,Construction Materials,2022-08-12,2023-02-07,558.7289809257816,557.3356418212285,500.2828046608914,501.5366462765828,-10.460559280108985,121,FIXED_120D,23.422628969861126,-16.947593933730978,False,Fixed 120D Benchmark
TCPLPACK,Containers & Packaging,2022-09-23,2023-03-20,1129.231815379933,1126.415775940083,1201.0098786769204,1204.0199284981657,6.3563621144377125,121,FIXED_120D,54.22141755693164,-9.623856429334822,False,Fixed 120D Benchmark
AMDIND,Containers & Packaging,2022-09-26,2023-03-21,83.458125,83.25,45.58575076103211,45.70000076293945,-45.37889419270789,121,FIXED_120D,0.0,-46.7267285596143,False,Fixed 120D Benchmark
TNPL,Paper,2022-09-26,2023-03-21,231.00626114090656,230.43018567671479,197.69346333089163,198.1889356700668,-14.420733726214966,121,FIXED_120D,16.83127768975371,-16.646086040300787,False,Fixed 120D Benchmark
ABB,Capital Goods,2022-09-28,2023-03-23,2940.1937883962587,2932.8616343104827,3199.0432554939,3207.060907763308,8.803823343863046,121,FIXED_120D,13.445666696773465,-12.7849255527858,False,Fixed 120D Benchmark
ARCHIDPLY,Construction Materials,2022-09-28,2023-03-23,84.41049694061279,84.19999694824219,56.2091234779358,56.349998474121094,-33.40979437962335,121,FIXED_120D,3.0878933464972107,-36.57956833572817,False,Fixed 120D Benchmark
COROMANDEL,Chemicals,2022-09-28,2023-03-23,950.8867680928607,948.5154793943749,850.1841823104204,852.3149697347573,-10.590386696032564,121,FIXED_120D,5.091960462691568,-14.143737114364463,False,Fixed 120D Benchmark
FEDERALBNK,Banks,2022-09-28,2023-03-23,110.42995555510437,110.15456913227369,125.67370095602861,125.98867263762266,13.803994871045324,121,FIXED_120D,27.24045021300529,-1.5084306262311438,False,Fixed 120D Benchmark
GABRIEL,Automobile & Ancillaries,2022-09-28,2023-03-23,147.59741957736995,147.22934621184035,133.04221235503053,133.37565148373986,-9.861423908369645,121,FIXED_120D,32.84386933283503,-10.699024327984688,False,Fixed 120D Benchmark
GESHIP,Logistics,2022-09-28,2023-03-23,457.00080987561023,455.8611569831524,531.1437012811584,532.4748885024144,16.223798689925502,121,FIXED_120D,43.71981179612358,-5.2172214609900704,False,Fixed 120D Benchmark
ELECON,Capital Goods,2022-10-13,2023-04-11,165.16552865103122,164.75364453968203,198.3519881505121,198.84911092783167,20.092848532334283,121,FIXED_120D,42.5576394398716,-4.941602251780795,False,Fixed 120D Benchmark
AHLEAST,Diversified / Other,2022-10-17,2023-04-13,139.1463762705113,138.79937782594644,114.18012321513224,114.46628893747592,-17.942438548915376,121,FIXED_120D,0.0,-42.35823144970332,False,Fixed 120D Benchmark
ASHOKLEY,Automobile & Ancillaries,2022-10-17,2023-04-13,67.03092171496726,66.86376230919429,62.54507374952512,62.70182832032594,-6.692206895971266,121,FIXED_120D,6.326514476052846,-9.455791914211376,False,Fixed 120D Benchmark
SRHHYPOLTD,Chemicals,2022-10-19,2023-04-18,715.8892163987844,714.1039565075156,521.1669500824979,522.4731329147849,-27.200055798552057,121,FIXED_120D,2.6029507023204137,-48.3542141932648,False,Fixed 120D Benchmark
APARINDS,Capital Goods,2023-01-25,2023-07-25,1570.7090462864155,1566.7920661211128,3761.651866424371,3771.079565337715,139.48750249563668,121,FIXED_120D,142.30959636005733,-15.265394928824275,False,Fixed 120D Benchmark
ENGINERSIN,Capital Goods,2023-02-08,2023-08-07,76.91214502593547,76.72034416552167,139.687088553737,140.03718150750575,81.61902584648139,121,FIXED_120D,98.39349740991386,-13.519201705535039,False,Fixed 120D Benchmark
MANAKSIA,Diversified / Other,2023-03-20,2023-09-14,103.18358093494895,102.92626527176954,142.54274391174317,142.89999389648438,38.14479263092043,121,FIXED_120D,84.77640593858273,-4.424357998097401,False,Fixed 120D Benchmark
HAL,Aviation,2023-03-27,2023-09-22,1222.5357913853663,1219.4870737011136,1898.832079367228,1903.5910570097524,55.31914016320856,121,FIXED_120D,65.76533754872246,0.0,False,Fixed 120D Benchmark
SURYAROSNI,Diversified,2023-03-29,2023-09-26,153.33957215022446,152.95717920221892,233.61663520991098,234.20214056131425,52.35247622905867,121,FIXED_120D,80.61540365483641,-0.6386254806756116,False,Fixed 120D Benchmark
BANCOINDIA,Automobile & Ancillaries,2023-03-31,2023-09-27,99.5820064973472,99.3336723165558,215.0894568381669,215.6285281585633,115.99229057901816,121,FIXED_120D,143.99639134977045,-0.9686839045038328,False,Fixed 120D Benchmark
BLUESTARCO,Consumer Durables,2023-04-03,2023-09-28,674.8988521038522,673.2158125724211,881.1969348688957,883.405448490121,30.567259393308138,121,FIXED_120D,39.176785474839626,-2.2208437990702774,False,Fixed 120D Benchmark
HILTON,Automobile & Ancillaries,2023-04-03,2023-09-28,105.0620030593872,104.80000305175781,166.38300304412843,166.8000030517578,58.36648664510899,121,FIXED_120D,66.03052951636484,-1.574428891060257,False,Fixed 120D Benchmark
AIAENG,Capital Goods,2023-04-24,2023-10-17,2751.120635976041,2744.2599860110136,3434.295349445759,3442.9026059606604,24.832597470860875,121,FIXED_120D,37.603182557935746,-5.7536917115578685,False,Fixed 120D Benchmark
JSL,Metals & Mining,2023-04-24,2023-10-17,264.45640908041827,263.79691678844716,464.4620595830471,465.6261248952853,75.62896705664991,121,FIXED_120D,101.5358109187976,-1.6332568656905935,False,Fixed 120D Benchmark
WENDT,Manufacturing,2023-04-24,2023-10-17,9102.892093331831,9080.19161429609,14730.62664900174,14767.5455127837,61.823588569092344,121,FIXED_120D,69.74666229873702,-4.622631818199302,False,Fixed 120D Benchmark
MARATHON,Real Estate,2023-05-11,2023-11-03,293.08477978841427,292.3538950507873,421.9903313348516,423.0479512128838,43.98234246060054,121,FIXED_120D,62.57254649921198,-7.077234577947931,False,Fixed 120D Benchmark
INDIANB,Banks,2023-05-12,2023-11-06,262.5170207333562,261.862364821303,403.57025090178286,404.5817051646946,53.731079902699804,121,FIXED_120D,59.19000897284283,-7.330570725103175,False,Fixed 120D Benchmark
INGERRAND,Capital Goods,2023-05-12,2023-11-06,2373.9999924982394,2368.0797930157005,2636.426458697581,2643.0340438070984,11.05418984956194,121,FIXED_120D,32.799886818519724,-3.5003756789476084,False,Fixed 120D Benchmark
SRF,Diversified,2023-05-22,2023-11-15,2420.116770650395,2414.0815667335614,2321.518266325999,2327.336607845613,-4.074121774624059,121,FIXED_120D,5.58673855268974,-16.41400793549771,False,Fixed 120D Benchmark
PRESTIGE,Real Estate,2023-07-25,2024-01-19,549.8855262442883,548.5142406426816,1311.081266908461,1314.3671848706374,138.42803717041448,121,FIXED_120D,161.64495100302162,-1.894145152889421,False,Fixed 120D Benchmark
CHOLAFIN,Finance,2023-08-07,2024-02-05,1080.2252809263284,1077.5314522955896,1154.308072531907,1157.201075219957,6.858087189188006,121,FIXED_120D,21.072090248293772,-7.832727583469184,False,Fixed 120D Benchmark
ARMANFIN,Finance,2023-09-14,2024-03-14,2263.7952770996094,2258.14990234375,1750.6125000000002,1755.0,-22.669133657576253,121,FIXED_120D,18.681226486266866,-24.867699268989,False,Fixed 120D Benchmark
FDC,Healthcare,2023-09-22,2024-03-21,361.99279124570927,361.090066080508,428.1793798284079,429.2525111061733,18.283952107149354,121,FIXED_120D,31.98917620387488,-7.090669143685198,False,Fixed 120D Benchmark
EXIDEIND,Automobile & Ancillaries,2023-09-26,2024-03-26,256.0116205467259,255.37318757778147,300.0931056587138,300.84521870547746,17.21854852441839,121,FIXED_120D,36.732327889064116,-6.643485593783217,False,Fixed 120D Benchmark
BAJAJCON,FMCG,2023-09-27,2024-03-27,225.39982244746267,224.83772812714483,214.4625,215.0,-4.85240952220004,121,FIXED_120D,12.280699359687945,-12.390354961625919,False,Fixed 120D Benchmark
ACE,Capital Goods,2023-09-28,2024-03-28,706.9388309303432,705.1758912023374,1410.6521127654369,1414.187581719736,99.54373010024011,121,FIXED_120D,110.42667986233059,-7.134783178846696,False,Fixed 120D Benchmark
APLAPOLLO,Metals & Mining,2023-09-28,2024-03-28,1627.1365710235652,1623.0788738389679,1460.584789241533,1464.2454027484039,-10.235882147081323,121,FIXED_120D,9.379207569574497,-20.183489680098745,False,Fixed 120D Benchmark
ADANIPOWER,Power,2023-10-18,2024-04-19,67.5685015296936,67.4000015258789,113.91449695587158,114.19999694824219,68.59112512035036,121,FIXED_120D,91.95845987204578,-14.139469403921304,False,Fixed 120D Benchmark
LINCOLN,Healthcare,2023-10-18,2024-04-19,497.9712174354152,496.7293939505389,567.5043665559085,568.9266832640686,13.963286769583519,121,FIXED_120D,51.18118036963642,-5.505503488586836,False,Fixed 120D Benchmark
ENGINERSIN,Capital Goods,2023-10-20,2024-04-23,134.1439368171557,133.80941328394584,202.0447079583896,202.55108567257102,50.617845839566925,121,FIXED_120D,95.08544463126776,-17.058414565770732,False,Fixed 120D Benchmark
ANDHRAPAP,Paper,2023-11-03,2024-05-07,107.0573078709556,106.79033204085347,100.18954172623891,100.44064333457534,-6.415037218192456,121,FIXED_120D,15.495492605422656,-14.234229100484205,False,Fixed 120D Benchmark
ESCORTS,Automobile & Ancillaries,2023-11-06,2024-05-08,3015.9078432723118,3008.3868760821065,3307.926881526384,3316.2174250891067,9.682624716318474,121,FIXED_120D,15.235640393179164,-14.512585101038427,False,Fixed 120D Benchmark
HATSUN,FMCG,2023-11-06,2024-05-08,1098.366580423473,1095.6275116443621,1007.0187060501327,1009.5425624562733,-8.316701910041841,121,FIXED_120D,7.133940192477868,-12.946428720213651,False,Fixed 120D Benchmark
GENUSPOWER,Capital Goods,2023-11-15,2024-05-16,243.404170315869,242.79717737243791,305.97650093208574,306.74335933041175,25.70717277974972,121,FIXED_120D,40.44508869233656,-16.496530144136816,False,Fixed 120D Benchmark
GREENLAM,Construction Materials,2024-01-19,2024-07-23,265.0108169426675,264.3499420874489,272.17978245071345,272.8619372939483,2.705159582069779,121,FIXED_120D,24.471185368683955,-18.962109522369076,False,Fixed 120D Benchmark
CHEMBOND,Chemicals,2024-02-05,2024-08-05,520.2424149295254,518.9450522987785,586.4971071442022,587.9670247059671,12.73534996635214,121,FIXED_120D,39.541882205139835,-18.137435725061362,False,Fixed 120D Benchmark
ABBOTINDIA,Healthcare,2024-03-14,2024-09-12,26348.160565974762,26282.45442990001,28553.834766866887,28625.398262523195,8.371264458364001,121,FIXED_120D,11.912974690789941,-8.913463556478133,False,Fixed 120D Benchmark
BPCL,Oil & Gas,2024-03-21,2024-09-19,256.6018441630588,255.96193931477185,310.27872184118763,311.0563627480578,20.9183522640701,121,FIXED_120D,32.0425383837086,-6.933791086778308,False,Fixed 120D Benchmark
REMSONSIND,Automobile & Ancillaries,2024-03-26,2024-09-23,163.990556211928,163.581602206412,198.05792986232032,198.55431565144895,20.773985061899797,121,FIXED_120D,30.546770263252547,-2.6245610661646674,False,Fixed 120D Benchmark
DHANBANK,Diversified / Other,2024-04-01,2024-09-26,42.606249999999996,42.5,37.59577363014221,37.689998626708984,-11.75995627368704,121,FIXED_120D,16.235297707950366,-14.070587158203123,False,Fixed 120D Benchmark
DRREDDY,Healthcare,2024-04-01,2024-09-26,1223.2076620085124,1220.1572688364215,1322.7716143215737,1326.0868314000738,8.139578863459437,121,FIXED_120D,15.036827205505265,-9.895415649749811,False,Fixed 120D Benchmark
JBMA,Automobile & Ancillaries,2024-04-01,2024-09-26,912.3460262047093,910.0708490820044,926.7602532462378,929.0829606478574,1.5799079107617224,121,FIXED_120D,28.220936884508273,-8.168866092060506,False,Fixed 120D Benchmark
ICICIBANK,Banks,2024-04-22,2024-10-16,1055.160376274957,1052.5290536408547,1225.5111637851123,1228.5826203359522,16.14453985767988,121,FIXED_120D,27.370964144532383,-2.572315369412122,False,Fixed 120D Benchmark
PERSISTENT,Software & IT Services,2024-04-22,2024-10-16,3832.880222631408,3823.321917836816,5543.123970805382,5557.016512085595,44.62032854759628,121,FIXED_120D,46.892930059093764,-16.742648739056524,False,Fixed 120D Benchmark
LUPIN,Healthcare,2024-04-23,2024-10-17,1577.6718585914305,1573.7375148044196,2172.1252015842833,2177.5691243952715,37.6791498026459,121,FIXED_120D,44.952318111660375,-6.785274346459567,False,Fixed 120D Benchmark
AMBUJACEM,Construction Materials,2024-05-09,2024-11-01,590.5955800608991,589.122773128079,576.5180393159961,577.9629466827029,-2.383617693761167,121,FIXED_120D,18.973876286804504,-13.028520514465983,False,Fixed 120D Benchmark
GULFOILLUB,Automobile & Ancillaries,2024-05-09,2024-11-01,898.4632925459911,896.2227357067243,1125.0142522434755,1127.8338368355644,25.215382929613416,121,FIXED_120D,57.17032166208096,-11.822422579010764,False,Fixed 120D Benchmark
IBREALEST,Diversified / Other,2024-05-09,2024-11-01,121.80375,121.5,110.72250000000001,111.0,-9.097626304608834,121,FIXED_120D,35.27572066695602,-12.995885527182999,False,Fixed 120D Benchmark
SIMPLEXINF,Infrastructure,2024-05-27,2024-11-19,124.1095030593872,123.80000305175781,243.39000000000001,244.0,96.1090762594838,121,FIXED_120D,148.66720396994734,-11.914377735381297,False,Fixed 120D Benchmark
ASAL,Diversified / Other,2024-07-23,2025-01-15,962.149375,959.75,632.4150000000001,634.0,-34.27060117354438,121,FIXED_120D,11.476949665440218,-39.03620988945689,False,Fixed 120D Benchmark
CARBORUNIV,Manufacturing,2024-08-07,2025-01-30,1657.1480672885414,1653.015528467373,1138.589765884968,1141.4433743207699,-31.292212907205613,121,FIXED_120D,4.767623138256598e-07,-33.69525156132731,False,Fixed 120D Benchmark
ASHOKLEY,Automobile & Ancillaries,2024-09-13,2025-03-07,118.20908059846009,117.91429486130683,100.71087155225982,100.96327975163891,-14.802762154659904,121,FIXED_120D,0.22177542409588563,-20.508002367914948,False,Fixed 120D Benchmark
MARINE,Electricals,2024-09-19,2025-03-13,245.81785609445708,245.20484398449585,168.46309095293086,168.8853042134645,-31.46832633338164,121,FIXED_120D,35.592311438115956,-43.44212566013182,False,Fixed 120D Benchmark
ABBOTINDIA,Healthcare,2024-09-23,2025-03-18,27403.133101925792,27334.796111646676,29008.531289062503,29081.234375,5.858447576652791,121,FIXED_120D,12.46260250586657,-10.7144506486863,False,Fixed 120D Benchmark
CROMPTON,Consumer Durables,2024-09-26,2025-03-21,437.80524676687935,436.7134631091066,349.25939048613577,350.13472730439673,-20.224941782822466,121,FIXED_120D,0.1681998028552277,-29.098449952002813,False,Fixed 120D Benchmark
RPPINFRA,Infrastructure,2024-09-26,2025-03-21,209.45560472644672,208.9332715475778,142.0712495000637,142.42731779455005,-32.171187452533616,121,FIXED_120D,21.745349557469986,-44.9928476923277,False,Fixed 120D Benchmark
ARCHIDPLY,Construction Materials,2024-09-27,2025-03-24,124.1896972465515,123.87999725341797,87.78,88.0,-29.31780820293652,121,FIXED_120D,14.384888674456722,-35.82499050482784,False,Fixed 120D Benchmark
IGL,Industrial Gases & Fuels,2024-10-16,2025-04-11,252.80870739731785,252.17826174296047,175.46968327138143,175.9094569136656,-30.591914701889316,121,FIXED_120D,0.23845859803344488,-40.86870667735983,False,Fixed 120D Benchmark
MARICO,FMCG,2024-10-21,2025-04-17,653.7049118228892,652.0747250103634,705.9136929066611,707.6829001570537,7.986597643604217,121,FIXED_120D,10.7953849902063,-12.8552067286367,False,Fixed 120D Benchmark
MINDACORP,Automobile & Ancillaries,2024-10-21,2025-04-17,538.7015031425392,537.3581078728571,504.12453986114684,505.3880098858615,-6.418575608140334,121,FIXED_120D,10.888884916701883,-15.912479064759316,False,Fixed 120D Benchmark
MAHSCOOTER,Automobile & Ancillaries,2024-11-01,2025-05-02,10533.011695867026,10506.74483378257,11118.18238270427,11146.047501457913,5.555587554002764,121,FIXED_120D,19.394339798344213,-17.543690286501086,False,Fixed 120D Benchmark
SYMPHONY,Consumer Durables,2024-11-01,2025-05-02,1528.7781078534026,1524.9656936193544,1134.428843496847,1137.2720235557363,-25.79506223504676,121,FIXED_120D,5.534171335913566,-38.93695849141912,False,Fixed 120D Benchmark
GREENPLY,Diversified / Other,2024-11-04,2025-05-05,352.5089941707677,351.6299193723369,282.0024764185219,282.70924954237785,-20.001338666011453,121,FIXED_120D,6.278351643080474,-30.527201984006535,False,Fixed 120D Benchmark
INDIACEM,Construction Materials,2024-11-19,2025-05-19,358.2934938812256,357.3999938964844,318.20250000000004,319.0,-11.189428378098238,121,FIXED_120D,6.883046033470458,-33.17011466634356,False,Fixed 120D Benchmark
INDRAMEDCO,Healthcare,2025-01-15,2025-07-11,475.05762380046576,473.87294144684864,484.2497593817854,485.4634179266019,1.9349517028655294,121,FIXED_120D,9.522314107548741,-35.76879001030205,False,Fixed 120D Benchmark
BANARISUG,Diversified / Other,2025-01-30,2025-07-28,3558.0438777559543,3549.1709503800043,3748.082987234972,3757.4766789323025,5.341112026951014,121,FIXED_120D,24.796412411452728,-15.74557484526719,False,Fixed 120D Benchmark
SRF,Diversified,2025-04-09,2025-10-06,2753.50591898726,2746.6393206855464,2901.2234525839244,2908.4946893071924,5.364707320149687,121,FIXED_120D,20.446999741027103,-2.012281894751594,False,Fixed 120D Benchmark
AXISCADES,Aviation,2025-04-15,2025-10-08,810.7217622375488,808.7000122070312,1714.7025,1719.0,111.50320367218376,121,FIXED_120D,120.00740995616444,-9.10721198248328,False,Fixed 120D Benchmark
NORBTEAEXP,Agri,2025-05-02,2025-10-24,40.0498757648468,39.95000076293945,57.296398630142214,57.439998626708984,43.062612644689644,121,FIXED_120D,43.77971847248257,-23.654569668258844,False,Fixed 120D Benchmark
RAMANEWS,Paper,2025-05-09,2025-10-31,31.077499999999997,31.0,29.256674923896792,29.329999923706055,-5.858981823194289,121,FIXED_120D,44.45160896547379,-6.451612903225806,False,Fixed 120D Benchmark
HCG,Healthcare,2025-05-29,2025-11-21,553.2797744750976,551.9000244140625,737.4517378234864,739.2999877929688,33.287311744427065,121,FIXED_120D,45.796337890787,-5.761921982497873,False,Fixed 120D Benchmark
PANACEABIO,Healthcare,2025-06-06,2025-12-01,472.47823776245116,471.29998779296875,366.6311128234864,367.54998779296875,-22.402539731826074,121,FIXED_120D,0.8275036102431836,-27.540842595987268,False,Fixed 120D Benchmark
CHOLAFIN,Finance,2025-06-09,2025-12-02,1621.4694933547537,1617.4259285334201,1708.7629498552465,1713.045563764658,5.383601532945661,121,FIXED_120D,10.049497521638376,-13.294329942674707,False,Fixed 120D Benchmark
ADANIPORTS,Infrastructure,2025-06-23,2025-12-16,1338.7105549964222,1335.3721246847103,1502.4863766318688,1506.25200664849,12.233848536129928,121,FIXED_120D,15.510818016421654,-3.7658437429284555,False,Fixed 120D Benchmark
CUPID,Miscellaneous,2025-06-23,2025-12-16,18.2455007648468,18.200000762939453,82.57304878234864,82.77999877929688,352.5666346272079,121,FIXED_120D,365.9340631701265,-0.12088607449013535,False,Fixed 120D Benchmark
AXISBANK,Banks,2025-07-07,2025-12-31,1179.6342628674286,1176.6925315385822,1241.9271624937194,1245.0397618984655,5.280696024789127,121,FIXED_120D,10.733690384692833,-11.472484722104964,False,Fixed 120D Benchmark
BSE,Unclassified,2025-07-10,2026-01-05,2534.2600135868765,2527.940163178929,2646.3781175523595,2653.0106441627663,4.424096318625022,121,FIXED_120D,16.783712283786567,-20.243830356210584,False,Fixed 120D Benchmark
KITEX,Textiles,2025-07-24,2026-01-19,268.80077725315704,268.1304511253437,153.57510669708253,153.9600067138672,-42.86656896365845,121,FIXED_120D,0.0,-45.131187263615615,False,Fixed 120D Benchmark
CANBK,Banks,2025-07-25,2026-01-20,110.49951573320338,110.2239558435944,152.08916566785703,152.47034152166117,37.63785719665069,121,FIXED_120D,39.7330150059378,-9.054976871538264,False,Fixed 120D Benchmark
LUMAXTECH,Automobile & Ancillaries,2025-07-29,2026-01-23,1033.2791716907147,1030.7024156515859,1391.280435953194,1394.7673543390415,34.64709964846147,121,FIXED_120D,64.7015777330694,-7.731916455068458,False,Fixed 120D Benchmark
MCX,Finance,2025-07-30,2026-01-23,1575.5267003800402,1571.5977061147535,2331.1575000000003,2337.0,47.96052008751682,121,FIXED_120D,59.010158278859834,-7.050001209313189,False,Fixed 120D Benchmark
BIL,Textiles,2025-10-06,2026-04-02,847.1125,845.0,692.265,694.0,-18.279449305729756,121,FIXED_120D,15.976331360946746,-28.757396449704142,False,Fixed 120D Benchmark
HDFCAMC,Finance,2025-10-13,2026-04-10,2723.1288922874946,2716.338047169571,2473.4651689851335,2479.6643298096574,-9.16826684221464,121,FIXED_120D,6.899034829285674,-20.540392200298598,False,Fixed 120D Benchmark
APOLLO,Aviation,2025-10-30,2026-04-29,287.3165061187744,286.6000061035156,306.6314939117432,307.3999938964844,6.722547219401355,121,FIXED_120D,8.981154810261275,-37.36915695138984,False,Fixed 120D Benchmark
TFCILTD,Finance,2025-11-04,2026-05-04,69.7599861769354,69.5860211241251,71.83329599794084,72.01332932124394,2.972061685543929,121,FIXED_120D,15.01072158932773,-27.090775604671215,False,Fixed 120D Benchmark
VASWANI,Metals & Mining,2025-11-21,2026-05-22,60.15,60.0,54.762751522064214,54.900001525878906,-8.956356571796816,121,FIXED_120D,10.0,-18.16666920979818,False,Fixed 120D Benchmark
NAM-INDIA,Finance,2025-12-05,2026-06-03,827.0056490719096,824.9432908447976,1079.7753857850958,1082.4815897594945,30.56445104055237,121,FIXED_120D,34.90017147807948,-4.574618171098955,False,Fixed 120D Benchmark
HINDPETRO,Oil & Gas,2025-12-08,2026-06-04,430.73834839977354,429.6641879299487,363.13471643605897,364.0448285073273,-15.694825458394249,121,FIXED_120D,12.538743312599362,-30.013276320679804,False,Fixed 120D Benchmark
RADICO,Alcohol,2025-12-19,2026-06-18,3150.8839691727458,3143.026403164834,3578.073762871967,3587.0413662876863,13.557776099618756,121,FIXED_120D,18.571432605548978,-20.634919709771165,False,Fixed 120D Benchmark
ALKEM,Healthcare,2025-12-22,2026-06-19,5514.979879314699,5501.22681228399,5327.090781863817,5340.441886580267,-3.4068863633683764,121,FIXED_120D,6.804066141784938,-7.912661076024148,False,Fixed 120D Benchmark
SOUTHBANK,Banks,2025-12-31,2026-06-26,37.614903619703234,37.5211008675344,44.8554643535614,44.9678840637207,19.24918060953227,121,FIXED_120D,31.40670114794351,-11.902878531265424,False,Fixed 120D Benchmark
LUMAXIND,Automobile & Ancillaries,2026-01-05,2026-07-02,5383.496634289699,5370.071455650573,5256.3605177714235,5269.534353655562,-2.3615899693982003,121,FIXED_120D,27.90740451642435,-16.864334608840036,False,Fixed 120D Benchmark
FEDERALBNK,Banks,2026-01-19,2026-07-15,271.2021146455953,270.52580014523227,326.56307721851294,327.38153104612826,20.413175113056504,121,FIXED_120D,23.96388837344933,-6.686319531783326,False,Fixed 120D Benchmark
GPPL,Logistics,2026-01-21,2026-07-17,177.18185550689697,176.74000549316406,150.6225,151.0,-14.989884506465797,121,FIXED_120D,4.605634908143802,-19.910603908387525,False,Fixed 120D Benchmark
BHARATFORG,Metals & Mining,2026-01-23,2026-07-21,1432.598002710363,1429.0254391125816,2202.5798474121093,2208.10009765625,53.74723706475933,121,FIXED_120D,56.13650538974729,-3.526127980259769,False,Fixed 120D Benchmark
CUPID,Miscellaneous,2026-01-23,2026-07-21,85.0120030593872,84.80000305175781,207.22065547943117,207.74000549316406,143.75458526094505,121,FIXED_120D,166.50942437120025,-12.323118162222874,False,Fixed 120D Benchmark
OIL,Oil & Gas,2026-05-11,2026-08-24,458.1425,457.0,475.8075,477.0,3.855787227773023,75,END_OF_BACKTEST,16.192560175054705,-11.575491005795268,False,Fixed 120D Benchmark
LUPIN,Healthcare,2026-05-15,2026-08-24,2257.3027141097346,2251.6735302840248,2182.53,2188.0,-3.312480583235564,71,END_OF_BACKTEST,12.081077351099696,-3.1697970640928905,False,Fixed 120D Benchmark
TITAN,Diamond  &  Jewellery,2026-05-15,2026-08-24,4151.764388333205,4141.410861180254,5066.302500000001,5079.0,22.02769777198153,71,END_OF_BACKTEST,24.788391522380373,-4.625755061439472,False,Fixed 120D Benchmark
POWERGRID,Power,2026-05-18,2026-08-24,297.04073776245116,296.29998779296875,270.72149391174315,271.3999938964844,-8.860482925327226,70,END_OF_BACKTEST,2.767469640518776,-11.559230985838319,False,Fixed 120D Benchmark
UNIVPHOTO,FMCG,2026-05-25,2026-08-24,432.5286372375488,431.45001220703125,447.97725608825687,449.1000061035156,3.571698500560442,65,END_OF_BACKTEST,15.424727294024212,-21.856533930354143,False,Fixed 120D Benchmark
MCX,Finance,2026-06-05,2026-08-24,2917.2749999999996,2910.0,3259.8300000000004,3268.0,11.742293750160709,56,END_OF_BACKTEST,13.0481082876933,-11.83848797250859,False,Fixed 120D Benchmark
INGERRAND,Capital Goods,2026-06-08,2026-08-24,3932.105971584909,3922.3002210323284,4641.6665551757815,4653.2998046875,18.04530673177332,55,END_OF_BACKTEST,21.579173611993514,-1.4898481056847146,False,Fixed 120D Benchmark
AUROPHARMA,Healthcare,2026-06-18,2026-08-24,1432.9735244750975,1429.4000244140625,1603.98,1608.0,11.933680043917258,47,END_OF_BACKTEST,17.69973385188022,-0.930463733102071,False,Fixed 120D Benchmark
SAIL,Metals & Mining,2026-06-19,2026-08-24,181.85349388122557,181.39999389648438,179.20086891174319,179.64999389648438,-1.4586604375140049,46,END_OF_BACKTEST,1.3561228206385643,-12.89415665746709,False,Fixed 120D Benchmark
ARIHANT,Real Estate,2026-07-03,2026-08-24,795.985,794.0,1004.6820121765137,1007.2000122070312,26.21871168131481,35,END_OF_BACKTEST,54.28211586901763,-3.7783375314861463,False,Fixed 120D Benchmark
BHEL,Capital Goods,2026-07-09,2026-08-24,379.72506980615975,378.77812449492245,410.3714939117432,411.3999938964844,8.070687595429945,32,END_OF_BACKTEST,17.87903554234568,-0.1842137386924229,False,Fixed 120D Benchmark
ADANIPOWER,Power,2026-07-15,2026-08-24,228.11887805938719,227.5500030517578,203.1907469558716,203.6999969482422,-10.92769319031367,28,END_OF_BACKTEST,0.37354024756186277,-11.32937747024905,False,Fixed 120D Benchmark
STLTECH,Electricals,2026-07-22,2026-08-24,532.3275,531.0,656.85375,658.5,23.392789213407163,23,END_OF_BACKTEST,28.71939736346516,-6.346518306408898,False,Fixed 120D Benchmark
IDEA,Telecom,2026-07-23,2026-08-24,13.52372477054596,13.489999771118164,14.03482469558716,14.069999694824219,3.779283693752423,22,END_OF_BACKTEST,6.078581633886615,-6.5974752019930305,False,Fixed 120D Benchmark
SICAGEN,Diversified / Other,2026-07-23,2026-08-24,51.929499235153195,51.79999923706055,53.416124238967896,53.54999923706055,2.862775543208675,22,END_OF_BACKTEST,42.97297036561959,-10.135135284411092,False,Fixed 120D Benchmark
ASIANPAINT,Chemicals,2019-04-12,2019-05-13,1344.512536347503,1341.1596372543672,1252.1836541616083,1255.3219590592564,-6.8670897213584245,17,WEEKLY_CLOSE_LT_W_EMA20,3.2908758442164836,-8.281265996807285,False,Weekly EMA20 Exit
CANTABIL,Retailing,2019-05-03,2019-05-13,51.560024114415064,51.43144550066341,43.34561105920737,43.45424667589711,-15.93174789247455,6,WEEKLY_CLOSE_LT_W_EMA20,4.542861360807848,-18.836717137381488,False,Weekly EMA20 Exit
DIVISLAB,Healthcare,2019-05-13,2019-06-03,1572.154170032027,1568.23358606686,1511.7369210478391,1515.5257353863049,-3.8429595605726794,15,WEEKLY_CLOSE_LT_W_EMA20,7.332994553052913,-5.2184203275182925,False,Weekly EMA20 Exit
BATAINDIA,Footwear,2019-05-10,2019-07-15,1216.081754671056,1213.0491318414524,1194.013397990399,1197.0059127723298,-1.8147099564557105,45,WEEKLY_CLOSE_LT_W_EMA20,7.861867945162001,-4.437924751299893,False,Weekly EMA20 Exit
HAVELLS,Capital Goods,2019-05-10,2019-07-15,699.9479012919053,698.2023953036462,675.6106111136855,677.3038707906621,-3.477014522552323,45,WEEKLY_CLOSE_LT_W_EMA20,9.775500906199168,-4.176891392297644,False,Weekly EMA20 Exit
SUVEN,Healthcare,2019-05-17,2019-07-15,11.868521718978881,11.838924407958984,11.084131994247437,11.11191177368164,-6.60899262186234,40,WEEKLY_CLOSE_LT_W_EMA20,11.202671626223658,-8.573674650870323,False,Weekly EMA20 Exit
HONAUT,Consumer Durables,2019-06-27,2019-07-15,24167.253847446424,24106.986381492694,22895.566364644576,22952.94873648579,-5.262027249058825,12,WEEKLY_CLOSE_LT_W_EMA20,3.6524771458143936,-7.05895507732825,False,Weekly EMA20 Exit
PGHH,FMCG,2019-06-20,2019-07-22,9539.985583434533,9516.195095695295,9519.030601008788,9542.887820560189,-0.21965423576877754,22,WEEKLY_CLOSE_LT_W_EMA20,4.916119477411366,-2.008924813971569,False,Weekly EMA20 Exit
TRIVENI,Agri,2019-06-24,2019-07-22,62.88908817157098,62.73225752775161,58.693359712495486,58.840460864657125,-6.671631885692017,20,WEEKLY_CLOSE_LT_W_EMA20,5.465314316746228,-9.896590896992713,False,Weekly EMA20 Exit
GILLETTE,FMCG,2019-07-12,2019-07-22,6407.587363503761,6391.608342647143,6204.963371091761,6220.5146577361,-3.162250952146243,6,WEEKLY_CLOSE_LT_W_EMA20,1.0513149055131836,-3.8099996873897686,False,Weekly EMA20 Exit
AVADHSUGAR,Agri,2019-07-15,2019-07-22,277.7543585907694,277.0617043299446,229.5350537438781,230.11032956779758,-17.36041338524427,5,WEEKLY_CLOSE_LT_W_EMA20,0.5909618832948389,-18.22393094732637,False,Weekly EMA20 Exit
MUTHOOTFIN,Finance,2019-05-13,2019-07-29,510.7882130162825,509.5144269489102,526.3158150969807,527.6349023528628,3.0399295999814386,54,WEEKLY_CLOSE_LT_W_EMA20,14.996519445779,-4.914153537638584,False,Weekly EMA20 Exit
SEAMECLTD,Logistics,2019-05-13,2019-07-29,422.88563520968705,421.83105756577265,406.46834751950036,407.4870651824565,-3.8822050983231473,54,WEEKLY_CLOSE_LT_W_EMA20,19.402271681038304,-6.2125044842750645,False,Weekly EMA20 Exit
GMMPFAUDLR,Capital Goods,2019-07-12,2019-07-29,420.4310535398008,419.38259704718286,411.2526100949732,412.28331839095057,-2.1831031194175883,11,WEEKLY_CLOSE_LT_W_EMA20,7.214966384640048,-3.3816478373633876,False,Weekly EMA20 Exit
PRESTIGE,Real Estate,2019-05-15,2019-08-05,240.9058474878859,240.30508477594603,252.52741668988196,253.16031748359092,4.824112541552345,57,WEEKLY_CLOSE_LT_W_EMA20,26.849045060007352,-1.904749301945811,False,Weekly EMA20 Exit
BALRAMCHIN,Agri,2019-06-21,2019-08-05,132.36865832561384,132.03856192081182,123.34825045725835,123.65739394211363,-6.814610031149654,31,WEEKLY_CLOSE_LT_W_EMA20,17.269513161132537,-10.99290759086718,False,Weekly EMA20 Exit
HEIDELBERG,Cement & Cement Products,2019-06-24,2019-08-05,149.15823068456285,148.78626502200785,147.43144593107243,147.800948301827,-1.1576865356778023,30,WEEKLY_CLOSE_LT_W_EMA20,11.52318956670157,-3.5761543601504195,False,Weekly EMA20 Exit
BAJFINANCE,Finance,2019-07-10,2019-08-05,349.94047214801776,349.06780264141423,310.0343041342432,310.8113324654067,-11.4037018264338,18,WEEKLY_CLOSE_LT_W_EMA20,0.0,-16.686394574172876,False,Weekly EMA20 Exit
AARTIIND,Chemicals,2019-07-15,2019-08-19,420.87039519443573,419.820843086719,388.09385313876265,389.066519437356,-7.787799386680741,23,WEEKLY_CLOSE_LT_W_EMA20,5.052317514857855,-11.79941714286199,False,Weekly EMA20 Exit
POWERGRID,Power,2019-08-08,2019-09-23,76.95655591850222,76.7646443077329,77.07941210218286,77.27259358614822,0.15964355760767826,28,WEEKLY_CLOSE_LT_W_EMA20,8.179789592959924,-4.7546176416906425,False,Weekly EMA20 Exit
IPCALAB,Healthcare,2019-05-20,2019-09-30,452.97806425965035,451.84844315177094,445.3334765057231,446.4496005069906,-1.6876286860427951,90,WEEKLY_CLOSE_LT_W_EMA20,8.081627599524989,-4.037644682884421,False,Weekly EMA20 Exit
PIDILITIND,Chemicals,2019-09-23,2019-11-18,694.1067127919158,692.3757733585195,635.0322002641569,636.6237596633151,-8.5108689253476,36,WEEKLY_CLOSE_LT_W_EMA20,4.076643828349452,-9.337987552737243,False,Weekly EMA20 Exit
MPSLTD,Miscellaneous,2019-11-25,2019-12-09,424.0417678384718,422.98430707079484,408.87752171852617,409.90227741205626,-3.5761208612171607,10,WEEKLY_CLOSE_LT_W_EMA20,0.0,-6.185568767186665,False,Weekly EMA20 Exit
SUVEN,Healthcare,2019-12-05,2019-12-16,12.813904871940611,12.781949996948242,12.882058925628662,12.914344787597656,0.5318757581640258,7,WEEKLY_CLOSE_LT_W_EMA20,4.488464614157321,-4.052333362630593,False,Weekly EMA20 Exit
ATUL,Chemicals,2019-11-18,2019-12-23,3957.15917721823,3947.290949843621,3866.680513683666,3876.3714422893895,-2.2864549916379135,25,WEEKLY_CLOSE_LT_W_EMA20,3.412908509375395,-3.4363882608170186,False,Weekly EMA20 Exit
HINDUNILVR,Consumer Goods,2019-11-22,2019-12-23,1838.380508194602,1833.796018149229,1739.312523488161,1743.6717027450236,-5.388872666177882,21,WEEKLY_CLOSE_LT_W_EMA20,2.4341470346687295,-6.958533580842784,False,Weekly EMA20 Exit
AGROPHOS,Chemicals,2019-08-26,2019-12-30,79.60797241712417,79.40944879513634,85.77163627624512,85.98660278320312,7.742520845556798,83,WEEKLY_CLOSE_LT_W_EMA20,89.281365936147,-1.88793235793886,False,Weekly EMA20 Exit
EQ30,Unclassified,2019-11-14,2019-12-30,348.4690061187744,347.6000061035156,339.15000000000003,340.0,-2.6742711561549988,31,WEEKLY_CLOSE_LT_W_EMA20,0.014380837770717296,-9.378597678679935,False,Weekly EMA20 Exit
VADILALIND,FMCG,2019-11-21,2019-12-30,722.031450925469,720.2308737411163,705.9069334642384,707.6761237736725,-2.2332153870254454,26,WEEKLY_CLOSE_LT_W_EMA20,4.003021483169466,-3.727443873854431,False,Weekly EMA20 Exit
ICICIGI,Insurance,2020-01-24,2020-02-03,1284.5309117364775,1281.327592754591,1229.33333067924,1232.4143665957292,-4.297100252933532,6,WEEKLY_CLOSE_LT_W_EMA20,2.017202598969761,-4.5434305590996305,False,Weekly EMA20 Exit
WHIRLPOOL,Consumer Durables,2019-11-28,2020-02-17,2173.3403925962734,2167.920591118477,2194.8502319341433,2200.3511097084142,0.989713319236393,56,WEEKLY_CLOSE_LT_W_EMA20,15.820495245030719,-4.805077622125736,False,Weekly EMA20 Exit
ICICIPRULI,Insurance,2020-01-03,2020-02-17,482.68780127372986,481.4840910461146,472.685840658292,473.8705169506687,-2.072138676188706,31,WEEKLY_CLOSE_LT_W_EMA20,9.641646341584655,-10.25772872199984,False,Weekly EMA20 Exit
VSTIND,Consumer Goods,2019-12-16,2020-03-02,288.0566205857482,287.33827489850194,283.68518329342646,284.3961737277458,-1.5175618194203067,53,WEEKLY_CLOSE_LT_W_EMA20,18.330480073096115,-1.1471709988492091,False,Weekly EMA20 Exit
BAJAJFINSV,Finance,2020-02-05,2020-03-02,952.8899411036268,950.5136569612238,924.2847394241504,926.6012425304766,-3.00194182408371,17,WEEKLY_CLOSE_LT_W_EMA20,3.154598960168616,-7.672969328232443,False,Weekly EMA20 Exit
ADSL,Software & IT Services,2020-02-24,2020-03-02,19.957380110381493,19.90761108267481,16.795651956275577,16.83774632208078,-15.842400839282696,5,WEEKLY_CLOSE_LT_W_EMA20,0.0,-15.887849743191113,False,Weekly EMA20 Exit
SANGINITA,Diversified / Other,2020-02-24,2020-03-02,145.66802570343017,145.3047637939453,125.71824949264527,126.03333282470703,-13.69537076818851,5,WEEKLY_CLOSE_LT_W_EMA20,2.7397291921518416,-13.262766110384952,False,Weekly EMA20 Exit
DYNPRO,Chemicals,2019-12-02,2020-03-09,138.10432842560678,137.75992860409656,135.26981884002686,135.6088409423828,-2.05244080174272,68,WEEKLY_CLOSE_LT_W_EMA20,28.755364960047956,-10.908444013451586,False,Weekly EMA20 Exit
BAJFINANCE,Finance,2019-12-04,2020-03-09,385.41986891259137,384.45872210732307,395.2558693157903,396.2464855296143,2.5520221443045523,66,WEEKLY_CLOSE_LT_W_EMA20,24.391099184765043,-1.9643675034989088,False,Weekly EMA20 Exit
WELCORP,Metals & Mining,2020-03-04,2020-03-09,157.5856499390375,157.1926682683666,132.09403734533538,132.42510009557432,-16.176354004037567,3,WEEKLY_CLOSE_LT_W_EMA20,2.127665815432461,-28.464637060042826,False,Weekly EMA20 Exit
CANTABIL,Retailing,2020-03-06,2020-03-09,51.746231277658815,51.61718830689159,48.367651157356704,48.48887334070847,-6.529132724996721,1,WEEKLY_CLOSE_LT_W_EMA20,0.0,-11.723482416954658,False,Weekly EMA20 Exit
GOLDIAM,Diamond  &  Jewellery,2020-03-06,2020-03-09,18.644561898746524,18.598066731916735,18.874506301791495,18.921810828863652,1.2333054769199512,1,WEEKLY_CLOSE_LT_W_EMA20,4.666665159625759,-11.888889542235102,False,Weekly EMA20 Exit
MITTAL,Textiles,2019-12-23,2020-03-16,8.26362378358841,8.243016242980957,7.686076558828354,7.7053399085998535,-6.989030961296498,57,WEEKLY_CLOSE_LT_W_EMA20,31.92740982774313,-6.522810565112526,False,Weekly EMA20 Exit
BERGEPAINT,Chemicals,2020-01-08,2020-03-16,388.28256994870975,387.3142842381145,368.3140103798635,369.2371031377077,-5.142790615474711,46,WEEKLY_CLOSE_LT_W_EMA20,23.79470348424283,-16.776365350180747,False,Weekly EMA20 Exit
PIIND,Chemicals,2020-01-09,2020-03-16,1421.3733784471212,1417.8288064310436,1270.3415899820727,1273.5254034907996,-10.625764542604124,45,WEEKLY_CLOSE_LT_W_EMA20,12.337083174561453,-17.090637878920532,False,Weekly EMA20 Exit
BHARATRAS,Chemicals,2020-03-12,2020-03-16,1642.5345914567108,1638.4384952186642,1540.0069394503805,1543.8666059652937,-6.2420391351028925,2,WEEKLY_CLOSE_LT_W_EMA20,0.003052153335119897,-23.770605468308553,False,Weekly EMA20 Exit
DMART,Retailing,2019-11-20,2020-03-23,1845.6025,1841.0,1815.7492987060548,1820.300048828125,-1.617531472456565,85,WEEKLY_CLOSE_LT_W_EMA20,39.05486148832156,-7.658881042911461,False,Weekly EMA20 Exit
FINEORG,Chemicals,2019-12-05,2020-03-23,1859.3509036391613,1854.7141183433032,1574.2408714798462,1578.186337323154,-15.333847505669407,74,WEEKLY_CLOSE_LT_W_EMA20,35.28743060484731,-19.124124291475283,False,Weekly EMA20 Exit
PFIZER,Healthcare,2020-01-15,2020-03-23,3535.1973190609024,3526.3813656467855,3067.1458882031134,3074.832970629687,-13.239754067875431,46,WEEKLY_CLOSE_LT_W_EMA20,20.121974983385158,-15.585366809314305,False,Weekly EMA20 Exit
ESABINDIA,Capital Goods,2020-03-04,2020-03-23,1269.041654589312,1265.8769621838524,878.3769233813216,880.578369304583,-30.78423232170559,12,WEEKLY_CLOSE_LT_W_EMA20,7.118658583131124,-35.59322153576958,False,Weekly EMA20 Exit
ARMANFIN,Finance,2020-03-16,2020-03-23,826.8619877624511,824.7999877929688,498.75,500.0,-39.68159047319929,5,WEEKLY_CLOSE_LT_W_EMA20,0.0,-40.834140734433205,False,Weekly EMA20 Exit
BHARATRAS,Chemicals,2020-03-16,2020-03-23,1547.726272480207,1543.8666059652937,1258.3576247481367,1261.5114032562774,-18.696371114018863,5,WEEKLY_CLOSE_LT_W_EMA20,0.0,-26.704752562763538,False,Weekly EMA20 Exit
BHARTIARTL,Telecom,2020-03-16,2020-03-23,446.93487967299274,445.8203288508656,392.11328619338724,393.09602625903483,-12.266125552724061,5,WEEKLY_CLOSE_LT_W_EMA20,4.383269895891941,-23.398624874066616,False,Weekly EMA20 Exit
COROMANDEL,Chemicals,2020-03-16,2020-03-23,534.0341905559324,532.702434469758,454.4007439974554,455.53959297990514,-14.911675687951393,5,WEEKLY_CLOSE_LT_W_EMA20,4.013961605584641,-22.65270474203835,False,Weekly EMA20 Exit
FDC,Healthcare,2020-03-16,2020-03-23,201.9411444697894,201.43755059330616,186.18614374493444,186.65277568414479,-7.801778466800721,5,WEEKLY_CLOSE_LT_W_EMA20,5.289845043808255,-15.101755042893611,False,Weekly EMA20 Exit
MUTHOOTFIN,Finance,2020-03-16,2020-03-23,693.340500762163,691.6114720819581,500.0936680223162,501.34703561134455,-27.8718512083771,5,WEEKLY_CLOSE_LT_W_EMA20,0.025814688975550226,-37.53872431790421,False,Weekly EMA20 Exit
RATNAMANI,Metals & Mining,2020-03-16,2020-03-23,815.0207777896713,812.9883070221161,612.3908398578382,613.9256539928202,-24.86193523573272,5,WEEKLY_CLOSE_LT_W_EMA20,1.6023602438532316,-31.906397594857427,False,Weekly EMA20 Exit
RGL,Diamond  &  Jewellery,2020-03-16,2020-03-23,64.71568609301332,64.55430034215793,45.85844956775279,45.97338302531608,-29.13858704697615,5,WEEKLY_CLOSE_LT_W_EMA20,2.1216621258186708,-40.17804972823025,False,Weekly EMA20 Exit
ALKEM,Healthcare,2019-12-27,2020-04-07,1908.294868680691,1903.5360286091682,2211.7991629959697,2217.342519294205,15.904475733622228,68,WEEKLY_CLOSE_LT_W_EMA20,34.10138505483751,-7.142361010130127,False,Weekly EMA20 Exit
VAISHALI,Healthcare,2020-03-23,2020-04-07,4.967387423515319,4.954999923706055,4.379024866819382,4.389999866485596,-11.844507112746305,9,WEEKLY_CLOSE_LT_W_EMA20,0.0,-26.43794072553157,False,Weekly EMA20 Exit
ABBOTINDIA,Healthcare,2019-08-02,2020-06-22,7571.327752531716,7552.446635941862,14003.235103664463,14038.330930991942,84.95085091227271,214,WEEKLY_CLOSE_LT_W_EMA20,121.7430634906874,-1.9446130321998045,False,Weekly EMA20 Exit
QGOLDHALF,ETF,2020-03-23,2020-09-28,36.049899082183835,35.959999084472656,43.29150152206421,43.400001525878906,20.08771903458458,129,WEEKLY_CLOSE_LT_W_EMA20,40.28921898208683,-3.4482700092863907,False,Weekly EMA20 Exit
GMMPFAUDLR,Capital Goods,2020-07-21,2020-09-28,1358.0362759682669,1354.6496518386703,1191.5911926269532,1194.57763671875,-12.256306130161354,49,WEEKLY_CLOSE_LT_W_EMA20,68.33256794869814,-11.816488115776208,False,Weekly EMA20 Exit
COROMANDEL,Chemicals,2020-08-20,2020-10-12,729.2014541066272,727.3829966150896,682.1249274902474,683.8345137746841,-6.455901363232348,36,WEEKLY_CLOSE_LT_W_EMA20,8.954568249253333,-9.61039599326368,False,Weekly EMA20 Exit
RALLIS,Fertilisers & Pesticides,2020-09-24,2020-10-12,260.9857761946823,260.33493884756336,252.59884446654513,253.23192427723822,-3.213558934292615,11,WEEKLY_CLOSE_LT_W_EMA20,4.990123411258317,-3.931068792459793,False,Weekly EMA20 Exit
BHARATRAS,Chemicals,2020-09-11,2020-10-19,2329.1459327650305,2323.337588793048,2173.1045565337186,2178.5509338683896,-6.699510495938243,25,WEEKLY_CLOSE_LT_W_EMA20,9.285069603359746,-8.812620639983926,False,Weekly EMA20 Exit
BRITANNIA,FMCG,2020-09-24,2020-10-26,3267.282631399049,3259.1347944130166,3153.1855271060267,3161.08824772534,-3.492110024291531,21,WEEKLY_CLOSE_LT_W_EMA20,8.076594439318443,-5.793873230197015,False,Weekly EMA20 Exit
ITI,Telecom,2020-09-11,2020-11-02,138.79612194061278,138.4499969482422,118.6526219558716,118.94999694824219,-14.513013550450681,35,WEEKLY_CLOSE_LT_W_EMA20,1.8418223965083216,-16.540263200616216,False,Weekly EMA20 Exit
ASTEC,Chemicals,2020-09-28,2020-11-17,1089.5026179075992,1086.7856537731664,1013.455022470431,1015.9950099954195,-6.980028701832618,35,WEEKLY_CLOSE_LT_W_EMA20,10.091741340360965,-11.009175943174512,False,Weekly EMA20 Exit
INVENTURE,Finance,2020-09-17,2020-12-21,1.724300028681755,1.7200000286102295,1.825425042808056,1.8300000429153442,5.864699440016379,65,WEEKLY_CLOSE_LT_W_EMA20,47.96511825353404,-6.686046954874987,False,Weekly EMA20 Exit
ROSSELLIND,Agri,2020-10-20,2021-01-18,130.22379923616177,129.89905160714392,119.04180245999142,119.34015284209666,-8.58675360553083,62,WEEKLY_CLOSE_LT_W_EMA20,7.750466800487815,-14.29111976683221,False,Weekly EMA20 Exit
APLLTD,Healthcare,2020-09-04,2021-01-25,871.7425943069296,869.5686726253663,872.3776395772852,874.564049701539,0.07284779641408674,98,WEEKLY_CLOSE_LT_W_EMA20,21.808498493189195,-7.888306005315202,False,Weekly EMA20 Exit
EPL,Diversified / Other,2020-09-23,2021-01-25,226.27922279229668,225.71493545366255,227.88402846978636,228.45516638575072,0.7092147735378876,85,WEEKLY_CLOSE_LT_W_EMA20,15.503025831464514,-9.255613163159792,False,Weekly EMA20 Exit
AARTIDRUGS,Healthcare,2020-11-02,2021-01-25,668.0135420626315,666.3476728804304,681.0964001727303,682.8034086944665,1.9584719899094871,58,WEEKLY_CLOSE_LT_W_EMA20,20.004044234726475,-8.324912581391319,False,Weekly EMA20 Exit
NAVINFLUOR,Chemicals,2020-03-23,2021-02-01,959.851447563152,957.4578030555132,2256.592060777143,2262.2476799770857,135.0980525690851,215,WEEKLY_CLOSE_LT_W_EMA20,192.77741089663638,0.0,False,Weekly EMA20 Exit
DRREDDY,Healthcare,2020-07-09,2021-02-01,749.1182193937851,747.2500941583892,876.0248964625997,878.2204475815536,16.94080771009845,143,WEEKLY_CLOSE_LT_W_EMA20,42.07851895982727,-1.3047378286051428,False,Weekly EMA20 Exit
ICIL,Textiles,2021-01-28,2021-02-08,130.6353414418999,130.30956752309217,119.98504097896917,120.28575536738762,-8.152694627179011,7,WEEKLY_CLOSE_LT_W_EMA20,5.2014810631880275,-10.00000186740488,False,Weekly EMA20 Exit
BALKRISIND,Automobile & Ancillaries,2020-12-23,2021-02-22,1483.1018834183506,1479.4033749808984,1478.1228701525738,1481.8274387494473,-0.3357161986943743,41,WEEKLY_CLOSE_LT_W_EMA20,20.967759919984534,-0.9912463992941246,False,Weekly EMA20 Exit
XELPMOC,Software & IT Services,2020-11-23,2021-03-15,256.53974388122555,255.89999389648438,274.9608689117432,275.6499938964844,7.180612544404188,76,WEEKLY_CLOSE_LT_W_EMA20,51.348181723536015,-7.600624232961108,False,Weekly EMA20 Exit
BHARATRAS,Chemicals,2021-02-22,2021-03-22,2469.5198355840835,2463.3614320040733,2383.4248189547056,2389.3983147415593,-3.486305936433788,19,WEEKLY_CLOSE_LT_W_EMA20,7.302244312608162,-4.724620594733028,False,Weekly EMA20 Exit
SRF,Diversified,2020-09-28,2021-03-30,812.6610085883688,810.6344225320387,1039.200970071786,1041.805483781239,27.876317319189226,125,WEEKLY_CLOSE_LT_W_EMA20,46.68004104275055,-1.6793106043105106,False,Weekly EMA20 Exit
GLFL,Finance,2020-10-15,2021-03-30,2.205500047802925,2.200000047683716,2.3940000951290132,2.4000000953674316,8.54681674180276,113,WEEKLY_CLOSE_LT_W_EMA20,59.09090564270657,-13.636366591965793,False,Weekly EMA20 Exit
MANAKSIA,Diversified / Other,2021-01-28,2021-03-30,47.03509615366809,46.91780164954424,44.91229940554175,45.02486155944035,-4.513218685023973,41,WEEKLY_CLOSE_LT_W_EMA20,11.431317899873854,-7.396737327955812,False,Weekly EMA20 Exit
PAISALO,Finance,2020-10-20,2021-04-19,20.374415582339573,20.323606565924763,32.88550089737441,32.96792069912222,61.405861014631405,122,WEEKLY_CLOSE_LT_W_EMA20,114.66031084555937,-10.952552947645296,False,Weekly EMA20 Exit
BRIGADE,Real Estate,2021-02-01,2021-04-19,179.88206530710076,179.43348160309304,183.21055231613488,183.66972663271667,1.8503717996297262,51,WEEKLY_CLOSE_LT_W_EMA20,24.53295866256341,-3.325812361070155,False,Weekly EMA20 Exit
BORORENEW,Construction Materials,2021-03-22,2021-04-19,264.65999999999997,264.0,225.3851219558716,225.9499969482422,-14.839748373055384,17,WEEKLY_CLOSE_LT_W_EMA20,1.401519775390625,-19.223484848484848,False,Weekly EMA20 Exit
ADANIGREEN,Miscellaneous,2020-07-27,2021-04-26,346.8148872375488,345.95001220703125,1057.6991006469727,1060.3499755859375,204.97511484347206,186,WEEKLY_CLOSE_LT_W_EMA20,287.33919720115136,-5.983526948004117,False,Weekly EMA20 Exit
PDMJEPAPER,Paper,2021-02-11,2021-04-26,20.550157097402227,20.498909822845114,21.398721642494202,21.45235252380371,4.129236292793319,47,WEEKLY_CLOSE_LT_W_EMA20,30.930240079923482,-0.9302361066951285,False,Weekly EMA20 Exit
SHARDAMOTR,Automobile & Ancillaries,2021-03-15,2021-04-26,411.75191403168816,410.72510127849193,350.89448838194187,351.7739231899166,-14.780119672998712,26,WEEKLY_CLOSE_LT_W_EMA20,8.23293829455483,-22.82353948298064,False,Weekly EMA20 Exit
ARVIND,Textiles,2021-03-30,2021-04-26,62.29875566222765,62.14339716930439,56.47175534107978,56.61328856248599,-9.353317348328417,16,WEEKLY_CLOSE_LT_W_EMA20,5.128191730905698,-11.010570226967578,False,Weekly EMA20 Exit
AARON,Capital Goods,2021-02-01,2021-05-03,24.653981437852483,24.592500187384026,26.66096295302143,26.727782409044035,8.140597981012215,60,WEEKLY_CLOSE_LT_W_EMA20,33.63275173106443,-10.079832460353023,False,Weekly EMA20 Exit
AUBANK,Financial Services,2021-04-19,2021-05-03,515.7113512843549,514.4252880641944,470.50159203673013,471.68079402178455,-8.766485192740475,9,WEEKLY_CLOSE_LT_W_EMA20,13.236718349414703,-11.666662425485887,False,Weekly EMA20 Exit
ORIENTELEC,FMCG,2021-04-26,2021-05-03,275.1991325509252,274.512850424863,262.1589838371778,262.8160238969201,-4.738441067336694,5,WEEKLY_CLOSE_LT_W_EMA20,0.6312531471420397,-7.592518546536027,False,Weekly EMA20 Exit
JUBLFOOD,FMCG,2020-10-28,2021-05-10,430.41776816997736,429.3444071520971,541.9980392279767,543.356430303736,25.923713961068383,130,WEEKLY_CLOSE_LT_W_EMA20,47.869650265831574,-3.419109006036268,False,Weekly EMA20 Exit
ACE,Capital Goods,2021-03-30,2021-05-10,155.4161280966445,155.0285567048823,142.28948961959603,142.6461048818005,-8.446123731049182,26,WEEKLY_CLOSE_LT_W_EMA20,7.987234914054247,-10.894557673902156,False,Weekly EMA20 Exit
JUSTDIAL,It,2021-05-07,2021-05-17,834.5311372375488,832.4500122070312,741.1425,743.0,-11.190551564880167,5,WEEKLY_CLOSE_LT_W_EMA20,0.5946317658050772,-13.226023786003832,False,Weekly EMA20 Exit
AMBER,Consumer Durables,2021-03-30,2021-05-31,3119.7799999999997,3112.0,2778.0375000000004,2785.0,-10.954057657911758,40,WEEKLY_CLOSE_LT_W_EMA20,8.913878610017674,-13.766063699991967,False,Weekly EMA20 Exit
OLECTRA,Electricals,2021-04-19,2021-06-07,186.39315724378307,185.92833640277613,165.4430136007182,165.85765774508087,-11.239760060324663,33,WEEKLY_CLOSE_LT_W_EMA20,5.236298497751438,-10.794846576917779,False,Weekly EMA20 Exit
EQ30,Unclassified,2021-06-07,2021-06-14,413.03,412.0,413.96250000000003,415.0,0.2257705251434669,5,WEEKLY_CLOSE_LT_W_EMA20,5.6310709240367105,-6.958741123236499,False,Weekly EMA20 Exit
LINDEINDIA,Diversified,2021-05-20,2021-06-21,1691.9625700192917,1687.7432119893185,1524.246442848838,1528.0666093722684,-9.91251994236146,22,WEEKLY_CLOSE_LT_W_EMA20,0.0,-10.611351790436629,False,Weekly EMA20 Exit
BAJAJELEC,Consumer Durables,2021-06-03,2021-06-21,996.0457174315513,993.5618128993032,890.3183675775504,892.5497419323813,-10.614708542358308,12,WEEKLY_CLOSE_LT_W_EMA20,0.44444324329517887,-11.666663228174608,False,Weekly EMA20 Exit
PGHH,FMCG,2021-06-03,2021-07-19,12289.214679691098,12258.56825904349,12009.15258883653,12039.250715625594,-2.278925856160628,32,WEEKLY_CLOSE_LT_W_EMA20,7.161305265099356,-3.1536653779091783,False,Weekly EMA20 Exit
ASHAPURMIN,Metals & Mining,2021-07-19,2021-08-09,140.80643988558217,140.4553016315034,138.13087919459625,138.47707187428193,-1.900169262968406,14,WEEKLY_CLOSE_LT_W_EMA20,5.492966705815606,-7.7464778135097845,False,Weekly EMA20 Exit
SUBEXLTD,Software & IT Services,2021-01-27,2021-08-16,26.503736602552745,26.437642496311966,54.31387576103211,54.45000076293945,104.92912593992799,136,WEEKLY_CLOSE_LT_W_EMA20,181.41692867001154,-9.594092502552764,False,Weekly EMA20 Exit
VGUARD,Capital Goods,2021-04-26,2021-08-16,218.12919305769523,217.5852299827384,231.35719845991872,231.93704106257513,6.0642985089688,78,WEEKLY_CLOSE_LT_W_EMA20,27.573860263739874,-1.9695538111316426,False,Weekly EMA20 Exit
CYBERTECH,Software & IT Services,2021-02-01,2021-08-23,107.03234759960745,106.76543401457103,135.98043757988654,136.32124068159052,27.04611328209834,137,WEEKLY_CLOSE_LT_W_EMA20,69.43087556652284,-8.04879406751413,False,Weekly EMA20 Exit
NCC,Infrastructure,2021-04-19,2021-08-23,64.3717819993431,64.2112538646814,72.54149036751957,72.7232986140547,12.69144354005897,86,WEEKLY_CLOSE_LT_W_EMA20,40.714280643001224,-1.1428615025111757,False,Weekly EMA20 Exit
SUNDARMFIN,Finance,2021-04-26,2021-08-23,2226.738000805196,2221.185038209672,2351.846261852587,2357.740613386052,5.618454483740401,82,WEEKLY_CLOSE_LT_W_EMA20,17.325852442065266,-1.0941509532190468,False,Weekly EMA20 Exit
GSS,Software & IT Services,2021-05-31,2021-08-23,65.11237194061279,64.94999694824219,61.8948742389679,62.04999923706055,-4.941453683455856,58,WEEKLY_CLOSE_LT_W_EMA20,34.565058710513625,-8.698996114940623,False,Weekly EMA20 Exit
BAJAJHIND,Agri,2021-08-09,2021-08-23,17.0425,17.0,14.613374619483949,14.649999618530273,-14.253339477870334,9,WEEKLY_CLOSE_LT_W_EMA20,3.823527167825138,-18.235296361586627,False,Weekly EMA20 Exit
ASTRAMICRO,Miscellaneous,2021-08-16,2021-08-23,162.8843986727531,162.478203164841,150.3145237516634,150.6912518813668,-7.717052721754845,4,WEEKLY_CLOSE_LT_W_EMA20,0.30120481927710024,-11.321200655080913,False,Weekly EMA20 Exit
LALPATHLAB,Healthcare,2020-09-02,2021-10-25,866.4846568804802,864.3238472623244,1650.4588025087878,1654.5952907356268,90.4775565733354,284,WEEKLY_CLOSE_LT_W_EMA20,136.60143210618935,-2.8107621962504603,False,Weekly EMA20 Exit
JSWHL,Finance,2021-01-19,2021-10-25,3482.985798950195,3474.300048828125,4528.650000000001,4540.0,30.022063293079704,188,WEEKLY_CLOSE_LT_W_EMA20,72.69665589256716,-2.138561660878607,False,Weekly EMA20 Exit
SUNDRMFAST,Trading,2021-04-26,2021-10-25,654.1575710917006,652.526255453068,803.7096039059104,805.7239136901356,22.861775117060514,125,WEEKLY_CLOSE_LT_W_EMA20,46.594654254826956,-3.2305376310358347,False,Weekly EMA20 Exit
GODREJAGRO,FMCG,2021-08-23,2021-10-25,592.6380832612668,591.1601828042562,569.6128723948095,571.0404735787564,-3.8852060839138747,43,WEEKLY_CLOSE_LT_W_EMA20,7.313080646361582,-8.95639070364016,False,Weekly EMA20 Exit
MAHLOG,Logistics,2021-05-06,2021-11-01,513.4075432329968,512.1272251700716,604.1620616535564,605.6762522842671,17.676896184474842,122,WEEKLY_CLOSE_LT_W_EMA20,56.1045105336188,-1.5151663190499778,False,Weekly EMA20 Exit
ATUL,Chemicals,2021-08-16,2021-11-01,8779.950881374396,8758.055742019347,8934.865301214117,8957.258447332448,1.7644110079061255,52,WEEKLY_CLOSE_LT_W_EMA20,22.90196710751684,-0.840335922262629,False,Weekly EMA20 Exit
HPL,Capital Goods,2021-08-23,2021-11-01,71.12783224099547,70.95045610074362,66.97833069873175,67.14619618920476,-5.833864763661531,48,WEEKLY_CLOSE_LT_W_EMA20,5.23873643858651,-11.760597807293545,False,Weekly EMA20 Exit
AJANTPHARM,Healthcare,2021-10-25,2021-11-01,1351.4739411182702,1348.1036819134865,1302.6912075824487,1305.956097827016,-3.609594832102831,5,WEEKLY_CLOSE_LT_W_EMA20,3.473843660599286,-3.6428876336305307,False,Weekly EMA20 Exit
HITECHCORP,Plastic Products,2021-10-25,2021-11-01,210.90422706060664,210.3782813572136,202.74615590817643,203.2542916372696,-3.8681401819821564,5,WEEKLY_CLOSE_LT_W_EMA20,2.405415109607425,-5.184496353856629,False,Weekly EMA20 Exit
BALKRISIND,Automobile & Ancillaries,2021-08-24,2021-11-15,2196.801264745482,2191.322957352102,2248.1606316715643,2253.7951194702396,2.337915939429897,56,WEEKLY_CLOSE_LT_W_EMA20,19.46493692960429,-1.5087620700408428,False,Weekly EMA20 Exit
DYNPRO,Chemicals,2021-06-17,2021-11-22,480.8313744354248,479.6322937011719,546.1425741577149,547.5113525390625,13.58297382299069,106,WEEKLY_CLOSE_LT_W_EMA20,59.742682112170506,-6.080097140658556,False,Weekly EMA20 Exit
HINDALCO,Metals & Mining,2021-06-21,2021-11-22,353.1267437451339,352.24612842407373,426.7927399610184,427.86239595089563,20.86106405723047,104,WEEKLY_CLOSE_LT_W_EMA20,51.44938506714441,-1.7715999204496755,False,Weekly EMA20 Exit
ERIS,Healthcare,2021-11-15,2021-11-22,770.9608738606464,769.0382781652334,744.2734990822375,746.1388461977318,-3.4615731722895045,4,WEEKLY_CLOSE_LT_W_EMA20,3.047660975020866,-6.782471533791935,False,Weekly EMA20 Exit
AKSHARCHEM,Diversified / Other,2021-08-25,2021-11-29,410.55360243269365,409.52977798772434,408.23491618281497,409.2580613361553,-0.5647706502000083,64,WEEKLY_CLOSE_LT_W_EMA20,48.767200139946695,-3.5085778522689277,False,Weekly EMA20 Exit
SAGCEM,Construction Materials,2021-11-01,2021-11-29,278.9257737573324,278.23019826167825,258.6701500077281,259.3184461230357,-7.262012210899823,18,WEEKLY_CLOSE_LT_W_EMA20,6.049813858826953,-12.34875801262914,False,Weekly EMA20 Exit
TATACHEM,Chemicals,2021-11-01,2021-11-29,849.9383247199537,847.818777775515,791.8567637807072,793.8413671987039,-6.833620658108789,18,WEEKLY_CLOSE_LT_W_EMA20,4.934147433882646,-9.02304436774503,False,Weekly EMA20 Exit
ECLERX,Software & IT Services,2021-05-28,2021-12-06,399.94035606152994,398.9429985651172,718.2811955960736,720.0813990938082,79.59707859178073,130,WEEKLY_CLOSE_LT_W_EMA20,118.49759134590838,-1.6624984741210853,False,Weekly EMA20 Exit
ANDHRSUGAR,Chemicals,2021-08-25,2021-12-06,94.51969463386652,94.28398467218607,107.89764079527004,108.16806094763913,14.153607047953983,69,WEEKLY_CLOSE_LT_W_EMA20,44.31671530497143,0.0,False,Weekly EMA20 Exit
ASHIANA,Real Estate,2021-10-25,2021-12-06,179.10370014975655,178.6570575059916,168.27737258769608,168.69912038866775,-6.0447257946140125,28,WEEKLY_CLOSE_LT_W_EMA20,10.928976500408078,-10.382513661202193,False,Weekly EMA20 Exit
NTPC,Power,2021-11-02,2021-12-06,115.9532595710242,115.66409932271742,108.53790196111335,108.80992677805848,-6.395126482295021,22,WEEKLY_CLOSE_LT_W_EMA20,4.740741035367403,-8.148151268044886,False,Weekly EMA20 Exit
IIFL,Finance,2021-06-21,2021-12-20,247.70389906710764,247.08618360808742,265.94429106045453,266.6108181057188,7.363788806733811,124,WEEKLY_CLOSE_LT_W_EMA20,47.01960427893509,-6.000003776042552,False,Weekly EMA20 Exit
HAL,Aviation,2021-11-01,2021-12-20,608.6435540878268,607.1257397384807,572.7381687211822,574.1736027280022,-5.899246796502424,33,WEEKLY_CLOSE_LT_W_EMA20,10.332287791904408,-9.562045490339381,False,Weekly EMA20 Exit
RELIANCE,Oil & Gas,2021-11-22,2021-12-20,1106.1117240815674,1103.3533407297432,1047.1712541716145,1049.7957435304404,-5.328618133841113,20,WEEKLY_CLOSE_LT_W_EMA20,2.7051453947164217,-7.758307797425153,False,Weekly EMA20 Exit
GOLDIAM,Diamond  &  Jewellery,2021-12-06,2021-12-20,123.56510550157347,123.25696309383888,113.58266320562036,113.8673315344565,-8.078690383852738,10,WEEKLY_CLOSE_LT_W_EMA20,2.481077441779612,-11.933595437038461,False,Weekly EMA20 Exit
BAJAJFINSV,Finance,2021-12-17,2021-12-20,1664.399259564272,1660.2486379693487,1585.4776619310578,1589.4512901564487,-4.74174674013465,1,WEEKLY_CLOSE_LT_W_EMA20,1.2012012012012114,-7.207204781270522,False,Weekly EMA20 Exit
TATAELXSI,Software & IT Services,2021-12-08,2021-12-27,5710.516678685581,5696.275988713796,5225.426484278198,5238.522791256339,-8.494681334492464,13,WEEKLY_CLOSE_LT_W_EMA20,1.683904974632721,-10.970329428194773,False,Weekly EMA20 Exit
21STCENMGM,Diversified / Other,2021-12-15,2022-01-03,52.81366732589637,52.681962419846755,45.20867502942379,45.321979979372216,-14.399667134540362,13,WEEKLY_CLOSE_LT_W_EMA20,1.1029383406095346,-18.933830252806338,False,Weekly EMA20 Exit
HATSUN,FMCG,2021-11-23,2022-01-10,1269.0276186018007,1265.8629611988038,1168.1142585865084,1171.04186324462,-7.952022362324736,34,WEEKLY_CLOSE_LT_W_EMA20,4.419478196749829,-9.865180295135268,False,Weekly EMA20 Exit
TITAN,Diamond  &  Jewellery,2021-11-30,2022-01-31,2304.33987598824,2298.5933925069726,2309.137454955575,2314.9247668727567,0.20819754140120472,43,WEEKLY_CLOSE_LT_W_EMA20,15.016711778239063,-5.624032514325709,False,Weekly EMA20 Exit
NHPC,Power,2021-12-22,2022-01-31,26.16572936545146,26.100478170026395,25.276916513442995,25.340267181396484,-3.3968586909793235,27,WEEKLY_CLOSE_LT_W_EMA20,5.3398072480065775,-5.016180086761741,False,Weekly EMA20 Exit
PREMIER,Diversified / Other,2022-01-18,2022-02-07,10.024999999999999,10.0,6.533625190258027,6.550000190734863,-34.826681393934884,13,WEEKLY_CLOSE_LT_W_EMA20,0.0,-34.49999809265137,False,Weekly EMA20 Exit
ELECON,Capital Goods,2022-01-31,2022-02-07,88.58969818267046,88.36877624206531,85.40699685672459,85.62104948042565,-3.5926314133988746,5,WEEKLY_CLOSE_LT_W_EMA20,2.7207072351058232,-6.718491528714769,False,Weekly EMA20 Exit
FIEMIND,Automobile & Ancillaries,2021-11-22,2022-02-14,540.8299473643682,539.4812442537338,478.49416571578274,479.69339921381726,-11.52594858187255,59,WEEKLY_CLOSE_LT_W_EMA20,18.350514016774465,-11.85567876462961,False,Weekly EMA20 Exit
DBSTOCKBRO,Finance,2022-01-31,2022-02-21,29.6740003824234,29.600000381469727,25.037250380516053,25.100000381469727,-15.625631671332737,15,WEEKLY_CLOSE_LT_W_EMA20,40.03378455659783,-15.202702506778015,False,Weekly EMA20 Exit
ASAL,Diversified / Other,2022-02-07,2022-02-21,550.0717622375488,548.7000122070312,299.25,300.0,-45.598007288589244,10,WEEKLY_CLOSE_LT_W_EMA20,0.0,-45.32531559580022,False,Weekly EMA20 Exit
JBMA,Automobile & Ancillaries,2021-08-23,2022-02-28,93.37295362867881,93.14010337025319,223.20729348889077,223.76671026455213,139.0491944557426,130,WEEKLY_CLOSE_LT_W_EMA20,260.26435601470956,-5.917409123849767,False,Weekly EMA20 Exit
EKC,Capital Goods,2021-10-25,2022-02-28,113.95834313463747,113.67415774028676,182.7924471381728,183.25057357210306,60.40286486283013,87,WEEKLY_CLOSE_LT_W_EMA20,151.55173515571713,-6.59482760604195,False,Weekly EMA20 Exit
DHUNINV,Finance,2021-11-01,2022-02-28,595.8912210403817,594.4052080203309,628.3174276801201,629.8921580753083,5.441631877563945,82,WEEKLY_CLOSE_LT_W_EMA20,40.099507116547215,-13.432829498371774,False,Weekly EMA20 Exit
IRCTC,Software & IT Services,2021-12-01,2022-02-28,775.8081946098729,773.873510832791,746.3630185710103,748.2336025774539,-3.795419569352384,62,WEEKLY_CLOSE_LT_W_EMA20,13.553768720497922,-8.92629726930514,False,Weekly EMA20 Exit
ARIHANTSUP,Real Estate,2021-12-22,2022-02-28,168.74659502026617,168.32578056884407,161.9295185615571,162.33535695394195,-4.039830526885801,47,WEEKLY_CLOSE_LT_W_EMA20,16.470588615159677,-10.117647861495762,False,Weekly EMA20 Exit
GOLDTECH,Software & IT Services,2022-01-17,2022-02-28,86.21499999999999,86.0,57.855000000000004,58.0,-32.89450791625586,29,WEEKLY_CLOSE_LT_W_EMA20,7.034887269485829,-33.66279158481332,False,Weekly EMA20 Exit
ALLCARGO,Logistics,2022-02-28,2022-03-07,76.149373385649,75.95947469890174,73.6385686514324,73.8231264676014,-3.297209973745875,4,WEEKLY_CLOSE_LT_W_EMA20,4.2812510104350485,-9.28123907492844,False,Weekly EMA20 Exit
ASTEC,Chemicals,2022-02-28,2022-03-07,1450.4304226926474,1446.8133892195985,1463.6071252180184,1467.2753135017726,0.9084684324884129,4,WEEKLY_CLOSE_LT_W_EMA20,8.985857192135207,-1.241812870605155,False,Weekly EMA20 Exit
ESCORTS,Automobile & Ancillaries,2022-03-11,2022-04-04,1752.8199986837594,1748.4488764925281,1633.4753716152504,1637.5692948523813,-6.808721212567642,15,WEEKLY_CLOSE_LT_W_EMA20,2.9752143761980823,-11.782360422965818,False,Weekly EMA20 Exit
GRAVITA,Metals & Mining,2022-04-04,2022-04-18,333.81685286289735,332.9843918831894,301.2860759231791,302.041178870355,-9.745097247405608,8,WEEKLY_CLOSE_LT_W_EMA20,0.6214874641752591,-12.696065439960815,False,Weekly EMA20 Exit
HINDALCO,Metals & Mining,2022-04-18,2022-04-25,528.1214055332821,526.8043945469149,484.69807880802324,485.91286096042427,-8.222224335219133,5,WEEKLY_CLOSE_LT_W_EMA20,2.0643946554755024,-9.670616118303652,False,Weekly EMA20 Exit
AMBIKCO,Textiles,2021-12-01,2022-05-02,1734.604651442471,1730.2789540573278,2057.4093904855235,2062.5658049980184,18.609700992938816,103,WEEKLY_CLOSE_LT_W_EMA20,50.13259937560135,-8.713527846452669,False,Weekly EMA20 Exit
CENTURYPLY,Construction Materials,2021-12-22,2022-05-09,575.8433101190986,574.4072918893752,555.1278364737811,556.519134309555,-3.5974150053133434,92,WEEKLY_CLOSE_LT_W_EMA20,29.584769714450587,-5.709349545006276,False,Weekly EMA20 Exit
AMDIND,Containers & Packaging,2022-02-28,2022-05-09,45.59770177316148,45.48399179367729,45.71624058500456,45.83081762907725,0.2599666369870685,45,WEEKLY_CLOSE_LT_W_EMA20,47.276679784444795,-7.407414881142101,False,Weekly EMA20 Exit
TATAPOWER,Power,2021-12-22,2022-05-16,207.86700934147615,207.3486377471084,216.85841824295534,217.4019230505818,4.325558408697957,97,WEEKLY_CLOSE_LT_W_EMA20,38.95105080734329,-5.244753795510595,False,Weekly EMA20 Exit
INGERRAND,Capital Goods,2021-12-31,2022-05-16,1044.441818724829,1041.8372256606774,1320.2099482900446,1323.5187451529268,26.403397931911993,90,WEEKLY_CLOSE_LT_W_EMA20,58.218007282700924,-1.1739989598249252,False,Weekly EMA20 Exit
AURIONPRO,Software & IT Services,2022-02-21,2022-05-16,153.18809120438843,152.80607601435256,150.70317101584962,151.08087319884672,-1.622136661539407,55,WEEKLY_CLOSE_LT_W_EMA20,22.838717166956286,-11.629012118030815,False,Weekly EMA20 Exit
BLBLIMITED,Finance,2022-02-21,2022-05-16,20.9021253824234,20.850000381469727,23.491124238967895,23.549999237060547,12.38629473881917,55,WEEKLY_CLOSE_LT_W_EMA20,63.069541381002715,-14.148684455474845,False,Weekly EMA20 Exit
AVADHSUGAR,Agri,2022-02-28,2022-05-16,484.6931528883324,483.48444178387274,556.0099103179199,557.4034188650826,14.71379511028868,50,WEEKLY_CLOSE_LT_W_EMA20,67.04416916006825,-2.5858838283674794,False,Weekly EMA20 Exit
BSE,Unclassified,2022-02-28,2022-05-16,203.51447888741606,203.00696148370682,222.0631089524013,222.6196580976454,9.11415746259819,50,WEEKLY_CLOSE_LT_W_EMA20,63.71219117449509,-1.3634030122185563,False,Weekly EMA20 Exit
GREENPANEL,Construction Materials,2022-03-10,2022-05-16,479.94410528485815,478.74723719187847,479.42136799782736,480.6229253111051,-0.10891628447452985,43,WEEKLY_CLOSE_LT_W_EMA20,29.023600954025387,-3.299309892580819,False,Weekly EMA20 Exit
CUMMINSIND,Automobile & Ancillaries,2022-04-27,2022-05-16,957.6084580745551,955.2204070569128,921.944791248235,924.2554298227919,-3.7242430897099985,12,WEEKLY_CLOSE_LT_W_EMA20,2.7210116517628946,-6.964644412656984,False,Weekly EMA20 Exit
SPECIALITY,Hospitality,2022-05-09,2022-05-16,137.50498309129878,137.1620778965574,117.67616038789039,117.97108810816079,-14.420439359817749,5,WEEKLY_CLOSE_LT_W_EMA20,0.0,-20.1704419442182,False,Weekly EMA20 Exit
AMBER,Consumer Durables,2022-05-16,2022-05-23,3179.93,3172.0,2710.3073474121097,2717.10009765625,-14.768333032107314,5,WEEKLY_CLOSE_LT_W_EMA20,0.725094577553594,-24.00378002344735,False,Weekly EMA20 Exit
AGARIND,Industrial Gases & Fuels,2022-02-28,2022-05-30,462.7664989399472,461.61246777052094,524.5479510766438,525.8626075956329,13.35045909291587,60,WEEKLY_CLOSE_LT_W_EMA20,56.520334555047555,-9.421843048315589,False,Weekly EMA20 Exit
GMDCLTD,Metals & Mining,2022-05-05,2022-05-30,171.5711176419185,171.14325949318555,127.49183721460484,127.81136562867653,-25.691550555327353,17,WEEKLY_CLOSE_LT_W_EMA20,5.965093581808999,-36.1292011614591,False,Weekly EMA20 Exit
CUPID,Miscellaneous,2022-05-16,2022-05-30,2.334666145409586,2.328844035321283,2.3220547579498434,2.327874444059993,-0.5401794806738915,10,WEEKLY_CLOSE_LT_W_EMA20,10.099970243556424,-6.83048297997591,False,Weekly EMA20 Exit
SUNPHARMA,Healthcare,2022-05-09,2022-06-06,834.8232843503463,832.7414307734128,827.7409856563831,829.815524467552,-0.8483590272011322,20,WEEKLY_CLOSE_LT_W_EMA20,7.286436895458202,-4.083873458859075,False,Weekly EMA20 Exit
ACCURACY,Logistics,2022-02-14,2022-06-20,20.2843056461675,20.233721342810476,21.712663841225243,21.76708154508796,7.041691344892628,85,WEEKLY_CLOSE_LT_W_EMA20,49.42105355891363,-7.832347989154666,False,Weekly EMA20 Exit
BEDMUTHA,Metals & Mining,2022-02-28,2022-06-20,75.0872515296936,74.9000015258789,75.76012195587158,75.94999694824219,0.8961180659434443,75,WEEKLY_CLOSE_LT_W_EMA20,34.84645920214462,-11.415224135614572,False,Weekly EMA20 Exit
DPABHUSHAN,Diamond  &  Jewellery,2022-05-16,2022-06-20,399.1979951444935,398.2024889221881,387.1265677359697,388.0968097603706,-3.0239198481331244,25,WEEKLY_CLOSE_LT_W_EMA20,13.501685077751159,-14.089263094884648,False,Weekly EMA20 Exit
GALLANTT,Metals & Mining,2022-05-16,2022-06-20,65.87930387413822,65.71501633330496,70.51669668807806,70.6934302637374,7.03922558562479,25,WEEKLY_CLOSE_LT_W_EMA20,29.84849482167271,-2.9545313684127343,False,Weekly EMA20 Exit
GENUSPOWER,Capital Goods,2022-05-16,2022-06-20,80.02527865378013,79.82571436786048,72.25335490221023,72.43444100472203,-9.711835912742279,25,WEEKLY_CLOSE_LT_W_EMA20,18.395054118567522,-18.456790312042227,False,Weekly EMA20 Exit
RIIL,Infrastructure,2022-05-30,2022-06-20,888.3567158894377,886.1413624832297,830.3219737367441,832.4029811897184,-6.532819656188255,15,WEEKLY_CLOSE_LT_W_EMA20,15.964517377525619,-20.620850668455727,False,Weekly EMA20 Exit
BSHSL,Agri,2022-06-10,2022-06-20,40.089976682662964,39.9900016784668,39.301501522064214,39.400001525878906,-1.966763829373163,6,WEEKLY_CLOSE_LT_W_EMA20,0.0,-7.476873100700086,False,Weekly EMA20 Exit
GOKULAGRO,Agri,2022-06-16,2022-06-27,51.10867712020874,50.981224060058594,46.762656469345096,46.87985610961914,-8.503488831537757,7,WEEKLY_CLOSE_LT_W_EMA20,1.9990239757469497,-19.69770933602665,False,Weekly EMA20 Exit
COALINDIA,Metals & Mining,2022-06-20,2022-06-27,132.92245393087177,132.59097648964766,130.87800926490522,131.2060243257195,-1.5380732190136923,5,WEEKLY_CLOSE_LT_W_EMA20,2.061588799513916,-3.930727947441983,False,Weekly EMA20 Exit
MGEL,Agri,2022-06-20,2022-06-27,19.32994083733772,19.281736496097476,16.592584116490627,16.63416954034148,-14.161226585647968,5,WEEKLY_CLOSE_LT_W_EMA20,0.0,-20.4822343303491,False,Weekly EMA20 Exit
BDL,Aviation,2022-02-28,2022-07-04,205.85606355599825,205.3427067890257,321.5967008175536,322.40270758651985,56.224060278929244,85,WEEKLY_CLOSE_LT_W_EMA20,114.94064737602612,-2.565317765550769,False,Weekly EMA20 Exit
ESABINDIA,Capital Goods,2022-05-16,2022-08-08,3075.91622260019,3068.245608578743,2871.7864314681615,2878.9838911961515,-6.636389822069656,60,WEEKLY_CLOSE_LT_W_EMA20,29.102359765587398,-7.70111050790421,False,Weekly EMA20 Exit
DSSL,Software & IT Services,2022-05-16,2022-08-16,257.0134191822601,256.3724879623542,263.4840140040289,264.14437494138235,2.5176097195065803,64,WEEKLY_CLOSE_LT_W_EMA20,77.49708060968592,-2.798282950268326,False,Weekly EMA20 Exit
DANGEE,FMCG,2022-06-02,2022-09-26,22.055,22.0,23.84024961948395,23.899999618530273,8.09453466100181,79,WEEKLY_CLOSE_LT_W_EMA20,47.5000034679066,-3.030308810147372,False,Weekly EMA20 Exit
CONTROLPR,Consumer Durables,2022-05-16,2022-10-03,373.53216405697884,372.60066240097643,396.06715072881184,397.0598002293853,6.032944105021032,97,WEEKLY_CLOSE_LT_W_EMA20,32.542142741157306,-2.0087984183850023,False,Weekly EMA20 Exit
ADANIPOWER,Power,2022-06-22,2022-10-17,50.50595107078552,50.380001068115234,65.83500000000001,66.0,30.3509756854799,79,WEEKLY_CLOSE_LT_W_EMA20,71.695113469826,-2.6994850764548453,False,Weekly EMA20 Exit
COROMANDEL,Chemicals,2022-09-28,2022-10-17,950.8867680928607,948.5154793943749,930.586060655943,932.9183565473112,-2.1349237488742943,12,WEEKLY_CLOSE_LT_W_EMA20,5.091960462691568,-2.1515239786861056,False,Weekly EMA20 Exit
20MICRONS,Metals & Mining,2022-10-03,2022-10-24,95.95856610333603,95.71926793350228,89.58255204436733,89.80706971866398,-6.6445491193589525,14,WEEKLY_CLOSE_LT_W_EMA20,4.083728542231799,-8.269510038919627,False,Weekly EMA20 Exit
ASHOKLEY,Automobile & Ancillaries,2022-10-17,2022-10-24,67.03092171496726,66.86376230919429,66.01601676023033,66.18147043632113,-1.5140847369704562,5,WEEKLY_CLOSE_LT_W_EMA20,2.8571184253399475,-3.6054754526394444,False,Weekly EMA20 Exit
AHLEAST,Diversified / Other,2022-10-17,2022-10-31,139.1463762705113,138.79937782594644,125.43058482125586,125.74494718922892,-9.857095683606504,9,WEEKLY_CLOSE_LT_W_EMA20,0.0,-12.517279017551223,False,Weekly EMA20 Exit
SCHAEFFLER,Automobile & Ancillaries,2022-10-24,2022-10-31,2969.8210419996444,2962.4150044884236,2655.7419072365374,2662.397901991516,-10.57569228318319,4,WEEKLY_CLOSE_LT_W_EMA20,1.3071895424836577,-12.325162500068258,False,Weekly EMA20 Exit
ARCHIDPLY,Construction Materials,2022-09-28,2022-11-14,84.41049694061279,84.19999694824219,70.8225,71.0,-16.097520371397234,30,WEEKLY_CLOSE_LT_W_EMA20,3.0878933464972107,-19.774340261222502,False,Weekly EMA20 Exit
AMDIND,Containers & Packaging,2022-09-26,2022-11-21,83.458125,83.25,58.503376522064215,58.650001525878906,-29.900921543511526,37,WEEKLY_CLOSE_LT_W_EMA20,0.0,-30.510512343398084,False,Weekly EMA20 Exit
SRHHYPOLTD,Chemicals,2022-10-19,2022-11-21,715.8892163987844,714.1039565075156,605.6327514495891,607.1506280196382,-15.40133060026108,21,WEEKLY_CLOSE_LT_W_EMA20,2.6029507023204137,-16.719456391199284,False,Weekly EMA20 Exit
ABB,Capital Goods,2022-09-28,2022-12-05,2940.1937883962587,2932.8616343104827,2875.272670669725,2882.478867839323,-2.2080557405008765,45,WEEKLY_CLOSE_LT_W_EMA20,10.175100069276164,-3.462161572305031,False,Weekly EMA20 Exit
ASAHIINDIA,Construction Materials,2022-08-12,2022-12-12,558.7289809257816,557.3356418212285,574.4353574138042,575.8750450263701,2.811090354038574,81,WEEKLY_CLOSE_LT_W_EMA20,23.422628969861126,-3.2978662843702593,False,Weekly EMA20 Exit
FCL,Chemicals,2022-11-14,2022-12-12,33.14159301891621,33.058945654779265,30.42980907952443,30.506074265187394,-8.182418804805124,20,WEEKLY_CLOSE_LT_W_EMA20,3.4802120697052166,-10.739358057725953,False,Weekly EMA20 Exit
ROHLTD,Hospitality,2022-05-27,2022-12-26,119.97541522642501,119.67622466476311,219.85351291099062,220.40452422154448,83.24880351201077,145,WEEKLY_CLOSE_LT_W_EMA20,160.62347403039698,-7.998357286688861,False,Weekly EMA20 Exit
GSS,Software & IT Services,2022-08-01,2022-12-26,225.5625,225.0,260.3475,261.0,15.42144638403991,99,WEEKLY_CLOSE_LT_W_EMA20,52.73333062065972,-8.066663953993055,False,Weekly EMA20 Exit
TNPL,Paper,2022-09-26,2022-12-26,231.00626114090656,230.43018567671479,214.05755894296104,214.59404405309377,-7.33690165549554,62,WEEKLY_CLOSE_LT_W_EMA20,16.83127768975371,-9.032918839953782,False,Weekly EMA20 Exit
FEDERALBNK,Banks,2022-09-28,2022-12-26,110.42995555510437,110.15456913227369,119.67761942817879,119.97756333652008,8.374234895403761,60,WEEKLY_CLOSE_LT_W_EMA20,26.175672562021763,-1.5084306262311438,False,Weekly EMA20 Exit
GABRIEL,Automobile & Ancillaries,2022-09-28,2022-12-26,147.59741957736995,147.22934621184035,158.2910913904581,158.68781091775247,7.245161767535216,60,WEEKLY_CLOSE_LT_W_EMA20,32.84386933283503,-3.190800445098102,False,Weekly EMA20 Exit
GOODLUCK,Metals & Mining,2022-10-31,2022-12-26,148.1960364732745,147.82647029753068,118.18045757913282,118.47664920213816,-20.253968735226362,39,WEEKLY_CLOSE_LT_W_EMA20,15.71334589088083,-20.273849218288518,False,Weekly EMA20 Exit
INSECTICID,Chemicals,2022-12-27,2023-01-16,720.4487195067017,718.652089283493,659.977741255236,661.631820807254,-8.393515959452431,14,WEEKLY_CLOSE_LT_W_EMA20,4.103975062101313,-12.366623514971597,False,Weekly EMA20 Exit
ADANIENT,Trading,2022-05-16,2023-01-23,2083.206043020263,2078.0110154815593,3428.20492155319,3436.7969138377844,64.56389098137059,174,WEEKLY_CLOSE_LT_W_EMA20,101.26892535175078,-8.472375265164677,False,Weekly EMA20 Exit
TCPLPACK,Containers & Packaging,2022-09-23,2023-01-23,1129.231815379933,1126.415775940083,1334.5301495292026,1337.8748366207544,18.180353347571625,83,WEEKLY_CLOSE_LT_W_EMA20,54.22141755693164,-9.623856429334822,False,Weekly EMA20 Exit
WESTLIFE,Hospitality,2022-12-06,2023-01-23,742.7148719270224,740.8627151391745,688.4138002185709,690.1391480887929,-7.311159875870501,34,WEEKLY_CLOSE_LT_W_EMA20,9.484489335931949,-9.11531832517074,False,Weekly EMA20 Exit
TOTAL,Diversified / Other,2022-12-13,2023-01-30,173.4366384814672,173.00412816106456,143.36568841118216,143.7250009134658,-17.338291570669664,33,WEEKLY_CLOSE_LT_W_EMA20,0.0,-19.69696968810514,False,Weekly EMA20 Exit
CANBK,Banks,2022-12-27,2023-01-30,54.16261094223049,54.02754208701296,50.81065532664989,50.938000327468565,-6.1886891293992,23,WEEKLY_CLOSE_LT_W_EMA20,10.707910211779945,-8.083593844639667,False,Weekly EMA20 Exit
LINCOLN,Healthcare,2023-01-23,2023-01-30,337.97374457859695,337.13091728538353,311.5610603052352,312.34191509296755,-7.8150106915241215,4,WEEKLY_CLOSE_LT_W_EMA20,1.7352923224953964,-11.764694500265733,False,Weekly EMA20 Exit
DBCORP,Media & Entertainment,2022-10-24,2023-02-06,103.63836654658269,103.37991675469596,90.99957529017385,91.22764440117679,-12.195089210256933,72,WEEKLY_CLOSE_LT_W_EMA20,13.82452031893951,-14.942043232937879,False,Weekly EMA20 Exit
SOLARINDS,Chemicals,2023-01-30,2023-02-06,4063.929974830817,4053.7954861155285,3886.136800112468,3895.87649134082,-4.37490743736919,5,WEEKLY_CLOSE_LT_W_EMA20,1.719901719901729,-6.001233459988008,False,Weekly EMA20 Exit
SPECIALITY,Hospitality,2022-10-31,2023-02-20,193.4152308302964,192.93289858383682,209.9902316245533,210.516522931883,8.56964610444764,78,WEEKLY_CLOSE_LT_W_EMA20,42.716480149071444,-5.478417539170709,False,Weekly EMA20 Exit
SUNPHARMA,Healthcare,2022-12-12,2023-02-20,959.959208121489,957.5652948842784,957.7485253058067,960.1488975496808,-0.2302892453116209,49,WEEKLY_CLOSE_LT_W_EMA20,7.764582264867208,-2.130861388029739,False,Weekly EMA20 Exit
GESHIP,Logistics,2023-02-08,2023-02-20,545.8577923873672,544.4965510098426,520.0626230703423,521.3660381657567,-4.7256207892914786,8,WEEKLY_CLOSE_LT_W_EMA20,3.4382973231809264,-10.799507364217478,False,Weekly EMA20 Exit
NACLIND,Diversified / Other,2022-12-26,2023-02-27,85.8490918811777,85.63500437025208,85.74180847018867,85.95670022074052,-0.12496743837141083,44,WEEKLY_CLOSE_LT_W_EMA20,28.779069976105898,-3.234136551639779,False,Weekly EMA20 Exit
INDOTHAI,Finance,2023-01-16,2023-02-27,30.698113452350555,30.621559553466888,29.519739725785264,29.59372403587495,-3.83858678610448,29,WEEKLY_CLOSE_LT_W_EMA20,55.78075982205631,-8.594131852225072,False,Weekly EMA20 Exit
UNIONBANK,Banks,2023-02-01,2023-02-27,70.30603852475667,70.1307117453932,58.91444952947734,59.06210479145597,-16.20286000222875,18,WEEKLY_CLOSE_LT_W_EMA20,0.6313131556390639,-17.487367901063234,False,Weekly EMA20 Exit
ENGINERSIN,Capital Goods,2023-02-08,2023-02-27,76.91214502593547,76.72034416552167,68.16655477434908,68.33739827002414,-11.370883296308145,13,WEEKLY_CLOSE_LT_W_EMA20,1.7459324442631534,-12.840195983505048,False,Weekly EMA20 Exit
JKLAKSHMI,Construction Materials,2023-01-23,2023-03-13,721.1001211208801,719.3018664547433,648.8527089688299,650.478906234416,-10.019054225056651,33,WEEKLY_CLOSE_LT_W_EMA20,8.86824836162145,-12.394021230551315,False,Weekly EMA20 Exit
HINDZINC,Metals & Mining,2023-02-27,2023-03-13,257.80711227899866,257.1642017745623,247.10400258081498,247.72331085795986,-4.151595975599301,9,WEEKLY_CLOSE_LT_W_EMA20,0.3137863039709987,-7.138363986598496,False,Weekly EMA20 Exit
GANECOS,Textiles,2022-12-27,2023-03-20,874.0001307716,871.8205793232918,829.1638514696716,831.241956360573,-5.1300083058735035,57,WEEKLY_CLOSE_LT_W_EMA20,8.2436064099632,-8.961435861749226,False,Weekly EMA20 Exit
MAZDOCK,Ship Building,2023-01-23,2023-03-20,376.22988772229536,375.29165857585576,321.3139412734805,322.1192393719103,-14.596380628151923,38,WEEKLY_CLOSE_LT_W_EMA20,4.983795504259988,-15.864089090977323,False,Weekly EMA20 Exit
KTKBANK,Banks,2022-12-27,2023-03-27,135.04937539924407,134.71259391445793,123.25505191034497,123.56396181488218,-8.733341752993486,62,WEEKLY_CLOSE_LT_W_EMA20,11.72413275254247,-11.310343229264568,False,Weekly EMA20 Exit
UCOBANK,Banks,2023-02-09,2023-03-27,27.300461099683215,27.232380149309943,22.97405927709158,23.03163837302414,-15.847358060343664,31,WEEKLY_CLOSE_LT_W_EMA20,4.255310342112438,-18.43972570887882,False,Weekly EMA20 Exit
INDIANB,Banks,2023-02-24,2023-03-27,253.8481460543984,253.21510828368918,240.70491160737913,241.30818206253545,-5.1775971781975265,20,WEEKLY_CLOSE_LT_W_EMA20,5.310217690566805,-9.815839821743113,False,Weekly EMA20 Exit
TECHNOE,Infrastructure,2023-02-24,2023-03-27,339.2818487257204,338.4357593274019,310.27023597852315,311.04785561756705,-8.550888547724993,20,WEEKLY_CLOSE_LT_W_EMA20,1.0260080326499306,-9.523136199391379,False,Weekly EMA20 Exit
KAMDHENU,Metals & Mining,2023-02-27,2023-03-27,33.48633889040107,33.40283181087389,29.207705092032636,29.28090736043372,-12.777251679773553,19,WEEKLY_CLOSE_LT_W_EMA20,1.0001441038495933,-15.811139189555679,False,Weekly EMA20 Exit
PERSISTENT,Software & IT Services,2023-03-20,2023-03-27,2261.793152851913,2256.1527709246016,2117.2599463778442,2122.566362283553,-6.390204439863373,5,WEEKLY_CLOSE_LT_W_EMA20,0.7846320346320206,-6.924231370362875,False,Weekly EMA20 Exit
GODFRYPHLP,FMCG,2022-12-27,2023-04-10,577.5603230433946,576.1200229859298,552.8050585712465,554.1905349085177,-4.286178167797753,69,WEEKLY_CLOSE_LT_W_EMA20,16.85696799591094,-10.978807748004511,False,Weekly EMA20 Exit
AIAENG,Capital Goods,2023-04-24,2023-05-02,2751.120635976041,2744.2599860110136,2677.1362526698485,2683.845867338194,-2.6892453329275456,5,WEEKLY_CLOSE_LT_W_EMA20,1.4424755251203654,-5.7536917115578685,False,Weekly EMA20 Exit
AUTOAXLES,Automobile & Ancillaries,2023-03-02,2023-05-22,2135.1051959532965,2129.780744093064,2077.6166206468624,2082.8236798464786,-2.69254064930352,51,WEEKLY_CLOSE_LT_W_EMA20,18.640565673625993,-2.7774683500208917,False,Weekly EMA20 Exit
SRF,Diversified,2023-05-22,2023-06-19,2420.116770650395,2414.0815667335614,2363.0542924668093,2368.9767343025655,-2.357839872670714,20,WEEKLY_CLOSE_LT_W_EMA20,5.58673855268974,-4.931178589790454,False,Weekly EMA20 Exit
QGOLDHALF,ETF,2023-03-02,2023-06-26,48.28039984703064,48.15999984741211,49.86502667427063,49.9900016784668,3.2821327749162217,76,WEEKLY_CLOSE_LT_W_EMA20,10.963452649555183,-9.36461448468121,False,Weekly EMA20 Exit
IVZINGOLD,ETF,2023-03-13,2023-06-26,5088.69,5076.0,5181.164527587891,5194.14990234375,1.8172560636999173,70,WEEKLY_CLOSE_LT_W_EMA20,9.502562995592001,-1.1515010896867612,False,Weekly EMA20 Exit
MANAKSIA,Diversified / Other,2023-03-20,2023-07-31,103.18358093494895,102.92626527176954,136.761679985846,137.10444108856743,32.54209511498348,89,WEEKLY_CLOSE_LT_W_EMA20,84.77640593858273,-4.424357998097401,False,Weekly EMA20 Exit
TTKHLTCARE,Healthcare,2023-07-03,2023-07-31,1239.477372247262,1236.386406231683,1170.8693678587981,1173.8038775526798,-5.535236537967024,20,WEEKLY_CLOSE_LT_W_EMA20,5.505091966931359,-8.261583627632021,False,Weekly EMA20 Exit
RANEHOLDIN,Finance,2023-07-31,2023-08-07,953.6195259589966,951.2414224029892,904.4203702278045,906.6870879476736,-5.159201798192584,5,WEEKLY_CLOSE_LT_W_EMA20,1.6794708025960587,-10.953511915148367,False,Weekly EMA20 Exit
SURYAROSNI,Diversified,2023-03-29,2023-08-21,153.33957215022446,152.95717920221892,178.4792282494714,178.9265446109989,16.394760821830122,96,WEEKLY_CLOSE_LT_W_EMA20,45.623087322938346,-0.6386254806756116,False,Weekly EMA20 Exit
HILTON,Automobile & Ancillaries,2023-04-03,2023-08-21,105.0620030593872,104.80000305175781,149.32574695587158,149.6999969482422,42.13106794800393,94,WEEKLY_CLOSE_LT_W_EMA20,66.03052951636484,-1.574428891060257,False,Weekly EMA20 Exit
CHOLAFIN,Finance,2023-08-07,2023-08-21,1080.2252809263284,1077.5314522955896,1022.1386809631814,1024.7004320432895,-5.377267222753375,9,WEEKLY_CLOSE_LT_W_EMA20,0.16636310795979956,-7.832727583469184,False,Weekly EMA20 Exit
BLUESTARCO,Consumer Durables,2022-11-21,2023-08-28,578.6880093258267,577.2448970831189,698.5038258758505,700.2544620309277,20.704734609865096,191,WEEKLY_CLOSE_LT_W_EMA20,39.04195832335806,-1.9669310022785116,False,Weekly EMA20 Exit
ABCAPITAL,Finance,2023-08-21,2023-09-25,181.8033811187744,181.35000610351562,175.0113719558716,175.4499969482422,-3.7359091569729994,24,WEEKLY_CLOSE_LT_W_EMA20,6.1207557050704615,-4.356222161230073,False,Weekly EMA20 Exit
HAL,Aviation,2023-03-27,2023-10-30,1222.5357913853663,1219.4870737011136,1808.5035577065685,1813.0361480767604,47.930520353697695,145,WEEKLY_CLOSE_LT_W_EMA20,65.76533754872246,0.0,False,Weekly EMA20 Exit
HGINFRA,Infrastructure,2023-06-19,2023-10-30,868.9215765246229,866.7546898001226,898.6609185614103,900.9132015653236,3.4225576669110023,90,WEEKLY_CLOSE_LT_W_EMA20,16.78889643781686,-2.821511151116744,False,Weekly EMA20 Exit
SKFINDIA,Automobile & Ancillaries,2023-08-21,2023-10-30,4876.080502527641,4863.920700775702,4749.730464084348,4761.634550460499,-2.591221338076697,47,WEEKLY_CLOSE_LT_W_EMA20,6.667708032926716,-3.584349618210294,False,Weekly EMA20 Exit
AHLUCONT,Real Estate,2023-10-30,2023-11-06,689.4530926016462,687.7337582061309,680.5837092655668,682.2894328476859,-1.286437530160443,5,WEEKLY_CLOSE_LT_W_EMA20,1.0966646320137343,-3.4643134667559186,False,Weekly EMA20 Exit
BAJAJCON,FMCG,2023-09-25,2023-11-28,228.95876296585885,228.38779348215348,220.34097089503445,220.89320390479642,-3.7639057615407574,42,WEEKLY_CLOSE_LT_W_EMA20,10.535405468295636,-6.088082711105728,False,Weekly EMA20 Exit
MARATHON,Real Estate,2023-05-11,2023-12-26,293.08477978841427,292.3538950507873,416.67009022437554,417.7143761647875,42.167085757636684,155,WEEKLY_CLOSE_LT_W_EMA20,67.05671456052993,-7.077234577947931,False,Weekly EMA20 Exit
ESCORTS,Automobile & Ancillaries,2023-11-06,2023-12-26,3015.9078432723118,3008.3868760821065,2894.3149636708868,2901.5688858856006,-4.031717344171056,33,WEEKLY_CLOSE_LT_W_EMA20,6.299221523782066,-5.600377824907183,False,Weekly EMA20 Exit
UNIVCABLES,Electricals,2022-12-26,2024-01-29,261.6571348147233,261.00462325658185,475.7560625438997,476.9484336279696,81.82422691465212,268,WEEKLY_CLOSE_LT_W_EMA20,113.38075235669022,-0.7332250864922863,False,Weekly EMA20 Exit
GRAVITA,Metals & Mining,2023-03-06,2024-01-29,469.1613478930601,467.99136946938665,934.109005771315,936.4501310990626,99.1018676125541,219,WEEKLY_CLOSE_LT_W_EMA20,146.89572372727824,-7.327851944931601,False,Weekly EMA20 Exit
ARROWGREEN,Plastic Products,2023-07-05,2024-02-19,322.8880906128568,322.0828834043459,407.47918505537,408.50043614573434,26.19827020623627,154,WEEKLY_CLOSE_LT_W_EMA20,58.988393535257934,-8.527602522681416,False,Weekly EMA20 Exit
CREDITACC,Finance,2024-01-29,2024-02-19,1591.082596537402,1587.114809513618,1545.7875745668316,1549.661728889054,-2.8468051922096174,15,WEEKLY_CLOSE_LT_W_EMA20,3.76945311857017,-4.982186741798145,False,Weekly EMA20 Exit
BANCOINDIA,Automobile & Ancillaries,2023-03-31,2024-03-18,99.5820064973472,99.3336723165558,270.5862090248335,271.26436994970777,171.72198928532512,236,WEEKLY_CLOSE_LT_W_EMA20,239.81478024757945,-0.9686839045038328,False,Weekly EMA20 Exit
AURIONPRO,Software & IT Services,2023-08-28,2024-03-18,525.9672669636805,524.6556278939456,895.1748632400079,897.4184092631657,70.19592652746245,136,WEEKLY_CLOSE_LT_W_EMA20,131.94854979268672,-8.487713554475974,False,Weekly EMA20 Exit
HITECH,Metals & Mining,2023-12-26,2024-03-18,100.5167801442164,100.26611485707372,113.67658242734676,113.9614861427035,13.092144678977322,56,WEEKLY_CLOSE_LT_W_EMA20,69.49152218556297,0.0,False,Weekly EMA20 Exit
ASTRAMICRO,Miscellaneous,2024-01-29,2024-03-18,568.333017649426,566.9157283286045,566.3424343305335,567.7618389278531,-0.3502494588692695,34,WEEKLY_CLOSE_LT_W_EMA20,21.871965040732363,-10.422345043182224,False,Weekly EMA20 Exit
CDSL,Finance,2024-01-29,2024-03-18,864.1112390833193,861.9563482127874,828.1296986901757,830.2052117194744,-4.1639940282820715,34,WEEKLY_CLOSE_LT_W_EMA20,16.779662778927616,-6.779658771329175,False,Weekly EMA20 Exit
AHLEAST,Diversified / Other,2024-03-18,2024-03-26,144.59905529263926,144.23845914477732,138.52743898618778,138.87462555006292,-4.198932208902585,5,WEEKLY_CLOSE_LT_W_EMA20,0.06761738177327532,-9.263011354603384,False,Weekly EMA20 Exit
ASTRAMICRO,Miscellaneous,2024-03-18,2024-03-26,569.1812435251727,567.7618389278531,555.5181365452013,556.9104125766429,-2.4004844037639392,5,WEEKLY_CLOSE_LT_W_EMA20,0.797823582388097,-6.706987415759093,False,Weekly EMA20 Exit
CIPLA,Healthcare,2023-11-28,2024-04-22,1169.3073803648533,1166.391401860203,1309.152435317701,1312.4335191154896,11.959648703253077,96,WEEKLY_CLOSE_LT_W_EMA20,26.583340960217082,-1.000000000000006,False,Weekly EMA20 Exit
BANKINDIA,Banks,2023-10-30,2024-05-21,89.12126569108659,88.8990181457223,113.73958061022465,114.02464221576405,27.62339013953237,134,WEEKLY_CLOSE_LT_W_EMA20,62.33296892869995,-2.672154184961929,False,Weekly EMA20 Exit
APLLTD,Healthcare,2024-03-18,2024-06-03,919.3938036517617,917.1010510242012,893.9494761678451,896.1899510454587,-2.7675113083048504,49,WEEKLY_CLOSE_LT_W_EMA20,10.412940593904734,-3.9665822904057784,False,Weekly EMA20 Exit
REMSONSIND,Automobile & Ancillaries,2024-03-26,2024-06-10,163.990556211928,163.581602206412,177.20983673810582,177.653971667274,8.061001091486203,49,WEEKLY_CLOSE_LT_W_EMA20,22.11421216383959,-2.6245610661646674,False,Weekly EMA20 Exit
EDELWEISS,Financial Services,2024-06-03,2024-06-10,72.37454922181206,72.19406406165793,68.51021893049342,68.68192373984303,-5.33934972012788,5,WEEKLY_CLOSE_LT_W_EMA20,1.4864844244879796,-14.797294662845111,False,Weekly EMA20 Exit
KEI,Electricals,2023-08-03,2024-07-22,2354.2879714813835,2348.416929158487,3993.3293563470093,4003.3377005985053,69.61940955057827,234,WEEKLY_CLOSE_LT_W_EMA20,114.1445286922872,-5.645173034827762,False,Weekly EMA20 Exit
SUNDARMFIN,Finance,2023-08-21,2024-07-22,2533.179159369572,2526.8620043586757,4122.413665747682,4132.745529571611,62.736759083933876,223,WEEKLY_CLOSE_LT_W_EMA20,94.0660405678195,-0.9322874683674086,False,Weekly EMA20 Exit
JSL,Metals & Mining,2023-04-24,2024-08-05,264.45640908041827,263.79691678844716,694.6889368048045,696.4300118343904,162.68561205244123,315,WEEKLY_CLOSE_LT_W_EMA20,217.5291912574039,-1.6332568656905935,False,Weekly EMA20 Exit
A2ZINFRA,Infrastructure,2024-02-19,2024-08-12,13.433499617576599,13.399999618530273,17.426324315071106,17.469999313354492,29.72289285116913,116,WEEKLY_CLOSE_LT_W_EMA20,83.35821189761408,-8.20895118738861,False,Weekly EMA20 Exit
ASAL,Diversified / Other,2024-07-23,2024-08-12,962.149375,959.75,842.8875,845.0,-12.395359608272875,14,WEEKLY_CLOSE_LT_W_EMA20,11.476949665440218,-13.503513996971867,False,Weekly EMA20 Exit
CARBORUNIV,Manufacturing,2024-08-07,2024-08-12,1657.1480672885414,1653.015528467373,1493.7869930855097,1497.5308201358494,-9.857964863111254,3,WEEKLY_CLOSE_LT_W_EMA20,0.0,-9.61007843032871,False,Weekly EMA20 Exit
SWELECTES,Diversified / Other,2024-06-10,2024-08-19,1228.294431724932,1225.2313533415781,1012.3145964709814,1014.851725785445,-17.58371850230107,47,WEEKLY_CLOSE_LT_W_EMA20,13.03753586730897,-21.65113737765974,False,Weekly EMA20 Exit
ICEMAKE,Consumer Durables,2024-08-12,2024-08-19,736.5746237792395,734.7377793309122,730.7197325161239,732.5511102918535,-0.7948809359023347,4,WEEKLY_CLOSE_LT_W_EMA20,0.5411341293341422,-9.801129846226326,False,Weekly EMA20 Exit
ADANIPOWER,Power,2024-04-01,2024-09-02,109.81385091781615,109.54000091552734,126.6825,127.0,15.361130623502328,103,WEEKLY_CLOSE_LT_W_EMA20,63.56581766610875,-0.5660057891182158,False,Weekly EMA20 Exit
BEL,Aviation,2023-10-30,2024-09-09,130.72430980156057,130.39831401651927,277.53821257491194,278.2337970675809,112.3080343634744,210,WEEKLY_CLOSE_LT_W_EMA20,156.9396585791894,-2.059908636705897,False,Weekly EMA20 Exit
GODREJPROP,Real Estate,2024-08-12,2024-09-09,2920.2020460328254,2912.9197466661603,2829.199601149169,2836.2903269665853,-3.1163064558250504,19,WEEKLY_CLOSE_LT_W_EMA20,2.4239854050263667,-3.1004451715226216,False,Weekly EMA20 Exit
AHLUCONT,Real Estate,2024-08-19,2024-09-09,1325.97920518078,1322.6725238711022,1202.630240326152,1205.6443512041624,-9.30248109266622,15,WEEKLY_CLOSE_LT_W_EMA20,2.9945992738528466,-12.382467081595768,False,Weekly EMA20 Exit
GRPLTD,Automobile & Ancillaries,2023-03-16,2024-09-23,666.8449693725279,665.1820143366862,3069.040721064029,3076.7325524451417,360.2330169712254,372,WEEKLY_CLOSE_LT_W_EMA20,618.4513317126458,-3.514809906049829,False,Weekly EMA20 Exit
HAL,Aviation,2024-09-02,2024-09-23,4613.408322946594,4601.903564036503,4269.002184046139,4279.701437640239,-7.465329638987657,15,WEEKLY_CLOSE_LT_W_EMA20,5.341540791067341,-11.215158417463606,False,Weekly EMA20 Exit
TTKPRESTIG,Consumer Durables,2024-09-11,2024-09-30,887.296864994183,885.0841546076639,840.546027752174,842.6526594006757,-5.268905941904287,13,WEEKLY_CLOSE_LT_W_EMA20,3.9636829719754854,-8.104516586641829,False,Weekly EMA20 Exit
BLKASHYAP,Real Estate,2024-09-13,2024-09-30,104.1396972465515,103.87999725341797,91.78994665145875,92.0199966430664,-11.858830898897883,11,WEEKLY_CLOSE_LT_W_EMA20,5.3619559511886195,-14.112433981829437,False,Weekly EMA20 Exit
DABUR,Consumer Goods,2024-08-19,2024-10-07,599.2582281448603,597.7638185983644,554.7814260160467,556.1718556551846,-7.421976043032667,34,WEEKLY_CLOSE_LT_W_EMA20,8.737880491728339,-9.061485736122616,False,Weekly EMA20 Exit
ASHOKLEY,Automobile & Ancillaries,2024-09-13,2024-10-07,118.20908059846009,117.91429486130683,106.89620787764801,107.16411817308071,-9.570223085686916,15,WEEKLY_CLOSE_LT_W_EMA20,0.22177542409588563,-11.612909577643928,False,Weekly EMA20 Exit
HEROMOTOCO,Automobile & Ancillaries,2024-08-12,2024-10-21,4856.426118354115,4844.315330029042,4833.501802542376,4845.615842147745,-0.4720408640646227,48,WEEKLY_CLOSE_LT_W_EMA20,19.7792788223155,-4.291634195567944,False,Weekly EMA20 Exit
ALEMBICLTD,Healthcare,2024-09-23,2024-10-21,136.24413452817973,135.90437359419425,128.4321453607867,128.7540304368789,-5.7338168681142365,19,WEEKLY_CLOSE_LT_W_EMA20,2.1676690988857232,-11.224125050277797,False,Weekly EMA20 Exit
BBL,Capital Goods,2024-03-18,2024-10-28,2481.1783702090092,2474.990892976568,4264.819149762581,4275.507919561484,71.88684219439338,150,WEEKLY_CLOSE_LT_W_EMA20,122.68688272577187,-2.3131132370262555,False,Weekly EMA20 Exit
GALLANTT,Metals & Mining,2024-07-23,2024-10-28,310.1817461835522,309.40822561950347,323.71685614310826,324.5281765845697,4.363606216707078,67,WEEKLY_CLOSE_LT_W_EMA20,28.511670345090213,-7.304916104964115,False,Weekly EMA20 Exit
AMRUTANJAN,Healthcare,2024-09-30,2024-10-28,764.6280594185725,762.7212562778778,713.2388416291944,715.0264076483152,-6.720812446832615,19,WEEKLY_CLOSE_LT_W_EMA20,6.597401012073869,-7.487026993288685,False,Weekly EMA20 Exit
MARICO,FMCG,2024-10-21,2024-10-28,653.7049118228892,652.0747250103634,625.995404695896,627.5643154846075,-4.238840281882519,5,WEEKLY_CLOSE_LT_W_EMA20,0.7517666792266942,-7.254549488202902,False,Weekly EMA20 Exit
MINDACORP,Automobile & Ancillaries,2024-10-21,2024-10-28,538.7015031425392,537.3581078728571,474.4722211095958,475.6613745459607,-11.922981773442066,5,WEEKLY_CLOSE_LT_W_EMA20,1.8518518518518612,-13.138894129374329,False,Weekly EMA20 Exit
BLUESTARCO,Consumer Durables,2023-12-26,2024-11-11,948.7944252311923,946.4283543453291,1768.31675017766,1772.74862173199,86.37512016860501,216,WEEKLY_CLOSE_LT_W_EMA20,130.16552038827012,-3.5014564861176796,False,Weekly EMA20 Exit
APARINDS,Capital Goods,2024-03-18,2024-11-11,6018.348849475137,6003.340498229563,8975.482270684905,8997.977213719201,49.13529433355562,160,WEEKLY_CLOSE_LT_W_EMA20,82.15287877702366,-3.2916392363396914,False,Weekly EMA20 Exit
ABBOTINDIA,Healthcare,2024-09-23,2024-11-18,27403.133101925792,27334.796111646676,26383.068787236483,26449.191766653115,-3.722436813685449,38,WEEKLY_CLOSE_LT_W_EMA20,5.094999997135787,-4.629275992359797,False,Weekly EMA20 Exit
SUNPHARMA,Healthcare,2024-11-11,2024-11-18,1788.7491800323353,1784.2884588851225,1761.8080542926357,1766.2236133259505,-1.506143289424881,4,WEEKLY_CLOSE_LT_W_EMA20,0.4181772397062181,-4.082762534950112,False,Weekly EMA20 Exit
IVZINGOLD,ETF,2024-11-14,2024-11-18,6657.6025,6641.0,6483.75,6500.0,-2.611337940347144,1,WEEKLY_CLOSE_LT_W_EMA20,0.0,-2.7254931486221956,False,Weekly EMA20 Exit
DPABHUSHAN,Diamond  &  Jewellery,2024-11-18,2024-11-25,1655.0272744750976,1650.9000244140625,1532.4592987060548,1536.300048828125,-7.405797938158811,4,WEEKLY_CLOSE_LT_W_EMA20,0.0,-7.92900978122655,False,Weekly EMA20 Exit
ARVINDFASN,Retailing,2024-11-18,2024-12-09,548.7589288663877,547.3904527345513,535.0223189907322,536.3632270583781,-2.5032139165429634,14,WEEKLY_CLOSE_LT_W_EMA20,6.143375730233215,-5.081663488405586,False,Weekly EMA20 Exit
INDIACEM,Construction Materials,2024-10-29,2024-12-16,358.39374999999995,357.5,341.3445121765137,342.20001220703125,-4.7571247611003935,32,WEEKLY_CLOSE_LT_W_EMA20,4.475524475524476,-5.426571719296329,False,Weekly EMA20 Exit
ADSL,Software & IT Services,2024-10-09,2024-12-23,280.9974808131282,280.2967389657139,240.85706771988015,241.46071951867683,-14.284972583061217,51,WEEKLY_CLOSE_LT_W_EMA20,10.352067891342628,-15.922232957739975,False,Weekly EMA20 Exit
UNICHEMLAB,Healthcare,2024-12-16,2024-12-23,786.9625,785.0,718.2,720.0,-8.73770986546372,5,WEEKLY_CLOSE_LT_W_EMA20,6.547773810708598,-10.191082802547772,False,Weekly EMA20 Exit
MAHASTEEL,Metals & Mining,2024-12-09,2024-12-30,211.52749999999997,211.0,186.33300304412842,186.8000030517578,-11.910743026732487,14,WEEKLY_CLOSE_LT_W_EMA20,2.7962056381442535,-13.009477226655065,False,Weekly EMA20 Exit
ERIS,Healthcare,2024-10-28,2025-01-06,1263.5432750311672,1260.3922942954287,1296.1616591733446,1299.4101846349317,2.5815011473487313,47,WEEKLY_CLOSE_LT_W_EMA20,25.075528755028632,-0.976964837791158,False,Weekly EMA20 Exit
ICICIBANK,Banks,2024-04-22,2025-01-13,1055.160376274957,1052.5290536408547,1212.1617029144902,1215.1997021699149,14.879380440137133,181,WEEKLY_CLOSE_LT_W_EMA20,27.370964144532383,-2.572315369412122,False,Weekly EMA20 Exit
OFSS,Software & IT Services,2024-10-28,2025-01-13,10107.169288270965,10081.964377327646,10492.136869557347,10518.43295193719,3.8088565681107625,52,WEEKLY_CLOSE_LT_W_EMA20,21.628089177235747,-2.0719062438600626,False,Weekly EMA20 Exit
SKIPPER,Capital Goods,2024-12-30,2025-01-13,562.2487211802388,560.8466046685675,457.76809728900537,458.9153857533888,-18.58263433163778,10,WEEKLY_CLOSE_LT_W_EMA20,1.9520515506425442,-23.255193845112768,False,Weekly EMA20 Exit
EPL,Diversified / Other,2025-01-13,2025-01-20,240.291319663557,239.69208943995713,226.4782662821751,227.04588098463668,-5.748461243095339,5,WEEKLY_CLOSE_LT_W_EMA20,0.3666771914701717,-7.700140204308012,False,Weekly EMA20 Exit
ANUP,Capital Goods,2024-03-18,2025-01-27,1401.008810828041,1397.5150232698666,2835.747027399728,2842.8541628067446,102.40750846696749,212,WEEKLY_CLOSE_LT_W_EMA20,172.59971528623979,0.0,False,Weekly EMA20 Exit
ELECTHERM,Metals & Mining,2024-06-10,2025-01-27,738.5417622375488,736.7000122070312,892.2138871765137,894.4500122070312,20.807506466985263,158,WEEKLY_CLOSE_LT_W_EMA20,97.50237218553328,-9.019955355770664,False,Weekly EMA20 Exit
IPCALAB,Healthcare,2024-12-06,2025-01-27,1496.969542330751,1493.236451202744,1491.0914782344469,1494.828549608468,-0.39266424132798916,35,WEEKLY_CLOSE_LT_W_EMA20,17.02098498194278,-4.691779459438516,False,Weekly EMA20 Exit
EMKAY,Diversified / Other,2025-01-06,2025-01-27,306.43902229309083,305.6748352050781,268.95282289566535,269.62689012096774,-12.232841338846248,15,WEEKLY_CLOSE_LT_W_EMA20,1.7577501141848872,-15.787792223377112,False,Weekly EMA20 Exit
AJMERA,Real Estate,2025-01-20,2025-01-27,201.49173592016746,200.98926276325932,176.97426111994827,177.41780563403333,-12.167980333413375,5,WEEKLY_CLOSE_LT_W_EMA20,2.3019757365352844,-15.841579965677452,False,Weekly EMA20 Exit
GILLETTE,FMCG,2024-10-07,2025-02-03,8203.932141641639,8183.473457996648,8247.604705462822,8268.27539394769,0.5323369704572397,83,WEEKLY_CLOSE_LT_W_EMA20,24.833721769953097,-5.6075497655917435,False,Weekly EMA20 Exit
ANANTRAJ,Real Estate,2024-10-29,2025-02-03,701.7059038292062,699.9560137947195,631.6131720524348,633.1961624585813,-9.9889043820603,67,WEEKLY_CLOSE_LT_W_EMA20,35.03809792907446,-23.854973891339995,False,Weekly EMA20 Exit
DIVISLAB,Healthcare,2024-12-27,2025-02-03,5863.759768302919,5849.136925987949,5556.632456394006,5570.558853527826,-5.237719893797784,27,WEEKLY_CLOSE_LT_W_EMA20,5.913548058264928,-9.294070238747656,False,Weekly EMA20 Exit
DIXON,Consumer Durables,2025-01-27,2025-02-03,15281.324123774843,15243.216083565929,14537.179445314923,14573.613479012454,-4.869634806725755,6,WEEKLY_CLOSE_LT_W_EMA20,2.504918032786884,-10.754094039678755,False,Weekly EMA20 Exit
SALZERELEC,Electricals,2025-01-31,2025-02-03,1256.7491520166861,1253.6151142311085,1183.404924105039,1186.3708512331218,-5.836027642744195,2,WEEKLY_CLOSE_LT_W_EMA20,1.5030379879670053,-9.419855162105577,False,Weekly EMA20 Exit
SIYSIL,Textiles,2025-02-03,2025-02-10,764.5613638544243,762.6547270368322,675.7485892804697,677.4421947673881,-11.616173504533107,5,WEEKLY_CLOSE_LT_W_EMA20,0.5900671894032472,-14.472429923967727,False,Weekly EMA20 Exit
SIMPLEXINF,Infrastructure,2024-05-27,2025-02-17,124.1095030593872,123.80000305175781,253.365,254.0,104.14633348323315,184,WEEKLY_CLOSE_LT_W_EMA20,184.3295568036757,-11.914377735381297,False,Weekly EMA20 Exit
COROMANDEL,Chemicals,2024-09-30,2025-02-17,1645.3092049908125,1641.20618951702,1720.6181846871482,1724.9305109645595,4.577193117737172,97,WEEKLY_CLOSE_LT_W_EMA20,19.089630114020956,-6.936201418757851,False,Weekly EMA20 Exit
INDRAMEDCO,Healthcare,2024-10-28,2025-02-17,400.17659258925664,399.1786459743209,387.4096660637901,388.3806176078096,-3.1903231627969273,78,WEEKLY_CLOSE_LT_W_EMA20,41.95309159616756,-7.172116707749384,False,Weekly EMA20 Exit
PGEL,Consumer Durables,2025-01-15,2025-02-17,859.7660132464642,857.6219583505878,747.7953943712959,749.6695682920259,-13.023382775084224,24,WEEKLY_CLOSE_LT_W_EMA20,7.808859792048622,-30.41375533183272,False,Weekly EMA20 Exit
BANARISUG,Diversified / Other,2025-01-30,2025-02-17,3558.0438777559543,3549.1709503800043,3479.8017980421155,3488.523105806632,-2.1990195287638175,13,WEEKLY_CLOSE_LT_W_EMA20,6.149958971381465,-4.330243180248187,False,Weekly EMA20 Exit
LAURUSLABS,Healthcare,2025-01-30,2025-02-17,565.5611320732385,564.1507551852753,540.9148324197654,542.2705086914941,-4.357848914249902,13,WEEKLY_CLOSE_LT_W_EMA20,14.179691407255302,-6.078287069124591,False,Weekly EMA20 Exit
REPL,Infrastructure,2025-02-10,2025-02-17,285.7125,285.0,226.4325,227.0,-20.748129675810468,5,WEEKLY_CLOSE_LT_W_EMA20,1.017541718064693,-20.701754385964914,False,Weekly EMA20 Exit
GOLDIAM,Diamond  &  Jewellery,2025-02-13,2025-02-17,315.7346543835986,314.94728616817815,280.7787394913139,281.4824456053272,-11.071294964605105,2,WEEKLY_CLOSE_LT_W_EMA20,0.494121476715691,-13.562225839193538,False,Weekly EMA20 Exit
AMBER,Consumer Durables,2025-02-14,2025-02-17,6155.349999999999,6140.0,5783.505,5798.0,-6.041004979408147,1,WEEKLY_CLOSE_LT_W_EMA20,1.1767100977198697,-8.305377773819218,False,Weekly EMA20 Exit
ASALCBR,Alcohol,2024-11-18,2025-03-03,852.9526616566884,850.8255976625321,1129.0921857829667,1131.9219907598663,32.37454275480341,73,WEEKLY_CLOSE_LT_W_EMA20,75.5147532921998,-2.076606051370793,False,Weekly EMA20 Exit
TERASOFT,Software & IT Services,2025-01-13,2025-03-03,185.17848178863525,184.71669006347656,174.76103805541993,175.19903564453125,-5.6256232541672455,35,WEEKLY_CLOSE_LT_W_EMA20,44.90953922915465,-12.044277190071497,False,Weekly EMA20 Exit
KIRIINDUS,Diversified / Other,2025-01-29,2025-03-03,538.3425,537.0,521.19375,522.5,-3.1854720740049225,23,WEEKLY_CLOSE_LT_W_EMA20,26.17318208435172,-9.869646182495345,False,Weekly EMA20 Exit
ZOTA,Healthcare,2025-02-20,2025-03-17,860.5517078969294,858.4056936627726,788.5264222869666,790.5026789844277,-8.36966389689502,15,WEEKLY_CLOSE_LT_W_EMA20,5.937136204889408,-10.355067065656032,False,Weekly EMA20 Exit
PGIL,Textiles,2025-02-13,2025-03-24,1367.4266103412679,1364.0165689189705,1278.021850103769,1281.224912384731,-6.538176130358181,25,WEEKLY_CLOSE_LT_W_EMA20,15.682163864595925,-8.961749920192927,False,Weekly EMA20 Exit
VIMTALABS,Healthcare,2025-01-30,2025-04-15,423.6314510691066,422.57501353526845,455.19048465395855,456.3313129362993,7.449643671452462,49,WEEKLY_CLOSE_LT_W_EMA20,38.58823510834624,-5.8117682505907275,False,Weekly EMA20 Exit
NORBTEAEXP,Agri,2025-05-02,2025-05-26,40.0498757648468,39.95000076293945,35.31150152206421,35.400001525878906,-11.831183373961,16,WEEKLY_CLOSE_LT_W_EMA20,7.1339134410354275,-15.519400862417573,False,Weekly EMA20 Exit
PANACEABIO,Healthcare,2025-06-06,2025-06-09,472.47823776245116,471.29998779296875,449.97225608825687,451.1000061035156,-4.763390115231014,1,WEEKLY_CLOSE_LT_W_EMA20,0.8275036102431836,-6.089535844006932,False,Weekly EMA20 Exit
RAMANEWS,Paper,2025-05-09,2025-06-23,31.077499999999997,31.0,31.271625380516053,31.350000381469727,0.6246492816862865,31,WEEKLY_CLOSE_LT_W_EMA20,44.45160896547379,-0.8387104157478578,False,Weekly EMA20 Exit
HCG,Healthcare,2025-05-29,2025-06-23,553.2797744750976,551.9000244140625,527.7273628234864,529.0499877929688,-4.618352744929648,17,WEEKLY_CLOSE_LT_W_EMA20,1.6307301326096262,-5.761921982497873,False,Weekly EMA20 Exit
BANARISUG,Diversified / Other,2025-06-09,2025-07-14,3986.487964495085,3976.5465980000854,3788.347499499321,3797.842104761224,-4.9703013469616675,25,WEEKLY_CLOSE_LT_W_EMA20,4.614263799287922,-6.499074993027162,False,Weekly EMA20 Exit
AXISBANK,Banks,2025-07-07,2025-07-21,1179.6342628674286,1176.6925315385822,1082.450161106506,1085.163068778452,-8.238494321510272,10,WEEKLY_CLOSE_LT_W_EMA20,0.2038039837190145,-8.975885314126137,False,Weekly EMA20 Exit
CHOLAFIN,Finance,2025-06-09,2025-07-28,1621.4694933547537,1617.4259285334201,1482.5884962638443,1486.3042569061095,-8.565131669765206,35,WEEKLY_CLOSE_LT_W_EMA20,2.876539095513129,-9.483984367349123,False,Weekly EMA20 Exit
SRF,Diversified,2025-04-09,2025-08-04,2753.50591898726,2746.6393206855464,2946.6391366899934,2954.0241971829505,7.014083985472885,79,WEEKLY_CLOSE_LT_W_EMA20,20.446999741027103,-2.012281894751594,False,Weekly EMA20 Exit
KITEX,Textiles,2025-07-24,2025-08-04,268.80077725315704,268.1304511253437,209.9091943827475,210.43528258922055,-21.90900765697762,7,WEEKLY_CLOSE_LT_W_EMA20,0.0,-23.284358580454757,False,Weekly EMA20 Exit
ADANIPORTS,Infrastructure,2025-06-23,2025-08-11,1338.7105549964222,1335.3721246847103,1316.1407408464356,1319.4393391944216,-1.685936819258653,35,WEEKLY_CLOSE_LT_W_EMA20,9.917974592471955,-2.035792916216078,False,Weekly EMA20 Exit
CAMLINFINE,Chemicals,2025-08-01,2025-08-11,281.50198776245117,280.79998779296875,225.63449695587158,226.1999969482422,-19.84621538577697,6,WEEKLY_CLOSE_LT_W_EMA20,0.0,-19.444442029314697,False,Weekly EMA20 Exit
BSE,Unclassified,2025-07-10,2025-08-25,2534.2600135868765,2527.940163178929,2323.0424120337625,2328.864573467431,-8.33448819066384,31,WEEKLY_CLOSE_LT_W_EMA20,1.9884713926107425,-9.966073272924387,False,Weekly EMA20 Exit
CANBK,Banks,2025-07-25,2025-09-01,110.49951573320338,110.2239558435944,100.42713356665128,100.67883064325942,-9.115317926706089,24,WEEKLY_CLOSE_LT_W_EMA20,1.6160164482937407,-9.054976871538264,False,Weekly EMA20 Exit
PRIVISCL,Chemicals,2025-08-06,2025-09-01,2309.1936154868545,2303.435027917062,2208.252312544782,2213.7867794935155,-4.371279318680723,16,WEEKLY_CLOSE_LT_W_EMA20,10.394388294969136,-5.021865735418083,False,Weekly EMA20 Exit
GINNIFILA,Textiles,2025-09-08,2025-09-15,47.969623470306395,47.849998474121094,41.097000761032106,41.20000076293945,-14.327030758389213,5,WEEKLY_CLOSE_LT_W_EMA20,0.271684581527298,-13.897592316075382,False,Weekly EMA20 Exit
RALLIS,Fertilisers & Pesticides,2025-09-01,2025-09-29,344.3575500885084,343.4988030808064,303.58954552983664,304.3504215837961,-11.838858926773456,20,WEEKLY_CLOSE_LT_W_EMA20,6.898534591916753,-12.331124982277503,False,Weekly EMA20 Exit
NACLIND,Diversified / Other,2025-09-15,2025-09-29,254.53474388122558,253.89999389648438,217.75425304412843,218.3000030517578,-14.450086568244746,10,WEEKLY_CLOSE_LT_W_EMA20,0.0,-17.408427731692907,False,Weekly EMA20 Exit
FMGOETZE,Diversified / Other,2025-08-12,2025-10-06,544.3575,543.0,504.485625,505.75,-7.324575302076289,36,WEEKLY_CLOSE_LT_W_EMA20,6.335179450103591,-8.766115304514848,False,Weekly EMA20 Exit
SCHNEIDER,Capital Goods,2025-08-14,2025-10-13,885.4080122375487,883.2000122070312,827.176875,829.25,-6.576757430779353,39,WEEKLY_CLOSE_LT_W_EMA20,4.613903921736787,-8.457881700019813,False,Weekly EMA20 Exit
FORCEMOT,Automobile & Ancillaries,2025-09-10,2025-10-13,18335.725,18290.0,15610.875,15650.0,-14.860879512536313,22,WEEKLY_CLOSE_LT_W_EMA20,9.404045926735922,-18.47457627118644,False,Weekly EMA20 Exit
BIL,Textiles,2025-10-06,2025-10-13,847.1125,845.0,798.0,800.0,-5.797636087296546,5,WEEKLY_CLOSE_LT_W_EMA20,0.05325588248890532,-10.04141722910503,False,Weekly EMA20 Exit
HDFCAMC,Finance,2025-10-13,2025-11-03,2723.1288922874946,2716.338047169571,2625.354198295854,2631.934033379302,-3.5905275827582086,14,WEEKLY_CLOSE_LT_W_EMA20,6.899034829285674,-4.746468011676807,False,Weekly EMA20 Exit
AXISCADES,Aviation,2025-04-15,2025-11-10,810.7217622375488,808.7000122070312,1396.5,1400.0,72.25391805762492,142,WEEKLY_CLOSE_LT_W_EMA20,120.00740995616444,-9.10721198248328,False,Weekly EMA20 Exit
JMFINANCIL,Finance,2025-08-05,2025-11-10,154.48053096535176,154.09529273351797,152.74693209687547,153.1297564880957,-1.1222118785085733,64,WEEKLY_CLOSE_LT_W_EMA20,26.455705911473963,-8.075944144587616,False,Weekly EMA20 Exit
PGHL,Healthcare,2025-10-13,2025-11-10,6074.02758710216,6058.880386136819,5654.439715198311,5668.611243306577,-6.907901979154973,18,WEEKLY_CLOSE_LT_W_EMA20,2.691881728547176,-7.050150316534279,False,Weekly EMA20 Exit
ENDURANCE,Automobile & Ancillaries,2025-09-29,2025-11-17,2735.585437183523,2728.763528362617,2682.6027405412865,2689.3260556804876,-1.9367955364167289,32,WEEKLY_CLOSE_LT_W_EMA20,9.890518407491152,-3.2846636549237815,False,Weekly EMA20 Exit
ZYDUSWELL,FMCG,2025-11-10,2025-11-24,452.6267929177215,451.49804779822597,442.006997372311,443.1147843331438,-2.346258708405929,10,WEEKLY_CLOSE_LT_W_EMA20,3.0061861298272246,-4.067199462951984,False,Weekly EMA20 Exit
TFCILTD,Finance,2025-11-04,2025-12-08,69.7599861769354,69.5860211241251,64.31158556529475,64.47276748400476,-7.81020884640319,23,WEEKLY_CLOSE_LT_W_EMA20,6.504647285032966,-11.794129468391752,False,Weekly EMA20 Exit
GOODLUCK,Metals & Mining,2025-11-10,2025-12-08,394.91142145302723,393.9266049406756,374.96472090263387,375.9044821079036,-5.050930276212819,20,WEEKLY_CLOSE_LT_W_EMA20,2.8024046432003824,-6.811849661242507,False,Weekly EMA20 Exit
MCLEODRUSS,Diversified / Other,2025-11-24,2025-12-08,53.94452637672424,53.810001373291016,45.10695121765137,45.220001220703125,-16.382709706922313,10,WEEKLY_CLOSE_LT_W_EMA20,2.7689980036110953,-18.36090097745146,False,Weekly EMA20 Exit
BEL,Aviation,2025-08-14,2025-12-15,386.6464787514718,385.6822730687998,385.9083709387225,386.8755598383183,-0.19089991848180254,82,WEEKLY_CLOSE_LT_W_EMA20,11.125429888877632,-6.871212768324717,False,Weekly EMA20 Exit
TERASOFT,Software & IT Services,2025-08-13,2025-12-29,294.2452838897705,293.5115051269531,398.9501371765137,399.95001220703125,35.58420780873669,92,WEEKLY_CLOSE_LT_W_EMA20,103.73988397536439,-3.6879691939646215,False,Weekly EMA20 Exit
HCG,Healthcare,2025-10-01,2025-12-29,641.9508505249023,640.3499755859375,655.4073628234863,657.0499877929688,2.0961904307130466,59,WEEKLY_CLOSE_LT_W_EMA20,25.657851970367613,-1.5226048835370825,False,Weekly EMA20 Exit
INDOTHAI,Finance,2025-12-15,2025-12-29,363.5065061187744,362.6000061035156,325.48423782348635,326.29998779296875,-10.459859082374827,9,WEEKLY_CLOSE_LT_W_EMA20,11.927743869825782,-11.624377602589265,False,Weekly EMA20 Exit
HEROMOTOCO,Automobile & Ancillaries,2025-11-11,2026-01-27,5209.283496787303,5196.292764875116,5224.282792463679,5237.376233046294,0.2879339487978685,53,WEEKLY_CLOSE_LT_W_EMA20,18.8447614267833,-1.4324187965715718,False,Weekly EMA20 Exit
HINDPETRO,Oil & Gas,2025-12-08,2026-01-27,430.73834839977354,429.6641879299487,395.53039633130936,396.52170058276624,-8.173860581316816,34,WEEKLY_CLOSE_LT_W_EMA20,12.538743312599362,-8.687466919786534,False,Weekly EMA20 Exit
RBLBANK,Banks,2025-12-08,2026-01-27,306.67279212856033,305.9080220733769,288.27926141501797,289.00176582959193,-5.997770648604395,34,WEEKLY_CLOSE_LT_W_EMA20,7.091615858407003,-6.358010560969597,False,Weekly EMA20 Exit
TVSSRICHAK,Automobile & Ancillaries,2025-12-29,2026-01-27,4081.1775,4071.0,3850.0507012939456,3859.699951171875,-5.663238090135853,19,WEEKLY_CLOSE_LT_W_EMA20,9.744539310058954,-10.334069053595554,False,Weekly EMA20 Exit
MFSL,Finance,2026-01-01,2026-01-27,1681.69375,1677.5,1582.4340243530273,1586.4000244140625,-5.902366328409831,17,WEEKLY_CLOSE_LT_W_EMA20,4.4530522308122205,-6.718327938710879,False,Weekly EMA20 Exit
LUMAXTECH,Automobile & Ancillaries,2025-07-29,2026-02-02,1033.2791716907147,1030.7024156515859,1262.7213711494799,1265.8860863653933,22.205247695386884,126,WEEKLY_CLOSE_LT_W_EMA20,64.7015777330694,-7.731916455068458,False,Weekly EMA20 Exit
SOUTHBANK,Banks,2025-12-31,2026-02-02,37.614903619703234,37.5211008675344,37.09145090371538,37.184411933549256,-1.3916098822958538,22,WEEKLY_CLOSE_LT_W_EMA20,23.621012075312365,-4.908955029287884,False,Weekly EMA20 Exit
LAURUSLABS,Healthcare,2026-01-27,2026-02-02,1031.5479874020557,1028.975548530729,915.6412540785498,917.9360943143356,-11.236194024808869,4,WEEKLY_CLOSE_LT_W_EMA20,1.0679611650485514,-10.878637753669809,False,Weekly EMA20 Exit
MAHASTEEL,Metals & Mining,2025-08-14,2026-02-09,335.33625,334.5,685.9807621765137,687.7000122070312,104.56504841827083,119,WEEKLY_CLOSE_LT_W_EMA20,208.5201793721973,-2.167414050822123,False,Weekly EMA20 Exit
CSBBANK,Banks,2026-01-30,2026-02-09,435.5361372375488,434.45001220703125,413.96250000000003,415.0,-4.953351833072384,6,WEEKLY_CLOSE_LT_W_EMA20,3.0498330366453974,-8.435958886933449,False,Weekly EMA20 Exit
EASTSILK,Diversified / Other,2026-02-03,2026-02-16,80.81152561187744,80.61000061035156,64.60807165145874,64.7699966430664,-20.050919516407646,9,WEEKLY_CLOSE_LT_W_EMA20,0.0,-25.15816725684606,False,Weekly EMA20 Exit
MUTHOOTFIN,Finance,2026-02-05,2026-02-23,3609.059829432851,3600.0596802322707,3473.8469564783413,3482.553339827911,-3.746484662066627,12,WEEKLY_CLOSE_LT_W_EMA20,12.461090731287472,-7.313042229448914,False,Weekly EMA20 Exit
ABCAPITAL,Finance,2025-08-01,2026-03-09,257.14125,256.5,314.16263717651367,314.95001220703125,22.175122496493135,148,WEEKLY_CLOSE_LT_W_EMA20,43.97660342805799,-2.514618693271808,False,Weekly EMA20 Exit
TAKE,Healthcare,2026-01-29,2026-03-09,38.59625,38.5,32.598300304412845,32.68000030517578,-15.540239519609166,26,WEEKLY_CLOSE_LT_W_EMA20,29.71428214729606,-15.11688232421875,False,Weekly EMA20 Exit
CUB,Banks,2026-03-06,2026-03-09,199.93020136834426,199.43162231256287,188.26002559061484,188.73185522868656,-5.837125005555663,1,WEEKLY_CLOSE_LT_W_EMA20,0.11176892266053955,-8.904623789860514,False,Weekly EMA20 Exit
EICHERMOT,Automobile & Ancillaries,2025-11-18,2026-03-16,6781.076873582698,6764.166457439101,6614.976218251528,6631.555106016569,-2.4494731209766205,81,WEEKLY_CLOSE_LT_W_EMA20,20.409656838772555,-2.8017562733735244,False,Weekly EMA20 Exit
BANKBARODA,Banks,2026-02-04,2026-03-16,277.7320340980547,277.03943550928153,270.54933871861283,271.22740723670455,-2.5861962242735053,27,WEEKLY_CLOSE_LT_W_EMA20,13.811190986937962,-4.720283986009025,False,Weekly EMA20 Exit
ASHOKLEY,Automobile & Ancillaries,2026-03-11,2026-03-16,191.60734865009874,191.12952483800373,166.0442114890895,166.46036239507717,-13.341417926350537,3,WEEKLY_CLOSE_LT_W_EMA20,0.5092882845169577,-13.215700068188715,False,Weekly EMA20 Exit
SALSTEEL,Metals & Mining,2025-12-08,2026-03-23,35.87947591781616,35.790000915527344,35.07209984779358,35.15999984741211,-2.250244880588321,71,WEEKLY_CLOSE_LT_W_EMA20,38.502370569424826,-7.516072569417576,False,Weekly EMA20 Exit
HINDALCO,Metals & Mining,2026-02-19,2026-03-23,908.1389605215162,905.8742748344301,848.436449951971,850.5628570947077,-6.574160251340818,21,WEEKLY_CLOSE_LT_W_EMA20,8.00571234862384,-8.197886285257422,False,Weekly EMA20 Exit
KARURVYSYA,Banks,2026-03-11,2026-03-23,303.40280562685274,302.64619015147406,256.3586781354256,257.0011810881459,-15.505501801221152,8,WEEKLY_CLOSE_LT_W_EMA20,1.606555375896521,-16.213116978794222,False,Weekly EMA20 Exit
TITAN,Diamond  &  Jewellery,2026-02-02,2026-03-30,3996.885032503398,3986.9177381580034,3919.2846347102804,3929.107403218326,-1.9415218892226607,38,WEEKLY_CLOSE_LT_W_EMA20,9.459997231944286,-4.374999764588459,False,Weekly EMA20 Exit
NORBTEAEXP,Agri,2026-02-10,2026-04-20,79.29774847030639,79.0999984741211,72.17910060882569,72.36000061035156,-8.977112211636532,44,WEEKLY_CLOSE_LT_W_EMA20,23.640967052299935,-8.520857135003151,False,Weekly EMA20 Exit
VEDL,Metals & Mining,2026-03-27,2026-05-04,657.0886372375488,655.4500122070312,276.3075,277.0,-57.949737015447724,23,WEEKLY_CLOSE_LT_W_EMA20,21.29071404287202,-59.00526246047894,False,Weekly EMA20 Exit
THANGAMAYL,Diamond  &  Jewellery,2026-02-09,2026-05-18,3308.0193908107467,3299.769965896007,3620.7721394164228,3629.8467563071904,9.454380753464235,65,WEEKLY_CLOSE_LT_W_EMA20,32.154723720836536,-5.69961155748449,False,Weekly EMA20 Exit
TITAN,Diamond  &  Jewellery,2026-05-15,2026-05-18,4151.764388333205,4141.410861180254,4106.300923656283,4116.592404667953,-1.0950396126687212,1,WEEKLY_CLOSE_LT_W_EMA20,0.9386281588447571,-2.1516219741556837,False,Weekly EMA20 Exit
POWERGRID,Power,2026-05-18,2026-05-25,297.04073776245116,296.29998779296875,297.75375,298.5,0.2400385357644363,5,WEEKLY_CLOSE_LT_W_EMA20,2.767469640518776,-2.0587161111190073,False,Weekly EMA20 Exit
AVANTIFEED,Consumer Goods,2026-05-20,2026-06-01,1244.1303922984555,1241.0278227416015,1189.4970971421533,1192.478292874339,-4.3912837026166125,8,WEEKLY_CLOSE_LT_W_EMA20,9.393669905280303,-8.692537438959446,False,Weekly EMA20 Exit
UNIVPHOTO,FMCG,2026-05-25,2026-06-08,432.5286372375488,431.45001220703125,371.7183689117432,372.6499938964844,-14.059246738940907,10,WEEKLY_CLOSE_LT_W_EMA20,1.9932727645423736,-13.628466020840369,False,Weekly EMA20 Exit
OIL,Oil & Gas,2026-05-11,2026-06-15,458.1425,457.0,417.75298782348636,418.79998779296875,-8.815927833919277,25,WEEKLY_CLOSE_LT_W_EMA20,16.192560175054705,-10.175054704595187,False,Weekly EMA20 Exit
QGOLDHALF,ETF,2026-06-10,2026-06-15,123.08694877624511,122.77999877929688,124.08900152206422,124.4000015258789,0.8141015402377925,3,WEEKLY_CLOSE_LT_W_EMA20,1.6452225871837602,-2.9809383198430126,False,Weekly EMA20 Exit
SAIL,Metals & Mining,2026-06-15,2026-06-29,186.41487194061278,185.9499969482422,170.36301830291748,170.7899932861328,-8.610822447046514,10,WEEKLY_CLOSE_LT_W_EMA20,1.032534660099903,-11.0728672631394,False,Weekly EMA20 Exit
NLCINDIA,Power,2026-06-15,2026-07-20,322.4040061187744,321.6000061035156,295.26,296.0,-8.419252119582692,25,WEEKLY_CLOSE_LT_W_EMA20,2.3320895079790276,-8.986316339553218,False,Weekly EMA20 Exit
MCX,Finance,2025-07-30,2026-07-27,1575.5267003800402,1571.5977061147535,2733.5489025878906,2740.39990234375,73.50063962283333,246,WEEKLY_CLOSE_LT_W_EMA20,121.43071260921658,-7.050001209313189,False,Weekly EMA20 Exit
LUPIN,Healthcare,2026-05-15,2026-08-17,2257.3027141097346,2251.6735302840248,2225.9212500000003,2231.5,-1.3902195710649676,66,WEEKLY_CLOSE_LT_W_EMA20,12.081077351099696,-2.3765363189012447,False,Weekly EMA20 Exit
SCHNEIDER,Capital Goods,2026-06-08,2026-08-24,1151.8725,1149.0,1216.95,1220.0,5.649713835515659,55,WEEKLY_CLOSE_LT_W_EMA20,34.72584856396867,-6.7885117493472595,False,Weekly EMA20 Exit
CUPID,Miscellaneous,2025-06-23,2026-08-24,18.2455007648468,18.200000762939453,285.6939786529541,286.4100036621094,1465.8324884313088,293,END_OF_BACKTEST,1542.8570739889847,-0.12088607449013535,False,Weekly EMA20 Exit
RNAVAL,Power,2026-03-04,2026-08-24,1803.7982989501952,1799.300048828125,2324.8732012939454,2330.699951171875,28.887647950827656,118,END_OF_BACKTEST,52.837210324707165,-16.33413085302132,False,Weekly EMA20 Exit
CONSOFINVT,Finance,2026-03-25,2026-08-24,211.01623050689696,210.49000549316406,269.57437500000003,270.25,27.750540492755665,103,END_OF_BACKTEST,52.02622055629734,-6.879191699578525,False,Weekly EMA20 Exit
KIRLOSENG,Capital Goods,2026-03-25,2026-08-24,1330.5118948307816,1327.1939100556426,2063.1292987060547,2068.300048828125,55.062822566381456,104,END_OF_BACKTEST,104.51127432564485,-2.7067626449117865,False,Weekly EMA20 Exit
INGERRAND,Capital Goods,2026-06-08,2026-08-24,3932.105971584909,3922.3002210323284,4641.6665551757815,4653.2998046875,18.04530673177332,55,END_OF_BACKTEST,21.579173611993514,-1.4898481056847146,False,Weekly EMA20 Exit
ARIHANT,Real Estate,2026-07-03,2026-08-24,795.985,794.0,1004.6820121765137,1007.2000122070312,26.21871168131481,35,END_OF_BACKTEST,54.28211586901763,-3.7783375314861463,False,Weekly EMA20 Exit
STLTECH,Electricals,2026-07-22,2026-08-24,532.3275,531.0,656.85375,658.5,23.392789213407163,23,END_OF_BACKTEST,28.71939736346516,-6.346518306408898,False,Weekly EMA20 Exit
KPRMILL,Textiles,2026-07-27,2026-08-24,1078.69,1076.0,1109.5192987060548,1112.300048828125,2.8580313812174687,20,END_OF_BACKTEST,8.503717472118959,-4.962827547775325,False,Weekly EMA20 Exit
NAM-INDIA,Finance,2026-07-27,2026-08-24,1126.4089755249022,1123.5999755859375,1244.6805487060547,1247.800048828125,10.4998784412241,20,END_OF_BACKTEST,12.985050514795377,-0.39160061495800275,False,Weekly EMA20 Exit
AIAENG,Capital Goods,2026-08-17,2026-08-24,4434.0575,4423.0,4338.027652587891,4348.89990234375,-2.165733020198974,4,END_OF_BACKTEST,2.5503008068618582,-2.441781596201673,False,Weekly EMA20 Exit
RANEHOLDIN,Finance,2026-08-24,2026-08-24,1630.867048950195,1626.800048828125,1609.3665243530274,1613.4000244140625,-1.3183493167642184,0,END_OF_BACKTEST,0.4917629554881589,-3.596016612007162,False,Weekly EMA20 Exit
ASIANPAINT,Chemicals,2019-04-12,2019-07-01,1344.512536347503,1341.1596372543672,1284.2397691317053,1287.4584151696292,-4.482871344549491,51,MONTHLY_CLOSE_LT_M_EMA9,3.2908758442164836,-9.555049354110855,False,Monthly EMA9 Exit
HAVELLS,Capital Goods,2019-05-10,2019-08-01,699.9479012919053,698.2023953036462,610.7729224614168,612.3036816655807,-12.74023090374252,58,MONTHLY_CLOSE_LT_M_EMA9,9.775500906199168,-14.76016876196049,False,Monthly EMA9 Exit
SUVEN,Healthcare,2019-05-17,2019-08-01,11.868521718978881,11.838924407958984,10.48636696100235,10.512648582458496,-11.645551069484382,53,MONTHLY_CLOSE_LT_M_EMA9,11.202671626223658,-14.26329376836433,False,Monthly EMA9 Exit
TRIVENI,Agri,2019-06-24,2019-08-01,62.88908817157098,62.73225752775161,50.4208240556712,50.547192035760595,-19.825798844283554,28,MONTHLY_CLOSE_LT_M_EMA9,5.465314316746228,-20.901028153441114,False,Monthly EMA9 Exit
SEAMECLTD,Logistics,2019-05-13,2019-09-03,422.88563520968705,421.83105756577265,322.6497405532054,323.45838651950413,-23.702837436599115,77,MONTHLY_CLOSE_LT_M_EMA9,19.402271681038304,-33.60396015842854,False,Monthly EMA9 Exit
PGHH,FMCG,2019-06-20,2019-09-03,9539.985583434533,9516.195095695295,9159.823213345026,9182.78016375441,-3.984936526000945,50,MONTHLY_CLOSE_LT_M_EMA9,5.6034106191948645,-7.9964401460070595,False,Monthly EMA9 Exit
CANTABIL,Retailing,2019-05-03,2019-11-01,51.560024114415064,51.43144550066341,40.56641687381459,40.66808709154345,-21.321959074737713,122,MONTHLY_CLOSE_LT_M_EMA9,5.683325775553897,-39.19406773630343,False,Monthly EMA9 Exit
POWERGRID,Power,2019-08-08,2019-12-02,76.95655591850222,76.7646443077329,76.2968800842247,76.48810033506234,-0.8572055056311579,74,MONTHLY_CLOSE_LT_M_EMA9,8.179789592959924,-5.469983602082124,False,Monthly EMA9 Exit
HEIDELBERG,Cement & Cement Products,2019-06-24,2020-01-01,149.15823068456285,148.78626502200785,141.6314321048523,141.98639810010255,-5.0461838714271705,128,MONTHLY_CLOSE_LT_M_EMA9,11.52318956670157,-6.361061050007569,False,Monthly EMA9 Exit
AGROPHOS,Chemicals,2019-08-26,2020-01-01,79.60797241712417,79.40944879513634,69.51459022521973,69.68881225585938,-12.678858518111547,85,MONTHLY_CLOSE_LT_M_EMA9,89.281365936147,-12.241158560808868,False,Monthly EMA9 Exit
PRESTIGE,Real Estate,2019-05-15,2020-03-02,240.9058474878859,240.30508477594603,289.52850347894287,290.2541388260079,20.18326101175356,197,MONTHLY_CLOSE_LT_M_EMA9,73.51108459553068,-1.904749301945811,False,Monthly EMA9 Exit
BALRAMCHIN,Agri,2019-06-21,2020-03-02,132.36865832561384,132.03856192081182,136.98371878442995,137.32703637536838,3.4865205383161957,171,MONTHLY_CLOSE_LT_M_EMA9,40.69388407595416,-22.3049610018313,False,Monthly EMA9 Exit
BATAINDIA,Footwear,2019-05-10,2020-04-01,1216.081754671056,1213.0491318414524,1106.6706788283082,1109.4442895521886,-8.997016477098855,221,MONTHLY_CLOSE_LT_M_EMA9,39.944462156409735,-26.168203865936896,False,Monthly EMA9 Exit
MUTHOOTFIN,Finance,2019-05-13,2020-04-01,510.7882130162825,509.5144269489102,550.4542044433783,551.8337889156675,7.76564345384207,220,MONTHLY_CLOSE_LT_M_EMA9,67.2214584461589,-15.21548255012825,False,Monthly EMA9 Exit
HONAUT,Consumer Durables,2019-06-27,2020-04-01,24167.253847446424,24106.986381492694,25503.352011962586,25567.270187431164,5.52854773219233,188,MONTHLY_CLOSE_LT_M_EMA9,61.29027302594964,-17.779216317901717,False,Monthly EMA9 Exit
BAJFINANCE,Finance,2019-07-10,2020-04-01,349.94047214801776,349.06780264141423,211.70952223423575,212.2401225405872,-39.50127547845141,179,MONTHLY_CLOSE_LT_M_EMA9,37.00273320030973,-41.4292835051398,False,Monthly EMA9 Exit
PIDILITIND,Chemicals,2019-09-23,2020-04-01,694.1067127919158,692.3757733585195,655.0218420659287,656.6635008179736,-5.630959909431715,130,MONTHLY_CLOSE_LT_M_EMA9,19.156795205429702,-17.018436536690558,False,Monthly EMA9 Exit
EQ30,Unclassified,2019-11-14,2020-04-01,348.4690061187744,347.6000061035156,254.3625,255.0,-27.00570336711625,96,MONTHLY_CLOSE_LT_M_EMA9,1.3693841094552077,-31.53049602389151,False,Monthly EMA9 Exit
ATUL,Chemicals,2019-11-18,2020-04-01,3957.15917721823,3947.290949843621,3892.18879260963,3901.943651738977,-1.6418441032809872,94,MONTHLY_CLOSE_LT_M_EMA9,34.56406167011081,-27.4858203171447,False,Monthly EMA9 Exit
DYNPRO,Chemicals,2019-12-02,2020-04-01,138.10432842560678,137.75992860409656,115.95974029541016,116.2503662109375,-16.03468072481547,84,MONTHLY_CLOSE_LT_M_EMA9,28.755364960047956,-41.47874765461994,False,Monthly EMA9 Exit
ICICIPRULI,Insurance,2020-01-03,2020-04-01,482.68780127372986,481.4840910461146,346.1924500475089,347.0601002982545,-28.278185374901394,61,MONTHLY_CLOSE_LT_M_EMA9,9.641646341584655,-53.5681285409934,False,Monthly EMA9 Exit
ESABINDIA,Capital Goods,2020-03-04,2020-04-01,1269.041654589312,1265.8769621838524,937.9170782542591,940.2677476233173,-26.092490749817948,19,MONTHLY_CLOSE_LT_M_EMA9,7.118658583131124,-41.159317158879226,False,Monthly EMA9 Exit
WELCORP,Metals & Mining,2020-03-04,2020-04-01,157.5856499390375,157.1926682683666,56.80495355987549,56.94732186453683,-63.952965525826336,19,MONTHLY_CLOSE_LT_M_EMA9,2.127665815432461,-65.55491659582144,False,Monthly EMA9 Exit
GMMPFAUDLR,Capital Goods,2020-07-21,2020-11-02,1358.0362759682669,1354.6496518386703,1166.0602806550348,1168.9827374987817,-14.13629361088716,73,MONTHLY_CLOSE_LT_M_EMA9,68.33256794869814,-16.225115894820032,False,Monthly EMA9 Exit
INVENTURE,Finance,2020-09-17,2021-01-01,1.724300028681755,1.7200000286102295,1.6907625523209573,1.6950000524520874,-1.9449907674383888,73,MONTHLY_CLOSE_LT_M_EMA9,47.96511825353404,-6.976744347227267,False,Monthly EMA9 Exit
IPCALAB,Healthcare,2019-05-20,2021-02-01,452.97806425965035,451.84844315177094,913.5505323753033,915.8401327070709,101.67655002641571,423,MONTHLY_CLOSE_LT_M_EMA9,166.32929431328978,-8.891073617474412,False,Monthly EMA9 Exit
ABBOTINDIA,Healthcare,2019-08-02,2021-02-01,7571.327752531716,7552.446635941862,13031.927420621041,13064.588892853173,72.12208804807582,370,MONTHLY_CLOSE_LT_M_EMA9,121.7430634906874,-1.9446130321998045,False,Monthly EMA9 Exit
DRREDDY,Healthcare,2020-07-09,2021-03-01,749.1182193937851,747.2500941583892,853.9227571406125,856.0629144266791,13.99038696878033,163,MONTHLY_CLOSE_LT_M_EMA9,42.07851895982727,-1.3047378286051428,False,Monthly EMA9 Exit
EPL,Diversified / Other,2020-09-23,2021-03-01,226.27922279229668,225.71493545366255,195.13129416377635,195.6203450263422,-13.765262335690112,109,MONTHLY_CLOSE_LT_M_EMA9,15.503025831464514,-19.207395862476208,False,Monthly EMA9 Exit
BRITANNIA,FMCG,2020-09-24,2021-03-01,3267.282631399049,3259.1347944130166,3053.120590788747,3060.772522093982,-6.554744868171931,108,MONTHLY_CLOSE_LT_M_EMA9,8.076594439318443,-7.596106793676186,False,Monthly EMA9 Exit
ITI,Telecom,2020-09-11,2021-04-01,138.79612194061278,138.4499969482422,115.36087652206422,115.6500015258789,-16.884654333912792,138,MONTHLY_CLOSE_LT_M_EMA9,1.8418223965083216,-19.357165773273454,False,Monthly EMA9 Exit
COROMANDEL,Chemicals,2020-08-20,2021-05-03,729.2014541066272,727.3829966150896,698.9724864663181,700.7242972093413,-4.145489215643961,173,MONTHLY_CLOSE_LT_M_EMA9,14.402612365905876,-11.428558848295216,False,Monthly EMA9 Exit
AKASH,Infrastructure,2021-01-08,2021-05-03,237.8756233078242,237.28241726466257,188.7049471411422,189.17789187081925,-20.670750320242956,75,MONTHLY_CLOSE_LT_M_EMA9,5.042018658051907,-33.655465479347825,False,Monthly EMA9 Exit
ADANIGREEN,Miscellaneous,2020-07-27,2021-08-02,346.8148872375488,345.95001220703125,880.1940243530274,882.4000244140625,153.79361058112357,254,MONTHLY_CLOSE_LT_M_EMA9,301.7921523205973,-5.983526948004117,False,Monthly EMA9 Exit
GLENMARK,Healthcare,2021-08-02,2021-09-01,605.455053715506,603.9451907386593,520.236035709439,521.5398854229965,-14.075201368475177,21,MONTHLY_CLOSE_LT_M_EMA9,0.1788868990508825,-16.888925590745647,False,Monthly EMA9 Exit
BERGEPAINT,Chemicals,2020-01-08,2021-11-01,388.28256994870975,387.3142842381145,602.031978929839,603.5408310073574,55.04996245630201,451,MONTHLY_CLOSE_LT_M_EMA9,81.71841346346594,-18.992189362808645,False,Monthly EMA9 Exit
BHARATRAS,Chemicals,2020-09-11,2021-11-01,2329.1459327650305,2323.337588793048,2573.9761637156535,2580.4272317951413,10.51158828249007,282,MONTHLY_CLOSE_LT_M_EMA9,62.71466013678626,-8.812620639983926,False,Monthly EMA9 Exit
JUSTDIAL,It,2021-05-07,2021-11-01,834.5311372375488,832.4500122070312,798.0,800.0,-4.3774444843931875,121,MONTHLY_CLOSE_LT_M_EMA9,36.704905196995554,-13.226023786003832,False,Monthly EMA9 Exit
CYBERTECH,Software & IT Services,2021-02-01,2021-12-01,107.03234759960745,106.76543401457103,127.1527743917848,127.47145302434566,18.798454152799643,205,MONTHLY_CLOSE_LT_M_EMA9,69.43087556652284,-8.04879406751413,False,Monthly EMA9 Exit
DIVISLAB,Healthcare,2019-05-13,2022-02-01,1572.154170032027,1568.23358606686,3923.61986996216,3933.4535037214637,149.5696633799108,676,MONTHLY_CLOSE_LT_M_EMA9,235.56356061585362,-10.361190837705278,False,Monthly EMA9 Exit
WIPRO,Software & IT Services,2021-03-02,2022-02-01,192.17020747638205,191.69098002631625,264.6276805587888,265.2909078283597,37.704841990823105,227,MONTHLY_CLOSE_LT_M_EMA9,76.28067134702394,-5.22992412368714,False,Monthly EMA9 Exit
MAHLOG,Logistics,2021-05-06,2022-02-01,513.4075432329968,512.1272251700716,573.0312157494143,574.4673842099392,11.613322262653014,185,MONTHLY_CLOSE_LT_M_EMA9,56.1045105336188,-1.5151663190499778,False,Monthly EMA9 Exit
CINEVISTA,Diversified / Other,2021-08-02,2022-02-01,15.588875191211699,15.550000190734863,14.413874809741975,14.449999809265137,-7.537428884748118,125,MONTHLY_CLOSE_LT_M_EMA9,55.94855114181186,-27.974278637382792,False,Monthly EMA9 Exit
BSOFT,Software & IT Services,2020-11-02,2022-03-02,166.4853514016772,166.07017596177278,375.3917430682312,376.3325745044924,125.48034401088421,330,MONTHLY_CLOSE_LT_M_EMA9,229.87897954152325,-4.018847142622487,False,Monthly EMA9 Exit
ESCORTS,Automobile & Ancillaries,2022-03-11,2022-05-02,1752.8199986837594,1748.4488764925281,1567.5078667100654,1571.436457854702,-10.572228301414292,33,MONTHLY_CLOSE_LT_M_EMA9,6.556484503217389,-16.79613923786777,False,Monthly EMA9 Exit
AMBIKCO,Textiles,2021-12-01,2022-06-01,1734.604651442471,1730.2789540573278,1671.0157383545825,1675.203747723892,-3.665902373489488,124,MONTHLY_CLOSE_LT_M_EMA9,50.13259937560135,-8.753326125951972,False,Monthly EMA9 Exit
TVTODAY,Media & Entertainment,2022-02-01,2022-06-01,286.2749893158596,285.5610865993612,196.1444575688313,196.63604768805143,-31.483900134769847,81,MONTHLY_CLOSE_LT_M_EMA9,9.347217831317773,-40.17018480025639,False,Monthly EMA9 Exit
CALSOFT,Diversified / Other,2022-02-03,2022-06-01,41.5035015296936,41.400001525878906,23.690625,23.75,-42.918972793053165,79,MONTHLY_CLOSE_LT_M_EMA9,14.009659476546155,-47.22222324602714,False,Monthly EMA9 Exit
BRIGADE,Real Estate,2021-02-01,2022-07-01,179.88206530710076,179.43348160309304,323.8121585246641,324.6237178192121,80.01358721996047,351,MONTHLY_CLOSE_LT_M_EMA9,128.59691504307864,-4.31122280774564,False,Monthly EMA9 Exit
GREENPANEL,Construction Materials,2021-04-01,2022-07-01,159.86868330937963,159.470008288658,428.31328601531885,429.38675289756276,167.91569002069173,310,MONTHLY_CLOSE_LT_M_EMA9,287.34363377894374,0.0,False,Monthly EMA9 Exit
CENTURYPLY,Construction Materials,2021-09-01,2022-07-01,408.47012538740336,407.4514966457889,521.4236473253039,522.7304735090765,27.652823283164864,207,MONTHLY_CLOSE_LT_M_EMA9,82.68293834859615,-4.500007811455553,False,Monthly EMA9 Exit
DHUNINV,Finance,2021-11-01,2022-07-01,595.8912210403817,594.4052080203309,564.6499031605782,566.065065825141,-5.242788746788117,166,MONTHLY_CLOSE_LT_M_EMA9,40.92869738955522,-13.432829498371774,False,Monthly EMA9 Exit
ACCURACY,Logistics,2022-02-03,2022-08-01,20.584073197348268,20.5327413439883,20.692471328879293,20.744332159277487,0.526611669574658,122,MONTHLY_CLOSE_LT_M_EMA9,47.2450224648357,-11.650490572439377,False,Monthly EMA9 Exit
GMDCLTD,Metals & Mining,2022-05-05,2022-10-03,171.5711176419185,171.14325949318555,124.48345114728194,124.79543974664855,-27.444984413350955,104,MONTHLY_CLOSE_LT_M_EMA9,5.965093581808999,-36.9366998027691,False,Monthly EMA9 Exit
DANGEE,FMCG,2022-06-02,2022-11-01,22.055,22.0,21.496124238967898,21.549999237060547,-2.5340093449653223,103,MONTHLY_CLOSE_LT_M_EMA9,47.5000034679066,-4.545454545454546,False,Monthly EMA9 Exit
AMDIND,Containers & Packaging,2022-09-26,2022-12-01,83.458125,83.25,46.03462652206421,46.150001525878906,-44.84104870309007,45,MONTHLY_CLOSE_LT_M_EMA9,0.0,-46.7267285596143,False,Monthly EMA9 Exit
ASAHIINDIA,Construction Materials,2022-08-12,2023-01-02,558.7289809257816,557.3356418212285,517.1895897287404,518.4858042393388,-7.434622619398187,96,MONTHLY_CLOSE_LT_M_EMA9,23.422628969861126,-14.448912692592565,False,Monthly EMA9 Exit
20MICRONS,Metals & Mining,2022-10-03,2023-02-01,95.95856610333603,95.71926793350228,79.3473336973404,79.54619919532873,-17.310838500970608,83,MONTHLY_CLOSE_LT_M_EMA9,4.134779591631886,-21.388442895410932,False,Monthly EMA9 Exit
INSECTICID,Chemicals,2023-01-09,2023-02-01,720.5472257613482,718.7503498866316,603.7374147408594,605.2505410935934,-16.211263723493566,16,MONTHLY_CLOSE_LT_M_EMA9,1.894410762357589,-21.44713102658112,False,Monthly EMA9 Exit
PITTIENG,Capital Goods,2021-03-03,2023-03-01,57.66802339299972,57.524212860847605,289.3173407428522,290.0424468600022,401.69456783908464,495,MONTHLY_CLOSE_LT_M_EMA9,543.4711678038009,0.0,False,Monthly EMA9 Exit
GSS,Software & IT Services,2022-08-01,2023-03-01,225.5625,225.0,223.3901219558716,223.9499969482422,-0.9630936188987123,145,MONTHLY_CLOSE_LT_M_EMA9,52.73333062065972,-8.066663953993055,False,Monthly EMA9 Exit
TNPL,Paper,2022-09-26,2023-03-01,231.00626114090656,230.43018567671479,198.54477537607696,199.04238132940046,-14.052210361964656,108,MONTHLY_CLOSE_LT_M_EMA9,16.83127768975371,-14.814813787244132,False,Monthly EMA9 Exit
DSSL,Software & IT Services,2021-02-01,2023-04-03,59.35683233585797,59.20881031008277,327.2315370941162,328.0516662597656,451.2954856528502,538,MONTHLY_CLOSE_LT_M_EMA9,836.8600744058167,-8.717515640969214,False,Monthly EMA9 Exit
AURIONPRO,Software & IT Services,2022-11-03,2023-04-03,195.87060556536548,195.38215018989075,154.25784650188902,154.644457646004,-21.245024971135624,103,MONTHLY_CLOSE_LT_M_EMA9,4.568511541608687,-26.319798884484193,False,Monthly EMA9 Exit
BSHSL,Agri,2022-06-10,2023-07-03,40.089976682662964,39.9900016784668,278.70149391174317,279.3999938964844,595.1899626129455,262,MONTHLY_CLOSE_LT_M_EMA9,1564.6661271972068,-7.476873100700086,False,Monthly EMA9 Exit
AUTOAXLES,Automobile & Ancillaries,2023-03-02,2023-08-01,2135.1051959532965,2129.780744093064,2041.8420355665337,2046.9594341519135,-4.368082685739615,101,MONTHLY_CLOSE_LT_M_EMA9,18.640565673625993,-7.083536609665145,False,Monthly EMA9 Exit
KAMDHENU,Metals & Mining,2023-03-01,2023-10-03,32.70816192225225,32.626595433668086,28.764907652829432,28.83700015321246,-12.055872411283731,144,MONTHLY_CLOSE_LT_M_EMA9,16.834800225266953,-14.944621556598722,False,Monthly EMA9 Exit
QGOLDHALF,ETF,2023-03-02,2023-10-03,48.28039984703064,48.15999984741211,50.323875761032106,50.45000076293945,4.232516550144412,143,MONTHLY_CLOSE_LT_M_EMA9,10.963452649555183,-9.36461448468121,False,Monthly EMA9 Exit
HILTON,Automobile & Ancillaries,2023-04-03,2024-01-01,105.0620030593872,104.80000305175781,114.7125,115.0,9.18552536558606,183,MONTHLY_CLOSE_LT_M_EMA9,66.03052951636484,-2.5286273365566068,False,Monthly EMA9 Exit
AARON,Capital Goods,2021-02-01,2024-03-01,24.653981437852483,24.592500187384026,125.73757923990713,126.05271101745076,410.0092232845442,763,MONTHLY_CLOSE_LT_M_EMA9,557.114772596572,-10.079832460353023,False,Monthly EMA9 Exit
ASHOKLEY,Automobile & Ancillaries,2023-10-03,2024-03-01,82.46414817512277,82.25850192032198,78.82606110293227,79.02362015331556,-4.41171970207535,102,MONTHLY_CLOSE_LT_M_EMA9,6.516863264769094,-7.443811721013536,False,Monthly EMA9 Exit
ARROWGREEN,Plastic Products,2023-07-05,2024-04-01,322.8880906128568,322.0828834043459,379.958182506919,380.91045865355284,17.674882893865952,181,MONTHLY_CLOSE_LT_M_EMA9,58.988393535257934,-8.527602522681416,False,Monthly EMA9 Exit
SURYAROSNI,Diversified,2023-07-07,2024-04-01,186.77813375665207,186.31235287446592,244.7662237331575,245.3796729154461,31.046508930245796,179,MONTHLY_CLOSE_LT_M_EMA9,117.3493138209827,-6.771105147406193,False,Monthly EMA9 Exit
AXISCADES,Aviation,2023-10-03,2024-04-01,516.7887499999999,515.5,553.6125000000001,555.0,7.1254937341418785,120,MONTHLY_CLOSE_LT_M_EMA9,64.88845780795344,-8.399609659159795,False,Monthly EMA9 Exit
KHADIM,Footwear,2024-01-01,2024-04-01,360.8498872375488,359.95001220703125,306.78111282348635,307.54998779296875,-14.983730444806476,60,MONTHLY_CLOSE_LT_M_EMA9,16.127235956191697,-19.47492810840535,False,Monthly EMA9 Exit
DRREDDY,Healthcare,2024-04-01,2024-06-03,1223.2076620085124,1220.1572688364215,1162.8413687405307,1165.7557581358703,-4.935081355594194,41,MONTHLY_CLOSE_LT_M_EMA9,3.2968591338687183,-8.141590038207328,False,Monthly EMA9 Exit
EDELWEISS,Financial Services,2024-06-03,2024-07-01,72.37454922181206,72.19406406165793,63.985043031932555,64.14540654830331,-11.591790595016372,19,MONTHLY_CLOSE_LT_M_EMA9,1.4864844244879796,-14.797294662845111,False,Monthly EMA9 Exit
UNIONBANK,Banks,2023-02-01,2024-09-02,70.30603852475667,70.1307117453932,114.79120501741329,115.07890227309602,63.27360697046268,387,MONTHLY_CLOSE_LT_M_EMA9,125.13648705758416,-23.8005010031147,False,Monthly EMA9 Exit
DHANBANK,Diversified / Other,2024-04-01,2024-09-02,42.606249999999996,42.5,39.29152439117432,39.38999938964844,-7.77990461217703,103,MONTHLY_CLOSE_LT_M_EMA9,16.235297707950366,-11.411761115579043,False,Monthly EMA9 Exit
JBMA,Automobile & Ancillaries,2024-04-01,2024-10-01,912.3460262047093,910.0708490820044,899.2411062495794,901.4948433579743,-1.4363979870275136,124,MONTHLY_CLOSE_LT_M_EMA9,28.220936884508273,-8.168866092060506,False,Monthly EMA9 Exit
ELECON,Capital Goods,2024-03-01,2024-11-01,496.48423518743766,495.2461198877184,575.5296035327115,576.9720336167533,15.921022812624011,164,MONTHLY_CLOSE_LT_M_EMA9,48.20773050866927,-20.882976263983437,False,Monthly EMA9 Exit
ADANIPOWER,Power,2024-04-01,2024-11-01,109.81385091781615,109.54000091552734,118.84214939117432,119.13999938964844,8.22145694545843,146,MONTHLY_CLOSE_LT_M_EMA9,63.56581766610875,-0.5660057891182158,False,Monthly EMA9 Exit
TTKHLTCARE,Healthcare,2023-07-03,2024-12-02,1239.477372247262,1236.386406231683,1473.4517447222886,1477.1446062378832,18.876857110413724,348,MONTHLY_CLOSE_LT_M_EMA9,50.50908871145151,-13.102813337030957,False,Monthly EMA9 Exit
FORCEMOT,Automobile & Ancillaries,2024-07-10,2024-12-02,8524.098425373804,8502.841322068633,6917.3534184989985,6934.690143858645,-18.84944221305546,98,MONTHLY_CLOSE_LT_M_EMA9,14.25896601485358,-27.83056713287435,False,Monthly EMA9 Exit
HAL,Aviation,2021-11-01,2025-01-01,608.6435540878268,607.1257397384807,4081.7814988109317,4092.0115276300066,570.6357886149458,782,MONTHLY_CLOSE_LT_M_EMA9,812.8647125027788,-9.562045490339381,False,Monthly EMA9 Exit
KEI,Electricals,2022-02-02,2025-02-01,1104.9306244884451,1102.17518652214,4045.060472039067,4055.198468209591,266.0918054390815,741,MONTHLY_CLOSE_LT_M_EMA9,356.28012916395903,-14.148424962314216,False,Monthly EMA9 Exit
ANANTRAJ,Real Estate,2022-12-01,2025-02-01,101.5114498692072,101.25830410893487,601.4747525429167,602.9822080630744,492.5191230328097,536,MONTHLY_CLOSE_LT_M_EMA9,833.4615029219669,-13.725488694196333,False,Monthly EMA9 Exit
GPTINFRA,Infrastructure,2024-09-06,2025-02-01,158.76687896105543,158.3709515821002,106.57701353443186,106.84412384404196,-32.872010691490274,102,MONTHLY_CLOSE_LT_M_EMA9,1.3485792607250275,-39.84832614987147,False,Monthly EMA9 Exit
ERIS,Healthcare,2024-10-01,2025-02-01,1321.3982625764925,1318.103005063833,1211.5629100279784,1214.5994085493517,-8.312055166044683,85,MONTHLY_CLOSE_LT_M_EMA9,19.599327246909663,-15.085898611775564,False,Monthly EMA9 Exit
SYMPHONY,Consumer Durables,2024-11-01,2025-02-01,1528.7781078534026,1524.9656936193544,1227.0071648003766,1230.0823707271945,-19.739355338934732,63,MONTHLY_CLOSE_LT_M_EMA9,5.534171335913566,-22.080900077063408,False,Monthly EMA9 Exit
GRAVITA,Metals & Mining,2023-03-06,2025-03-03,469.1613478930601,467.99136946938665,1589.687762571963,1593.671942428033,238.8360464285975,490,MONTHLY_CLOSE_LT_M_EMA9,475.0113098007862,-7.327851944931601,False,Monthly EMA9 Exit
SWARAJENG,Automobile & Ancillaries,2023-08-03,2025-03-03,1836.7544638476425,1832.1740287757034,2480.841376938618,2487.0590244998675,35.06657671280346,389,MONTHLY_CLOSE_LT_M_EMA9,79.71395625620941,-3.796384281967606,False,Monthly EMA9 Exit
MAHSCOOTER,Automobile & Ancillaries,2024-11-01,2025-03-03,10533.011695867026,10506.74483378257,9012.143347175248,9034.730172606764,-14.4390644632868,83,MONTHLY_CLOSE_LT_M_EMA9,5.08552432586729,-16.68145433818643,False,Monthly EMA9 Exit
IPCALAB,Healthcare,2024-12-06,2025-03-03,1496.969542330751,1493.236451202744,1340.1062114994543,1343.4648736836634,-10.478725611682368,60,MONTHLY_CLOSE_LT_M_EMA9,17.02098498194278,-12.192606449391938,False,Monthly EMA9 Exit
KITEX,Textiles,2025-01-02,2025-03-03,234.95697539198358,234.3710477725522,156.1883531166635,156.57980262322155,-33.52470048778452,42,MONTHLY_CLOSE_LT_M_EMA9,14.553201338337034,-34.86808770972588,False,Monthly EMA9 Exit
SIYSIL,Textiles,2025-02-03,2025-03-03,764.5613638544243,762.6547270368322,578.6338522770727,580.0840624331556,-24.31819345932224,19,MONTHLY_CLOSE_LT_M_EMA9,0.5900671894032472,-27.529984792669605,False,Monthly EMA9 Exit
REPL,Infrastructure,2025-02-10,2025-03-03,285.7125,285.0,212.4475457382202,212.97999572753906,-25.64289425971204,14,MONTHLY_CLOSE_LT_M_EMA9,1.017541718064693,-30.31929953056469,False,Monthly EMA9 Exit
BLUESTARCO,Consumer Durables,2023-04-03,2025-05-02,674.8988521038522,673.2158125724211,1682.3706333338737,1686.58710108659,149.27744773745647,510,MONTHLY_CLOSE_LT_M_EMA9,255.56291974074404,-2.2208437990702774,False,Monthly EMA9 Exit
PGIL,Textiles,2025-02-13,2025-05-02,1367.4266103412679,1364.0165689189705,948.2239561179085,950.6004572610611,-30.65631830279646,49,MONTHLY_CLOSE_LT_M_EMA9,15.682163864595925,-36.73631689852962,False,Monthly EMA9 Exit
CHAMBLFERT,Chemicals,2024-03-01,2025-06-02,337.5461139945472,336.70435311176783,530.5300368480038,531.8596860631617,57.17260986052235,306,MONTHLY_CLOSE_LT_M_EMA9,113.16045275748459,-6.200560095829301,False,Monthly EMA9 Exit
ORIENTCEM,Construction Materials,2024-09-02,2025-07-01,304.29157977919823,303.5327479094247,240.04728447651254,240.64890674337096,-21.112741716120766,206,MONTHLY_CLOSE_LT_M_EMA9,24.140201768269108,-27.415645975430813,False,Monthly EMA9 Exit
GOLDIAM,Diamond  &  Jewellery,2025-02-13,2025-07-01,315.7346543835986,314.94728616817815,255.6576005077779,256.29834637371215,-19.02770349777022,91,MONTHLY_CLOSE_LT_M_EMA9,1.7816913892470996,-40.71187316888362,False,Monthly EMA9 Exit
PANACEABIO,Healthcare,2025-06-06,2025-08-01,472.47823776245116,471.29998779296875,399.09975608825687,400.1000061035156,-15.530552692055826,40,MONTHLY_CLOSE_LT_M_EMA9,0.8275036102431836,-16.46509178778621,False,Monthly EMA9 Exit
CHOLAFIN,Finance,2025-06-09,2025-08-01,1621.4694933547537,1617.4259285334201,1437.2539737855614,1440.8561140707382,-11.361022845274627,39,MONTHLY_CLOSE_LT_M_EMA9,2.876539095513129,-13.294329942674707,False,Monthly EMA9 Exit
AXISBANK,Banks,2025-07-07,2025-08-01,1179.6342628674286,1176.6925315385822,1061.5188225977377,1064.1792707746743,-10.01288653506711,19,MONTHLY_CLOSE_LT_M_EMA9,0.2038039837190145,-10.377034868638905,False,Monthly EMA9 Exit
TCPLPACK,Containers & Packaging,2022-09-23,2025-09-01,1129.231815379933,1126.415775940083,3344.928560269042,3353.311839868714,196.21274522305518,724,MONTHLY_CLOSE_LT_M_EMA9,328.1891069712727,-9.623856429334822,False,Monthly EMA9 Exit
SRF,Diversified,2025-04-09,2025-09-01,2753.50591898726,2746.6393206855464,2831.2616911664536,2838.3575851292767,2.823882514397943,97,MONTHLY_CLOSE_LT_M_EMA9,20.446999741027103,-2.012281894751594,False,Monthly EMA9 Exit
CAMLINFINE,Chemicals,2025-08-01,2025-09-01,281.50198776245117,280.79998779296875,199.5,200.0,-29.130162957019518,19,MONTHLY_CLOSE_LT_M_EMA9,0.0,-30.929485263639066,False,Monthly EMA9 Exit
BANARISUG,Diversified / Other,2025-06-09,2025-10-01,3986.487964495085,3976.5465980000854,3659.9273474121096,3669.10009765625,-8.191687018534285,80,MONTHLY_CLOSE_LT_M_EMA9,4.614263799287922,-9.469186107097578,False,Monthly EMA9 Exit
BSE,Unclassified,2025-07-10,2025-10-01,2534.2600135868765,2527.940163178929,2037.5122190476616,2042.618765962568,-19.60129552121768,57,MONTHLY_CLOSE_LT_M_EMA9,1.9884713926107425,-20.243830356210584,False,Monthly EMA9 Exit
RALLIS,Fertilisers & Pesticides,2025-09-01,2025-10-01,344.3575500885084,343.4988030808064,299.20681942254464,299.956711200546,-13.111584355957609,22,MONTHLY_CLOSE_LT_M_EMA9,6.898534591916753,-13.236554120863445,False,Monthly EMA9 Exit
RAMANEWS,Paper,2025-05-09,2025-11-03,31.077499999999997,31.0,29.127000761032107,29.200000762939453,-6.276242422871499,122,MONTHLY_CLOSE_LT_M_EMA9,44.45160896547379,-6.451612903225806,False,Monthly EMA9 Exit
AMBER,Consumer Durables,2025-02-14,2025-12-01,6155.349999999999,6140.0,7231.875,7250.0,17.489257312744208,194,MONTHLY_CLOSE_LT_M_EMA9,40.4885993485342,-14.73941368078176,False,Monthly EMA9 Exit
GINNIFILA,Textiles,2025-09-08,2025-12-01,47.969623470306395,47.849998474121094,40.38877667427063,40.4900016784668,-15.80343193798128,57,MONTHLY_CLOSE_LT_M_EMA9,0.9404404959026882,-24.93208084766801,False,Monthly EMA9 Exit
SARDAEN,Metals & Mining,2025-10-03,2025-12-01,552.1638572240188,550.7868899990212,491.77599522530903,493.0085165166005,-10.936583626155334,39,MONTHLY_CLOSE_LT_M_EMA9,6.330262316749194,-14.993670790766162,False,Monthly EMA9 Exit
AXISCADES,Aviation,2025-04-15,2026-02-02,810.7217622375488,808.7000122070312,1142.1375,1145.0,40.87909726855753,200,MONTHLY_CLOSE_LT_M_EMA9,120.00740995616444,-9.10721198248328,False,Monthly EMA9 Exit
HCG,Healthcare,2025-05-29,2026-02-02,553.2797744750976,551.9000244140625,589.6222256469727,591.0999755859375,6.568548652687244,170,MONTHLY_CLOSE_LT_M_EMA9,45.796337890787,-5.761921982497873,False,Monthly EMA9 Exit
JMFINANCIL,Finance,2025-08-05,2026-02-02,154.48053096535176,154.09529273351797,119.49066850593623,119.79014386560023,-22.650014368000434,122,MONTHLY_CLOSE_LT_M_EMA9,26.455705911473963,-25.61134896558394,False,Monthly EMA9 Exit
HDFCAMC,Finance,2025-10-03,2026-02-02,2739.0707974887796,2732.240196996289,2410.015481467556,2416.055620518853,-12.013392144624602,82,MONTHLY_CLOSE_LT_M_EMA9,6.276862419240735,-13.778655245946029,False,Monthly EMA9 Exit
HINDPETRO,Oil & Gas,2025-12-08,2026-02-02,430.73834839977354,429.6641879299487,416.4002076977287,417.44381724083075,-3.3287355897871946,38,MONTHLY_CLOSE_LT_M_EMA9,12.538743312599362,-8.687466919786534,False,Monthly EMA9 Exit
ADANIPORTS,Infrastructure,2025-06-23,2026-04-01,1338.7105549964222,1335.3721246847103,1342.1654489405073,1345.5292721208093,0.2580762459211638,192,MONTHLY_CLOSE_LT_M_EMA9,18.120802294016748,-3.7658437429284555,False,Monthly EMA9 Exit
ABCAPITAL,Finance,2025-08-01,2026-04-01,257.14125,256.5,302.2425,303.0,17.539484621778882,163,MONTHLY_CLOSE_LT_M_EMA9,43.97660342805799,-2.514618693271808,False,Monthly EMA9 Exit
BANKBARODA,Banks,2026-02-04,2026-04-01,277.7320340980547,277.03943550928153,244.46067038518046,245.07335376960447,-11.979663714675288,37,MONTHLY_CLOSE_LT_M_EMA9,13.811190986937962,-13.776219354506425,False,Monthly EMA9 Exit
MUTHOOTFIN,Finance,2026-02-05,2026-04-01,3609.059829432851,3600.0596802322707,3243.378093828956,3251.5068609814093,-10.132326780001328,36,MONTHLY_CLOSE_LT_M_EMA9,12.461090731287472,-16.20713025614792,False,Monthly EMA9 Exit
NORBTEAEXP,Agri,2025-05-02,2026-05-04,40.0498757648468,39.95000076293945,63.54075076103211,63.70000076293945,58.65405209771981,247,MONTHLY_CLOSE_LT_M_EMA9,148.68584875293777,-23.654569668258844,False,Monthly EMA9 Exit
EASTSILK,Diversified / Other,2026-02-03,2026-06-01,80.81152561187744,80.61000061035156,56.03955030441284,56.18000030517578,-30.6540126793791,79,MONTHLY_CLOSE_LT_M_EMA9,0.0,-34.74755231875479,False,Monthly EMA9 Exit
FORCEMOT,Automobile & Ancillaries,2025-09-10,2026-07-01,18335.725,18290.0,18643.275,18690.0,1.6773266396611148,200,MONTHLY_CLOSE_LT_M_EMA9,44.61454346637507,-18.47457627118644,False,Monthly EMA9 Exit
OIL,Oil & Gas,2026-05-11,2026-07-01,458.1425,457.0,418.00236282348635,419.04998779296875,-8.76149607960703,37,MONTHLY_CLOSE_LT_M_EMA9,16.192560175054705,-11.575491005795268,False,Monthly EMA9 Exit
POWERGRID,Power,2026-05-18,2026-07-01,297.04073776245116,296.29998779296875,287.08048782348635,287.79998779296875,-3.353159574674299,32,MONTHLY_CLOSE_LT_M_EMA9,2.767469640518776,-6.041172674293692,False,Monthly EMA9 Exit
AVANTIFEED,Consumer Goods,2026-05-20,2026-07-01,1244.1303922984555,1241.0278227416015,919.5917514649367,921.8964926966784,-26.085580968241867,30,MONTHLY_CLOSE_LT_M_EMA9,9.393669905280303,-26.627356385689332,False,Monthly EMA9 Exit
MAHASTEEL,Metals & Mining,2024-12-09,2026-08-24,211.52749999999997,211.0,1172.7607012939454,1175.699951171875,454.4246971641728,424,END_OF_BACKTEST,459.2417061611374,-14.91469252166025,False,Monthly EMA9 Exit
CUPID,Miscellaneous,2025-06-23,2026-08-24,18.2455007648468,18.200000762939453,285.6939786529541,286.4100036621094,1465.8324884313088,293,END_OF_BACKTEST,1542.8570739889847,-0.12088607449013535,False,Monthly EMA9 Exit
CCL,Agri,2025-10-03,2026-08-24,861.8272251361685,859.678030061016,1079.0955487060548,1081.800048828125,25.21019494778179,222,END_OF_BACKTEST,44.49595170923576,-5.394435784173767,False,Monthly EMA9 Exit
TFCILTD,Finance,2025-11-04,2026-08-24,69.7599861769354,69.5860211241251,129.23609756469727,129.55999755859375,85.2582040898201,201,END_OF_BACKTEST,93.88951399919786,-27.090775604671215,False,Monthly EMA9 Exit
RBLBANK,Banks,2025-12-08,2026-08-24,306.67279212856033,305.9080220733769,387.03000000000003,388.0,26.20291396367277,178,END_OF_BACKTEST,28.960331712181414,-6.358010560969597,False,Monthly EMA9 Exit
TITAN,Diamond  &  Jewellery,2026-02-02,2026-08-24,3996.885032503398,3986.9177381580034,5066.302500000001,5079.0,26.756272917532144,140,END_OF_BACKTEST,29.6239435927682,-4.374999764588459,False,Monthly EMA9 Exit
THANGAMAYL,Diamond  &  Jewellery,2026-02-05,2026-08-24,3281.9270141764687,3273.742657532637,5479.766250000001,5493.5,66.9679498151495,137,END_OF_BACKTEST,126.95736278794318,-4.949893102024487,False,Monthly EMA9 Exit
LUPIN,Healthcare,2026-05-15,2026-08-24,2257.3027141097346,2251.6735302840248,2182.53,2188.0,-3.312480583235564,71,END_OF_BACKTEST,12.081077351099696,-3.1697970640928905,False,Monthly EMA9 Exit
UNIVPHOTO,FMCG,2026-05-25,2026-08-24,432.5286372375488,431.45001220703125,447.97725608825687,449.1000061035156,3.571698500560442,65,END_OF_BACKTEST,15.424727294024212,-21.856533930354143,False,Monthly EMA9 Exit
MCX,Finance,2026-06-05,2026-08-24,2917.2749999999996,2910.0,3259.8300000000004,3268.0,11.742293750160709,56,END_OF_BACKTEST,13.0481082876933,-11.83848797250859,False,Monthly EMA9 Exit
ARIHANT,Real Estate,2026-07-03,2026-08-24,795.985,794.0,1004.6820121765137,1007.2000122070312,26.21871168131481,35,END_OF_BACKTEST,54.28211586901763,-3.7783375314861463,False,Monthly EMA9 Exit
BHEL,Capital Goods,2026-07-09,2026-08-24,379.72506980615975,378.77812449492245,410.3714939117432,411.3999938964844,8.070687595429945,32,END_OF_BACKTEST,17.87903554234568,-0.1842137386924229,False,Monthly EMA9 Exit
APARINDS,Capital Goods,2026-07-10,2026-08-24,14205.425,14170.0,16663.2375,16705.0,17.30192866457709,31,END_OF_BACKTEST,30.310515172900494,-6.266760762173607,False,Monthly EMA9 Exit
CANTABIL,Retailing,2019-05-03,2019-05-14,51.560024114415064,51.43144550066341,41.04229350952941,41.14515640053073,-20.39900249376557,7,CATASTROPHIC_STOP_INTRADAY,4.542861360807848,-20.072225701319436,False,Monthly EMA9 (-20% Cat Stop)
ASIANPAINT,Chemicals,2019-04-12,2019-07-01,1344.512536347503,1341.1596372543672,1284.2397691317053,1287.4584151696292,-4.482871344549491,51,MONTHLY_CLOSE_LT_M_EMA9,3.2908758442164836,-9.555049354110855,False,Monthly EMA9 (-20% Cat Stop)
TRIVENI,Agri,2019-06-24,2019-07-31,62.88908817157098,62.73225752775161,50.06034150714579,50.18580602220129,-20.399002493765565,27,CATASTROPHIC_STOP_INTRADAY,5.465314316746228,-20.901022834800397,False,Monthly EMA9 (-20% Cat Stop)
HAVELLS,Capital Goods,2019-05-10,2019-08-01,699.9479012919053,698.2023953036462,610.7729224614168,612.3036816655807,-12.74023090374252,58,MONTHLY_CLOSE_LT_M_EMA9,9.775500906199168,-14.76016876196049,False,Monthly EMA9 (-20% Cat Stop)
SUVEN,Healthcare,2019-05-17,2019-08-01,11.868521718978881,11.838924407958984,10.48636696100235,10.512648582458496,-11.645551069484382,53,MONTHLY_CLOSE_LT_M_EMA9,11.202671626223658,-14.26329376836433,False,Monthly EMA9 (-20% Cat Stop)
SEAMECLTD,Logistics,2019-05-13,2019-08-08,422.88563520968705,421.83105756577265,336.62118393748665,337.46484605261816,-20.399002493765565,62,CATASTROPHIC_STOP_INTRADAY,19.402271681038304,-23.54395037745504,False,Monthly EMA9 (-20% Cat Stop)
BALRAMCHIN,Agri,2019-06-21,2019-08-13,132.36865832561384,132.03856192081182,105.36677241280785,105.63084953664946,-20.39900249376557,36,CATASTROPHIC_STOP_INTRADAY,17.269513161132537,-22.3049610018313,False,Monthly EMA9 (-20% Cat Stop)
PGHH,FMCG,2019-06-20,2019-09-03,9539.985583434533,9516.195095695295,9159.823213345026,9182.78016375441,-3.984936526000945,50,MONTHLY_CLOSE_LT_M_EMA9,5.6034106191948645,-7.9964401460070595,False,Monthly EMA9 (-20% Cat Stop)
GILLETTE,FMCG,2019-07-12,2019-12-02,6407.587363503761,6391.608342647143,6123.0393782302535,6138.385341584214,-4.440797590903421,93,MONTHLY_CLOSE_LT_M_EMA9,12.898746024451583,-5.213092639413373,False,Monthly EMA9 (-20% Cat Stop)
POWERGRID,Power,2019-08-08,2019-12-02,76.95655591850222,76.7646443077329,76.2968800842247,76.48810033506234,-0.8572055056311579,74,MONTHLY_CLOSE_LT_M_EMA9,8.179789592959924,-5.469983602082124,False,Monthly EMA9 (-20% Cat Stop)
HEIDELBERG,Cement & Cement Products,2019-06-24,2020-01-01,149.15823068456285,148.78626502200785,141.6314321048523,141.98639810010255,-5.0461838714271705,128,MONTHLY_CLOSE_LT_M_EMA9,11.52318956670157,-6.361061050007569,False,Monthly EMA9 (-20% Cat Stop)
AGROPHOS,Chemicals,2019-08-26,2020-01-01,79.60797241712417,79.40944879513634,69.51459022521973,69.68881225585938,-12.678858518111547,85,MONTHLY_CLOSE_LT_M_EMA9,89.281365936147,-12.241158560808868,False,Monthly EMA9 (-20% Cat Stop)
PRESTIGE,Real Estate,2019-05-15,2020-03-02,240.9058474878859,240.30508477594603,289.52850347894287,290.2541388260079,20.18326101175356,197,MONTHLY_CLOSE_LT_M_EMA9,73.51108459553068,-1.904749301945811,False,Monthly EMA9 (-20% Cat Stop)
ICICIPRULI,Insurance,2020-01-03,2020-03-09,482.68780127372986,481.4840910461146,384.2243046547995,385.1872728368917,-20.399002493765575,45,CATASTROPHIC_STOP_INTRADAY,9.641646341584655,-21.716809025764764,False,Monthly EMA9 (-20% Cat Stop)
DYNPRO,Chemicals,2019-12-02,2020-03-13,138.10432842560678,137.75992860409656,104.59211242675782,104.854248046875,-24.26586941979963,71,CATASTROPHIC_STOP_GAP_DOWN,28.755364960047956,-31.363962956765292,True,Monthly EMA9 (-20% Cat Stop)
ESABINDIA,Capital Goods,2020-03-04,2020-03-13,1269.041654589312,1265.8769621838524,1010.1698158227143,1012.701569747082,-20.399002493765575,6,CATASTROPHIC_STOP_INTRADAY,7.118658583131124,-28.47456657898524,False,Monthly EMA9 (-20% Cat Stop)
EQ30,Unclassified,2019-11-14,2020-03-17,348.4690061187744,347.6000061035156,277.3848048706055,278.0800048828125,-20.399002493765582,85,CATASTROPHIC_STOP_INTRADAY,1.3693841094552077,-25.575371788114946,False,Monthly EMA9 (-20% Cat Stop)
ARMANFIN,Finance,2020-03-16,2020-03-17,826.8619877624511,824.7999877929688,658.1903902587891,659.839990234375,-20.39900249376558,1,CATASTROPHIC_STOP_INTRADAY,0.0,-23.01163804583009,False,Monthly EMA9 (-20% Cat Stop)
BAJFINANCE,Finance,2019-07-10,2020-03-19,349.94047214801776,349.06780264141423,271.9204984541731,272.60200346283017,-22.295213015785084,170,CATASTROPHIC_STOP_GAP_DOWN,37.00273320030973,-30.699689265612573,True,Monthly EMA9 (-20% Cat Stop)
BATAINDIA,Footwear,2019-05-10,2020-03-19,1216.081754671056,1213.0491318414524,968.0132072094791,970.439305473162,-20.399002493765572,212,CATASTROPHIC_STOP_INTRADAY,39.944462156409735,-26.168203865936896,False,Monthly EMA9 (-20% Cat Stop)
BHARATRAS,Chemicals,2020-03-16,2020-03-19,1547.726272480207,1543.8666059652937,1232.0055515603046,1235.0932847722352,-20.39900249376557,3,CATASTROPHIC_STOP_INTRADAY,0.0,-26.704752562763538,False,Monthly EMA9 (-20% Cat Stop)
BHARTIARTL,Telecom,2020-03-16,2020-03-19,446.93487967299274,445.8203288508656,355.7646224229908,356.6562630806925,-20.399002493765572,3,CATASTROPHIC_STOP_INTRADAY,4.383269895891941,-23.398624874066616,False,Monthly EMA9 (-20% Cat Stop)
ATUL,Chemicals,2019-11-18,2020-03-25,3957.15917721823,3947.290949843621,3149.93817797521,3157.832759874897,-20.39900249376558,89,CATASTROPHIC_STOP_INTRADAY,34.56406167011081,-27.4858203171447,False,Monthly EMA9 (-20% Cat Stop)
MUTHOOTFIN,Finance,2019-05-13,2020-04-01,510.7882130162825,509.5144269489102,550.4542044433783,551.8337889156675,7.76564345384207,220,MONTHLY_CLOSE_LT_M_EMA9,67.2214584461589,-15.21548255012825,False,Monthly EMA9 (-20% Cat Stop)
HONAUT,Consumer Durables,2019-06-27,2020-04-01,24167.253847446424,24106.986381492694,25503.352011962586,25567.270187431164,5.52854773219233,188,MONTHLY_CLOSE_LT_M_EMA9,61.29027302594964,-17.779216317901717,False,Monthly EMA9 (-20% Cat Stop)
PIDILITIND,Chemicals,2019-09-23,2020-04-01,694.1067127919158,692.3757733585195,655.0218420659287,656.6635008179736,-5.630959909431715,130,MONTHLY_CLOSE_LT_M_EMA9,19.156795205429702,-17.018436536690558,False,Monthly EMA9 (-20% Cat Stop)
SUVEN,Healthcare,2019-12-05,2020-04-01,12.813904871940611,12.781949996948242,18.701507806777954,18.74837875366211,45.94698488615899,81,MONTHLY_CLOSE_LT_M_EMA9,386.5259214348952,-4.052333362630593,False,Monthly EMA9 (-20% Cat Stop)
GMMPFAUDLR,Capital Goods,2020-07-21,2020-11-02,1358.0362759682669,1354.6496518386703,1166.0602806550348,1168.9827374987817,-14.13629361088716,73,MONTHLY_CLOSE_LT_M_EMA9,68.33256794869814,-16.225115894820032,False,Monthly EMA9 (-20% Cat Stop)
IPCALAB,Healthcare,2019-05-20,2021-02-01,452.97806425965035,451.84844315177094,913.5505323753033,915.8401327070709,101.67655002641571,423,MONTHLY_CLOSE_LT_M_EMA9,166.32929431328978,-8.891073617474412,False,Monthly EMA9 (-20% Cat Stop)
ABBOTINDIA,Healthcare,2019-08-02,2021-02-01,7571.327752531716,7552.446635941862,13031.927420621041,13064.588892853173,72.12208804807582,370,MONTHLY_CLOSE_LT_M_EMA9,121.7430634906874,-1.9446130321998045,False,Monthly EMA9 (-20% Cat Stop)
IVZINGOLD,ETF,2020-03-20,2021-03-01,3709.25,3700.0,4242.3178198242185,4252.9501953125,14.371310098381574,236,MONTHLY_CLOSE_LT_M_EMA9,51.34864600929055,-3.3783783783783785,False,Monthly EMA9 (-20% Cat Stop)
QGOLDHALF,ETF,2020-03-23,2021-03-01,36.049899082183835,35.959999084472656,39.820198173522954,39.91999816894531,10.458556576660245,235,MONTHLY_CLOSE_LT_M_EMA9,40.28921898208683,-3.4482700092863907,False,Monthly EMA9 (-20% Cat Stop)
DRREDDY,Healthcare,2020-07-09,2021-03-01,749.1182193937851,747.2500941583892,853.9227571406125,856.0629144266791,13.99038696878033,163,MONTHLY_CLOSE_LT_M_EMA9,42.07851895982727,-1.3047378286051428,False,Monthly EMA9 (-20% Cat Stop)
IFBIND,Consumer Durables,2021-03-04,2021-03-25,1218.0375,1215.0,969.57,972.0,-20.399002493765575,14,CATASTROPHIC_STOP_INTRADAY,1.2345679012345678,-20.102880658436213,False,Monthly EMA9 (-20% Cat Stop)
ITI,Telecom,2020-09-11,2021-04-01,138.79612194061278,138.4499969482422,115.36087652206422,115.6500015258789,-16.884654333912792,138,MONTHLY_CLOSE_LT_M_EMA9,1.8418223965083216,-19.357165773273454,False,Monthly EMA9 (-20% Cat Stop)
COROMANDEL,Chemicals,2020-08-20,2021-05-03,729.2014541066272,727.3829966150896,698.9724864663181,700.7242972093413,-4.145489215643961,173,MONTHLY_CLOSE_LT_M_EMA9,14.402612365905876,-11.428558848295216,False,Monthly EMA9 (-20% Cat Stop)
ADANIGREEN,Miscellaneous,2020-07-27,2021-08-02,346.8148872375488,345.95001220703125,880.1940243530274,882.4000244140625,153.79361058112357,254,MONTHLY_CLOSE_LT_M_EMA9,301.7921523205973,-5.983526948004117,False,Monthly EMA9 (-20% Cat Stop)
AIRAN,Software & IT Services,2021-08-02,2021-08-20,26.064999999999998,26.0,20.648250761032106,20.700000762939453,-20.781696677413745,13,CATASTROPHIC_STOP_GAP_DOWN,1.1538432194636417,-21.153846153846153,True,Monthly EMA9 (-20% Cat Stop)
CINEVISTA,Diversified / Other,2021-08-02,2021-08-25,15.588875191211699,15.550000190734863,12.368999619483949,12.399999618530273,-20.654957668420938,16,CATASTROPHIC_STOP_GAP_DOWN,9.324757501476356,-20.257238157986972,True,Monthly EMA9 (-20% Cat Stop)
BERGEPAINT,Chemicals,2020-01-08,2021-11-01,388.28256994870975,387.3142842381145,602.031978929839,603.5408310073574,55.04996245630201,451,MONTHLY_CLOSE_LT_M_EMA9,81.71841346346594,-18.992189362808645,False,Monthly EMA9 (-20% Cat Stop)
BHARATRAS,Chemicals,2020-09-11,2021-11-01,2329.1459327650305,2323.337588793048,2573.9761637156535,2580.4272317951413,10.51158828249007,282,MONTHLY_CLOSE_LT_M_EMA9,62.71466013678626,-8.812620639983926,False,Monthly EMA9 (-20% Cat Stop)
CYBERTECH,Software & IT Services,2021-02-01,2021-12-01,107.03234759960745,106.76543401457103,127.1527743917848,127.47145302434566,18.798454152799643,205,MONTHLY_CLOSE_LT_M_EMA9,69.43087556652284,-8.04879406751413,False,Monthly EMA9 (-20% Cat Stop)
DIVISLAB,Healthcare,2019-05-13,2022-02-01,1572.154170032027,1568.23358606686,3923.61986996216,3933.4535037214637,149.5696633799108,676,MONTHLY_CLOSE_LT_M_EMA9,235.56356061585362,-10.361190837705278,False,Monthly EMA9 (-20% Cat Stop)
WIPRO,Software & IT Services,2021-03-02,2022-02-01,192.17020747638205,191.69098002631625,264.6276805587888,265.2909078283597,37.704841990823105,227,MONTHLY_CLOSE_LT_M_EMA9,76.28067134702394,-5.22992412368714,False,Monthly EMA9 (-20% Cat Stop)
MAHLOG,Logistics,2021-05-06,2022-02-01,513.4075432329968,512.1272251700716,573.0312157494143,574.4673842099392,11.613322262653014,185,MONTHLY_CLOSE_LT_M_EMA9,56.1045105336188,-1.5151663190499778,False,Monthly EMA9 (-20% Cat Stop)
BSOFT,Software & IT Services,2020-11-02,2022-03-02,166.4853514016772,166.07017596177278,375.3917430682312,376.3325745044924,125.48034401088421,330,MONTHLY_CLOSE_LT_M_EMA9,229.87897954152325,-4.018847142622487,False,Monthly EMA9 (-20% Cat Stop)
CERA,Construction Materials,2021-03-26,2022-03-02,3544.7068887435794,3535.86722069185,4001.0288002643483,4011.0564413677675,12.873332713907754,230,MONTHLY_CLOSE_LT_M_EMA9,74.83450007334565,-0.5081061267432672,False,Monthly EMA9 (-20% Cat Stop)
AKSHARCHEM,Diversified / Other,2021-08-25,2022-03-02,410.55360243269365,409.52977798772434,348.6707306807827,349.5445921611856,-15.073030996496021,129,MONTHLY_CLOSE_LT_M_EMA9,48.767200139946695,-19.713696362038828,False,Monthly EMA9 (-20% Cat Stop)
ASAHIINDIA,Construction Materials,2021-08-20,2022-04-01,334.895499392337,334.0603485210344,420.89954740142537,421.95443348513817,25.680861094025285,153,MONTHLY_CLOSE_LT_M_EMA9,81.30192320485882,-4.233032184794033,False,Monthly EMA9 (-20% Cat Stop)
ESCORTS,Automobile & Ancillaries,2022-03-11,2022-05-02,1752.8199986837594,1748.4488764925281,1567.5078667100654,1571.436457854702,-10.572228301414292,33,MONTHLY_CLOSE_LT_M_EMA9,6.556484503217389,-16.79613923786777,False,Monthly EMA9 (-20% Cat Stop)
GRAVITA,Metals & Mining,2022-04-04,2022-05-12,333.81685286289735,332.9843918831894,265.5053227083274,266.1707495822831,-20.463775141582296,25,CATASTROPHIC_STOP_GAP_DOWN,0.6214874641752591,-20.612598450085475,True,Monthly EMA9 (-20% Cat Stop)
TVTODAY,Media & Entertainment,2022-02-01,2022-05-12,286.2749893158596,285.5610865993612,227.87774710629026,228.44886927948897,-20.39900249376558,67,CATASTROPHIC_STOP_INTRADAY,9.347217831317773,-20.586744123558425,False,Monthly EMA9 (-20% Cat Stop)
GMDCLTD,Metals & Mining,2022-05-05,2022-05-25,171.5711176419185,171.14325949318555,136.5723210755621,136.91460759454844,-20.399002493765572,14,CATASTROPHIC_STOP_INTRADAY,5.965093581808999,-32.01354511109102,False,Monthly EMA9 (-20% Cat Stop)
AMBIKCO,Textiles,2021-12-01,2022-06-01,1734.604651442471,1730.2789540573278,1671.0157383545825,1675.203747723892,-3.665902373489488,124,MONTHLY_CLOSE_LT_M_EMA9,50.13259937560135,-8.753326125951972,False,Monthly EMA9 (-20% Cat Stop)
GAEL,Agri,2022-05-12,2022-06-20,144.93889339131997,144.5774497669027,115.37280491398838,115.66195981352217,-20.39900249376558,27,CATASTROPHIC_STOP_INTRADAY,21.232877805948668,-26.232886802272702,False,Monthly EMA9 (-20% Cat Stop)
NAVINFLUOR,Chemicals,2020-03-23,2022-07-01,959.851447563152,957.4578030555132,3606.855445438209,3615.8951833967003,275.77225669609686,566,MONTHLY_CLOSE_LT_M_EMA9,346.0769806786814,0.0,False,Monthly EMA9 (-20% Cat Stop)
BRIGADE,Real Estate,2021-02-01,2022-07-01,179.88206530710076,179.43348160309304,323.8121585246641,324.6237178192121,80.01358721996047,351,MONTHLY_CLOSE_LT_M_EMA9,128.59691504307864,-4.31122280774564,False,Monthly EMA9 (-20% Cat Stop)
GREENPANEL,Construction Materials,2021-04-01,2022-07-01,159.86868330937963,159.470008288658,428.31328601531885,429.38675289756276,167.91569002069173,310,MONTHLY_CLOSE_LT_M_EMA9,287.34363377894374,0.0,False,Monthly EMA9 (-20% Cat Stop)
DHUNINV,Finance,2021-11-01,2022-07-01,595.8912210403817,594.4052080203309,564.6499031605782,566.065065825141,-5.242788746788117,166,MONTHLY_CLOSE_LT_M_EMA9,40.92869738955522,-13.432829498371774,False,Monthly EMA9 (-20% Cat Stop)
ACCURACY,Logistics,2022-02-03,2022-08-01,20.584073197348268,20.5327413439883,20.692471328879293,20.744332159277487,0.526611669574658,122,MONTHLY_CLOSE_LT_M_EMA9,47.2450224648357,-11.650490572439377,False,Monthly EMA9 (-20% Cat Stop)
INDIANCARD,Textiles,2022-03-11,2022-10-03,223.6366399557066,223.0789425992086,213.26550304412842,213.8000030517578,-4.637494515045608,139,MONTHLY_CLOSE_LT_M_EMA9,30.195605435443984,-14.350389085732232,False,Monthly EMA9 (-20% Cat Stop)
DANGEE,FMCG,2022-06-02,2022-11-01,22.055,22.0,21.496124238967898,21.549999237060547,-2.5340093449653223,103,MONTHLY_CLOSE_LT_M_EMA9,47.5000034679066,-4.545454545454546,False,Monthly EMA9 (-20% Cat Stop)
AMDIND,Containers & Packaging,2022-09-26,2022-11-17,83.458125,83.25,63.79012576103211,63.95000076293945,-23.56630853972323,35,CATASTROPHIC_STOP_GAP_DOWN,0.0,-23.183182266739397,True,Monthly EMA9 (-20% Cat Stop)
AUTOIND,Automobile & Ancillaries,2022-11-17,2022-12-16,99.1472515296936,98.9000015258789,78.92220121765138,79.12000122070313,-20.39900249376558,21,CATASTROPHIC_STOP_INTRADAY,0.10111069017013857,-20.82911845934678,False,Monthly EMA9 (-20% Cat Stop)
AURIONPRO,Software & IT Services,2022-11-03,2022-12-23,195.87060556536548,195.38215018989075,155.91495585153285,156.30572015191262,-20.39900249376557,35,CATASTROPHIC_STOP_INTRADAY,4.568511541608687,-24.467012460069196,False,Monthly EMA9 (-20% Cat Stop)
ADANIPOWER,Power,2022-06-22,2023-01-02,50.50595107078552,50.380001068115234,60.44849847793579,60.599998474121094,19.685892843034498,132,MONTHLY_CLOSE_LT_M_EMA9,71.695113469826,-2.6994850764548453,False,Monthly EMA9 (-20% Cat Stop)
ASAHIINDIA,Construction Materials,2022-08-12,2023-01-02,558.7289809257816,557.3356418212285,517.1895897287404,518.4858042393388,-7.434622619398187,96,MONTHLY_CLOSE_LT_M_EMA9,23.422628969861126,-14.448912692592565,False,Monthly EMA9 (-20% Cat Stop)
20MICRONS,Metals & Mining,2022-10-03,2023-01-27,95.95856610333603,95.71926793350228,76.38397581093481,76.57541434680182,-20.399002493765582,80,CATASTROPHIC_STOP_INTRADAY,4.134779591631886,-21.388442895410932,False,Monthly EMA9 (-20% Cat Stop)
INSECTICID,Chemicals,2023-01-09,2023-01-27,720.5472257613482,718.7503498866316,573.5627792095321,575.0002799093053,-20.399002493765572,13,CATASTROPHIC_STOP_INTRADAY,1.894410762357589,-21.44713102658112,False,Monthly EMA9 (-20% Cat Stop)
ADANIENT,Trading,2022-05-16,2023-02-01,2083.206043020263,2078.0110154815593,2982.086648379035,2989.5605497534184,43.148905427307675,180,MONTHLY_CLOSE_LT_M_EMA9,101.26892535175078,-8.472375265164677,False,Monthly EMA9 (-20% Cat Stop)
TOTAL,Diversified / Other,2022-12-23,2023-02-16,158.6613254529455,158.26566129969626,125.01329535679977,125.32661188651606,-21.207455566180048,38,CATASTROPHIC_STOP_GAP_DOWN,3.6562411472512206,-20.812505468767416,True,Monthly EMA9 (-20% Cat Stop)
PITTIENG,Capital Goods,2021-03-03,2023-03-01,57.66802339299972,57.524212860847605,289.3173407428522,290.0424468600022,401.69456783908464,495,MONTHLY_CLOSE_LT_M_EMA9,543.4711678038009,0.0,False,Monthly EMA9 (-20% Cat Stop)
ROHLTD,Hospitality,2022-05-27,2023-03-01,119.97541522642501,119.67622466476311,225.14173872303033,225.7060037323612,87.65656138645483,191,MONTHLY_CLOSE_LT_M_EMA9,160.62347403039698,-7.998357286688861,False,Monthly EMA9 (-20% Cat Stop)
GSS,Software & IT Services,2022-08-01,2023-03-01,225.5625,225.0,223.3901219558716,223.9499969482422,-0.9630936188987123,145,MONTHLY_CLOSE_LT_M_EMA9,52.73333062065972,-8.066663953993055,False,Monthly EMA9 (-20% Cat Stop)
TNPL,Paper,2022-09-26,2023-03-01,231.00626114090656,230.43018567671479,198.54477537607696,199.04238132940046,-14.052210361964656,108,MONTHLY_CLOSE_LT_M_EMA9,16.83127768975371,-14.814813787244132,False,Monthly EMA9 (-20% Cat Stop)
NACLIND,Diversified / Other,2022-12-26,2023-03-01,85.8490918811777,85.63500437025208,84.49845264426071,84.7102282147977,-1.57327143167267,46,MONTHLY_CLOSE_LT_M_EMA9,28.779069976105898,-3.234136551639779,False,Monthly EMA9 (-20% Cat Stop)
ENGINERSIN,Capital Goods,2023-02-08,2023-03-01,76.91214502593547,76.72034416552167,67.55242752823796,67.72173185788266,-12.169362191811626,15,MONTHLY_CLOSE_LT_M_EMA9,1.7459324442631534,-13.519201705535039,False,Monthly EMA9 (-20% Cat Stop)
WELENT,Real Estate,2023-02-16,2023-03-01,134.47155785830012,134.1362173150126,121.01612718735267,121.31942575173198,-10.006153632224711,9,MONTHLY_CLOSE_LT_M_EMA9,2.0787678467167345,-14.441999423812998,False,Monthly EMA9 (-20% Cat Stop)
UNIONBANK,Banks,2023-02-01,2023-03-20,70.30603852475667,70.1307117453932,55.964307972823775,56.10456939631456,-20.399002493765572,32,CATASTROPHIC_STOP_INTRADAY,0.6313131556390639,-20.265143204884357,False,Monthly EMA9 (-20% Cat Stop)
INDOTHAI,Finance,2023-01-12,2023-03-24,29.498462216125326,29.424899966209804,23.481070173035427,23.539919972967844,-20.39900249376557,49,CATASTROPHIC_STOP_INTRADAY,62.116092821160095,-20.53661929670098,False,Monthly EMA9 (-20% Cat Stop)
AUTOAXLES,Automobile & Ancillaries,2023-03-02,2023-08-01,2135.1051959532965,2129.780744093064,2041.8420355665337,2046.9594341519135,-4.368082685739615,101,MONTHLY_CLOSE_LT_M_EMA9,18.640565673625993,-7.083536609665145,False,Monthly EMA9 (-20% Cat Stop)
BRITANNIA,FMCG,2023-03-09,2023-09-01,4099.319315096612,4089.096573662456,4278.206981550094,4288.9293048121235,4.363838303463947,119,MONTHLY_CLOSE_LT_M_EMA9,23.528714520122712,-4.301034839446485,False,Monthly EMA9 (-20% Cat Stop)
KAMDHENU,Metals & Mining,2023-03-01,2023-10-03,32.70816192225225,32.626595433668086,28.764907652829432,28.83700015321246,-12.055872411283731,144,MONTHLY_CLOSE_LT_M_EMA9,16.834800225266953,-14.944621556598722,False,Monthly EMA9 (-20% Cat Stop)
QGOLDHALF,ETF,2023-03-02,2023-10-03,48.28039984703064,48.15999984741211,50.323875761032106,50.45000076293945,4.232516550144412,143,MONTHLY_CLOSE_LT_M_EMA9,10.963452649555183,-9.36461448468121,False,Monthly EMA9 (-20% Cat Stop)
HILTON,Automobile & Ancillaries,2023-08-01,2023-12-20,162.55536888122558,162.14999389648438,129.39569512939454,129.7199951171875,-20.399002493765575,95,CATASTROPHIC_STOP_INTRADAY,5.427075783533907,-23.003389963847535,False,Monthly EMA9 (-20% Cat Stop)
AARON,Capital Goods,2021-02-01,2024-03-01,24.653981437852483,24.592500187384026,125.73757923990713,126.05271101745076,410.0092232845442,763,MONTHLY_CLOSE_LT_M_EMA9,557.114772596572,-10.079832460353023,False,Monthly EMA9 (-20% Cat Stop)
ASHOKLEY,Automobile & Ancillaries,2023-10-03,2024-03-01,82.46414817512277,82.25850192032198,78.82606110293227,79.02362015331556,-4.41171970207535,102,MONTHLY_CLOSE_LT_M_EMA9,6.516863264769094,-7.443811721013536,False,Monthly EMA9 (-20% Cat Stop)
ELECON,Capital Goods,2024-03-01,2024-03-13,496.48423518743766,495.2461198877184,395.20640367039937,396.19689591017476,-20.399002493765565,7,CATASTROPHIC_STOP_INTRADAY,1.0911966275403784,-20.402445055215924,False,Monthly EMA9 (-20% Cat Stop)
SURYAROSNI,Diversified,2023-03-29,2024-04-01,153.33957215022446,152.95717920221892,244.7662237331575,245.3796729154461,59.62365115598713,245,MONTHLY_CLOSE_LT_M_EMA9,164.74639676834803,-0.6386254806756116,False,Monthly EMA9 (-20% Cat Stop)
KKCL,Textiles,2023-09-11,2024-04-01,671.4752956203135,669.800793636223,662.1399169994505,663.7994155382962,-1.3902787908584096,134,MONTHLY_CLOSE_LT_M_EMA9,21.683819323950306,-8.563042165059983,False,Monthly EMA9 (-20% Cat Stop)
AXISCADES,Aviation,2023-10-03,2024-04-01,516.7887499999999,515.5,553.6125000000001,555.0,7.1254937341418785,120,MONTHLY_CLOSE_LT_M_EMA9,64.88845780795344,-8.399609659159795,False,Monthly EMA9 (-20% Cat Stop)
KTKBANK,Banks,2023-01-31,2024-06-03,131.32387851179067,130.99638754293335,211.27576726207272,211.8052804632308,60.88145557100929,326,MONTHLY_CLOSE_LT_M_EMA9,106.64144290450272,-11.702129195536589,False,Monthly EMA9 (-20% Cat Stop)
BBTC,Agri,2023-12-22,2024-06-03,1301.4302515114516,1298.1847895376077,1453.0030637932505,1456.6446754819553,11.646633548418414,106,MONTHLY_CLOSE_LT_M_EMA9,39.02152314993632,-0.9444654325651608,False,Monthly EMA9 (-20% Cat Stop)
DRREDDY,Healthcare,2024-04-01,2024-06-03,1223.2076620085124,1220.1572688364215,1162.8413687405307,1165.7557581358703,-4.935081355594194,41,MONTHLY_CLOSE_LT_M_EMA9,3.2968591338687183,-8.141590038207328,False,Monthly EMA9 (-20% Cat Stop)
EDELWEISS,Financial Services,2024-06-03,2024-07-01,72.37454922181206,72.19406406165793,63.985043031932555,64.14540654830331,-11.591790595016372,19,MONTHLY_CLOSE_LT_M_EMA9,1.4864844244879796,-14.797294662845111,False,Monthly EMA9 (-20% Cat Stop)
DHANBANK,Diversified / Other,2024-04-01,2024-09-02,42.606249999999996,42.5,39.29152439117432,39.38999938964844,-7.77990461217703,103,MONTHLY_CLOSE_LT_M_EMA9,16.235297707950366,-11.411761115579043,False,Monthly EMA9 (-20% Cat Stop)
FORCEMOT,Automobile & Ancillaries,2024-07-10,2024-09-19,8524.098425373804,8502.841322068633,6785.26737501077,6802.273057654907,-20.39900249376558,49,CATASTROPHIC_STOP_INTRADAY,14.25896601485358,-21.845785482270774,False,Monthly EMA9 (-20% Cat Stop)
ADANIPOWER,Power,2024-04-01,2024-11-01,109.81385091781615,109.54000091552734,118.84214939117432,119.13999938964844,8.22145694545843,146,MONTHLY_CLOSE_LT_M_EMA9,63.56581766610875,-0.5660057891182158,False,Monthly EMA9 (-20% Cat Stop)
HAL,Aviation,2021-11-01,2025-01-01,608.6435540878268,607.1257397384807,4081.7814988109317,4092.0115276300066,570.6357886149458,782,MONTHLY_CLOSE_LT_M_EMA9,812.8647125027788,-9.562045490339381,False,Monthly EMA9 (-20% Cat Stop)
SOLARINDS,Chemicals,2023-01-30,2025-01-01,4063.929974830817,4053.7954861155285,9714.067085440716,9738.413118236307,139.03135992999282,472,MONTHLY_CLOSE_LT_M_EMA9,227.64841887317579,-14.976184725668443,False,Monthly EMA9 (-20% Cat Stop)
KITEX,Textiles,2025-01-02,2025-01-29,234.95697539198358,234.3710477725522,183.04878608853176,183.5075549759717,-22.092635988717642,19,CATASTROPHIC_STOP_GAP_DOWN,14.553201338337034,-21.7021228859042,True,Monthly EMA9 (-20% Cat Stop)
EMKAY,Diversified / Other,2025-01-06,2025-01-31,306.43902229309083,305.6748352050781,243.66542204031427,244.27611232111704,-20.4848585480531,19,CATASTROPHIC_STOP_GAP_DOWN,1.7577501141848872,-20.08628641044936,True,Monthly EMA9 (-20% Cat Stop)
KEI,Electricals,2022-02-02,2025-02-01,1104.9306244884451,1102.17518652214,4045.060472039067,4055.198468209591,266.0918054390815,741,MONTHLY_CLOSE_LT_M_EMA9,356.28012916395903,-14.148424962314216,False,Monthly EMA9 (-20% Cat Stop)
GRPLTD,Automobile & Ancillaries,2023-03-16,2025-02-01,666.8449693725279,665.1820143366862,2870.6419279099305,2877.83651920795,330.4811552542834,463,MONTHLY_CLOSE_LT_M_EMA9,618.4513317126458,-3.514809906049829,False,Monthly EMA9 (-20% Cat Stop)
ABBOTINDIA,Healthcare,2024-03-14,2025-02-01,26348.160565974762,26282.45442990001,25234.167583295974,25297.411111073656,-4.227972498836849,219,MONTHLY_CLOSE_LT_M_EMA9,12.451984648467027,-8.913463556478133,False,Monthly EMA9 (-20% Cat Stop)
SHILPAMED,Healthcare,2024-06-03,2025-02-01,249.32040236888795,248.69865572956405,353.53452502958453,354.42057647076143,41.799275819595415,168,MONTHLY_CLOSE_LT_M_EMA9,92.67068356564559,-16.144576336349516,False,Monthly EMA9 (-20% Cat Stop)
REPL,Infrastructure,2025-02-10,2025-02-17,285.7125,285.0,226.4325,227.0,-20.748129675810468,5,CATASTROPHIC_STOP_GAP_DOWN,1.017541718064693,-20.701754385964914,True,Monthly EMA9 (-20% Cat Stop)
SIYSIL,Textiles,2025-02-03,2025-02-17,764.5613638544243,762.6547270368322,608.5984721753922,610.1237816294658,-20.39900249376557,10,CATASTROPHIC_STOP_INTRADAY,0.5900671894032472,-20.05582529952577,False,Monthly EMA9 (-20% Cat Stop)
GRAVITA,Metals & Mining,2023-03-06,2025-03-03,469.1613478930601,467.99136946938665,1589.687762571963,1593.671942428033,238.8360464285975,490,MONTHLY_CLOSE_LT_M_EMA9,475.0113098007862,-7.327851944931601,False,Monthly EMA9 (-20% Cat Stop)
BANCOINDIA,Automobile & Ancillaries,2023-03-31,2025-03-03,99.5820064973472,99.3336723165558,307.55271390483324,308.32352271161227,208.84366033840286,473,MONTHLY_CLOSE_LT_M_EMA9,466.6391549341161,-0.9686839045038328,False,Monthly EMA9 (-20% Cat Stop)
MAHSCOOTER,Automobile & Ancillaries,2024-11-01,2025-03-03,10533.011695867026,10506.74483378257,9012.143347175248,9034.730172606764,-14.4390644632868,83,MONTHLY_CLOSE_LT_M_EMA9,5.08552432586729,-16.68145433818643,False,Monthly EMA9 (-20% Cat Stop)
ASTERDM,Healthcare,2025-01-31,2025-03-03,478.0650569697308,476.87287478277386,399.57340075943074,400.5748378540659,-16.41861396602133,21,MONTHLY_CLOSE_LT_M_EMA9,2.635119427151821,-19.188751912987794,False,Monthly EMA9 (-20% Cat Stop)
GOLDIAM,Diamond  &  Jewellery,2025-02-13,2025-03-03,315.7346543835986,314.94728616817815,251.32793436220618,251.95782893454253,-20.39900249376558,11,CATASTROPHIC_STOP_INTRADAY,0.494121476715691,-20.013512310894484,False,Monthly EMA9 (-20% Cat Stop)
PGIL,Textiles,2025-02-13,2025-04-04,1367.4266103412679,1364.0165689189705,1088.4852219973386,1091.2132551351765,-20.399002493765572,33,CATASTROPHIC_STOP_INTRADAY,15.682163864595925,-27.022622527090796,False,Monthly EMA9 (-20% Cat Stop)
CHAMBLFERT,Chemicals,2024-03-01,2025-06-02,337.5461139945472,336.70435311176783,530.5300368480038,531.8596860631617,57.17260986052235,306,MONTHLY_CLOSE_LT_M_EMA9,113.16045275748459,-6.200560095829301,False,Monthly EMA9 (-20% Cat Stop)
ORIENTCEM,Construction Materials,2024-09-02,2025-06-19,304.29157977919823,303.5327479094247,242.21913283172094,242.82619832753977,-20.39900249376557,198,CATASTROPHIC_STOP_INTRADAY,24.140201768269108,-20.193243438739927,False,Monthly EMA9 (-20% Cat Stop)
NORBTEAEXP,Agri,2025-05-02,2025-07-22,40.0498757648468,39.95000076293945,31.880100608825686,31.960000610351564,-20.399002493765582,57,CATASTROPHIC_STOP_INTRADAY,7.1339134410354275,-23.654569668258844,False,Monthly EMA9 (-20% Cat Stop)
KIRIINDUS,Diversified / Other,2025-01-29,2025-08-01,538.3425,537.0,548.4753506469726,549.8499755859375,1.8822312276984738,126,MONTHLY_CLOSE_LT_M_EMA9,37.80260707635009,-9.869646182495345,False,Monthly EMA9 (-20% Cat Stop)
PANACEABIO,Healthcare,2025-06-06,2025-08-01,472.47823776245116,471.29998779296875,399.09975608825687,400.1000061035156,-15.530552692055826,40,MONTHLY_CLOSE_LT_M_EMA9,0.8275036102431836,-16.46509178778621,False,Monthly EMA9 (-20% Cat Stop)
CHOLAFIN,Finance,2025-06-09,2025-08-01,1621.4694933547537,1617.4259285334201,1437.2539737855614,1440.8561140707382,-11.361022845274627,39,MONTHLY_CLOSE_LT_M_EMA9,2.876539095513129,-13.294329942674707,False,Monthly EMA9 (-20% Cat Stop)
KITEX,Textiles,2025-07-24,2025-08-04,268.80077725315704,268.1304511253437,209.9091943827475,210.43528258922055,-21.90900765697762,7,CATASTROPHIC_STOP_GAP_DOWN,0.0,-23.284358580454757,True,Monthly EMA9 (-20% Cat Stop)
CAMLINFINE,Chemicals,2025-08-01,2025-08-12,281.50198776245117,280.79998779296875,214.36274391174317,214.89999389648438,-23.85036226009326,7,CATASTROPHIC_STOP_GAP_DOWN,0.0,-23.4686598152817,True,Monthly EMA9 (-20% Cat Stop)
TCPLPACK,Containers & Packaging,2022-09-23,2025-09-01,1129.231815379933,1126.415775940083,3344.928560269042,3353.311839868714,196.21274522305518,724,MONTHLY_CLOSE_LT_M_EMA9,328.1891069712727,-9.623856429334822,False,Monthly EMA9 (-20% Cat Stop)
SRF,Diversified,2025-04-09,2025-09-01,2753.50591898726,2746.6393206855464,2831.2616911664536,2838.3575851292767,2.823882514397943,97,MONTHLY_CLOSE_LT_M_EMA9,20.446999741027103,-2.012281894751594,False,Monthly EMA9 (-20% Cat Stop)
BANARISUG,Diversified / Other,2025-06-09,2025-10-01,3986.487964495085,3976.5465980000854,3659.9273474121096,3669.10009765625,-8.191687018534285,80,MONTHLY_CLOSE_LT_M_EMA9,4.614263799287922,-9.469186107097578,False,Monthly EMA9 (-20% Cat Stop)
RALLIS,Fertilisers & Pesticides,2025-09-01,2025-10-01,344.3575500885084,343.4988030808064,299.20681942254464,299.956711200546,-13.111584355957609,22,MONTHLY_CLOSE_LT_M_EMA9,6.898534591916753,-13.236554120863445,False,Monthly EMA9 (-20% Cat Stop)
RAMANEWS,Paper,2025-05-09,2025-11-03,31.077499999999997,31.0,29.127000761032107,29.200000762939453,-6.276242422871499,122,MONTHLY_CLOSE_LT_M_EMA9,44.45160896547379,-6.451612903225806,False,Monthly EMA9 (-20% Cat Stop)
FMGOETZE,Diversified / Other,2025-08-12,2025-11-03,544.3575,543.0,458.35125000000005,459.5,-15.799589424229465,55,MONTHLY_CLOSE_LT_M_EMA9,6.335179450103591,-16.224678840426453,False,Monthly EMA9 (-20% Cat Stop)
GINNIFILA,Textiles,2025-09-08,2025-11-24,47.969623470306395,47.849998474121094,38.184298782348634,38.279998779296875,-20.39900249376558,52,CATASTROPHIC_STOP_INTRADAY,0.9404404959026882,-21.316608722064416,False,Monthly EMA9 (-20% Cat Stop)
AMBER,Consumer Durables,2025-02-14,2025-12-01,6155.349999999999,6140.0,7231.875,7250.0,17.489257312744208,194,MONTHLY_CLOSE_LT_M_EMA9,40.4885993485342,-14.73941368078176,False,Monthly EMA9 (-20% Cat Stop)
GOODLUCK,Metals & Mining,2025-11-10,2026-01-01,394.91142145302723,393.9266049406756,363.2895777119116,364.20007790667825,-8.007325699714386,37,MONTHLY_CLOSE_LT_M_EMA9,2.8024046432003824,-14.315855941541528,False,Monthly EMA9 (-20% Cat Stop)
TFCILTD,Finance,2025-11-04,2026-01-02,69.7599861769354,69.5860211241251,55.529644857051835,55.66881689930008,-20.399002493765565,41,CATASTROPHIC_STOP_INTRADAY,6.504647285032966,-21.029299898931196,False,Monthly EMA9 (-20% Cat Stop)
JMFINANCIL,Finance,2025-08-05,2026-01-29,154.48053096535176,154.09529273351797,122.96804360134735,123.27623418681438,-20.39900249376558,120,CATASTROPHIC_STOP_INTRADAY,26.455705911473963,-20.114809933584578,False,Monthly EMA9 (-20% Cat Stop)
MANAKCOAT,Metals & Mining,2024-09-20,2026-02-02,64.44864664807798,64.28792683100049,123.83962652206422,124.1500015258789,92.15240809987966,338,MONTHLY_CLOSE_LT_M_EMA9,184.37689055491603,-11.833297868054292,False,Monthly EMA9 (-20% Cat Stop)
ZOTA,Healthcare,2025-02-20,2026-02-02,860.5517078969294,858.4056936627726,1286.775,1290.0,49.529073987279865,232,MONTHLY_CLOSE_LT_M_EMA9,102.70135820925303,-12.456349375406404,False,Monthly EMA9 (-20% Cat Stop)
AXISCADES,Aviation,2025-04-15,2026-02-02,810.7217622375488,808.7000122070312,1142.1375,1145.0,40.87909726855753,200,MONTHLY_CLOSE_LT_M_EMA9,120.00740995616444,-9.10721198248328,False,Monthly EMA9 (-20% Cat Stop)
HCG,Healthcare,2025-05-29,2026-02-02,553.2797744750976,551.9000244140625,589.6222256469727,591.0999755859375,6.568548652687244,170,MONTHLY_CLOSE_LT_M_EMA9,45.796337890787,-5.761921982497873,False,Monthly EMA9 (-20% Cat Stop)
HDFCAMC,Finance,2025-10-03,2026-02-02,2739.0707974887796,2732.240196996289,2410.015481467556,2416.055620518853,-12.013392144624602,82,MONTHLY_CLOSE_LT_M_EMA9,6.276862419240735,-13.778655245946029,False,Monthly EMA9 (-20% Cat Stop)
HINDPETRO,Oil & Gas,2025-12-08,2026-02-02,430.73834839977354,429.6641879299487,416.4002076977287,417.44381724083075,-3.3287355897871946,38,MONTHLY_CLOSE_LT_M_EMA9,12.538743312599362,-8.687466919786534,False,Monthly EMA9 (-20% Cat Stop)
EASTSILK,Diversified / Other,2026-02-03,2026-02-10,80.81152561187744,80.61000061035156,64.32678048706056,64.48800048828126,-20.39900249376557,5,CATASTROPHIC_STOP_INTRADAY,0.0,-20.481332354822403,False,Monthly EMA9 (-20% Cat Stop)
CSBBANK,Banks,2026-01-30,2026-03-02,435.5361372375488,434.45001220703125,384.0375,385.0,-11.82419386923583,21,MONTHLY_CLOSE_LT_M_EMA9,3.0498330366453974,-14.006215765628378,False,Monthly EMA9 (-20% Cat Stop)
ADANIPORTS,Infrastructure,2025-06-23,2026-04-01,1338.7105549964222,1335.3721246847103,1342.1654489405073,1345.5292721208093,0.2580762459211638,192,MONTHLY_CLOSE_LT_M_EMA9,18.120802294016748,-3.7658437429284555,False,Monthly EMA9 (-20% Cat Stop)
ABCAPITAL,Finance,2025-08-01,2026-04-01,257.14125,256.5,302.2425,303.0,17.539484621778882,163,MONTHLY_CLOSE_LT_M_EMA9,43.97660342805799,-2.514618693271808,False,Monthly EMA9 (-20% Cat Stop)
LUMAXIND,Automobile & Ancillaries,2026-01-01,2026-04-01,5251.925461129,5238.828390153616,4841.187042747925,4853.3203436069425,-7.820720637051437,60,MONTHLY_CLOSE_LT_M_EMA9,31.11173926807339,-14.78162092450323,False,Monthly EMA9 (-20% Cat Stop)
IOC,Oil & Gas,2026-01-12,2026-04-01,154.0597226148187,153.67553378036777,138.41633848428017,138.7632466007821,-10.154103788470547,53,MONTHLY_CLOSE_LT_M_EMA9,20.35669300353595,-13.547795784997652,False,Monthly EMA9 (-20% Cat Stop)
BANKBARODA,Banks,2026-02-04,2026-04-01,277.7320340980547,277.03943550928153,244.46067038518046,245.07335376960447,-11.979663714675288,37,MONTHLY_CLOSE_LT_M_EMA9,13.811190986937962,-13.776219354506425,False,Monthly EMA9 (-20% Cat Stop)
MUTHOOTFIN,Finance,2026-02-05,2026-04-01,3609.059829432851,3600.0596802322707,3243.378093828956,3251.5068609814093,-10.132326780001328,36,MONTHLY_CLOSE_LT_M_EMA9,12.461090731287472,-16.20713025614792,False,Monthly EMA9 (-20% Cat Stop)
NORBTEAEXP,Agri,2026-02-10,2026-04-23,79.29774847030639,79.0999984741211,61.904851369857795,62.060001373291016,-21.93365818824161,47,CATASTROPHIC_STOP_GAP_DOWN,23.640967052299935,-21.54234820422279,True,Monthly EMA9 (-20% Cat Stop)
IVZINGOLD,ETF,2023-03-13,2026-04-27,5088.69,5076.0,131.30191921234132,131.63099670410156,-97.41973043725712,767,CATASTROPHIC_STOP_GAP_DOWN,207.32466124285853,-97.42316778857844,True,Monthly EMA9 (-20% Cat Stop)
EASTSILK,Diversified / Other,2026-02-11,2026-05-25,69.9745030593872,69.80000305175781,55.70040243530274,55.840002441406256,-20.39900249376557,68,CATASTROPHIC_STOP_INTRADAY,11.446987843030351,-22.005736036514413,False,Monthly EMA9 (-20% Cat Stop)
AVANTIFEED,Consumer Goods,2026-05-20,2026-06-10,1244.1303922984555,1241.0278227416015,990.3402025477982,992.8222581932813,-20.39900249376557,15,CATASTROPHIC_STOP_INTRADAY,9.393669905280303,-20.325073942478415,False,Monthly EMA9 (-20% Cat Stop)
UNIVPHOTO,FMCG,2026-05-25,2026-06-23,432.5286372375488,431.45001220703125,344.297109741211,345.16000976562503,-20.399002493765572,21,CATASTROPHIC_STOP_INTRADAY,1.9932727645423736,-21.14961117586287,False,Monthly EMA9 (-20% Cat Stop)
FORCEMOT,Automobile & Ancillaries,2025-09-10,2026-07-01,18335.725,18290.0,18643.275,18690.0,1.6773266396611148,200,MONTHLY_CLOSE_LT_M_EMA9,44.61454346637507,-18.47457627118644,False,Monthly EMA9 (-20% Cat Stop)
OIL,Oil & Gas,2026-05-11,2026-07-01,458.1425,457.0,418.00236282348635,419.04998779296875,-8.76149607960703,37,MONTHLY_CLOSE_LT_M_EMA9,16.192560175054705,-11.575491005795268,False,Monthly EMA9 (-20% Cat Stop)
POWERGRID,Power,2026-05-18,2026-07-01,297.04073776245116,296.29998779296875,287.08048782348635,287.79998779296875,-3.353159574674299,32,MONTHLY_CLOSE_LT_M_EMA9,2.767469640518776,-6.041172674293692,False,Monthly EMA9 (-20% Cat Stop)
CCL,Agri,2025-10-03,2026-08-24,861.8272251361685,859.678030061016,1079.0955487060548,1081.800048828125,25.21019494778179,222,END_OF_BACKTEST,44.49595170923576,-5.394435784173767,False,Monthly EMA9 (-20% Cat Stop)
ADANIPOWER,Power,2025-11-26,2026-08-24,147.56799694061277,147.1999969482422,203.1907469558716,203.6999969482422,37.692962680548966,186,END_OF_BACKTEST,72.69021889832162,-12.97553752765526,False,Monthly EMA9 (-20% Cat Stop)
TITAN,Diamond  &  Jewellery,2026-02-02,2026-08-24,3996.885032503398,3986.9177381580034,5066.302500000001,5079.0,26.756272917532144,140,END_OF_BACKTEST,29.6239435927682,-4.374999764588459,False,Monthly EMA9 (-20% Cat Stop)
THANGAMAYL,Diamond  &  Jewellery,2026-02-05,2026-08-24,3281.9270141764687,3273.742657532637,5479.766250000001,5493.5,66.9679498151495,137,END_OF_BACKTEST,126.95736278794318,-4.949893102024487,False,Monthly EMA9 (-20% Cat Stop)
RNAVAL,Power,2026-03-04,2026-08-24,1803.7982989501952,1799.300048828125,2324.8732012939454,2330.699951171875,28.887647950827656,118,END_OF_BACKTEST,52.837210324707165,-16.33413085302132,False,Monthly EMA9 (-20% Cat Stop)
LUPIN,Healthcare,2026-05-15,2026-08-24,2257.3027141097346,2251.6735302840248,2182.53,2188.0,-3.312480583235564,71,END_OF_BACKTEST,12.081077351099696,-3.1697970640928905,False,Monthly EMA9 (-20% Cat Stop)
MCX,Finance,2026-06-05,2026-08-24,2917.2749999999996,2910.0,3259.8300000000004,3268.0,11.742293750160709,56,END_OF_BACKTEST,13.0481082876933,-11.83848797250859,False,Monthly EMA9 (-20% Cat Stop)
INGERRAND,Capital Goods,2026-06-08,2026-08-24,3932.105971584909,3922.3002210323284,4641.6665551757815,4653.2998046875,18.04530673177332,55,END_OF_BACKTEST,21.579173611993514,-1.4898481056847146,False,Monthly EMA9 (-20% Cat Stop)
SCHNEIDER,Capital Goods,2026-06-08,2026-08-24,1151.8725,1149.0,1155.5040243530275,1158.4000244140625,0.3152713822951363,55,END_OF_BACKTEST,34.72584856396867,-6.7885117493472595,False,Monthly EMA9 (-20% Cat Stop)
NLCINDIA,Power,2026-06-15,2026-08-24,322.4040061187744,321.6000061035156,272.41725608825686,273.1000061035156,-15.504382415180759,50,END_OF_BACKTEST,2.3320895079790276,-18.128114802268207,False,Monthly EMA9 (-20% Cat Stop)
ARIHANT,Real Estate,2026-07-03,2026-08-24,795.985,794.0,1004.6820121765137,1007.2000122070312,26.21871168131481,35,END_OF_BACKTEST,54.28211586901763,-3.7783375314861463,False,Monthly EMA9 (-20% Cat Stop)
BHEL,Capital Goods,2026-07-09,2026-08-24,379.72506980615975,378.77812449492245,410.3714939117432,411.3999938964844,8.070687595429945,32,END_OF_BACKTEST,17.87903554234568,-0.1842137386924229,False,Monthly EMA9 (-20% Cat Stop)
APARINDS,Capital Goods,2026-07-10,2026-08-24,14205.425,14170.0,16663.2375,16705.0,17.30192866457709,31,END_OF_BACKTEST,30.310515172900494,-6.266760762173607,False,Monthly EMA9 (-20% Cat Stop)
BSE,Unclassified,2026-07-10,2026-08-24,3824.5375,3815.0,3304.4182012939455,3312.699951171875,-13.599534550414383,31,END_OF_BACKTEST,1.3761467889908259,-15.517693315858452,False,Monthly EMA9 (-20% Cat Stop)
