date,equity,cash,invested,regime,open_positions,peak,drawdown_pct
2018-01-01,10000000.0,10000000.0,0.0,NEUTRAL,0,10000000.0,0.0
2018-01-02,10000000.0,10000000.0,0.0,BEAR,0,10000000.0,0.0
2018-01-03,10000000.0,10000000.0,0.0,BULL,0,10000000.0,0.0
2018-01-04,10000000.0,10000000.0,0.0,BULL,0,10000000.0,0.0
2018-01-05,10000000.0,10000000.0,0.0,BULL,0,10000000.0,0.0
2018-01-08,10000000.0,10000000.0,0.0,BULL,0,10000000.0,0.0
2018-01-09,10000000.0,10000000.0,0.0,BULL,0,10000000.0,0.0
2018-01-10,10000000.0,10000000.0,0.0,BULL,0,10000000.0,0.0
2018-01-11,10000000.0,10000000.0,0.0,BULL,0,10000000.0,0.0
2018-01-12,10000000.0,10000000.0,0.0,BULL,0,10000000.0,0.0
2018-01-15,10000000.0,10000000.0,0.0,BULL,0,10000000.0,0.0
2018-01-16,10000000.0,10000000.0,0.0,BULL,0,10000000.0,0.0
2018-01-17,10000000.0,10000000.0,0.0,BULL,0,10000000.0,0.0
2018-01-18,10000000.0,10000000.0,0.0,BULL,0,10000000.0,0.0
2018-01-19,10000000.0,10000000.0,0.0,BULL,0,10000000.0,0.0
2018-01-22,10000000.0,10000000.0,0.0,BULL,0,10000000.0,0.0
2018-01-23,10000000.0,10000000.0,0.0,BULL,0,10000000.0,0.0
2018-01-24,10000000.0,10000000.0,0.0,BULL,0,10000000.0,0.0
2018-01-25,10000000.0,10000000.0,0.0,BULL,0,10000000.0,0.0
2018-01-29,10000000.0,10000000.0,0.0,BULL,0,10000000.0,0.0
2018-01-30,10000000.0,10000000.0,0.0,BULL,0,10000000.0,0.0
2018-01-31,10000000.0,10000000.0,0.0,BULL,0,10000000.0,0.0
2018-02-01,10000000.0,10000000.0,0.0,BULL,0,10000000.0,0.0
2018-02-02,10000000.0,10000000.0,0.0,BULL,0,10000000.0,0.0
2018-02-05,10000000.0,10000000.0,0.0,NEUTRAL,0,10000000.0,0.0
2018-02-06,10000000.0,10000000.0,0.0,BEAR,0,10000000.0,0.0
2018-02-07,10000000.0,10000000.0,0.0,BEAR,0,10000000.0,0.0
2018-02-08,10000000.0,10000000.0,0.0,NEUTRAL,0,10000000.0,0.0
2018-02-09,10000000.0,10000000.0,0.0,BEAR,0,10000000.0,0.0
2018-02-12,10000000.0,10000000.0,0.0,NEUTRAL,0,10000000.0,0.0
2018-02-14,10000000.0,10000000.0,0.0,BEAR,0,10000000.0,0.0
2018-02-15,10000000.0,10000000.0,0.0,NEUTRAL,0,10000000.0,0.0
2018-02-16,10000000.0,10000000.0,0.0,BEAR,0,10000000.0,0.0
2018-02-19,10000000.0,10000000.0,0.0,BEAR,0,10000000.0,0.0
2018-02-20,10000000.0,10000000.0,0.0,BEAR,0,10000000.0,0.0
2018-02-21,10000000.0,10000000.0,0.0,BEAR,0,10000000.0,0.0
2018-02-22,10000000.0,10000000.0,0.0,BEAR,0,10000000.0,0.0
2018-02-23,10000000.0,10000000.0,0.0,BEAR,0,10000000.0,0.0
2018-02-26,10000000.0,10000000.0,0.0,NEUTRAL,0,10000000.0,0.0
2018-02-27,10000000.0,10000000.0,0.0,NEUTRAL,0,10000000.0,0.0
2018-02-28,10000000.0,10000000.0,0.0,BEAR,0,10000000.0,0.0
2018-03-01,10000000.0,10000000.0,0.0,BEAR,0,10000000.0,0.0
2018-03-05,10000000.0,10000000.0,0.0,BEAR,0,10000000.0,0.0
2018-03-06,10000000.0,10000000.0,0.0,BEAR,0,10000000.0,0.0
2018-03-07,10000000.0,10000000.0,0.0,BEAR,0,10000000.0,0.0
2018-03-08,10000000.0,10000000.0,0.0,BEAR,0,10000000.0,0.0
2018-03-09,10000000.0,10000000.0,0.0,BEAR,0,10000000.0,0.0
2018-03-12,10000000.0,10000000.0,0.0,BEAR,0,10000000.0,0.0
2018-03-13,10000000.0,10000000.0,0.0,BEAR,0,10000000.0,0.0
2018-03-14,10000000.0,10000000.0,0.0,BEAR,0,10000000.0,0.0
2018-03-15,10000000.0,10000000.0,0.0,BEAR,0,10000000.0,0.0
2018-03-16,10000000.0,10000000.0,0.0,BEAR,0,10000000.0,0.0
2018-03-19,10000000.0,10000000.0,0.0,BEAR,0,10000000.0,0.0
2018-03-20,10000000.0,10000000.0,0.0,BEAR,0,10000000.0,0.0
2018-03-21,10000000.0,10000000.0,0.0,BEAR,0,10000000.0,0.0
2018-03-22,10000000.0,10000000.0,0.0,BEAR,0,10000000.0,0.0
2018-03-23,10000000.0,10000000.0,0.0,BEAR,0,10000000.0,0.0
2018-03-26,10000000.0,10000000.0,0.0,BEAR,0,10000000.0,0.0
2018-03-27,10000000.0,10000000.0,0.0,BEAR,0,10000000.0,0.0
2018-03-28,10000000.0,10000000.0,0.0,BEAR,0,10000000.0,0.0
2018-04-02,10000000.0,10000000.0,0.0,BEAR,0,10000000.0,0.0
2018-04-03,10000000.0,10000000.0,0.0,BEAR,0,10000000.0,0.0
2018-04-04,10000000.0,10000000.0,0.0,BEAR,0,10000000.0,0.0
2018-04-05,10000000.0,10000000.0,0.0,BEAR,0,10000000.0,0.0
2018-04-06,10000000.0,10000000.0,0.0,BEAR,0,10000000.0,0.0
2018-04-09,10000000.0,10000000.0,0.0,BEAR,0,10000000.0,0.0
2018-04-10,10000000.0,10000000.0,0.0,BEAR,0,10000000.0,0.0
2018-04-11,10000000.0,10000000.0,0.0,BEAR,0,10000000.0,0.0
2018-04-12,10000000.0,10000000.0,0.0,BULL,0,10000000.0,0.0
2018-04-13,10000000.0,10000000.0,0.0,BULL,0,10000000.0,0.0
2018-04-16,10000000.0,10000000.0,0.0,BULL,0,10000000.0,0.0
2018-04-17,10000000.0,10000000.0,0.0,BULL,0,10000000.0,0.0
2018-04-18,10000000.0,10000000.0,0.0,BULL,0,10000000.0,0.0
2018-04-19,10000000.0,10000000.0,0.0,BULL,0,10000000.0,0.0
2018-04-20,10000000.0,10000000.0,0.0,BULL,0,10000000.0,0.0
2018-04-23,10000000.0,10000000.0,0.0,BULL,0,10000000.0,0.0
2018-04-24,10000000.0,10000000.0,0.0,BULL,0,10000000.0,0.0
2018-04-25,10000000.0,10000000.0,0.0,BULL,0,10000000.0,0.0
2018-04-26,10000000.0,10000000.0,0.0,BULL,0,10000000.0,0.0
2018-04-27,10000000.0,10000000.0,0.0,BULL,0,10000000.0,0.0
2018-04-30,10000000.0,10000000.0,0.0,BULL,0,10000000.0,0.0
2018-05-02,10000000.0,10000000.0,0.0,BULL,0,10000000.0,0.0
2018-05-03,10000000.0,10000000.0,0.0,BULL,0,10000000.0,0.0
2018-05-04,10000000.0,10000000.0,0.0,BULL,0,10000000.0,0.0
2018-05-07,10000000.0,10000000.0,0.0,BULL,0,10000000.0,0.0
2018-05-08,10000000.0,10000000.0,0.0,BULL,0,10000000.0,0.0
2018-05-09,10000000.0,10000000.0,0.0,BULL,0,10000000.0,0.0
2018-05-10,10000000.0,10000000.0,0.0,BULL,0,10000000.0,0.0
2018-05-11,10000000.0,10000000.0,0.0,BULL,0,10000000.0,0.0
2018-05-14,10000000.0,10000000.0,0.0,BULL,0,10000000.0,0.0
2018-05-15,10000000.0,10000000.0,0.0,BULL,0,10000000.0,0.0
2018-05-16,10000000.0,10000000.0,0.0,BULL,0,10000000.0,0.0
2018-05-17,10000000.0,10000000.0,0.0,BULL,0,10000000.0,0.0
2018-05-18,10000000.0,10000000.0,0.0,BULL,0,10000000.0,0.0
2018-05-21,10000000.0,10000000.0,0.0,NEUTRAL,0,10000000.0,0.0
2018-05-22,10000000.0,10000000.0,0.0,NEUTRAL,0,10000000.0,0.0
2018-05-23,10000000.0,10000000.0,0.0,BEAR,0,10000000.0,0.0
2018-05-24,10000000.0,10000000.0,0.0,NEUTRAL,0,10000000.0,0.0
2018-05-25,10000000.0,10000000.0,0.0,BULL,0,10000000.0,0.0
2018-05-28,10000000.0,10000000.0,0.0,BULL,0,10000000.0,0.0
2018-05-29,10000000.0,10000000.0,0.0,BULL,0,10000000.0,0.0
2018-05-30,10000000.0,10000000.0,0.0,BULL,0,10000000.0,0.0
2018-05-31,10000000.0,10000000.0,0.0,BULL,0,10000000.0,0.0
2018-06-01,10000000.0,10000000.0,0.0,BULL,0,10000000.0,0.0
2018-06-04,10000000.0,10000000.0,0.0,BULL,0,10000000.0,0.0
2018-06-05,10000000.0,10000000.0,0.0,BULL,0,10000000.0,0.0
2018-06-06,10000000.0,10000000.0,0.0,BULL,0,10000000.0,0.0
2018-06-07,10000000.0,10000000.0,0.0,BULL,0,10000000.0,0.0
2018-06-08,10000000.0,10000000.0,0.0,BULL,0,10000000.0,0.0
2018-06-11,10000000.0,10000000.0,0.0,BULL,0,10000000.0,0.0
2018-06-12,10000000.0,10000000.0,0.0,BULL,0,10000000.0,0.0
2018-06-13,10000000.0,10000000.0,0.0,BULL,0,10000000.0,0.0
2018-06-14,10000000.0,10000000.0,0.0,BULL,0,10000000.0,0.0
2018-06-15,10000000.0,10000000.0,0.0,BULL,0,10000000.0,0.0
2018-06-18,10000000.0,10000000.0,0.0,BULL,0,10000000.0,0.0
2018-06-19,10000000.0,10000000.0,0.0,BULL,0,10000000.0,0.0
2018-06-20,10000000.0,10000000.0,0.0,BULL,0,10000000.0,0.0
2018-06-21,10000000.0,10000000.0,0.0,BULL,0,10000000.0,0.0
2018-06-22,10000000.0,10000000.0,0.0,BULL,0,10000000.0,0.0
2018-06-25,10000000.0,10000000.0,0.0,BULL,0,10000000.0,0.0
2018-06-26,10000000.0,10000000.0,0.0,BULL,0,10000000.0,0.0
2018-06-27,10000000.0,10000000.0,0.0,BULL,0,10000000.0,0.0
2018-06-28,10000000.0,10000000.0,0.0,NEUTRAL,0,10000000.0,0.0
2018-06-29,10000000.0,10000000.0,0.0,BULL,0,10000000.0,0.0
2018-07-02,10000000.0,10000000.0,0.0,NEUTRAL,0,10000000.0,0.0
2018-07-03,10000000.0,10000000.0,0.0,BULL,0,10000000.0,0.0
2018-07-04,10000000.0,10000000.0,0.0,BULL,0,10000000.0,0.0
2018-07-05,10000000.0,10000000.0,0.0,BULL,0,10000000.0,0.0
2018-07-06,10000000.0,10000000.0,0.0,BULL,0,10000000.0,0.0
2018-07-09,10000000.0,10000000.0,0.0,BULL,0,10000000.0,0.0
2018-07-10,10000000.0,10000000.0,0.0,BULL,0,10000000.0,0.0
2018-07-11,10000000.0,10000000.0,0.0,BULL,0,10000000.0,0.0
2018-07-12,10000000.0,10000000.0,0.0,BULL,0,10000000.0,0.0
2018-07-13,10000000.0,10000000.0,0.0,BULL,0,10000000.0,0.0
2018-07-16,10000000.0,10000000.0,0.0,BULL,0,10000000.0,0.0
2018-07-17,10000000.0,10000000.0,0.0,BULL,0,10000000.0,0.0
2018-07-18,10000000.0,10000000.0,0.0,BULL,0,10000000.0,0.0
2018-07-19,10000000.0,10000000.0,0.0,BULL,0,10000000.0,0.0
2018-07-20,10000000.0,10000000.0,0.0,BULL,0,10000000.0,0.0
2018-07-23,10000000.0,10000000.0,0.0,BULL,0,10000000.0,0.0
2018-07-24,10000000.0,10000000.0,0.0,BULL,0,10000000.0,0.0
2018-07-25,10000000.0,10000000.0,0.0,BULL,0,10000000.0,0.0
2018-07-26,10000000.0,10000000.0,0.0,BULL,0,10000000.0,0.0
2018-07-27,10000000.0,10000000.0,0.0,BULL,0,10000000.0,0.0
2018-07-30,10000000.0,10000000.0,0.0,BULL,0,10000000.0,0.0
2018-07-31,10000000.0,10000000.0,0.0,BULL,0,10000000.0,0.0
2018-08-01,10000000.0,10000000.0,0.0,BULL,0,10000000.0,0.0
2018-08-02,10000000.0,10000000.0,0.0,BULL,0,10000000.0,0.0
2018-08-03,10000000.0,10000000.0,0.0,BULL,0,10000000.0,0.0
2018-08-06,10000000.0,10000000.0,0.0,BULL,0,10000000.0,0.0
2018-08-07,10000000.0,10000000.0,0.0,BULL,0,10000000.0,0.0
2018-08-08,10000000.0,10000000.0,0.0,BULL,0,10000000.0,0.0
2018-08-09,10000000.0,10000000.0,0.0,BULL,0,10000000.0,0.0
2018-08-10,10000000.0,10000000.0,0.0,BULL,0,10000000.0,0.0
2018-08-13,10000000.0,10000000.0,0.0,BULL,0,10000000.0,0.0
2018-08-14,10000000.0,10000000.0,0.0,BULL,0,10000000.0,0.0
2018-08-16,10000000.0,10000000.0,0.0,BULL,0,10000000.0,0.0
2018-08-17,10000000.0,10000000.0,0.0,BULL,0,10000000.0,0.0
2018-08-20,10000000.0,10000000.0,0.0,BULL,0,10000000.0,0.0
2018-08-21,10000000.0,10000000.0,0.0,BULL,0,10000000.0,0.0
2018-08-23,10000000.0,10000000.0,0.0,BULL,0,10000000.0,0.0
2018-08-24,10000000.0,10000000.0,0.0,BULL,0,10000000.0,0.0
2018-08-27,10000000.0,10000000.0,0.0,BULL,0,10000000.0,0.0
2018-08-28,10000000.0,10000000.0,0.0,BULL,0,10000000.0,0.0
2018-08-29,10000000.0,10000000.0,0.0,BULL,0,10000000.0,0.0
2018-08-30,10000000.0,10000000.0,0.0,BULL,0,10000000.0,0.0
2018-08-31,10000000.0,10000000.0,0.0,BULL,0,10000000.0,0.0
2018-09-03,10000000.0,10000000.0,0.0,BULL,0,10000000.0,0.0
2018-09-04,10000000.0,10000000.0,0.0,BULL,0,10000000.0,0.0
2018-09-05,10000000.0,10000000.0,0.0,BULL,0,10000000.0,0.0
2018-09-06,10000000.0,10000000.0,0.0,BULL,0,10000000.0,0.0
2018-09-07,10000000.0,10000000.0,0.0,BULL,0,10000000.0,0.0
2018-09-10,10000000.0,10000000.0,0.0,BULL,0,10000000.0,0.0
2018-09-11,10000000.0,10000000.0,0.0,NEUTRAL,0,10000000.0,0.0
2018-09-12,10000000.0,10000000.0,0.0,BULL,0,10000000.0,0.0
2018-09-14,10000000.0,10000000.0,0.0,BULL,0,10000000.0,0.0
2018-09-17,10000000.0,10000000.0,0.0,BULL,0,10000000.0,0.0
2018-09-18,10000000.0,10000000.0,0.0,NEUTRAL,0,10000000.0,0.0
2018-09-19,10000000.0,10000000.0,0.0,NEUTRAL,0,10000000.0,0.0
2018-09-21,10000000.0,10000000.0,0.0,NEUTRAL,0,10000000.0,0.0
2018-09-24,10000000.0,10000000.0,0.0,NEUTRAL,0,10000000.0,0.0
2018-09-25,10000000.0,10000000.0,0.0,NEUTRAL,0,10000000.0,0.0
2018-09-26,10000000.0,10000000.0,0.0,NEUTRAL,0,10000000.0,0.0
2018-09-27,10000000.0,10000000.0,0.0,NEUTRAL,0,10000000.0,0.0
2018-09-28,10000000.0,10000000.0,0.0,NEUTRAL,0,10000000.0,0.0
2018-10-01,10000000.0,10000000.0,0.0,NEUTRAL,0,10000000.0,0.0
2018-10-03,10000000.0,10000000.0,0.0,BEAR,0,10000000.0,0.0
2018-10-04,10000000.0,10000000.0,0.0,BEAR,0,10000000.0,0.0
2018-10-05,10000000.0,10000000.0,0.0,BEAR,0,10000000.0,0.0
2018-10-08,10000000.0,10000000.0,0.0,BEAR,0,10000000.0,0.0
2018-10-09,10000000.0,10000000.0,0.0,BEAR,0,10000000.0,0.0
2018-10-10,10000000.0,10000000.0,0.0,BEAR,0,10000000.0,0.0
2018-10-11,10000000.0,10000000.0,0.0,BEAR,0,10000000.0,0.0
2018-10-12,10000000.0,10000000.0,0.0,BEAR,0,10000000.0,0.0
2018-10-15,10000000.0,10000000.0,0.0,BEAR,0,10000000.0,0.0
2018-10-16,10000000.0,10000000.0,0.0,BEAR,0,10000000.0,0.0
2018-10-17,10000000.0,10000000.0,0.0,BEAR,0,10000000.0,0.0
2018-10-19,10000000.0,10000000.0,0.0,BEAR,0,10000000.0,0.0
2018-10-22,10000000.0,10000000.0,0.0,BEAR,0,10000000.0,0.0
2018-10-23,10000000.0,10000000.0,0.0,BEAR,0,10000000.0,0.0
2018-10-24,10000000.0,10000000.0,0.0,BEAR,0,10000000.0,0.0
2018-10-25,10000000.0,10000000.0,0.0,BEAR,0,10000000.0,0.0
2018-10-26,10000000.0,10000000.0,0.0,BEAR,0,10000000.0,0.0
2018-10-29,10000000.0,10000000.0,0.0,BEAR,0,10000000.0,0.0
2018-10-30,10000000.0,10000000.0,0.0,BEAR,0,10000000.0,0.0
2018-10-31,10000000.0,10000000.0,0.0,BEAR,0,10000000.0,0.0
2018-11-01,10000000.0,10000000.0,0.0,BEAR,0,10000000.0,0.0
2018-11-02,10000000.0,10000000.0,0.0,BEAR,0,10000000.0,0.0
2018-11-05,10000000.0,10000000.0,0.0,BEAR,0,10000000.0,0.0
2018-11-06,10000000.0,10000000.0,0.0,BEAR,0,10000000.0,0.0
2018-11-07,10000000.0,10000000.0,0.0,BEAR,0,10000000.0,0.0
2018-11-09,10000000.0,10000000.0,0.0,BEAR,0,10000000.0,0.0
2018-11-12,10000000.0,10000000.0,0.0,BEAR,0,10000000.0,0.0
2018-11-13,10000000.0,10000000.0,0.0,BEAR,0,10000000.0,0.0
2018-11-14,10000000.0,10000000.0,0.0,BEAR,0,10000000.0,0.0
2018-11-15,10000000.0,10000000.0,0.0,BEAR,0,10000000.0,0.0
2018-11-16,10000000.0,10000000.0,0.0,BEAR,0,10000000.0,0.0
2018-11-19,10000000.0,10000000.0,0.0,BULL,0,10000000.0,0.0
2018-11-20,10000000.0,10000000.0,0.0,BEAR,0,10000000.0,0.0
2018-11-21,10000000.0,10000000.0,0.0,BEAR,0,10000000.0,0.0
2018-11-22,10000000.0,10000000.0,0.0,BEAR,0,10000000.0,0.0
2018-11-26,10000000.0,10000000.0,0.0,BEAR,0,10000000.0,0.0
2018-11-27,10000000.0,10000000.0,0.0,BEAR,0,10000000.0,0.0
2018-11-28,10000000.0,10000000.0,0.0,BEAR,0,10000000.0,0.0
2018-11-29,10000000.0,10000000.0,0.0,BULL,0,10000000.0,0.0
2018-11-30,10000000.0,10000000.0,0.0,BULL,0,10000000.0,0.0
2018-12-03,10000000.0,10000000.0,0.0,BULL,0,10000000.0,0.0
2018-12-04,10000000.0,10000000.0,0.0,BULL,0,10000000.0,0.0
2018-12-05,10000000.0,10000000.0,0.0,BULL,0,10000000.0,0.0
2018-12-06,10000000.0,10000000.0,0.0,BEAR,0,10000000.0,0.0
2018-12-07,10000000.0,10000000.0,0.0,BEAR,0,10000000.0,0.0
2018-12-10,10000000.0,10000000.0,0.0,BEAR,0,10000000.0,0.0
2018-12-11,10000000.0,10000000.0,0.0,BEAR,0,10000000.0,0.0
2018-12-12,10000000.0,10000000.0,0.0,BEAR,0,10000000.0,0.0
2018-12-13,10000000.0,10000000.0,0.0,BULL,0,10000000.0,0.0
2018-12-14,10000000.0,10000000.0,0.0,BULL,0,10000000.0,0.0
2018-12-17,10000000.0,10000000.0,0.0,BULL,0,10000000.0,0.0
2018-12-18,10000000.0,10000000.0,0.0,BULL,0,10000000.0,0.0
2018-12-19,10000000.0,10000000.0,0.0,BULL,0,10000000.0,0.0
2018-12-20,10000000.0,10000000.0,0.0,BULL,0,10000000.0,0.0
2018-12-21,10000000.0,10000000.0,0.0,BEAR,0,10000000.0,0.0
2018-12-24,10000000.0,10000000.0,0.0,BEAR,0,10000000.0,0.0
2018-12-26,10000000.0,10000000.0,0.0,BEAR,0,10000000.0,0.0
2018-12-27,10000000.0,10000000.0,0.0,BULL,0,10000000.0,0.0
2018-12-28,10000000.0,10000000.0,0.0,BULL,0,10000000.0,0.0
2018-12-31,10000000.0,10000000.0,0.0,BULL,0,10000000.0,0.0
2019-01-01,10000000.0,10000000.0,0.0,NEUTRAL,0,10000000.0,0.0
2019-01-02,10000000.0,10000000.0,0.0,BULL,0,10000000.0,0.0
2019-01-03,10000000.0,10000000.0,0.0,BEAR,0,10000000.0,0.0
2019-01-04,10000000.0,10000000.0,0.0,BEAR,0,10000000.0,0.0
2019-01-07,10000000.0,10000000.0,0.0,BULL,0,10000000.0,0.0
2019-01-08,10000000.0,10000000.0,0.0,BULL,0,10000000.0,0.0
2019-01-09,10000000.0,10000000.0,0.0,BULL,0,10000000.0,0.0
2019-01-10,10000000.0,10000000.0,0.0,BULL,0,10000000.0,0.0
2019-01-11,10000000.0,10000000.0,0.0,BULL,0,10000000.0,0.0
2019-01-14,10000000.0,10000000.0,0.0,BEAR,0,10000000.0,0.0
2019-01-15,10000000.0,10000000.0,0.0,BULL,0,10000000.0,0.0
2019-01-16,10000000.0,10000000.0,0.0,BULL,0,10000000.0,0.0
2019-01-17,10000000.0,10000000.0,0.0,BULL,0,10000000.0,0.0
2019-01-18,10000000.0,10000000.0,0.0,BULL,0,10000000.0,0.0
2019-01-21,10000000.0,10000000.0,0.0,BULL,0,10000000.0,0.0
2019-01-22,10000000.0,10000000.0,0.0,BULL,0,10000000.0,0.0
2019-01-23,10000000.0,10000000.0,0.0,BULL,0,10000000.0,0.0
2019-01-24,10000000.0,10000000.0,0.0,BULL,0,10000000.0,0.0
2019-01-25,10000000.0,10000000.0,0.0,NEUTRAL,0,10000000.0,0.0
2019-01-28,10000000.0,10000000.0,0.0,BEAR,0,10000000.0,0.0
2019-01-29,10000000.0,10000000.0,0.0,BEAR,0,10000000.0,0.0
2019-01-30,10000000.0,10000000.0,0.0,BEAR,0,10000000.0,0.0
2019-01-31,10000000.0,10000000.0,0.0,BULL,0,10000000.0,0.0
2019-02-01,10000000.0,10000000.0,0.0,BULL,0,10000000.0,0.0
2019-02-04,10000000.0,10000000.0,0.0,BULL,0,10000000.0,0.0
2019-02-05,10000000.0,10000000.0,0.0,BULL,0,10000000.0,0.0
2019-02-06,10000000.0,10000000.0,0.0,BULL,0,10000000.0,0.0
2019-02-07,10000000.0,10000000.0,0.0,BULL,0,10000000.0,0.0
2019-02-08,10000000.0,10000000.0,0.0,BULL,0,10000000.0,0.0
2019-02-11,10000000.0,10000000.0,0.0,BULL,0,10000000.0,0.0
2019-02-12,10000000.0,10000000.0,0.0,BULL,0,10000000.0,0.0
2019-02-14,10000000.0,10000000.0,0.0,BEAR,0,10000000.0,0.0
2019-02-15,10000000.0,10000000.0,0.0,BEAR,0,10000000.0,0.0
2019-02-18,10000000.0,10000000.0,0.0,BEAR,0,10000000.0,0.0
2019-02-19,10000000.0,10000000.0,0.0,BEAR,0,10000000.0,0.0
2019-02-20,10000000.0,10000000.0,0.0,BEAR,0,10000000.0,0.0
2019-02-21,10000000.0,10000000.0,0.0,NEUTRAL,0,10000000.0,0.0
2019-02-22,10000000.0,10000000.0,0.0,NEUTRAL,0,10000000.0,0.0
2019-02-25,10000000.0,10000000.0,0.0,BULL,0,10000000.0,0.0
2019-02-26,10000000.0,10000000.0,0.0,BULL,0,10000000.0,0.0
2019-02-27,10000000.0,10000000.0,0.0,BULL,0,10000000.0,0.0
2019-02-28,10000000.0,10000000.0,0.0,NEUTRAL,0,10000000.0,0.0
2019-03-01,10000000.0,10000000.0,0.0,BULL,0,10000000.0,0.0
2019-03-05,10000000.0,10000000.0,0.0,BULL,0,10000000.0,0.0
2019-03-06,10000000.0,10000000.0,0.0,BULL,0,10000000.0,0.0
2019-03-07,10000000.0,10000000.0,0.0,BULL,0,10000000.0,0.0
2019-03-08,10000000.0,10000000.0,0.0,BULL,0,10000000.0,0.0
2019-03-11,10000000.0,10000000.0,0.0,BULL,0,10000000.0,0.0
2019-03-12,10000000.0,10000000.0,0.0,BULL,0,10000000.0,0.0
2019-03-13,10000000.0,10000000.0,0.0,BULL,0,10000000.0,0.0
2019-03-14,10000000.0,10000000.0,0.0,BULL,0,10000000.0,0.0
2019-03-15,10000000.0,10000000.0,0.0,BULL,0,10000000.0,0.0
2019-03-18,10000000.0,10000000.0,0.0,BULL,0,10000000.0,0.0
2019-03-19,10000000.0,10000000.0,0.0,BULL,0,10000000.0,0.0
2019-03-20,10000000.0,10000000.0,0.0,BULL,0,10000000.0,0.0
2019-03-22,10000000.0,10000000.0,0.0,BULL,0,10000000.0,0.0
2019-03-25,10000000.0,10000000.0,0.0,BULL,0,10000000.0,0.0
2019-03-26,10000000.0,10000000.0,0.0,BULL,0,10000000.0,0.0
2019-03-27,10000000.0,10000000.0,0.0,BULL,0,10000000.0,0.0
2019-03-28,10000000.0,10000000.0,0.0,BULL,0,10000000.0,0.0
2019-04-01,10000000.0,10000000.0,0.0,BULL,0,10000000.0,0.0
2019-04-02,10000000.0,10000000.0,0.0,BULL,0,10000000.0,0.0
2019-04-03,10000000.0,10000000.0,0.0,BULL,0,10000000.0,0.0
2019-04-04,10000000.0,10000000.0,0.0,BULL,0,10000000.0,0.0
2019-04-05,10000000.0,10000000.0,0.0,BULL,0,10000000.0,0.0
2019-04-08,10000000.0,10000000.0,0.0,BULL,0,10000000.0,0.0
2019-04-09,10000000.0,10000000.0,0.0,BULL,0,10000000.0,0.0
2019-04-10,10000000.0,10000000.0,0.0,BULL,0,10000000.0,0.0
2019-04-11,10000000.0,10000000.0,0.0,BULL,0,10000000.0,0.0
2019-04-12,10000000.0,9000000.0,1000000.0,BULL,1,10000000.0,0.0
2019-04-15,9996670.88,9000000.0,996670.88,BULL,1,10000000.0,-0.03
2019-04-16,10015782.13,9000000.0,1015782.13,BULL,1,10015782.13,0.0
2019-04-18,10023161.85,9000000.0,1023161.85,BULL,1,10023161.85,0.0
2019-04-22,10004886.15,9000000.0,1004886.15,BULL,1,10023161.85,-0.18
2019-04-23,9996287.93,9000000.0,996287.93,BULL,1,10023161.85,-0.27
2019-04-24,10009550.84,9000000.0,1009550.84,BULL,1,10023161.85,-0.14
2019-04-25,10008088.91,9000000.0,1008088.91,BULL,1,10023161.85,-0.15
2019-04-26,10008645.74,9000000.0,1008645.74,BULL,1,10023161.85,-0.14
2019-04-30,10018671.21,9000000.0,1018671.21,BULL,1,10023161.85,-0.04
2019-05-02,10000186.79,9000000.0,1000186.79,BULL,1,10023161.85,-0.23
2019-05-03,10001544.57,7999845.54,2001699.03,BULL,2,10023161.85,-0.22
2019-05-06,9891047.1,7999845.54,1891201.55,BULL,2,10023161.85,-1.32
2019-05-07,9854678.3,7999845.54,1854832.76,BULL,2,10023161.85,-1.68
2019-05-08,9841079.64,7999845.54,1841234.09,NEUTRAL,2,10023161.85,-1.82
2019-05-09,9787479.89,7999845.54,1787634.35,NEUTRAL,2,10023161.85,-2.35
2019-05-10,9773015.09,6045242.52,3727772.57,NEUTRAL,4,10023161.85,-2.5
2019-05-13,9739770.98,3123311.23,6616459.76,NEUTRAL,7,10023161.85,-2.83
2019-05-14,9653031.85,3123311.23,6529720.62,NEUTRAL,7,10023161.85,-3.69
2019-05-15,9668205.68,3123311.23,6544894.46,NEUTRAL,7,10023161.85,-3.54
2019-05-16,9790274.86,3123311.23,6666963.63,NEUTRAL,7,10023161.85,-2.32
2019-05-17,9850864.59,1153138.31,8697726.27,BULL,9,10023161.85,-1.72
2019-05-20,10055371.4,147601.17,9907770.23,BULL,10,10055371.4,0.0
2019-05-21,10032422.05,147601.17,9884820.88,BULL,10,10055371.4,-0.23
2019-05-22,9999432.56,147601.17,9851831.39,BULL,10,10055371.4,-0.56
2019-05-23,10089248.67,147601.17,9941647.5,BULL,10,10089248.67,0.0
2019-05-24,10124028.45,147601.17,9976427.28,BULL,10,10124028.45,0.0
2019-05-27,10078518.59,147601.17,9930917.42,BULL,10,10124028.45,-0.45
2019-05-28,10042079.02,147601.17,9894477.85,BULL,10,10124028.45,-0.81
2019-05-29,10092448.67,147601.17,9944847.5,BULL,10,10124028.45,-0.31
2019-05-30,10086071.05,147601.17,9938469.88,BULL,10,10124028.45,-0.37
2019-05-31,10135676.05,147601.17,9988074.88,BULL,10,10135676.05,0.0
2019-06-03,10222326.31,147601.17,10074725.13,BULL,10,10222326.31,0.0
2019-06-04,10162314.48,147601.17,10014713.31,BULL,10,10222326.31,-0.59
2019-06-06,10084011.4,147601.17,9936410.23,BULL,10,10222326.31,-1.35
2019-06-07,9995249.98,147601.17,9847648.81,BULL,10,10222326.31,-2.22
2019-06-10,10127543.94,147601.17,9979942.77,BULL,10,10222326.31,-0.93
2019-06-11,10116936.23,147601.17,9969335.06,BULL,10,10222326.31,-1.03
2019-06-12,10024373.27,147601.17,9876772.1,BULL,10,10222326.31,-1.94
2019-06-13,10022863.86,147601.17,9875262.68,BULL,10,10222326.31,-1.95
2019-06-14,9965449.4,147601.17,9817848.23,BULL,10,10222326.31,-2.51
2019-06-17,9892785.76,147601.17,9745184.59,BULL,10,10222326.31,-3.22
2019-06-18,9955944.68,147601.17,9808343.51,BULL,10,10222326.31,-2.61
2019-06-19,10024030.24,147601.17,9876429.07,BULL,10,10222326.31,-1.94
2019-06-20,10210825.25,147601.17,10063224.08,BULL,10,10222326.31,-0.11
2019-06-21,10220803.75,147601.17,10073202.58,BULL,10,10222326.31,-0.01
2019-06-24,10312723.81,147601.17,10165122.64,BULL,10,10312723.81,0.0
2019-06-25,10349869.29,147601.17,10202268.12,BULL,10,10349869.29,0.0
2019-06-26,10348189.55,147601.17,10200588.38,BULL,10,10349869.29,-0.02
2019-06-27,10406533.82,147601.17,10258932.65,BULL,10,10406533.82,0.0
2019-06-28,10337779.0,147601.17,10190177.83,BULL,10,10406533.82,-0.66
2019-07-01,10321422.69,1102772.46,9218650.23,BULL,9,10406533.82,-0.82
2019-07-02,10393892.18,1102772.46,9291119.72,BULL,9,10406533.82,-0.12
2019-07-03,10427649.81,1102772.46,9324877.35,BULL,9,10427649.81,0.0
2019-07-04,10421112.42,1102772.46,9318339.96,BULL,9,10427649.81,-0.06
2019-07-05,10309076.67,1102772.46,9206304.22,BULL,9,10427649.81,-1.14
2019-07-08,10023888.21,1102772.46,8921115.75,NEUTRAL,9,10427649.81,-3.87
2019-07-09,10097775.67,1102772.46,8995003.21,NEUTRAL,9,10427649.81,-3.16
2019-07-10,10007893.04,1102772.46,8905120.58,NEUTRAL,9,10427649.81,-4.03
2019-07-11,10012714.19,1102772.46,8909941.73,NEUTRAL,9,10427649.81,-3.98
2019-07-12,10000450.72,1102772.46,8897678.26,NEUTRAL,9,10427649.81,-4.1
2019-07-15,9997364.82,1102772.46,8894592.36,NEUTRAL,9,10427649.81,-4.13
2019-07-16,10158253.54,1102772.46,9055481.08,NEUTRAL,9,10427649.81,-2.58
2019-07-17,10103262.42,1102772.46,9000489.96,NEUTRAL,9,10427649.81,-3.11
2019-07-18,10044382.59,1102772.46,8941610.13,NEUTRAL,9,10427649.81,-3.68
2019-07-19,9917258.4,1102772.46,8814485.95,NEUTRAL,9,10427649.81,-4.89
2019-07-22,9860484.83,1102772.46,8757712.37,NEUTRAL,9,10427649.81,-5.44
2019-07-23,9817038.31,1102772.46,8714265.86,NEUTRAL,9,10427649.81,-5.86
2019-07-24,9708301.67,1102772.46,8605529.21,BEAR,9,10427649.81,-6.9
2019-07-25,9759920.61,1102772.46,8657148.15,BEAR,9,10427649.81,-6.4
2019-07-26,9775037.25,1102772.46,8672264.79,BEAR,9,10427649.81,-6.26
2019-07-29,9676518.25,1102772.46,8573745.79,BEAR,9,10427649.81,-7.2
2019-07-30,9596616.39,1102772.46,8493843.94,BEAR,9,10427649.81,-7.97
2019-07-31,9613318.18,1102772.46,8510545.72,BEAR,9,10427649.81,-7.81
2019-08-01,9628855.95,2825931.21,6802924.74,BEAR,7,10427649.81,-7.66
2019-08-02,9615666.66,2825931.21,6789735.45,BEAR,7,10427649.81,-7.79
2019-08-05,9536556.98,2825931.21,6710625.77,BEAR,7,10427649.81,-8.55
2019-08-06,9640823.87,2825931.21,6814892.66,BEAR,7,10427649.81,-7.55
2019-08-07,9641810.33,2825931.21,6815879.12,BEAR,7,10427649.81,-7.54
2019-08-08,9686615.85,2825931.21,6860684.64,BEAR,7,10427649.81,-7.11
2019-08-09,9832865.19,2825931.21,7006933.98,BEAR,7,10427649.81,-5.7
2019-08-13,9563387.07,2825931.21,6737455.86,BEAR,7,10427649.81,-8.29
2019-08-14,9667389.01,2825931.21,6841457.8,BEAR,7,10427649.81,-7.29
2019-08-16,9705838.56,2825931.21,6879907.35,BEAR,7,10427649.81,-6.92
2019-08-19,9793124.53,2825931.21,6967193.31,BEAR,7,10427649.81,-6.09
2019-08-20,9744006.1,2825931.21,6918074.89,BEAR,7,10427649.81,-6.56
2019-08-21,9634166.17,2825931.21,6808234.96,BEAR,7,10427649.81,-7.61
2019-08-22,9575157.26,2825931.21,6749226.05,BEAR,7,10427649.81,-8.18
2019-08-23,9530542.12,2825931.21,6704610.9,BEAR,7,10427649.81,-8.6
2019-08-26,9711089.98,2825931.21,6885158.77,BEAR,7,10427649.81,-6.87
2019-08-27,9722642.96,2825931.21,6896711.75,BEAR,7,10427649.81,-6.76
2019-08-28,9674025.06,2825931.21,6848093.85,BEAR,7,10427649.81,-7.23
2019-08-29,9682180.57,2825931.21,6856249.36,BEAR,7,10427649.81,-7.15
2019-08-30,9715813.11,2825931.21,6889881.9,BEAR,7,10427649.81,-6.83
2019-09-03,9688748.14,3569048.1,6119700.04,BEAR,6,10427649.81,-7.09
2019-09-04,9700396.72,3569048.1,6131348.62,BEAR,6,10427649.81,-6.97
2019-09-05,9660884.68,3569048.1,6091836.58,BEAR,6,10427649.81,-7.35
2019-09-06,9650940.72,3569048.1,6081892.62,BEAR,6,10427649.81,-7.45
2019-09-09,9681388.2,3569048.1,6112340.1,BEAR,6,10427649.81,-7.16
2019-09-11,9683994.11,3569048.1,6114946.01,BEAR,6,10427649.81,-7.13
2019-09-12,9698894.84,3569048.1,6129846.74,BEAR,6,10427649.81,-6.99
2019-09-13,9720795.9,3569048.1,6151747.8,BEAR,6,10427649.81,-6.78
2019-09-16,9704676.25,3569048.1,6135628.15,BEAR,6,10427649.81,-6.93
2019-09-17,9544479.96,3569048.1,5975431.86,BEAR,6,10427649.81,-8.47
2019-09-18,9683747.34,3569048.1,6114699.24,BEAR,6,10427649.81,-7.13
2019-09-19,9632000.28,3569048.1,6062952.18,BEAR,6,10427649.81,-7.63
2019-09-20,9905266.54,3569048.1,6336218.44,BULL,6,10427649.81,-5.01
2019-09-23,10026909.89,2566357.11,7460552.78,BULL,7,10427649.81,-3.84
2019-09-24,10083858.54,2566357.11,7517501.43,BULL,7,10427649.81,-3.3
2019-09-25,9965634.41,2566357.11,7399277.3,BULL,7,10427649.81,-4.43
2019-09-26,9978754.88,2566357.11,7412397.77,BULL,7,10427649.81,-4.3
2019-09-27,10014539.62,2566357.11,7448182.51,BULL,7,10427649.81,-3.96
2019-09-30,9941964.61,2566357.11,7375607.5,BULL,7,10427649.81,-4.66
2019-10-01,9851585.49,2566357.11,7285228.37,BULL,7,10427649.81,-5.52
2019-10-03,9770050.46,2566357.11,7203693.34,BULL,7,10427649.81,-6.31
2019-10-04,9648195.38,2566357.11,7081838.27,BEAR,7,10427649.81,-7.47
2019-10-07,9659692.7,2566357.11,7093335.59,BEAR,7,10427649.81,-7.36
2019-10-09,9708831.65,2566357.11,7142474.54,BULL,7,10427649.81,-6.89
2019-10-10,9663477.12,2566357.11,7097120.01,BULL,7,10427649.81,-7.33
2019-10-11,9700187.87,2566357.11,7133830.76,BULL,7,10427649.81,-6.98
2019-10-14,9789349.75,2566357.11,7222992.64,BULL,7,10427649.81,-6.12
2019-10-15,9837194.1,2566357.11,7270836.99,BULL,7,10427649.81,-5.66
2019-10-16,9861239.12,2566357.11,7294882.01,BULL,7,10427649.81,-5.43
2019-10-17,9853496.26,2566357.11,7287139.15,BULL,7,10427649.81,-5.51
2019-10-18,9985864.6,2566357.11,7419507.49,BULL,7,10427649.81,-4.24
2019-10-22,9952369.11,2566357.11,7386011.99,BULL,7,10427649.81,-4.56
2019-10-23,10010896.42,2566357.11,7444539.31,BULL,7,10427649.81,-4.0
2019-10-24,10048626.63,2566357.11,7482269.52,BULL,7,10427649.81,-3.63
2019-10-25,10004710.31,2566357.11,7438353.2,BULL,7,10427649.81,-4.06
2019-10-27,10027539.11,2566357.11,7461181.99,NEUTRAL,7,10427649.81,-3.84
2019-10-29,10118556.06,2566357.11,7552198.95,BULL,7,10427649.81,-2.96
2019-10-30,10052092.41,2566357.11,7485735.3,BULL,7,10427649.81,-3.6
2019-10-31,10141338.43,2566357.11,7574981.32,BULL,7,10427649.81,-2.75
2019-11-01,10145715.66,3353259.05,6792456.61,BULL,6,10427649.81,-2.7
2019-11-04,10101429.03,3353259.05,6748169.99,BULL,6,10427649.81,-3.13
2019-11-05,10017537.99,3353259.05,6664278.94,BULL,6,10427649.81,-3.93
2019-11-06,10043628.78,3353259.05,6690369.73,BULL,6,10427649.81,-3.68
2019-11-07,10134578.94,3353259.05,6781319.89,BULL,6,10427649.81,-2.81
2019-11-08,10067941.74,3353259.05,6714682.69,BULL,6,10427649.81,-3.45
2019-11-11,10060234.45,3353259.05,6706975.41,BULL,6,10427649.81,-3.52
2019-11-13,9962157.08,3353259.05,6608898.04,BULL,6,10427649.81,-4.46
2019-11-14,10142058.91,2339053.15,7803005.75,BULL,7,10427649.81,-2.74
2019-11-15,10093861.3,2339053.15,7754808.14,BULL,7,10427649.81,-3.2
2019-11-18,10124566.44,1326596.51,8797969.93,BULL,8,10427649.81,-2.91
2019-11-19,10114839.13,1326596.51,8788242.62,BULL,8,10427649.81,-3.0
2019-11-20,10099683.17,316628.19,9783054.98,BULL,9,10427649.81,-3.15
2019-11-21,9960448.13,0.0,9960448.13,BULL,10,10427649.81,-4.48
2019-11-22,9965445.17,0.0,9965445.17,BULL,10,10427649.81,-4.43
2019-11-25,10026108.11,0.0,10026108.11,BULL,10,10427649.81,-3.85
2019-11-26,9979327.63,0.0,9979327.63,BULL,10,10427649.81,-4.3
2019-11-27,10053340.18,0.0,10053340.18,BULL,10,10427649.81,-3.59
2019-11-28,10076400.97,0.0,10076400.97,BULL,10,10427649.81,-3.37
2019-11-29,10052179.1,0.0,10052179.1,BULL,10,10427649.81,-3.6
2019-12-02,10127945.11,0.0,10127945.11,BULL,10,10427649.81,-2.87
2019-12-03,10221905.05,0.0,10221905.05,BULL,10,10427649.81,-1.97
2019-12-04,10214202.56,0.0,10214202.56,BULL,10,10427649.81,-2.05
2019-12-05,10219869.81,0.0,10219869.81,BULL,10,10427649.81,-1.99
2019-12-06,10142589.14,0.0,10142589.14,BULL,10,10427649.81,-2.73
2019-12-09,10093733.03,0.0,10093733.03,BULL,10,10427649.81,-3.2
2019-12-10,10049271.77,0.0,10049271.77,BULL,10,10427649.81,-3.63
2019-12-11,10112696.73,0.0,10112696.73,BULL,10,10427649.81,-3.02
2019-12-12,10159028.96,0.0,10159028.96,BULL,10,10427649.81,-2.58
2019-12-13,10256306.06,0.0,10256306.06,BULL,10,10427649.81,-1.64
2019-12-16,10189645.74,0.0,10189645.74,BULL,10,10427649.81,-2.28
2019-12-17,10317184.41,0.0,10317184.41,BULL,10,10427649.81,-1.06
2019-12-18,10425503.12,0.0,10425503.12,BULL,10,10427649.81,-0.02
2019-12-19,10458503.32,0.0,10458503.32,BULL,10,10458503.32,0.0
2019-12-20,10447588.49,0.0,10447588.49,BULL,10,10458503.32,-0.1
2019-12-23,10463720.62,0.0,10463720.62,BULL,10,10463720.62,0.0
2019-12-24,10486135.84,0.0,10486135.84,BULL,10,10486135.84,0.0
2019-12-26,10493148.02,0.0,10493148.02,BULL,10,10493148.02,0.0
2019-12-27,10492589.49,0.0,10492589.49,BULL,10,10493148.02,-0.01
2019-12-30,10557991.41,0.0,10557991.41,BULL,10,10557991.41,0.0
2019-12-31,10523500.86,0.0,10523500.86,BULL,10,10557991.41,-0.33
2020-01-01,10502899.1,0.0,10502899.1,BULL,10,10557991.41,-0.52
2020-01-02,10524640.91,0.0,10524640.91,BULL,10,10557991.41,-0.32
2020-01-03,10546470.21,0.0,10546470.21,BULL,10,10557991.41,-0.11
2020-01-06,10420245.37,0.0,10420245.37,BULL,10,10557991.41,-1.3
2020-01-07,10464961.37,0.0,10464961.37,BULL,10,10557991.41,-0.88
2020-01-08,10501418.71,0.0,10501418.71,BULL,10,10557991.41,-0.54
2020-01-09,10575445.91,0.0,10575445.91,BULL,10,10575445.91,0.0
2020-01-10,10638502.88,0.0,10638502.88,BULL,10,10638502.88,0.0
2020-01-13,10721859.33,0.0,10721859.33,BULL,10,10721859.33,0.0
2020-01-14,10789108.73,0.0,10789108.73,BULL,10,10789108.73,0.0
2020-01-15,10943448.75,0.0,10943448.75,BULL,10,10943448.75,0.0
2020-01-16,11119389.03,0.0,11119389.03,BULL,10,11119389.03,0.0
2020-01-17,11094928.05,0.0,11094928.05,BULL,10,11119389.03,-0.22
2020-01-20,11217613.38,0.0,11217613.38,BULL,10,11217613.38,0.0
2020-01-21,11006894.19,0.0,11006894.19,BULL,10,11217613.38,-1.88
2020-01-22,10989047.95,0.0,10989047.95,BULL,10,11217613.38,-2.04
2020-01-23,11159646.04,0.0,11159646.04,BULL,10,11217613.38,-0.52
2020-01-24,11188969.04,0.0,11188969.04,BULL,10,11217613.38,-0.26
2020-01-27,11345088.85,0.0,11345088.85,BULL,10,11345088.85,0.0
2020-01-28,11316742.96,0.0,11316742.96,NEUTRAL,10,11345088.85,-0.25
2020-01-29,11326208.28,0.0,11326208.28,BULL,10,11345088.85,-0.17
2020-01-30,11447668.94,0.0,11447668.94,NEUTRAL,10,11447668.94,0.0
2020-01-31,11450960.73,0.0,11450960.73,NEUTRAL,10,11450960.73,0.0
2020-02-03,11289195.58,0.0,11289195.58,NEUTRAL,10,11450960.73,-1.41
2020-02-04,11295165.62,0.0,11295165.62,NEUTRAL,10,11450960.73,-1.36
2020-02-05,11535029.98,0.0,11535029.98,BULL,10,11535029.98,0.0
2020-02-06,11634353.38,0.0,11634353.38,BULL,10,11634353.38,0.0
2020-02-07,11670156.51,0.0,11670156.51,BULL,10,11670156.51,0.0
2020-02-10,11709822.48,0.0,11709822.48,NEUTRAL,10,11709822.48,0.0
2020-02-11,11762663.52,0.0,11762663.52,BULL,10,11762663.52,0.0
2020-02-12,11848374.57,0.0,11848374.57,BULL,10,11848374.57,0.0
2020-02-13,11929370.44,0.0,11929370.44,BULL,10,11929370.44,0.0
2020-02-14,11806478.87,0.0,11806478.87,BULL,10,11929370.44,-1.03
2020-02-17,11940087.91,0.0,11940087.91,NEUTRAL,10,11940087.91,0.0
2020-02-18,11870215.68,0.0,11870215.68,NEUTRAL,10,11940087.91,-0.59
2020-02-19,12093391.31,0.0,12093391.31,BULL,10,12093391.31,0.0
2020-02-20,12292863.4,0.0,12292863.4,BULL,10,12292863.4,0.0
2020-02-24,12107779.87,0.0,12107779.87,NEUTRAL,10,12292863.4,-1.51
2020-02-25,11945158.29,0.0,11945158.29,NEUTRAL,10,12292863.4,-2.83
2020-02-26,11821842.77,0.0,11821842.77,BEAR,10,12292863.4,-3.83
2020-02-27,11734358.33,0.0,11734358.33,BEAR,10,12292863.4,-4.54
2020-02-28,11501771.67,0.0,11501771.67,BEAR,10,12292863.4,-6.44
2020-03-02,11530881.76,1175098.75,10355783.01,BEAR,9,12292863.4,-6.2
2020-03-03,11704645.24,1175098.75,10529546.49,BEAR,9,12292863.4,-4.79
2020-03-04,11538520.86,1175098.75,10363422.1,BEAR,9,12292863.4,-6.14
2020-03-05,11663635.54,1175098.75,10488536.79,BEAR,9,12292863.4,-5.12
2020-03-06,11585962.83,1175098.75,10410864.07,BEAR,9,12292863.4,-5.75
2020-03-09,11363035.0,1175098.75,10187936.25,BEAR,9,12292863.4,-7.56
2020-03-11,11253634.54,1175098.75,10078535.79,BEAR,9,12292863.4,-8.45
2020-03-12,10531435.45,1175098.75,9356336.7,BEAR,9,12292863.4,-14.33
2020-03-13,10693746.15,1175098.75,9518647.39,BEAR,9,12292863.4,-13.01
2020-03-16,10129427.07,1175098.75,8954328.32,BEAR,9,12292863.4,-17.6
2020-03-17,10078100.58,1175098.75,8903001.83,BEAR,9,12292863.4,-18.02
2020-03-18,9629367.62,1175098.75,8454268.87,BEAR,9,12292863.4,-21.67
2020-03-19,9497783.45,1175098.75,8322684.69,BEAR,9,12292863.4,-22.74
2020-03-20,10028758.09,1175098.75,8853659.33,BEAR,9,12292863.4,-18.42
2020-03-23,9210394.66,1175098.75,8035295.91,BEAR,9,12292863.4,-25.08
2020-03-24,9242584.07,1175098.75,8067485.32,BEAR,9,12292863.4,-24.81
2020-03-25,9349663.41,1175098.75,8174564.65,BEAR,9,12292863.4,-23.94
2020-03-26,9503959.58,1175098.75,8328860.83,BEAR,9,12292863.4,-22.69
2020-03-27,9580431.18,1175098.75,8405332.42,BEAR,9,12292863.4,-22.07
2020-03-30,9583200.13,1175098.75,8408101.37,BEAR,9,12292863.4,-22.04
2020-03-31,9916311.38,1175098.75,8741212.62,BEAR,9,12292863.4,-19.33
2020-04-01,9768788.57,5987869.41,3780919.17,BEAR,3,12292863.4,-20.53
2020-04-03,9761315.22,5987869.41,3773445.81,BEAR,3,12292863.4,-20.59
2020-04-07,10070352.02,5987869.41,4082482.61,BEAR,3,12292863.4,-18.08
2020-04-08,10288237.73,5987869.41,4300368.32,BEAR,3,12292863.4,-16.31
2020-04-09,10420699.43,5987869.41,4432830.03,BEAR,3,12292863.4,-15.23
2020-04-13,10318546.29,5987869.41,4330676.89,BEAR,3,12292863.4,-16.06
2020-04-15,10263991.35,5987869.41,4276121.94,BEAR,3,12292863.4,-16.5
2020-04-16,10236045.6,5987869.41,4248176.2,BEAR,3,12292863.4,-16.73
2020-04-17,10220949.26,5987869.41,4233079.85,BEAR,3,12292863.4,-16.85
2020-04-20,10257927.82,5987869.41,4270058.41,BEAR,3,12292863.4,-16.55
2020-04-21,10389817.15,5987869.41,4401947.74,BEAR,3,12292863.4,-15.48
2020-04-22,10363862.37,5987869.41,4375992.96,BEAR,3,12292863.4,-15.69
2020-04-23,10360664.59,5987869.41,4372795.18,BEAR,3,12292863.4,-15.72
2020-04-24,10457139.3,5987869.41,4469269.9,BEAR,3,12292863.4,-14.93
2020-04-27,10524820.3,5987869.41,4536950.89,BEAR,3,12292863.4,-14.38
2020-04-28,10450388.99,5987869.41,4462519.59,BEAR,3,12292863.4,-14.99
2020-04-29,10418527.03,5987869.41,4430657.63,BEAR,3,12292863.4,-15.25
2020-04-30,10446261.35,5987869.41,4458391.94,BEAR,3,12292863.4,-15.02
2020-05-04,10358365.18,5987869.41,4370495.77,BEAR,3,12292863.4,-15.74
2020-05-05,10269811.41,5987869.41,4281942.0,BEAR,3,12292863.4,-16.46
2020-05-06,10232832.18,5987869.41,4244962.77,BEAR,3,12292863.4,-16.76
2020-05-07,10213843.39,5987869.41,4225973.99,BEAR,3,12292863.4,-16.91
2020-05-08,10284543.94,5987869.41,4296674.53,BEAR,3,12292863.4,-16.34
2020-05-11,10334864.98,5987869.41,4346995.58,BEAR,3,12292863.4,-15.93
2020-05-12,10341227.71,5987869.41,4353358.31,BEAR,3,12292863.4,-15.88
2020-05-13,10341973.62,5987869.41,4354104.21,BEAR,3,12292863.4,-15.87
2020-05-14,10407564.97,5987869.41,4419695.56,BEAR,3,12292863.4,-15.34
2020-05-15,10390930.28,5987869.41,4403060.87,BEAR,3,12292863.4,-15.47
2020-05-18,10379052.43,5987869.41,4391183.02,BEAR,3,12292863.4,-15.57
2020-05-19,10359386.05,5987869.41,4371516.64,BEAR,3,12292863.4,-15.73
2020-05-20,10488355.33,5987869.41,4500485.93,BEAR,3,12292863.4,-14.68
2020-05-21,10493081.7,5987869.41,4505212.3,BEAR,3,12292863.4,-14.64
2020-05-22,10419898.66,5987869.41,4432029.25,BEAR,3,12292863.4,-15.24
2020-05-26,10369326.89,5987869.41,4381457.48,BEAR,3,12292863.4,-15.65
2020-05-27,10243770.56,5987869.41,4255901.16,BEAR,3,12292863.4,-16.67
2020-05-28,10302333.75,5987869.41,4314464.34,BEAR,3,12292863.4,-16.19
2020-05-29,10283184.08,5987869.41,4295314.68,BEAR,3,12292863.4,-16.35
2020-06-01,10391929.6,5987869.41,4404060.2,BEAR,3,12292863.4,-15.46
2020-06-02,10423523.17,5987869.41,4435653.77,BEAR,3,12292863.4,-15.21
2020-06-03,10359942.73,5987869.41,4372073.33,BEAR,3,12292863.4,-15.72
2020-06-04,10404488.72,5987869.41,4416619.32,BEAR,3,12292863.4,-15.36
2020-06-05,10457669.2,5987869.41,4469799.8,BEAR,3,12292863.4,-14.93
2020-06-08,10421661.72,5987869.41,4433792.32,BEAR,3,12292863.4,-15.22
2020-06-09,10421172.6,5987869.41,4433303.19,BEAR,3,12292863.4,-15.23
2020-06-10,10462117.12,5987869.41,4474247.71,BEAR,3,12292863.4,-14.89
2020-06-11,10409027.05,5987869.41,4421157.64,BEAR,3,12292863.4,-15.32
2020-06-12,10449097.15,5987869.41,4461227.74,BEAR,3,12292863.4,-15.0
2020-06-15,10416710.91,5987869.41,4428841.5,BEAR,3,12292863.4,-15.26
2020-06-16,10423632.79,5987869.41,4435763.39,BEAR,3,12292863.4,-15.21
2020-06-17,10342966.36,5987869.41,4355096.95,BEAR,3,12292863.4,-15.86
2020-06-18,10393863.93,5987869.41,4405994.53,BEAR,3,12292863.4,-15.45
2020-06-19,10414829.29,5987869.41,4426959.88,BEAR,3,12292863.4,-15.28
2020-06-22,10459352.61,5987869.41,4471483.2,BEAR,3,12292863.4,-14.92
2020-06-23,10519525.94,5987869.41,4531656.53,BEAR,3,12292863.4,-14.43
2020-06-24,10473146.39,5987869.41,4485276.98,BEAR,3,12292863.4,-14.8
2020-06-25,10454397.91,5987869.41,4466528.5,BEAR,3,12292863.4,-14.96
2020-06-26,10496769.72,5987869.41,4508900.31,BEAR,3,12292863.4,-14.61
2020-06-29,10454733.59,5987869.41,4466864.18,BEAR,3,12292863.4,-14.95
2020-06-30,10438038.16,5987869.41,4450168.75,BEAR,3,12292863.4,-15.09
2020-07-01,10372764.23,5987869.41,4384894.82,BEAR,3,12292863.4,-15.62
2020-07-02,10358721.6,5987869.41,4370852.19,BULL,3,12292863.4,-15.73
2020-07-03,10357621.34,5987869.41,4369751.93,BULL,3,12292863.4,-15.74
2020-07-06,10374809.87,5987869.41,4386940.46,BULL,3,12292863.4,-15.6
2020-07-07,10372636.43,5987869.41,4384767.02,BULL,3,12292863.4,-15.62
2020-07-08,10328858.21,5987869.41,4340988.81,BULL,3,12292863.4,-15.98
2020-07-09,10348660.4,4953003.37,5395657.04,BULL,4,12292863.4,-15.82
2020-07-10,10382335.04,4953003.37,5429331.67,BULL,4,12292863.4,-15.54
2020-07-13,10334900.89,4953003.37,5381897.53,BULL,4,12292863.4,-15.93
2020-07-14,10319374.06,4953003.37,5366370.7,BULL,4,12292863.4,-16.05
2020-07-15,10323681.13,4953003.37,5370677.77,BULL,4,12292863.4,-16.02
2020-07-16,10406738.3,4953003.37,5453734.94,BULL,4,12292863.4,-15.34
2020-07-17,10454475.48,4953003.37,5501472.11,BULL,4,12292863.4,-14.95
2020-07-20,10465816.31,4953003.37,5512812.94,BULL,4,12292863.4,-14.86
2020-07-21,10419607.53,3911042.61,6508564.92,BULL,5,12292863.4,-15.24
2020-07-22,10407945.82,3911042.61,6496903.21,BULL,5,12292863.4,-15.33
2020-07-23,10550081.78,3911042.61,6639039.17,BULL,5,12292863.4,-14.18
2020-07-24,10453527.01,3911042.61,6542484.39,BULL,5,12292863.4,-14.96
2020-07-27,10452289.12,2865813.7,7586475.42,BULL,6,12292863.4,-14.97
2020-07-28,10450359.49,2865813.7,7584545.78,BULL,6,12292863.4,-14.99
2020-07-29,10577618.81,2865813.7,7711805.11,BULL,6,12292863.4,-13.95
2020-07-30,10698439.81,2865813.7,7832626.11,BULL,6,12292863.4,-12.97
2020-07-31,10859256.3,2865813.7,7993442.6,BULL,6,12292863.4,-11.66
2020-08-03,10893992.37,3995037.41,6898954.96,BULL,5,12292863.4,-11.38
2020-08-04,11088934.0,3995037.41,7093896.59,BULL,5,12292863.4,-9.79
2020-08-05,11048674.48,3995037.41,7053637.07,BULL,5,12292863.4,-10.12
2020-08-06,11108421.58,3995037.41,7113384.17,BULL,5,12292863.4,-9.64
2020-08-07,11402682.06,3995037.41,7407644.65,BULL,5,12292863.4,-7.24
2020-08-10,11951724.38,3995037.41,7956686.97,BULL,5,12292863.4,-2.78
2020-08-11,12001376.63,3995037.41,8006339.22,BULL,5,12292863.4,-2.37
2020-08-12,11860738.58,3995037.41,7865701.17,BULL,5,12292863.4,-3.52
2020-08-13,11792060.58,3995037.41,7797023.16,BULL,5,12292863.4,-4.07
2020-08-14,11776382.91,3995037.41,7781345.5,BULL,5,12292863.4,-4.2
2020-08-17,11777091.35,3995037.41,7782053.94,BULL,5,12292863.4,-4.2
2020-08-18,11890916.23,3995037.41,7895878.82,BULL,5,12292863.4,-3.27
2020-08-19,11875939.53,3995037.41,7880902.12,BULL,5,12292863.4,-3.39
2020-08-20,11919186.86,2803118.73,9116068.13,BULL,6,12292863.4,-3.04
2020-08-21,12005008.11,2803118.73,9201889.38,BULL,6,12292863.4,-2.34
2020-08-24,12166470.91,2803118.73,9363352.18,BULL,6,12292863.4,-1.03
2020-08-25,12208719.28,2803118.73,9405600.56,BULL,6,12292863.4,-0.68
2020-08-26,12128820.28,2803118.73,9325701.55,BULL,6,12292863.4,-1.33
2020-08-27,12161287.36,2803118.73,9358168.63,BULL,6,12292863.4,-1.07
2020-08-28,12227859.32,2803118.73,9424740.59,BULL,6,12292863.4,-0.53
2020-08-31,11813111.28,2803118.73,9009992.55,BULL,6,12292863.4,-3.9
2020-09-01,12087294.5,2803118.73,9284175.77,BULL,6,12292863.4,-1.67
2020-09-02,12471046.0,1556014.13,10915031.87,BULL,7,12471046.0,0.0
2020-09-03,12528020.4,1556014.13,10972006.27,BULL,7,12528020.4,0.0
2020-09-04,12326454.58,323368.67,12003085.91,BULL,8,12528020.4,-1.61
2020-09-07,12310882.33,323368.67,11987513.66,BULL,8,12528020.4,-1.73
2020-09-08,12194313.42,323368.67,11870944.75,BULL,8,12528020.4,-2.66
2020-09-09,12294871.88,323368.67,11971503.21,BULL,8,12528020.4,-1.86
2020-09-10,12325821.41,323368.67,12002452.74,BULL,8,12528020.4,-1.61
2020-09-11,12429267.15,0.0,12429267.15,BULL,9,12528020.4,-0.79
2020-09-14,12855477.03,0.0,12855477.03,BULL,9,12855477.03,0.0
2020-09-15,13040608.02,0.0,13040608.02,BULL,9,13040608.02,0.0
2020-09-16,13264642.33,0.0,13264642.33,BULL,9,13264642.33,0.0
2020-09-17,13115625.55,0.0,13115625.55,BULL,9,13264642.33,-1.12
2020-09-18,13318494.76,0.0,13318494.76,BULL,9,13318494.76,0.0
2020-09-21,12828861.17,0.0,12828861.17,BULL,9,13318494.76,-3.68
2020-09-22,12618998.61,0.0,12618998.61,NEUTRAL,9,13318494.76,-5.25
2020-09-23,12348051.79,0.0,12348051.79,NEUTRAL,9,13318494.76,-7.29
2020-09-24,12214608.87,0.0,12214608.87,BEAR,9,13318494.76,-8.29
2020-09-25,12359953.1,0.0,12359953.1,NEUTRAL,9,13318494.76,-7.2
2020-09-28,12574883.58,0.0,12574883.58,BULL,9,13318494.76,-5.58
2020-09-29,12647527.34,0.0,12647527.34,BULL,9,13318494.76,-5.04
2020-09-30,12792972.58,0.0,12792972.58,BULL,9,13318494.76,-3.95
2020-10-01,12874402.57,0.0,12874402.57,BULL,9,13318494.76,-3.33
2020-10-05,12890827.43,0.0,12890827.43,BULL,9,13318494.76,-3.21
2020-10-06,12886328.45,0.0,12886328.45,BULL,9,13318494.76,-3.24
2020-10-07,12814994.46,0.0,12814994.46,BULL,9,13318494.76,-3.78
2020-10-08,12792220.23,0.0,12792220.23,BULL,9,13318494.76,-3.95
2020-10-09,12621683.94,0.0,12621683.94,BULL,9,13318494.76,-5.23
2020-10-12,12647964.15,0.0,12647964.15,BULL,9,13318494.76,-5.03
2020-10-13,12728127.56,0.0,12728127.56,BULL,9,13318494.76,-4.43
2020-10-14,12678539.93,0.0,12678539.93,BULL,9,13318494.76,-4.81
2020-10-15,12529554.22,0.0,12529554.22,BULL,9,13318494.76,-5.92
2020-10-16,12647879.52,0.0,12647879.52,BULL,9,13318494.76,-5.04
2020-10-19,12605682.99,0.0,12605682.99,BULL,9,13318494.76,-5.35
2020-10-20,12542469.56,0.0,12542469.56,BULL,9,13318494.76,-5.83
2020-10-21,12627057.9,0.0,12627057.9,BULL,9,13318494.76,-5.19
2020-10-22,12922393.32,0.0,12922393.32,BULL,9,13318494.76,-2.97
2020-10-23,12929761.76,0.0,12929761.76,BULL,9,13318494.76,-2.92
2020-10-26,12722303.98,0.0,12722303.98,BULL,9,13318494.76,-4.48
2020-10-27,13148254.25,0.0,13148254.25,BULL,9,13318494.76,-1.28
2020-10-28,13184767.32,0.0,13184767.32,BULL,9,13318494.76,-1.0
2020-10-29,13328040.4,0.0,13328040.4,BULL,9,13328040.4,0.0
2020-10-30,13412130.2,0.0,13412130.2,BULL,9,13412130.2,0.0
2020-11-02,13310611.22,0.0,13310611.22,BULL,9,13412130.2,-0.76
2020-11-03,13345507.33,0.0,13345507.33,BULL,9,13412130.2,-0.5
2020-11-04,13527313.21,0.0,13527313.21,BULL,9,13527313.21,0.0
2020-11-05,13632754.6,0.0,13632754.6,BULL,9,13632754.6,0.0
2020-11-06,13604578.07,0.0,13604578.07,BULL,9,13632754.6,-0.21
2020-11-09,13725849.46,0.0,13725849.46,BULL,9,13725849.46,0.0
2020-11-10,12978059.39,0.0,12978059.39,BULL,9,13725849.46,-5.45
2020-11-11,13237847.25,0.0,13237847.25,BULL,9,13725849.46,-3.56
2020-11-12,13456387.2,0.0,13456387.2,BULL,9,13725849.46,-1.96
2020-11-13,13716177.65,0.0,13716177.65,BULL,9,13725849.46,-0.07
2020-11-14,13825259.0,0.0,13825259.0,NEUTRAL,9,13825259.0,0.0
2020-11-17,13956512.34,0.0,13956512.34,BULL,9,13956512.34,0.0
2020-11-18,13998364.68,0.0,13998364.68,BULL,9,13998364.68,0.0
2020-11-19,13928892.0,0.0,13928892.0,BULL,9,13998364.68,-0.5
2020-11-20,14246556.12,0.0,14246556.12,BULL,9,14246556.12,0.0
2020-11-23,14705713.41,0.0,14705713.41,BULL,9,14705713.41,0.0
2020-11-24,14851756.7,0.0,14851756.7,BULL,9,14851756.7,0.0
2020-11-25,14394111.09,0.0,14394111.09,BULL,9,14851756.7,-3.08
2020-11-26,14362915.72,0.0,14362915.72,BULL,9,14851756.7,-3.29
2020-11-27,14664056.36,0.0,14664056.36,BULL,9,14851756.7,-1.26
2020-12-01,14728586.6,0.0,14728586.6,BULL,9,14851756.7,-0.83
2020-12-02,14723810.9,0.0,14723810.9,BULL,9,14851756.7,-0.86
2020-12-03,14752806.93,0.0,14752806.93,BULL,9,14851756.7,-0.67
2020-12-04,14704968.7,0.0,14704968.7,BULL,9,14851756.7,-0.99
2020-12-07,14679680.7,0.0,14679680.7,BULL,9,14851756.7,-1.16
2020-12-08,14711022.06,0.0,14711022.06,BULL,9,14851756.7,-0.95
2020-12-09,14693375.46,0.0,14693375.46,BULL,9,14851756.7,-1.07
2020-12-10,14569252.46,0.0,14569252.46,BULL,9,14851756.7,-1.9
2020-12-11,14508516.35,0.0,14508516.35,BULL,9,14851756.7,-2.31
2020-12-14,14390236.3,0.0,14390236.3,BULL,9,14851756.7,-3.11
2020-12-15,14432816.67,0.0,14432816.67,BULL,9,14851756.7,-2.82
2020-12-16,14585227.93,0.0,14585227.93,BULL,9,14851756.7,-1.79
2020-12-17,14637127.03,0.0,14637127.03,BULL,9,14851756.7,-1.45
2020-12-18,14679900.47,0.0,14679900.47,BULL,9,14851756.7,-1.16
2020-12-21,14354876.73,0.0,14354876.73,BULL,9,14851756.7,-3.35
2020-12-22,14611971.44,0.0,14611971.44,BULL,9,14851756.7,-1.61
2020-12-23,14836600.01,0.0,14836600.01,BULL,9,14851756.7,-0.1
2020-12-24,14881790.78,0.0,14881790.78,BULL,9,14881790.78,0.0
2020-12-28,14947162.24,0.0,14947162.24,BULL,9,14947162.24,0.0
2020-12-29,14957580.33,0.0,14957580.33,BULL,9,14957580.33,0.0
2020-12-30,14944037.72,0.0,14944037.72,BULL,9,14957580.33,-0.09
2020-12-31,14963630.32,0.0,14963630.32,BULL,9,14963630.32,0.0
2021-01-01,15101546.68,0.0,15101546.68,BULL,9,15101546.68,0.0
2021-01-04,15207776.79,0.0,15207776.79,BULL,9,15207776.79,0.0
2021-01-05,15350113.7,0.0,15350113.7,BULL,9,15350113.7,0.0
2021-01-06,15275943.12,0.0,15275943.12,BULL,9,15350113.7,-0.48
2021-01-07,15098661.22,0.0,15098661.22,BULL,9,15350113.7,-1.64
2021-01-08,15086449.52,0.0,15086449.52,BULL,9,15350113.7,-1.72
2021-01-11,14885184.76,0.0,14885184.76,BULL,9,15350113.7,-3.03
2021-01-12,14733901.67,0.0,14733901.67,BULL,9,15350113.7,-4.01
2021-01-13,14668934.04,0.0,14668934.04,BULL,9,15350113.7,-4.44
2021-01-14,14836029.08,0.0,14836029.08,BULL,9,15350113.7,-3.35
2021-01-15,14593411.29,0.0,14593411.29,BULL,9,15350113.7,-4.93
2021-01-18,14401572.06,0.0,14401572.06,BULL,9,15350113.7,-6.18
2021-01-19,14591478.99,0.0,14591478.99,BULL,9,15350113.7,-4.94
2021-01-20,14633588.32,0.0,14633588.32,BULL,9,15350113.7,-4.67
2021-01-21,14595871.16,0.0,14595871.16,BULL,9,15350113.7,-4.91
2021-01-22,14476716.34,0.0,14476716.34,BULL,9,15350113.7,-5.69
2021-01-25,14398208.94,0.0,14398208.94,BULL,9,15350113.7,-6.2
2021-01-27,14309228.97,0.0,14309228.97,BULL,9,15350113.7,-6.78
2021-01-28,14124429.08,0.0,14124429.08,BULL,9,15350113.7,-7.98
2021-01-29,13914704.16,0.0,13914704.16,NEUTRAL,9,15350113.7,-9.35
2021-02-01,14009872.84,0.0,14009872.84,BULL,10,15350113.7,-8.73
2021-02-02,14239746.66,0.0,14239746.66,BULL,10,15350113.7,-7.23
2021-02-03,14435184.69,0.0,14435184.69,BULL,10,15350113.7,-5.96
2021-02-04,14649172.52,0.0,14649172.52,BULL,10,15350113.7,-4.57
2021-02-05,14663980.36,0.0,14663980.36,BULL,10,15350113.7,-4.47
2021-02-08,14546797.9,0.0,14546797.9,BULL,10,15350113.7,-5.23
2021-02-09,14578013.62,0.0,14578013.62,BULL,10,15350113.7,-5.03
2021-02-10,14561141.91,0.0,14561141.91,BULL,10,15350113.7,-5.14
2021-02-11,14605125.05,0.0,14605125.05,BULL,10,15350113.7,-4.85
2021-02-12,14542889.52,0.0,14542889.52,BULL,10,15350113.7,-5.26
2021-02-15,14549627.88,0.0,14549627.88,BULL,10,15350113.7,-5.21
2021-02-16,14563124.41,0.0,14563124.41,BULL,10,15350113.7,-5.13
2021-02-17,14746299.62,0.0,14746299.62,BULL,10,15350113.7,-3.93
2021-02-18,14700615.08,0.0,14700615.08,BULL,10,15350113.7,-4.23
2021-02-19,14553371.94,0.0,14553371.94,BULL,10,15350113.7,-5.19
2021-02-22,14479903.77,0.0,14479903.77,BULL,10,15350113.7,-5.67
2021-02-23,14719115.55,0.0,14719115.55,BULL,10,15350113.7,-4.11
2021-02-24,14695460.73,0.0,14695460.73,BULL,10,15350113.7,-4.26
2021-02-25,14612665.85,0.0,14612665.85,BULL,10,15350113.7,-4.8
2021-02-26,14629991.67,0.0,14629991.67,BULL,10,15350113.7,-4.69
2021-03-01,14661219.68,1179647.8,13481571.88,BULL,9,15350113.7,-4.49
2021-03-02,14881339.42,0.0,14881339.42,BULL,10,15350113.7,-3.05
2021-03-03,15049282.23,0.0,15049282.23,BULL,10,15350113.7,-1.96
2021-03-04,15065810.57,0.0,15065810.57,BULL,10,15350113.7,-1.85
2021-03-05,14796941.19,0.0,14796941.19,BULL,10,15350113.7,-3.6
2021-03-08,14789017.2,0.0,14789017.2,BULL,10,15350113.7,-3.66
2021-03-09,14779365.0,0.0,14779365.0,BULL,10,15350113.7,-3.72
2021-03-10,14984259.79,0.0,14984259.79,BULL,10,15350113.7,-2.38
2021-03-12,14931872.25,0.0,14931872.25,BULL,10,15350113.7,-2.72
2021-03-15,15191286.79,0.0,15191286.79,BULL,10,15350113.7,-1.03
2021-03-16,15367184.17,0.0,15367184.17,BULL,10,15367184.17,0.0
2021-03-17,14953760.69,0.0,14953760.69,BULL,10,15367184.17,-2.69
2021-03-18,14731348.92,0.0,14731348.92,NEUTRAL,10,15367184.17,-4.14
2021-03-19,15093776.84,0.0,15093776.84,BULL,10,15367184.17,-1.78
2021-03-22,15479319.9,0.0,15479319.9,BULL,10,15479319.9,0.0
2021-03-23,15834235.92,0.0,15834235.92,BULL,10,15834235.92,0.0
2021-03-24,15634558.28,0.0,15634558.28,NEUTRAL,10,15834235.92,-1.26
2021-03-25,15367562.01,0.0,15367562.01,NEUTRAL,10,15834235.92,-2.95
2021-03-26,15513447.07,0.0,15513447.07,NEUTRAL,10,15834235.92,-2.03
2021-03-30,15604707.3,0.0,15604707.3,BULL,10,15834235.92,-1.45
2021-03-31,15541287.51,0.0,15541287.51,BULL,10,15834235.92,-1.85
2021-04-01,15880963.85,0.0,15880963.85,BULL,10,15880963.85,0.0
2021-04-05,16097418.86,0.0,16097418.86,BULL,10,16097418.86,0.0
2021-04-06,16294891.15,0.0,16294891.15,BULL,10,16294891.15,0.0
2021-04-07,16381623.77,0.0,16381623.77,BULL,10,16381623.77,0.0
2021-04-08,16453235.79,0.0,16453235.79,BULL,10,16453235.79,0.0
2021-04-09,16541997.49,0.0,16541997.49,BULL,10,16541997.49,0.0
2021-04-12,16106609.98,0.0,16106609.98,NEUTRAL,10,16541997.49,-2.63
2021-04-13,15902978.8,0.0,15902978.8,NEUTRAL,10,16541997.49,-3.86
2021-04-15,15941149.47,0.0,15941149.47,NEUTRAL,10,16541997.49,-3.63
2021-04-16,16088006.02,0.0,16088006.02,NEUTRAL,10,16541997.49,-2.74
2021-04-19,15910525.0,0.0,15910525.0,NEUTRAL,10,16541997.49,-3.82
2021-04-20,15765008.39,0.0,15765008.39,NEUTRAL,10,16541997.49,-4.7
2021-04-22,15892174.72,0.0,15892174.72,NEUTRAL,10,16541997.49,-3.93
2021-04-23,15961398.35,0.0,15961398.35,NEUTRAL,10,16541997.49,-3.51
2021-04-26,15955720.2,0.0,15955720.2,NEUTRAL,10,16541997.49,-3.54
2021-04-27,16187683.3,0.0,16187683.3,BULL,10,16541997.49,-2.14
2021-04-28,16234100.25,0.0,16234100.25,BULL,10,16541997.49,-1.86
2021-04-29,16406732.78,0.0,16406732.78,BULL,10,16541997.49,-0.82
2021-04-30,16529231.46,0.0,16529231.46,BULL,10,16541997.49,-0.08
2021-05-03,16707405.6,1142507.82,15564897.78,BULL,9,16707405.6,0.0
2021-05-04,16549449.01,1142507.82,15406941.18,NEUTRAL,9,16707405.6,-0.95
2021-05-05,16691446.02,1142507.82,15548938.2,BULL,9,16707405.6,-0.1
2021-05-06,16874266.37,0.0,16874266.37,BULL,10,16874266.37,0.0
2021-05-07,16955754.43,0.0,16955754.43,BULL,10,16955754.43,0.0
2021-05-10,17225552.54,0.0,17225552.54,BULL,10,17225552.54,0.0
2021-05-11,17112897.79,0.0,17112897.79,BULL,10,17225552.54,-0.65
2021-05-12,16967589.9,0.0,16967589.9,BULL,10,17225552.54,-1.5
2021-05-14,16571353.71,0.0,16571353.71,BULL,10,17225552.54,-3.8
2021-05-17,16877336.6,0.0,16877336.6,BULL,10,17225552.54,-2.02
2021-05-18,17127309.64,0.0,17127309.64,BULL,10,17225552.54,-0.57
2021-05-19,17229857.94,0.0,17229857.94,BULL,10,17229857.94,0.0
2021-05-20,17097701.35,0.0,17097701.35,BULL,10,17229857.94,-0.77
2021-05-21,17231756.06,0.0,17231756.06,BULL,10,17231756.06,0.0
2021-05-24,17670439.52,0.0,17670439.52,BULL,10,17670439.52,0.0
2021-05-25,17677809.86,0.0,17677809.86,BULL,10,17677809.86,0.0
2021-05-26,17755944.88,0.0,17755944.88,BULL,10,17755944.88,0.0
2021-05-27,17694140.64,0.0,17694140.64,BULL,10,17755944.88,-0.35
2021-05-28,17619362.25,0.0,17619362.25,BULL,10,17755944.88,-0.77
2021-05-31,17878563.51,0.0,17878563.51,BULL,10,17878563.51,0.0
2021-06-01,17721437.43,0.0,17721437.43,BULL,10,17878563.51,-0.88
2021-06-02,17971277.74,0.0,17971277.74,BULL,10,17971277.74,0.0
2021-06-03,17980532.7,0.0,17980532.7,BULL,10,17980532.7,0.0
2021-06-04,17990044.94,0.0,17990044.94,BULL,10,17990044.94,0.0
2021-06-07,18158301.12,0.0,18158301.12,BULL,10,18158301.12,0.0
2021-06-08,18498538.5,0.0,18498538.5,BULL,10,18498538.5,0.0
2021-06-09,18475552.06,0.0,18475552.06,BULL,10,18498538.5,-0.12
2021-06-10,19066421.86,0.0,19066421.86,BULL,10,19066421.86,0.0
2021-06-11,19574393.36,0.0,19574393.36,BULL,10,19574393.36,0.0
2021-06-14,20278759.86,0.0,20278759.86,BULL,10,20278759.86,0.0
2021-06-15,20027440.47,0.0,20027440.47,BULL,10,20278759.86,-1.24
2021-06-16,19867526.02,0.0,19867526.02,BULL,10,20278759.86,-2.03
2021-06-17,19524127.9,0.0,19524127.9,BULL,10,20278759.86,-3.72
2021-06-18,18972822.91,0.0,18972822.91,BULL,10,20278759.86,-6.44
2021-06-21,19188887.52,0.0,19188887.52,BULL,10,20278759.86,-5.37
2021-06-22,19411874.3,0.0,19411874.3,BULL,10,20278759.86,-4.27
2021-06-23,19250221.69,0.0,19250221.69,BULL,10,20278759.86,-5.07
2021-06-24,19216196.07,0.0,19216196.07,BULL,10,20278759.86,-5.24
2021-06-25,19225570.2,0.0,19225570.2,BULL,10,20278759.86,-5.19
2021-06-28,19022098.31,0.0,19022098.31,BULL,10,20278759.86,-6.2
2021-06-29,19158133.83,0.0,19158133.83,BULL,10,20278759.86,-5.53
2021-06-30,19254052.9,0.0,19254052.9,BULL,10,20278759.86,-5.05
2021-07-01,19125493.73,0.0,19125493.73,BULL,10,20278759.86,-5.69
2021-07-02,19019726.3,0.0,19019726.3,BULL,10,20278759.86,-6.21
2021-07-05,18884628.05,0.0,18884628.05,BULL,10,20278759.86,-6.87
2021-07-06,19228857.45,0.0,19228857.45,BULL,10,20278759.86,-5.18
2021-07-07,19429505.31,0.0,19429505.31,BULL,10,20278759.86,-4.19
2021-07-08,19563035.55,0.0,19563035.55,BULL,10,20278759.86,-3.53
2021-07-09,19445493.73,0.0,19445493.73,BULL,10,20278759.86,-4.11
2021-07-12,19333728.14,0.0,19333728.14,BULL,10,20278759.86,-4.66
2021-07-13,19258960.27,0.0,19258960.27,BULL,10,20278759.86,-5.03
2021-07-14,19360801.57,0.0,19360801.57,BULL,10,20278759.86,-4.53
2021-07-15,19555513.63,0.0,19555513.63,BULL,10,20278759.86,-3.57
2021-07-16,19705312.22,0.0,19705312.22,BULL,10,20278759.86,-2.83
2021-07-19,19775994.22,0.0,19775994.22,BULL,10,20278759.86,-2.48
2021-07-20,19593499.84,0.0,19593499.84,BULL,10,20278759.86,-3.38
2021-07-22,20050225.13,0.0,20050225.13,BULL,10,20278759.86,-1.13
2021-07-23,20338455.73,0.0,20338455.73,BULL,10,20338455.73,0.0
2021-07-26,20333854.44,0.0,20333854.44,BULL,10,20338455.73,-0.02
2021-07-27,20174524.83,0.0,20174524.83,BULL,10,20338455.73,-0.81
2021-07-28,20586667.14,0.0,20586667.14,BULL,10,20586667.14,0.0
2021-07-29,20589475.68,0.0,20589475.68,BULL,10,20589475.68,0.0
2021-07-30,20372889.95,0.0,20372889.95,BULL,10,20589475.68,-1.05
2021-08-02,20485396.34,0.0,20485396.34,BULL,10,20589475.68,-0.51
2021-08-03,20468980.57,0.0,20468980.57,BULL,10,20589475.68,-0.59
2021-08-04,19986394.13,0.0,19986394.13,BULL,10,20589475.68,-2.93
2021-08-05,20222016.32,0.0,20222016.32,BULL,10,20589475.68,-1.78
2021-08-06,20187892.58,0.0,20187892.58,BULL,10,20589475.68,-1.95
2021-08-09,19939732.86,0.0,19939732.86,BULL,10,20589475.68,-3.16
2021-08-10,19735226.63,0.0,19735226.63,BULL,10,20589475.68,-4.15
2021-08-11,19684447.31,0.0,19684447.31,BULL,10,20589475.68,-4.4
2021-08-12,19886103.68,0.0,19886103.68,BULL,10,20589475.68,-3.42
2021-08-13,19834529.38,0.0,19834529.38,BULL,10,20589475.68,-3.67
2021-08-16,19742798.52,0.0,19742798.52,BULL,10,20589475.68,-4.11
2021-08-17,19716640.48,0.0,19716640.48,BULL,10,20589475.68,-4.24
2021-08-18,19696702.22,0.0,19696702.22,BULL,10,20589475.68,-4.34
2021-08-20,19220443.42,0.0,19220443.42,BULL,10,20589475.68,-6.65
2021-08-23,19042482.71,0.0,19042482.71,BULL,10,20589475.68,-7.51
2021-08-24,18902875.19,0.0,18902875.19,BULL,10,20589475.68,-8.19
2021-08-25,18848573.23,0.0,18848573.23,BULL,10,20589475.68,-8.46
2021-08-26,18630938.29,0.0,18630938.29,BULL,10,20589475.68,-9.51
2021-08-27,18920733.92,0.0,18920733.92,BULL,10,20589475.68,-8.1
2021-08-30,19285359.0,0.0,19285359.0,BULL,10,20589475.68,-6.33
2021-08-31,19385337.63,0.0,19385337.63,BULL,10,20589475.68,-5.85
2021-09-01,19359440.19,0.0,19359440.19,BULL,10,20589475.68,-5.97
2021-09-02,19347730.82,0.0,19347730.82,BULL,10,20589475.68,-6.03
2021-09-03,19316209.31,0.0,19316209.31,BULL,10,20589475.68,-6.18
2021-09-06,19228231.83,0.0,19228231.83,BULL,10,20589475.68,-6.61
2021-09-07,19066885.94,0.0,19066885.94,BULL,10,20589475.68,-7.39
2021-09-08,19107779.83,0.0,19107779.83,BULL,10,20589475.68,-7.2
2021-09-09,19241353.36,0.0,19241353.36,BULL,10,20589475.68,-6.55
2021-09-13,19417776.35,0.0,19417776.35,BULL,10,20589475.68,-5.69
2021-09-14,19593842.19,0.0,19593842.19,BULL,10,20589475.68,-4.84
2021-09-15,20048270.95,0.0,20048270.95,BULL,10,20589475.68,-2.63
2021-09-16,20013338.1,0.0,20013338.1,BULL,10,20589475.68,-2.8
2021-09-17,19766225.45,0.0,19766225.45,BULL,10,20589475.68,-4.0
2021-09-20,19438310.28,0.0,19438310.28,BULL,10,20589475.68,-5.59
2021-09-21,19304655.92,0.0,19304655.92,BULL,10,20589475.68,-6.24
2021-09-22,19599307.71,0.0,19599307.71,BULL,10,20589475.68,-4.81
2021-09-23,19659877.23,0.0,19659877.23,BULL,10,20589475.68,-4.51
2021-09-24,19333741.99,0.0,19333741.99,BULL,10,20589475.68,-6.1
2021-09-27,18834473.78,0.0,18834473.78,BULL,10,20589475.68,-8.52
2021-09-28,18491097.62,0.0,18491097.62,BULL,10,20589475.68,-10.19
2021-09-29,18785018.02,0.0,18785018.02,BULL,10,20589475.68,-8.76
2021-09-30,18971644.78,0.0,18971644.78,BULL,10,20589475.68,-7.86
2021-10-01,18935284.7,0.0,18935284.7,BULL,10,20589475.68,-8.03
2021-10-04,19262476.73,0.0,19262476.73,BULL,10,20589475.68,-6.45
2021-10-05,19342314.4,0.0,19342314.4,BULL,10,20589475.68,-6.06
2021-10-06,19103687.92,0.0,19103687.92,BULL,10,20589475.68,-7.22
2021-10-07,19367983.04,0.0,19367983.04,BULL,10,20589475.68,-5.93
2021-10-08,19557500.17,0.0,19557500.17,BULL,10,20589475.68,-5.01
2021-10-11,19631466.54,0.0,19631466.54,BULL,10,20589475.68,-4.65
2021-10-12,19698259.78,0.0,19698259.78,BULL,10,20589475.68,-4.33
2021-10-13,19898077.77,0.0,19898077.77,BULL,10,20589475.68,-3.36
2021-10-14,19960729.58,0.0,19960729.58,BULL,10,20589475.68,-3.05
2021-10-18,20092359.47,0.0,20092359.47,BULL,10,20589475.68,-2.41
2021-10-19,20067751.77,0.0,20067751.77,BULL,10,20589475.68,-2.53
2021-10-20,19421087.39,0.0,19421087.39,BULL,10,20589475.68,-5.67
2021-10-21,19512163.57,0.0,19512163.57,BULL,10,20589475.68,-5.23
2021-10-22,18928624.94,0.0,18928624.94,BULL,10,20589475.68,-8.07
2021-10-25,18649527.04,0.0,18649527.04,BULL,10,20589475.68,-9.42
2021-10-26,19133957.91,0.0,19133957.91,BULL,10,20589475.68,-7.07
2021-10-27,19642605.36,0.0,19642605.36,BULL,10,20589475.68,-4.6
2021-10-28,19153710.22,0.0,19153710.22,BULL,10,20589475.68,-6.97
2021-10-29,18781871.52,0.0,18781871.52,BULL,10,20589475.68,-8.78
2021-11-01,18974911.13,0.0,18974911.13,BULL,10,20589475.68,-7.84
2021-11-02,18915572.26,0.0,18915572.26,BULL,10,20589475.68,-8.13
2021-11-03,18754140.66,0.0,18754140.66,BULL,10,20589475.68,-8.91
2021-11-04,19148331.2,0.0,19148331.2,BULL,10,20589475.68,-7.0
2021-11-08,19183326.35,0.0,19183326.35,BULL,10,20589475.68,-6.83
2021-11-09,19129336.8,0.0,19129336.8,BULL,10,20589475.68,-7.09
2021-11-10,18852964.93,0.0,18852964.93,BULL,10,20589475.68,-8.43
2021-11-11,18632176.08,0.0,18632176.08,BULL,10,20589475.68,-9.51
2021-11-12,18677994.23,0.0,18677994.23,BULL,10,20589475.68,-9.28
2021-11-15,18529053.97,0.0,18529053.97,BULL,10,20589475.68,-10.01
2021-11-16,18632136.57,0.0,18632136.57,BULL,10,20589475.68,-9.51
2021-11-17,18904234.7,0.0,18904234.7,BULL,10,20589475.68,-8.18
2021-11-18,18741198.62,0.0,18741198.62,BULL,10,20589475.68,-8.98
2021-11-22,18227298.13,0.0,18227298.13,NEUTRAL,10,20589475.68,-11.47
2021-11-23,18448267.14,0.0,18448267.14,NEUTRAL,10,20589475.68,-10.4
2021-11-24,18312174.87,0.0,18312174.87,NEUTRAL,10,20589475.68,-11.06
2021-11-25,18412852.94,0.0,18412852.94,NEUTRAL,10,20589475.68,-10.57
2021-11-26,18094399.46,0.0,18094399.46,NEUTRAL,10,20589475.68,-12.12
2021-11-29,18314856.31,0.0,18314856.31,NEUTRAL,10,20589475.68,-11.05
2021-11-30,18192806.76,0.0,18192806.76,NEUTRAL,10,20589475.68,-11.64
2021-12-01,18175926.61,3009296.28,15166630.33,NEUTRAL,9,20589475.68,-11.72
2021-12-02,18391945.73,3009296.28,15382649.45,NEUTRAL,9,20589475.68,-10.67
2021-12-03,18264262.49,3009296.28,15254966.21,NEUTRAL,9,20589475.68,-11.29
2021-12-06,17838113.5,3009296.28,14828817.22,NEUTRAL,9,20589475.68,-13.36
2021-12-07,17918377.75,3009296.28,14909081.47,NEUTRAL,9,20589475.68,-12.97
2021-12-08,18036784.28,3009296.28,15027488.01,NEUTRAL,9,20589475.68,-12.4
2021-12-09,18032407.43,3009296.28,15023111.15,NEUTRAL,9,20589475.68,-12.42
2021-12-10,17907092.38,3009296.28,14897796.1,NEUTRAL,9,20589475.68,-13.03
2021-12-13,18038123.7,3009296.28,15028827.42,NEUTRAL,9,20589475.68,-12.39
2021-12-14,18066140.41,3009296.28,15056844.14,NEUTRAL,9,20589475.68,-12.26
2021-12-15,17915857.16,3009296.28,14906560.88,NEUTRAL,9,20589475.68,-12.99
2021-12-16,18046844.03,3009296.28,15037547.75,NEUTRAL,9,20589475.68,-12.35
2021-12-17,17835619.13,3009296.28,14826322.86,NEUTRAL,9,20589475.68,-13.38
2021-12-20,17549420.2,3009296.28,14540123.92,NEUTRAL,9,20589475.68,-14.77
2021-12-21,17727456.26,3009296.28,14718159.99,NEUTRAL,9,20589475.68,-13.9
2021-12-22,18026745.92,3009296.28,15017449.64,NEUTRAL,9,20589475.68,-12.45
2021-12-23,18270314.58,3009296.28,15261018.3,NEUTRAL,9,20589475.68,-11.26
2021-12-24,18256971.54,3009296.28,15247675.27,NEUTRAL,9,20589475.68,-11.33
2021-12-27,18356208.76,3009296.28,15346912.49,NEUTRAL,9,20589475.68,-10.85
2021-12-28,18576826.73,3009296.28,15567530.45,NEUTRAL,9,20589475.68,-9.78
2021-12-29,18639028.82,3009296.28,15629732.54,NEUTRAL,9,20589475.68,-9.47
2021-12-30,18744110.2,3009296.28,15734813.93,NEUTRAL,9,20589475.68,-8.96
2021-12-31,18926784.01,1116617.88,17810166.13,BULL,10,20589475.68,-8.08
2022-01-03,19372392.19,1116617.88,18255774.31,BULL,10,20589475.68,-5.91
2022-01-04,19343291.38,1116617.88,18226673.5,BULL,10,20589475.68,-6.05
2022-01-05,19122937.24,1116617.88,18006319.36,BULL,10,20589475.68,-7.12
2022-01-06,19100293.74,1116617.88,17983675.86,BULL,10,20589475.68,-7.23
2022-01-07,19266462.69,1116617.88,18149844.81,BULL,10,20589475.68,-6.43
2022-01-10,19102092.92,1116617.88,17985475.04,BULL,10,20589475.68,-7.22
2022-01-11,19127328.83,1116617.88,18010710.95,BULL,10,20589475.68,-7.1
2022-01-12,19289753.51,1116617.88,18173135.63,BULL,10,20589475.68,-6.31
2022-01-13,19285746.5,1116617.88,18169128.62,BULL,10,20589475.68,-6.33
2022-01-14,19130884.98,1116617.88,18014267.1,BULL,10,20589475.68,-7.08
2022-01-17,19073160.69,1116617.88,17956542.81,BULL,10,20589475.68,-7.36
2022-01-18,18742981.21,1116617.88,17626363.33,BULL,10,20589475.68,-8.97
2022-01-19,18643554.26,1116617.88,17526936.38,BULL,10,20589475.68,-9.45
2022-01-20,18399875.15,1116617.88,17283257.27,BULL,10,20589475.68,-10.63
2022-01-21,18048622.31,1116617.88,16932004.43,NEUTRAL,10,20589475.68,-12.34
2022-01-24,17256474.03,1116617.88,16139856.15,NEUTRAL,10,20589475.68,-16.19
2022-01-25,17417871.91,1116617.88,16301254.03,NEUTRAL,10,20589475.68,-15.4
2022-01-27,17039266.95,1116617.88,15922649.07,NEUTRAL,10,20589475.68,-17.24
2022-01-28,16861165.96,1116617.88,15744548.08,NEUTRAL,10,20589475.68,-18.11
2022-01-31,17143671.03,1116617.88,16027053.15,NEUTRAL,10,20589475.68,-16.74
2022-02-01,17296367.23,8431078.15,8865289.08,BULL,6,20589475.68,-15.99
2022-02-02,17371614.7,6693916.68,10677698.02,BULL,7,20589475.68,-15.63
2022-02-03,17355108.7,1487384.07,15867724.63,BULL,10,20589475.68,-15.71
2022-02-04,17167299.52,1487384.07,15679915.45,NEUTRAL,10,20589475.68,-16.62
2022-02-07,17024003.51,1487384.07,15536619.44,NEUTRAL,10,20589475.68,-17.32
2022-02-08,16752701.19,1487384.07,15265317.12,NEUTRAL,10,20589475.68,-18.63
2022-02-09,16870681.22,1487384.07,15383297.15,NEUTRAL,10,20589475.68,-18.06
2022-02-10,16614479.32,1487384.07,15127095.26,BULL,10,20589475.68,-19.31
2022-02-11,16445926.34,1487384.07,14958542.27,NEUTRAL,10,20589475.68,-20.12
2022-02-14,16043008.77,1487384.07,14555624.71,NEUTRAL,10,20589475.68,-22.08
2022-02-15,16712725.94,1487384.07,15225341.88,NEUTRAL,10,20589475.68,-18.83
2022-02-16,16940091.1,1487384.07,15452707.03,NEUTRAL,10,20589475.68,-17.72
2022-02-17,17194613.2,1487384.07,15707229.14,NEUTRAL,10,20589475.68,-16.49
2022-02-18,16955032.81,1487384.07,15467648.74,NEUTRAL,10,20589475.68,-17.65
2022-02-21,16663971.25,1487384.07,15176587.18,NEUTRAL,10,20589475.68,-19.07
2022-02-22,16298296.07,1487384.07,14810912.0,NEUTRAL,10,20589475.68,-20.84
2022-02-23,16361933.01,1487384.07,14874548.94,NEUTRAL,10,20589475.68,-20.53
2022-02-24,15561643.68,1487384.07,14074259.61,BEAR,10,20589475.68,-24.42
2022-02-25,15945832.53,1487384.07,14458448.46,BEAR,10,20589475.68,-22.55
2022-02-28,15856554.13,1487384.07,14369170.07,NEUTRAL,10,20589475.68,-22.99
2022-03-02,16066300.08,3504680.32,12561619.77,BEAR,9,20589475.68,-21.97
2022-03-03,16265353.94,3504680.32,12760673.63,BEAR,9,20589475.68,-21.0
2022-03-04,16123778.56,3504680.32,12619098.25,BEAR,9,20589475.68,-21.69
2022-03-07,15788924.37,3504680.32,12284244.06,BEAR,9,20589475.68,-23.32
2022-03-08,16013714.19,3504680.32,12509033.88,BEAR,9,20589475.68,-22.22
2022-03-09,16286770.67,3504680.32,12782090.35,BEAR,9,20589475.68,-20.9
2022-03-10,16497598.71,3504680.32,12992918.4,BEAR,9,20589475.68,-19.87
2022-03-11,16451437.16,3504680.32,12946756.85,BEAR,9,20589475.68,-20.1
2022-03-14,16921633.57,3504680.32,13416953.26,NEUTRAL,9,20589475.68,-17.81
2022-03-15,16732631.65,3504680.32,13227951.34,BEAR,9,20589475.68,-18.73
2022-03-16,16759477.39,3504680.32,13254797.08,NEUTRAL,9,20589475.68,-18.6
2022-03-17,17012418.14,3504680.32,13507737.83,BULL,9,20589475.68,-17.37
2022-03-21,17045174.49,3504680.32,13540494.18,BULL,9,20589475.68,-17.21
2022-03-22,17143014.23,3504680.32,13638333.92,BULL,9,20589475.68,-16.74
2022-03-23,16986286.72,3504680.32,13481606.4,BULL,9,20589475.68,-17.5
2022-03-24,17119183.21,3504680.32,13614502.89,BULL,9,20589475.68,-16.85
2022-03-25,16944601.75,3504680.32,13439921.44,BULL,9,20589475.68,-17.7
2022-03-28,16790532.73,3504680.32,13285852.42,BULL,9,20589475.68,-18.45
2022-03-29,16753303.29,3504680.32,13248622.97,BULL,9,20589475.68,-18.63
2022-03-30,16782598.62,3504680.32,13277918.3,BULL,9,20589475.68,-18.49
2022-03-31,16839326.43,3504680.32,13334646.12,BULL,9,20589475.68,-18.21
2022-04-01,17046794.07,3504680.32,13542113.76,BULL,9,20589475.68,-17.21
2022-04-04,17245172.69,1780163.05,15465009.65,BULL,10,20589475.68,-16.24
2022-04-05,17179625.86,1780163.05,15399462.81,BULL,10,20589475.68,-16.56
2022-04-06,17176661.46,1780163.05,15396498.42,BULL,10,20589475.68,-16.58
2022-04-07,17214640.93,1780163.05,15434477.88,BULL,10,20589475.68,-16.39
2022-04-08,17247077.21,1780163.05,15466914.16,BULL,10,20589475.68,-16.23
2022-04-11,17495728.16,1780163.05,15715565.12,BULL,10,20589475.68,-15.03
2022-04-12,17174227.85,1780163.05,15394064.8,BULL,10,20589475.68,-16.59
2022-04-13,17258791.48,1780163.05,15478628.43,BULL,10,20589475.68,-16.18
2022-04-18,17193910.49,1780163.05,15413747.45,NEUTRAL,10,20589475.68,-16.49
2022-04-19,16813328.71,1780163.05,15033165.67,NEUTRAL,10,20589475.68,-18.34
2022-04-20,17143472.04,1780163.05,15363308.99,NEUTRAL,10,20589475.68,-16.74
2022-04-21,17134772.18,1780163.05,15354609.14,BULL,10,20589475.68,-16.78
2022-04-22,17059143.87,1780163.05,15278980.82,NEUTRAL,10,20589475.68,-17.15
2022-04-25,16895714.94,1780163.05,15115551.9,NEUTRAL,10,20589475.68,-17.94
2022-04-26,17012234.36,1780163.05,15232071.31,NEUTRAL,10,20589475.68,-17.37
2022-04-27,16825707.42,1780163.05,15045544.37,NEUTRAL,10,20589475.68,-18.28
2022-04-28,16887865.03,1780163.05,15107701.98,NEUTRAL,10,20589475.68,-17.98
2022-04-29,16895891.7,1780163.05,15115728.65,NEUTRAL,10,20589475.68,-17.94
2022-05-02,16904829.31,2083717.37,14821111.94,NEUTRAL,9,20589475.68,-17.9
2022-05-04,16729872.71,2083717.37,14646155.34,BEAR,9,20589475.68,-18.75
2022-05-05,16700692.1,2083717.37,14616974.73,BEAR,9,20589475.68,-18.89
2022-05-06,16430291.2,2083717.37,14346573.83,BEAR,9,20589475.68,-20.2
2022-05-09,16225043.73,2083717.37,14141326.36,BEAR,9,20589475.68,-21.2
2022-05-10,15941402.69,2083717.37,13857685.32,BEAR,9,20589475.68,-22.57
2022-05-11,15587450.64,2083717.37,13503733.27,BEAR,9,20589475.68,-24.29
2022-05-12,15182035.47,2083717.37,13098318.1,BEAR,9,20589475.68,-26.26
2022-05-13,15141098.61,2083717.37,13057381.24,BEAR,9,20589475.68,-26.46
2022-05-16,15087822.73,2083717.37,13004105.36,BEAR,9,20589475.68,-26.72
2022-05-17,15471785.7,2083717.37,13388068.33,BEAR,9,20589475.68,-24.86
2022-05-18,15582678.48,2083717.37,13498961.11,BEAR,9,20589475.68,-24.32
2022-05-19,15478781.04,2083717.37,13395063.68,BEAR,9,20589475.68,-24.82
2022-05-20,15706298.91,2083717.37,13622581.54,BEAR,9,20589475.68,-23.72
2022-05-23,15695228.11,2083717.37,13611510.74,BEAR,9,20589475.68,-23.77
2022-05-24,15523115.65,2083717.37,13439398.28,BEAR,9,20589475.68,-24.61
2022-05-25,15362899.44,2083717.37,13279182.07,BEAR,9,20589475.68,-25.38
2022-05-26,15378603.1,2083717.37,13294885.74,BEAR,9,20589475.68,-25.31
2022-05-27,15697742.73,2083717.37,13614025.36,BEAR,9,20589475.68,-23.76
2022-05-30,15958486.22,2083717.37,13874768.85,BEAR,9,20589475.68,-22.49
2022-05-31,15763120.28,2083717.37,13679402.91,BEAR,9,20589475.68,-23.44
2022-06-01,15768268.25,4259444.43,11508823.82,BEAR,7,20589475.68,-23.42
2022-06-02,15880600.19,4259444.43,11621155.76,BEAR,7,20589475.68,-22.87
2022-06-03,15827699.71,4259444.43,11568255.28,BEAR,7,20589475.68,-23.13
2022-06-06,15504011.8,4259444.43,11244567.37,BEAR,7,20589475.68,-24.7
2022-06-07,15158455.82,4259444.43,10899011.4,BEAR,7,20589475.68,-26.38
2022-06-08,15012073.93,4259444.43,10752629.51,BEAR,7,20589475.68,-27.09
2022-06-09,14942840.76,4259444.43,10683396.33,BEAR,7,20589475.68,-27.42
2022-06-10,15378289.66,4259444.43,11118845.24,BEAR,7,20589475.68,-25.31
2022-06-13,15296944.41,4259444.43,11037499.98,BEAR,7,20589475.68,-25.71
2022-06-14,15214302.73,4259444.43,10954858.31,BEAR,7,20589475.68,-26.11
2022-06-15,15257195.98,4259444.43,10997751.55,BEAR,7,20589475.68,-25.9
2022-06-16,14847601.37,4259444.43,10588156.95,BEAR,7,20589475.68,-27.89
2022-06-17,14429229.52,4259444.43,10169785.09,BEAR,7,20589475.68,-29.92
2022-06-20,14367204.85,4259444.43,10107760.43,BEAR,7,20589475.68,-30.22
2022-06-21,14402193.25,4259444.43,10142748.82,BEAR,7,20589475.68,-30.05
2022-06-22,14242548.58,4259444.43,9983104.15,BEAR,7,20589475.68,-30.83
2022-06-23,14277126.14,4259444.43,10017681.72,BEAR,7,20589475.68,-30.66
2022-06-24,14396935.02,4259444.43,10137490.59,BEAR,7,20589475.68,-30.08
2022-06-27,14573791.93,4259444.43,10314347.5,BEAR,7,20589475.68,-29.22
2022-06-28,14771109.4,4259444.43,10511664.97,BEAR,7,20589475.68,-28.26
2022-06-29,14873959.23,4259444.43,10614514.8,BEAR,7,20589475.68,-27.76
2022-06-30,14896407.25,4259444.43,10636962.82,BEAR,7,20589475.68,-27.65
2022-07-01,14803778.2,5951023.67,8852754.53,BEAR,5,20589475.68,-28.1
2022-07-04,14733496.18,5951023.67,8782472.51,BEAR,5,20589475.68,-28.44
2022-07-05,14925437.61,5951023.67,8974413.94,BEAR,5,20589475.68,-27.51
2022-07-06,15053628.07,5951023.67,9102604.4,BEAR,5,20589475.68,-26.89
2022-07-07,15106345.46,5951023.67,9155321.79,BEAR,5,20589475.68,-26.63
2022-07-08,15080730.0,5951023.67,9129706.33,BEAR,5,20589475.68,-26.76
2022-07-11,15057846.78,5951023.67,9106823.11,BEAR,5,20589475.68,-26.87
2022-07-12,14918565.6,5951023.67,8967541.92,BEAR,5,20589475.68,-27.54
2022-07-13,14998297.09,5951023.67,9047273.42,BEAR,5,20589475.68,-27.16
2022-07-14,15002448.06,5951023.67,9051424.39,BEAR,5,20589475.68,-27.14
2022-07-15,15210710.33,5951023.67,9259686.65,BEAR,5,20589475.68,-26.12
2022-07-18,15257315.03,5951023.67,9306291.35,BEAR,5,20589475.68,-25.9
2022-07-19,15489212.93,5951023.67,9538189.25,BEAR,5,20589475.68,-24.77
2022-07-20,15464575.07,5951023.67,9513551.4,BULL,5,20589475.68,-24.89
2022-07-21,15443055.93,5951023.67,9492032.26,BULL,5,20589475.68,-25.0
2022-07-22,15348788.62,5951023.67,9397764.95,BULL,5,20589475.68,-25.45
2022-07-25,15408976.11,5951023.67,9457952.43,BULL,5,20589475.68,-25.16
2022-07-26,15372424.86,5951023.67,9421401.19,BEAR,5,20589475.68,-25.34
2022-07-27,15525671.94,5951023.67,9574648.27,BULL,5,20589475.68,-24.59
2022-07-28,15561466.42,5951023.67,9610442.74,BULL,5,20589475.68,-24.42
2022-07-29,15518961.58,5951023.67,9567937.91,BULL,5,20589475.68,-24.63
2022-08-01,15679103.1,6127763.64,9551339.47,BULL,5,20589475.68,-23.85
2022-08-02,15693581.26,6127763.64,9565817.63,BULL,5,20589475.68,-23.78
2022-08-03,15544052.8,6127763.64,9416289.16,BULL,5,20589475.68,-24.5
2022-08-04,15852448.49,6127763.64,9724684.86,BULL,5,20589475.68,-23.01
2022-08-05,16046771.28,6127763.64,9919007.64,BULL,5,20589475.68,-22.06
2022-08-08,15935609.87,6127763.64,9807846.24,BULL,5,20589475.68,-22.6
2022-08-10,16031852.7,6127763.64,9904089.07,BULL,5,20589475.68,-22.14
2022-08-11,16046671.03,6127763.64,9918907.4,BULL,5,20589475.68,-22.06
2022-08-12,16124556.3,4515308.01,11609248.3,BULL,6,20589475.68,-21.69
2022-08-16,16297866.03,4515308.01,11782558.02,BULL,6,20589475.68,-20.84
2022-08-17,16298933.13,4515308.01,11783625.12,BULL,6,20589475.68,-20.84
2022-08-18,16284904.91,4515308.01,11769596.91,BULL,6,20589475.68,-20.91
2022-08-19,16209593.21,4515308.01,11694285.21,BULL,6,20589475.68,-21.27
2022-08-22,16072931.59,4515308.01,11557623.59,BULL,6,20589475.68,-21.94
2022-08-23,16201487.92,4515308.01,11686179.92,BULL,6,20589475.68,-21.31
2022-08-24,16444428.76,4515308.01,11929120.75,BULL,6,20589475.68,-20.13
2022-08-25,16440456.37,4515308.01,11925148.37,BULL,6,20589475.68,-20.15
2022-08-26,16585917.95,4515308.01,12070609.94,BULL,6,20589475.68,-19.44
2022-08-29,16660161.68,4515308.01,12144853.68,BULL,6,20589475.68,-19.08
2022-08-30,16951150.49,4515308.01,12435842.48,BULL,6,20589475.68,-17.67
2022-09-01,16892265.98,4515308.01,12376957.97,BULL,6,20589475.68,-17.96
2022-09-02,16979694.67,4515308.01,12464386.66,BULL,6,20589475.68,-17.53
2022-09-05,17297136.04,4515308.01,12781828.03,BULL,6,20589475.68,-15.99
2022-09-06,17378407.43,4515308.01,12863099.42,BULL,6,20589475.68,-15.6
2022-09-07,17694122.76,4515308.01,13178814.75,BULL,6,20589475.68,-14.06
2022-09-08,17948059.21,4515308.01,13432751.21,BULL,6,20589475.68,-12.83
2022-09-09,17966973.54,4515308.01,13451665.54,BULL,6,20589475.68,-12.74
2022-09-12,17881073.81,4515308.01,13365765.8,BULL,6,20589475.68,-13.15
2022-09-13,17656525.09,4515308.01,13141217.09,BULL,6,20589475.68,-14.24
2022-09-14,17628298.33,4515308.01,13112990.32,BULL,6,20589475.68,-14.38
2022-09-15,17653203.85,4515308.01,13137895.85,BULL,6,20589475.68,-14.26
2022-09-16,17282616.55,4515308.01,12767308.55,BULL,6,20589475.68,-16.06
2022-09-19,17317889.19,4515308.01,12802581.18,BULL,6,20589475.68,-15.89
2022-09-20,17618958.5,4515308.01,13103650.49,BULL,6,20589475.68,-14.43
2022-09-21,17555884.58,4515308.01,13040576.57,BULL,6,20589475.68,-14.73
2022-09-22,17590166.78,4515308.01,13074858.77,BULL,6,20589475.68,-14.57
2022-09-23,17461274.95,4515308.01,12945966.94,NEUTRAL,6,20589475.68,-15.19
2022-09-26,17070195.0,4515308.01,12554887.0,NEUTRAL,6,20589475.68,-17.09
2022-09-27,17128904.85,4515308.01,12613596.85,NEUTRAL,6,20589475.68,-16.81
2022-09-28,17158771.96,4515308.01,12643463.96,BEAR,6,20589475.68,-16.66
2022-09-29,17321841.98,4515308.01,12806533.97,BEAR,6,20589475.68,-15.87
2022-09-30,17712717.84,4515308.01,13197409.83,NEUTRAL,6,20589475.68,-13.97
2022-10-03,17488574.84,4515308.01,12973266.83,NEUTRAL,6,20589475.68,-15.06
2022-10-04,17613240.06,4515308.01,13097932.05,BULL,6,20589475.68,-14.46
2022-10-06,17635900.35,0.0,17635900.35,BULL,9,20589475.68,-14.35
2022-10-07,17689209.43,0.0,17689209.43,BULL,9,20589475.68,-14.09
2022-10-10,17792769.54,0.0,17792769.54,NEUTRAL,9,20589475.68,-13.58
2022-10-11,17734495.53,0.0,17734495.53,NEUTRAL,9,20589475.68,-13.87
2022-10-12,17640543.78,0.0,17640543.78,NEUTRAL,9,20589475.68,-14.32
2022-10-13,17570863.19,0.0,17570863.19,NEUTRAL,9,20589475.68,-14.66
2022-10-14,17589276.48,0.0,17589276.48,NEUTRAL,9,20589475.68,-14.57
2022-10-17,17588876.64,0.0,17588876.64,BULL,9,20589475.68,-14.57
2022-10-18,18123589.86,0.0,18123589.86,BULL,9,20589475.68,-11.98
2022-10-19,18296414.59,0.0,18296414.59,BULL,9,20589475.68,-11.14
2022-10-20,18481640.13,0.0,18481640.13,BULL,9,20589475.68,-10.24
2022-10-21,18277242.21,0.0,18277242.21,BULL,9,20589475.68,-11.23
2022-10-24,18386404.11,0.0,18386404.11,BULL,9,20589475.68,-10.7
2022-10-25,18598869.94,0.0,18598869.94,BULL,9,20589475.68,-9.67
2022-10-27,18760746.41,0.0,18760746.41,BULL,9,20589475.68,-8.88
2022-10-28,18697626.55,0.0,18697626.55,BULL,9,20589475.68,-9.19
2022-10-31,18750470.37,0.0,18750470.37,BULL,9,20589475.68,-8.93
2022-11-01,18860525.55,0.0,18860525.55,BULL,9,20589475.68,-8.4
2022-11-02,18787322.2,0.0,18787322.2,BULL,9,20589475.68,-8.75
2022-11-03,18927808.23,0.0,18927808.23,BULL,9,20589475.68,-8.07
2022-11-04,19047901.42,0.0,19047901.42,BULL,9,20589475.68,-7.49
2022-11-07,19194203.96,0.0,19194203.96,BULL,9,20589475.68,-6.78
2022-11-09,19230386.68,0.0,19230386.68,BULL,9,20589475.68,-6.6
2022-11-10,19002819.17,0.0,19002819.17,BULL,9,20589475.68,-7.71
2022-11-11,19315281.93,0.0,19315281.93,BULL,9,20589475.68,-6.19
2022-11-14,19650066.32,0.0,19650066.32,BULL,9,20589475.68,-4.56
2022-11-15,19531419.78,0.0,19531419.78,BULL,9,20589475.68,-5.14
2022-11-16,19562437.92,0.0,19562437.92,BULL,9,20589475.68,-4.99
2022-11-17,19630747.7,0.0,19630747.7,BULL,9,20589475.68,-4.66
2022-11-18,19553232.63,0.0,19553232.63,BULL,9,20589475.68,-5.03
2022-11-21,19560900.34,0.0,19560900.34,BULL,9,20589475.68,-5.0
2022-11-22,19598789.01,0.0,19598789.01,BULL,9,20589475.68,-4.81
2022-11-23,19498755.9,0.0,19498755.9,BULL,9,20589475.68,-5.3
2022-11-24,19541390.82,0.0,19541390.82,BULL,9,20589475.68,-5.09
2022-11-25,19399143.48,0.0,19399143.48,BULL,9,20589475.68,-5.78
2022-11-28,19320215.74,0.0,19320215.74,BULL,9,20589475.68,-6.16
2022-11-29,19248715.01,0.0,19248715.01,BULL,9,20589475.68,-6.51
2022-11-30,19339789.95,0.0,19339789.95,BULL,9,20589475.68,-6.07
2022-12-01,19421227.96,0.0,19421227.96,BULL,9,20589475.68,-5.67
2022-12-02,19462067.03,0.0,19462067.03,BULL,9,20589475.68,-5.48
2022-12-05,19604259.88,0.0,19604259.88,BULL,9,20589475.68,-4.79
2022-12-06,19576887.82,0.0,19576887.82,BULL,9,20589475.68,-4.92
2022-12-07,19411450.78,0.0,19411450.78,BULL,9,20589475.68,-5.72
2022-12-08,19494536.35,0.0,19494536.35,BULL,9,20589475.68,-5.32
2022-12-09,19482806.08,0.0,19482806.08,BULL,9,20589475.68,-5.37
2022-12-12,19524192.89,0.0,19524192.89,BULL,9,20589475.68,-5.17
2022-12-13,19497015.63,0.0,19497015.63,BULL,9,20589475.68,-5.31
2022-12-14,19468239.73,0.0,19468239.73,BULL,9,20589475.68,-5.45
2022-12-15,19204304.02,0.0,19204304.02,BULL,9,20589475.68,-6.73
2022-12-16,19031967.36,0.0,19031967.36,BULL,9,20589475.68,-7.56
2022-12-19,19058339.76,0.0,19058339.76,BULL,9,20589475.68,-7.44
2022-12-20,19392791.34,0.0,19392791.34,BULL,9,20589475.68,-5.81
2022-12-21,18686622.69,0.0,18686622.69,BULL,9,20589475.68,-9.24
2022-12-22,18131226.34,0.0,18131226.34,NEUTRAL,9,20589475.68,-11.94
2022-12-23,17601512.73,0.0,17601512.73,NEUTRAL,9,20589475.68,-14.51
2022-12-26,17966372.5,0.0,17966372.5,NEUTRAL,9,20589475.68,-12.74
2022-12-27,18296709.09,0.0,18296709.09,NEUTRAL,9,20589475.68,-11.14
2022-12-28,18229935.0,0.0,18229935.0,NEUTRAL,9,20589475.68,-11.46
2022-12-29,18093719.33,0.0,18093719.33,BULL,9,20589475.68,-12.12
2022-12-30,18258314.59,0.0,18258314.59,NEUTRAL,9,20589475.68,-11.32
2023-01-02,18354023.23,1492575.64,16861447.59,BULL,8,20589475.68,-10.86
2023-01-03,18306311.11,1492575.64,16813735.47,BULL,8,20589475.68,-11.09
2023-01-04,18301109.42,1492575.64,16808533.79,NEUTRAL,8,20589475.68,-11.11
2023-01-05,18297837.38,1492575.64,16805261.74,NEUTRAL,8,20589475.68,-11.13
2023-01-06,18233199.79,1492575.64,16740624.15,NEUTRAL,8,20589475.68,-11.44
2023-01-09,18337922.21,1492575.64,16845346.58,NEUTRAL,8,20589475.68,-10.94
2023-01-10,18007196.97,1492575.64,16514621.33,NEUTRAL,8,20589475.68,-12.54
2023-01-11,17979349.05,1492575.64,16486773.41,NEUTRAL,8,20589475.68,-12.68
2023-01-12,18044448.26,1492575.64,16551872.62,NEUTRAL,8,20589475.68,-12.36
2023-01-13,18262924.69,1492575.64,16770349.05,NEUTRAL,8,20589475.68,-11.3
2023-01-16,18251372.5,1492575.64,16758796.86,NEUTRAL,8,20589475.68,-11.36
2023-01-17,18268763.44,1492575.64,16776187.8,NEUTRAL,8,20589475.68,-11.27
2023-01-18,18330001.02,1492575.64,16837425.38,BULL,8,20589475.68,-10.97
2023-01-19,18340464.53,1492575.64,16847888.89,BULL,8,20589475.68,-10.92
2023-01-20,18281515.44,1492575.64,16788939.8,NEUTRAL,8,20589475.68,-11.21
2023-01-23,18292747.1,0.0,18292747.1,BULL,9,20589475.68,-11.15
2023-01-24,18414368.31,0.0,18414368.31,BULL,9,20589475.68,-10.56
2023-01-25,18329323.14,0.0,18329323.14,NEUTRAL,9,20589475.68,-10.98
2023-01-27,17756084.51,0.0,17756084.51,NEUTRAL,9,20589475.68,-13.76
2023-01-30,17920919.01,0.0,17920919.01,NEUTRAL,9,20589475.68,-12.96
2023-01-31,18185865.7,0.0,18185865.7,NEUTRAL,9,20589475.68,-11.67
2023-02-01,17904407.74,1607219.61,16297188.13,NEUTRAL,8,20589475.68,-13.04
2023-02-02,18033680.59,1607219.61,16426460.98,NEUTRAL,8,20589475.68,-12.41
2023-02-03,17828167.27,1607219.61,16220947.66,NEUTRAL,8,20589475.68,-13.41
2023-02-06,17785928.68,1607219.61,16178709.07,NEUTRAL,8,20589475.68,-13.62
2023-02-07,17907690.6,1607219.61,16300470.99,NEUTRAL,8,20589475.68,-13.03
2023-02-08,17824217.97,1607219.61,16216998.36,NEUTRAL,8,20589475.68,-13.43
2023-02-09,17752279.42,1607219.61,16145059.81,NEUTRAL,8,20589475.68,-13.78
2023-02-10,18030594.28,1607219.61,16423374.66,NEUTRAL,8,20589475.68,-12.43
2023-02-13,18220268.01,1607219.61,16613048.4,NEUTRAL,8,20589475.68,-11.51
2023-02-14,18134157.9,1607219.61,16526938.28,NEUTRAL,8,20589475.68,-11.93
2023-02-15,18006049.13,1607219.61,16398829.52,BULL,8,20589475.68,-12.55
2023-02-16,18129148.99,0.0,18129148.99,BULL,9,20589475.68,-11.95
2023-02-17,18184601.51,0.0,18184601.51,NEUTRAL,9,20589475.68,-11.68
2023-02-20,18114481.96,0.0,18114481.96,NEUTRAL,9,20589475.68,-12.02
2023-02-21,18211144.27,0.0,18211144.27,NEUTRAL,9,20589475.68,-11.55
2023-02-22,17945953.89,0.0,17945953.89,BEAR,9,20589475.68,-12.84
2023-02-23,17984119.79,0.0,17984119.79,BEAR,9,20589475.68,-12.65
2023-02-24,17935119.29,0.0,17935119.29,BEAR,9,20589475.68,-12.89
2023-02-27,17765332.43,0.0,17765332.43,BEAR,9,20589475.68,-13.72
2023-02-28,17902467.55,0.0,17902467.55,BEAR,9,20589475.68,-13.05
2023-03-01,18167069.62,2999208.61,15167861.0,BEAR,7,20589475.68,-11.77
2023-03-02,17993435.57,2999208.61,14994226.96,BEAR,7,20589475.68,-12.61
2023-03-03,18301663.7,2999208.61,15302455.08,NEUTRAL,7,20589475.68,-11.11
2023-03-06,18717783.5,2999208.61,15718574.89,NEUTRAL,7,20589475.68,-9.09
2023-03-08,18793701.95,2999208.61,15794493.34,NEUTRAL,7,20589475.68,-8.72
2023-03-09,18694009.31,2999208.61,15694800.7,NEUTRAL,7,20589475.68,-9.21
2023-03-10,18558510.02,2999208.61,15559301.41,BEAR,7,20589475.68,-9.86
2023-03-13,18086503.93,2999208.61,15087295.31,BEAR,7,20589475.68,-12.16
2023-03-14,17945625.77,2999208.61,14946417.15,BEAR,7,20589475.68,-12.84
2023-03-15,17959270.7,2999208.61,14960062.09,BEAR,7,20589475.68,-12.77
2023-03-16,18066894.72,2999208.61,15067686.1,BEAR,7,20589475.68,-12.25
2023-03-17,18104161.47,2999208.61,15104952.86,BEAR,7,20589475.68,-12.07
2023-03-20,18033151.07,2999208.61,15033942.46,BEAR,7,20589475.68,-12.42
2023-03-21,17955346.22,2999208.61,14956137.61,BEAR,7,20589475.68,-12.79
2023-03-22,18019067.76,2999208.61,15019859.14,BEAR,7,20589475.68,-12.48
2023-03-23,18219203.93,2999208.61,15219995.32,BEAR,7,20589475.68,-11.51
2023-03-24,18130838.81,2999208.61,15131630.19,BEAR,7,20589475.68,-11.94
2023-03-27,17962272.77,2999208.61,14963064.16,BEAR,7,20589475.68,-12.76
2023-03-28,17923487.0,2999208.61,14924278.38,BEAR,7,20589475.68,-12.95
2023-03-29,18508167.09,2999208.61,15508958.47,BEAR,7,20589475.68,-10.11
2023-03-31,18710178.46,2999208.61,15710969.85,BEAR,7,20589475.68,-9.13
2023-04-03,18879237.9,2999208.61,15880029.29,BEAR,7,20589475.68,-8.31
2023-04-05,19089419.93,2999208.61,16090211.32,BULL,7,20589475.68,-7.29
2023-04-06,19178435.11,2999208.61,16179226.5,BULL,7,20589475.68,-6.85
2023-04-10,18962923.52,2999208.61,15963714.91,BULL,7,20589475.68,-7.9
2023-04-11,19105286.19,2999208.61,16106077.57,BULL,7,20589475.68,-7.21
2023-04-12,19249436.86,2999208.61,16250228.25,BULL,7,20589475.68,-6.51
2023-04-13,19510219.67,2999208.61,16511011.06,BULL,7,20589475.68,-5.24
2023-04-17,19694578.16,2999208.61,16695369.55,BULL,7,20589475.68,-4.35
2023-04-18,19915728.46,2999208.61,16916519.85,BULL,7,20589475.68,-3.27
2023-04-19,19754571.64,2999208.61,16755363.03,BULL,7,20589475.68,-4.06
2023-04-20,19756863.95,2999208.61,16757655.34,BULL,7,20589475.68,-4.04
2023-04-21,19661247.22,2999208.61,16662038.6,BULL,7,20589475.68,-4.51
2023-04-24,19767953.14,0.0,19767953.14,BULL,9,20589475.68,-3.99
2023-04-25,19428232.72,0.0,19428232.72,BULL,9,20589475.68,-5.64
2023-04-26,19626698.11,0.0,19626698.11,BULL,9,20589475.68,-4.68
2023-04-27,19706427.44,0.0,19706427.44,BULL,9,20589475.68,-4.29
2023-04-28,19846965.49,0.0,19846965.49,BULL,9,20589475.68,-3.61
2023-05-02,19817792.92,0.0,19817792.92,BULL,9,20589475.68,-3.75
2023-05-03,19894233.33,0.0,19894233.33,BULL,9,20589475.68,-3.38
2023-05-04,20215131.85,0.0,20215131.85,BULL,9,20589475.68,-1.82
2023-05-05,20155089.77,0.0,20155089.77,BULL,9,20589475.68,-2.11
2023-05-08,20124688.44,0.0,20124688.44,BULL,9,20589475.68,-2.26
2023-05-09,20234317.51,0.0,20234317.51,BULL,9,20589475.68,-1.72
2023-05-10,19979237.7,0.0,19979237.7,BULL,9,20589475.68,-2.96
2023-05-11,20404008.16,0.0,20404008.16,BULL,9,20589475.68,-0.9
2023-05-12,20253609.65,0.0,20253609.65,BULL,9,20589475.68,-1.63
2023-05-15,20216786.82,0.0,20216786.82,BULL,9,20589475.68,-1.81
2023-05-16,20466129.49,0.0,20466129.49,BULL,9,20589475.68,-0.6
2023-05-17,20464609.76,0.0,20464609.76,BULL,9,20589475.68,-0.61
2023-05-18,20438176.44,0.0,20438176.44,BULL,9,20589475.68,-0.73
2023-05-19,20510894.04,0.0,20510894.04,BULL,9,20589475.68,-0.38
2023-05-22,20499051.22,0.0,20499051.22,BULL,9,20589475.68,-0.44
2023-05-23,20779281.64,0.0,20779281.64,BULL,9,20779281.64,0.0
2023-05-24,20661065.13,0.0,20661065.13,BULL,9,20779281.64,-0.57
2023-05-25,21088974.18,0.0,21088974.18,BULL,9,21088974.18,0.0
2023-05-26,21123002.45,0.0,21123002.45,BULL,9,21123002.45,0.0
2023-05-29,21021869.86,0.0,21021869.86,BULL,9,21123002.45,-0.48
2023-05-30,21349791.38,0.0,21349791.38,BULL,9,21349791.38,0.0
2023-05-31,21544774.76,0.0,21544774.76,BULL,9,21544774.76,0.0
2023-06-01,21621760.64,0.0,21621760.64,BULL,9,21621760.64,0.0
2023-06-02,21765781.26,0.0,21765781.26,BULL,9,21765781.26,0.0
2023-06-05,22242405.41,0.0,22242405.41,BULL,9,22242405.41,0.0
2023-06-06,22241267.14,0.0,22241267.14,BULL,9,22242405.41,-0.01
2023-06-07,22658200.26,0.0,22658200.26,BULL,9,22658200.26,0.0
2023-06-08,22482962.79,0.0,22482962.79,BULL,9,22658200.26,-0.77
2023-06-09,22514215.48,0.0,22514215.48,BULL,9,22658200.26,-0.64
2023-06-12,22449630.29,0.0,22449630.29,BULL,9,22658200.26,-0.92
2023-06-13,22619692.37,0.0,22619692.37,BULL,9,22658200.26,-0.17
2023-06-14,22973153.64,0.0,22973153.64,BULL,9,22973153.64,0.0
2023-06-15,23546867.15,0.0,23546867.15,BULL,9,23546867.15,0.0
2023-06-16,23741069.95,0.0,23741069.95,BULL,9,23741069.95,0.0
2023-06-19,23897340.13,0.0,23897340.13,BULL,9,23897340.13,0.0
2023-06-20,24089574.55,0.0,24089574.55,BULL,9,24089574.55,0.0
2023-06-21,24119389.76,0.0,24119389.76,BULL,9,24119389.76,0.0
2023-06-22,24164174.5,0.0,24164174.5,BULL,9,24164174.5,0.0
2023-06-23,23881574.12,0.0,23881574.12,BULL,9,24164174.5,-1.17
2023-06-26,24094338.73,0.0,24094338.73,BULL,9,24164174.5,-0.29
2023-06-27,24057729.82,0.0,24057729.82,BULL,9,24164174.5,-0.44
2023-06-28,23995631.61,0.0,23995631.61,BULL,9,24164174.5,-0.7
2023-06-30,23943312.05,0.0,23943312.05,BULL,9,24164174.5,-0.91
2023-07-03,23952808.71,0.0,23952808.71,BULL,9,24164174.5,-0.87
2023-07-04,23966484.65,0.0,23966484.65,BULL,9,24164174.5,-0.82
2023-07-05,24108498.8,0.0,24108498.8,BULL,9,24164174.5,-0.23
2023-07-06,24193116.42,0.0,24193116.42,BULL,9,24193116.42,0.0
2023-07-07,24220029.14,0.0,24220029.14,BULL,9,24220029.14,0.0
2023-07-10,24243106.96,0.0,24243106.96,BULL,9,24243106.96,0.0
2023-07-11,25385799.43,0.0,25385799.43,BULL,9,25385799.43,0.0
2023-07-12,25860049.02,0.0,25860049.02,BULL,9,25860049.02,0.0
2023-07-13,25802498.2,0.0,25802498.2,BULL,9,25860049.02,-0.22
2023-07-14,25758600.58,0.0,25758600.58,BULL,9,25860049.02,-0.39
2023-07-17,25984440.07,0.0,25984440.07,BULL,9,25984440.07,0.0
2023-07-18,26073662.95,0.0,26073662.95,BULL,9,26073662.95,0.0
2023-07-19,26440421.17,0.0,26440421.17,BULL,9,26440421.17,0.0
2023-07-20,26463603.44,0.0,26463603.44,BULL,9,26463603.44,0.0
2023-07-21,26506327.32,0.0,26506327.32,BULL,9,26506327.32,0.0
2023-07-24,26788626.59,0.0,26788626.59,BULL,9,26788626.59,0.0
2023-07-25,26748952.17,0.0,26748952.17,BULL,9,26788626.59,-0.15
2023-07-26,26601392.27,0.0,26601392.27,BULL,9,26788626.59,-0.7
2023-07-27,26780894.3,0.0,26780894.3,BULL,9,26788626.59,-0.03
2023-07-28,26780985.19,0.0,26780985.19,BULL,9,26788626.59,-0.03
2023-07-31,26767830.84,0.0,26767830.84,BULL,9,26788626.59,-0.08
2023-08-01,26341927.07,0.0,26341927.07,BULL,9,26788626.59,-1.67
2023-08-02,26448482.09,0.0,26448482.09,BULL,9,26788626.59,-1.27
2023-08-03,26766066.43,0.0,26766066.43,BULL,9,26788626.59,-0.08
2023-08-04,26840923.84,0.0,26840923.84,BULL,9,26840923.84,0.0
2023-08-07,26838278.46,0.0,26838278.46,BULL,9,26840923.84,-0.01
2023-08-08,27195875.58,0.0,27195875.58,BULL,9,27195875.58,0.0
2023-08-09,27087275.3,0.0,27087275.3,BULL,9,27195875.58,-0.4
2023-08-10,26922182.96,0.0,26922182.96,BULL,9,27195875.58,-1.01
2023-08-11,26941797.29,0.0,26941797.29,BULL,9,27195875.58,-0.93
2023-08-14,27174307.26,0.0,27174307.26,BULL,9,27195875.58,-0.08
2023-08-16,27318291.73,0.0,27318291.73,BULL,9,27318291.73,0.0
2023-08-17,27530188.13,0.0,27530188.13,BULL,9,27530188.13,0.0
2023-08-18,27479445.11,0.0,27479445.11,BULL,9,27530188.13,-0.18
2023-08-21,27822860.39,0.0,27822860.39,BULL,9,27822860.39,0.0
2023-08-22,27999920.9,0.0,27999920.9,BULL,9,27999920.9,0.0
2023-08-23,28351604.54,0.0,28351604.54,BULL,9,28351604.54,0.0
2023-08-24,28240395.2,0.0,28240395.2,BULL,9,28351604.54,-0.39
2023-08-25,28304231.04,0.0,28304231.04,NEUTRAL,9,28351604.54,-0.17
2023-08-28,28215142.01,0.0,28215142.01,BULL,9,28351604.54,-0.48
2023-08-29,28301334.86,0.0,28301334.86,BULL,9,28351604.54,-0.18
2023-08-30,28498722.61,0.0,28498722.61,BULL,9,28498722.61,0.0
2023-08-31,28858297.04,0.0,28858297.04,NEUTRAL,9,28858297.04,0.0
2023-09-01,29088479.19,0.0,29088479.19,BULL,9,29088479.19,0.0
2023-09-04,29200141.43,0.0,29200141.43,BULL,9,29200141.43,0.0
2023-09-05,29444518.87,0.0,29444518.87,BULL,9,29444518.87,0.0
2023-09-06,29114965.79,0.0,29114965.79,BULL,9,29444518.87,-1.12
2023-09-07,29417827.66,0.0,29417827.66,BULL,9,29444518.87,-0.09
2023-09-08,29801642.36,0.0,29801642.36,BULL,9,29801642.36,0.0
2023-09-11,30442263.77,0.0,30442263.77,BULL,9,30442263.77,0.0
2023-09-12,29066835.58,0.0,29066835.58,BULL,9,30442263.77,-4.52
2023-09-13,28793970.49,0.0,28793970.49,BULL,9,30442263.77,-5.41
2023-09-14,29156128.77,0.0,29156128.77,BULL,9,30442263.77,-4.22
2023-09-15,29514616.47,0.0,29514616.47,BULL,9,30442263.77,-3.05
2023-09-18,29576890.12,0.0,29576890.12,BULL,9,30442263.77,-2.84
2023-09-20,29381940.27,0.0,29381940.27,BULL,9,30442263.77,-3.48
2023-09-21,29004400.54,0.0,29004400.54,BULL,9,30442263.77,-4.72
2023-09-22,28653435.75,0.0,28653435.75,BULL,9,30442263.77,-5.88
2023-09-25,28327858.41,0.0,28327858.41,BULL,9,30442263.77,-6.95
2023-09-26,28670164.72,0.0,28670164.72,BULL,9,30442263.77,-5.82
2023-09-27,29475426.83,0.0,29475426.83,BULL,9,30442263.77,-3.18
2023-09-28,29512690.08,0.0,29512690.08,NEUTRAL,9,30442263.77,-3.05
2023-09-29,29438954.02,0.0,29438954.02,BULL,9,30442263.77,-3.3
2023-10-03,29487885.13,0.0,29487885.13,NEUTRAL,9,30442263.77,-3.14
2023-10-04,29295898.73,0.0,29295898.73,NEUTRAL,9,30442263.77,-3.77
2023-10-05,29408702.38,0.0,29408702.38,NEUTRAL,9,30442263.77,-3.4
2023-10-06,29464901.43,0.0,29464901.43,BULL,9,30442263.77,-3.21
2023-10-09,28770834.92,0.0,28770834.92,NEUTRAL,9,30442263.77,-5.49
2023-10-10,29178107.16,0.0,29178107.16,BULL,9,30442263.77,-4.15
2023-10-11,29116218.88,0.0,29116218.88,BULL,9,30442263.77,-4.36
2023-10-12,29468006.53,0.0,29468006.53,BULL,9,30442263.77,-3.2
2023-10-13,29642210.81,0.0,29642210.81,BULL,9,30442263.77,-2.63
2023-10-16,29822696.08,0.0,29822696.08,BULL,9,30442263.77,-2.04
2023-10-17,29833838.38,0.0,29833838.38,BULL,9,30442263.77,-2.0
2023-10-18,29965618.26,0.0,29965618.26,BULL,9,30442263.77,-1.57
2023-10-19,29781959.98,0.0,29781959.98,BULL,9,30442263.77,-2.17
2023-10-20,29745389.07,0.0,29745389.07,NEUTRAL,9,30442263.77,-2.29
2023-10-23,28685235.93,0.0,28685235.93,NEUTRAL,9,30442263.77,-5.77
2023-10-25,28223297.87,0.0,28223297.87,NEUTRAL,9,30442263.77,-7.29
2023-10-26,28243997.85,0.0,28243997.85,NEUTRAL,9,30442263.77,-7.22
2023-10-27,29130271.22,0.0,29130271.22,NEUTRAL,9,30442263.77,-4.31
2023-10-30,28875796.2,0.0,28875796.2,NEUTRAL,9,30442263.77,-5.15
2023-10-31,28970504.63,0.0,28970504.63,NEUTRAL,9,30442263.77,-4.83
2023-11-01,29428447.44,0.0,29428447.44,NEUTRAL,9,30442263.77,-3.33
2023-11-02,29711945.66,0.0,29711945.66,NEUTRAL,9,30442263.77,-2.4
2023-11-03,29959588.29,0.0,29959588.29,NEUTRAL,9,30442263.77,-1.59
2023-11-06,30301366.27,0.0,30301366.27,NEUTRAL,9,30442263.77,-0.46
2023-11-07,30298215.46,0.0,30298215.46,NEUTRAL,9,30442263.77,-0.47
2023-11-08,30672266.02,0.0,30672266.02,NEUTRAL,9,30672266.02,0.0
2023-11-09,30518363.69,0.0,30518363.69,NEUTRAL,9,30672266.02,-0.5
2023-11-10,30413592.76,0.0,30413592.76,NEUTRAL,9,30672266.02,-0.84
2023-11-13,30801976.26,0.0,30801976.26,NEUTRAL,9,30801976.26,0.0
2023-11-15,30746914.2,0.0,30746914.2,BULL,9,30801976.26,-0.18
2023-11-16,30828400.62,0.0,30828400.62,BULL,9,30828400.62,0.0
2023-11-17,31045401.5,0.0,31045401.5,BULL,9,31045401.5,0.0
2023-11-20,31204577.23,0.0,31204577.23,BULL,9,31204577.23,0.0
2023-11-21,31405539.89,0.0,31405539.89,BULL,9,31405539.89,0.0
2023-11-22,31420690.39,0.0,31420690.39,BULL,9,31420690.39,0.0
2023-11-23,31106958.46,0.0,31106958.46,BULL,9,31420690.39,-1.0
2023-11-24,31850677.63,0.0,31850677.63,BULL,9,31850677.63,0.0
2023-11-28,31559452.25,0.0,31559452.25,BULL,9,31850677.63,-0.91
2023-11-29,31498461.16,0.0,31498461.16,BULL,9,31850677.63,-1.11
2023-11-30,31754710.3,0.0,31754710.3,BULL,9,31850677.63,-0.3
2023-12-01,31729084.47,0.0,31729084.47,BULL,9,31850677.63,-0.38
2023-12-04,32083542.08,0.0,32083542.08,BULL,9,32083542.08,0.0
2023-12-05,32047693.33,0.0,32047693.33,BULL,9,32083542.08,-0.11
2023-12-06,32234004.18,0.0,32234004.18,BULL,9,32234004.18,0.0
2023-12-07,32620090.18,0.0,32620090.18,BULL,9,32620090.18,0.0
2023-12-08,32672329.24,0.0,32672329.24,BULL,9,32672329.24,0.0
2023-12-11,32946815.23,0.0,32946815.23,BULL,9,32946815.23,0.0
2023-12-12,32733423.4,0.0,32733423.4,BULL,9,32946815.23,-0.65
2023-12-13,32863164.86,0.0,32863164.86,BULL,9,32946815.23,-0.25
2023-12-14,32692418.29,0.0,32692418.29,BULL,9,32946815.23,-0.77
2023-12-15,32913091.43,0.0,32913091.43,BULL,9,32946815.23,-0.1
2023-12-18,33206962.37,0.0,33206962.37,BULL,9,33206962.37,0.0
2023-12-19,33138999.45,0.0,33138999.45,BULL,9,33206962.37,-0.2
2023-12-20,32307097.75,0.0,32307097.75,BULL,9,33206962.37,-2.71
2023-12-21,32457357.69,0.0,32457357.69,BULL,9,33206962.37,-2.26
2023-12-22,32842646.1,0.0,32842646.1,BULL,9,33206962.37,-1.1
2023-12-26,33710378.95,0.0,33710378.95,BULL,9,33710378.95,0.0
2023-12-27,34093411.1,0.0,34093411.1,BULL,9,34093411.1,0.0
2023-12-28,34128785.83,0.0,34128785.83,BULL,9,34128785.83,0.0
2023-12-29,34134845.51,0.0,34134845.51,BULL,9,34134845.51,0.0
2024-01-01,34049564.25,0.0,34049564.25,BULL,9,34134845.51,-0.25
2024-01-02,33869422.27,0.0,33869422.27,BULL,9,34134845.51,-0.78
2024-01-03,33885259.42,0.0,33885259.42,BULL,9,34134845.51,-0.73
2024-01-04,34215568.94,0.0,34215568.94,BULL,9,34215568.94,0.0
2024-01-05,34448780.43,0.0,34448780.43,BULL,9,34448780.43,0.0
2024-01-08,34279494.81,0.0,34279494.81,BULL,9,34448780.43,-0.49
2024-01-09,34320769.39,0.0,34320769.39,BULL,9,34448780.43,-0.37
2024-01-10,34486265.67,0.0,34486265.67,BULL,9,34486265.67,0.0
2024-01-11,34178671.72,0.0,34178671.72,BULL,9,34486265.67,-0.89
2024-01-12,34146068.35,0.0,34146068.35,BULL,9,34486265.67,-0.99
2024-01-15,34347624.52,0.0,34347624.52,BULL,9,34486265.67,-0.4
2024-01-16,34595259.5,0.0,34595259.5,BULL,9,34595259.5,0.0
2024-01-17,34439317.18,0.0,34439317.18,BULL,9,34595259.5,-0.45
2024-01-18,34092586.0,0.0,34092586.0,BULL,9,34595259.5,-1.45
2024-01-19,34467667.38,0.0,34467667.38,BULL,9,34595259.5,-0.37
2024-01-23,33365375.6,0.0,33365375.6,BULL,9,34595259.5,-3.56
2024-01-24,34116277.0,0.0,34116277.0,BULL,9,34595259.5,-1.38
2024-01-25,34192835.98,0.0,34192835.98,BULL,9,34595259.5,-1.16
2024-01-29,34239706.48,0.0,34239706.48,BULL,9,34595259.5,-1.03
2024-01-30,33691174.18,0.0,33691174.18,BULL,9,34595259.5,-2.61
2024-01-31,34623406.98,0.0,34623406.98,BULL,9,34623406.98,0.0
2024-02-01,34087175.2,0.0,34087175.2,BULL,9,34623406.98,-1.55
2024-02-02,34234469.75,0.0,34234469.75,BULL,9,34623406.98,-1.12
2024-02-05,33754560.83,0.0,33754560.83,BULL,9,34623406.98,-2.51
2024-02-06,34452669.79,0.0,34452669.79,BULL,9,34623406.98,-0.49
2024-02-07,34350579.77,0.0,34350579.77,BULL,9,34623406.98,-0.79
2024-02-08,34030611.82,0.0,34030611.82,BULL,9,34623406.98,-1.71
2024-02-09,33842055.53,0.0,33842055.53,BULL,9,34623406.98,-2.26
2024-02-12,33333281.05,0.0,33333281.05,BULL,9,34623406.98,-3.73
2024-02-13,33502266.61,0.0,33502266.61,BULL,9,34623406.98,-3.24
2024-02-14,33753854.88,0.0,33753854.88,BULL,9,34623406.98,-2.51
2024-02-15,34084693.78,0.0,34084693.78,BULL,9,34623406.98,-1.56
2024-02-16,34336516.31,0.0,34336516.31,BULL,9,34623406.98,-0.83
2024-02-19,34652074.03,0.0,34652074.03,BULL,9,34652074.03,0.0
2024-02-20,34632979.12,0.0,34632979.12,BULL,9,34652074.03,-0.06
2024-02-21,34083480.17,0.0,34083480.17,BULL,9,34652074.03,-1.64
2024-02-22,34119808.41,0.0,34119808.41,BULL,9,34652074.03,-1.54
2024-02-23,34681799.26,0.0,34681799.26,BULL,9,34681799.26,0.0
2024-02-26,34587415.42,0.0,34587415.42,BULL,9,34681799.26,-0.27
2024-02-27,34507852.4,0.0,34507852.4,BULL,9,34681799.26,-0.5
2024-02-28,34336664.66,0.0,34336664.66,BULL,9,34681799.26,-1.0
2024-02-29,34685031.68,0.0,34685031.68,BULL,9,34685031.68,0.0
2024-03-01,35084104.95,0.0,35084104.95,BULL,9,35084104.95,0.0
2024-03-04,35437795.98,0.0,35437795.98,BULL,9,35437795.98,0.0
2024-03-05,34879488.49,0.0,34879488.49,BULL,9,35437795.98,-1.58
2024-03-06,34564721.69,0.0,34564721.69,BULL,9,35437795.98,-2.46
2024-03-07,34835915.4,0.0,34835915.4,BULL,9,35437795.98,-1.7
2024-03-11,34355395.88,0.0,34355395.88,BULL,9,35437795.98,-3.05
2024-03-12,33748776.97,0.0,33748776.97,BULL,9,35437795.98,-4.77
2024-03-13,31557457.54,0.0,31557457.54,BULL,9,35437795.98,-10.95
2024-03-14,32994957.32,0.0,32994957.32,BULL,9,35437795.98,-6.89
2024-03-15,33026783.61,0.0,33026783.61,BULL,9,35437795.98,-6.8
2024-03-18,32749188.16,0.0,32749188.16,BULL,9,35437795.98,-7.59
2024-03-19,32683082.47,0.0,32683082.47,NEUTRAL,9,35437795.98,-7.77
2024-03-20,32696667.61,0.0,32696667.61,NEUTRAL,9,35437795.98,-7.74
2024-03-21,33810038.05,0.0,33810038.05,BULL,9,35437795.98,-4.59
2024-03-22,34281253.32,0.0,34281253.32,BULL,9,35437795.98,-3.26
2024-03-26,34790308.14,0.0,34790308.14,BULL,9,35437795.98,-1.83
2024-03-27,35273793.69,0.0,35273793.69,BULL,9,35437795.98,-0.46
2024-03-28,35322133.16,0.0,35322133.16,BULL,9,35437795.98,-0.33
2024-04-01,35849681.57,0.0,35849681.57,BULL,10,35849681.57,0.0
2024-04-02,36567882.56,0.0,36567882.56,BULL,10,36567882.56,0.0
2024-04-03,36786919.41,0.0,36786919.41,BULL,10,36786919.41,0.0
2024-04-04,37021210.82,0.0,37021210.82,BULL,10,37021210.82,0.0
2024-04-05,36958062.46,0.0,36958062.46,BULL,10,37021210.82,-0.17
2024-04-08,37251765.81,0.0,37251765.81,BULL,10,37251765.81,0.0
2024-04-09,36576938.41,0.0,36576938.41,BULL,10,37251765.81,-1.81
2024-04-10,36673986.34,0.0,36673986.34,BULL,10,37251765.81,-1.55
2024-04-12,36685150.56,0.0,36685150.56,BULL,10,37251765.81,-1.52
2024-04-15,36557614.03,0.0,36557614.03,BULL,10,37251765.81,-1.86
2024-04-16,36536160.62,0.0,36536160.62,BULL,10,37251765.81,-1.92
2024-04-18,36897208.78,0.0,36897208.78,NEUTRAL,10,37251765.81,-0.95
2024-04-19,37140264.71,0.0,37140264.71,BULL,10,37251765.81,-0.3
2024-04-22,37388686.64,0.0,37388686.64,BULL,10,37388686.64,0.0
2024-04-23,37726614.31,0.0,37726614.31,BULL,10,37726614.31,0.0
2024-04-24,37897734.3,0.0,37897734.3,BULL,10,37897734.3,0.0
2024-04-25,38076233.19,0.0,38076233.19,BULL,10,38076233.19,0.0
2024-04-26,37945106.29,0.0,37945106.29,BULL,10,38076233.19,-0.34
2024-04-29,37923618.47,0.0,37923618.47,BULL,10,38076233.19,-0.4
2024-04-30,38352879.44,0.0,38352879.44,BULL,10,38352879.44,0.0
2024-05-02,38441084.84,0.0,38441084.84,BULL,10,38441084.84,0.0
2024-05-03,38227294.57,0.0,38227294.57,BULL,10,38441084.84,-0.56
2024-05-06,38061190.58,0.0,38061190.58,BULL,10,38441084.84,-0.99
2024-05-07,38040482.89,0.0,38040482.89,BULL,10,38441084.84,-1.04
2024-05-08,38742380.68,0.0,38742380.68,BULL,10,38742380.68,0.0
2024-05-09,38371529.48,0.0,38371529.48,NEUTRAL,10,38742380.68,-0.96
2024-05-10,38586665.58,0.0,38586665.58,NEUTRAL,10,38742380.68,-0.4
2024-05-13,38299437.89,0.0,38299437.89,NEUTRAL,10,38742380.68,-1.14
2024-05-14,39574947.9,0.0,39574947.9,BULL,10,39574947.9,0.0
2024-05-15,39913838.18,0.0,39913838.18,NEUTRAL,10,39913838.18,0.0
2024-05-16,40415643.91,0.0,40415643.91,BULL,10,40415643.91,0.0
2024-05-17,40847191.98,0.0,40847191.98,BULL,10,40847191.98,0.0
2024-05-21,41162895.13,0.0,41162895.13,BULL,10,41162895.13,0.0
2024-05-22,41819731.78,0.0,41819731.78,BULL,10,41819731.78,0.0
2024-05-23,42163844.84,0.0,42163844.84,BULL,10,42163844.84,0.0
2024-05-24,42142546.83,0.0,42142546.83,BULL,10,42163844.84,-0.05
2024-05-27,41988980.6,0.0,41988980.6,BULL,10,42163844.84,-0.41
2024-05-28,41214463.62,0.0,41214463.62,BULL,10,42163844.84,-2.25
2024-05-29,41173544.2,0.0,41173544.2,BULL,10,42163844.84,-2.35
2024-05-30,40419238.83,0.0,40419238.83,BULL,10,42163844.84,-4.14
2024-05-31,40934031.0,0.0,40934031.0,BULL,10,42163844.84,-2.92
2024-06-03,42007376.29,0.0,42007376.29,BULL,10,42163844.84,-0.37
2024-06-04,38962232.68,0.0,38962232.68,NEUTRAL,10,42163844.84,-7.59
2024-06-05,39212338.44,0.0,39212338.44,BULL,10,42163844.84,-7.0
2024-06-06,40893207.72,0.0,40893207.72,BULL,10,42163844.84,-3.01
2024-06-07,41917135.95,0.0,41917135.95,BULL,10,42163844.84,-0.59
2024-06-10,42694403.7,0.0,42694403.7,BULL,10,42694403.7,0.0
2024-06-11,42885985.49,0.0,42885985.49,BULL,10,42885985.49,0.0
2024-06-12,44922902.37,0.0,44922902.37,BULL,10,44922902.37,0.0
2024-06-13,45298862.4,0.0,45298862.4,BULL,10,45298862.4,0.0
2024-06-14,45897818.23,0.0,45897818.23,BULL,10,45897818.23,0.0
2024-06-18,46400285.23,0.0,46400285.23,BULL,10,46400285.23,0.0
2024-06-19,46384751.33,0.0,46384751.33,BULL,10,46400285.23,-0.03
2024-06-20,46260801.55,0.0,46260801.55,BULL,10,46400285.23,-0.3
2024-06-21,46919565.95,0.0,46919565.95,BULL,10,46919565.95,0.0
2024-06-24,46883915.4,0.0,46883915.4,BULL,10,46919565.95,-0.08
2024-06-25,46599336.74,0.0,46599336.74,BULL,10,46919565.95,-0.68
2024-06-26,46484397.53,0.0,46484397.53,BULL,10,46919565.95,-0.93
2024-06-27,46158850.52,0.0,46158850.52,BULL,10,46919565.95,-1.62
2024-06-28,46193980.37,0.0,46193980.37,BULL,10,46919565.95,-1.55
2024-07-01,46248894.19,0.0,46248894.19,BULL,10,46919565.95,-1.43
2024-07-02,46085172.93,0.0,46085172.93,BULL,10,46919565.95,-1.78
2024-07-03,46190099.47,0.0,46190099.47,BULL,10,46919565.95,-1.55
2024-07-04,46712489.55,0.0,46712489.55,BULL,10,46919565.95,-0.44
2024-07-05,46673529.69,0.0,46673529.69,BULL,10,46919565.95,-0.52
2024-07-08,46175539.49,0.0,46175539.49,BULL,10,46919565.95,-1.59
2024-07-09,46294003.14,0.0,46294003.14,BULL,10,46919565.95,-1.33
2024-07-10,45791107.73,0.0,45791107.73,BULL,10,46919565.95,-2.41
2024-07-11,45607245.07,0.0,45607245.07,BULL,10,46919565.95,-2.8
2024-07-12,45520000.44,0.0,45520000.44,BULL,10,46919565.95,-2.98
2024-07-15,45425116.74,0.0,45425116.74,BULL,10,46919565.95,-3.19
2024-07-16,45328221.93,0.0,45328221.93,BULL,10,46919565.95,-3.39
2024-07-18,44541363.64,0.0,44541363.64,BULL,10,46919565.95,-5.07
2024-07-19,43063652.16,0.0,43063652.16,BULL,10,46919565.95,-8.22
2024-07-22,44109965.27,0.0,44109965.27,BULL,10,46919565.95,-5.99
2024-07-23,45576881.09,0.0,45576881.09,BULL,10,46919565.95,-2.86
2024-07-24,45125571.7,0.0,45125571.7,BULL,10,46919565.95,-3.82
2024-07-25,44838559.6,0.0,44838559.6,BULL,10,46919565.95,-4.44
2024-07-26,45908027.93,0.0,45908027.93,BULL,10,46919565.95,-2.16
2024-07-29,46336473.41,0.0,46336473.41,BULL,10,46919565.95,-1.24
2024-07-30,46597319.95,0.0,46597319.95,BULL,10,46919565.95,-0.69
2024-07-31,46474704.96,0.0,46474704.96,BULL,10,46919565.95,-0.95
2024-08-01,46273681.25,0.0,46273681.25,BULL,10,46919565.95,-1.38
2024-08-02,45826371.67,0.0,45826371.67,BULL,10,46919565.95,-2.33
2024-08-05,43922033.52,0.0,43922033.52,BULL,10,46919565.95,-6.39
2024-08-06,43796300.82,0.0,43796300.82,BULL,10,46919565.95,-6.66
2024-08-07,45094478.2,0.0,45094478.2,BULL,10,46919565.95,-3.89
2024-08-08,45084780.54,0.0,45084780.54,BULL,10,46919565.95,-3.91
2024-08-09,45548357.7,0.0,45548357.7,BULL,10,46919565.95,-2.92
2024-08-12,45499007.98,0.0,45499007.98,BULL,10,46919565.95,-3.03
2024-08-13,45682305.2,0.0,45682305.2,BULL,10,46919565.95,-2.64
2024-08-14,46058076.89,0.0,46058076.89,BULL,10,46919565.95,-1.84
2024-08-16,47991687.19,0.0,47991687.19,BULL,10,47991687.19,0.0
2024-08-19,49338981.69,0.0,49338981.69,BULL,10,49338981.69,0.0
2024-08-20,48950517.32,0.0,48950517.32,BULL,10,49338981.69,-0.79
2024-08-21,49253563.26,0.0,49253563.26,BULL,10,49338981.69,-0.17
2024-08-22,49188033.86,0.0,49188033.86,BULL,10,49338981.69,-0.31
2024-08-23,49149957.24,0.0,49149957.24,BULL,10,49338981.69,-0.38
2024-08-26,48873048.83,0.0,48873048.83,BULL,10,49338981.69,-0.94
2024-08-27,48468651.06,0.0,48468651.06,BULL,10,49338981.69,-1.76
2024-08-28,49094569.07,0.0,49094569.07,BULL,10,49338981.69,-0.5
2024-08-29,48763803.49,0.0,48763803.49,BULL,10,49338981.69,-1.17
2024-08-30,49805238.41,0.0,49805238.41,BULL,10,49805238.41,0.0
2024-09-02,49125783.75,0.0,49125783.75,BULL,10,49805238.41,-1.36
2024-09-03,49491580.07,0.0,49491580.07,BULL,10,49805238.41,-0.63
2024-09-04,49712924.8,0.0,49712924.8,BULL,10,49805238.41,-0.19
2024-09-05,49946543.97,0.0,49946543.97,BULL,10,49946543.97,0.0
2024-09-06,48765394.55,0.0,48765394.55,BULL,10,49946543.97,-2.36
2024-09-09,48200769.72,0.0,48200769.72,BULL,10,49946543.97,-3.5
2024-09-10,49249053.59,0.0,49249053.59,BULL,10,49946543.97,-1.4
2024-09-11,48823398.19,0.0,48823398.19,BULL,10,49946543.97,-2.25
2024-09-12,49643551.36,0.0,49643551.36,BULL,10,49946543.97,-0.61
2024-09-13,50910295.1,0.0,50910295.1,BULL,10,50910295.1,0.0
2024-09-16,50857434.43,0.0,50857434.43,BULL,10,50910295.1,-0.1
2024-09-17,51304361.71,0.0,51304361.71,BULL,10,51304361.71,0.0
2024-09-18,50602839.73,0.0,50602839.73,BULL,10,51304361.71,-1.37
2024-09-19,49599016.44,0.0,49599016.44,BULL,10,51304361.71,-3.32
2024-09-20,49851685.9,0.0,49851685.9,BULL,10,51304361.71,-2.83
2024-09-23,49736581.02,0.0,49736581.02,BULL,10,51304361.71,-3.06
2024-09-24,50683063.18,0.0,50683063.18,BULL,10,51304361.71,-1.21
2024-09-25,50666709.78,0.0,50666709.78,BULL,10,51304361.71,-1.24
2024-09-26,50696287.78,0.0,50696287.78,BULL,10,51304361.71,-1.19
2024-09-27,51050191.22,0.0,51050191.22,BULL,10,51304361.71,-0.5
2024-09-30,50495944.42,0.0,50495944.42,BULL,10,51304361.71,-1.58
2024-10-01,50496618.72,0.0,50496618.72,BULL,10,51304361.71,-1.57
2024-10-03,49185339.3,0.0,49185339.3,BULL,10,51304361.71,-4.13
2024-10-04,49243704.05,0.0,49243704.05,NEUTRAL,10,51304361.71,-4.02
2024-10-07,47478447.68,0.0,47478447.68,NEUTRAL,10,51304361.71,-7.46
2024-10-08,48900531.14,0.0,48900531.14,NEUTRAL,10,51304361.71,-4.69
2024-10-09,49936986.39,0.0,49936986.39,NEUTRAL,10,51304361.71,-2.67
2024-10-10,51361475.25,0.0,51361475.25,NEUTRAL,10,51361475.25,0.0
2024-10-11,51490224.99,0.0,51490224.99,NEUTRAL,10,51490224.99,0.0
2024-10-14,52179790.9,0.0,52179790.9,BULL,10,52179790.9,0.0
2024-10-15,52897319.15,0.0,52897319.15,BULL,10,52897319.15,0.0
2024-10-16,53214360.3,0.0,53214360.3,NEUTRAL,10,53214360.3,0.0
2024-10-17,53047390.3,0.0,53047390.3,NEUTRAL,10,53214360.3,-0.31
2024-10-18,52720799.7,0.0,52720799.7,NEUTRAL,10,53214360.3,-0.93
2024-10-21,51486547.0,0.0,51486547.0,NEUTRAL,10,53214360.3,-3.25
2024-10-22,49241057.21,0.0,49241057.21,NEUTRAL,10,53214360.3,-7.47
2024-10-23,49109686.97,0.0,49109686.97,NEUTRAL,10,53214360.3,-7.71
2024-10-24,48090587.87,0.0,48090587.87,NEUTRAL,10,53214360.3,-9.63
2024-10-25,47045959.21,0.0,47045959.21,NEUTRAL,10,53214360.3,-11.59
2024-10-28,47633790.29,0.0,47633790.29,NEUTRAL,10,53214360.3,-10.49
2024-10-29,47675595.35,0.0,47675595.35,NEUTRAL,10,53214360.3,-10.41
2024-10-30,48111563.78,0.0,48111563.78,NEUTRAL,10,53214360.3,-9.59
2024-10-31,49461225.76,0.0,49461225.76,NEUTRAL,10,53214360.3,-7.05
2024-11-01,50497036.42,8738723.45,41758312.97,NEUTRAL,6,53214360.3,-5.11
2024-11-04,49183297.49,8738723.45,40444574.04,NEUTRAL,6,53214360.3,-7.58
2024-11-05,48633597.21,8738723.45,39894873.76,NEUTRAL,6,53214360.3,-8.61
2024-11-06,49753673.3,8738723.45,41014949.85,NEUTRAL,6,53214360.3,-6.5
2024-11-07,50257308.98,8738723.45,41518585.53,NEUTRAL,6,53214360.3,-5.56
2024-11-08,49534186.45,8738723.45,40795463.0,NEUTRAL,6,53214360.3,-6.92
2024-11-11,49312449.15,8738723.45,40573725.7,NEUTRAL,6,53214360.3,-7.33
2024-11-12,48484723.64,8738723.45,39746000.19,NEUTRAL,6,53214360.3,-8.89
2024-11-13,47667268.67,8738723.45,38928545.23,NEUTRAL,6,53214360.3,-10.42
2024-11-14,47361633.88,8738723.45,38622910.43,NEUTRAL,6,53214360.3,-11.0
2024-11-18,47199505.39,8738723.45,38460781.94,BEAR,6,53214360.3,-11.3
2024-11-19,47636784.45,8738723.45,38898061.0,BEAR,6,53214360.3,-10.48
2024-11-21,47254494.17,8738723.45,38515770.72,BEAR,6,53214360.3,-11.2
2024-11-22,48434823.6,8738723.45,39696100.15,NEUTRAL,6,53214360.3,-8.98
2024-11-25,49395960.17,8738723.45,40657236.73,NEUTRAL,6,53214360.3,-7.18
2024-11-26,49717435.33,8738723.45,40978711.88,NEUTRAL,6,53214360.3,-6.57
2024-11-27,50735318.42,8738723.45,41996594.97,NEUTRAL,6,53214360.3,-4.66
2024-11-28,50750503.37,8738723.45,42011779.93,NEUTRAL,6,53214360.3,-4.63
2024-11-29,50862124.76,8738723.45,42123401.31,NEUTRAL,6,53214360.3,-4.42
2024-12-02,50681801.29,11660984.59,39020816.69,NEUTRAL,5,53214360.3,-4.76
2024-12-03,50653089.68,11660984.59,38992105.08,BULL,5,53214360.3,-4.81
2024-12-04,50769453.58,11660984.59,39108468.99,BULL,5,53214360.3,-4.59
2024-12-05,51092099.79,11660984.59,39431115.19,BULL,5,53214360.3,-3.99
2024-12-06,51173798.91,6543604.7,44630194.21,BULL,6,53214360.3,-3.83
2024-12-09,51886454.97,1354959.21,50531495.77,BULL,7,53214360.3,-2.5
2024-12-10,52540498.55,0.0,52540498.55,BULL,8,53214360.3,-1.27
2024-12-11,52803314.85,0.0,52803314.85,BULL,8,53214360.3,-0.77
2024-12-12,52066199.6,0.0,52066199.6,BULL,8,53214360.3,-2.16
2024-12-13,51681440.45,0.0,51681440.45,BULL,8,53214360.3,-2.88
2024-12-16,52245042.72,0.0,52245042.72,BULL,8,53214360.3,-1.82
2024-12-17,52457365.31,0.0,52457365.31,NEUTRAL,8,53214360.3,-1.42
2024-12-18,52165813.64,0.0,52165813.64,NEUTRAL,8,53214360.3,-1.97
2024-12-19,52139654.57,0.0,52139654.57,NEUTRAL,8,53214360.3,-2.02
2024-12-20,51044806.24,0.0,51044806.24,BEAR,8,53214360.3,-4.08
2024-12-23,50756297.75,0.0,50756297.75,NEUTRAL,8,53214360.3,-4.62
2024-12-24,49902216.33,0.0,49902216.33,NEUTRAL,8,53214360.3,-6.22
2024-12-26,50231147.9,0.0,50231147.9,NEUTRAL,8,53214360.3,-5.61
2024-12-27,50275868.63,0.0,50275868.63,NEUTRAL,8,53214360.3,-5.52
2024-12-30,49838766.35,0.0,49838766.35,BEAR,8,53214360.3,-6.34
2024-12-31,50447161.23,0.0,50447161.23,BEAR,8,53214360.3,-5.2
2025-01-01,50894198.14,0.0,50894198.14,NEUTRAL,8,53214360.3,-4.36
2025-01-02,51764762.35,0.0,51764762.35,NEUTRAL,8,53214360.3,-2.72
2025-01-03,51522179.02,0.0,51522179.02,NEUTRAL,8,53214360.3,-3.18
2025-01-06,50025533.89,0.0,50025533.89,BEAR,8,53214360.3,-5.99
2025-01-07,51092664.86,0.0,51092664.86,NEUTRAL,8,53214360.3,-3.99
2025-01-08,50189954.72,0.0,50189954.72,BEAR,8,53214360.3,-5.68
2025-01-09,49713861.14,0.0,49713861.14,BEAR,8,53214360.3,-6.58
2025-01-10,48424502.37,0.0,48424502.37,BEAR,8,53214360.3,-9.0
2025-01-13,46306460.97,0.0,46306460.97,BEAR,8,53214360.3,-12.98
2025-01-14,46989978.17,0.0,46989978.17,BEAR,8,53214360.3,-11.7
2025-01-15,47393849.47,0.0,47393849.47,BEAR,8,53214360.3,-10.94
2025-01-16,48478920.47,0.0,48478920.47,BEAR,8,53214360.3,-8.9
2025-01-17,48574556.51,0.0,48574556.51,BEAR,8,53214360.3,-8.72
2025-01-20,49758486.27,0.0,49758486.27,BEAR,8,53214360.3,-6.49
2025-01-21,49259686.71,0.0,49259686.71,BEAR,8,53214360.3,-7.43
2025-01-22,49019535.94,0.0,49019535.94,BEAR,8,53214360.3,-7.88
2025-01-23,49045336.8,0.0,49045336.8,BEAR,8,53214360.3,-7.83
2025-01-24,48478815.35,0.0,48478815.35,BEAR,8,53214360.3,-8.9
2025-01-27,46628907.44,0.0,46628907.44,BEAR,8,53214360.3,-12.38
2025-01-28,45599755.64,0.0,45599755.64,BEAR,8,53214360.3,-14.31
2025-01-29,47116825.09,0.0,47116825.09,BEAR,8,53214360.3,-11.46
2025-01-30,46284741.32,0.0,46284741.32,BEAR,8,53214360.3,-13.02
2025-01-31,47371642.23,0.0,47371642.23,BEAR,8,53214360.3,-10.98
2025-02-01,46907956.74,12977734.37,33930222.37,BEAR,6,53214360.3,-11.85
2025-02-03,45929584.08,12977734.37,32951849.71,BEAR,6,53214360.3,-13.69
2025-02-04,46358019.39,12977734.37,33380285.02,BULL,6,53214360.3,-12.88
2025-02-05,46802369.18,12977734.37,33824634.81,BULL,6,53214360.3,-12.05
2025-02-06,47235460.37,12977734.37,34257725.99,BEAR,6,53214360.3,-11.24
2025-02-07,47087567.95,12977734.37,34109833.58,BEAR,6,53214360.3,-11.51
2025-02-10,46862827.97,12977734.37,33885093.59,BEAR,6,53214360.3,-11.94
2025-02-11,46138869.23,12977734.37,33161134.86,BEAR,6,53214360.3,-13.3
2025-02-12,46078839.36,12977734.37,33101104.98,BEAR,6,53214360.3,-13.41
2025-02-13,45851028.17,12977734.37,32873293.79,BEAR,6,53214360.3,-13.84
2025-02-14,44802997.34,12977734.37,31825262.97,BEAR,6,53214360.3,-15.81
2025-02-17,44845428.48,12977734.37,31867694.11,BEAR,6,53214360.3,-15.73
2025-02-18,44519648.16,12977734.37,31541913.78,BEAR,6,53214360.3,-16.34
2025-02-19,45114594.64,12977734.37,32136860.27,BEAR,6,53214360.3,-15.22
2025-02-20,45143289.2,12977734.37,32165554.83,BEAR,6,53214360.3,-15.17
2025-02-21,45103825.54,12977734.37,32126091.17,BEAR,6,53214360.3,-15.24
2025-02-24,45022059.25,12977734.37,32044324.87,BEAR,6,53214360.3,-15.39
2025-02-25,44520879.38,12977734.37,31543145.0,BEAR,6,53214360.3,-16.34
2025-02-27,44019030.83,12977734.37,31041296.46,BEAR,6,53214360.3,-17.28
2025-02-28,43191785.63,12977734.37,30214051.25,BEAR,6,53214360.3,-18.83
2025-03-03,42865050.76,37002520.95,5862529.81,BEAR,1,53214360.3,-19.45
2025-03-04,42863824.21,37002520.95,5861303.26,BEAR,1,53214360.3,-19.45
2025-03-05,42766933.11,37002520.95,5764412.15,BEAR,1,53214360.3,-19.63
2025-03-06,42882221.28,37002520.95,5879700.32,BEAR,1,53214360.3,-19.42
2025-03-07,42914109.59,37002520.95,5911588.63,BEAR,1,53214360.3,-19.36
2025-03-10,42803727.23,37002520.95,5801206.27,BEAR,1,53214360.3,-19.56
2025-03-11,42791462.52,37002520.95,5788941.57,BEAR,1,53214360.3,-19.59
2025-03-12,42889580.17,37002520.95,5887059.22,BEAR,1,53214360.3,-19.4
2025-03-13,42914109.59,37002520.95,5911588.63,BEAR,1,53214360.3,-19.36
2025-03-17,42889580.17,37002520.95,5887059.22,BEAR,1,53214360.3,-19.4
2025-03-18,42889580.17,37002520.95,5887059.22,BEAR,1,53214360.3,-19.4
2025-03-19,43007321.43,37002520.95,6004800.48,BEAR,1,53214360.3,-19.18
2025-03-20,43009774.15,37002520.95,6007253.2,BEAR,1,53214360.3,-19.18
2025-03-21,43012227.24,37002520.95,6009706.29,BEAR,1,53214360.3,-19.17
2025-03-24,43306825.74,37002520.95,6304304.78,BULL,1,53214360.3,-18.62
2025-03-25,43589894.63,37002520.95,6587373.67,BULL,1,53214360.3,-18.09
2025-03-26,43397339.33,37002520.95,6394818.38,BULL,1,53214360.3,-18.45
2025-03-27,43479267.48,37002520.95,6476746.53,BULL,1,53214360.3,-18.29
2025-03-28,43503305.83,37002520.95,6500784.88,BULL,1,53214360.3,-18.25
2025-04-01,43327430.35,37002520.95,6324909.4,BEAR,1,53214360.3,-18.58
2025-04-02,43077230.04,37002520.95,6074709.08,BEAR,1,53214360.3,-19.05
2025-04-03,43105439.09,37002520.95,6102918.13,BEAR,1,53214360.3,-19.0
2025-04-04,43093174.38,37002520.95,6090653.43,BEAR,1,53214360.3,-19.02
2025-04-07,43017133.05,37002520.95,6014612.1,BEAR,1,53214360.3,-19.16
2025-04-08,42779197.81,37002520.95,5776676.86,BEAR,1,53214360.3,-19.61
2025-04-09,42997509.44,32702770.01,10294739.43,BEAR,2,53214360.3,-19.2
2025-04-11,43307676.88,32702770.01,10604906.87,BEAR,2,53214360.3,-18.62
2025-04-15,43103859.21,32702770.01,10401089.2,BEAR,2,53214360.3,-19.0
2025-04-16,43228024.97,32702770.01,10525254.96,BULL,2,53214360.3,-18.77
2025-04-17,43472680.63,32702770.01,10769910.62,BULL,2,53214360.3,-18.31
2025-04-21,43454625.17,32702770.01,10751855.16,BULL,2,53214360.3,-18.34
2025-04-22,43483919.24,32702770.01,10781149.23,BULL,2,53214360.3,-18.29
2025-04-23,43569475.12,32702770.01,10866705.11,BULL,2,53214360.3,-18.12
2025-04-24,43532695.21,32702770.01,10829925.2,BULL,2,53214360.3,-18.19
2025-04-25,43526339.67,32702770.01,10823569.66,BULL,2,53214360.3,-18.21
2025-04-28,43813900.97,32702770.01,11111130.97,BULL,2,53214360.3,-17.67
2025-04-29,43786817.3,32702770.01,11084047.29,BULL,2,53214360.3,-17.72
2025-04-30,43693979.81,32702770.01,10991209.8,BULL,2,53214360.3,-17.89
2025-05-02,43645078.61,28338262.15,15306816.46,BULL,3,53214360.3,-17.98
2025-05-05,43786303.56,28338262.15,15448041.41,BULL,3,53214360.3,-17.72
2025-05-06,43925397.27,28338262.15,15587135.12,BULL,3,53214360.3,-17.46
2025-05-07,43773864.3,28338262.15,15435602.15,BULL,3,53214360.3,-17.74
2025-05-08,43484699.18,28338262.15,15146437.03,BULL,3,53214360.3,-18.28
2025-05-09,43537083.37,23984553.81,19552529.56,BULL,4,53214360.3,-18.19
2025-05-12,44447808.38,23984553.81,20463254.57,BULL,4,53214360.3,-16.47
2025-05-13,44338488.56,23984553.81,20353934.75,BULL,4,53214360.3,-16.68
2025-05-14,44167278.75,23984553.81,20182724.94,BULL,4,53214360.3,-17.0
2025-05-15,44284223.23,23984553.81,20299669.42,BULL,4,53214360.3,-16.78
2025-05-16,44527970.17,23984553.81,20543416.36,BULL,4,53214360.3,-16.32
2025-05-19,44557332.98,23984553.81,20572779.16,BULL,4,53214360.3,-16.27
2025-05-20,44494795.28,23984553.81,20510241.47,BULL,4,53214360.3,-16.39
2025-05-21,44824649.94,23984553.81,20840096.13,BULL,4,53214360.3,-15.77
2025-05-22,44977118.69,23984553.81,20992564.88,BULL,4,53214360.3,-15.48
2025-05-23,45357885.34,23984553.81,21373331.53,BULL,4,53214360.3,-14.76
2025-05-26,45416685.9,23984553.81,21432132.09,BULL,4,53214360.3,-14.65
2025-05-27,46054979.58,23984553.81,22070425.77,BULL,4,53214360.3,-13.45
2025-05-28,46734587.9,23984553.81,22750034.09,BULL,4,53214360.3,-12.18
2025-05-29,46580767.66,19326477.04,27254290.61,BULL,5,53214360.3,-12.47
2025-05-30,46081671.5,19326477.04,26755194.46,BULL,5,53214360.3,-13.4
2025-06-02,46092978.67,19326477.04,26766501.62,BULL,5,53214360.3,-13.38
2025-06-03,45783766.73,19326477.04,26457289.69,BULL,5,53214360.3,-13.96
2025-06-04,46045452.34,19326477.04,26718975.29,BULL,5,53214360.3,-13.47
2025-06-05,45928572.44,19326477.04,26602095.39,BULL,5,53214360.3,-13.69
2025-06-06,45660749.32,14760402.11,30900347.21,BULL,6,53214360.3,-14.19
2025-06-09,45742051.14,5611991.88,40130059.26,BULL,8,53214360.3,-14.04
2025-06-10,45519625.56,5611991.88,39907633.67,BULL,8,53214360.3,-14.46
2025-06-11,45486567.59,5611991.88,39874575.71,BULL,8,53214360.3,-14.52
2025-06-12,44956528.6,5611991.88,39344536.71,BULL,8,53214360.3,-15.52
2025-06-13,44725217.84,5611991.88,39113225.95,BULL,8,53214360.3,-15.95
2025-06-16,44732515.77,5611991.88,39120523.88,BULL,8,53214360.3,-15.94
2025-06-17,44482920.95,5611991.88,38870929.07,BULL,8,53214360.3,-16.41
2025-06-18,44534393.53,5611991.88,38922401.65,BULL,8,53214360.3,-16.31
2025-06-19,44311272.48,5611991.88,38699280.6,BULL,8,53214360.3,-16.73
2025-06-20,44446731.82,5611991.88,38834739.94,BULL,8,53214360.3,-16.48
2025-06-23,44293286.18,0.0,44293286.18,BULL,10,53214360.3,-16.76
2025-06-24,44818519.5,0.0,44818519.5,BULL,10,53214360.3,-15.78
2025-06-25,45511280.24,0.0,45511280.24,BULL,10,53214360.3,-14.48
2025-06-26,45282550.65,0.0,45282550.65,BULL,10,53214360.3,-14.91
2025-06-27,45976816.26,0.0,45976816.26,BULL,10,53214360.3,-13.6
2025-06-30,46549974.73,0.0,46549974.73,BULL,10,53214360.3,-12.52
2025-07-01,46198985.16,0.0,46198985.16,BULL,10,53214360.3,-13.18
2025-07-02,46006720.49,0.0,46006720.49,BULL,10,53214360.3,-13.54
2025-07-03,45742793.74,0.0,45742793.74,BULL,10,53214360.3,-14.04
2025-07-04,45698758.22,0.0,45698758.22,BULL,10,53214360.3,-14.12
2025-07-07,45438315.57,0.0,45438315.57,BULL,10,53214360.3,-14.61
2025-07-08,45643267.17,0.0,45643267.17,BULL,10,53214360.3,-14.23
2025-07-09,45898110.95,0.0,45898110.95,BULL,10,53214360.3,-13.75
2025-07-10,45866392.1,0.0,45866392.1,BULL,10,53214360.3,-13.81
2025-07-11,46313094.09,0.0,46313094.09,BULL,10,53214360.3,-12.97
2025-07-14,46840971.54,0.0,46840971.54,BULL,10,53214360.3,-11.98
2025-07-15,47548678.87,0.0,47548678.87,BULL,10,53214360.3,-10.65
2025-07-16,47762934.67,0.0,47762934.67,BULL,10,53214360.3,-10.24
2025-07-17,48168772.22,0.0,48168772.22,BULL,10,53214360.3,-9.48
2025-07-18,48874186.85,0.0,48874186.85,BULL,10,53214360.3,-8.16
2025-07-21,48436542.7,0.0,48436542.7,BULL,10,53214360.3,-8.98
2025-07-22,48159323.82,0.0,48159323.82,BULL,10,53214360.3,-9.5
2025-07-23,48070086.71,0.0,48070086.71,BULL,10,53214360.3,-9.67
2025-07-24,48167527.51,0.0,48167527.51,BULL,10,53214360.3,-9.48
2025-07-25,47712362.5,0.0,47712362.5,NEUTRAL,10,53214360.3,-10.34
2025-07-28,47467640.36,0.0,47467640.36,NEUTRAL,10,53214360.3,-10.8
2025-07-29,47994046.62,0.0,47994046.62,NEUTRAL,10,53214360.3,-9.81
2025-07-30,47949214.6,0.0,47949214.6,NEUTRAL,10,53214360.3,-9.89
2025-07-31,47936185.62,0.0,47936185.62,NEUTRAL,10,53214360.3,-9.92
2025-08-01,48091197.57,7911466.88,40179730.68,NEUTRAL,8,53214360.3,-9.63
2025-08-04,48703380.75,7911466.88,40791913.87,NEUTRAL,8,53214360.3,-8.48
2025-08-05,48342110.86,7911466.88,40430643.97,NEUTRAL,8,53214360.3,-9.16
2025-08-06,48613335.71,7911466.88,40701868.83,NEUTRAL,8,53214360.3,-8.65
2025-08-07,48523207.69,7911466.88,40611740.81,NEUTRAL,8,53214360.3,-8.82
2025-08-08,48493740.41,7911466.88,40582273.52,NEUTRAL,8,53214360.3,-8.87
2025-08-11,48157071.73,7911466.88,40245604.85,NEUTRAL,8,53214360.3,-9.5
2025-08-12,47833030.33,7911466.88,39921563.45,NEUTRAL,8,53214360.3,-10.11
2025-08-13,48363964.94,7911466.88,40452498.05,NEUTRAL,8,53214360.3,-9.11
2025-08-14,48189462.95,7911466.88,40277996.07,NEUTRAL,8,53214360.3,-9.44
2025-08-18,48732401.48,0.0,48732401.48,BULL,10,53214360.3,-8.42
2025-08-19,48856868.97,0.0,48856868.97,BULL,10,53214360.3,-8.19
2025-08-20,48836428.41,0.0,48836428.41,BULL,10,53214360.3,-8.23
2025-08-21,49056654.01,0.0,49056654.01,BULL,10,53214360.3,-7.81
2025-08-22,48998455.81,0.0,48998455.81,BULL,10,53214360.3,-7.92
2025-08-25,49387232.75,0.0,49387232.75,BULL,10,53214360.3,-7.19
2025-08-26,49062814.39,0.0,49062814.39,NEUTRAL,10,53214360.3,-7.8
2025-08-28,48669003.12,0.0,48669003.12,NEUTRAL,10,53214360.3,-8.54
2025-08-29,48371773.88,0.0,48371773.88,NEUTRAL,10,53214360.3,-9.1
2025-09-01,49032306.27,4421170.86,44611135.41,NEUTRAL,9,53214360.3,-7.86
2025-09-02,49823008.22,4421170.86,45401837.36,NEUTRAL,9,53214360.3,-6.37
2025-09-03,50804391.14,4421170.86,46383220.28,NEUTRAL,9,53214360.3,-4.53
2025-09-04,50847893.14,4421170.86,46426722.28,NEUTRAL,9,53214360.3,-4.45
2025-09-05,50918856.84,4421170.86,46497685.98,NEUTRAL,9,53214360.3,-4.31
2025-09-08,52090655.09,4421170.86,47669484.23,NEUTRAL,9,53214360.3,-2.11
2025-09-09,52480729.69,4421170.86,48059558.83,BULL,9,53214360.3,-1.38
2025-09-10,52616786.89,0.0,52616786.89,BULL,10,53214360.3,-1.12
2025-09-11,52631544.62,0.0,52631544.62,BULL,10,53214360.3,-1.1
2025-09-12,52778977.36,0.0,52778977.36,BULL,10,53214360.3,-0.82
2025-09-15,53929291.61,0.0,53929291.61,BULL,10,53929291.61,0.0
2025-09-16,54325828.21,0.0,54325828.21,BULL,10,54325828.21,0.0
2025-09-17,54174918.55,0.0,54174918.55,BULL,10,54325828.21,-0.28
2025-09-18,54078695.02,0.0,54078695.02,BULL,10,54325828.21,-0.45
2025-09-19,54333497.37,0.0,54333497.37,BULL,10,54333497.37,0.0
2025-09-22,54323149.44,0.0,54323149.44,BULL,10,54333497.37,-0.02
2025-09-23,54665757.29,0.0,54665757.29,BULL,10,54665757.29,0.0
2025-09-24,54687816.41,0.0,54687816.41,BULL,10,54687816.41,0.0
2025-09-25,54511795.59,0.0,54511795.59,NEUTRAL,10,54687816.41,-0.32
2025-09-26,53977239.25,0.0,53977239.25,NEUTRAL,10,54687816.41,-1.3
2025-09-29,54033115.66,0.0,54033115.66,NEUTRAL,10,54687816.41,-1.2
2025-09-30,53865549.78,0.0,53865549.78,NEUTRAL,10,54687816.41,-1.5
2025-10-01,55007727.26,4199500.55,50808226.71,NEUTRAL,9,55007727.26,0.0
2025-10-03,55421798.15,0.0,55421798.15,BULL,10,55421798.15,0.0
2025-10-06,55663829.55,0.0,55663829.55,BULL,10,55663829.55,0.0
2025-10-07,55258910.86,0.0,55258910.86,BULL,10,55663829.55,-0.73
2025-10-08,55991723.8,0.0,55991723.8,BULL,10,55991723.8,0.0
2025-10-09,57603907.18,0.0,57603907.18,BULL,10,57603907.18,0.0
2025-10-10,58086317.75,0.0,58086317.75,BULL,10,58086317.75,0.0
2025-10-13,59480118.9,0.0,59480118.9,BULL,10,59480118.9,0.0
2025-10-14,58758277.19,0.0,58758277.19,BULL,10,59480118.9,-1.21
2025-10-15,59338489.61,0.0,59338489.61,BULL,10,59480118.9,-0.24
2025-10-16,59807088.08,0.0,59807088.08,BULL,10,59807088.08,0.0
2025-10-17,60078322.29,0.0,60078322.29,BULL,10,60078322.29,0.0
2025-10-20,60498636.31,0.0,60498636.31,BULL,10,60498636.31,0.0
2025-10-21,60274329.98,0.0,60274329.98,BULL,10,60498636.31,-0.37
2025-10-23,59398625.49,0.0,59398625.49,BULL,10,60498636.31,-1.82
2025-10-24,59771637.32,0.0,59771637.32,BULL,10,60498636.31,-1.2
2025-10-27,60395488.56,0.0,60395488.56,BULL,10,60498636.31,-0.17
2025-10-28,61341168.81,0.0,61341168.81,BULL,10,61341168.81,0.0
2025-10-29,62094471.2,0.0,62094471.2,BULL,10,62094471.2,0.0
2025-10-30,61681312.44,0.0,61681312.44,BULL,10,62094471.2,-0.67
2025-10-31,61462670.8,0.0,61462670.8,BULL,10,62094471.2,-1.02
2025-11-03,61812716.33,6706857.62,55105858.72,BULL,8,62094471.2,-0.45
2025-11-04,61672054.98,539652.12,61132402.86,BULL,9,62094471.2,-0.68
2025-11-06,61980608.39,539652.12,61440956.27,BULL,9,62094471.2,-0.18
2025-11-07,63617470.78,539652.12,63077818.66,BULL,9,63617470.78,0.0
2025-11-10,64706666.0,0.0,64706666.0,BULL,10,64706666.0,0.0
2025-11-11,64923533.73,0.0,64923533.73,BULL,10,64923533.73,0.0
2025-11-12,67117735.56,0.0,67117735.56,BULL,10,67117735.56,0.0
2025-11-13,68091599.08,0.0,68091599.08,BULL,10,68091599.08,0.0
2025-11-14,70123141.83,0.0,70123141.83,BULL,10,70123141.83,0.0
2025-11-17,69629076.69,0.0,69629076.69,BULL,10,70123141.83,-0.7
2025-11-18,69426784.43,0.0,69426784.43,BULL,10,70123141.83,-0.99
2025-11-19,70035289.81,0.0,70035289.81,BULL,10,70123141.83,-0.13
2025-11-20,69603880.34,0.0,69603880.34,BULL,10,70123141.83,-0.74
2025-11-21,69301620.1,0.0,69301620.1,BULL,10,70123141.83,-1.17
2025-11-24,68885531.12,0.0,68885531.12,BULL,10,70123141.83,-1.76
2025-11-25,69343649.22,0.0,69343649.22,BULL,10,70123141.83,-1.11
2025-11-26,69755373.72,0.0,69755373.72,BULL,10,70123141.83,-0.52
2025-11-27,70701123.39,0.0,70701123.39,BULL,10,70701123.39,0.0
2025-11-28,71092361.37,0.0,71092361.37,BULL,10,71092361.37,0.0
2025-12-01,72188333.5,0.0,72188333.5,BULL,10,72188333.5,0.0
2025-12-02,71998262.55,0.0,71998262.55,BULL,10,72188333.5,-0.26
2025-12-03,72601702.39,0.0,72601702.39,BULL,10,72601702.39,0.0
2025-12-04,72836639.36,0.0,72836639.36,BULL,10,72836639.36,0.0
2025-12-05,73067494.7,0.0,73067494.7,BULL,10,73067494.7,0.0
2025-12-08,73137267.19,0.0,73137267.19,BULL,10,73137267.19,0.0
2025-12-09,74050329.72,0.0,74050329.72,BULL,10,74050329.72,0.0
2025-12-10,74430011.77,0.0,74430011.77,BULL,10,74430011.77,0.0
2025-12-11,74965559.99,0.0,74965559.99,BULL,10,74965559.99,0.0
2025-12-12,75889782.07,0.0,75889782.07,BULL,10,75889782.07,0.0
2025-12-15,76750467.87,0.0,76750467.87,BULL,10,76750467.87,0.0
2025-12-16,76514225.1,0.0,76514225.1,BULL,10,76750467.87,-0.31
2025-12-17,75886978.7,0.0,75886978.7,BULL,10,76750467.87,-1.13
2025-12-18,77190382.64,0.0,77190382.64,BULL,10,77190382.64,0.0
2025-12-19,78198945.21,0.0,78198945.21,BULL,10,78198945.21,0.0
2025-12-22,79967889.8,0.0,79967889.8,BULL,10,79967889.8,0.0
2025-12-23,81569625.15,0.0,81569625.15,BULL,10,81569625.15,0.0
2025-12-24,82493303.74,0.0,82493303.74,BULL,10,82493303.74,0.0
2025-12-26,82011306.67,0.0,82011306.67,BULL,10,82493303.74,-0.58
2025-12-29,83703427.83,0.0,83703427.83,BULL,10,83703427.83,0.0
2025-12-30,86380200.31,0.0,86380200.31,BULL,10,86380200.31,0.0
2025-12-31,88795009.92,0.0,88795009.92,BULL,10,88795009.92,0.0
2026-01-01,90026690.66,0.0,90026690.66,BULL,10,90026690.66,0.0
2026-01-02,83955593.22,0.0,83955593.22,BULL,10,90026690.66,-6.74
2026-01-05,82208126.07,0.0,82208126.07,BULL,10,90026690.66,-8.68
2026-01-06,83501873.68,0.0,83501873.68,BULL,10,90026690.66,-7.25
2026-01-07,83119384.17,0.0,83119384.17,BULL,10,90026690.66,-7.67
2026-01-08,80318813.42,0.0,80318813.42,NEUTRAL,10,90026690.66,-10.78
2026-01-09,80540227.01,0.0,80540227.01,NEUTRAL,10,90026690.66,-10.54
2026-01-12,80441836.58,0.0,80441836.58,NEUTRAL,10,90026690.66,-10.65
2026-01-13,80418173.73,0.0,80418173.73,NEUTRAL,10,90026690.66,-10.67
2026-01-14,81705928.8,0.0,81705928.8,NEUTRAL,10,90026690.66,-9.24
2026-01-15,81705928.8,0.0,81705928.8,NEUTRAL,10,90026690.66,-9.24
2026-01-16,81218727.84,0.0,81218727.84,NEUTRAL,10,90026690.66,-9.78
2026-01-19,79470584.49,0.0,79470584.49,NEUTRAL,10,90026690.66,-11.73
2026-01-20,77267377.89,0.0,77267377.89,NEUTRAL,10,90026690.66,-14.17
2026-01-21,75302515.29,0.0,75302515.29,BEAR,10,90026690.66,-16.36
2026-01-22,77889999.11,0.0,77889999.11,NEUTRAL,10,90026690.66,-13.48
2026-01-23,76325314.96,0.0,76325314.96,BEAR,10,90026690.66,-15.22
2026-01-27,75557237.09,0.0,75557237.09,NEUTRAL,10,90026690.66,-16.07
2026-01-28,75434818.06,0.0,75434818.06,NEUTRAL,10,90026690.66,-16.21
2026-01-29,75247051.92,0.0,75247051.92,NEUTRAL,10,90026690.66,-16.42
2026-01-30,75335423.96,0.0,75335423.96,NEUTRAL,10,90026690.66,-16.32
2026-02-02,74726416.37,8659042.88,66067373.48,BEAR,8,90026690.66,-17.0
2026-02-03,75221460.53,8659042.88,66562417.64,BULL,8,90026690.66,-16.45
2026-02-04,75634901.0,1095552.78,74539348.22,BULL,9,90026690.66,-15.99
2026-02-05,74853594.87,1095552.78,73758042.09,NEUTRAL,9,90026690.66,-16.85
2026-02-06,74693092.89,1095552.78,73597540.11,BULL,9,90026690.66,-17.03
2026-02-09,74913483.62,0.0,74913483.62,BULL,10,90026690.66,-16.79
2026-02-10,76387237.47,0.0,76387237.47,BULL,10,90026690.66,-15.15
2026-02-11,77340523.65,0.0,77340523.65,BULL,10,90026690.66,-14.09
2026-02-12,77342585.48,0.0,77342585.48,BULL,10,90026690.66,-14.09
2026-02-13,75820380.22,0.0,75820380.22,NEUTRAL,10,90026690.66,-15.78
2026-02-16,75861969.24,0.0,75861969.24,NEUTRAL,10,90026690.66,-15.73
2026-02-17,78264972.81,0.0,78264972.81,BULL,10,90026690.66,-13.06
2026-02-18,78217783.57,0.0,78217783.57,BULL,10,90026690.66,-13.12
2026-02-19,77401107.0,0.0,77401107.0,NEUTRAL,10,90026690.66,-14.02
2026-02-20,79022971.8,0.0,79022971.8,NEUTRAL,10,90026690.66,-12.22
2026-02-23,79580398.36,0.0,79580398.36,BULL,10,90026690.66,-11.6
2026-02-24,79634925.44,0.0,79634925.44,NEUTRAL,10,90026690.66,-11.54
2026-02-25,79573650.81,0.0,79573650.81,NEUTRAL,10,90026690.66,-11.61
2026-02-26,79667711.66,0.0,79667711.66,NEUTRAL,10,90026690.66,-11.51
2026-02-27,78487159.78,0.0,78487159.78,BEAR,10,90026690.66,-12.82
2026-03-02,76878201.03,0.0,76878201.03,BEAR,10,90026690.66,-14.61
2026-03-04,75113726.13,0.0,75113726.13,BEAR,10,90026690.66,-16.57
2026-03-05,76710257.93,0.0,76710257.93,BEAR,10,90026690.66,-14.79
2026-03-06,77097623.78,0.0,77097623.78,BEAR,10,90026690.66,-14.36
2026-03-09,80253925.03,0.0,80253925.03,BEAR,10,90026690.66,-10.86
2026-03-10,83227554.44,0.0,83227554.44,BEAR,10,90026690.66,-7.55
2026-03-11,83044468.34,0.0,83044468.34,BEAR,10,90026690.66,-7.76
2026-03-12,81556483.81,0.0,81556483.81,BEAR,10,90026690.66,-9.41
2026-03-13,79102721.77,0.0,79102721.77,BEAR,10,90026690.66,-12.13
2026-03-16,78527505.69,0.0,78527505.69,BEAR,10,90026690.66,-12.77
2026-03-17,76969641.19,0.0,76969641.19,BEAR,10,90026690.66,-14.5
2026-03-18,78184765.39,0.0,78184765.39,BEAR,10,90026690.66,-13.15
2026-03-19,77937906.85,0.0,77937906.85,BEAR,10,90026690.66,-13.43
2026-03-20,79278027.1,0.0,79278027.1,BEAR,10,90026690.66,-11.94
2026-03-23,78423167.17,0.0,78423167.17,BEAR,10,90026690.66,-12.89
2026-03-24,79530607.89,0.0,79530607.89,BEAR,10,90026690.66,-11.66
2026-03-25,80063441.96,0.0,80063441.96,BEAR,10,90026690.66,-11.07
2026-03-27,80164166.29,0.0,80164166.29,BEAR,10,90026690.66,-10.96
2026-03-30,78353691.86,0.0,78353691.86,BEAR,10,90026690.66,-12.97
2026-04-01,80294598.59,13979188.58,66315410.01,BEAR,6,90026690.66,-10.81
2026-04-02,80440750.27,13979188.58,66461561.68,BEAR,6,90026690.66,-10.65
2026-04-06,79951232.04,13979188.58,65972043.46,BEAR,6,90026690.66,-11.19
2026-04-07,79291517.7,13979188.58,65312329.11,BEAR,6,90026690.66,-11.92
2026-04-08,81408269.16,13979188.58,67429080.57,BEAR,6,90026690.66,-9.57
2026-04-09,81529544.69,13979188.58,67550356.11,BEAR,6,90026690.66,-9.44
2026-04-10,82155246.37,13979188.58,68176057.78,BEAR,6,90026690.66,-8.74
2026-04-13,81031496.53,13979188.58,67052307.94,BEAR,6,90026690.66,-9.99
2026-04-15,80542874.2,13979188.58,66563685.62,BEAR,6,90026690.66,-10.53
2026-04-16,81405575.99,13979188.58,67426387.41,BEAR,6,90026690.66,-9.58
2026-04-17,82688483.83,13979188.58,68709295.25,BEAR,6,90026690.66,-8.15
2026-04-20,81821837.22,13979188.58,67842648.64,BEAR,6,90026690.66,-9.11
2026-04-21,83608907.44,13979188.58,69629718.86,BEAR,6,90026690.66,-7.13
2026-04-22,84074042.29,13979188.58,70094853.7,BEAR,6,90026690.66,-6.61
2026-04-23,82464684.71,13979188.58,68485496.13,BEAR,6,90026690.66,-8.4
2026-04-24,81615115.19,13979188.58,67635926.61,BEAR,6,90026690.66,-9.34
2026-04-27,81259586.92,13979188.58,67280398.34,BEAR,6,90026690.66,-9.74
2026-04-28,81331302.58,13979188.58,67352114.0,BEAR,6,90026690.66,-9.66
2026-04-29,82823191.5,13979188.58,68844002.92,BEAR,6,90026690.66,-8.0
2026-04-30,83018111.43,13979188.58,69038922.85,BEAR,6,90026690.66,-7.79
2026-05-01,83018111.43,13979188.58,69038922.85,NEUTRAL,6,90026690.66,-7.79
2026-05-04,85027886.88,20903657.16,64124229.73,BEAR,5,90026690.66,-5.55
2026-05-05,86400399.55,20903657.16,65496742.39,BEAR,5,90026690.66,-4.03
2026-05-06,85001354.11,20903657.16,64097696.95,BEAR,5,90026690.66,-5.58
2026-05-07,86986249.12,20903657.16,66082591.96,BEAR,5,90026690.66,-3.38
2026-05-08,87280667.69,20903657.16,66377010.53,BEAR,5,90026690.66,-3.05
2026-05-11,86389081.04,20903657.16,65485423.88,BEAR,5,90026690.66,-4.04
2026-05-12,83373886.17,20903657.16,62470229.01,BEAR,5,90026690.66,-7.39
2026-05-13,83950994.75,20903657.16,63047337.59,BEAR,5,90026690.66,-6.75
2026-05-14,84121567.33,20903657.16,63217910.17,BEAR,5,90026690.66,-6.56
2026-05-15,83128128.91,20903657.16,62224471.75,BEAR,5,90026690.66,-7.66
2026-05-18,82305753.17,20903657.16,61402096.01,BEAR,5,90026690.66,-8.58
2026-05-19,80389631.32,20903657.16,59485974.16,BEAR,5,90026690.66,-10.7
2026-05-20,81335570.07,20903657.16,60431912.92,BEAR,5,90026690.66,-9.65
2026-05-21,82379090.27,20903657.16,61475433.11,BEAR,5,90026690.66,-8.49
2026-05-22,83324244.31,20903657.16,62420587.15,BEAR,5,90026690.66,-7.44
2026-05-25,85145766.56,20903657.16,64242109.41,BEAR,5,90026690.66,-5.42
2026-05-26,86588837.47,20903657.16,65685180.31,BEAR,5,90026690.66,-3.82
2026-05-27,87606369.44,20903657.16,66702712.28,BEAR,5,90026690.66,-2.69
2026-05-28,87606369.44,20903657.16,66702712.28,NEUTRAL,5,90026690.66,-2.69
2026-05-29,87956583.51,20903657.16,67052926.35,BEAR,5,90026690.66,-2.3
2026-06-01,88025575.71,20903657.16,67121918.55,BEAR,5,90026690.66,-2.22
2026-06-02,87916860.81,20903657.16,67013203.66,BEAR,5,90026690.66,-2.34
2026-06-03,88091442.23,20903657.16,67187785.08,BEAR,5,90026690.66,-2.15
2026-06-04,89250383.27,20903657.16,68346726.11,BEAR,5,90026690.66,-0.86
2026-06-05,89340291.23,20903657.16,68436634.08,BEAR,5,90026690.66,-0.76
2026-06-08,89887323.86,20903657.16,68983666.7,BEAR,5,90026690.66,-0.15
2026-06-09,90900867.44,20903657.16,69997210.29,BEAR,5,90900867.44,0.0
2026-06-10,92025872.66,20903657.16,71122215.5,BEAR,5,92025872.66,0.0
2026-06-11,92361562.14,20903657.16,71457904.99,BEAR,5,92361562.14,0.0
2026-06-12,93494423.31,20903657.16,72590766.16,BEAR,5,93494423.31,0.0
2026-06-15,94427315.8,20903657.16,73523658.64,BEAR,5,94427315.8,0.0
2026-06-16,93623069.89,20903657.16,72719412.73,BEAR,5,94427315.8,-0.85
2026-06-17,93664699.88,20903657.16,72761042.72,BEAR,5,94427315.8,-0.81
2026-06-18,94241179.6,20903657.16,73337522.44,BEAR,5,94427315.8,-0.2
2026-06-19,97032429.81,20903657.16,76128772.65,BEAR,5,97032429.81,0.0
2026-06-22,98075130.43,20903657.16,77171473.28,BEAR,5,98075130.43,0.0
2026-06-23,98245670.48,20903657.16,77342013.32,BEAR,5,98245670.48,0.0
2026-06-24,97157859.24,20903657.16,76254202.08,BEAR,5,98245670.48,-1.11
2026-06-25,97828886.24,20903657.16,76925229.08,BEAR,5,98245670.48,-0.42
2026-06-26,97828886.24,20903657.16,76925229.08,NEUTRAL,5,98245670.48,-0.42
2026-06-29,99548966.4,20903657.16,78645309.24,BEAR,5,99548966.4,0.0
2026-06-30,99984169.46,20903657.16,79080512.3,BEAR,5,99984169.46,0.0
2026-07-01,99787219.42,25398985.49,74388233.92,BEAR,4,99984169.46,-0.2
2026-07-02,100637196.31,25398985.49,75238210.81,BEAR,4,100637196.31,0.0
2026-07-03,102572487.21,25398985.49,77173501.72,BEAR,4,102572487.21,0.0
2026-07-06,105412220.05,25398985.49,80013234.56,BULL,4,105412220.05,0.0
2026-07-07,107398321.02,25398985.49,81999335.52,BEAR,4,107398321.02,0.0
2026-07-08,101711833.98,25398985.49,76312848.48,BEAR,4,107398321.02,-5.29
2026-07-09,105559139.36,25398985.49,80160153.86,BEAR,4,107398321.02,-1.71
2026-07-10,106876981.87,25398985.49,81477996.37,BEAR,4,107398321.02,-0.49
2026-07-13,106401383.51,25398985.49,81002398.01,BEAR,4,107398321.02,-0.93
2026-07-14,108265941.27,25398985.49,82866955.77,BEAR,4,108265941.27,0.0
2026-07-15,109615134.06,25398985.49,84216148.57,BEAR,4,109615134.06,0.0
2026-07-16,107556246.57,25398985.49,82157261.08,BEAR,4,109615134.06,-1.88
2026-07-17,107075764.38,25398985.49,81676778.88,BEAR,4,109615134.06,-2.32
2026-07-20,105200116.41,25398985.49,79801130.91,BEAR,4,109615134.06,-4.03
2026-07-21,105735671.22,25398985.49,80336685.72,BEAR,4,109615134.06,-3.54
2026-07-22,104487931.11,25398985.49,79088945.61,BEAR,4,109615134.06,-4.68
2026-07-23,104687106.41,25398985.49,79288120.92,BEAR,4,109615134.06,-4.5
2026-07-24,105751547.99,25398985.49,80352562.5,BEAR,4,109615134.06,-3.52
2026-07-27,108787311.64,25398985.49,83388326.14,BEAR,4,109615134.06,-0.76
2026-07-28,112715873.77,25398985.49,87316888.28,BEAR,4,112715873.77,0.0
2026-07-29,115346220.68,25398985.49,89947235.18,BEAR,4,115346220.68,0.0
2026-07-30,115484362.49,25398985.49,90085377.0,BEAR,4,115484362.49,0.0
2026-07-31,116634994.71,25398985.49,91236009.21,BULL,4,116634994.71,0.0
2026-08-03,117592551.46,0.0,117592551.46,BULL,7,117592551.46,0.0
2026-08-04,121196096.73,0.0,121196096.73,BULL,7,121196096.73,0.0
2026-08-05,125263165.64,0.0,125263165.64,BULL,7,125263165.64,0.0
2026-08-06,126422956.68,0.0,126422956.68,BULL,7,126422956.68,0.0
2026-08-07,127701300.51,0.0,127701300.51,BULL,7,127701300.51,0.0
2026-08-10,127017541.19,0.0,127017541.19,BULL,7,127701300.51,-0.54
2026-08-11,131013441.17,0.0,131013441.17,BULL,7,131013441.17,0.0
2026-08-12,133567994.39,0.0,133567994.39,BULL,7,133567994.39,0.0
2026-08-13,136073011.32,0.0,136073011.32,BULL,7,136073011.32,0.0
2026-08-14,136710012.0,0.0,136710012.0,BEAR,7,136710012.0,0.0
2026-08-17,130609460.19,0.0,130609460.19,BEAR,7,136710012.0,-4.46
2026-08-18,136376543.57,0.0,136376543.57,BEAR,7,136710012.0,-0.24
2026-08-19,137293664.96,0.0,137293664.96,BEAR,7,137293664.96,0.0
2026-08-20,136686397.64,0.0,136686397.64,BEAR,7,137293664.96,-0.44
2026-08-21,137694677.77,0.0,137694677.77,BEAR,7,137694677.77,0.0
2026-08-24,139001931.85,0.0,139001931.85,BEAR,7,139001931.85,0.0
