security_id,symbol,company_name,signal_date,entry_date,signal_close,entry_price,prev_daily_rsi,daily_rsi,daily_rsi_delta,weekly_rsi,weekly_end_date,monthly_rsi,monthly_end_date,daily_ema21
196,ARVIND,Arvind Limited,2018-03-08,2018-03-09,134.18212890625,135.5173714085914,38.18643298538586,42.99774136002069,4.811308374634827,73.71299718793068,2018-03-01,99.99999995517742,2018-02-28,137.0374642278294
200,ASAHIINDIA,Asahi India Glass Limited,2018-03-08,2018-03-09,333.5910339355469,335.823694253996,36.97034111247325,45.969307336471886,8.998966223998636,73.74381902613946,2018-03-01,99.99999998835983,2018-02-28,335.444980577032
994,IFBIND,IFB Industries Limited,2018-03-08,2018-03-09,1330.199951171875,1338.949951171875,39.846240829793636,44.21656321047668,4.370322380683042,74.65071436453445,2018-03-01,99.99999999939868,2018-02-28,1354.4940600426482
1161,KABRAEXTRU,Kabra Extrusion Technik Limited,2018-03-08,2018-03-09,112.34811401367188,113.43755042645833,39.55718192945172,43.00601827657668,3.44883634712496,62.02298385561827,2018-03-01,99.99999889864718,2018-02-28,114.94858582255483
1277,LALPATHLAB,Dr. Lal Path Labs Ltd.,2018-03-08,2018-03-09,418.2908935546875,419.62855950499977,35.08993216338557,44.823972542901316,9.734040379515747,87.06672903184204,2018-03-01,99.99999997303223,2018-02-28,422.67363965961016
1374,MANINDS,Man Industries (India) Limited,2018-03-08,2018-03-09,104.95088958740234,105.82330690963494,34.48875566962057,41.27241168783592,6.783656018215346,71.23116021026563,2018-03-01,99.99999997586845,2018-02-28,109.54770787030851
1853,RGL,Renaissance Global Limited,2018-03-08,2018-03-09,62.18858337402344,61.68096118634386,36.797382749012904,47.84410773789523,11.046724988882325,60.6599943218729,2018-03-01,99.99999997778548,2018-02-28,63.242786621275556
1934,SALZERELEC,Salzer Electronics Limited,2018-03-08,2018-03-09,191.85354614257812,192.6120639459866,35.24700352008597,40.73484711462326,5.4878435945372885,74.35917617824313,2018-03-01,99.99999997707137,2018-02-28,198.20898706187901
2133,SRF,SRF Limited,2018-03-08,2018-03-09,358.14154052734375,358.3157982432437,35.49930782042506,44.07585940824504,8.576551587819978,76.08433565078286,2018-03-01,99.99999999572931,2018-02-28,362.6482228313016
2144,STARCEMENT,Star Cement Limited,2018-03-08,2018-03-09,120.24212646484375,121.0683743096284,35.49856325267406,45.478491951325196,9.979928698651136,63.19075779488542,2018-03-01,99.99999931415415,2018-02-28,122.10598635896221
2205,SURYAROSNI,Surya Roshni Limited,2018-03-08,2018-03-09,91.06690216064453,91.76759507589546,39.086922327799726,40.611793447789296,1.5248711199895695,80.57002977278896,2018-03-01,99.99999998923545,2018-02-28,96.64427586650656
8,5PAISA,5Paisa Capital Limited,2018-03-09,2018-03-12,193.53724670410156,197.55152893066406,38.7520363981275,40.31420423432962,1.5621678362021214,81.06284005644216,2018-03-01,99.9999999972437,2018-02-28,202.1003540953981
117,ALKALI,Alkali Metals Limited,2018-03-09,2018-03-12,66.72441101074219,68.83240014712439,39.67814204951725,42.15119129671062,2.473049247193373,85.22619414047597,2018-03-01,99.99999995256154,2018-02-28,69.19790664497384
425,CARERATING,CARE Ratings Limited,2018-03-09,2018-03-12,1051.001708984375,1061.5079035115032,35.64867416468768,44.721797723564244,9.073123558876567,88.62990168599667,2018-03-01,99.99999998943854,2018-02-28,1055.966956013225
1193,KEI,KEI Industries Limited,2018-03-09,2018-03-12,353.89776611328125,359.2323858192164,37.84148183758226,40.73981153766208,2.8983297000798203,86.56948238976454,2018-03-01,99.99999990712018,2018-02-28,367.0119560465893
1533,NDTV,New Delhi Television Limited,2018-03-09,2018-03-12,42.25,44.0,38.14503460678506,45.075605662147126,6.930571055362066,75.09523328821234,2018-03-01,99.99999933334011,2018-02-28,43.26042193371141
196,ARVIND,Arvind Limited,2018-03-12,2018-03-13,136.04129028320312,135.29764636445273,39.76549215298127,47.00517954584923,7.239687392867964,67.03163975814502,2018-03-09,99.99999995517742,2018-02-28,136.48743275584104
573,DELTACORP,Delta Corp Limited,2018-03-12,2018-03-13,297.08551025390625,296.946171080876,37.67550582390009,40.20299215676168,2.527486332861592,70.32072474102841,2018-03-09,99.99999989744938,2018-02-28,314.13252333428693
631,DVL,Dhunseri Ventures Limited,2018-03-12,2018-03-13,121.80992126464844,122.05988221303762,39.171695521654904,43.40171837550015,4.230022853845249,79.67393765217304,2018-03-09,99.99999999117478,2018-02-28,126.64041872204609
635,DYNPRO,Dynemic Products Limited,2018-03-12,2018-03-13,180.02023315429688,186.75895519716553,38.212183989283204,42.09872224590796,3.8865382566247533,74.15435330646586,2018-03-09,99.9999999943698,2018-02-28,186.2820896043194
684,ENIL,Entertainment Network (India) Limited,2018-03-12,2018-03-13,668.3008422851562,663.6293804047873,39.51453188387364,43.04682677125388,3.532294887380246,78.74388764692831,2018-03-09,99.9999999922301,2018-02-28,675.8300912496591
777,GAYAPROJ,Gayatri Projects Limited,2018-03-12,2018-03-13,206.85000610351562,205.0,36.30632423626562,46.180501686189544,9.874177449923927,62.6152893056616,2018-03-09,99.99999996,2018-02-28,209.10194359047748
1934,SALZERELEC,Salzer Electronics Limited,2018-03-12,2018-03-13,190.57359313964844,188.10845208081494,37.55499721074672,40.78736626888626,3.2323690581395397,66.51106053286324,2018-03-09,99.99999997707137,2018-02-28,196.68794220333007
2181,SUNFLAG,Sunflag Iron And Steel Company Limited,2018-03-12,2018-03-13,78.95377349853516,78.80819478192775,39.379291229732445,43.447004346926015,4.06771311719357,68.63075269759426,2018-03-09,99.99999999315382,2018-02-28,83.04116150053078
2205,SURYAROSNI,Surya Roshni Limited,2018-03-12,2018-03-13,92.03883361816406,92.19706226141464,38.73954430625869,43.20862988439462,4.469085578135925,74.35739587080266,2018-03-09,99.99999998923545,2018-02-28,95.62736111711705
940,HIMATSEIDE,Himatsingka Seide Limited,2018-03-13,2018-03-14,326.44390869140625,320.18151962861987,29.835938337845278,44.263213039774,14.427274701928724,65.15621081984199,2018-03-09,99.9999998366419,2018-02-28,328.4664199517443
2681,JBCHEPHARM,JBCHEPHARM,2018-03-13,2018-03-14,137.5941162109375,137.59409375588993,39.43432564245589,40.636108183401674,1.2017825409457856,62.05467348563882,2018-03-09,99.99999997197077,2018-02-28,140.41255350954864
1194,KELLTONTEC,Kellton Tech Solutions Limited,2018-03-13,2018-03-14,11.174391746520996,11.199278604903869,39.601571326297815,42.09838842259893,2.4968170963011147,82.91242675695554,2018-03-09,99.99999598200576,2018-02-28,11.524204613343548
1200,KHADIM,Khadim India Limited,2018-03-13,2018-03-14,680.27490234375,676.148667931404,36.30191770794051,45.86176836839677,9.559850660456256,80.81625399125916,2018-03-09,99.99999998894751,2018-02-28,683.4066241723185
1357,MAITHANALL,Maithan Alloys Limited,2018-03-13,2018-03-14,771.525634765625,762.1718232719355,39.26917424155163,41.09197731379116,1.8228030722395303,80.58383268018221,2018-03-09,99.999999997567,2018-02-28,805.7878830779811
1982,SEAMECLTD,Seamec Limited,2018-03-13,2018-03-14,180.7634735107422,180.66419263155953,38.932048556142234,46.038394012748604,7.10634545660637,74.51145677558891,2018-03-09,99.99999999503747,2018-02-28,183.41694876306298
1732,POLYPLEX,Polyplex Corporation Limited,2018-03-14,2018-03-15,300.1194763183594,303.93112717098654,39.355226529852686,45.97010958369257,6.614883053839883,73.97917927017865,2018-03-09,99.99999997984364,2018-02-28,302.13319682975583
1934,SALZERELEC,Salzer Electronics Limited,2018-03-14,2018-03-15,191.56910705566406,193.84463445816726,39.42475722416449,42.872335020538586,3.447577796374098,66.51106053286324,2018-03-09,99.99999997707137,2018-02-28,195.59582053239603
1194,KELLTONTEC,Kellton Tech Solutions Limited,2018-03-15,2018-03-16,11.039999961853027,11.049955682504784,39.217607810426074,40.02124102896374,0.8036332185376693,82.91242675695554,2018-03-09,99.99999598200576,2018-02-28,11.437700970422195
1470,MOREPENLAB,Morepen Laboratories Limited,2018-03-15,2018-03-16,33.05857467651367,33.357294692243855,38.948159347688076,43.09041351970608,4.142254172018006,75.08650524871278,2018-03-09,99.99999966523983,2018-02-28,33.786898086147126
1875,ROML,Raj Oil Mills Limited,2018-03-15,2018-03-16,50.0,52.0,37.78807743481471,43.80728951207521,6.019212077260498,82.53367510739494,2018-03-09,99.99999998571428,2018-02-28,52.81302560201002
1194,KELLTONTEC,Kellton Tech Solutions Limited,2018-03-19,2018-03-20,11.473038673400879,11.881190691950147,38.12144024216759,51.00318584750188,12.881745605334295,81.15242662483047,2018-03-16,99.99999598200576,2018-02-28,11.3994070815736
196,ARVIND,Arvind Limited,2018-03-20,2018-03-21,131.25814819335938,132.1708434719113,39.679573743205964,41.10509831794701,1.425524574741047,67.52823450382667,2018-03-16,99.99999995517742,2018-02-28,134.9843273127779
994,IFBIND,IFB Industries Limited,2018-03-20,2018-03-21,1297.800048828125,1288.050048828125,38.66404388268267,40.79043843260313,2.1263945499204624,68.2174174681802,2018-03-16,99.99999999939868,2018-02-28,1338.5858391610352
1025,INDIGO,InterGlobe Aviation Limited,2018-03-20,2018-03-21,1228.951416015625,1227.5177352390835,36.70801467688814,44.131491584281804,7.423476907393663,76.7955836270585,2018-03-16,99.99999999916241,2018-02-28,1255.7587953776313
1732,POLYPLEX,Polyplex Corporation Limited,2018-03-20,2018-03-21,294.7348937988281,294.16008316834007,39.88219474759619,42.00128185475092,2.1190871071547335,72.39526759471087,2018-03-16,99.99999997984364,2018-02-28,300.16740785307724
1934,SALZERELEC,Salzer Electronics Limited,2018-03-20,2018-03-21,198.25341796875,196.4993782834857,36.79513130988488,53.13718223638931,16.342050926504427,65.08258770235574,2018-03-16,99.99999997707137,2018-02-28,193.69650513065397
614,DOLLAR,Dollar Industries Limited,2018-03-21,2018-03-22,390.1824645996094,392.83618388927795,39.93327686564166,40.51922894610527,0.5859520804636134,67.63860251055902,2018-03-16,99.99999999014695,2018-02-28,402.568155137914
985,ICICIPRULI,ICICI Prudential Life Insurance Company Limited,2018-03-21,2018-03-22,370.4674377441406,373.6213755279125,29.57679096637071,40.06984767162747,10.493056705256762,67.05251014805404,2018-03-16,99.99999998310727,2018-02-28,378.81133628669835
1277,LALPATHLAB,Dr. Lal Path Labs Ltd.,2018-03-21,2018-03-22,413.3857727050781,412.5878192234808,37.81777957218617,43.359237576715266,5.5414580045290975,78.7994890149293,2018-03-16,99.99999997303223,2018-02-28,420.11264611534983
1470,MOREPENLAB,Morepen Laboratories Limited,2018-03-21,2018-03-22,32.41134262084961,32.51091758067164,37.402753203168075,41.88891214508188,4.486158941913807,75.84328154937265,2018-03-16,99.99999966523983,2018-02-28,33.310977113745906
1520,NAVINFLUOR,Navin Fluorine International Limited,2018-03-21,2018-03-22,732.330078125,735.8522069000173,31.784853497361212,41.536910772047804,9.752057274686592,64.75264350424712,2018-03-16,99.99999999311166,2018-02-28,748.1570974560241
2156,STLTECH,Sterlite Technologies Limited,2018-03-21,2018-03-22,303.2637634277344,306.2612555882933,35.2128870371524,40.56618754228013,5.353300505127734,75.81003249876727,2018-03-16,99.99999978647205,2018-02-28,316.7050204653566
996,IFGLEXPOR,IFGL Refractories Limited,2018-03-22,2018-03-23,117.23956298828125,112.66786589383051,39.19138840163517,41.94835800699331,2.7569696053581367,72.52408915557749,2018-03-16,99.99999982906625,2018-02-28,118.79479100628119
1851,RESPONIND,Responsive Industries Limited,2018-03-22,2018-03-23,41.42755889892578,40.73213412643999,31.649490786363984,50.25293672198529,18.60344593562131,60.36239461297242,2018-03-16,99.99999998530544,2018-02-28,41.40008844928004
985,ICICIPRULI,ICICI Prudential Life Insurance Company Limited,2018-03-23,2018-03-26,370.3218994140625,369.5454943586017,37.93501196547559,41.17344687301827,3.2384349075426826,67.05251014805404,2018-03-16,99.99999998310727,2018-02-28,377.0532415076019
196,ARVIND,Arvind Limited,2018-03-26,2018-03-27,130.83560180664062,132.45815207731818,36.70839942869332,43.08575038772736,6.37735095903404,63.713109017583804,2018-03-23,99.99999995517742,2018-02-28,133.4011837586401
446,CENTURYPLY,Century Plyboards (India) Limited,2018-03-26,2018-03-27,314.53179931640625,317.93692954807864,34.58445405159017,48.58358197629297,13.999127924702798,62.01671180610681,2018-03-23,99.99999998754087,2018-02-28,314.14590390997523
448,CEREBRAINT,Cerebra Integrated Technologies Limited,2018-03-26,2018-03-27,52.349998474121094,52.900001525878906,37.86738337033144,46.02924122203757,8.16185785170613,75.44218831659197,2018-03-23,99.99999996363637,2018-02-28,53.664895643823485
483,COALINDIA,Coal India Limited,2018-03-26,2018-03-27,140.78477478027344,141.11941138203062,35.1157038027675,41.630321534584255,6.514617731816756,83.91991095534715,2018-03-23,99.9999999785709,2018-02-28,143.4882240738603
684,ENIL,Entertainment Network (India) Limited,2018-03-26,2018-03-27,675.593994140625,670.3029073995859,37.19678086337838,49.490952948516274,12.294172085137895,73.13316433453507,2018-03-23,99.9999999922301,2018-02-28,672.3869432295933
1527,NCC,NCC Limited,2018-03-26,2018-03-27,104.5826644897461,105.68724405497493,37.72803680723095,43.67160976310211,5.943572955871161,60.38015328538419,2018-03-23,99.99999998769955,2018-02-28,107.52428031494091
1538,NELCO,NELCO Limited,2018-03-26,2018-03-27,150.96490478515625,152.56934448258093,38.931751123551706,48.16282959191844,9.231078468366732,61.11249509541793,2018-03-23,99.9999999982177,2018-02-28,154.34196595075295
2557,ZYDUSWELL,Zydus Wellness Limited,2018-03-26,2018-03-27,226.0986328125,226.2831582629839,37.67051990480687,42.4979581207345,4.827438215927629,79.54426113477946,2018-03-23,99.99999999796707,2018-02-28,233.38982814795506
546,DBCORP,D.B.Corp Limited,2018-03-27,2018-03-28,209.2994842529297,208.18779164589225,33.86358504266701,43.568427837020145,9.704842794353134,60.5385980578608,2018-03-23,99.99999998253844,2018-02-28,213.98006166587334
576,DENORA,De Nora India Limited,2018-03-27,2018-03-28,429.3122253417969,439.4573363156757,39.665238071733185,45.27650573816324,5.611267666430052,62.25344867955218,2018-03-23,99.99999999942398,2018-02-28,449.65207483650954
635,DYNPRO,Dynemic Products Limited,2018-03-27,2018-03-28,176.36207580566406,175.9769893363771,37.34267890942974,42.105526894374464,4.76284798494472,71.05805751493436,2018-03-23,99.9999999943698,2018-02-28,182.04249294651905
697,ESCORTS,Escorts Kubota Limited,2018-03-27,2018-03-28,782.487548828125,780.685136099972,36.87458526119306,44.70375930092498,7.829174039731917,61.98251134402192,2018-03-23,99.99999999870012,2018-02-28,793.6595292658288
1063,INVENTURE,Inventure Growth & Securities Limited,2018-03-27,2018-03-28,1.6628179550170898,1.6041301987250933,38.82107677898529,41.67157102128193,2.850494242296641,65.5952803044821,2018-03-23,99.99999974117439,2018-02-28,1.8432281076111454
1172,KAMDHENU,Kamdhenu Limited,2018-03-27,2018-03-28,12.368513107299805,12.057370410357896,38.939595239463735,45.19374678334698,6.254151543883246,87.29880894301678,2018-03-23,99.999999938571,2018-02-28,12.740015434488763
1277,LALPATHLAB,Dr. Lal Path Labs Ltd.,2018-03-27,2018-03-28,408.5980529785156,410.24088952943026,38.66868627516212,43.19246155356475,4.523775278402624,64.41096660402167,2018-03-23,99.99999997303223,2018-02-28,415.3964657782199
1401,MAYURUNIQ,Mayur Uniquoters Ltd,2018-03-27,2018-03-28,447.5704040527344,442.2550433599859,34.262059708187834,41.55898102738306,7.296921319195228,68.0769265797016,2018-03-23,99.99999999388656,2018-02-28,459.3637355657671
1470,MOREPENLAB,Morepen Laboratories Limited,2018-03-27,2018-03-28,31.564964294433594,31.41560166834064,36.38544933151523,40.62596582691955,4.240516495404314,71.99644553987756,2018-03-23,99.99999966523983,2018-02-28,32.65815112048569
1497,MUTHOOTCAP,Muthoot Capital Services Limited,2018-03-27,2018-03-28,725.8499755859375,719.0,37.27373417004607,44.02562108102565,6.751886910979579,67.5633800823522,2018-03-23,99.99999999283155,2018-02-28,743.7634090744383
2181,SUNFLAG,Sunflag Iron And Steel Company Limited,2018-03-27,2018-03-28,75.16864776611328,74.63486160007352,36.65376918610353,40.11335746034153,3.4595882742380013,65.71245922660965,2018-03-23,99.99999999315382,2018-02-28,79.98830180313965
2205,SURYAROSNI,Surya Roshni Limited,2018-03-27,2018-03-28,87.34873962402344,86.99839227791048,38.89276092790289,40.71442468485249,1.8216637569495973,68.61681679742739,2018-03-23,99.99999998923545,2018-02-28,91.8899540723913
2,21STCENMGM,21st Century Management Services Limited,2018-03-28,2018-04-02,32.239707946777344,32.78154988947537,38.410060861455015,43.62154994747728,5.211489086022262,77.80807383897717,2018-03-23,99.99999963088707,2018-02-28,32.95190359421536
28,ABBOTINDIA,Abbott India Limited,2018-03-28,2018-04-02,4816.31201171875,4813.706779397853,33.545713989403865,42.78222201911442,9.236508029710556,61.87502690276424,2018-03-23,99.99999999904092,2018-02-28,4870.639233215592
200,ASAHIINDIA,Asahi India Glass Limited,2018-04-02,2018-04-03,334.27056884765625,335.82367587811945,39.09084240865654,53.663916299830795,14.573073891174253,65.58060251066243,2018-03-28,84.37839365811617,2018-03-28,328.76964373289445
438,CELEBRITY,Celebrity Fashions Limited,2018-04-02,2018-04-03,15.25,15.649999618530273,31.42086336127076,40.23631640701403,8.815453045743268,65.06996280845809,2018-03-28,77.46113257400415,2018-03-28,16.181114374442053
631,DVL,Dhunseri Ventures Limited,2018-04-02,2018-04-03,113.18659973144531,115.81109486194006,32.837125667864555,42.1944615993938,9.357335931529242,75.99743351106676,2018-03-28,83.89086126462138,2018-03-28,116.63053043248533
757,GAEL,Gujarat Ambuja Exports Limited,2018-04-02,2018-04-03,58.259117126464844,57.7271921075364,39.30033862105144,46.26534524595106,6.9650066248996225,85.86523604899355,2018-03-28,90.62925123121995,2018-03-28,59.8059585741627
836,GOLDENTOBC,Golden Tobacco Limited,2018-04-02,2018-04-03,57.849998474121094,57.849998474121094,12.690462594265469,40.64724490110039,27.956782306834924,70.46485401836091,2018-03-28,76.01196546705447,2018-03-28,58.96607972471192
875,GTPL,GTPL Hathway Limited,2018-04-02,2018-04-03,125.15166473388672,124.46963726810263,35.13571231446559,49.12136653606313,13.985654221597535,74.16939623966331,2018-03-28,72.85940862292392,2018-03-28,123.64534131961568
1059,INTELLECT,Intellect Design Arena Limited,2018-04-02,2018-04-03,162.3122100830078,160.2668791381944,38.47789011243898,40.136639747674636,1.658749635235658,65.78907338303515,2018-03-28,87.92666451572907,2018-03-28,169.1608347071901
1357,MAITHANALL,Maithan Alloys Limited,2018-04-02,2018-04-03,742.7731323242188,749.2240795920242,35.18292362800875,41.00859472475009,5.825671096741338,75.45898488802769,2018-03-28,81.0512777947568,2018-03-28,770.4487438701632
1732,POLYPLEX,Polyplex Corporation Limited,2018-04-02,2018-04-03,287.2931213378906,291.61900932487106,36.76634650511395,40.25707944554064,3.490732940426689,66.8130709229367,2018-03-28,72.2958709468638,2018-03-28,293.0248548522054
1929,SAKSOFT,Saksoft Limited,2018-04-02,2018-04-03,16.552688598632812,16.545394086286052,36.884321330427355,42.75042341996961,5.866102089542252,66.25123019882452,2018-03-28,94.17152108987074,2018-03-28,16.948561360990713
2181,SUNFLAG,Sunflag Iron And Steel Company Limited,2018-04-02,2018-04-03,75.75098419189453,74.39221994688208,37.073868516856855,42.94426888564107,5.8704003687842174,63.0926615776728,2018-03-28,89.68600123209406,2018-03-28,79.02029005281507
2205,SURYAROSNI,Surya Roshni Limited,2018-04-02,2018-04-03,90.82958221435547,92.18574180285525,39.26336683540925,47.54089980815305,8.2775329727438,69.20159640299974,2018-03-28,89.78321419629891,2018-03-28,91.32578328141439
2480,VOLTAMP,Voltamp Transformers Limited,2018-04-02,2018-04-03,958.1393432617188,972.0960222660317,39.55661725863696,48.05797032841148,8.501353069774517,73.35655632543572,2018-03-28,94.15769923790069,2018-03-28,961.6547793433007
22,AARVI,Aarvi Encon Limited,2018-04-05,2018-04-06,65.4596176147461,65.4596176147461,35.845643081483004,43.91933395377268,8.073690872289674,64.06271843089502,2018-03-28,70.96068297517184,2018-03-28,66.47480268536296
1277,LALPATHLAB,Dr. Lal Path Labs Ltd.,2018-04-05,2018-04-06,411.4847106933594,409.30223577470457,37.520082822756855,47.991615909972865,10.47153308721601,68.01628248379872,2018-03-28,74.42028319776495,2018-03-28,412.512189485044
2505,WELCORP,Welspun Corp Limited,2018-04-05,2018-04-06,119.8430404663086,119.97157774109772,34.920807038827405,41.098385774876824,6.177578736049419,69.58314183159963,2018-03-28,83.38421498792256,2018-03-28,124.50686883473671
2505,WELCORP,Welspun Corp Limited,2018-04-09,2018-04-10,121.77114868164062,121.68544172440107,39.54050411360644,44.55648546952278,5.015981355916338,70.05809817875596,2018-04-06,83.38421498792256,2018-03-28,123.74170660795485
1049,INFY,Infosys Limited,2018-04-11,2018-04-12,442.11712646484375,444.16206683550354,39.82715884239891,43.96234750163636,4.13518865923745,85.84369638422942,2018-04-06,87.68686742834446,2018-03-28,448.48256012549336
1063,INVENTURE,Inventure Growth & Securities Limited,2018-04-11,2018-04-12,1.6481459140777588,1.6285833544634647,39.32259887018051,42.93519911913248,3.6126002489519706,62.96478373721769,2018-04-06,98.75000128906197,2018-03-28,1.734562383388245
1401,MAYURUNIQ,Mayur Uniquoters Ltd,2018-04-17,2018-04-18,448.74639892578125,449.4519275297632,39.547046488870556,41.94314818042312,2.396101691552566,68.27929542816423,2018-04-13,86.50894893789831,2018-03-28,457.45418820790763
1689,PERSISTENT,Persistent Systems Limited,2018-04-19,2018-04-20,320.7118225097656,318.5119715224161,33.37277405072257,42.83270957158498,9.459935520862409,71.84616833343445,2018-04-13,85.71971956926183,2018-03-28,325.8226601319147
923,HEG,HEG Limited,2018-04-20,2018-04-23,465.58306884765625,474.4559320740618,37.455576505348745,43.516032545391646,6.060456040042901,78.4476665630778,2018-04-13,99.99999999621356,2018-03-28,484.76196564040805
1875,ROML,Raj Oil Mills Limited,2018-04-20,2018-04-23,48.0,48.0,39.50360697005869,44.79940537428382,5.295798404225131,78.34465422253227,2018-04-13,92.85714285714286,2018-03-28,50.00593201906482
635,DYNPRO,Dynemic Products Limited,2018-04-23,2018-04-24,179.77957153320312,182.37879139541582,34.63278356012762,45.6523147612444,11.019531201116777,60.71194593479823,2018-04-20,92.60617706862338,2018-03-28,185.21154323678803
1401,MAYURUNIQ,Mayur Uniquoters Ltd,2018-04-23,2018-04-24,460.2237548828125,456.31958898129807,36.04678682953018,52.51848938194287,16.471702552412694,64.66892025432136,2018-04-20,86.50894893789831,2018-03-28,454.90678749366833
1948,SANOFI,Sanofi India Limited,2018-04-24,2018-04-25,3516.858154296875,3503.923368408103,36.818836600661925,40.1468441462944,3.328007545632474,64.96550683937488,2018-04-20,99.99999999885193,2018-03-28,3583.5263609364315
684,ENIL,Entertainment Network (India) Limited,2018-04-27,2018-04-30,651.5218505859375,648.2804459319306,39.67711344587505,41.86311296654808,2.185999520673029,68.10971027913922,2018-04-20,99.9999999926224,2018-03-28,662.4738066580006
923,HEG,HEG Limited,2018-04-27,2018-04-30,449.5174865722656,454.19448454483694,37.90554173083447,40.00905713876265,2.103515407928178,77.48162200423658,2018-04-20,99.99999999621356,2018-03-28,473.2440312902236
1172,KAMDHENU,Kamdhenu Limited,2018-04-27,2018-04-30,12.015055656433105,12.027501815150352,38.88889472369452,41.8103492978175,2.9214545741229827,84.05163917749404,2018-04-20,93.55193532917723,2018-03-28,12.421918255631976
1732,POLYPLEX,Polyplex Corporation Limited,2018-04-30,2018-05-02,290.2274475097656,290.40899402969745,39.11400106850959,48.815689054907715,9.701687986398127,63.1217385978812,2018-04-27,72.2958709468638,2018-03-28,290.18728364607114
2505,WELCORP,Welspun Corp Limited,2018-04-30,2018-05-02,121.77114868164062,121.98537997886564,38.3228212851503,46.87634873426003,8.55352744910973,65.56047349864889,2018-04-27,83.38421498792256,2018-03-28,123.31988814732941
1870,RML,Rane (Madras) Limited,2018-05-03,2018-05-04,871.3170776367188,870.5641894287752,39.859499434363656,47.99733896001112,8.137839525647465,73.2971367083889,2018-04-27,89.78933782459276,2018-04-30,886.9135822055046
438,CELEBRITY,Celebrity Fashions Limited,2018-05-07,2018-05-08,15.300000190734863,15.5,39.98266981878631,43.216888546127436,3.2342187273411227,63.03132354525342,2018-05-04,78.98550096486983,2018-04-30,16.0114374492847
1357,MAITHANALL,Maithan Alloys Limited,2018-05-07,2018-05-08,741.7132568359375,744.6161500827192,39.851359197136006,42.47239997083012,2.621040773694112,69.94762840940894,2018-05-04,81.84524236195159,2018-04-30,769.9812778354409
1732,POLYPLEX,Polyplex Corporation Limited,2018-05-07,2018-05-08,290.01568603515625,292.2240721224949,39.80582031496915,50.33270553040996,10.526885215440814,62.30766719682775,2018-05-04,73.99569540432209,2018-04-30,288.6682825908987
684,ENIL,Entertainment Network (India) Limited,2018-05-08,2018-05-09,642.178955078125,643.6566198273825,38.18048862370983,43.594636700451275,5.414148076741448,63.86011909009223,2018-05-04,77.82980184903518,2018-04-30,651.9752742350469
1172,KAMDHENU,Kamdhenu Limited,2018-05-08,2018-05-09,12.361045837402344,12.59502415169419,39.653541747027454,50.839155244034544,11.18561349700709,82.47818882955312,2018-05-04,93.564899121758,2018-04-30,12.249818707467249
2356,TVTODAY,TV Today Network Limited,2018-05-08,2018-05-09,302.5302734375,302.00020111923953,39.97641177560414,42.97358132323263,2.997169547628488,70.42054439863121,2018-05-04,94.89871323835551,2018-04-30,309.914099127293
1875,ROML,Raj Oil Mills Limited,2018-05-09,2018-05-10,46.0,44.0,39.767230596068735,43.11216705505982,3.3449364589910857,75.113631917308,2018-05-04,90.86021505376344,2018-04-30,47.89192793061552
684,ENIL,Entertainment Network (India) Limited,2018-05-11,2018-05-14,641.5116577148438,638.794495505872,39.489101631446104,44.84769174090835,5.358590109462249,63.86011909009223,2018-05-04,77.82980184903518,2018-04-30,648.3696244153743
1063,INVENTURE,Inventure Growth & Securities Limited,2018-05-11,2018-05-14,1.6090208292007446,1.628583458523941,39.18809363762001,48.489976771430655,9.301883133810648,60.53892608016191,2018-05-04,96.16105018075572,2018-04-30,1.6047084955517437
1357,MAITHANALL,Maithan Alloys Limited,2018-05-11,2018-05-14,726.2312622070312,732.635930830012,37.94627605755039,40.220284768251474,2.2740087107010822,69.94762840940894,2018-05-04,81.84524236195159,2018-04-30,756.5192723166919
1470,MOREPENLAB,Morepen Laboratories Limited,2018-05-14,2018-05-15,33.55644607543945,34.20367176678069,39.322480808575634,40.92161396754758,1.599133158971945,66.29640454384901,2018-05-11,71.83650384500474,2018-04-30,35.474737522925764
1934,SALZERELEC,Salzer Electronics Limited,2018-05-14,2018-05-15,193.03872680664062,193.4179692621897,38.67043102058621,54.299062876650815,15.628631856064608,60.46078333689999,2018-05-11,83.4784845064886,2018-04-30,190.24272696240422
2356,TVTODAY,TV Today Network Limited,2018-05-14,2018-05-15,293.5523681640625,294.8444165607402,33.11745038659288,40.753561676663004,7.636111290070126,66.74145727011792,2018-05-11,94.89871323835551,2018-04-30,303.9930919801334
635,DYNPRO,Dynemic Products Limited,2018-05-15,2018-05-16,171.59681701660156,173.23336051729123,39.39088524264436,42.51423254274525,3.123347300100889,60.101505963046066,2018-05-11,93.10636002907472,2018-04-30,177.47849022338218
836,GOLDENTOBC,Golden Tobacco Limited,2018-05-15,2018-05-16,61.0,61.0,39.44158103216547,43.87598019574703,4.43439916358156,65.74139189940796,2018-05-11,82.29936323878555,2018-04-30,62.553820552708224
1374,MANINDS,Man Industries (India) Limited,2018-05-15,2018-05-16,109.92362976074219,110.31620051653545,32.17887302672415,41.76906048798155,9.5901874612574,60.59944823605921,2018-05-11,96.31746643104387,2018-04-30,113.48090662657138
22,AARVI,Aarvi Encon Limited,2018-05-16,2018-05-17,74.97947692871094,74.97947692871094,39.39165802981528,47.589603177776475,8.197945147961192,67.38627267135094,2018-05-11,76.44413145612891,2018-04-30,76.18151210499593
483,COALINDIA,Coal India Limited,2018-05-17,2018-05-18,139.7808074951172,139.78082301267992,31.791004540610302,44.89719803589868,13.10619349528838,75.23810797201719,2018-05-11,93.3038006710079,2018-04-30,141.18715031530354
757,GAEL,Gujarat Ambuja Exports Limited,2018-05-17,2018-05-18,61.124324798583984,60.82208981184713,37.36910976855363,41.45871850137184,4.089608732818213,82.98626225107205,2018-05-11,91.80223572097161,2018-04-30,64.3253523890022
2279,TFCILTD,Tourism Finance Corporation of India Limited,2018-05-17,2018-05-18,26.822771072387695,27.049786644300436,37.5366266671621,43.95421026809234,6.417583600930236,79.49364820031929,2018-05-11,88.6853580389763,2018-04-30,27.13350053996137
418,CANTABIL,Cantabil Retail India Limited,2018-05-18,2018-05-21,24.4204044342041,24.048918179063513,38.96307045010713,44.47762425511549,5.5145538050083545,60.02843055827438,2018-05-11,94.02955370849449,2018-04-30,24.941898160407295
940,HIMATSEIDE,Himatsingka Seide Limited,2018-05-18,2018-05-21,340.3341064453125,340.804941981156,33.558328186044434,42.223451694824895,8.66512350878046,61.175343502341185,2018-05-11,96.08025482810564,2018-04-30,346.19157656134365
2205,SURYAROSNI,Surya Roshni Limited,2018-05-18,2018-05-21,89.98197174072266,89.01005655216292,39.53651133353756,40.02654365205818,0.490032318520619,67.83076981021492,2018-05-11,90.53910417388346,2018-04-30,92.80259667841665
42,ACE,Action Construction Equipment Limited,2018-05-22,2018-05-23,165.0345916748047,165.4215499329324,32.745391684662266,41.78389968697813,9.038508002315865,65.91098785396552,2018-05-18,91.80857956187643,2018-04-30,172.3348591387141
212,ASIANHOTNR,Asian Hotels (North) Limited,2018-05-22,2018-05-23,289.5,290.0,36.39824309522871,41.325879315586306,4.9276362203575985,77.20186666769096,2018-05-18,99.99999999321284,2018-04-30,302.6860984141551
315,BDL,Bharat Dynamics Limited,2018-05-22,2018-05-23,164.01307678222656,162.0958604171813,38.1713981095278,43.35699198084833,5.185593871320528,61.42596269536437,2018-05-18,99.99999995973779,2018-04-30,168.22180636014483
757,GAEL,Gujarat Ambuja Exports Limited,2018-05-22,2018-05-23,59.93955612182617,59.87911220585862,35.838875734332575,41.4070798495726,5.568204115240022,80.52460827726864,2018-05-18,91.80223572097161,2018-04-30,63.20206230634348
940,HIMATSEIDE,Himatsingka Seide Limited,2018-05-22,2018-05-23,337.0381164550781,339.01568994314147,30.943678173816167,43.78641204246458,12.842733868648416,61.50895689090019,2018-05-18,96.08025482810564,2018-04-30,343.5522897455416
952,HIRECT,Hirect Limited,2018-05-22,2018-05-23,65.2553939819336,64.15103714706619,35.12818481957808,41.00391337064256,5.875728551064476,67.99572851286501,2018-05-18,97.27193967795948,2018-04-30,67.35846085514785
1394,MASTEK,Mastek Limited,2018-05-22,2018-05-23,488.0032958984375,485.35288387239365,32.05062909221358,44.45682146238787,12.406192370174288,69.93715610744101,2018-05-18,99.99999999691708,2018-04-30,500.73697173827685
2455,VIPIND,VIP Industries Limited,2018-05-22,2018-05-23,381.02117919921875,378.8947533639057,39.08110282512004,50.45219490928244,11.371092084162399,70.43924059839918,2018-05-18,78.68261535003508,2018-04-30,382.57028254537516
2488,VSTTILLERS,V.S.T Tillers Tractors Limited,2018-05-22,2018-05-23,2549.784912109375,2581.748611821542,35.07830283725771,41.76183374921743,6.683530911959721,65.86373834464445,2018-05-18,97.5160253231869,2018-04-30,2640.2487599190827
210,ASHOKLEY,Ashok Leyland Limited,2018-05-23,2018-05-24,61.142822265625,61.75276901689157,36.76785306555098,42.37944996267581,5.6115968971248265,60.37327942444708,2018-05-18,99.99999998404304,2018-04-30,64.08173969691994
295,BANDHANBNK,Bandhan Bank Limited,2018-05-23,2018-05-24,475.2541198730469,469.3607727422373,30.797815452132937,50.04894988005012,19.25113442791718,88.19861153701898,2018-05-18,99.99999999764967,2018-04-30,468.13966845751696
684,ENIL,Entertainment Network (India) Limited,2018-05-23,2018-05-24,625.4952392578125,620.061181325449,33.09094570302503,42.2109329821094,9.11998727908437,61.89179374467742,2018-05-18,77.82980184903518,2018-04-30,638.4688956126196
1172,KAMDHENU,Kamdhenu Limited,2018-05-23,2018-05-24,11.683999061584473,11.942871572732527,39.26208138795739,42.29550962157458,3.033428233617194,81.56824661002781,2018-05-18,93.564899121758,2018-04-30,12.064442217278426
188,ARMANFIN,Arman Financial Services Limited,2018-05-24,2018-05-25,373.7200012207031,389.57331751294396,34.629511258716704,40.8643791264189,6.234867867702199,70.79245455371114,2018-05-18,99.52966526071425,2018-04-30,390.7178949644752
212,ASIANHOTNR,Asian Hotels (North) Limited,2018-05-24,2018-05-25,285.0,285.04998779296875,35.86012524719307,41.003404686584,5.1432794393909305,77.20186666769096,2018-05-18,99.99999999321284,2018-04-30,299.02983289570534
223,ASTRAL,Astral Limited,2018-05-24,2018-05-25,425.92877197265625,425.7734375754033,39.649900730203335,56.54651988339443,16.896619153191097,66.53086609466304,2018-05-18,99.09228773374743,2018-04-30,416.84213383676297
448,CEREBRAINT,Cerebra Integrated Technologies Limited,2018-05-24,2018-05-25,61.79999923706055,59.099998474121094,36.0815095168629,45.122506750748975,9.040997233886074,71.35209215774329,2018-05-18,94.82577084639395,2018-04-30,63.168030552790434
1929,SAKSOFT,Saksoft Limited,2018-05-24,2018-05-25,17.500638961791992,17.610016606218768,39.89637314061914,47.41929675748436,7.522923616865221,65.26787735033469,2018-05-18,94.8372270409334,2018-04-30,17.64040687503623
2,21STCENMGM,21st Century Management Services Limited,2018-05-25,2018-05-28,34.67800521850586,35.355308532714844,36.43212505047727,41.13155436125562,4.699429310778349,75.11047244337612,2018-05-18,77.04378507049577,2018-04-30,36.243976638586844
42,ACE,Action Construction Equipment Limited,2018-05-25,2018-05-28,164.9378662109375,166.38893848590826,39.48044261566146,43.883336565725195,4.402893950063735,65.91098785396552,2018-05-18,91.80857956187643,2018-04-30,169.82558409079408
466,CHOLAFIN,Cholamandalam Investment and Finance Company Limited,2018-05-25,2018-05-28,293.88348388671875,296.3789607201944,38.41654398424778,40.74312632690342,2.326582342655641,60.08204329688,2018-05-18,99.29887505120156,2018-04-30,305.3563884846978
918,HDFCLIFE,HDFC Life Insurance Company Limited,2018-05-25,2018-05-28,470.4534606933594,474.50823580468546,39.10126723447857,42.98644060469764,3.8851733702190714,76.19655762485105,2018-05-18,98.70153843073568,2018-04-30,483.8109205101741
940,HIMATSEIDE,Himatsingka Seide Limited,2018-05-25,2018-05-28,340.9462585449219,348.4327864627741,39.70816683512527,48.62178144581248,8.913614610687212,61.50895689090019,2018-05-18,96.08025482810564,2018-04-30,341.2259616724418
985,ICICIPRULI,ICICI Prudential Life Insurance Company Limited,2018-05-25,2018-05-28,407.5870056152344,410.49831933644685,39.67937765822076,49.345628363703284,9.666250705482526,63.02557590208615,2018-05-18,83.20610447392383,2018-04-30,410.33118208283014
1194,KELLTONTEC,Kellton Tech Solutions Limited,2018-05-25,2018-05-28,11.527791023254395,11.637294246666741,34.625330418435155,43.813393208659384,9.18806279022423,64.06527861393846,2018-05-18,99.99999921323987,2018-04-30,11.814202755375824
2356,TVTODAY,TV Today Network Limited,2018-05-25,2018-05-28,294.5130920410156,293.51927363610747,37.869008418154635,44.427124669501936,6.5581162513473,69.16393242302895,2018-05-18,94.89871323835551,2018-04-30,298.65641578223523
2488,VSTTILLERS,V.S.T Tillers Tractors Limited,2018-05-25,2018-05-28,2549.6025390625,2553.478299789454,38.836305325452614,43.16418468607118,4.327879360618567,65.86373834464445,2018-05-18,97.5160253231869,2018-04-30,2614.4107099463663
2505,WELCORP,Welspun Corp Limited,2018-05-25,2018-05-28,116.9722900390625,118.60046583018169,39.399041321785376,47.30717628451809,7.908134962732717,62.75382060982744,2018-05-18,83.89284024370444,2018-04-30,117.69981928425362
8,5PAISA,5Paisa Capital Limited,2018-05-28,2018-05-29,237.2078094482422,248.15586853027344,39.55148914848195,45.69625446227374,6.144765313791794,62.73407815767642,2018-05-25,98.17266788829016,2018-04-30,246.7419829922196
651,EIHAHOTELS,EIH Associated Hotels Limited,2018-05-28,2018-05-29,244.1341552734375,246.23917522491982,37.1752527290739,41.609405569437904,4.434152840364007,74.9969979541148,2018-05-25,92.83493483669153,2018-04-30,255.79215098194499
952,HIRECT,Hirect Limited,2018-05-28,2018-05-29,64.69094848632812,64.37189937991224,34.74350809636246,42.40406256735284,7.660554470990377,65.85037157851842,2018-05-25,97.27193967795948,2018-04-30,66.27358322870975
1172,KAMDHENU,Kamdhenu Limited,2018-05-28,2018-05-29,12.266458511352539,12.694589512299329,38.639299236373986,53.21636184316222,14.577062606788232,79.27497921993135,2018-05-25,93.564899121758,2018-04-30,11.991458248268074
2205,SURYAROSNI,Surya Roshni Limited,2018-05-28,2018-05-29,87.02099609375,87.02098317804712,39.698179313076224,44.38526255736098,4.687083244284757,62.193769219905796,2018-05-25,90.53910417388346,2018-04-30,89.02109317781995
875,GTPL,GTPL Hathway Limited,2018-05-29,2018-05-30,116.41322326660156,116.75423969356011,37.44180071432277,43.906419028221556,6.464618313898789,62.47686479164821,2018-05-25,76.82293546631023,2018-04-30,117.71680544000134
212,ASIANHOTNR,Asian Hotels (North) Limited,2018-05-31,2018-06-01,279.0,267.79998779296875,36.02468775663524,43.459995285708196,7.435307529072958,73.2228320709992,2018-05-25,99.99999999321284,2018-04-30,288.2156288949789
2279,TFCILTD,Tourism Finance Corporation of India Limited,2018-05-31,2018-06-01,26.63068199157715,26.63068247316212,36.34485640120075,45.51013659805156,9.165280196850809,77.45696684942934,2018-05-25,88.6853580389763,2018-04-30,26.74680426691125
295,BANDHANBNK,Bandhan Bank Limited,2018-06-01,2018-06-04,455.27423095703125,459.01149475022976,39.04207589225059,42.1771217720398,3.1350458797892102,88.3037764540212,2018-05-25,93.07425216994503,2018-05-31,462.5401837205694
1200,KHADIM,Khadim India Limited,2018-06-05,2018-06-06,778.6572265625,779.0051841264518,39.044014760115374,41.47392903865805,2.4299142785426753,83.76058009196645,2018-06-01,99.99999999396495,2018-05-31,805.0651924155367
1497,MUTHOOTCAP,Muthoot Capital Services Limited,2018-06-05,2018-06-06,883.0,888.2999877929688,36.971371088449814,43.393775306505454,6.4224042180556395,67.16234009094146,2018-06-01,95.63435512240297,2018-05-31,910.9207680444736
8,5PAISA,5Paisa Capital Limited,2018-06-06,2018-06-07,223.85726928710938,223.85726928710938,37.51864050300399,42.750817702193146,5.2321771991891595,64.17588285153982,2018-06-01,98.18250994468855,2018-05-31,240.55526332419345
188,ARMANFIN,Arman Financial Services Limited,2018-06-06,2018-06-07,367.75640869140625,352.84734988522223,34.61688939615293,43.54616676146822,8.929277365315293,68.55773700423757,2018-06-01,93.08142322924466,2018-05-31,381.98040692701574
295,BANDHANBNK,Bandhan Bank Limited,2018-06-06,2018-06-07,475.0145568847656,480.09341908524834,39.62465999922979,54.825767772846426,15.201107773616634,86.43452258433523,2018-06-01,93.07425216994503,2018-05-31,462.04509060798756
340,BHARATRAS,Bharat Rasayan Limited,2018-06-06,2018-06-07,1376.89306640625,1385.6943710942523,36.54918114386374,47.53347127014352,10.984290126279781,77.33336745114086,2018-06-01,96.02593427985667,2018-05-31,1409.6945020278083
438,CELEBRITY,Celebrity Fashions Limited,2018-06-06,2018-06-07,14.199999809265137,14.350000381469727,39.74691215097761,47.588048848078174,7.841136697100566,60.735841440693484,2018-06-01,77.04307248579707,2018-05-31,14.471345406863344
1102,JAMNAAUTO,Jamna Auto Industries Limited,2018-06-06,2018-06-07,76.44198608398438,77.23641770609309,36.16479800966983,40.96839119144888,4.80359318177905,67.50851847116992,2018-06-01,94.03084115376214,2018-05-31,80.72985612177648
1394,MASTEK,Mastek Limited,2018-06-06,2018-06-07,466.75445556640625,467.2037829873459,30.594591280735116,42.637703510752196,12.04311223001708,64.7592054708669,2018-06-01,92.72915803465241,2018-05-31,483.0278220952524
2144,STARCEMENT,Star Cement Limited,2018-06-06,2018-06-07,124.27613067626953,123.44988965988159,36.24402393313859,47.244890759030355,11.000866825891762,64.04545456474779,2018-06-01,67.86186712141259,2018-05-31,126.27278626516767
2505,WELCORP,Welspun Corp Limited,2018-06-06,2018-06-07,113.11605072021484,112.77328462274308,32.453711222562376,45.75995955215468,13.306248329592307,62.78453144654624,2018-06-01,80.73243845995424,2018-05-31,115.47699996713675
2557,ZYDUSWELL,Zydus Wellness Limited,2018-06-06,2018-06-07,234.3535919189453,231.33326345345424,29.46263885116514,43.71548418729448,14.25284533612934,69.49357869951903,2018-06-01,93.30284322966884,2018-05-31,240.8722138979119
117,ALKALI,Alkali Metals Limited,2018-06-07,2018-06-08,61.992183685302734,64.27224053255318,33.4311578232124,41.83381455200189,8.402656728789488,61.66881176478155,2018-06-01,64.87659546330201,2018-05-31,64.24288369495675
875,GTPL,GTPL Hathway Limited,2018-06-07,2018-06-08,109.03881072998047,108.3141760663847,30.45305231477309,41.97979450039288,11.526742185619788,63.47691498192096,2018-06-01,63.94074475424604,2018-05-31,113.34602894968556
918,HDFCLIFE,HDFC Life Insurance Company Limited,2018-06-07,2018-06-08,459.7546691894531,459.7546637680826,38.501388645243296,40.59577425647741,2.0943856112341166,74.20603078020548,2018-06-01,93.1134505493366,2018-05-31,475.1725599110007
1059,INTELLECT,Intellect Design Arena Limited,2018-06-07,2018-06-08,192.943603515625,193.8201666115361,39.85483257698788,49.30391689183945,9.449084314851568,66.60724133189491,2018-06-01,89.88589791715069,2018-05-31,194.40066531733405
1193,KEI,KEI Industries Limited,2018-06-07,2018-06-08,421.29052734375,416.0048542986908,39.90652674540335,45.61048782437563,5.703961078972284,80.35121315559911,2018-06-01,97.69323338937117,2018-05-31,437.7788451349591
2114,SONATSOFTW,Sonata Software Limited,2018-06-07,2018-06-08,96.03306579589844,95.34366116161118,33.000568252339406,42.42680277543286,9.426234523093456,76.37757161042163,2018-06-01,97.48906110740157,2018-05-31,101.3866636558712
2291,THOMASCOOK,Thomas Cook  (India)  Limited,2018-06-07,2018-06-08,97.28775787353516,97.03848110541999,38.88993756331156,49.50098748624697,10.611049922935408,71.77036888855426,2018-06-01,92.4386664119112,2018-05-31,97.22886837520787
2474,VMART,V-Mart Retail Limited,2018-06-07,2018-06-08,590.5536499023438,583.09064940641,39.87211412238505,57.046267983582574,17.174153861197524,77.95769141363152,2018-06-01,99.99999999747315,2018-05-31,559.4618568481687
1172,KAMDHENU,Kamdhenu Limited,2018-06-08,2018-06-11,10.942237854003906,10.952195320518918,39.516163059511776,42.05405124973356,2.5378881902217856,79.6603718740783,2018-06-01,91.99491169965741,2018-05-31,11.422525465214763
1189,KDDL,KDDL Limited,2018-06-08,2018-06-11,444.69329833984375,463.4766154322795,36.883432041371044,43.620880583621144,6.7374485422501,60.71881938118451,2018-06-01,86.60908759387212,2018-05-31,465.0034979832388
1200,KHADIM,Khadim India Limited,2018-06-08,2018-06-11,791.483154296875,805.2538037246941,35.52561901587991,48.79092324324804,13.265304227368127,83.76058009196645,2018-06-01,99.99999999396495,2018-05-31,797.6701515495204
1929,SAKSOFT,Saksoft Limited,2018-06-08,2018-06-11,16.392261505126953,16.62560535487338,37.432040021107575,40.063522599767396,2.6314825786598206,63.71046598881736,2018-06-01,89.60976022042114,2018-05-31,17.042693233144302
2205,SURYAROSNI,Surya Roshni Limited,2018-06-08,2018-06-11,83.30282592773438,82.9524807518242,39.23047665110807,46.823936443379225,7.593459792271155,60.29662225019244,2018-06-01,82.37068250800728,2018-05-31,84.04252925019772
2480,VOLTAMP,Voltamp Transformers Limited,2018-06-08,2018-06-11,898.7352905273438,898.5172144213711,39.51982004484042,41.64768337985298,2.127863335012556,60.16427035570382,2018-06-01,85.78313762952217,2018-05-31,914.1822627353812
631,DVL,Dhunseri Ventures Limited,2018-06-11,2018-06-12,101.1472396850586,100.14743509533697,37.80100253444904,42.080470972615494,4.279468438166454,61.708200528473014,2018-06-08,76.60511374404504,2018-05-31,107.08559001563972
651,EIHAHOTELS,EIH Associated Hotels Limited,2018-06-11,2018-06-12,218.64016723632812,218.64016978998194,39.42188527036767,41.67480413347163,2.2529188631039645,70.35638615988988,2018-06-08,87.53301639688482,2018-05-31,229.14477622524166
934,HGINFRA,H.G. Infra Engineering Limited,2018-06-11,2018-06-12,305.10076904296875,306.72575801232813,32.52450449590428,42.10918648133451,9.58468198543023,83.57255395150653,2018-06-08,98.0531828453868,2018-05-31,311.15895549711684
448,CEREBRAINT,Cerebra Integrated Technologies Limited,2018-06-12,2018-06-13,58.95000076293945,57.20000076293945,32.89574700438227,43.49335464232658,10.597607637944307,61.231857504048065,2018-06-08,88.32540360567428,2018-05-31,60.692761612095865
2279,TFCILTD,Tourism Finance Corporation of India Limited,2018-06-12,2018-06-13,26.071876525878906,26.176647951104798,39.66334505128786,42.66269212207137,2.9993470707835073,74.90197052565406,2018-06-08,77.74320560340756,2018-05-31,26.313031071775537
757,GAEL,Gujarat Ambuja Exports Limited,2018-06-13,2018-06-14,52.57707214355469,52.28692984722933,39.92697092993231,41.46376997116516,1.5367990412328538,69.57766320069574,2018-06-08,79.1667404896401,2018-05-31,54.49014854101421
212,ASIANHOTNR,Asian Hotels (North) Limited,2018-06-14,2018-06-15,265.8500061035156,254.0,34.65357918857582,45.2369400845189,10.58336089594308,69.80408563359106,2018-06-08,81.02695547716776,2018-05-31,269.9285680962764
757,GAEL,Gujarat Ambuja Exports Limited,2018-06-18,2018-06-19,54.342140197753906,53.6530341519802,39.44139001192717,47.96602539390274,8.524635381975571,70.02211108737177,2018-06-15,79.1667404896401,2018-05-31,54.047240021920224
212,ASIANHOTNR,Asian Hotels (North) Limited,2018-06-19,2018-06-20,258.25,273.45001220703125,38.906421361532004,43.109894574602556,4.203473213070552,67.27282461409936,2018-06-15,81.02695547716776,2018-05-31,266.00812825441625
188,ARMANFIN,Arman Financial Services Limited,2018-06-20,2018-06-21,357.8170166015625,357.866708016995,36.662088359313096,41.40150425660121,4.7394158972881115,61.40471407367392,2018-06-15,93.08142322924466,2018-05-31,372.65742184193755
2114,SONATSOFTW,Sonata Software Limited,2018-06-20,2018-06-21,93.58348083496094,94.12619609025877,37.602377934537095,41.18580228598512,3.5834243514480235,62.92491841790795,2018-06-15,97.48906110740157,2018-05-31,97.68462227567369
952,HIRECT,Hirect Limited,2018-06-22,2018-06-25,60.617088317871094,60.27350832883896,37.123098732897546,45.36181909279978,8.238720359902231,62.99397984491122,2018-06-15,92.35192820308522,2018-05-31,62.330054131005824
1702,PIDILITIND,Pidilite Industries Limited,2018-06-22,2018-06-25,501.66180419921875,501.6618406958491,38.479749573952866,42.21535770198216,3.735608128029291,65.08127939100908,2018-06-15,99.9999999900408,2018-05-31,515.4484966878199
2114,SONATSOFTW,Sonata Software Limited,2018-06-22,2018-06-25,92.82071685791016,92.82071807076657,39.918605479603826,40.123830932408424,0.2052254528045978,62.92491841790795,2018-06-15,97.48906110740157,2018-05-31,96.83320025557275
2279,TFCILTD,Tourism Finance Corporation of India Limited,2018-06-22,2018-06-25,25.678958892822266,25.67896380314282,36.35129371697503,40.918378669607705,4.567084952632676,74.94750017712019,2018-06-15,77.74320560340756,2018-05-31,25.989582649234723
631,DVL,Dhunseri Ventures Limited,2018-06-26,2018-06-27,99.81417083740234,101.64714946309874,39.037393920878756,44.599431022063484,5.562037101184728,60.87670526728246,2018-06-22,76.60511374404504,2018-05-31,102.43992575244137
1636,ORIENTLTD,Orient Press Limited,2018-06-27,2018-06-28,337.4537048339844,339.43231860854155,39.5017826600246,43.52457325956114,4.022790599536535,67.23708462397016,2018-06-22,99.99999999726693,2018-05-31,353.1518661379386
1147,JSWSTEEL,JSW Steel Limited,2018-06-28,2018-06-29,292.6048278808594,294.9645060382411,39.65392674704862,43.743487563831835,4.089560816783212,67.41317443132267,2018-06-22,93.33770419558573,2018-05-31,299.39159033741305
196,ARVIND,Arvind Limited,2018-06-29,2018-07-02,134.77366638183594,134.87511250691202,37.261447679158444,47.1234133960557,9.86196571689726,60.02229931888999,2018-06-22,62.38941665300005,2018-05-31,135.9908924599477
212,ASIANHOTNR,Asian Hotels (North) Limited,2018-06-29,2018-07-02,252.25,260.0,34.133141860349355,46.68765954935967,12.554517689010318,66.31706289046289,2018-06-22,81.02695547716776,2018-05-31,253.68060917504243
309,BBTC,The Bombay Burmah Trading Corporation Limited,2018-06-29,2018-07-02,1407.522705078125,1418.2456371238472,37.73291376653929,43.588361410679376,5.855447644140085,61.72377817841591,2018-06-22,75.7931914732923,2018-05-31,1448.2341931862138
466,CHOLAFIN,Cholamandalam Investment and Finance Company Limited,2018-06-29,2018-07-02,294.89727783203125,295.36519284747726,32.044439705979556,40.49212231419932,8.447682608219765,60.90482316881655,2018-06-22,91.20729414446402,2018-05-31,307.07328997278233
709,EXCELINDUS,Excel Industries Limited,2018-06-29,2018-07-02,1133.955078125,1168.9888154906357,37.44349342668948,42.367300580802095,4.923807154112616,70.64389456724149,2018-06-22,97.98210607764224,2018-05-31,1201.1197679944207
754,FSL,Firstsource Solutions Limited,2018-06-29,2018-07-02,54.644630432128906,54.72214416314755,37.84330903421871,43.63831606965033,5.795007035431617,76.43925460868681,2018-06-22,99.99999998684929,2018-05-31,57.16440005161388
757,GAEL,Gujarat Ambuja Exports Limited,2018-06-29,2018-07-02,51.31977462768555,50.87246194640342,36.363657691436266,45.17041509523068,8.806757403794414,69.35166220292902,2018-06-22,79.1667404896401,2018-05-31,52.08179606622055
817,GMMPFAUDLR,GMM Pfaudler Limited,2018-06-29,2018-07-02,261.4327697753906,261.44929094244253,39.1250584984568,43.48297864477479,4.357920146317987,60.960178548036964,2018-06-22,99.9999999967883,2018-05-31,270.96355087417675
933,HFCL,HFCL Limited,2018-06-29,2018-07-02,28.44167709350586,28.539919853168048,39.56462693224186,47.318483726010776,7.753856793768918,62.454532586203214,2018-06-22,64.4578171228506,2018-05-31,29.292791370327162
1059,INTELLECT,Intellect Design Arena Limited,2018-06-29,2018-07-02,188.46334838867188,188.463337379074,38.60104350175499,46.15473708281236,7.553693581057374,61.92921359633234,2018-06-22,89.88589791715069,2018-05-31,192.7686286293769
1102,JAMNAAUTO,Jamna Auto Industries Limited,2018-06-29,2018-07-02,75.55928039550781,75.91238637472789,37.55423875673953,43.298448377818204,5.744209621078674,63.437436210528105,2018-06-22,94.03084115376214,2018-05-31,78.06442197992442
1189,KDDL,KDDL Limited,2018-06-29,2018-07-02,454.2032775878906,447.24820219652696,38.92373629260204,45.67835768990205,6.7546213973000135,63.12703598365131,2018-06-22,86.60908759387212,2018-05-31,467.18995989022227
1193,KEI,KEI Industries Limited,2018-06-29,2018-07-02,399.95196533203125,396.9175821438039,38.33385051873267,40.045876906042885,1.7120263873102175,65.25240846916208,2018-06-22,97.69323338937117,2018-05-31,419.4295645852171
1394,MASTEK,Mastek Limited,2018-06-29,2018-07-02,458.7132263183594,458.6682945748644,35.27894498711035,43.52115148943474,8.242206502324393,62.44833734212548,2018-06-22,92.72915803465241,2018-05-31,469.59258265958874
2114,SONATSOFTW,Sonata Software Limited,2018-06-29,2018-07-02,91.83795928955078,91.82327751089723,35.635052511232615,42.01978620165016,6.384733690417548,60.84742614451857,2018-06-22,97.48906110740157,2018-05-31,94.85053578745584
709,EXCELINDUS,Excel Industries Limited,2018-07-03,2018-07-04,1123.3726806640625,1134.5854875577024,39.94636327263344,42.0835184774737,2.137155204840262,62.44189899214973,2018-06-29,92.31639198987152,2018-06-29,1186.3165262431291
2265,TECHM,Tech Mahindra Limited,2018-07-03,2018-07-04,487.4690856933594,490.7884354615446,39.62417221744135,41.10255149598187,1.4783792785405225,63.46519564397682,2018-06-29,60.494412003898404,2018-06-29,505.22608686326504
483,COALINDIA,Coal India Limited,2018-07-04,2018-07-05,136.09967041015625,136.1768911471923,36.96527487639663,41.67676036472005,4.711485488323426,64.92791728033102,2018-06-29,73.26365198844945,2018-06-29,138.97544491219605
1172,KAMDHENU,Kamdhenu Limited,2018-07-04,2018-07-05,10.543975830078125,10.384671540268764,35.92427263909161,40.96006082200376,5.03578818291215,69.22653495457499,2018-06-29,86.21649073075554,2018-06-29,10.957916490675425
754,FSL,Firstsource Solutions Limited,2018-07-05,2018-07-06,53.59824752807617,53.24945018992261,34.67481105483844,44.29582153535606,9.621010480517619,70.6975716898909,2018-06-29,98.34215928208863,2018-06-29,55.728298906710386
918,HDFCLIFE,HDFC Life Insurance Company Limited,2018-07-05,2018-07-06,451.1565856933594,451.4008423554543,39.817388691800566,41.402215736305486,1.5848270445049195,66.64278109060001,2018-06-29,86.2696598470647,2018-06-29,458.9831117773875
631,DVL,Dhunseri Ventures Limited,2018-07-06,2018-07-09,93.56536865234375,92.48222907649325,38.793978845534475,40.520567247631135,1.7265884020966595,60.3677855502983,2018-06-29,73.34556301043702,2018-06-29,98.05898700564634
934,HGINFRA,H.G. Infra Engineering Limited,2018-07-09,2018-07-10,259.8477783203125,259.94630632489105,38.66667820814452,41.891099053679,3.224420845534482,65.2059817601468,2018-07-06,80.79092813388874,2018-06-29,264.8707311757259
1172,KAMDHENU,Kamdhenu Limited,2018-07-09,2018-07-10,10.47925853729248,10.653497466489188,39.032346376714095,40.65830589043259,1.6259595137184917,68.19445344006182,2018-07-06,86.21649073075554,2018-06-29,10.834224889460385
651,EIHAHOTELS,EIH Associated Hotels Limited,2018-07-10,2018-07-11,201.96383666992188,201.61298524015024,38.9305387550231,44.85259603050149,5.922057275478387,65.0555266055432,2018-07-06,84.0692987346238,2018-06-29,204.28214966918407
757,GAEL,Gujarat Ambuja Exports Limited,2018-07-10,2018-07-11,50.098731994628906,49.80858631482033,39.7282094418997,45.35504360434338,5.626834162443679,65.68564854067085,2018-07-06,77.88766752263673,2018-06-29,50.77435820545047
2279,TFCILTD,Tourism Finance Corporation of India Limited,2018-07-10,2018-07-11,25.85359001159668,25.80993265159022,36.77180049917549,53.99148812970586,17.219687630530366,71.93811084883293,2018-07-06,67.7879437158558,2018-06-29,25.61999551946453
1697,PGHL,Procter & Gamble Health Limited,2018-07-16,2018-07-17,1706.586181640625,1706.9193158592573,39.96994121844043,49.38024209841167,9.410300879971238,63.608605120959865,2018-07-13,97.22076581657512,2018-06-29,1718.017767845953
111,ALBERTDAVD,Albert David Limited,2018-07-17,2018-07-18,359.3075866699219,352.337314439777,38.780093677186535,42.14959545296402,3.3695017757774863,69.82002905491147,2018-07-13,79.32655069586224,2018-06-29,379.1532505592308
651,EIHAHOTELS,EIH Associated Hotels Limited,2018-07-17,2018-07-18,193.14617919921875,196.46740450690854,36.16693377050543,40.08879511899808,3.921861348492648,65.13797169312102,2018-07-13,84.0692987346238,2018-06-29,200.48758904342662
1200,KHADIM,Khadim India Limited,2018-07-19,2018-07-20,765.5825805664062,760.6609584032198,39.64132798744005,40.3108307987598,0.6695028113197523,65.77392358989405,2018-07-13,90.4404603217138,2018-06-29,781.026622875244
2474,VMART,V-Mart Retail Limited,2018-07-19,2018-07-20,589.11181640625,609.7355779697093,38.57659192985395,43.4209384984822,4.844346568628254,70.949177809706,2018-07-13,99.99999999738115,2018-06-29,636.8037160705595
111,ALBERTDAVD,Albert David Limited,2018-07-20,2018-07-23,349.8639831542969,333.67486092281746,37.29104793893466,40.055166532114704,2.7641185931800436,69.82002905491147,2018-07-13,79.32655069586224,2018-06-29,371.49914329121543
1059,INTELLECT,Intellect Design Arena Limited,2018-07-20,2018-07-23,182.61952209472656,183.69088562785143,39.586760501631716,45.25166016624457,5.664899664612854,60.057317513641316,2018-07-13,84.71274907988477,2018-06-29,186.52820981301414
2677,IVZINGOLD,IVZINGOLD,2018-07-20,2018-07-23,2840.0,2993.0,37.75448133758588,50.17552953192477,12.421048194338887,60.1604813229462,2018-07-13,94.26602897830197,2018-06-29,2841.062422196288
651,EIHAHOTELS,EIH Associated Hotels Limited,2018-07-23,2018-07-24,192.21060180664062,191.78963024342053,35.42708619717051,42.551618452924856,7.124532255754346,63.488958726887105,2018-07-20,84.0692987346238,2018-06-29,196.75518837545704
757,GAEL,Gujarat Ambuja Exports Limited,2018-07-23,2018-07-24,47.45282745361328,48.1694186085961,39.16827275946495,42.727915262431196,3.5596425029662484,63.5219990852497,2018-07-20,77.88766752263673,2018-06-29,48.731068329860776
934,HGINFRA,H.G. Infra Engineering Limited,2018-07-23,2018-07-24,257.97662353515625,258.02585225870905,35.0566968596454,44.40849757730451,9.35180071765911,61.660118164999986,2018-07-20,80.79092813388874,2018-06-29,261.6109624129307
1172,KAMDHENU,Kamdhenu Limited,2018-07-24,2018-07-25,10.449389457702637,10.479259026460511,39.860696533958404,46.88781076966724,7.0271142357088365,64.8735336368132,2018-07-20,86.21649073075554,2018-06-29,10.50227817643867
2279,TFCILTD,Tourism Finance Corporation of India Limited,2018-07-24,2018-07-25,25.3471736907959,25.364634115840563,39.750305111692526,46.513516333450625,6.763211221758098,68.63370569509112,2018-07-20,67.7879437158558,2018-06-29,25.392730428112774
2265,TECHM,Tech Mahindra Limited,2018-07-26,2018-07-27,476.79779052734375,477.43905968265136,38.924724591030504,45.67973319987923,6.755008608848726,62.48972853948252,2018-07-20,60.494412003898404,2018-06-29,482.1560943926459
401,BSHSL,Bombay Super Hybrid Seeds Limited,2018-07-27,2018-07-30,7.593750953674316,8.000001907348633,39.71214718640798,40.3851668925221,0.6730197061141183,90.33092521362234,2018-07-20,99.9999999361278,2018-06-29,8.027661620234497
2291,THOMASCOOK,Thomas Cook  (India)  Limited,2018-08-02,2018-08-03,93.78013610839844,94.45673281391147,28.81057689338516,41.909659139808376,13.099082246423215,63.96759802250523,2018-07-27,82.72416476269022,2018-07-31,95.91515119052141
754,FSL,Firstsource Solutions Limited,2018-08-08,2018-08-09,53.04356384277344,53.241346853868926,34.36241008465096,40.03635768500245,5.6739476003514895,69.82198356244956,2018-08-03,98.38361676354974,2018-07-31,55.92192657952924
684,ENIL,Entertainment Network (India) Limited,2018-08-16,2018-08-17,663.295654296875,658.8626527279615,39.54690945365762,40.239857413037264,0.6929479593796444,64.26005844478928,2018-08-10,77.04641718317171,2018-07-31,681.6770961443549
1982,SEAMECLTD,Seamec Limited,2018-08-29,2018-08-30,272.7334289550781,282.8089431975304,39.77270465970657,40.08603640703334,0.31333174732677094,69.05852299886917,2018-08-24,99.51692477411758,2018-07-31,283.98857518571066
1445,MITTAL,Mittal Life Style Limited,2018-08-30,2018-08-31,1.0964993238449097,1.0988928700838907,34.17512802111739,40.88303238239257,6.707904361275183,70.14361004508058,2018-08-24,99.99999389021282,2018-07-31,1.1268477084735053
1689,PERSISTENT,Persistent Systems Limited,2018-09-06,2018-09-07,389.32000732421875,392.33258532042686,36.70728294772685,51.30214070326221,14.594857755535358,63.00046036173371,2018-08-31,85.53948026793086,2018-08-31,387.4906060576435
1863,RITES,RITES Limited,2018-09-06,2018-09-07,73.62626647949219,73.73759557309218,37.4852068181189,44.44350022444728,6.95829340632838,74.27497774360917,2018-08-31,99.99999998999313,2018-08-31,76.72631773256148
327,BERGEPAINT,Berger Paints (I) Limited,2018-09-07,2018-09-10,252.35777282714844,253.47562900908596,38.84936049421548,44.32693029591424,5.477569801698756,74.6642819534503,2018-08-31,75.23999153533958,2018-08-31,259.11779008495665
1172,KAMDHENU,Kamdhenu Limited,2018-09-07,2018-09-10,10.899921417236328,10.683368455906797,37.042458317534816,51.55883389271661,14.516375575181797,64.51675531031765,2018-08-31,83.81918527717308,2018-08-31,10.821678416765481
1542,NESTLEIND,Nestle India Limited,2018-09-07,2018-09-10,471.27569580078125,471.43129853867293,39.126332924462915,41.954771209587655,2.82843828512474,86.07611108532441,2018-08-31,99.9999999947452,2018-08-31,489.56047177432754
1982,SEAMECLTD,Seamec Limited,2018-09-07,2018-09-10,273.7757263183594,278.937587445129,34.52133617314405,47.37492092558153,12.853584752437477,63.22753229584624,2018-08-31,95.63198183244698,2018-08-31,276.0539038266782
2248,TATAELXSI,Tata Elxsi Limited,2018-09-07,2018-09-10,1236.2696533203125,1236.2242304026117,38.58508930547681,41.186575190273985,2.601485884797178,73.22562717403925,2018-08-31,78.00244938503019,2018-08-31,1274.4442547921826
830,GODREJCP,Godrej Consumer Products Limited,2018-09-12,2018-09-14,805.1369018554688,816.8136866607157,34.564935160752086,43.24644104768592,8.681505886933834,63.436780123781716,2018-09-07,99.99999999560652,2018-08-31,836.1241492630899
903,HAVELLS,Havells India Limited,2018-09-12,2018-09-14,614.3231201171875,617.4579152588452,38.47084498490375,43.57138834204066,5.100543357136914,62.200623920869965,2018-09-07,60.15496090194167,2018-08-31,637.7514762602292
281,BAJFINANCE,Bajaj Finance Limited,2018-09-14,2018-09-17,259.10894775390625,257.9259261515828,37.233325762238735,45.019878760680584,7.786552998441849,67.4967299825715,2018-09-07,75.69395266006127,2018-08-31,265.26592533530845
295,BANDHANBNK,Bandhan Bank Limited,2018-09-14,2018-09-17,600.264404296875,598.8244746286001,37.71462717188705,41.646960221295956,3.9323330494089035,74.90159037055403,2018-09-07,94.27181487973807,2018-08-31,629.2083468330337
327,BERGEPAINT,Berger Paints (I) Limited,2018-09-14,2018-09-17,248.5650177001953,246.72851889391924,37.77515216378245,45.08678220251729,7.31163003873484,60.70197794649426,2018-09-07,75.23999153533958,2018-08-31,253.89355250834896
1354,MAHLOG,Mahindra Logistics Limited,2018-09-14,2018-09-17,535.1062622070312,529.1413380128785,36.0857381610554,42.130078326906514,6.044340165851111,69.00593210192423,2018-09-07,92.4497705879055,2018-08-31,551.460091735524
1739,POWERMECH,Power Mech Projects Limited,2018-09-14,2018-09-17,467.3685302734375,470.67019562310725,38.1366349716323,44.58204091949704,6.445405947864742,61.89726927579005,2018-09-07,90.38497269136468,2018-08-31,480.5881282611477
2248,TATAELXSI,Tata Elxsi Limited,2018-09-14,2018-09-17,1220.760009765625,1219.8983337625916,38.90899863793721,41.671882321389766,2.762883683452557,62.63793769744601,2018-09-07,78.00244938503019,2018-08-31,1254.4515211738137
2455,VIPIND,VIP Industries Limited,2018-09-14,2018-09-17,532.546630859375,539.0541981472383,39.832531573672604,46.976711393817006,7.144179820144402,72.93241196107407,2018-09-07,93.29577346563008,2018-08-31,550.2923177406831
1863,RITES,RITES Limited,2018-09-19,2018-09-21,71.14785766601562,71.79288559942532,39.48636938021264,43.24353806748803,3.7571686872753887,63.97746795409105,2018-09-14,99.99999998999313,2018-08-31,74.06659282976516
2248,TATAELXSI,Tata Elxsi Limited,2018-09-19,2018-09-21,1208.87841796875,1215.3635554667835,39.5580002002875,41.11129472197171,1.553294521684208,60.42775390717908,2018-09-14,78.00244938503019,2018-08-31,1244.7917791794712
965,HONAUT,Honeywell Automation India Limited,2018-09-26,2018-09-27,21200.9765625,21425.37370555094,38.978913148355524,48.81619367846527,9.837280530109744,63.78274601044763,2018-09-21,92.71015106100255,2018-08-31,21370.65310462003
2552,ZOTA,Zota Health Care LImited,2018-09-26,2018-09-27,191.71243286132812,193.0718310813133,39.90131977413284,44.86022630915708,4.958906535024241,70.36926197352234,2018-09-21,97.81012198283587,2018-08-31,194.57927584233232
2084,SIRCA,Sirca Paints India Limited,2018-10-10,2018-10-11,62.316104888916016,60.450645529047634,36.838291248274686,44.25620147517201,7.417910226897327,66.85894298774906,2018-10-05,89.32799668200049,2018-09-28,64.61317203556605
871,GSS,GSS Infotech Limited,2018-10-12,2018-10-15,94.44999694824219,96.3499984741211,39.537333418738086,44.51648801870639,4.979154599968304,64.46681594525779,2018-10-05,89.35815512041478,2018-09-28,99.84415794086276
401,BSHSL,Bombay Super Hybrid Seeds Limited,2018-10-29,2018-10-30,8.175002098083496,8.312501907348633,36.005996138524964,48.5245804628592,12.518584324334235,69.50936042809411,2018-10-26,93.15431426105582,2018-09-28,8.226505078377258
866,GRSE,Garden Reach Shipbuilders & Engineers Limited,2018-12-07,2018-12-10,78.45968627929688,76.81651387968907,39.220096976833034,47.845260157514765,8.625163180681731,98.87968655227267,2018-11-30,99.99999998745166,2018-11-30,77.12360060129774
235,ATUL,Atul Limited,2018-12-13,2018-12-14,3223.422119140625,3270.7983074276444,37.794831593689345,43.82487494290126,6.030043349211915,64.62275563446136,2018-12-07,66.83237847163717,2018-11-30,3289.781715310539
2133,SRF,SRF Limited,2018-12-27,2018-12-28,388.6930847167969,390.31532467719614,37.10941999550724,40.86676727923118,3.757347283723945,60.59061269606426,2018-12-21,71.93553611933649,2018-11-30,409.0076702946901
2447,VIMTALABS,Vimta Labs Limited,2019-01-11,2019-01-14,144.25086975097656,142.54701652410432,39.83638876868488,53.44507667756453,13.608687908879652,60.929547707336475,2019-01-04,71.01523228562408,2018-12-31,141.9126372778678
2450,VINDHYATEL,Vindhya Telelinks Limited,2019-01-11,2019-01-14,1677.942138671875,1648.8558457524173,38.594649319971104,41.64588482556583,3.0512355055947253,64.09753179463038,2019-01-04,75.87605803476939,2018-12-31,1730.9435893726798
2450,VINDHYATEL,Vindhya Telelinks Limited,2019-01-17,2019-01-18,1665.7100830078125,1672.479551028463,38.78676459005695,40.48550008038244,1.6987354903254896,60.01259494189882,2019-01-11,75.87605803476939,2018-12-31,1711.4985157498124
542,DANGEE,Dangee Dums Limited,2019-01-21,2019-01-22,13.406665802001953,13.416666030883789,37.64722494350517,48.144092298192774,10.496867354687602,83.5410620018809,2019-01-18,93.78979032226044,2018-12-31,13.427701428579912
871,GSS,GSS Infotech Limited,2019-01-23,2019-01-24,122.30000305175781,122.0,33.66912171221368,45.40988134529501,11.740759633081332,63.19308073720844,2019-01-18,87.6590550397247,2018-12-31,126.61635521985578
1851,RESPONIND,Responsive Industries Limited,2019-01-23,2019-01-24,88.58792877197266,88.53819685820368,36.7431344194006,45.42759429506148,8.684459875660885,60.49114291808323,2019-01-18,80.18199843210637,2018-12-31,91.64234224132854
1851,RESPONIND,Responsive Industries Limited,2019-01-25,2019-01-28,85.60350799560547,88.53818031866224,39.5762639014105,42.1304180738628,2.5541541724523,60.49114291808323,2019-01-18,80.18199843210637,2018-12-31,90.47917775717121
235,ATUL,Atul Limited,2019-01-29,2019-01-30,3338.03564453125,3377.3707326082135,36.54975442238982,49.11299360464364,12.563239182253824,63.06251670137682,2019-01-25,65.2362281006356,2018-12-31,3353.2489127830167
1067,IOLCP,IOL Chemicals and Pharmaceuticals Limited,2019-01-29,2019-01-30,32.205482482910156,32.69218379345778,37.955859342707,41.502703300720306,3.546843958013305,74.5909240082854,2019-01-25,86.10993956391357,2018-12-31,35.719747038215196
2084,SIRCA,Sirca Paints India Limited,2019-01-29,2019-01-30,76.51612091064453,73.73401880765853,38.28193872680226,44.11566296537686,5.833724238574604,68.12946324461404,2019-01-25,90.2140925119108,2018-12-31,77.65507398780876
2084,SIRCA,Sirca Paints India Limited,2019-01-31,2019-02-01,75.76029205322266,80.02191644399451,38.991909725474045,41.46665834881289,2.474748623338847,68.12946324461404,2019-01-25,90.2140925119108,2018-12-31,77.29433099245477
2127,SPLIL,SPL Industries Limited,2019-02-01,2019-02-04,57.900001525878906,60.29999923706055,38.884511360215775,44.033674129845146,5.1491627696293705,60.662585345137245,2019-01-25,66.68778527689025,2019-01-31,61.452605808019214
866,GRSE,Garden Reach Shipbuilders & Engineers Limited,2019-02-22,2019-02-25,69.66887664794922,68.27221823039498,33.40395608395396,47.870670337351335,14.466714253397377,74.97580239214122,2019-02-15,88.25062009346078,2019-01-31,69.37216801660907
1930,SAKUMA,Sakuma Exports Limited,2019-02-27,2019-02-28,6.534326076507568,6.562942693004371,36.52542419660886,43.93389249419418,7.408468297585323,61.15273314912819,2019-02-22,89.82310093352687,2019-01-31,6.836379135547205
1067,IOLCP,IOL Chemicals and Pharmaceuticals Limited,2019-02-28,2019-03-01,33.527862548828125,33.93192099916158,39.454514444889114,41.458430346804214,2.0039159019151,61.79831552291058,2019-02-22,89.26518167319304,2019-01-31,35.661438890114205
542,DANGEE,Dangee Dums Limited,2019-03-05,2019-03-06,12.829999923706055,12.996665954589844,12.99382054813259,64.75298069229586,51.759160144163275,66.7453806950825,2019-03-01,76.61593250070698,2019-02-28,12.37659135337344
2677,IVZINGOLD,IVZINGOLD,2019-03-08,2019-03-11,3116.0,3099.0,35.92494566787053,62.88294614357801,26.95800047570748,62.02442800300508,2019-03-01,82.64996644943764,2019-02-28,3007.8793396773585
285,BALAXI,BALAXI PHARMACEUTICALS LIMITED,2019-03-19,2019-03-20,5.971558570861816,6.261148929595947,34.16110130388785,99.9556781670331,65.79457686314525,80.83020250337049,2019-03-15,89.03926837880475,2019-02-28,5.717381577130031
213,ASIANPAINT,Asian Paints Limited,2019-04-11,2019-04-12,1332.1734619140625,1341.1596372543672,39.81571335031962,43.081264575495304,3.2655512251756846,67.5083621802655,2019-04-05,65.83472171066137,2019-03-28,1366.2320972608106
418,CANTABIL,Cantabil Retail India Limited,2019-05-02,2019-05-03,51.49010467529297,51.43144550066341,34.857979993263996,49.442884016392156,14.58490402312816,70.31041591218995,2019-04-26,77.56212068656535,2019-04-30,51.97430862346882
934,HGINFRA,H.G. Infra Engineering Limited,2019-05-03,2019-05-06,248.80572509765625,242.83478706045443,34.40238496439164,43.115459090822426,8.713074126430783,62.63823371221118,2019-04-26,71.83506130521917,2019-04-30,259.05030285045376
304,BATAINDIA,Bata India Limited,2019-05-09,2019-05-10,1204.35888671875,1213.0491318414524,39.48043381094832,40.3252863079072,0.8448524969588789,76.2435050938176,2019-05-03,89.08725899071425,2019-04-30,1247.6900088827958
903,HAVELLS,Havells India Limited,2019-05-09,2019-05-10,704.5670776367188,698.2023953036462,38.91958840901323,43.41296042083542,4.4933720118221885,65.1351564541979,2019-05-03,62.28293402179098,2019-04-30,717.5406431048877
604,DIVISLAB,Divi's Laboratories Limited,2019-05-10,2019-05-13,1565.9088134765625,1568.23358606686,37.83593074041027,42.838888013403526,5.002957272993257,62.737769350713066,2019-05-03,78.19670134537482,2019-04-30,1605.6443867428309
1498,MUTHOOTFIN,Muthoot Finance Limited,2019-05-10,2019-05-13,511.5675048828125,509.5144269489102,39.90467854654845,43.880105957884055,3.975427411335602,67.71170087104979,2019-05-03,65.3610634839441,2019-04-30,522.4478263706864
1982,SEAMECLTD,Seamec Limited,2019-05-10,2019-05-13,414.18756103515625,421.83105756577265,34.39118165958374,41.35081090849808,6.9596292489143465,67.38723754591604,2019-05-03,84.82532444898177,2019-04-30,431.3953766111606
1759,PRESTIGE,Prestige Estates Projects Limited,2019-05-14,2019-05-15,239.91555786132812,240.30508477594603,39.533929089476075,41.33686411367704,1.8029350242009627,60.28683525499557,2019-05-10,60.29767402628704,2019-04-30,251.84797330925693
1982,SEAMECLTD,Seamec Limited,2019-05-14,2019-05-15,417.11590576171875,416.8677449666942,37.82356584373334,44.76820130676627,6.944635463032931,66.53214701001862,2019-05-10,84.82532444898177,2019-04-30,428.01880490123676
304,BATAINDIA,Bata India Limited,2019-05-16,2019-05-17,1196.158935546875,1196.114441713026,39.173861934174624,42.55904565965617,3.3851837254815464,61.24209054550605,2019-05-10,89.08725899071425,2019-04-30,1226.6179168572783
1759,PRESTIGE,Prestige Estates Projects Limited,2019-05-16,2019-05-17,238.5521240234375,242.1067666728662,39.92340153836136,40.68535207621406,0.7619505378526981,60.28683525499557,2019-05-10,60.29767402628704,2019-04-30,249.48006242226165
2208,SUVEN,Suven Life Sciences Limited,2019-05-16,2019-05-17,11.87608814239502,11.838924407958984,39.848818192016495,44.72314693694012,4.8743287449236234,60.034193207050194,2019-05-10,71.9332878861474,2019-04-30,12.052137015724847
1069,IPCALAB,IPCA Laboratories Limited,2019-05-17,2019-05-20,446.6740417480469,451.84844315177094,39.53001664943918,43.01158467494481,3.4815680255056236,74.30763499119242,2019-05-10,86.51152988228253,2019-04-30,457.8577473512347
1387,MARINE,Marine Electricals (India) Limited,2019-05-22,2019-05-23,19.448402404785156,19.597242955635068,37.052379010515565,40.494853597775766,3.4424745872602003,72.40842321823166,2019-05-17,80.8692901647317,2019-04-30,20.028734986241545
1696,PGHH,Procter & Gamble Hygiene and Health Care Limited,2019-06-19,2019-06-20,9619.005859375,9516.195095695295,39.3549635333104,45.906056369058106,6.551092835747703,63.55862153287018,2019-06-14,70.94721752766446,2019-05-31,9743.997668079553
290,BALRAMCHIN,Balrampur Chini Mills Limited,2019-06-20,2019-06-21,132.22584533691406,132.03856192081182,37.30246101947695,40.21477085959393,2.9123098401169827,67.12200162534641,2019-06-14,66.16518384249018,2019-05-31,140.27933359754854
924,HEIDELBERG,HeidelbergCement India Limited,2019-06-21,2019-06-24,148.74685668945312,148.78626502200785,38.69428211026552,43.02035450278301,4.326072392517489,68.34863769170502,2019-06-14,77.46079096251043,2019-05-31,154.7304390388601
2341,TRIVENI,Triveni Engineering & Industries Limited,2019-06-21,2019-06-24,60.87902069091797,62.73225752775161,36.040540250875196,40.21418179485969,4.173641543984495,73.25483758794864,2019-06-14,65.99160019774715,2019-05-31,64.51015418223896
965,HONAUT,Honeywell Automation India Limited,2019-06-26,2019-06-27,23918.4765625,24106.986381492694,39.74301828965641,41.06980121642835,1.3267829267719407,62.424578755436066,2019-06-21,80.58825683756957,2019-05-31,24474.332273798813
281,BAJFINANCE,Bajaj Finance Limited,2019-07-09,2019-07-10,349.373291015625,349.06780264141423,39.85885944954324,53.39715016761662,13.538290718073384,77.11152001208184,2019-07-05,75.75485548969073,2019-06-28,347.2948941178399
1498,MUTHOOTFIN,Muthoot Finance Limited,2019-07-09,2019-07-10,548.4779052734375,551.2450066739412,39.82273783483946,45.62154232970317,5.79880449486371,60.121998324047766,2019-07-05,69.29079996136299,2019-06-28,558.8768921303366
796,GILLETTE,Gillette India Limited,2019-07-11,2019-07-12,6338.3291015625,6391.608342647143,32.69124621404315,42.69953186435951,10.00828565031636,60.14595894313418,2019-07-05,82.10573865521111,2019-06-28,6470.224456699863
817,GMMPFAUDLR,GMM Pfaudler Limited,2019-07-11,2019-07-12,420.8321533203125,419.38259704718286,39.39936724089781,42.14614086979797,2.746773628900158,60.83334199956005,2019-07-05,86.23211999515236,2019-06-28,436.4804857748931
1368,MANAPPURAM,Manappuram Finance Limited,2019-07-11,2019-07-12,112.5391616821289,111.92323224839511,38.268935394768484,40.131406385627464,1.8624709908589807,62.166063182967235,2019-07-05,60.49296431817698,2019-06-28,117.77378699118347
1833,RECLTD,REC Limited,2019-07-11,2019-07-12,63.89267349243164,63.62817797795888,38.047230925453576,40.227946074962446,2.1807151495088704,71.56463010160022,2019-07-05,60.28220986911907,2019-06-28,68.34396545541775
19,AARTIIND,Aarti Industries Limited,2019-07-12,2019-07-15,409.6426086425781,419.820843086719,36.44340252760582,47.01570941798284,10.572306890377021,64.78119687903933,2019-07-05,75.91907942151741,2019-06-28,415.1221293062844
246,AVADHSUGAR,Avadh Sugar & Energy Limited,2019-07-12,2019-07-15,272.3267517089844,277.0617043299446,36.676994691503445,47.18284948343081,10.505854791927362,62.436611680908484,2019-07-05,66.43500854902373,2019-06-28,280.94352821956664
2193,SUPREMEENG,Supreme Engineering Limited,2019-07-31,2019-08-01,3.486607074737549,3.486607074737549,39.90128825589678,50.31580455486398,10.4145162989672,65.66031403096301,2019-07-26,73.16010714378103,2019-06-28,3.5122341078637835
28,ABBOTINDIA,Abbott India Limited,2019-08-01,2019-08-02,7519.46826171875,7552.446635941862,38.80538712604418,43.85136866613184,5.045981540087659,61.24317342239924,2019-07-26,68.01381710655068,2019-07-31,7635.881229933284
1909,RVNL,Rail Vikas Nigam Limited,2019-08-01,2019-08-02,19.564273834228516,19.564271699774864,37.156668141596136,41.16052440436147,4.003856262765332,86.05752452531397,2019-07-26,93.21996124729851,2019-07-31,20.25064863865727
1909,RVNL,Rail Vikas Nigam Limited,2019-08-06,2019-08-07,19.605377197265625,19.60537293223004,39.29796791476754,42.939494529298905,3.641526614531365,85.94585755333084,2019-08-02,93.21996124729851,2019-07-31,20.06948873384383
1736,POWERGRID,Power Grid Corporation of India Limited,2019-08-07,2019-08-08,77.07474517822266,76.7646443077329,39.622645499783516,40.79333780749234,1.1706923077088263,67.80257903638605,2019-08-02,68.32757260527316,2019-07-31,79.81662970008537
87,AGROPHOS,Agro Phos India Limited,2019-08-23,2019-08-26,83.27836608886719,79.40944879513634,39.543129382857295,44.181299277410304,4.638169894553009,68.96754840445328,2019-08-16,89.96049213300836,2019-07-31,86.23045189642467
1909,RVNL,Rail Vikas Nigam Limited,2019-08-23,2019-08-26,19.11215591430664,19.72867919263984,38.49039356202025,40.8720847467857,2.381691184765451,83.40558120939878,2019-08-16,93.21996124729851,2019-07-31,19.89911364145453
2193,SUPREMEENG,Supreme Engineering Limited,2019-08-23,2019-08-26,3.299999952316284,3.408035869925514,35.92825743919799,43.34573189982622,7.4174744606282275,65.8055710300564,2019-08-16,75.52737846377585,2019-07-31,3.471872607158288
1702,PIDILITIND,Pidilite Industries Limited,2019-09-20,2019-09-23,679.7103271484375,692.3757733585195,36.6238386631757,62.82906016113366,26.205221497957965,68.20130417409172,2019-09-13,70.73313255351432,2019-08-30,651.0653092250532
2043,SHREDIGCEM,Shree Digvijay Cement Co.Ltd,2019-10-15,2019-10-16,13.416590690612793,13.213309672341419,34.068544494292084,42.09166547435109,8.023120980059005,87.9200980878021,2019-10-11,99.99999992313614,2019-09-30,13.50005880026851
2610,EQ30,EQ30,2019-11-13,2019-11-14,349.0,347.6000061035156,35.5908492405642,55.100427306140894,19.509578065576697,62.30306686372066,2019-11-08,70.86532550336025,2019-10-31,340.0134076242044
1387,MARINE,Marine Electricals (India) Limited,2019-11-13,2019-11-14,19.835384368896484,19.448402404785156,38.918585010304305,45.73133216750604,6.812747157201734,60.95800958968512,2019-11-08,71.50330608467917,2019-10-31,20.220992314835065
235,ATUL,Atul Limited,2019-11-15,2019-11-18,3942.7060546875,3947.290949843621,39.537398847798784,45.07848433102067,5.5410854832218845,65.2310512288079,2019-11-08,69.49763449843903,2019-10-31,4027.0910059591297
609,DMART,Avenue Supermarts Limited,2019-11-19,2019-11-20,1841.6500244140625,1841.0,38.55446849758986,40.9350519570476,2.380583459457739,64.68031408808872,2019-11-15,79.06523829829813,2019-10-31,1907.3596005587003
2404,VADILALIND,Vadilal Industries Limited,2019-11-20,2019-11-21,710.0580444335938,720.2308737411163,36.95482205307392,40.452478896322376,3.497656843248457,63.81917742536122,2019-11-15,71.6933682638067,2019-10-31,746.9287645216416
949,HINDUNILVR,Hindustan Unilever Limited,2019-11-21,2019-11-22,1832.5882568359375,1833.796018149229,39.180912657687806,44.915960258087324,5.735047600399518,62.021984073397356,2019-11-15,68.07318957941484,2019-10-31,1859.1138498166397
609,DMART,Avenue Supermarts Limited,2019-11-22,2019-11-25,1837.25,1840.0,37.89314187648262,41.84335954927868,3.9502176727960574,64.68031408808872,2019-11-15,79.06523829829813,2019-10-31,1887.5652484416887
1478,MPSLTD,MPS Limited,2019-11-22,2019-11-25,411.3413391113281,422.98430707079484,38.2618903789504,42.359189753715384,4.097299374764987,60.1349360484776,2019-11-15,62.07394892218675,2019-10-31,427.868006823063
609,DMART,Avenue Supermarts Limited,2019-11-27,2019-11-28,1846.1500244140625,1850.0,34.916053024665956,46.23297300024643,11.316919975580475,61.7377604492652,2019-11-22,79.06523829829813,2019-10-31,1871.7553707483867
2516,WHIRLPOOL,Whirlpool of India Limited,2019-11-27,2019-11-28,2151.164794921875,2167.920591118477,37.650173541185445,52.50352818507076,14.853354643885318,71.66932101065701,2019-11-22,67.87730614210383,2019-10-31,2139.9266722151087
635,DYNPRO,Dynemic Products Limited,2019-11-29,2019-12-02,133.4241485595703,137.75992860409656,38.143193041411976,48.485933307911786,10.34274026649981,67.10826518061216,2019-11-22,67.75399085842149,2019-10-31,135.36000979393023
281,BAJFINANCE,Bajaj Finance Limited,2019-12-03,2019-12-04,385.094970703125,384.45872210732307,39.52427846792797,40.94877275140788,1.424494283479909,63.72568555708675,2019-11-29,72.93417597867888,2019-11-29,396.10644386536205
733,FINEORG,Fine Organic Industries Limited,2019-12-04,2019-12-05,1837.2490234375,1854.7141183433032,38.81363243981902,47.88342958852245,9.069797148703437,63.02367391043557,2019-11-29,89.42652302644976,2019-11-29,1862.2203646929859
2208,SUVEN,Suven Life Sciences Limited,2019-12-04,2019-12-05,12.654199600219727,12.781949996948242,39.340892356469645,40.8832320996958,1.542339743226158,67.0490653927676,2019-11-29,71.68525127882735,2019-11-29,13.614899023287593
1909,RVNL,Rail Vikas Nigam Limited,2019-12-11,2019-12-12,19.349748611450195,19.39100303256175,37.76598313778676,43.553174435278414,5.787191297491653,66.37288294411482,2019-12-06,92.04642539094202,2019-11-29,19.67918052811431
2486,VSTIND,VST Industries Limited,2019-12-13,2019-12-16,285.865478515625,287.33827489850194,38.56027643424463,44.8444526335968,6.284176199352174,65.06072310350024,2019-12-06,68.73483046765654,2019-11-29,291.81054889273815
1445,MITTAL,Mittal Life Style Limited,2019-12-20,2019-12-23,8.247057914733887,8.243016242980957,38.87126702925756,46.848973346974724,7.977706317717164,60.37995576741182,2019-12-13,84.05661801623567,2019-11-29,8.318293649614956
118,ALKEM,Alkem Laboratories Limited,2019-12-26,2019-12-27,1897.9925537109375,1903.5360286091682,39.90987790377334,48.2308124837223,8.320934579948961,61.86239881891807,2019-12-20,60.69965756271945,2019-11-29,1909.6881063157773
1909,RVNL,Rail Vikas Nigam Limited,2020-01-01,2020-01-02,18.978431701660156,19.01968877379427,39.915082734329495,41.375002401336,1.4599196670065027,63.377401883257555,2019-12-27,90.10446311609707,2019-12-31,19.166216307503593
985,ICICIPRULI,ICICI Prudential Life Insurance Company Limited,2020-01-02,2020-01-03,480.98968505859375,481.4840910461146,35.1582470146693,42.521021704336626,7.362774689667326,60.65120407268072,2019-12-27,67.58643622347265,2019-12-31,487.1342914706602
327,BERGEPAINT,Berger Paints (I) Limited,2020-01-07,2020-01-08,397.0723876953125,387.3142842381145,39.70978231594265,43.47185690262286,3.762074586680214,72.42780625915502,2020-01-03,76.4093376888502,2019-12-31,405.1540206858829
281,BAJFINANCE,Bajaj Finance Limited,2020-01-08,2020-01-09,393.39031982421875,398.8249592437465,39.922568893060145,44.27041395246903,4.347845059408883,63.622466359942806,2020-01-03,74.58805855411575,2019-12-31,400.1087916291974
1704,PIIND,PI Industries Limited,2020-01-08,2020-01-09,1408.88232421875,1417.8288064310436,38.86289052022567,48.02415542686685,9.161264906641179,64.46640948339078,2020-01-03,73.60126418890032,2019-12-31,1417.2463579025066
1692,PFIZER,Pfizer Limited,2020-01-14,2020-01-15,3516.189697265625,3526.3813656467855,37.246454642569454,46.30588181291573,9.059427170346275,60.588926244443705,2020-01-10,70.05454730180759,2019-12-31,3548.5505806767974
962,HNDFDS,Hindustan Foods Limited,2020-01-23,2020-01-24,125.62000274658203,131.60000610351562,31.767972674457724,40.78459126373935,9.016618589281627,85.93534596876101,2020-01-17,99.9999999926518,2019-12-31,131.5684394119053
984,ICICIGI,ICICI Lombard General Insurance Company Limited,2020-01-23,2020-01-24,1278.2584228515625,1281.327592754591,38.06929739766784,42.79471648957573,4.725419091907888,66.32144133141466,2020-01-17,83.3633923379229,2019-12-31,1310.1582898913857
1692,PFIZER,Pfizer Limited,2020-01-23,2020-01-24,3488.365478515625,3488.580600683248,38.07400025068004,46.39273788821691,8.31873763753687,62.229156018091025,2020-01-17,70.05454730180759,2019-12-31,3509.001675206338
1231,KOTAKBANK,Kotak Mahindra Bank Limited,2020-01-24,2020-01-27,326.6589660644531,323.8256953560311,38.79262799137383,47.157303695907366,8.36467570453354,64.61160812402977,2020-01-17,66.22827022052839,2019-12-31,329.1446767139726
2739,NPBET,NPBET,2020-01-24,2020-01-27,175.49000549316406,174.6999969482422,36.90821403581636,46.86755344142814,9.959339405611786,70.9383382811983,2020-01-17,99.99999997200598,2019-12-31,176.60831921333022
2119,SPANDANA,Spandana Sphoorty Financial Limited,2020-01-28,2020-01-29,1093.699951171875,1090.0,38.071829073450886,47.45982988928913,9.388000815838247,60.4100302342794,2020-01-24,94.90104495330964,2019-12-31,1095.2817757833564
2298,TIINDIA,Tube Investments of India Limited,2020-01-30,2020-01-31,492.92364501953125,494.10358875253786,39.8865970967416,49.631334539231545,9.744737442489942,77.28892624146278,2020-01-24,75.10020079662353,2019-12-31,497.1137955878356
2739,NPBET,NPBET,2020-01-31,2020-02-03,172.66000366210938,166.6999969482422,39.22328182136901,41.97750631062254,2.754224489253531,70.15743644944018,2020-01-24,99.99999997200598,2019-12-31,175.14521366092222
2119,SPANDANA,Spandana Sphoorty Financial Limited,2020-01-31,2020-02-03,1054.5,990.0,37.966559117497816,43.89089511510896,5.924335997611145,60.4100302342794,2020-01-24,94.90104495330964,2019-12-31,1080.8379215522846
962,HNDFDS,Hindustan Foods Limited,2020-02-03,2020-02-04,126.11000061035156,128.9499969482422,39.861760991091245,43.11164127543092,3.2498802843396746,76.08999467188472,2020-01-31,93.54391262087205,2020-01-31,129.82392628699253
273,BAJAJFINSV,Bajaj Finserv Limited,2020-02-04,2020-02-05,950.0054321289062,950.5136569612238,38.891596830763056,52.101901239634365,13.210304408871309,63.85688610867958,2020-01-31,72.2153534149896,2020-01-31,945.0986790626854
985,ICICIPRULI,ICICI Prudential Life Insurance Company Limited,2020-02-04,2020-02-05,464.9715270996094,464.62545249273717,28.82935500079168,40.40496067630631,11.57560567551463,62.9245882052235,2020-01-31,70.78906759361277,2020-01-31,491.23892019555313
1411,MCX,Multi Commodity Exchange of India Limited,2020-02-04,2020-02-05,235.6799774169922,236.47510435087588,35.471135625279985,46.604060142056674,11.13292451677669,60.7059201658334,2020-01-31,76.09978898071202,2020-01-31,242.8046459163781
2739,NPBET,NPBET,2020-02-04,2020-02-05,172.0,173.0,33.08716899561489,44.08334637319889,10.996177377584004,66.12384524893763,2020-01-31,85.0856981538184,2020-01-31,174.25802741540576
2486,VSTIND,VST Industries Limited,2020-02-04,2020-02-05,300.6917419433594,300.66365630159373,37.5119691925181,44.41548728678153,6.9035180942634256,65.82789830014073,2020-01-31,68.61813932059127,2020-01-31,308.6629809345564
2119,SPANDANA,Spandana Sphoorty Financial Limited,2020-02-05,2020-02-06,1060.75,1076.699951171875,38.73344627851337,46.85075915457094,8.117312876057568,62.07386166026844,2020-01-31,79.99842725099276,2020-01-31,1069.1274767485231
2369,UJJIVANSFB,Ujjivan Small Finance Bank Limited,2020-02-05,2020-02-06,52.23438262939453,52.1879530273799,39.71145558064774,47.41515438915041,7.703698808502672,89.8730131197852,2020-01-31,99.99999994477575,2020-01-31,50.137550604683774
2464,VISHWARAJ,Vishwaraj Sugar Industries Limited,2020-02-05,2020-02-06,15.53509521484375,15.843866306491467,39.87123991966336,45.16464550550549,5.29340558584213,67.98747831531787,2020-01-31,93.94053336505006,2020-01-31,16.05151039502697
250,AVANTIFEED,Avanti Feeds Limited,2020-02-06,2020-02-07,572.8726196289062,576.2271715823005,39.50103152881723,45.3408613829351,5.839829854117873,69.72904207807986,2020-01-31,70.84887568642566,2020-01-31,599.5914826661195
1368,MANAPPURAM,Manappuram Finance Limited,2020-02-06,2020-02-07,151.55026245117188,151.68368555160308,38.3852489056363,41.21078405146444,2.825535145828134,71.34643688874232,2020-01-31,68.04803363863375,2020-01-31,158.89725856375998
225,ASTRAZEN,AstraZeneca Pharma India Limited,2020-02-07,2020-02-10,2517.92626953125,2540.0903728184976,38.46943872699902,48.63944099898534,10.17000227198632,61.674074486445505,2020-01-31,60.624609173939206,2020-01-31,2527.5648144697866
1971,SBILIFE,SBI Life Insurance Company Limited,2020-02-07,2020-02-10,935.884765625,940.5281947129129,33.59093076176704,44.08868081602113,10.497750054254091,67.12316071935805,2020-01-31,80.49349472898334,2020-01-31,952.0649608912839
1763,PRINCEPIPE,Prince Pipes And Fittings Limited,2020-02-10,2020-02-11,174.61874389648438,175.3002711792909,33.28967274561708,40.66397392118098,7.3743011755639,97.50726412798996,2020-02-07,99.99999999562938,2020-01-31,166.56470989029054
1763,PRINCEPIPE,Prince Pipes And Fittings Limited,2020-02-12,2020-02-13,174.03456115722656,175.34893664334467,39.11193889087553,40.93282164359025,1.8208827527147236,97.50726412798996,2020-02-07,99.99999999562938,2020-01-31,167.71629418453603
2119,SPANDANA,Spandana Sphoorty Financial Limited,2020-02-13,2020-02-14,1000.7000122070312,1010.0,38.877111537053494,40.25519255582177,1.3780810187682775,62.80106304587612,2020-02-07,79.99842725099276,2020-01-31,1052.3060260293682
1211,KIRLFER,Kirloskar Ferrous Industries Limited,2020-02-19,2020-02-20,63.3851318359375,61.75522830959809,37.962222991189954,46.28765621647561,8.325433225285657,64.6458608142987,2020-02-14,99.99999995904366,2020-01-31,64.3892544279831
1445,MITTAL,Mittal Life Style Limited,2020-02-19,2020-02-20,8.663454055786133,8.671539306640625,34.183926944133916,59.34555735111491,25.161630406980997,68.19979741386123,2020-02-14,81.4389984969462,2020-01-31,8.508474234763616
60,ADSL,Allied Digital Services Limited,2020-02-20,2020-02-24,19.442480087280273,19.90761108267481,39.19264024367247,44.80014950295813,5.607509259285656,61.8651716845647,2020-02-14,64.90566464815959,2020-01-31,20.341985491351664
2739,NPBET,NPBET,2020-02-20,2020-02-24,171.19000244140625,169.58999633789062,38.02136111637855,44.89021011116707,6.868848994788522,63.44605862849288,2020-02-14,85.0856981538184,2020-01-31,172.66131110751326
1947,SANGINITA,Sanginita Chemicals Limited,2020-02-20,2020-02-24,145.3047637939453,145.3047637939453,39.769350281780326,41.6028539961287,1.8335037143483746,60.13051031446959,2020-02-14,77.54821263723682,2020-01-31,153.43449409182512
1552,NH,Narayana Hrudayalaya Ltd.,2020-02-26,2020-02-27,333.27813720703125,331.06124120531445,36.605999441544526,43.75669352303393,7.150694081489405,66.79941583484103,2020-02-20,77.29873889431775,2020-01-31,342.0140903868874
695,ESABINDIA,Esab India Limited,2020-03-03,2020-03-04,1253.3470458984375,1265.8769621838524,37.29489839128841,44.584956249473535,7.290057858185122,61.249446684207214,2020-02-28,72.58723638283848,2020-02-28,1303.0336784669232
2505,WELCORP,Welspun Corp Limited,2020-03-03,2020-03-04,156.2887420654297,157.1926682683666,38.324602033479046,40.94863912992511,2.6240370964460666,62.3350129210236,2020-02-28,69.71104708299072,2020-02-28,171.1323872411798
733,FINEORG,Fine Organic Industries Limited,2020-03-04,2020-03-05,2117.786376953125,2125.3271544156582,38.27384457665924,42.664821834460696,4.3909772578014525,60.396547397265756,2020-02-28,83.58816543651665,2020-02-28,2176.2117411865543
418,CANTABIL,Cantabil Retail India Limited,2020-03-05,2020-03-06,52.614341735839844,51.61718830689159,37.30408367704193,40.50005791800354,3.195974240961611,60.88744398454737,2020-02-28,70.43026841690161,2020-02-28,57.878623559089675
837,GOLDIAM,Goldiam International Limited,2020-03-05,2020-03-06,19.534852981567383,18.598066731916735,39.91244778471756,41.953698078555334,2.041250293837777,63.47780830333573,2020-02-28,64.82436122813942,2020-02-28,20.665468231216995
1839,RELAXO,Relaxo Footwears Limited,2020-03-05,2020-03-06,690.1221313476562,667.0691082581055,35.3890545215026,40.10388867590323,4.714834154400627,62.63450894399746,2020-02-28,76.98955546445649,2020-02-28,722.0764781494361
695,ESABINDIA,Esab India Limited,2020-03-06,2020-03-09,1224.08154296875,1257.2949684436815,39.743426935821226,42.20088934320133,2.457462407380106,61.249446684207214,2020-02-28,72.58723638283848,2020-02-28,1282.0579605619375
340,BHARATRAS,Bharat Rasayan Limited,2020-03-11,2020-03-12,1713.5267333984375,1638.4384952186642,38.633280695861686,45.164868184866656,6.53158748900497,61.42529685296885,2020-03-06,73.3377729857489,2020-02-28,1778.9637222077508
118,ALKEM,Alkem Laboratories Limited,2020-03-13,2020-03-16,2267.937255859375,2282.0775901874363,38.220045843802176,40.87564715921946,2.655601315417286,81.57173986434692,2020-03-06,77.84636980982683,2020-02-28,2385.574514240289
188,ARMANFIN,Arman Financial Services Limited,2020-03-13,2020-03-16,812.4000244140625,824.7999877929688,34.85107767716552,44.5260670000045,9.674989322838982,76.79751708286172,2020-03-06,87.68120585851383,2020-02-28,878.6137155800081
340,BHARATRAS,Bharat Rasayan Limited,2020-03-13,2020-03-16,1584.295654296875,1543.8666059652937,32.03844493419902,40.38035810618968,8.341913171990662,61.42529685296885,2020-03-06,73.3377729857489,2020-02-28,1736.5439283967723
343,BHARTIARTL,Bharti Airtel Limited,2020-03-13,2020-03-16,464.3234558105469,445.8203288508656,28.79263200435929,41.92967154255307,13.137039538193783,64.49543255125008,2020-03-06,74.01580883030392,2020-02-28,484.8211051693331
504,COROMANDEL,Coromandel International Limited,2020-03-13,2020-03-16,556.966796875,532.702434469758,35.56140821515278,46.24988751119886,10.688479296046076,74.59065304201195,2020-03-06,68.74998338562084,2020-02-28,567.5058282864087
609,DMART,Avenue Supermarts Limited,2020-03-13,2020-03-16,2101.0,1995.949951171875,34.25076834051323,42.470506539282404,8.219738198769171,63.522045534737835,2020-03-06,78.6183388575384,2020-02-28,2213.797704630238
721,FDC,FDC Limited,2020-03-13,2020-03-16,213.79627990722656,201.43755059330616,37.34749172009716,40.9956777561406,3.648186036043441,68.69126026229601,2020-03-06,77.43787123834744,2020-02-28,227.42131190557762
733,FINEORG,Fine Organic Industries Limited,2020-03-13,2020-03-16,2145.880126953125,2144.992833136493,35.228876693946304,49.53863144376429,14.309754749817984,63.89582145229817,2020-03-06,83.58816543651665,2020-02-28,2148.785834256247
1498,MUTHOOTFIN,Muthoot Finance Limited,2020-03-13,2020-03-16,717.720947265625,691.6114720819581,34.99195327126574,45.04017313165547,10.048219860389729,67.73627968529038,2020-03-06,79.04657617366937,2020-02-28,748.1740851537634
1823,RATNAMANI,Ratnamani Metals & Tubes Limited,2020-03-13,2020-03-16,825.53515625,812.9883070221161,30.21330695087478,52.226914927798724,22.013607976923943,73.62637702448886,2020-03-06,60.37610817219251,2020-02-28,819.3381239275374
1853,RGL,Renaissance Global Limited,2020-03-13,2020-03-16,64.38189697265625,64.55430034215793,25.83040777069162,40.00030415103915,14.16989638034753,65.27562648023292,2020-03-06,66.98498075919821,2020-02-28,70.49507004339294
1428,METROPOLIS,Metropolis Healthcare Limited,2020-03-17,2020-03-18,404.4927673339844,432.7291584138805,38.349269348724796,43.59981460313752,5.250545254412721,62.26316479560889,2020-03-13,95.56519602322032,2020-02-28,426.14013637337007
2677,IVZINGOLD,IVZINGOLD,2020-03-19,2020-03-20,3745.0,3700.0,36.72098135656824,45.013187642130674,8.292206285562436,80.98398582335828,2020-03-13,83.25359273376323,2020-02-28,3855.6912654286016
28,ABBOTINDIA,Abbott India Limited,2020-03-20,2020-03-23,13212.0400390625,12103.207629947347,38.806180905235315,50.93187199505936,12.125691089824045,72.29940181474754,2020-03-13,85.40968558700276,2020-02-28,13144.14271864311
118,ALKEM,Alkem Laboratories Limited,2020-03-20,2020-03-23,2206.631591796875,1767.5786134880075,28.449999562100388,43.06458297939585,14.614583417295464,62.038899139595785,2020-03-13,77.84636980982683,2020-02-28,2303.763179306455
1520,NAVINFLUOR,Navin Fluorine International Limited,2020-03-20,2020-03-23,1162.816162109375,957.4578030555132,37.41765960503957,42.90632279761551,5.488663192575942,73.32919244353064,2020-03-13,81.61483094779207,2020-02-28,1265.695953266076
2755,QGOLDHALF,QGOLDHALF,2020-03-20,2020-03-23,35.874000549316406,35.959999084472656,39.470841632916546,46.75479315499452,7.283951522077977,61.05920643906108,2020-03-13,77.44994843234227,2020-02-28,36.33059001618047
2172,SUMICHEM,Sumitomo Chemical India Limited,2020-03-20,2020-03-23,192.84274291992188,166.2102493704374,38.74363112494276,42.47202842634326,3.7283973014004985,87.13159633366833,2020-03-13,99.99999999635172,2020-02-28,215.46263898357782
2407,VAISHALI,Vaishali Pharma Limited,2020-03-20,2020-03-23,4.525000095367432,4.954999923706055,39.58995213743705,43.475688130722155,3.8857359932851026,87.8948080884558,2020-03-13,62.64977200482159,2020-02-28,4.777489201803195
2407,VAISHALI,Vaishali Pharma Limited,2020-03-27,2020-03-30,4.489999771118164,4.400000095367432,38.38950706308734,47.04223603871133,8.652728975623987,66.55052013419441,2020-03-20,62.64977200482159,2020-02-28,4.602483103103876
2172,SUMICHEM,Sumitomo Chemical India Limited,2020-03-30,2020-03-31,170.77857971191406,179.3320942899,37.239545646836184,40.735642374844495,3.496096728008311,73.59740048558344,2020-03-27,99.99999999635172,2020-02-28,192.1162352184642
625,DRREDDY,Dr. Reddy's Laboratories Limited,2020-07-08,2020-07-09,743.7482299804688,747.2500941583892,38.01908106959036,44.889359712979584,6.870278643389227,62.91966296178153,2020-07-03,75.004351730837,2020-06-30,754.9449393877167
817,GMMPFAUDLR,GMM Pfaudler Limited,2020-07-20,2020-07-21,1320.4859619140625,1354.6496518386703,39.58566251533595,41.743209763759054,2.157547248423107,63.533574459374584,2020-07-17,88.49519041771954,2020-06-30,1358.5840497182546
52,ADANIGREEN,Adani Green Energy Limited,2020-07-24,2020-07-27,336.29998779296875,345.95001220703125,39.26380757315703,45.118527471907754,5.854719898750723,67.72879171574041,2020-07-17,91.35045429935528,2020-06-30,353.5432646588487
1431,MGEL,Mangalam Global Enterprise Limited,2020-07-28,2020-07-29,3.647866725921631,3.6981811023098805,25.327318592801788,52.05136100869605,26.72404241589426,64.13508410461161,2020-07-24,99.37372037579694,2020-06-30,3.6421607065321067
504,COROMANDEL,Coromandel International Limited,2020-08-19,2020-08-20,728.7999877929688,727.3829966150896,37.45629255885982,53.07159451868483,15.615301959825011,67.00748370035281,2020-08-14,74.88035401411138,2020-07-31,722.1432746390291
625,DRREDDY,Dr. Reddy's Laboratories Limited,2020-09-01,2020-09-02,838.1424560546875,838.0075743925353,38.92434949275462,47.049014645223934,8.124665152469312,66.03611049033444,2020-08-28,73.0912382282144,2020-08-31,849.3245762880305
1277,LALPATHLAB,Dr. Lal Path Labs Ltd.,2020-09-01,2020-09-02,857.450927734375,864.3238472623244,37.879278249559334,42.26227031382367,4.382992064264336,60.66732616612205,2020-08-28,65.52299413169764,2020-08-31,879.977909765017
165,APLLTD,Alembic Pharmaceuticals Limited,2020-09-03,2020-09-04,890.0126953125,869.5686726253663,37.904015374493774,45.40442968059262,7.500414306098847,66.85929098164434,2020-08-28,71.22662534404331,2020-08-31,910.3324447271942
340,BHARATRAS,Bharat Rasayan Limited,2020-09-10,2020-09-11,2322.488037109375,2323.337588793048,38.34935970285822,46.103385042117495,7.754025339259272,64.07034969162727,2020-09-04,70.83551793992439,2020-08-31,2371.821314114544
1087,ITI,ITI Limited,2020-09-10,2020-09-11,134.6999969482422,138.4499969482422,32.03826260641577,51.446165381210484,19.407902774794714,66.27440829535168,2020-09-04,63.44814651408552,2020-08-31,133.63014051325416
1277,LALPATHLAB,Dr. Lal Path Labs Ltd.,2020-09-10,2020-09-11,858.238525390625,854.4201656395247,39.95614854632206,44.48857808223344,4.532429535911376,60.92730556778582,2020-09-04,65.52299413169764,2020-08-31,873.5000324446172
2172,SUMICHEM,Sumitomo Chemical India Limited,2020-09-10,2020-09-11,263.06854248046875,263.0685147171482,39.09845356396102,45.885264224582336,6.786810660621313,62.45355077664133,2020-09-04,85.22915886955082,2020-08-31,267.1787594147536
1063,INVENTURE,Inventure Growth & Securities Limited,2020-09-16,2020-09-17,1.7799999713897705,1.7200000286102295,33.96021044376768,45.91625098627434,11.956040542506663,65.13697253229162,2020-09-11,71.9471945538521,2020-08-31,1.825003336552151
1063,INVENTURE,Inventure Growth & Securities Limited,2020-09-18,2020-09-21,1.7200000286102295,1.7400000095367432,38.42462598035662,41.01564805883163,2.5910220784750067,65.13697253229162,2020-09-11,71.9471945538521,2020-08-31,1.805126730964998
691,EPL,EPL Limited,2020-09-22,2020-09-23,223.71470642089844,225.71493545366255,38.07271552181862,42.869343932701575,4.796628410882953,61.76523326928459,2020-09-18,73.13924782380961,2020-08-31,239.99577827893577
397,BRITANNIA,Britannia Industries Limited,2020-09-23,2020-09-24,3290.818359375,3259.1347944130166,36.874652454296175,40.667464910028144,3.792812455731969,66.17068971020188,2020-09-18,69.41612331406293,2020-08-31,3385.5542606621734
1810,RALLIS,Rallis India Limited,2020-09-23,2020-09-24,267.2977600097656,260.33493884756336,39.194954403059505,41.95822862672988,2.763274223670372,66.08782936688976,2020-09-18,61.432698004979066,2020-08-31,280.3069597036204
2425,VENKEYS,Venky's (India) Limited,2020-09-23,2020-09-24,1292.0068359375,1275.072866826656,39.947813185586085,40.27243464979918,0.3246214642130951,60.1122174893686,2020-09-18,65.26921745608588,2020-08-31,1373.2725047994588
691,EPL,EPL Limited,2020-09-24,2020-09-25,214.7803497314453,218.51410185828576,38.44907475764307,40.07509443350449,1.6260196758614214,61.76523326928459,2020-09-18,73.13924782380961,2020-08-31,235.3807682672716
2298,TIINDIA,Tube Investments of India Limited,2020-09-24,2020-09-25,567.9449462890625,582.2029044359423,37.42900443812122,41.61222820811249,4.183223769991272,69.37403621349208,2020-09-18,69.06610748677824,2020-08-31,603.4039450065841
221,ASTEC,Astec LifeSciences Limited,2020-09-25,2020-09-28,1073.17578125,1086.7856537731664,37.86218676585218,44.46743722480822,6.605250458956043,70.31415016285973,2020-09-18,78.23215321803643,2020-08-31,1137.7272090067197
397,BRITANNIA,Britannia Industries Limited,2020-09-25,2020-09-28,3346.650146484375,3368.8920761831732,39.819096214151266,47.03227966336913,7.2131834492178655,66.17068971020188,2020-09-18,69.41612331406293,2020-08-31,3373.276516834053
1087,ITI,ITI Limited,2020-09-25,2020-09-28,120.80000305175781,122.25,35.41582492279993,40.02365844242637,4.607833519626439,61.51487628785224,2020-09-18,63.44814651408552,2020-08-31,128.45463530770814
1810,RALLIS,Rallis India Limited,2020-09-25,2020-09-28,265.94256591796875,269.0734956268072,38.793934119688004,42.496736103307796,3.7028019836197927,66.08782936688976,2020-09-18,61.432698004979066,2020-08-31,277.3852845642653
2133,SRF,SRF Limited,2020-09-25,2020-09-28,799.9790649414062,810.6344225320387,39.688225277540745,45.01107736304963,5.322852085508885,67.78734213449042,2020-09-18,67.11912817135052,2020-08-31,818.2069374506992
2246,TATACOMM,Tata Communications Limited,2020-09-25,2020-09-28,757.031005859375,759.4794666678018,36.221879412262396,45.21826821903303,8.996388806770632,72.63957654111236,2020-09-18,76.42760777987512,2020-08-31,781.619683601849
2247,TATACONSUM,TATA CONSUMER PRODUCTS LIMITED,2020-09-25,2020-09-28,486.33447265625,490.3411202937999,33.998040073010586,44.66311770499596,10.665077631985376,72.88997441235595,2020-09-18,74.1133634380243,2020-08-31,500.4549803119558
2319,TORNTPHARM,Torrent Pharmaceuticals Limited,2020-09-25,2020-09-28,1264.11767578125,1269.115315284448,39.92930115484997,47.029192668556504,7.099891513706531,63.80502444101214,2020-09-18,78.12775118075636,2020-08-31,1281.5080982852276
2425,VENKEYS,Venky's (India) Limited,2020-09-25,2020-09-28,1355.009033203125,1373.94381726354,36.788393271018855,50.363625382548996,13.575232111530141,60.1122174893686,2020-09-18,65.26921745608588,2020-08-31,1362.2059113625435
504,COROMANDEL,Coromandel International Limited,2020-10-08,2020-10-09,692.3837280273438,695.6427369723102,36.77794042615826,40.4159275513541,3.637987125195842,62.840339923790374,2020-10-01,72.74188218521037,2020-09-30,728.3950143864498
806,GLFL,Gujarat Lease Financing Limited,2020-10-14,2020-10-15,2.0999999046325684,2.200000047683716,39.901769629421175,45.382946699718026,5.481177070296852,60.31331825079087,2020-10-09,72.36200342034152,2020-09-30,2.2374096712314575
221,ASTEC,Astec LifeSciences Limited,2020-10-16,2020-10-19,1029.953857421875,1041.569366340955,39.377744305483745,41.12225788231026,1.7445135768265132,61.26255248764216,2020-10-09,75.95486938933709,2020-09-30,1092.928669185292
1651,PAISALO,Paisalo Digital Limited,2020-10-19,2020-10-20,20.023670196533203,20.323606565924763,39.05952511978038,46.33009384065642,7.270568720876035,60.983752976043476,2020-10-16,62.047633430399976,2020-09-30,20.370143190625043
1877,ROSSELLIND,Rossell India Limited,2020-10-19,2020-10-20,127.49259948730469,129.89905160714392,38.94264365086541,42.874686176890606,3.9320425260251923,61.34046681805143,2020-10-16,72.88349512298538,2020-09-30,134.85316457242965
515,CREATIVEYE,Creative Eye Limited,2020-10-22,2020-10-23,2.950000047683716,2.9000000953674316,39.31394090424103,43.40816469327624,4.094223789035212,60.92684751941174,2020-10-16,72.55093214196937,2020-09-30,3.170909497263306
1190,KEC,KEC International Limited,2020-10-22,2020-10-23,316.031982421875,319.2733008886335,39.68113229379996,50.528831692061374,10.847699398261412,60.34058407873563,2020-10-16,65.28448575586954,2020-09-30,316.0511372172541
1431,MGEL,Mangalam Global Enterprise Limited,2020-10-22,2020-10-23,3.872420072555542,3.934800624847412,38.27774895047063,41.83504877027519,3.5572998198045624,65.27536273449095,2020-10-16,76.16853788476583,2020-09-30,3.9642045332256206
1877,ROSSELLIND,Rossell India Limited,2020-10-23,2020-10-26,129.75169372558594,134.17172192278983,39.304761251582384,47.17555228295269,7.8707910313703024,61.34046681805143,2020-10-16,72.88349512298538,2020-09-30,132.3570603061981
1151,JUBLFOOD,Jubilant Foodworks Limited,2020-10-27,2020-10-28,429.3443298339844,429.3444071520971,39.74667090130093,40.99914382823993,1.2524729269389994,62.8652036948522,2020-10-23,74.53695383982009,2020-09-30,446.3655523052602
119,ALKYLAMINE,Alkyl Amines Chemicals Limited,2020-10-28,2020-10-29,1173.830810546875,1181.1205985029355,34.1993582307026,44.59209866378475,10.392740433082153,62.83924994424315,2020-10-23,84.77811632436848,2020-09-30,1199.4407947767365
412,CAMLINFINE,Camlin Fine Sciences Limited,2020-10-28,2020-10-29,97.25,95.1500015258789,39.28499618371421,43.64934370793803,4.364347524223817,66.14100984040762,2020-10-23,62.781195864497455,2020-09-30,101.26310607285396
77,AFFLE,Affle 3i Limited,2020-10-29,2020-10-30,542.6199951171875,544.0,39.7147335953699,49.28433857012842,9.56960497475852,68.93739810009812,2020-10-23,86.5361554352609,2020-09-30,545.4809548706155
18,AARTIDRUGS,Aarti Drugs Limited,2020-10-30,2020-11-02,668.852294921875,666.3476728804304,39.2455972113212,40.115497425103236,0.8699002137820386,63.2313373241245,2020-10-23,90.51258641384732,2020-09-30,735.6409656793779
403,BSOFT,BIRLASOFT LIMITED,2020-10-30,2020-11-02,164.55123901367188,166.07017596177278,36.85766065381428,41.34386453838983,4.486203884575552,77.13081770287285,2020-10-23,74.9906345551006,2020-09-30,173.76164065451178
976,HUHTAMAKI,Huhtamaki India Limited,2020-10-30,2020-11-02,259.2276611328125,265.2572663498585,37.28096632191451,41.18678876577522,3.905822443860707,68.04165140509204,2020-10-23,61.26584082036791,2020-09-30,272.84555200761207
403,BSOFT,BIRLASOFT LIMITED,2020-11-03,2020-11-04,166.30030822753906,164.7813999433137,38.305704538843514,44.644817185911386,6.339112647067871,66.88679880771149,2020-10-30,68.84165731595839,2020-10-30,171.99880870389177
635,DYNPRO,Dynemic Products Limited,2020-11-03,2020-11-04,220.5572052001953,221.45297241210938,36.821186458975724,41.29935460913987,4.478168150164144,60.245683015471535,2020-10-30,67.2086634805238,2020-10-30,236.42578146391935
119,ALKYLAMINE,Alkyl Amines Chemicals Limited,2020-11-04,2020-11-05,1171.56982421875,1182.0562434272392,36.945008430687544,47.47695721583426,10.531948785146717,61.89925221874644,2020-10-30,76.99375884707916,2020-10-30,1179.3728308767718
1689,PERSISTENT,Persistent Systems Limited,2020-11-04,2020-11-05,539.065673828125,548.1215511637878,37.04783738512989,40.195317442342336,3.147480057212448,67.29260063197816,2020-10-30,68.80099248787208,2020-10-30,567.4041063600052
285,BALAXI,BALAXI PHARMACEUTICALS LIMITED,2020-11-05,2020-11-06,146.75254821777344,154.08218570075488,39.097420640673164,41.15304109011268,2.055620449439516,71.76455493154842,2020-10-30,95.82092873434877,2020-10-30,165.23383728402902
1411,MCX,Multi Commodity Exchange of India Limited,2020-11-05,2020-11-06,321.1867370605469,324.7003559604279,38.77993557509405,46.38227996443747,7.602344389343422,60.18902447243683,2020-10-30,74.06197974027961,2020-10-30,326.9367177959434
1593,NUCLEUS,Nucleus Software Exports Limited,2020-11-05,2020-11-06,515.15576171875,520.0867759640636,35.70303411865645,41.5255811813335,5.822547062677053,70.06942676449236,2020-10-30,69.49259619597369,2020-10-30,554.515374905465
2143,STAR,Strides Pharma Science Limited,2020-11-05,2020-11-06,652.2210693359375,655.3653647495514,37.209835424733235,42.17178022501483,4.961944800281593,64.2491966865668,2020-10-30,60.440337795587375,2020-10-30,687.3856222854006
721,FDC,FDC Limited,2020-11-06,2020-11-09,324.8344421386719,332.261499636457,38.7886862938238,44.45574871029195,5.6670624164681485,63.86288053937002,2020-10-30,78.04602480740948,2020-10-30,332.4329710505009
472,CIPLA,Cipla Limited,2020-11-11,2020-11-12,708.3853759765625,708.4331686291247,37.03539127974773,44.60129951354929,7.565908233801565,64.48051884426124,2020-11-06,67.25261167524542,2020-10-30,728.0350646162025
625,DRREDDY,Dr. Reddy's Laboratories Limited,2020-11-11,2020-11-12,940.2537231445312,938.8766719594108,34.504193190523836,47.0643374791344,12.560144288610566,63.47700724348405,2020-11-06,73.43103668245146,2020-10-30,950.1946502193035
1288,LAURUSLABS,Laurus Labs Limited,2020-11-11,2020-11-12,277.2232666015625,279.8752392379124,32.89855251485365,44.61530724082557,11.716754725971924,63.432472722469505,2020-11-06,88.19047341018987,2020-10-30,290.00403125552606
1546,NEULANDLAB,Neuland Laboratories Limited,2020-11-11,2020-11-12,1089.5032958984375,1090.045668446372,39.22761006086167,43.55231897468019,4.324708913818519,72.4289254958302,2020-11-06,65.38483905977226,2020-10-30,1159.3268960505216
1929,SAKSOFT,Saksoft Limited,2020-11-11,2020-11-12,25.116363525390625,25.522396163346393,36.40549486752346,40.85526142080625,4.449766553282792,62.270816057204634,2020-11-06,66.92271874489465,2020-10-30,26.964253312375234
2104,SOLARA,Solara Active Pharma Sciences Limited,2020-11-11,2020-11-12,1034.5775146484375,1042.536689653797,33.77638031289911,43.754261642802106,9.977881329903,67.54936200840373,2020-11-06,71.61927866766653,2020-10-30,1083.7544488962662
1069,IPCALAB,IPCA Laboratories Limited,2020-11-12,2020-11-13,1023.26123046875,1031.1916902842331,37.52368685565885,42.15221522871094,4.628528373052092,72.22859206666463,2020-11-06,89.621820587546,2020-10-30,1076.681031547664
1689,PERSISTENT,Persistent Systems Limited,2020-11-12,2020-11-13,551.4817504882812,553.7457006425611,39.45232737155338,47.31739592539522,7.865068553841837,65.80321059227698,2020-11-06,68.80099248787208,2020-10-30,557.1020922123867
2681,JBCHEPHARM,JBCHEPHARM,2020-11-20,2020-11-23,443.3302001953125,449.783349886231,39.238672627137596,41.16978587890562,1.931113251768025,61.537497823664985,2020-11-14,91.7391825044844,2020-10-30,459.29659117766573
2529,XELPMOC,Xelpmoc Design And Tech Limited,2020-11-20,2020-11-23,247.60000610351562,255.89999389648438,38.8109198258167,43.34735733484896,4.536437509032261,67.22845672760445,2020-11-14,77.21757619610692,2020-10-30,266.35245455742273
2404,VADILALIND,Vadilal Industries Limited,2020-11-25,2020-11-26,761.5172119140625,769.109677231282,39.528228863123466,40.62685746198728,1.0986285988638116,62.69197778303843,2020-11-20,62.45889053058307,2020-10-30,771.5261483983534
204,ASHAPURMIN,Ashapura Minechem Limited,2020-11-26,2020-11-27,74.18413543701172,75.12380841896116,38.56506633028357,47.6710374230674,9.105971092783832,63.94640823181886,2020-11-20,60.01897820454378,2020-10-30,74.98279840534333
2438,VIDHIING,Vidhi Specialty Food Ingredients Limited,2020-12-01,2020-12-02,118.251708984375,118.25170876026264,39.28230385022428,40.45070066371068,1.168396813486396,61.59045799897306,2020-11-27,63.5885707190618,2020-11-27,123.29109298332146
2438,VIDHIING,Vidhi Specialty Food Ingredients Limited,2020-12-04,2020-12-07,118.44583129882812,125.14205267728106,36.42964308261712,45.134846201979016,8.705203119361897,61.59045799897306,2020-11-27,63.5885707190618,2020-11-27,121.21264962274397
287,BALKRISIND,Balkrishna Industries Limited,2020-12-22,2020-12-23,1476.9696044921875,1479.4033749808984,38.916616334964445,40.978733114615665,2.0621167796512196,66.44998074990002,2020-12-18,66.21875381526108,2020-11-27,1534.9838278215848
700,ESTER,Ester Industries Limited,2020-12-22,2020-12-23,110.05545043945312,113.73509126816754,36.065903602239196,43.763035846628114,7.697132244388918,70.09197238196502,2020-12-18,78.13489333725906,2020-11-27,116.46292358333233
812,GLOBUSSPR,Globus Spirits Limited,2020-12-22,2020-12-23,297.9646301269531,302.0490769952439,36.764138418558694,40.59428871533925,3.830150296780559,66.3067073699977,2020-12-18,74.8185925301955,2020-11-27,314.2673853101234
884,GULPOLY,Gulshan Polyols Limited,2020-12-22,2020-12-23,60.454036712646484,59.13981617147657,37.85987092699052,41.117888753673746,3.258017826683229,68.4547786826273,2020-12-18,64.90858628905085,2020-11-27,64.41419741366283
1025,INDIGO,InterGlobe Aviation Limited,2020-12-22,2020-12-23,1568.2996826171875,1563.3580973418316,37.41707224634735,45.3289570252217,7.911884778874345,62.67141719237806,2020-12-18,63.03282893450138,2020-11-27,1626.532404353359
1389,MARKSANS,Marksans Pharma Limited,2020-12-22,2020-12-23,55.7465934753418,56.2355998401829,38.66532165597769,46.470987179344455,7.805665523366763,64.30291684220114,2020-12-18,75.91404214050782,2020-11-27,57.51343776917233
1732,POLYPLEX,Polyplex Corporation Limited,2020-12-22,2020-12-23,565.8412475585938,565.879956900752,38.77575792030684,41.66530183136934,2.8895439110625034,61.7292096129174,2020-12-18,68.23085919021845,2020-11-27,586.3810175739405
2246,TATACOMM,Tata Communications Limited,2020-12-22,2020-12-23,928.2373046875,930.4085959349153,38.710071265806626,48.53294861836246,9.822877352555835,68.3163866910571,2020-12-18,79.91343319744557,2020-11-27,939.9672556968675
65,ADVENZYMES,Advanced Enzyme Technologies Limited,2020-12-23,2020-12-24,305.4177551269531,309.9439149099838,39.601545986998936,45.108894490585804,5.507348503586869,68.40296105834399,2020-12-18,69.21351703616268,2020-11-27,315.29112948856067
225,ASTRAZEN,AstraZeneca Pharma India Limited,2020-12-23,2020-12-24,4217.83447265625,4307.967979845944,29.152486951948987,41.81296070145037,12.660473749501385,67.51217419916219,2020-12-18,76.23101117788846,2020-11-27,4319.854870736226
284,BALAMINES,Balaji Amines Limited,2020-12-23,2020-12-24,883.0137939453125,893.1239716272706,39.11580089967761,44.58890453165663,5.473103631979022,65.91881712830622,2020-12-18,74.73930495547778,2020-11-27,907.4244664686746
691,EPL,EPL Limited,2020-12-23,2020-12-24,226.1257781982422,226.12579271748928,39.3780075981393,43.91867219511923,4.54066459697993,60.56948198806254,2020-12-18,67.79449204318138,2020-11-27,230.36091210440705
721,FDC,FDC Limited,2020-12-23,2020-12-24,320.5834655761719,323.71064903512826,37.30493315185186,41.913880436816555,4.608947284964692,60.94646568561769,2020-12-18,77.61382850697737,2020-11-27,332.01423300657854
757,GAEL,Gujarat Ambuja Exports Limited,2020-12-23,2020-12-24,56.99067687988281,56.990679127699636,38.33743093857341,46.860137394418736,8.522706455845324,68.70617537349173,2020-12-18,66.82506941721056,2020-11-27,58.06613964712835
882,GULFOILLUB,Gulf Oil Lubricants India Limited,2020-12-23,2020-12-24,618.314208984375,634.1489408288751,36.795242746876546,44.21392847152596,7.418685724649414,61.89819135539372,2020-12-18,61.51636414073607,2020-11-27,632.5636730117437
986,ICIL,Indo Count Industries Limited,2020-12-23,2020-12-24,141.81307983398438,142.48134598077513,37.27770321637708,46.207785575675736,8.930082359298659,71.70116395918328,2020-12-18,76.14003779586116,2020-11-27,145.64710683548176
1043,INDSWFTLAB,Ind-Swift Laboratories Limited,2020-12-23,2020-12-24,58.25,61.150001525878906,39.904516311793444,46.5952935113536,6.690777199560159,64.57004009932749,2020-12-18,70.39498898608733,2020-11-27,60.23519959476982
1067,IOLCP,IOL Chemicals and Pharmaceuticals Limited,2020-12-23,2020-12-24,134.00668334960938,135.03823111652696,38.35068794389896,42.296119800512884,3.945431856613922,60.19135317203831,2020-12-18,78.6751964584297,2020-11-27,138.85131301940766
1367,MANALIPETC,Manali Petrochemicals Limited,2020-12-23,2020-12-24,30.69182014465332,30.97211179257751,39.90142441589672,46.99288772478837,7.091463308891647,70.03017828686241,2020-12-18,64.17550226345193,2020-11-27,31.41982643590142
1509,NAHARPOLY,Nahar Poly Films Limited,2020-12-23,2020-12-24,90.95870208740234,95.43845700072515,37.64240354970138,61.120345700430555,23.477942150729177,63.66260130696334,2020-12-18,65.80948810724479,2020-11-27,83.37146272126036
2488,VSTTILLERS,V.S.T Tillers Tractors Limited,2020-12-23,2020-12-24,1779.86474609375,1815.6980522011677,39.517788208199384,44.677953066772716,5.1601648585733315,66.6076300228462,2020-12-18,64.74688734211851,2020-11-27,1814.8719672621476
137,AMBUJACEM,Ambuja Cements Limited,2020-12-24,2020-12-28,236.54586791992188,236.8335034618378,37.58250362754727,48.827791430359454,11.245287802812186,65.79534325375263,2020-12-18,63.32981377014054,2020-11-27,237.5063308442485
102,AKASH,Akash Infra-Projects Limited,2021-01-07,2021-01-08,234.6902618408203,237.28241726466257,39.570161931846314,48.26850628847389,8.698344356627572,63.59892761737869,2021-01-01,76.88464036392023,2020-12-31,237.02971032036186
2425,VENKEYS,Venky's (India) Limited,2021-01-07,2021-01-08,1574.8087158203125,1566.5126572800743,38.02627432782264,44.909485012023055,6.883210684200414,70.39786634474234,2021-01-01,67.01915038399233,2020-12-31,1626.0011370673235
986,ICIL,Indo Count Industries Limited,2021-01-12,2021-01-13,138.23313903808594,140.715243919211,37.67780522332473,46.11235601120174,8.434550787877008,65.4237260000181,2021-01-08,71.69975835548547,2020-12-31,141.25228826263486
52,ADANIGREEN,Adani Green Energy Limited,2021-01-14,2021-01-15,968.25,1016.6500244140625,31.336496766329418,41.21656406327675,9.880067296947331,69.78157277362124,2021-01-08,88.4696769107524,2020-12-31,1019.5652813204539
1145,JSWHL,JSW Holdings Limited,2021-01-18,2021-01-19,3508.949951171875,3474.300048828125,38.54561710271437,42.30120348631129,3.7555863835969205,62.05455641730828,2021-01-15,69.58156601950003,2020-12-31,3664.5086420926186
1230,KOPRAN,Kopran Limited,2021-01-18,2021-01-19,115.40620422363281,116.51588323219624,38.34262946300137,40.98468796391399,2.6420585009126185,62.84637432247211,2021-01-15,79.72548793999334,2020-12-31,121.79562476771547
52,ADANIGREEN,Adani Green Energy Limited,2021-01-19,2021-01-20,992.8499755859375,994.6500244140625,38.97284083205991,47.21437218182233,8.241531349762418,62.61213951604708,2021-01-15,88.4696769107524,2020-12-31,1005.9711708237057
77,AFFLE,Affle 3i Limited,2021-01-19,2021-01-20,718.4099731445312,721.760009765625,38.277925114131335,40.40666596772108,2.128740853589747,66.26415528648994,2021-01-15,86.10415220128716,2020-12-31,752.8776058428917
273,BAJAJFINSV,Bajaj Finserv Limited,2021-01-19,2021-01-20,889.652587890625,891.0333416201029,36.16891245530737,54.16582759285745,17.996915137550076,62.94637849073527,2021-01-15,61.36608795281514,2020-12-31,879.0800936153282
281,BAJFINANCE,Bajaj Finance Limited,2021-01-19,2021-01-20,482.8122253417969,483.6737908704862,37.23356735832058,50.007406995050594,12.773839636730017,64.53099426674436,2021-01-15,68.28333660227204,2020-12-31,485.36974487067874
488,COFORGE,Coforge Limited,2021-01-19,2021-01-20,470.4028015136719,472.8324166160787,39.9001189907329,40.51621186665443,0.616092875921531,65.69805174639907,2021-01-15,71.97494143790796,2020-12-31,496.8575446138653
604,DIVISLAB,Divi's Laboratories Limited,2021-01-19,2021-01-20,3477.260986328125,3506.773973797861,37.69639093526515,40.94743138772433,3.251040452459179,62.57542660844181,2021-01-15,87.91954121553056,2020-12-31,3595.2709119416645
736,FINPIPE,Finolex Industries Limited,2021-01-19,2021-01-20,114.75251007080078,116.42012036896786,39.470002511213465,42.683934301186454,3.213931789972989,61.108781217183754,2021-01-15,63.3619904018736,2020-12-31,117.62333317375678
1231,KOTAKBANK,Kotak Mahindra Bank Limited,2021-01-19,2021-01-20,375.1821594238281,375.7786106546949,38.63648414223368,46.43903981344882,7.802555671215146,63.258362310394425,2021-01-15,67.51745410624073,2020-12-31,380.6723619125858
1655,PANACEABIO,Panacea Biotec Limited,2021-01-19,2021-01-20,212.60000610351562,213.39999389648438,38.76235232102242,41.17228666991858,2.409934348896158,60.88785186675224,2021-01-15,66.06948604107754,2020-12-31,225.15860226421032
2488,VSTTILLERS,V.S.T Tillers Tractors Limited,2021-01-19,2021-01-20,1820.9207763671875,1830.060340872384,39.80405941487728,46.43855166656457,6.634492251687291,62.99398988135595,2021-01-15,63.38194910869276,2020-12-31,1848.193255750095
2314,TNPETRO,Tamilnadu PetroProducts Limited,2021-01-20,2021-01-21,38.03117752075195,38.3968617509051,39.452132647951565,45.38844048135192,5.936307833400356,62.193227936328746,2021-01-15,61.10344759170605,2020-12-31,38.98466331690456
736,FINPIPE,Finolex Industries Limited,2021-01-21,2021-01-22,113.66532135009766,114.24576789619393,39.23259381410925,40.59056524755393,1.357971433444682,61.108781217183754,2021-01-15,63.3619904018736,2020-12-31,116.90442509769817
2503,WEIZMANIND,Weizmann Limited,2021-01-21,2021-01-22,40.21835708618164,41.22621486103242,39.388676032955,42.764093110230114,3.3754170772751166,61.78903518357816,2021-01-15,69.06767446431576,2020-12-31,42.82300708189975
2163,SUBEXLTD,Subex Limited,2021-01-25,2021-01-27,25.266971588134766,26.437642496311966,39.88872188261071,46.00374743701994,6.115025554409229,62.29349981849676,2021-01-22,85.51741501576522,2020-12-31,26.27930364066111
986,ICIL,Indo Count Industries Limited,2021-01-27,2021-01-28,131.7415313720703,130.30956752309217,36.79408232915706,42.69406060009241,5.899978270935357,61.102314526147175,2021-01-22,71.69975835548547,2020-12-31,138.15079672446444
1365,MANAKSIA,Manaksia Limited,2021-01-27,2021-01-28,46.91780471801758,46.91780164954424,36.948889146658196,40.26863019395685,3.319741047298656,61.34806094115543,2021-01-22,63.5941636479274,2020-12-31,48.96479720344191
1623,ONWARDTEC,Onward Technologies Limited,2021-01-27,2021-01-28,80.57208251953125,81.7198297568173,39.88135682097345,44.531873845983114,4.650517025009663,60.45067834554804,2021-01-22,72.71863179229848,2020-12-31,85.60018686681411
1843,RELIGARE,Religare Enterprises Limited,2021-01-27,2021-01-28,63.099998474121094,62.5,36.54305361633153,41.200785968292635,4.6577323519611085,63.008722605600546,2021-01-22,72.28986983463909,2020-12-31,66.00173687830595
2298,TIINDIA,Tube Investments of India Limited,2021-01-27,2021-01-28,781.8153076171875,774.2901858806035,38.934950633619756,41.987100482010185,3.052149848390428,67.53507436354771,2021-01-22,71.9266425913842,2020-12-31,809.0712096855679
188,ARMANFIN,Arman Financial Services Limited,2021-01-28,2021-01-29,678.0,678.0,39.1170382919748,43.69889716767193,4.5818588756971295,63.83084936723177,2021-01-22,63.370822541430975,2020-12-31,698.0010547747323
304,BATAINDIA,Bata India Limited,2021-01-28,2021-01-29,1369.1470947265625,1380.9170360645649,37.82460975435107,40.03963422307086,2.2150244687197898,60.09672279280861,2021-01-22,60.891009567662444,2020-12-31,1422.099548485048
326,BEPL,Bhansali Engineering Polymers Limited,2021-01-28,2021-01-29,71.1805648803711,72.456187855591,38.31331807820517,46.20667350838059,7.8933554301754185,72.82966454611444,2021-01-22,73.5025073473339,2020-12-31,74.78252958351031
654,EKC,Everest Kanto Cylinder Limited,2021-01-28,2021-01-29,47.56342315673828,48.68773502088942,36.43450669493228,42.828360120742545,6.3938534258102635,64.33056331884819,2021-01-22,68.26496924619002,2020-12-31,50.95047149382121
700,ESTER,Ester Industries Limited,2021-01-28,2021-01-29,111.68022155761719,114.4997092659421,31.648869486736814,47.473712776334516,15.824843289597702,61.498619521078666,2021-01-22,72.0681557946376,2020-12-31,113.05996858354969
875,GTPL,GTPL Hathway Limited,2021-01-28,2021-01-29,113.18724060058594,116.96764590545912,39.03750495875225,44.12975623677803,5.092251278025778,60.47323251336098,2021-01-22,67.21544312922694,2020-12-31,120.3574500589077
1823,RATNAMANI,Ratnamani Metals & Tubes Limited,2021-01-28,2021-01-29,1005.2959594726562,1021.1626274651584,38.030642681092765,45.453623413873785,7.422980732781021,68.58930828512494,2021-01-22,64.56376310164353,2020-12-31,1022.2528495539099
2135,SRHHYPOLTD,Sree Rayalaseema Hi-Strength Hypo Limited,2021-01-28,2021-01-29,224.11053466796875,226.8761367841521,34.95178499448386,40.53280231359192,5.581017319108064,63.17596320562307,2021-01-22,64.93861593365457,2020-12-31,233.21470618104252
2310,TITAN,Titan Company Limited,2021-01-28,2021-01-29,1423.22119140625,1429.0116060904686,39.38314258382711,41.47518288590482,2.092040302077713,65.9340468194039,2021-01-22,65.7219659936706,2020-12-31,1470.7221228095477
16,AARON,Aaron Industries Limited,2021-01-29,2021-02-01,24.10163116455078,24.592500187384026,39.40767973179121,46.3562378606467,6.948558128855488,60.98321989064351,2021-01-22,65.56870048111085,2020-12-31,24.691077078806913
394,BRIGADE,Brigade Enterprises Limited,2021-01-29,2021-02-01,178.7704315185547,179.43348160309304,35.05903297051131,46.77368919681178,11.71465622630047,64.89086930676356,2021-01-22,63.73535989509952,2020-12-31,183.5327408404609
533,CYBERTECH,Cybertech Systems And Software Limited,2021-01-29,2021-02-01,104.63880920410156,106.76543401457103,37.74938910275358,42.430305452719374,4.680916349965791,63.47972636278233,2021-01-22,82.82836048330377,2020-12-31,114.395861622072
628,DSSL,Dynacons Systems & Solutions Limited,2021-01-29,2021-02-01,56.925819396972656,59.20881031008277,38.02843869464621,44.12442151940697,6.09598282476076,64.84506790946735,2021-01-22,76.17453227941475,2020-12-31,60.21503993531447
843,GPIL,Godawari Power And Ispat limited,2021-01-29,2021-02-01,23.212158203125,23.905965812492127,37.738620630031605,45.487592488792075,7.74897185876047,68.65153470406621,2021-01-22,66.23019251892217,2020-12-31,24.1207558263983
917,HDFCBANK,HDFC Bank Limited,2021-01-29,2021-02-01,647.8095092773438,657.0105839837964,37.8006512104822,42.09259987734599,4.291948666863789,66.41273819085293,2021-01-22,61.86674810548841,2020-12-31,668.6663480954434
1340,MACPOWER,Macpower CNC Machines Limited,2021-01-29,2021-02-01,97.4736557006836,96.63548278808594,39.894148725012236,42.89023602825111,2.9960873032388733,65.61281284745867,2021-01-22,71.91873500314331,2020-12-31,104.8699677681358
1600,OBEROIRLTY,Oberoi Realty Limited,2021-01-29,2021-02-01,514.663330078125,518.7164109520667,36.23796124622126,40.033511469195,3.7955502229737377,65.6301698918921,2021-01-22,61.28563079403523,2020-12-31,543.3671380613664
1698,PGIL,Pearl Global Industries Limited,2021-01-29,2021-02-01,85.4547348022461,85.10220028808664,35.06558110902776,43.779245556438916,8.713664447411155,61.96611017967591,2021-01-22,62.312622774662884,2020-12-31,87.86751064247481
2133,SRF,SRF Limited,2021-01-29,2021-02-01,1055.555419921875,1059.4964565716045,39.075994391378536,40.18080616253688,1.1048117711583458,63.01526232799926,2021-01-22,77.91770092223396,2020-12-31,1095.588253922225
2246,TATACOMM,Tata Communications Limited,2021-01-29,2021-02-01,929.484619140625,919.4136257838827,35.19708193333268,42.40169541160773,7.20461347827505,62.40143865659595,2021-01-22,80.75251222269392,2020-12-31,967.7125250103662
2298,TIINDIA,Tube Investments of India Limited,2021-01-29,2021-02-01,771.5178833007812,764.3888381114557,34.62247203816189,42.09261575688976,7.4701437187278685,67.53507436354771,2021-01-22,71.9266425913842,2020-12-31,800.720693515158
1851,RESPONIND,Responsive Industries Limited,2021-02-01,2021-02-02,178.06845092773438,181.05869034552262,37.10121979917676,42.721850209338,5.62063041016124,71.4370560566779,2021-01-29,79.39157999795111,2021-01-29,181.04978988857377
1927,SAKAR,Sakar Healthcare Limited,2021-02-02,2021-02-03,103.9000015258789,105.69999694824219,39.2744356366097,46.51717883634139,7.2427431997316845,62.46322501235988,2021-01-29,67.82699772427671,2021-01-29,107.5359067584726
118,ALKEM,Alkem Laboratories Limited,2021-02-03,2021-02-04,2766.66259765625,2780.3473112672727,38.608177534883424,43.797075031586935,5.188897496703511,61.48995034085553,2021-01-29,68.91270152972187,2021-01-29,2825.1572960529547
700,ESTER,Ester Industries Limited,2021-02-03,2021-02-04,103.89079284667969,104.464258186417,36.31976215182311,41.531102097097865,5.2113399452747515,62.88606992144029,2021-01-29,72.16413889056366,2021-01-29,110.09807475719329
1140,JSL,Jindal Stainless Limited,2021-02-03,2021-02-04,75.69229888916016,75.69230458307892,37.85303702344506,44.169802854023295,6.316765830578234,67.79675758378903,2021-01-29,60.29989944003234,2021-01-29,79.97711698878702
1683,PDMJEPAPER,Pudumjee Paper Products Limited,2021-02-10,2021-02-11,20.498912811279297,20.498909822845114,39.64079161087959,47.49612557563476,7.855333964755168,62.16643460039905,2021-02-05,60.83105970869796,2021-01-29,20.670117509134524
1851,RESPONIND,Responsive Industries Limited,2021-02-10,2021-02-11,183.30137634277344,182.30465315514465,37.507906420089036,53.27855288207023,15.770646461981194,73.38858803739835,2021-02-05,79.39157999795111,2021-01-29,180.51923427534982
1927,SAKAR,Sakar Healthcare Limited,2021-02-10,2021-02-11,99.80000305175781,99.0,38.868766653149464,43.55134113473937,4.682574481589903,60.93810103235864,2021-02-05,67.82699772427671,2021-01-29,104.5486063630778
2205,SURYAROSNI,Surya Roshni Limited,2021-02-10,2021-02-11,75.49913024902344,75.73359264026989,36.03497465423176,42.44400591579812,6.409031261566362,65.66908764579577,2021-02-05,69.10068257354231,2021-01-29,79.13002702335943
340,BHARATRAS,Bharat Rasayan Limited,2021-02-19,2021-02-22,2444.186767578125,2463.3614320040733,33.26463994370529,46.326297590420516,13.061657646715226,60.115419022267304,2021-02-12,71.31256555247566,2021-01-29,2467.908037158955
452,CGCL,Capri Global Capital Limited,2021-02-19,2021-02-22,323.5635681152344,325.49828386152996,36.26155739320403,46.53324853466315,10.271691141459122,84.36963262572297,2021-02-12,75.91728473045367,2021-01-29,329.70736970291074
1547,NEWGEN,Newgen Software Technologies Limited,2021-02-19,2021-02-22,138.7549285888672,141.00137586998227,38.946510515807006,53.45391428733953,14.507403771532523,64.73536336144237,2021-02-12,60.254206539957664,2021-01-29,137.0765003619627
414,CAMS,Computer Age Management Services Limited,2021-02-23,2021-02-24,322.6307067871094,325.2340558653067,37.03988591861453,43.14554854935328,6.105662630738749,74.15430935658776,2021-02-19,98.70285843262035,2021-01-29,334.97760010757725
994,IFBIND,IFB Industries Limited,2021-02-23,2021-02-24,1242.550048828125,1243.0,37.62659240170523,42.46627122779035,4.83967882608512,74.14489911051703,2021-02-19,73.25189878825749,2021-01-29,1298.9277582326943
327,BERGEPAINT,Berger Paints (I) Limited,2021-02-24,2021-02-25,584.334228515625,586.9546196272208,38.72596871320285,40.24873837965867,1.5227696664558152,61.103783893560845,2021-02-19,73.58889867730406,2021-01-29,602.0683109774011
520,CROMPTON,Crompton Greaves Consumer Electricals Limited,2021-02-25,2021-02-26,364.619384765625,362.052972881347,38.097250293346896,40.37705046741588,2.2798001740689813,64.57069908599169,2021-02-19,76.36798996358584,2021-01-29,376.3781343771586
914,HCLTECH,HCL Technologies Limited,2021-02-25,2021-02-26,737.8734741210938,721.0001027487195,39.78152960042161,44.737746850386635,4.956217249965029,65.98455977537613,2021-02-19,70.81725878302998,2021-01-29,749.4063054081846
1711,PITTIENG,Pitti Engineering Limited,2021-02-25,2021-02-26,58.75126266479492,56.98431005225425,39.762748371807675,42.411833598488336,2.6490852266806613,67.76783878246658,2021-02-19,64.08147189070321,2021-01-29,60.67525278984771
1875,ROML,Raj Oil Mills Limited,2021-02-25,2021-02-26,97.25,102.0999984741211,36.98981306572833,40.7906695765955,3.8008565108671704,64.41243604649837,2021-02-19,84.08062214104078,2021-01-29,113.11695343735221
2261,TCS,Tata Consultancy Services Limited,2021-02-25,2021-02-26,2583.70849609375,2553.2588677587523,34.15532749418547,40.109658803455204,5.954331309269733,63.939180416146556,2021-02-19,76.44563477325201,2021-01-29,2663.4364812195545
2521,WIPRO,Wipro Limited,2021-03-01,2021-03-02,189.27032470703125,191.69098002631625,39.89846912915594,43.04410188271594,3.145632753560001,62.19694778221971,2021-02-26,72.88853507254093,2021-02-26,194.25025725203798
1711,PITTIENG,Pitti Engineering Limited,2021-03-02,2021-03-03,58.30952453613281,57.524212860847605,32.401674415178505,44.70059899420104,12.298924579022533,63.369356191099406,2021-02-26,61.43013070307335,2021-02-26,59.83138006123439
994,IFBIND,IFB Industries Limited,2021-03-03,2021-03-04,1221.75,1215.0,39.92993696888239,41.34523577384111,1.4152988049587236,69.15264921704568,2021-02-26,66.8472438083293,2021-02-26,1266.7535496081932
2464,VISHWARAJ,Vishwaraj Sugar Industries Limited,2021-03-05,2021-03-08,24.08422088623047,24.701764774539697,37.704723062952084,43.180319807884466,5.475596744932382,72.79891518373101,2021-02-26,87.49210801432096,2021-02-26,25.260543798379665
1558,NIITLTD,NIIT Limited,2021-03-09,2021-03-10,181.39588928222656,181.58737714888747,39.17365567977308,40.33737620522709,1.1637205254540106,64.4797518859693,2021-03-05,75.405620828439,2021-02-26,186.3636678928863
1817,RAMCOSYS,Ramco Systems Limited,2021-03-10,2021-03-12,577.2000122070312,583.7000122070312,38.86586150233602,41.2257241272142,2.3598626248781827,60.442681840663155,2021-03-05,66.79040966277557,2021-02-26,598.2697244376658
2020,SHARDAMOTR,Sharda Motor Industries Limited,2021-03-12,2021-03-15,407.7485656738281,410.72510127849193,38.15395388600058,47.54406332985149,9.39010944385091,65.12260234988128,2021-03-05,65.05157646459003,2021-02-26,414.54836504352687
836,GOLDENTOBC,Golden Tobacco Limited,2021-03-17,2021-03-18,44.400001525878906,45.29999923706055,39.629758353178524,42.52969000466115,2.8999316514826248,61.05513932452903,2021-03-12,60.103706705998825,2021-02-26,45.79921316956994
1194,KELLTONTEC,Kellton Tech Solutions Limited,2021-03-17,2021-03-18,13.777602195739746,13.797510675465144,29.167409237168187,42.149818916469314,12.982409679301128,61.40315795226795,2021-03-12,73.39757801106289,2021-02-26,14.544516458554787
1839,RELAXO,Relaxo Footwears Limited,2021-03-18,2021-03-19,823.0800170898438,822.5394653979382,38.098060731130985,45.90655966400835,7.808498932877363,62.19334896578344,2021-03-12,74.3268513295236,2021-02-26,830.4116870621981
1866,RKFORGE,Ramkrishna Forgings Limited,2021-03-18,2021-03-19,100.35213470458984,99.17394888030542,39.15197518719969,40.85804211123484,1.7060669240351487,63.768680302887056,2021-03-12,60.10528636237572,2021-02-26,106.11564164803052
386,BORORENEW,BOROSIL RENEWABLES LIMITED,2021-03-19,2021-03-22,264.04998779296875,264.0,38.45963785557262,44.37924508693788,5.919607231365255,74.48206558879136,2021-03-12,77.91230086260727,2021-02-26,274.48868325578087
520,CROMPTON,Crompton Greaves Consumer Electricals Limited,2021-03-19,2021-03-22,377.8791198730469,381.39603117778506,38.16422238681539,50.259971855516135,12.095749468700745,65.59009134432821,2021-03-12,65.94183799270742,2021-02-26,377.71121144495186
820,GNA,GNA Axles Limited,2021-03-19,2021-03-22,179.00247192382812,179.86663398080984,38.28197751070214,43.931301218927736,5.6493237082255945,69.2654910837455,2021-03-12,63.51525679974667,2021-02-26,184.73110439351805
903,HAVELLS,Havells India Limited,2021-03-19,2021-03-22,1007.2359008789062,1009.2139547134655,36.18930101075169,40.23606217780097,4.046761167049276,69.6165643895335,2021-03-12,75.3296840148798,2021-02-26,1062.101807178983
1151,JUBLFOOD,Jubilant Foodworks Limited,2021-03-19,2021-03-22,566.2694091796875,567.2466544923983,37.55978863765856,44.58756911454066,7.0277804768821,65.28675444429803,2021-03-12,74.54434390490349,2021-02-26,581.7897865117617
1403,MAZDOCK,Mazagon Dock Shipbuilders Limited,2021-03-19,2021-03-22,97.79706573486328,97.79705477027665,39.63554138192586,45.367298284678576,5.731756902752714,74.29503132917137,2021-03-12,96.20895920470264,2021-02-26,100.59963288430511
1479,MRF,MRF Limited,2021-03-19,2021-03-22,83682.3046875,83642.89790769726,37.13381489763401,41.59923707495613,4.465422177322118,63.29636678218183,2021-03-12,68.66776920359645,2021-02-26,86509.58130444739
1738,POWERINDIA,Hitachi Energy India Limited,2021-03-19,2021-03-22,1306.6312255859375,1315.1497277031424,39.009251360787296,42.278120438773726,3.2688690779864302,66.46980283970538,2021-03-12,92.72476515307027,2021-02-26,1354.2622782973724
1851,RESPONIND,Responsive Industries Limited,2021-03-19,2021-03-22,164.71209716796875,164.7120917484207,37.02482259335841,40.99174300158222,3.966920408223814,72.2409255101573,2021-03-12,78.64174743531674,2021-02-26,173.28738989016833
2181,SUNFLAG,Sunflag Iron And Steel Company Limited,2021-03-19,2021-03-22,61.02620315551758,61.125918501284,37.95660158791121,41.200653071925174,3.2440514840139656,60.88186997052009,2021-03-12,69.75679473227558,2021-02-26,63.444479845864
607,DLF,DLF Limited,2021-03-22,2021-03-23,278.69671630859375,280.2222656100801,39.76338513769209,43.72453958020078,3.9611544425086933,62.724637344493146,2021-03-19,65.06387662861471,2021-02-26,288.1722757985881
965,HONAUT,Honeywell Automation India Limited,2021-03-22,2021-03-23,43892.20703125,44177.29011728733,39.69671061960956,46.6818227540097,6.98511213440014,60.17208667145564,2021-03-19,72.49630735312059,2021-02-26,45194.980225643725
1341,MADHAV,Madhav Marbles and Granites Limited,2021-03-22,2021-03-23,51.5113525390625,51.511350522722516,39.94449281347453,42.145647305047206,2.201154491572673,61.51814495421043,2021-03-19,67.10330970566505,2021-02-26,54.36793109201564
1719,PNBGILTS,PNB Gilts Limited,2021-03-22,2021-03-23,43.079524993896484,43.429412029275106,39.41375537634994,43.07615814719909,3.6624027708491482,61.81068648082028,2021-03-19,69.83093479842405,2021-02-26,44.39665078588168
903,HAVELLS,Havells India Limited,2021-03-23,2021-03-24,1004.7756958007812,1001.4952623975016,39.32506582225769,40.2318613848132,0.9067955625555086,61.55005168797595,2021-03-19,75.3296840148798,2021-02-26,1051.817745937402
983,ICICIBANK,ICICI Bank Limited,2021-03-23,2021-03-24,562.4172973632812,556.2791183404461,39.57118156853504,44.61084804327548,5.039666474740443,62.01882901364825,2021-03-19,63.23462912461959,2021-02-26,577.2557128319845
447,CERA,Cera Sanitaryware Limited,2021-03-25,2021-03-26,3528.84326171875,3535.86722069185,39.19778215180508,41.12418256136829,1.9264004095632146,72.72644128490398,2021-03-19,69.93309883804719,2021-02-26,3695.712878977889
983,ICICIBANK,ICICI Bank Limited,2021-03-25,2021-03-26,548.1746826171875,560.5950344462785,39.4409629081346,41.01833577062609,1.5773728624914867,62.01882901364825,2021-03-19,63.23462912461959,2021-02-26,571.8875721848786
1162,KAJARIACER,Kajaria Ceramics Limited,2021-03-25,2021-03-26,864.296630859375,876.8867382355188,33.323916585816576,41.874387852784864,8.550471266968287,72.45257913792152,2021-03-19,72.00662164592683,2021-02-26,899.3412436201886
42,ACE,Action Construction Equipment Limited,2021-03-26,2021-03-30,153.7903289794922,155.0285567048823,39.827641475990745,48.19390904967512,8.366267573684375,68.23262892979479,2021-03-19,69.58961257483232,2021-02-26,156.69619707060042
134,AMBER,Amber Enterprises India Limited,2021-03-26,2021-03-30,3075.300048828125,3112.0,37.74809907687875,42.478952616996786,4.730853540118034,70.27706579217082,2021-03-19,80.91240593853976,2021-02-26,3236.8241123975477
196,ARVIND,Arvind Limited,2021-03-26,2021-03-30,62.0027961730957,62.14339716930439,38.84280339093933,42.860028818070134,4.017225427130803,66.752016586525,2021-03-19,62.28999404223953,2021-02-26,65.99951407749741
223,ASTRAL,Astral Limited,2021-03-26,2021-03-30,1195.8687744140625,1227.8444058695393,37.934713842098006,47.273506053324255,9.338792211226249,70.13060985889864,2021-03-19,80.68655505926235,2021-02-26,1233.6511123725852
281,BAJFINANCE,Bajaj Finance Limited,2021-03-26,2021-03-30,504.6105651855469,509.6538192584721,38.50008234975948,41.73410988471598,3.234027534956496,63.95931335282908,2021-03-19,65.14406030920571,2021-02-26,521.9168008147743
408,BUTTERFLY,Butterfly Gandhimathi Appliances Limited,2021-03-26,2021-03-30,552.514404296875,552.5642325350135,37.43252788351956,48.36900042774191,10.936472544222347,66.89075272757302,2021-03-19,68.39130224930904,2021-02-26,557.340477491981
424,CARBORUNIV,Carborundum Universal Limited,2021-03-26,2021-03-30,464.9601745605469,479.5482647076029,36.30571242151485,46.793528738853915,10.487816317339067,62.74959637812094,2021-03-19,70.0612575842951,2021-02-26,474.37509728609217
520,CROMPTON,Crompton Greaves Consumer Electricals Limited,2021-03-26,2021-03-30,364.38177490234375,369.75218809489405,35.694050356243125,45.82198409039555,10.127933734152428,61.32654054339333,2021-03-19,65.94183799270742,2021-02-26,370.93250976834196
890,HAL,Hindustan Aeronautics Limited,2021-03-26,2021-03-30,454.0618896484375,458.5015223051938,39.966864201797996,41.06864212594944,1.1017779241514418,62.95476568146,2021-03-19,61.40595196221472,2021-02-26,472.86628375459026
903,HAVELLS,Havells India Limited,2021-03-26,2021-03-30,1013.3626708984375,1028.5106067715178,37.98094011549301,43.68685564496815,5.705915529475135,61.55005168797595,2021-03-19,75.3296840148798,2021-02-26,1038.7812165906298
2703,LICNFNHGP,LICNFNHGP,2021-03-26,2021-03-30,146.92999267578125,149.89999389648438,34.45023805357509,42.24717327687294,7.796935223297851,62.613326496606284,2021-03-19,62.6447413358689,2021-02-26,151.39836349050296
1396,MATRIMONY,Matrimony.Com Limited,2021-03-26,2021-03-30,918.2317504882812,932.4808756763235,39.31666566407942,48.09656212988733,8.779896465807909,61.496551319763014,2021-03-19,66.02939377201994,2021-02-26,938.2943397544227
1527,NCC,NCC Limited,2021-03-26,2021-03-30,72.32937622070312,74.25571209346664,33.876417962576056,43.87820725562371,10.00178929304765,75.68317842894652,2021-03-19,66.39073634904383,2021-02-26,76.33579610833121
1657,PANAMAPET,Panama Petrochem Limited,2021-03-26,2021-03-30,131.158447265625,135.12884474637244,37.906223107774665,41.925002565987036,4.0187794582123715,75.24009639061134,2021-03-19,64.85060515511026,2021-02-26,140.2690137680861
1972,SBIN,State Bank of India,2021-03-26,2021-03-30,323.75860595703125,326.3870966806981,39.25706441379825,40.65152693319614,1.3944625193978908,69.9141180968693,2021-03-19,60.22680810863293,2021-02-26,338.3707451324403
2083,SINTERCOM,Sintercom India Limited,2021-03-26,2021-03-30,83.80000305175781,88.4000015258789,34.09661747180269,40.3203516168875,6.223734145084812,60.71925562482162,2021-03-19,61.346630496382254,2021-02-26,87.05280857657439
2100,SMSPHARMA,SMS Pharmaceuticals Limited,2021-03-26,2021-03-30,122.09127044677734,122.98210900758045,36.727377362031916,44.62989017994146,7.902512817909546,64.5928383587343,2021-03-19,71.06357258558685,2021-02-26,124.99407130330457
2236,TANLA,Tanla Platforms Limited,2021-03-26,2021-03-30,768.1564331054688,768.1564434697517,38.411130168205275,40.33433058113901,1.9232004129337312,67.92972181821074,2021-03-19,96.96215883454126,2021-02-26,831.3138688137178
2246,TATACOMM,Tata Communications Limited,2021-03-26,2021-03-30,1032.827392578125,1046.8251175856403,39.72218822895869,46.31294622135783,6.5907579923991335,62.78574028844621,2021-03-19,74.9443299222744,2021-02-26,1064.822952417024
2353,TVSMOTOR,TVS Motor Company Limited,2021-03-26,2021-03-30,556.4889526367188,565.0427614290503,37.049424390012284,43.125875244182005,6.076450854169721,62.16511526283063,2021-03-19,61.566022484792846,2021-02-26,571.6989639026862
2430,VERTOZ,Vertoz Limited,2021-03-26,2021-03-30,125.31755065917969,127.68674067197996,35.05753612307268,40.957205204919454,5.899669081846774,66.27786981099656,2021-03-19,82.43484841156057,2021-02-26,133.47109224117747
2481,VOLTAS,Voltas Limited,2021-03-26,2021-03-30,952.1910400390625,967.3082294747358,38.35179694382168,43.622429076209436,5.270632132387753,62.358703741465185,2021-03-19,76.00228573397081,2021-02-26,980.805985924168
2485,VSSL,Vardhman Special Steels Limited,2021-03-26,2021-03-30,66.79437255859375,68.17795686660067,37.642534696266914,41.90803037306883,4.265495676801919,63.978881036250264,2021-03-19,73.44143175612831,2021-02-26,70.19295799297592
414,CAMS,Computer Age Management Services Limited,2021-03-30,2021-03-31,332.6865234375,331.6507537371613,37.864980935464615,46.07168483236181,8.206703896897196,60.90056780285167,2021-03-26,98.7370296920255,2021-02-26,337.4976891775321
548,DBL,Dilip Buildcon Limited,2021-03-30,2021-03-31,580.2946166992188,583.1256734913793,39.562396657699125,46.79581579121242,7.233419133513294,61.932007384325736,2021-03-26,65.60482935883165,2021-02-26,597.3010695048245
2796,SUULD,SUULD,2021-03-30,2021-03-31,94.9422378540039,99.67455291748047,39.7318074278017,45.7283935858079,5.9965861580062025,60.56773511870447,2021-03-26,95.1297913614177,2021-02-26,98.65664423554058
857,GREENPANEL,Greenpanel Industries Limited,2021-03-31,2021-04-01,157.64891052246094,159.470008288658,38.77328697181739,43.74797665528402,4.974689683466629,61.07817925412314,2021-03-26,93.22063535251876,2021-02-26,163.2879043632165
1696,PGHH,Procter & Gamble Hygiene and Health Care Limited,2021-03-31,2021-04-01,11654.36328125,11600.175552877492,38.88089342319943,47.77019233554626,8.889298912346831,67.06044596797011,2021-03-26,70.87364314494127,2021-02-26,11768.010494339125
2233,TALBROAUTO,Talbros Automotive Components Limited,2021-03-31,2021-04-01,39.88081359863281,40.89838853926564,39.24846634174967,40.86783226786294,1.619365926113268,64.3442038799337,2021-03-26,61.58081431264514,2021-02-26,42.00685308902391
840,GOODYEAR,Goodyear India Limited,2021-04-01,2021-04-05,737.5685424804688,742.5455881122509,29.25351456140794,44.22779383577999,14.974279274372051,60.76213944923502,2021-03-26,86.94489526296118,2021-03-31,744.3050435784621
2236,TANLA,Tanla Platforms Limited,2021-04-01,2021-04-05,795.5839233398438,808.3897055376126,39.632060223528825,46.94898014733912,7.316919923810296,62.36570580789219,2021-03-26,86.36192955186189,2021-03-31,815.8359662816277
2432,VETO,Veto Switchgears And Cables Limited,2021-04-01,2021-04-05,116.95083618164062,116.95083275911038,38.107178716899476,45.12089823322464,7.0137195163251675,62.0719269801573,2021-03-26,61.62038867071802,2021-03-31,121.81856603712286
386,BORORENEW,BOROSIL RENEWABLES LIMITED,2021-04-06,2021-04-07,248.14999389648438,247.85000610351562,38.76185144456777,40.739613274035115,1.9777618294673474,60.87133522198415,2021-04-01,69.94094476521069,2021-03-31,259.1452543426359
607,DLF,DLF Limited,2021-04-06,2021-04-07,265.8250427246094,266.92152918287496,39.65681221947418,41.16385601556514,1.5070437960909544,62.67973026544338,2021-04-01,61.77790499191447,2021-03-31,277.5847897253761
605,DIXON,Dixon Technologies (India) Limited,2021-04-07,2021-04-08,3606.041015625,3726.877574769987,38.374679321500125,44.75581918414657,6.381139862646442,62.369623411166394,2021-04-01,84.29275785754864,2021-03-31,3732.435584484823
840,GOODYEAR,Goodyear India Limited,2021-04-07,2021-04-08,733.3942260742188,738.4917372446089,38.11884083263053,44.24012275458737,6.121281921956836,62.488805600535805,2021-04-01,86.94489526296118,2021-03-31,740.607094137283
1789,QUESS,Quess Corp Limited,2021-04-07,2021-04-08,578.7422485351562,578.7421728945244,36.4876628960488,42.10928652195371,5.62162362590491,65.38822794304119,2021-04-01,60.32077773875657,2021-03-31,604.010406303268
386,BORORENEW,BOROSIL RENEWABLES LIMITED,2021-04-08,2021-04-09,248.6999969482422,250.9499969482422,38.951349985073776,42.142214837557155,3.1908648524833794,60.87133522198415,2021-04-01,69.94094476521069,2021-03-31,257.01426001429263
408,BUTTERFLY,Butterfly Gandhimathi Appliances Limited,2021-04-08,2021-04-09,527.4884033203125,537.409073044332,38.95818914645609,41.60969075232211,2.6515016058660166,66.8578721316313,2021-04-01,66.95367910721205,2021-03-31,545.8250839676687
2089,SJVN,SJVN Limited,2021-04-09,2021-04-12,21.2534122467041,21.338255596729145,38.84284295355045,43.45921806265334,4.61637510910289,60.673171599515115,2021-04-01,74.44846324299033,2021-03-31,21.732182508846183
24,AAVAS,Aavas Financiers Limited,2021-04-13,2021-04-15,2295.39990234375,2270.5,39.8914545588403,49.96969960854768,10.078245049707377,72.0851429947893,2021-04-09,79.24407115048784,2021-03-31,2311.307413028405
237,AUBANK,AU Small Finance Bank Limited,2021-04-13,2021-04-15,537.1892700195312,537.1892170817013,39.54328003923257,40.02135361223557,0.4780735730030017,63.457464051983486,2021-04-09,64.90210153007733,2021-03-31,590.1970501488786
446,CENTURYPLY,Century Plyboards (India) Limited,2021-04-13,2021-04-15,300.5752258300781,299.33620735201663,37.08286088036208,47.11587544658066,10.033014566218583,68.87413438345814,2021-04-09,74.46949938649945,2021-03-31,305.42068433847004
620,DPWIRES,D P Wires Limited,2021-04-13,2021-04-15,92.42147064208984,92.33432223842436,38.9270947263694,43.719890161021574,4.792795434652177,63.12706691580153,2021-04-09,61.91430004404367,2021-03-31,94.76796037046715
693,EQUITASBNK,Equitas Small Finance Bank Limited,2021-04-13,2021-04-15,52.63151168823242,49.84600364140717,39.24257624843689,44.342775301596035,5.100199053159145,66.54878615402997,2021-04-09,99.99999997585736,2021-03-31,55.413678569349884
903,HAVELLS,Havells India Limited,2021-04-13,2021-04-15,987.746337890625,994.8377957893028,35.204942862649204,42.540311223522984,7.33536836087378,63.07182876455962,2021-04-09,70.19362596029592,2021-03-31,1017.7465339709547
934,HGINFRA,H.G. Infra Engineering Limited,2021-04-13,2021-04-15,269.0492858886719,263.0660442514054,35.06159284182337,45.29531955769872,10.233726715875349,60.50240589463458,2021-04-09,65.23713033494838,2021-03-31,278.99425771353475
1129,JKPAPER,JK Paper Limited,2021-04-13,2021-04-15,126.1028060913086,124.46451776451623,37.71149647050693,43.229478391266454,5.517981920759524,65.04322487315162,2021-04-09,61.67395568603622,2021-03-31,133.38635896876502
1190,KEC,KEC International Limited,2021-04-13,2021-04-15,386.7220458984375,386.10238552348216,37.67044888207741,41.198176067635494,3.527727185558085,62.52660501533579,2021-04-09,67.36038633288214,2021-03-31,406.042676870859
1527,NCC,NCC Limited,2021-04-13,2021-04-15,69.4857406616211,68.43084337635634,38.15201979834689,41.85895446915685,3.7069346708099573,66.23364054503554,2021-04-09,61.036922745654444,2021-03-31,73.52644051937061
2739,NPBET,NPBET,2021-04-13,2021-04-15,173.86000061035156,176.89999389648438,35.87361601579646,41.52052245975656,5.6469064439601055,60.14104664242293,2021-04-09,61.7952190654531,2021-03-31,178.53748853928306
1683,PDMJEPAPER,Pudumjee Paper Products Limited,2021-04-13,2021-04-15,21.786056518554688,21.833724979897294,38.907528701681336,40.262577936125396,1.35504923444406,60.82396639246456,2021-04-09,63.28321106293284,2021-03-31,22.888596453077874
1909,RVNL,Rail Vikas Nigam Limited,2021-04-13,2021-04-15,24.675518035888672,24.540678874843962,39.88826386288742,42.51086787987421,2.6226040169867915,60.72493287856841,2021-04-09,72.43386036789714,2021-03-31,25.73276579215447
1977,SCI,Shipping Corporation Of India Limited,2021-04-13,2021-04-15,99.37175750732422,99.27809474779211,39.332030017421296,45.13360213560419,5.8015721181828965,66.23536303697813,2021-04-09,69.22796480299533,2021-03-31,104.31668114946825
2063,SIEMENS,Siemens Limited,2021-04-13,2021-04-15,1014.2542114257812,1008.6380793430802,38.04164942409161,43.58600592881923,5.544356504727624,68.67468689605042,2021-04-09,66.47126799285138,2021-03-31,1043.6500302579418
2250,TATAPOWER,Tata Power Company Limited,2021-04-13,2021-04-15,91.51415252685547,90.41617586743347,35.86034620712039,42.26464226044474,6.404296053324352,69.80327454328346,2021-04-09,70.10562224687752,2021-03-31,97.03125302225908
2481,VOLTAS,Voltas Limited,2021-04-13,2021-04-15,931.5809326171875,931.8240601587532,39.24639681300084,41.308260554394565,2.061863741393722,64.51993013961109,2021-04-09,74.17139430070934,2021-03-31,966.0694659041037
223,ASTRAL,Astral Limited,2021-04-15,2021-04-16,1131.8798828125,1141.0423500565812,35.99282662118246,44.04190317078326,8.049076549600798,62.67829143183129,2021-04-09,81.01343023601956,2021-03-31,1185.2351966301608
1011,IMPAL,India Motor Parts and Accessories Limited,2021-04-15,2021-04-16,577.7545166015625,577.3634055779982,37.24935700452349,44.05194175960068,6.802584755077191,63.45784925696159,2021-04-09,60.40293141338192,2021-03-31,589.3871314534794
237,AUBANK,AU Small Finance Bank Limited,2021-04-16,2021-04-19,535.3502197265625,514.4252880641944,38.108167160924616,40.714773943292364,2.6066067823677486,63.457464051983486,2021-04-09,64.90210153007733,2021-03-31,579.788861217113
1527,NCC,NCC Limited,2021-04-16,2021-04-19,68.66016387939453,64.2112538646814,39.51004719238206,41.23492925728115,1.7248820648990915,66.23364054503554,2021-04-09,61.036922745654444,2021-03-31,72.6174419923574
1608,OLECTRA,Olectra Greentech Limited,2021-04-16,2021-04-19,193.91665649414062,185.92833640277613,38.083376564844464,42.0840707464135,4.000694181569038,76.01834048133254,2021-04-09,63.09143008398048,2021-03-31,207.15276411836044
2481,VOLTAS,Voltas Limited,2021-04-16,2021-04-19,930.4143676757812,909.9502338442318,39.39743561932355,41.95989676189262,2.56246114256907,64.51993013961109,2021-04-09,74.17139430070934,2021-03-31,959.1301743372305
143,ANANTRAJ,Anant Raj Limited,2021-04-20,2021-04-22,49.39487075805664,49.93875655387212,39.02639538781513,44.8596252538163,5.833229866001169,67.84259158857148,2021-04-16,79.71484692506097,2021-03-31,51.45491170398039
962,HNDFDS,Hindustan Foods Limited,2021-04-20,2021-04-22,401.0799865722656,403.0,38.630562506984845,47.33183629428538,8.701273787300536,64.40349358520714,2021-04-16,86.36777916684946,2021-03-31,407.4635045818829
1162,KAJARIACER,Kajaria Ceramics Limited,2021-04-20,2021-04-22,847.0933227539062,845.7478450885156,34.97609815917636,40.06659916705022,5.090501007873861,62.5279153869653,2021-04-16,70.14945424371953,2021-03-31,885.3656243111039
1695,PGEL,PG Electroplast Limited,2021-04-20,2021-04-22,31.855566024780273,30.506600277409806,35.34419288479833,40.355020700756846,5.010827815958514,60.50863693181709,2021-04-16,70.54893555361234,2021-03-31,35.534904714990134
1608,OLECTRA,Olectra Greentech Limited,2021-04-22,2021-04-23,188.8740234375,186.97679573856794,39.11667458427094,40.813718802077744,1.6970442178068055,63.42796953926305,2021-04-16,63.09143008398048,2021-03-31,202.08908777227902
1779,PUNJABCHEM,Punjab Chemicals & Crop Protection Limited,2021-04-22,2021-04-23,854.1397705078125,866.5614915477081,39.67866503033524,44.40868353122575,4.730018500890509,62.215147954885495,2021-04-16,65.33911721551647,2021-03-31,873.2441057385886
2320,TORNTPOWER,Torrent Power Limited,2021-04-22,2021-04-23,340.7587890625,342.31075011897207,37.025029494860185,40.95413732095569,3.9291078260955032,65.80487700799748,2021-04-16,71.52872180518372,2021-03-31,357.29921142852004
1634,ORIENTELEC,Orient Electric Limited,2021-04-23,2021-04-26,273.357666015625,274.512850424863,36.91336141232636,43.091244273793585,6.177882861467225,60.04149355873176,2021-04-16,68.23540277886681,2021-03-31,282.62691248421044
2177,SUNDARMFIN,Sundaram Finance Limited,2021-04-23,2021-04-26,2219.4658203125,2221.185038209672,34.126697207642735,41.002950701425156,6.876253493782421,62.32795348999523,2021-04-16,71.43849587068111,2021-03-31,2323.4324878257294
2179,SUNDRMFAST,Sundram Fasteners Limited,2021-04-23,2021-04-26,654.5864868164062,652.526255453068,39.95753132929655,41.090809289866385,1.1332779605698349,63.337718784071264,2021-04-16,74.17547282082666,2021-03-31,683.392215300418
2435,VGUARD,V-Guard Industries Limited,2021-04-23,2021-04-26,218.75401306152344,217.5852299827384,38.81098009195733,40.97819302673322,2.1672129347758897,62.188084475396906,2021-04-16,64.35902636119263,2021-03-31,227.06350016707626
538,DALBHARAT,Dalmia Bharat Limited,2021-04-26,2021-04-27,1434.768798828125,1443.3999988190346,39.94274679333511,46.021934319248764,6.079187525913653,62.075249182061555,2021-04-23,68.10308506270702,2021-03-31,1471.8385145868292
764,GANECOS,Ganesha Ecosphere Limited,2021-04-26,2021-04-27,543.2244873046875,545.3942459835448,38.92763353253738,46.72746790113818,7.799834368600806,60.19672671086026,2021-04-23,69.8263095595919,2021-03-31,548.1530093282662
851,GRASIM,Grasim Industries Limited,2021-04-26,2021-04-27,1270.68994140625,1278.096950583593,34.759343606371516,42.487531447048504,7.728187840676988,62.27335957459023,2021-04-23,77.49790169362039,2021-03-31,1312.460913041985
1353,MAHLIFE,Mahindra Lifespace Developers Limited,2021-04-26,2021-04-27,162.69078063964844,162.27015061101142,38.17507697182033,48.05432316600945,9.879246194189122,60.48332267141434,2021-04-23,65.08284306570235,2021-03-31,163.6617259842026
1608,OLECTRA,Olectra Greentech Limited,2021-04-27,2021-04-28,188.67430114746094,190.2220478924232,38.817743247875555,41.86921027324505,3.0514670253694973,60.19842903678448,2021-04-23,63.09143008398048,2021-03-31,198.3010248087513
1695,PGEL,PG Electroplast Limited,2021-04-28,2021-04-29,32.44011688232422,34.02390465619164,39.23289853360539,44.324425413763315,5.091526880157922,61.091394045217946,2021-04-23,70.54893555361234,2021-03-31,34.271148583262956
1353,MAHLIFE,Mahindra Lifespace Developers Limited,2021-04-29,2021-04-30,163.30557250976562,159.8433577253014,39.12228530441607,50.101418443160355,10.979133138744288,60.48332267141434,2021-04-23,65.08284306570235,2021-03-31,162.67975172334553
1354,MAHLOG,Mahindra Logistics Limited,2021-05-05,2021-05-06,500.24542236328125,512.1272251700716,39.69717756482766,44.92729371130364,5.230116146475979,60.58245957199706,2021-04-30,62.23223520341224,2021-04-30,514.5063620220386
1155,JUSTDIAL,Just Dial Limited,2021-05-06,2021-05-07,825.2999877929688,832.4500122070312,39.63636179191727,42.04418688774216,2.40782509582489,61.503854343156476,2021-04-30,64.9421364106342,2021-04-30,859.7066569294052
1311,LINDEINDIA,Linde India Limited,2021-05-19,2021-05-20,1679.311279296875,1687.7432119893185,39.87935577861134,40.552080464920266,0.6727246863089249,69.54489477740822,2021-05-14,83.40239780330796,2021-04-30,1747.0884227151264
642,ECLERX,eClerx Services Limited,2021-05-27,2021-05-28,392.1775817871094,398.9429985651172,38.981571505971814,49.313545954130475,10.331974448158661,66.67668784268436,2021-05-21,62.55709380482324,2021-04-30,395.36897786665395
871,GSS,GSS Infotech Limited,2021-05-28,2021-05-31,64.5,64.94999694824219,38.05659980995413,48.4023998610427,10.345800051088574,72.18390854398697,2021-05-21,61.300851638487224,2021-04-30,65.82444769290706
272,BAJAJELEC,Bajaj Electricals Limited,2021-06-02,2021-06-03,981.1884155273438,993.5618128993032,39.73921722680509,41.560166358745576,1.8209491319404876,64.49619758639454,2021-05-28,75.80048404168126,2021-05-31,1015.637140670141
1696,PGHH,Procter & Gamble Hygiene and Health Care Limited,2021-06-02,2021-06-03,12204.6689453125,12258.56825904349,39.858716663601506,45.63202815898902,5.773311495387517,60.41070479331706,2021-05-28,69.21673903835242,2021-05-31,12319.525146831094
1771,PRSMJOHNSN,Prism Johnson Limited,2021-06-02,2021-06-03,129.9499969482422,131.0,38.11565921337444,47.0006020305638,8.884942817189355,64.27192083435855,2021-05-28,64.03081926395015,2021-05-31,132.6780347475936
2294,TI,Tilaknagar Industries Limited,2021-06-02,2021-06-03,37.015846252441406,37.56239292065161,36.4502491448363,44.30396864371833,7.853719498882029,70.47308938159722,2021-05-28,69.79901652769497,2021-05-31,39.53366247578809
65,ADVENZYMES,Advanced Enzyme Technologies Limited,2021-06-03,2021-06-04,392.26239013671875,394.61972822551195,39.85703829543846,40.46287188442516,0.6058335889867053,69.04031763370358,2021-05-28,71.684820741847,2021-05-31,417.13340882711367
2610,EQ30,EQ30,2021-06-04,2021-06-07,420.8900146484375,412.0,37.03634778931792,45.89310862505606,8.856760835738136,67.45527318959935,2021-05-28,70.42990300704676,2021-05-31,427.06790252261726
2406,VAIBHAVGBL,Vaibhav Global Limited,2021-06-09,2021-06-10,727.7940063476562,731.7162108041922,39.930217156584604,42.47578130043251,2.545564143847905,60.41319939485682,2021-06-04,93.73230046740072,2021-05-31,752.7371705954305
2236,TANLA,Tanla Platforms Limited,2021-06-10,2021-06-11,782.6851806640625,794.4197824536791,36.66588237626574,41.62288033698136,4.9569979607156185,60.00935774585713,2021-06-04,88.15095771120806,2021-05-31,816.3835925685937
635,DYNPRO,Dynemic Products Limited,2021-06-16,2021-06-17,481.2745361328125,479.6322937011719,39.85965491729315,41.4766005998199,1.6169456825267545,65.49484386039842,2021-06-11,83.04794682356888,2021-05-31,501.0446221163615
2017,SHANTIGEAR,Shanthi Gears Limited,2021-06-16,2021-06-17,136.05690002441406,135.86788858775517,39.798847878315634,46.19368883045088,6.394840952135247,64.09494733626354,2021-06-11,65.29674033555266,2021-05-31,139.1580679332419
1125,JKCEMENT,JK Cement Limited,2021-06-17,2021-06-18,2736.4248046875,2736.424741359005,38.41080902335151,46.299783531579315,7.888974508227804,62.94260959636181,2021-06-11,77.91789269628129,2021-05-31,2757.5870377858782
635,DYNPRO,Dynemic Products Limited,2021-06-18,2021-06-21,478.5872497558594,475.7506408691406,39.83145962038032,40.949624597223504,1.1181649768431825,65.49484386039842,2021-06-11,83.04794682356888,2021-05-31,496.9702109977516
942,HINDALCO,Hindalco Industries Limited,2021-06-18,2021-06-21,356.5184326171875,352.24612842407373,39.93481424096384,41.44796445897892,1.5131502180150846,69.66397895311326,2021-06-11,73.24587989294527,2021-05-31,370.14030032125896
1002,IIFL,IIFL Finance Limited,2021-06-18,2021-06-21,247.03773498535156,247.08618360808742,39.68611617751695,44.35851597936146,4.672399801844506,61.216700270096005,2021-06-11,62.235214980541684,2021-05-31,253.55869100853883
372,BLUEDART,Blue Dart Express Limited,2021-06-21,2021-06-22,5606.93701171875,5634.178985413176,38.76272799925122,46.70457162725453,7.941843628003312,61.83397298036308,2021-06-18,71.2647896978647,2021-05-31,5702.442229795235
923,HEG,HEG Limited,2021-06-21,2021-06-22,388.2066955566406,391.70370320063483,39.01164973588189,42.2251026775372,3.213452941655312,60.30857036342447,2021-06-18,63.172213125529844,2021-05-31,409.89433659761903
857,GREENPANEL,Greenpanel Industries Limited,2021-06-22,2021-06-23,230.05026245117188,231.32996913364954,35.71489753534705,46.85186953676233,11.13697200141528,61.77284225547098,2021-06-18,90.26700041351167,2021-05-31,234.35368507828875
931,HEXATRADEX,Hexa Tradex Limited,2021-06-22,2021-06-23,108.0999984741211,112.80000305175781,35.709348681573715,44.54925751501471,8.839908833440994,65.89452372843184,2021-06-18,80.23882951568736,2021-05-31,112.56834692034232
2276,TEXINFRA,Texmaco Infrastructure & Holdings Limited,2021-06-23,2021-06-24,66.86707305908203,67.16426399527676,33.15376957106638,40.516470625694815,7.362701054628438,60.68464693205379,2021-06-18,65.35085391408394,2021-05-31,68.32374583690611
942,HINDALCO,Hindalco Industries Limited,2021-06-24,2021-06-25,354.310302734375,356.7104499159214,39.977957322283316,40.83566945759263,0.8577121353093133,61.69829701403095,2021-06-18,73.24587989294527,2021-05-31,364.84375039451305
2290,THERMAX,Thermax Limited,2021-06-24,2021-06-25,1395.824951171875,1392.504862070385,38.7496525311635,46.675425216446754,7.925772685283256,62.10828744646812,2021-06-18,65.65067923963181,2021-05-31,1411.8716290257266
56,ADFFOODS,ADF Foods Limited,2021-06-25,2021-06-28,179.2122344970703,180.66530597392708,39.666434291335584,41.26393282714171,1.5974985358061247,62.93340153540383,2021-06-18,86.39019027750813,2021-05-31,184.6862906498367
408,BUTTERFLY,Butterfly Gandhimathi Appliances Limited,2021-06-25,2021-06-28,694.4940185546875,696.9368187785357,37.376936983320896,42.205340678749856,4.82840369542896,64.43015131691135,2021-06-18,76.92181247260893,2021-05-31,725.8617834356418
1364,MANAKCOAT,Manaksia Coated Metals & Industries Limited,2021-06-25,2021-06-28,14.130773544311523,14.32979864088321,39.43095113917474,41.07997274623047,1.6490216070557295,60.7944452221469,2021-06-18,66.98138260621256,2021-05-31,15.00960852812797
2421,VEDL,Vedanta Limited,2021-06-25,2021-06-28,125.71157836914062,126.50266401639624,36.92044220291496,48.80869016536248,11.888247962447515,61.557712186994095,2021-06-18,72.13769955932554,2021-05-31,126.22279213836725
399,BROOKS,Brooks Laboratories Limited,2021-06-28,2021-06-29,91.17529296875,92.61151123046875,38.69574284278951,45.712980053671835,7.017237210882328,60.747992433774954,2021-06-25,67.30975731207324,2021-05-31,93.6919695593015
788,GESHIP,The Great Eastern Shipping Company Limited,2021-06-28,2021-06-29,313.1177062988281,319.58415327942123,38.57165102929276,40.76158172427609,2.1899306949833317,62.43679189543189,2021-06-25,66.03119223447823,2021-05-31,324.87584207320054
1258,KSB,Ksb Limited,2021-06-28,2021-06-29,179.61244201660156,182.18318796440855,37.56321268350829,40.38313416712473,2.81992148361644,60.48727763469852,2021-06-25,65.16110470171805,2021-05-31,185.86903346011485
2194,SUPREMEIND,Supreme Industries Limited,2021-06-28,2021-06-29,2088.775146484375,2098.333949743359,38.04156509603581,50.8468594232702,12.805294327234392,60.89686576902637,2021-06-25,73.78139017025296,2021-05-31,2085.7979841556144
857,GREENPANEL,Greenpanel Industries Limited,2021-06-29,2021-06-30,225.7681884765625,225.7682180181936,39.81593209393162,45.43367535882053,5.617743264888908,62.73123663197612,2021-06-25,90.26700041351167,2021-05-31,230.27677475343793
294,BANCOINDIA,Banco Products (I) Limited,2021-07-01,2021-07-02,63.683021545410156,64.11730810476054,39.5216827792206,42.66493080271728,3.1432480234966818,73.5363375125795,2021-06-25,62.12090017963099,2021-06-30,67.8421627395897
635,DYNPRO,Dynemic Products Limited,2021-07-02,2021-07-05,500.1353454589844,503.618896484375,36.15550043515847,56.03201026657835,19.876509831419874,61.025922352935154,2021-06-25,72.68181283605534,2021-06-30,483.2444387618061
2262,TDPOWERSYS,TD Power Systems Limited,2021-07-02,2021-07-05,18.234764099121094,18.249364966800595,38.77936171205905,42.21164846265917,3.4322867506001202,60.89969250984665,2021-06-25,62.66693556202083,2021-06-30,18.92988466535
2276,TEXINFRA,Texmaco Infrastructure & Holdings Limited,2021-07-02,2021-07-05,65.77739715576172,66.17363934147099,34.70730397538465,41.45590842762402,6.74860445223937,60.32576676909277,2021-06-25,60.58829946440833,2021-06-30,67.05635875764904
7,3PLAND,3P Land Holdings Limited,2021-07-05,2021-07-06,12.949999809265137,12.949999809265137,39.09864111361428,41.28379355430636,2.185152440692079,60.559023900288246,2021-07-02,62.08659652940491,2021-06-30,13.443303716806005
850,GRAPHITE,Graphite India Limited,2021-07-08,2021-07-09,574.6201171875,569.0202319700009,39.95276114530569,41.827152308630026,1.8743911633243329,60.327922247043716,2021-07-02,60.70980083986368,2021-06-30,596.4075915003606
399,BROOKS,Brooks Laboratories Limited,2021-07-09,2021-07-12,87.16378021240234,91.12577056884766,35.19883205579367,43.70611531888219,8.507283263088517,62.353210661676854,2021-07-02,66.92696781064458,2021-06-30,90.44000043395819
1059,INTELLECT,Intellect Design Arena Limited,2021-07-09,2021-07-12,694.14892578125,699.3110294756207,39.022650503177694,43.036848259858104,4.01419775668041,65.19943338796782,2021-07-02,76.45444147942695,2021-06-30,709.8349398156603
1876,ROSSARI,Rossari Biotech Limited,2021-07-09,2021-07-12,1179.4739990234375,1195.3118622205807,34.654132061859045,44.17774564611566,9.523613584256616,60.01023746000638,2021-07-02,86.65839996942067,2021-06-30,1197.9838479716277
2521,WIPRO,Wipro Limited,2021-07-14,2021-07-15,256.54718017578125,256.2274370767733,39.88143989162062,64.67530842424506,24.793868532624437,66.1190933195879,2021-07-09,83.02630605821331,2021-06-30,245.9670665827674
164,APLAPOLLO,APL Apollo Tubes Limited,2021-07-15,2021-07-16,748.2656860351562,752.112562183352,39.514716961989876,49.89067873838465,10.375961776394774,71.41090756547139,2021-07-09,86.44529874511059,2021-06-30,755.68287992782
453,CGPOWER,CG Power and Industrial Solutions Limited,2021-07-15,2021-07-16,76.80482482910156,75.57000509485022,34.96785746816113,44.41288235721087,9.44502488904974,60.619805256711274,2021-07-09,67.55009356150387,2021-06-30,78.07038095263665
204,ASHAPURMIN,Ashapura Minechem Limited,2021-07-16,2021-07-19,142.532470703125,140.4553016315034,39.62259780066931,40.79390524792626,1.1713074472569502,61.54840840010289,2021-07-09,74.68304335316763,2021-06-30,148.83750950770707
1789,QUESS,Quess Corp Limited,2021-07-16,2021-07-19,689.645263671875,687.019932486664,37.581680816399924,46.95813174060884,9.376450924208918,66.26458652415343,2021-07-09,64.39928741468299,2021-06-30,704.8514521471789
496,CONCOR,Container Corporation of India Limited,2021-07-20,2021-07-22,620.8501586914062,624.0739308689141,39.63349714536684,43.49904140783796,3.8655442624711185,62.866679035680946,2021-07-16,66.5044310068717,2021-06-30,633.0291417784412
51,ADANIENT,Adani Enterprises Limited,2021-07-22,2021-07-23,1413.594482421875,1426.8149067823158,38.68784907029241,47.9474512976191,9.259602227326688,64.19496661847103,2021-07-16,95.67064608876788,2021-06-30,1424.610015955607
372,BLUEDART,Blue Dart Express Limited,2021-07-22,2021-07-23,5591.7421875,5617.436856554623,39.656675498945745,45.10588274741317,5.449207248467424,63.05973216918175,2021-07-16,68.24920250596415,2021-06-30,5680.658646301068
651,EIHAHOTELS,EIH Associated Hotels Limited,2021-07-22,2021-07-23,159.23162841796875,159.99853604183775,34.10649403800596,43.168134555255946,9.061640517249984,65.45413179874703,2021-07-16,66.8128825427254,2021-06-30,165.53788435968303
975,HUDCO,Housing & Urban Development Corporation Limited,2021-07-22,2021-07-23,39.182125091552734,39.33715400546213,39.29932457488983,42.59354426995497,3.294219695065138,63.46591145706014,2021-07-16,60.11478493791397,2021-06-30,40.388566384157215
1042,INDRAMEDCO,Indraprastha Medical Corporation Limited,2021-07-22,2021-07-23,77.80923461914062,77.29763962175554,39.813810955894226,46.30419219615121,6.490381240256987,62.07755847583456,2021-07-16,73.4852082901439,2021-06-30,78.95923171495653
1655,PANACEABIO,Panacea Biotec Limited,2021-07-22,2021-07-23,358.25,362.8999938964844,33.7746078252722,43.49856322366917,9.723955398396974,60.79863161334123,2021-07-16,69.03997862506881,2021-06-30,369.2529580465852
2063,SIEMENS,Siemens Limited,2021-07-22,2021-07-23,1132.568603515625,1135.9785106233455,35.21420981836714,43.38964235018832,8.17543253182118,64.2431510591343,2021-07-16,68.8751024996225,2021-06-30,1149.1479433642432
2310,TITAN,Titan Company Limited,2021-07-22,2021-07-23,1674.2132568359375,1686.9044108642477,39.30305701007493,50.40205140104845,11.098994390973523,62.66154543278593,2021-07-16,66.48517037396441,2021-06-30,1677.8880974797255
1025,INDIGO,InterGlobe Aviation Limited,2021-07-23,2021-07-26,1724.186279296875,1724.086524302043,38.923156435455205,45.215022468830874,6.291866033375669,61.007262837228176,2021-07-16,63.986798247433164,2021-06-30,1755.250937456335
1461,MOIL,MOIL Limited,2021-07-23,2021-07-26,159.76954650878906,160.162374627784,38.23618470972516,42.880165800716966,4.643981090991808,63.66178273178424,2021-07-16,61.880706545597725,2021-06-30,163.9901669608648
913,HCL-INSYS,HCL Infosystems Limited,2021-07-27,2021-07-28,15.550000190734863,16.200000762939453,38.943171120900274,45.68955617322079,6.746385052320512,62.20954978880112,2021-07-23,67.84023438125652,2021-06-30,16.19392179754065
2177,SUNDARMFIN,Sundaram Finance Limited,2021-07-27,2021-07-28,2529.24755859375,2535.358385672586,29.12483371689504,52.918800835873164,23.793967118978124,60.20439688446603,2021-07-23,71.43294183791285,2021-06-30,2507.086683494152
2341,TRIVENI,Triveni Engineering & Industries Limited,2021-07-27,2021-07-28,170.08169555664062,171.8196308514503,37.79267130541046,45.801812525661965,8.009141220251507,69.18790675692532,2021-07-23,85.40894258181773,2021-06-30,176.60933154706092
1931,SALASAR,Salasar Techno Engineering Limited,2021-07-28,2021-07-29,6.397614479064941,6.538417547283681,38.37656919848943,40.69911779734769,2.322548598858262,74.351612556204,2021-07-23,86.87348826674514,2021-06-30,6.651972463947588
583,DHAMPURSUG,Dhampur Sugar Mills Limited,2021-07-29,2021-07-30,336.3076171875,338.7818693748097,39.723730233206176,50.23777162801937,10.51404139481319,70.19817392088625,2021-07-23,77.15201448860478,2021-06-30,337.36562779226097
931,HEXATRADEX,Hexa Tradex Limited,2021-07-29,2021-07-30,121.44999694824219,127.5,36.95711505734104,42.17064696299856,5.2135319056575185,65.01303429716145,2021-07-23,81.51034877409796,2021-06-30,132.57007222464665
1389,MARKSANS,Marksans Pharma Limited,2021-07-29,2021-07-30,80.58805847167969,80.78365411409904,39.54839254019637,42.90350786683313,3.3551153266367635,70.37014252389159,2021-07-23,78.80278861744098,2021-06-30,83.5227732836423
1520,NAVINFLUOR,Navin Fluorine International Limited,2021-07-29,2021-07-30,3520.53759765625,3515.907295854446,38.65807444428594,42.67670148543103,4.018627041145095,76.48011926253398,2021-07-23,80.62629295002128,2021-06-30,3666.548853134843
1730,POLYCAB,Polycab India Limited,2021-07-29,2021-07-30,1765.8392333984375,1766.082415681515,35.98269580734538,40.120820494372076,4.138124687026696,78.5553608992503,2021-07-23,82.95440506727897,2021-06-30,1835.2215597535949
1763,PRINCEPIPE,Prince Pipes And Fittings Limited,2021-07-29,2021-07-30,676.4931640625,682.2278513913609,38.52623536874027,44.20779980687274,5.681564438132476,70.87555912428182,2021-07-23,91.87559411612753,2021-06-30,689.4317069618911
96,AIRAN,Airan Limited,2021-07-30,2021-08-02,25.299999237060547,26.0,39.06813364188837,45.308241473748275,6.240107831859902,62.94226794611678,2021-07-23,66.39246610540792,2021-06-30,26.391374747180834
471,CINEVISTA,Cinevista Limited,2021-07-30,2021-08-02,14.850000381469727,15.550000190734863,39.05025104746896,45.38890762614419,6.338656578675227,63.977625755213815,2021-07-23,69.80017284932829,2021-06-30,15.606968604664823
805,GLENMARK,Glenmark Pharmaceuticals Limited,2021-07-30,2021-08-02,596.6278686523438,603.9451907386593,34.352751786117835,40.55213497588852,6.1993831897706855,64.96852710037311,2021-07-23,63.21820774855116,2021-06-30,624.6112007236411
1138,JPPOWER,Jaiprakash Power Ventures Limited,2021-07-30,2021-08-02,4.900000095367432,4.949999809265137,36.38216337440223,40.617701642107335,4.2355382677051026,62.11600646496908,2021-07-23,65.66065625990207,2021-06-30,5.449411949562267
1288,LAURUSLABS,Laurus Labs Limited,2021-07-30,2021-08-02,631.8438110351562,639.2308606059611,35.26842929051011,50.19284599574393,14.924416705233817,75.41533993185756,2021-07-23,95.18465061223934,2021-06-30,635.4649374266696
1776,PTC,PTC India Limited,2021-07-30,2021-08-02,65.89417266845703,67.66007394667258,37.155309814474315,52.48800471606548,15.332694901591168,66.49281394019884,2021-07-23,75.45665938832487,2021-06-30,65.4639495607876
1897,RTNPOWER,RattanIndia Power Limited,2021-07-30,2021-08-02,6.5,6.75,39.31899730995028,43.86431870211497,4.545321392164695,69.92414262113583,2021-07-23,70.37149718432009,2021-06-30,7.078754976293269
2104,SOLARA,Solara Active Pharma Sciences Limited,2021-07-30,2021-08-02,1642.1429443359375,1642.14288541687,39.978667321854765,42.90668392718163,2.9280166053268672,63.64944406773413,2021-07-23,75.92893717496939,2021-06-30,1676.3653561918145
2202,SURANAT&P,Surana Telecom and Power Limited,2021-07-30,2021-08-02,6.550000190734863,6.849999904632568,39.757050432795346,45.91215239003328,6.155101957237932,61.8995184375546,2021-07-23,64.27935012400131,2021-06-30,6.816578063207039
2320,TORNTPOWER,Torrent Power Limited,2021-07-30,2021-08-02,408.59039306640625,413.66187392156155,38.64053693115599,42.106844957514284,3.4663080263582913,69.13799973510429,2021-07-23,72.2095003605107,2021-06-30,416.8655040345864
605,DIXON,Dixon Technologies (India) Limited,2021-08-02,2021-08-03,4339.1435546875,4360.347217668394,38.912791735861106,42.52171254785104,3.6089208119899325,60.39125934430973,2021-07-30,81.32286477718816,2021-07-30,4452.3897070352505
1363,MANAKALUCO,Manaksia Aluminium Company Limited,2021-08-02,2021-08-03,17.18544578552246,17.58279885523733,39.72868496093681,40.5105084277403,0.7818234668034876,61.24905660696783,2021-07-30,62.895337369842395,2021-07-30,17.830184501182764
1529,NDGL,Naga Dhunseri Group Limited,2021-08-02,2021-08-03,1458.1434326171875,1463.849942125747,38.59490546629327,42.817588238422324,4.222682772129055,62.772568076923214,2021-07-30,65.90855519406321,2021-07-30,1547.104281552011
585,DHANUKA,Dhanuka Agritech Limited,2021-08-04,2021-08-05,916.0573120117188,917.6494725853619,39.143150363541324,40.60404177878915,1.4608914152478292,64.36203256465231,2021-07-30,63.19048061814058,2021-07-30,941.7547709506382
1363,MANAKALUCO,Manaksia Aluminium Company Limited,2021-08-04,2021-08-05,17.18544578552246,17.483460827229784,37.8655984810998,41.94737955443556,4.081781073335755,61.24905660696783,2021-07-30,62.895337369842395,2021-07-30,17.697763366945296
27,ABB,ABB India Limited,2021-08-05,2021-08-06,1610.5062255859375,1610.5063064672493,37.235988623573796,43.42541595703288,6.189427333459086,64.05858244012742,2021-07-30,61.150237785990115,2021-07-30,1645.4220656645118
605,DIXON,Dixon Technologies (India) Limited,2021-08-05,2021-08-06,4302.72314453125,4303.720686248231,36.39403413294777,42.72779792856615,6.333763795618374,60.39125934430973,2021-07-30,81.32286477718816,2021-07-30,4405.858365056889
662,ELGIEQUIP,Elgi Equipments Limited,2021-08-05,2021-08-06,205.7782440185547,206.26936005383,39.84498549974172,47.641852901089955,7.796867401348237,63.45416599278322,2021-07-30,71.53561538549768,2021-07-30,208.4446917075908
736,FINPIPE,Finolex Industries Limited,2021-08-05,2021-08-06,160.17442321777344,159.16094424117895,36.34454179266552,46.924813974092935,10.580272181427418,68.31854420905739,2021-07-30,71.56347255360451,2021-07-30,161.80853001857412
2163,SUBEXLTD,Subex Limited,2021-08-05,2021-08-06,58.5,58.599998474121094,39.7114457719817,40.75387173257596,1.042425960594258,63.6509072172149,2021-07-30,88.96610442472883,2021-07-30,62.48877419570594
276,BAJAJHIND,Bajaj Hindusthan Sugar Limited,2021-08-06,2021-08-09,16.850000381469727,17.0,38.08192928814135,42.764529949436366,4.682600661295012,66.00607202649084,2021-07-30,70.92563738408862,2021-07-30,18.314825368486723
561,DCW,DCW Limited,2021-08-06,2021-08-09,36.75244140625,37.046455838137746,39.45162187378673,43.2217502295893,3.7701283558025693,62.544009524095216,2021-07-30,73.90754631877576,2021-07-30,38.41416419920575
873,GTL,GTL Limited,2021-08-06,2021-08-09,19.0,19.450000762939453,36.84945205663089,41.04066252711116,4.1912104704802715,66.74457104708037,2021-07-30,72.95352100691493,2021-07-30,21.38986967922206
1063,INVENTURE,Inventure Growth & Securities Limited,2021-08-06,2021-08-09,3.4000000953674316,3.4000000953674316,36.75367678218151,43.40213155499089,6.64845477280938,60.96403682562518,2021-07-30,66.7869582291853,2021-07-30,3.554170169283689
1188,KCPSUGIND,KCP Sugar and Industries Corporation Limited,2021-08-06,2021-08-09,23.695390701293945,23.891222468891357,35.13839064579099,41.50211154967182,6.363720903880825,61.71265385770615,2021-07-30,72.66619364441733,2021-07-30,25.43843609832869
1223,KMSUGAR,K.M.Sugar Mills Limited,2021-08-06,2021-08-09,27.705913543701172,28.599652245172713,35.48870548191253,40.91473781520709,5.4260323332945575,64.90536300644489,2021-07-30,74.9109733341077,2021-07-30,30.291706256496298
1232,KOTARISUG,Kothari Sugars And Chemicals Limited,2021-08-06,2021-08-09,35.716033935546875,36.29677963587002,33.695430059822485,43.35798726536273,9.662557205540246,61.190054650421835,2021-07-30,74.28926982276421,2021-07-30,36.95069600577403
1731,POLYMED,Poly Medicure Limited,2021-08-06,2021-08-09,954.5278930664062,954.5278506657959,39.365890515444626,45.80663710571107,6.440746590266443,60.52167441924219,2021-07-30,87.70362747871793,2021-07-30,967.4150008787589
1820,RANASUG,Rana Sugars Limited,2021-08-06,2021-08-09,27.0,27.799999237060547,39.81275830942269,42.435277849615886,2.6225195401931956,74.9807775750684,2021-07-30,87.51749932329324,2021-07-30,29.77630805503793
1863,RITES,RITES Limited,2021-08-06,2021-08-09,107.71100616455078,108.41367917902329,39.89296396127388,43.06759806573256,3.1746341044586828,61.35591000045298,2021-07-30,67.92745807508163,2021-07-30,110.78512820537819
1865,RKEC,RKEC Projects Limited,2021-08-06,2021-08-09,91.99546813964844,93.867897822749,38.08150364157353,45.21429479698994,7.132791155416406,63.556252055391546,2021-07-30,68.41677767479445,2021-07-30,95.076882419272
1928,SAKHTISUG,Sakthi Sugars Limited,2021-08-06,2021-08-09,17.100000381469727,17.700000762939453,37.087083065345176,42.51809823383841,5.431015168493232,65.86091481392549,2021-07-30,67.34774568660457,2021-07-30,18.518061305715342
2367,UGARSUGAR,The Ugar Sugar Works Limited,2021-08-06,2021-08-09,29.618711471557617,30.05932301795009,36.95859196496481,40.50396835245346,3.545376387488652,65.15604100732399,2021-07-30,71.03235231447228,2021-07-30,32.36552848344448
354,BIRLACABLE,Birla Cable Limited,2021-08-09,2021-08-10,99.0997314453125,102.59962482334687,36.99499351199321,47.1738315020419,10.178837990048692,63.072498725984836,2021-08-06,65.12931122602288,2021-07-30,101.17894746012323
1547,NEWGEN,Newgen Software Technologies Limited,2021-08-09,2021-08-10,282.5322265625,288.0805559597525,38.50114075930871,46.47175905218903,7.970618292880317,65.07487674488308,2021-08-06,79.22399525758561,2021-07-30,291.0821923280621
2346,TTKPRESTIG,TTK Prestige Limited,2021-08-09,2021-08-10,851.1138916015625,844.3140563692622,39.88730011901602,48.46420520473949,8.576905085723475,60.232547254509015,2021-08-06,66.66336925444182,2021-07-30,854.4174040932179
246,AVADHSUGAR,Avadh Sugar & Energy Limited,2021-08-11,2021-08-12,397.4738464355469,401.5348339719248,38.77816195687571,43.68120041490474,4.90303845802903,68.52836137409466,2021-08-06,74.28753740809532,2021-07-30,421.2011813999923
320,BEL,Bharat Electronics Limited,2021-08-11,2021-08-12,53.680511474609375,53.57143665737546,39.19579182796164,43.783929278122486,4.588137450160843,64.67995024721235,2021-08-06,70.53693478145912,2021-07-30,55.35807747788819
327,BERGEPAINT,Berger Paints (I) Limited,2021-08-11,2021-08-12,659.840087890625,659.9207227260955,37.06351800913284,42.22407757633704,5.160559567204196,61.217703532279764,2021-08-06,73.59530293015916,2021-07-30,671.2966495765264
338,BHARATFORG,Bharat Forge Limited,2021-08-11,2021-08-12,754.9242553710938,759.0716862520062,39.81424952588909,51.523957924640165,11.709708398751076,68.49293538090176,2021-08-06,73.50805295556242,2021-07-30,753.3049587471096
608,DLINKINDIA,D-Link (India) Limited,2021-08-11,2021-08-12,113.97706604003906,114.76826441187013,36.34499835648845,40.4033377541087,4.058339397620244,64.26783609336555,2021-08-06,62.416662239011664,2021-07-30,123.31792798510726
632,DWARKESH,Dwarikesh Sugar Industries Limited,2021-08-11,2021-08-12,65.05916595458984,65.2960884726789,32.8536974888881,43.58528753167575,10.731590042787651,71.50576746188042,2021-08-06,78.26232263072863,2021-07-30,69.05629330622573
749,FORTIS,Fortis Healthcare Limited,2021-08-11,2021-08-12,234.1250762939453,235.1177665904454,39.68460406928761,43.4725143181953,3.787910248907693,67.29194351581339,2021-08-06,79.93136309948085,2021-07-30,240.8562359103977
787,GEOJITFSL,Geojit Financial Services Limited,2021-08-11,2021-08-12,70.68926239013672,74.59693145751953,39.58489397586109,41.14056183112029,1.5556678552591947,69.9986699549304,2021-08-06,76.07017274204311,2021-07-30,75.94056655883642
798,GIPCL,Gujarat Industries Power Company Limited,2021-08-11,2021-08-12,77.15018463134766,77.81070633585935,39.70122644670337,41.72279750111828,2.021571054414906,64.58628128476624,2021-08-06,61.00904883175797,2021-07-30,81.56357413102592
843,GPIL,Godawari Power And Ispat limited,2021-08-11,2021-08-12,69.0138427734375,69.17761720149088,39.191439302155665,44.10412083262215,4.912681530466486,71.44151895586197,2021-08-06,91.75250640131271,2021-07-30,73.39233771043028
953,HISARMETAL,Hisar Metal Industries Limited,2021-08-11,2021-08-12,122.76739501953125,127.05222343876716,37.96693167414912,40.378496661773816,2.4115649876246934,60.77142445382465,2021-08-06,78.068308418773,2021-07-30,134.50190684864674
997,IGARASHI,Igarashi Motors India Limited,2021-08-11,2021-08-12,478.2607421875,484.14687900318677,33.86335148098003,40.50522573200892,6.641874251028888,63.796283330763366,2021-08-06,63.81678631662497,2021-07-30,507.40541565171884
1015,INDBANK,Indbank Merchant Banking Services Limited,2021-08-11,2021-08-12,25.5,25.950000762939453,39.14760525639419,40.301286223972326,1.1536809675781328,72.96505364647301,2021-08-06,68.88558176843192,2021-07-30,28.90487812237995
1230,KOPRAN,Kopran Limited,2021-08-11,2021-08-12,205.4042510986328,204.7063983573077,39.617035023952695,44.673069408949694,5.056034384996998,66.50219326017381,2021-08-06,80.90957916812053,2021-07-30,214.05230909209223
1430,MFSL,Max Financial Services Limited,2021-08-11,2021-08-12,1061.949951171875,1057.800048828125,39.411324771800636,47.78345474220237,8.372129970401737,67.4721271566776,2021-08-06,80.16039184425819,2021-07-30,1077.3294088472226
1516,NATIONALUM,National Aluminium Company Limited,2021-08-11,2021-08-12,64.31582641601562,64.55012269805762,39.80181168375742,45.72502784573414,5.923216161976718,74.87769822865802,2021-08-06,78.53281308410797,2021-07-30,67.64460266572408
1577,NMDC,NMDC Limited,2021-08-11,2021-08-12,32.666748046875,32.847385572067715,39.04955055310792,44.305808370998584,5.256257817890663,61.34930732805537,2021-08-06,72.49642008806165,2021-07-30,33.44516534384967
1598,OAL,Oriental Aromatics Limited,2021-08-11,2021-08-12,847.040283203125,860.5948863862882,38.68429301425405,43.72937075952074,5.045077745266688,64.1781863002824,2021-08-06,72.88470158235276,2021-07-30,879.8997943385295
1631,ORIENTBELL,Orient Bell Limited,2021-08-11,2021-08-12,329.948486328125,333.31734998555015,38.471881413505095,48.39075431142551,9.918872897920416,70.54156505699649,2021-08-06,70.6376313997289,2021-07-30,337.95643492565813
1753,PRECWIRE,Precision Wires India Limited,2021-08-11,2021-08-12,27.137388229370117,27.326806260611217,37.81626559866895,42.7298434823268,4.913577883657851,61.826300861611905,2021-08-06,69.41290980721263,2021-07-30,28.06322254848843
1946,SANGHVIMOV,Sanghvi Movers Limited,2021-08-11,2021-08-12,94.1965103149414,94.19651330598518,39.20203171355539,47.277960415877224,8.075928702321832,64.08559494189454,2021-08-06,75.91824247340185,2021-07-30,96.33138618594172
2258,TCIEXP,TCI Express Limited,2021-08-11,2021-08-12,1332.92041015625,1332.8723772456053,35.86191659398115,40.21945728498328,4.357540691002129,63.812088609131415,2021-08-06,77.85840805749581,2021-07-30,1425.722478246948
2260,TCPLPACK,TCPL Packaging Limited,2021-08-11,2021-08-12,483.8309326171875,481.3816488989782,39.43727696826249,41.013295878096805,1.5760189098343176,66.69600534893581,2021-08-06,66.35336524075353,2021-07-30,507.8218366174927
2332,TREEHOUSE,Tree House Education & Accessories Limited,2021-08-11,2021-08-12,10.350000381469727,10.75,39.830634378275676,45.161822057548946,5.33118767927327,62.92571424809501,2021-08-06,65.29534096108533,2021-07-30,10.827867101664944
2341,TRIVENI,Triveni Engineering & Industries Limited,2021-08-11,2021-08-12,162.42543029785156,163.92849436372427,36.355125025083346,43.107416067578534,6.752291042495187,66.49699115191756,2021-08-06,82.3545592534328,2021-07-30,170.7622161138575
2345,TTKHLTCARE,TTK Healthcare Limited,2021-08-11,2021-08-12,674.9248657226562,682.3867359738186,39.682547601503856,43.4318851023908,3.749337500886945,61.41978492346285,2021-08-06,70.6922001315508,2021-07-30,702.1593887313941
1,20MICRONS,20 Microns Limited,2021-08-12,2021-08-13,59.75736999511719,61.076621217638596,37.741637879384456,44.72757486416992,6.985936984785461,70.7472558117588,2021-08-06,70.01426109000089,2021-07-30,62.06229358587031
22,AARVI,Aarvi Encon Limited,2021-08-12,2021-08-13,61.22508239746094,60.537666551069066,32.29451551033888,44.903035465922535,12.608519955583652,64.41210163537421,2021-08-06,66.878450565129,2021-07-30,62.85184599859609
42,ACE,Action Construction Equipment Limited,2021-08-12,2021-08-13,227.1936492919922,228.8776392071636,37.38102675909383,47.161055830560706,9.780029071466878,68.35739382247851,2021-08-06,79.83013697397152,2021-07-30,233.68429762793411
60,ADSL,Allied Digital Services Limited,2021-08-12,2021-08-13,58.604164123535156,59.885390035389385,34.5221453471957,42.73708319825379,8.214937851058089,61.767805408951894,2021-08-06,84.29716877893213,2021-07-30,61.679056220553434
117,ALKALI,Alkali Metals Limited,2021-08-12,2021-08-13,72.58314514160156,73.56147141732895,38.93097433142897,46.95479831974728,8.023823988318313,66.70609533110262,2021-08-06,73.88084804199062,2021-07-30,75.34122435012466
188,ARMANFIN,Arman Financial Services Limited,2021-08-12,2021-08-13,677.0,684.2999877929688,37.3268476019619,45.796584723742114,8.469737121780213,65.90582445343631,2021-08-06,60.355890500583705,2021-07-30,700.0705010195245
244,AUTOAXLES,Automotive Axles Limited,2021-08-12,2021-08-13,1223.5806884765625,1229.4016957505842,39.37821448864379,43.307439894065226,3.929225405421434,68.77060941581883,2021-08-06,66.21099434880378,2021-07-30,1291.4022583977246
250,AVANTIFEED,Avanti Feeds Limited,2021-08-12,2021-08-13,556.2486572265625,556.0607916991775,36.17204829042694,42.14440569956564,5.972357409138695,65.16004869304821,2021-08-06,60.60385110244565,2021-07-30,576.0583726902814
255,AVTNPL,AVT Natural Products Limited,2021-08-12,2021-08-13,72.28850555419922,72.52428925532664,36.64465500548906,55.29061617973287,18.645961174243816,63.14385695483877,2021-08-06,76.49029365591062,2021-07-30,69.70353690447511
330,BFINVEST,BF Investment Limited,2021-08-12,2021-08-13,355.3661193847656,357.07812959940316,33.540173204748726,41.81188117695527,8.271707972206542,60.83618544903487,2021-08-06,66.64268195347114,2021-07-30,372.85427372457076
331,BFUTILITIE,BF Utilities Limited,2021-08-12,2021-08-13,450.25,453.3999938964844,35.15041337558257,42.52891717241304,7.378503796830465,66.45337945007226,2021-08-06,68.05700638143358,2021-07-30,472.2509683160171
340,BHARATRAS,Bharat Rasayan Limited,2021-08-12,2021-08-13,3308.299560546875,3307.7999360101276,39.80792789071528,49.314227407927454,9.506299517212177,65.69154251483874,2021-08-06,73.24294799838538,2021-07-30,3318.6268096332838
444,CENTRUM,Centrum Capital Limited,2021-08-12,2021-08-13,43.900001525878906,43.5,33.444766059073515,40.487810913321184,7.043044854247668,64.62547548055012,2021-08-06,66.96133604057704,2021-07-30,47.047441143784205
499,CONSOFINVT,Consolidated Finvest & Holdings Limited,2021-08-12,2021-08-13,113.30333709716797,114.14852016575952,39.94151039918028,44.275564869443706,4.334054470263425,84.45143997838126,2021-08-06,82.8513432717375,2021-07-30,119.05320342349374
501,CORALFINAC,Coral India Finance & Housing Limited,2021-08-12,2021-08-13,41.408935546875,43.94320062028784,34.65436678442953,40.277877461073814,5.623510676644287,72.00191486751217,2021-08-06,76.88040725215086,2021-07-30,45.38177119987004
539,DALMIASUG,Dalmia Bharat Sugar and Industries Limited,2021-08-12,2021-08-13,398.7787170410156,400.4902025152176,39.2556168353973,45.74706992469635,6.49145308929905,74.98314881406917,2021-08-06,90.08092904126231,2021-07-30,412.6177163748147
628,DSSL,Dynacons Systems & Solutions Limited,2021-08-12,2021-08-13,135.73855590820312,135.88743601570863,28.807549631213107,43.97197910190104,15.164429470687935,66.64093062433126,2021-08-06,79.34888701869818,2021-07-30,141.4731557996944
629,DTIL,Dhunseri Tea & Industries Limited,2021-08-12,2021-08-13,316.10107421875,337.9846609364026,37.96904600440645,50.08791847671548,12.118872472309029,76.24002691084677,2021-08-06,71.01862482172379,2021-07-30,318.6944117232349
709,EXCELINDUS,Excel Industries Limited,2021-08-12,2021-08-13,1056.12060546875,1062.7686810144266,35.88995561920794,42.2415180245145,6.351562405306559,64.30166422951362,2021-08-06,67.27473217706404,2021-07-30,1100.8500011916353
716,FACT,Fertilizers and Chemicals Travancore Limited,2021-08-12,2021-08-13,130.7186279296875,130.56913263399198,35.89215657931767,46.66316597630999,10.77100939699232,61.68433779118626,2021-08-06,78.80118100493536,2021-07-30,132.99672390375443
729,FIEMIND,Fiem Industries Limited,2021-08-12,2021-08-13,346.3233337402344,349.45238651630046,35.25800883727082,46.91423831331693,11.656229476046107,68.46043441852686,2021-08-06,66.77684276985693,2021-07-30,354.57560883140235
730,FILATEX,Filatex India Limited,2021-08-12,2021-08-13,49.13326644897461,49.60003009958638,37.365163624129835,48.08049629949733,10.715332675367492,63.79293359975769,2021-08-06,75.11629313347701,2021-07-30,49.69278352754632
732,FINCABLES,Finolex Cables Limited,2021-08-12,2021-08-13,477.0426330566406,473.1688846186354,36.77191405696037,43.80446602685855,7.032551969898179,64.98973644782001,2021-08-06,63.97759848113576,2021-07-30,487.95239559064663
754,FSL,Firstsource Solutions Limited,2021-08-12,2021-08-13,181.78656005859375,182.5961070740533,38.33758227467593,53.277094478532945,14.939512203857014,68.81140723635373,2021-08-06,86.55240022231641,2021-07-30,178.41775444149275
757,GAEL,Gujarat Ambuja Exports Limited,2021-08-12,2021-08-13,91.3577880859375,91.43179243898163,38.88713158122511,50.80302509010727,11.915893508882156,67.7365886118929,2021-08-06,76.39312441034998,2021-07-30,91.40751385228128
761,GALLANTT,Gallantt Ispat Limited,2021-08-12,2021-08-13,72.68479919433594,73.2324261911647,37.6461732182748,42.864793892334895,5.218620674060098,79.30513904345116,2021-08-06,79.04081823023355,2021-07-30,77.79583803638542
769,GANGESSECU,Ganges Securities Limited,2021-08-12,2021-08-13,83.69999694824219,83.69999694824219,35.025771896173126,45.438724165723954,10.412952269550829,65.27068763230494,2021-08-06,71.15826661876923,2021-07-30,87.67300089896578
770,GARFIBRES,Garware Technical Fibres Limited,2021-08-12,2021-08-13,646.7431030273438,654.6064872189779,38.742916907113134,43.033026982232,4.290110075118868,76.48752843022316,2021-08-06,81.18250120035272,2021-07-30,667.7364654629173
821,GNFC,Gujarat Narmada Valley Fertilizers and Chemicals Limited,2021-08-12,2021-08-13,310.1216125488281,317.717294363751,33.80388308467802,43.23645947930036,9.432576394622338,60.568682933696955,2021-08-06,64.45368348271573,2021-07-30,317.9544933411889
834,GOKUL,Gokul Refoils and Solvent Limited,2021-08-12,2021-08-13,31.399999618530273,31.700000762939453,37.683713373038096,52.37139969437049,14.687686321332393,67.42169805950965,2021-08-06,65.92015933089704,2021-07-30,30.932918801692978
840,GOODYEAR,Goodyear India Limited,2021-08-12,2021-08-13,949.6092529296875,961.0293946250837,37.3943732428594,46.9317252316604,9.537351988801,71.49542254804372,2021-08-06,91.77025545315595,2021-07-30,972.8023475801255
899,HARRMALAYA,Harrisons  Malayalam Limited,2021-08-12,2021-08-13,213.35000610351562,205.0,32.64307477679104,48.281428788568,15.638354011776961,72.84315539832635,2021-08-06,89.08968125329747,2021-07-30,216.77956297359043
2640,HERCULES,HERCULES,2021-08-12,2021-08-13,144.68310546875,145.6331218830611,39.442600838643315,45.84700744272832,6.404406604085004,66.60270801600271,2021-08-06,66.77660611176445,2021-07-30,149.70843503809337
955,HITECHCORP,Hitech Corporation Limited,2021-08-12,2021-08-13,215.48788452148438,219.66401021720716,38.36940128870292,44.36919919747758,5.99979790877466,65.60716390406563,2021-08-06,74.7055171740832,2021-07-30,225.13965690827976
970,HPL,HPL Electric & Power Limited,2021-08-12,2021-08-13,73.91290283203125,70.25923919677734,38.74077983682294,45.758285787013676,7.017505950190738,71.64197669641678,2021-08-06,62.962909768434635,2021-07-30,77.10485022557283
1001,IGPL,IG Petrochemicals Limited,2021-08-12,2021-08-13,582.0780639648438,579.6322210273279,37.77752658376496,41.76024050950859,3.9827139257436315,78.77000175267187,2021-08-06,74.20643077446961,2021-07-30,615.0912359067144
1022,INDIANCARD,Indian Card Clothing Company Limited,2021-08-12,2021-08-13,160.87908935546875,168.1077291676759,38.53804247289886,45.77362667691014,7.235584204011282,69.29644379518508,2021-08-06,72.77053738189974,2021-07-30,166.3751614129123
1047,INFOBEAN,InfoBeans Technologies Limited,2021-08-12,2021-08-13,97.8295669555664,102.38121832863779,33.12604553475994,40.85350792175883,7.727462386998894,70.53003946253213,2021-08-06,87.76889890537242,2021-07-30,105.9161435824305
1072,IRB,IRB Infrastructure Developers Limited,2021-08-12,2021-08-13,7.992412567138672,7.9656828056907525,39.342705674811235,50.67258362376292,11.329877948951683,65.5968304779095,2021-08-06,62.52299648595036,2021-07-30,8.000760884894184
1099,JAICORPLTD,Jai Corp Limited,2021-08-12,2021-08-13,131.8213653564453,132.52830775604008,28.20272601999467,43.64834397903005,15.445617959035381,67.77770671650315,2021-08-06,60.43088348973241,2021-07-30,138.8687198515652
1178,KANPRPLA,Kanpur Plastipack Limited,2021-08-12,2021-08-13,162.57388305664062,166.4784746505498,36.570272827209216,47.87021247483974,11.299939647630524,65.40092080921926,2021-08-06,98.69162419744254,2021-07-30,167.0339487852241
1197,KESORAMIND,Kesoram Industries Limited,2021-08-12,2021-08-13,76.52205657958984,77.07811737060547,38.966666042661004,45.42875859573922,6.4620925530782145,65.24510163304333,2021-08-06,64.17701347354709,2021-07-30,79.03762850651076
1213,KIRLOSENG,Kirloskar Oil Engines Limited,2021-08-12,2021-08-13,221.86769104003906,221.86768126527795,33.484315970097285,46.72399933460388,13.239683364506597,60.777887913248826,2021-08-06,65.62611552642576,2021-07-30,226.0491182977011
1308,LIKHITHA,Likhitha Infrastructure Limited,2021-08-12,2021-08-13,190.6429443359375,191.94080528734742,36.034210212268235,41.32385772424252,5.289647511974287,60.4013791326389,2021-08-06,95.15025522021885,2021-07-30,197.5450656776294
1310,LINCOLN,Lincoln Pharmaceuticals Limited,2021-08-12,2021-08-13,328.9192810058594,330.6884739706474,39.3362691140916,44.5769942966283,5.2407251825367,65.00775947706697,2021-08-06,71.21995207538393,2021-07-30,341.39321761546444
1341,MADHAV,Madhav Marbles and Granites Limited,2021-08-12,2021-08-13,60.38412094116211,60.63058354294235,36.94811602053083,48.66936317626108,11.721247155730246,61.21644297448952,2021-08-06,66.95489893472647,2021-07-30,61.458664753076086
1365,MANAKSIA,Manaksia Limited,2021-08-12,2021-08-13,64.72042846679688,65.66689239288532,39.4402279255188,56.750640277919224,17.310412352400427,66.10071375584515,2021-08-06,67.63071547316703,2021-07-30,62.164175989504564
1372,MANGALAM,Mangalam Drugs And Organics Limited,2021-08-12,2021-08-13,159.14999389648438,159.85000610351562,33.50538018378157,46.39431243218615,12.88893224840458,61.77467043743435,2021-08-06,64.23106788926344,2021-07-30,165.5189300335108
1389,MARKSANS,Marksans Pharma Limited,2021-08-12,2021-08-13,76.48042297363281,77.21392615143613,27.190011723645412,42.479310061130896,15.289298337485484,64.26466318086827,2021-08-06,73.92373830519597,2021-07-30,80.17974182733003
1403,MAZDOCK,Mazagon Dock Shipbuilders Limited,2021-08-12,2021-08-13,116.66571044921875,117.29157032437892,38.62877067017957,50.83930481558115,12.210534145401581,60.1118531643081,2021-08-06,92.13517414090394,2021-07-30,116.25316042684673
1529,NDGL,Naga Dhunseri Group Limited,2021-08-12,2021-08-13,1403.807373046875,1356.6665195389448,34.11289310759025,42.331521878554675,8.218628770964422,61.40063524263164,2021-08-06,65.90855519406321,2021-07-30,1469.2325781583068
1566,NIPPOBATRY,Indo-National Limited,2021-08-12,2021-08-13,474.2424011230469,474.1957933625856,37.592395894937646,47.27043713747791,9.678041242540267,65.25918314359592,2021-08-06,79.40100700078723,2021-07-30,489.4674253094683
1622,ONMOBILE,OnMobile Global Limited,2021-08-12,2021-08-13,123.6796875,124.36246078019025,34.14755557380386,41.86389065458311,7.716335080779253,66.43422650229746,2021-08-06,73.0671793405815,2021-07-30,130.8516283704592
1662,PARACABLES,Paramount Communications Limited,2021-08-12,2021-08-13,15.100000381469727,15.449999809265137,36.65508347937178,41.12023307096626,4.465149591594475,62.7351398448237,2021-08-06,75.06571124961518,2021-07-30,16.721147726751017
1734,PONNIERODE,Ponni Sugars (Erode) Limited,2021-08-12,2021-08-13,240.88795471191406,247.81265967212542,36.47371066096584,41.05231905985301,4.5786083988871695,61.679021382324706,2021-08-06,69.96425584473224,2021-07-30,259.09204651462557
1741,PPL,Prakash Pipes Limited,2021-08-12,2021-08-13,160.1063995361328,160.7839989417405,39.10577608184962,41.684947184894256,2.5791711030446365,65.72081847126626,2021-08-06,63.24909315258913,2021-07-30,167.7120970695862
1763,PRINCEPIPE,Prince Pipes And Fittings Limited,2021-08-12,2021-08-13,652.0220947265625,658.794884736872,32.877638053507994,42.30209925416933,9.424461200661334,64.29785476465491,2021-08-06,86.94079023921992,2021-07-30,671.8324336454756
1776,PTC,PTC India Limited,2021-08-12,2021-08-13,65.01123046875,65.20743611851695,38.60414352555998,49.29177600286863,10.687632477308654,66.89753277305755,2021-08-06,72.85121612510693,2021-07-30,65.1514482113723
1778,PTL,PTL Enterprises Limited,2021-08-12,2021-08-13,19.215145111083984,19.703336233008496,32.616142941433694,44.64783141998474,12.031688478551047,67.4691184127251,2021-08-06,64.93181171877578,2021-07-30,19.81268005190601
1779,PUNJABCHEM,Punjab Chemicals & Crop Protection Limited,2021-08-12,2021-08-13,1466.09912109375,1480.8584177669672,32.46832651185815,60.85688267275018,28.38855616089203,70.45711697876135,2021-08-06,80.45854632354059,2021-07-30,1354.5945298768365
1820,RANASUG,Rana Sugars Limited,2021-08-12,2021-08-13,26.5,27.0,39.984904993410815,43.75349733435027,3.768592340939456,64.69246407099833,2021-08-06,87.51749932329324,2021-07-30,28.45666825157866
1859,RIIL,Reliance Industrial Infrastructure Limited,2021-08-12,2021-08-13,652.77880859375,654.8812205442723,28.07992546507414,43.05902649733439,14.979101032260253,68.14143265162667,2021-08-06,66.24157699878624,2021-07-30,681.7706967799371
1865,RKEC,RKEC Projects Limited,2021-08-12,2021-08-13,84.25936889648438,86.13180372347347,29.841458114776657,40.05795977267419,10.216501657897531,62.862543733732124,2021-08-06,68.41677767479445,2021-07-30,91.5531375477189
1931,SALASAR,Salasar Techno Engineering Limited,2021-08-12,2021-08-13,6.270693302154541,6.395631586122875,37.891135987610916,42.767925330192,4.876789342581084,68.06842660045604,2021-08-06,84.69409552404774,2021-07-30,6.537643925225984
1960,SATIA,Satia Industries Limited,2021-08-12,2021-08-13,98.50462341308594,98.25897216796875,39.58452482642587,49.23525618478619,9.650731358360318,61.89851884160841,2021-08-06,62.943676330378274,2021-07-30,99.36140999426468
2043,SHREDIGCEM,Shree Digvijay Cement Co.Ltd,2021-08-12,2021-08-13,73.85842895507812,74.11787376650106,35.08239428205758,44.97443111407824,9.892036832020665,73.43488116404882,2021-08-06,87.1394519068879,2021-07-30,76.9174259026536
2074,SILINV,SIL Investments Limited,2021-08-12,2021-08-13,294.59344482421875,288.44001008639947,38.884885804382506,46.63484058843366,7.749954784051155,84.57125614501766,2021-08-06,67.25414447915132,2021-07-30,304.78082664278753
2093,SKMEGGPROD,SKM Egg Products Export (India) Limited,2021-08-12,2021-08-13,39.4409065246582,39.75260136331464,37.01399637895595,42.62047655838776,5.606480179431806,72.4317681530513,2021-08-06,70.35011187225649,2021-07-30,41.08474764523228
2163,SUBEXLTD,Subex Limited,2021-08-12,2021-08-13,55.599998474121094,55.900001525878906,30.109108836439333,43.30996699211908,13.200858155679747,62.02702330435847,2021-08-06,88.96610442472883,2021-07-30,59.28245069954791
2178,SUNDRMBRAK,Sundaram Brake Linings Limited,2021-08-12,2021-08-13,412.20806884765625,413.4514547471703,31.4009132950099,42.436827921185206,11.035914626175305,66.6052486129415,2021-08-06,63.89588367195253,2021-07-30,431.05202492551996
2189,SUPERHOUSE,Superhouse Limited,2021-08-12,2021-08-13,151.04676818847656,148.50898904492627,33.82354873479933,41.26476647128195,7.441217736482621,64.72091001308402,2021-08-06,66.66562419837865,2021-07-30,156.5917938612237
2220,SWELECTES,Swelect Energy Systems Limited,2021-08-12,2021-08-13,256.0124816894531,258.73913919415253,34.498388346922056,58.90706521601632,24.408676869094265,60.241959454429924,2021-08-06,63.78032645409054,2021-07-30,238.12347748055947
2243,TASTYBITE,Tasty Bite Eatables Limited,2021-08-12,2021-08-13,17726.09375,17621.46834980064,32.94490784966324,49.67923185433401,16.734324004670775,61.165077846083896,2021-08-06,66.09397380857371,2021-07-30,17799.53149847052
2275,TERASOFT,Tera Software Limited,2021-08-12,2021-08-13,60.208763122558594,61.8549059071666,39.09142252810421,44.15411403537784,5.062691507273627,64.10430261327478,2021-08-06,61.07251696223434,2021-07-30,64.53133773904784
2317,TOKYOPLAST,Tokyo Plast International Limited,2021-08-12,2021-08-13,103.19999694824219,104.3499984741211,39.90084381673413,46.049859168586345,6.1490153518522135,75.33103414036202,2021-08-06,67.3166512952107,2021-07-30,107.13514302902517
2378,UNIENTER,Uniphos Enterprises Limited,2021-08-12,2021-08-13,105.75745391845703,107.09724867827809,30.931685951122404,41.24227011448514,10.310584163362734,73.26622143479634,2021-08-06,76.39859870613353,2021-07-30,110.42867650837944
2401,UTTAMSUGAR,Uttam Sugar Mills Limited,2021-08-12,2021-08-13,193.4681396484375,193.95316545146903,37.41178973714749,42.19278328350913,4.780993546361643,62.09780031765491,2021-08-06,68.04129568914162,2021-07-30,206.0006862190633
2413,VARDMNPOLY,Vardhman Polytex Limited,2021-08-12,2021-08-13,2.375,2.3949999809265137,39.93575884139494,41.87646028223184,1.9407014408368966,60.80395437920565,2021-08-06,61.33926900692133,2021-07-30,2.63907585256021
2417,VASWANI,Vaswani Industries Limited,2021-08-12,2021-08-13,13.649999618530273,13.899999618530273,34.30983539788518,49.61011367015156,15.300278272266382,61.962824996297414,2021-08-06,67.05573353516365,2021-07-30,13.65978339014866
2473,VLSFINANCE,VLS Finance Limited,2021-08-12,2021-08-13,203.72451782226562,206.8513465271596,38.29819126367408,49.128609803750464,10.830418540076387,75.54016739508518,2021-08-06,84.96819410885894,2021-07-30,208.75380172563766
2511,WESTLIFE,WESTLIFE FOODWORLD LIMITED,2021-08-12,2021-08-13,519.9166870117188,524.1436835438593,39.13586141198761,48.845738000656226,9.709876588668614,62.57637380307758,2021-08-06,73.55665409453786,2021-07-30,524.6683886126644
224,ASTRAMICRO,Astra Microwave Products Limited,2021-08-13,2021-08-16,162.91864013671875,162.478203164841,39.561187822611615,48.32893151147772,8.767743688866105,66.21099243795697,2021-08-06,63.74425217819253,2021-07-30,164.78992088940623
235,ATUL,Atul Limited,2021-08-13,2021-08-16,8795.982421875,8758.055742019347,38.628959063226766,43.987704435637035,5.358745372410269,72.17574942168554,2021-08-06,84.19939510962845,2021-07-30,8883.884645509695
334,BHAGERIA,Bhageria Industries Limited,2021-08-13,2021-08-16,235.48109436035156,231.01656008090922,39.301950062600795,42.72114084055422,3.4191907779534247,64.16709163483726,2021-08-06,78.73357223146215,2021-07-30,244.82915067846142
797,GINNIFILA,Ginni Filaments Limited,2021-08-13,2021-08-16,32.599998474121094,32.599998474121094,39.98781009413362,40.83939539362666,0.8515852994930384,64.42204892930775,2021-08-06,72.93337123946426,2021-07-30,35.004826144457304
1060,INTENTECH,Intense Technologies Limited,2021-08-13,2021-08-16,78.93829345703125,75.54829451256886,39.67898086148413,42.043216774904025,2.364235913419897,72.75431546175193,2021-08-06,70.98523342999162,2021-07-30,88.11637353583501
1428,METROPOLIS,Metropolis Healthcare Limited,2021-08-13,2021-08-16,658.9307861328125,661.4513179225182,36.54747068478379,40.34092112755983,3.7934504427760416,63.83249279075799,2021-08-06,77.40213723071165,2021-07-30,694.6669587653573
1760,PRICOLLTD,Pricol Limited,2021-08-13,2021-08-16,88.5988998413086,88.59889724485497,39.50171077131708,42.00073255902087,2.4990217877037892,62.8704335013413,2021-08-06,68.58860546325288,2021-07-30,92.43779814355018
1905,RUPA,Rupa & Company Limited,2021-08-13,2021-08-16,444.59466552734375,439.81816495290843,39.755092092736085,42.54026997004824,2.785177877312158,74.76227919790172,2021-08-06,75.44848205974688,2021-07-30,463.35547753963135
2177,SUNDARMFIN,Sundaram Finance Limited,2021-08-13,2021-08-16,2414.845703125,2425.541219094854,36.2554311130383,41.76058458787139,5.505153474833094,62.58245133789237,2021-08-06,69.37466571716271,2021-07-30,2475.9115006501115
2319,TORNTPHARM,Torrent Pharmaceuticals Limited,2021-08-13,2021-08-16,1395.6966552734375,1400.0528139729222,39.83595877407433,46.36058576812997,6.5246269940556445,70.90608854920222,2021-08-06,71.67345841584253,2021-07-30,1415.011342363084
2387,UNIVASTU,Univastu India Limited,2021-08-13,2021-08-16,15.033332824707031,15.033332824707031,38.839607572077135,41.58331571113125,2.743708139054114,60.21526821826048,2021-08-06,65.452853777663,2021-07-30,16.33169125807696
2392,UPL,UPL Limited,2021-08-13,2021-08-16,741.560546875,742.4173034038868,38.88159033972128,40.34409498577347,1.4625046460521887,61.603445463286974,2021-08-06,68.43468520377202,2021-07-30,754.2034572422107
1529,NDGL,Naga Dhunseri Group Limited,2021-08-16,2021-08-17,1409.2657470703125,1409.2656900159127,39.453924953094,44.191723694179274,4.737798741085271,60.07042937453414,2021-08-13,65.90855519406321,2021-07-30,1455.548431676222
1859,RIIL,Reliance Industrial Infrastructure Limited,2021-08-16,2021-08-17,640.946533203125,640.5065386272959,39.58579426704557,41.58254727148924,1.9967530044436685,60.679064006205,2021-08-13,66.24157699878624,2021-07-30,674.0511038809527
2378,UNIENTER,Uniphos Enterprises Limited,2021-08-16,2021-08-17,104.54730987548828,106.31930877294832,37.12030293414407,40.827576529504675,3.707273595360604,62.74854881335447,2021-08-13,76.39859870613353,2021-07-30,109.26864206176195
1931,SALASAR,Salasar Techno Engineering Limited,2021-08-17,2021-08-18,6.167570114135742,6.236980448629832,38.880492069571616,41.38394006868989,2.503447999118272,64.36188597449717,2021-08-13,84.69409552404774,2021-07-30,6.446133564532572
200,ASAHIINDIA,Asahi India Glass Limited,2021-08-18,2021-08-20,337.7557373046875,334.0603485210344,38.4040558393595,41.62677069164239,3.2227148522828912,60.03050189556099,2021-08-13,72.57544497426284,2021-07-30,351.14792891660414
770,GARFIBRES,Garware Technical Fibres Limited,2021-08-18,2021-08-20,643.4895629882812,646.7136405714073,39.56643556295109,43.06517018537005,3.498734622418958,66.42010137305257,2021-08-13,81.18250120035272,2021-07-30,659.6136076675846
1060,INTENTECH,Intense Technologies Limited,2021-08-18,2021-08-20,74.82186889648438,74.57972648327485,36.09667542635261,40.447017687600436,4.350342261247825,60.214877202026976,2021-08-13,70.98523342999162,2021-07-30,84.53260961478978
1102,JAMNAAUTO,Jamna Auto Industries Limited,2021-08-18,2021-08-20,76.18473052978516,74.85298959157804,36.25951706166353,40.51615476301797,4.2566377013544425,63.36404728155132,2021-08-13,74.56285975642626,2021-07-30,78.65174591400555
2681,JBCHEPHARM,JBCHEPHARM,2021-08-18,2021-08-20,815.8714599609375,815.7524801626968,38.946707353198704,42.46231554823518,3.515608195036478,69.92639045882359,2021-08-13,95.79797413007046,2021-07-30,841.0645179174361
1301,LGBBROSLTD,LG Balakrishnan & Bros Limited,2021-08-18,2021-08-20,404.55206298828125,403.0184974583515,39.65482880386557,40.676295020399756,1.0214662165341863,67.82419621459323,2021-08-13,73.16281401240283,2021-07-30,431.6746104121055
1942,SANDESH,The Sandesh Limited,2021-08-18,2021-08-20,818.9942626953125,809.052256238463,38.728101275801926,41.117171128745476,2.3890698529435497,64.86784058782015,2021-08-13,65.89493334478419,2021-07-30,856.2549812920823
2108,SOMANYCERA,Somany Ceramics Limited,2021-08-18,2021-08-20,629.1148681640625,626.2095342514921,39.15322994305355,42.10102490673456,2.9477949636810052,74.51333137409871,2021-08-13,75.34283271420341,2021-07-30,651.3590876530833
829,GODREJAGRO,Godrej Agrovet Limited,2021-08-20,2021-08-23,588.9501953125,591.1601828042562,37.811262930771946,45.5839562981606,7.772693367388655,67.76390038846017,2021-08-13,69.80052080393585,2021-07-30,603.5990177950662
970,HPL,HPL Electric & Power Limited,2021-08-20,2021-08-23,68.4323959350586,70.95045610074362,35.19412221383875,41.70812704371885,6.514004829880093,60.495554836289294,2021-08-13,62.962909768434635,2021-07-30,73.25371421270594
1110,JBMA,JBM Auto Limited,2021-08-20,2021-08-23,92.44621276855469,93.14010337025319,36.579043495144454,46.72173864634744,10.142695151202986,60.154568106815766,2021-08-13,64.93508034462062,2021-07-30,94.47770854043375
287,BALKRISIND,Balkrishna Industries Limited,2021-08-23,2021-08-24,2191.17919921875,2191.322957352102,38.942976552167934,45.14084411457815,6.197867562410217,60.67581847297067,2021-08-20,78.08974135943858,2021-07-30,2230.376487975101
107,AKSHARCHEM,AksharChem India Limited,2021-08-24,2021-08-25,410.6125183105469,409.52977798772434,39.51967775752889,47.190059730105425,7.670381972576536,67.65102192657214,2021-08-20,61.056166093913276,2021-07-30,422.9685214954522
145,ANDHRSUGAR,The Andhra Sugars Limited,2021-08-24,2021-08-25,94.67201232910156,94.28398467218607,36.73415678940414,41.279059872937275,4.544903083533136,64.92073973944443,2021-08-20,62.21773417653101,2021-07-30,100.47329197741516
246,AVADHSUGAR,Avadh Sugar & Energy Limited,2021-08-24,2021-08-25,387.02484130859375,383.283237618522,36.69684031156021,42.984356862998574,6.287516551438365,66.44051330131688,2021-08-20,74.28753740809532,2021-07-30,410.03980598276394
400,BSE,BSE Limited,2021-08-24,2021-08-25,113.27851867675781,113.44257301277294,39.40319644133242,43.65601400169882,4.2528175603664025,70.24208529943114,2021-08-20,74.95952164014702,2021-07-30,119.46900356421877
422,CAPLIPOINT,Caplin Point Laboratories Limited,2021-08-24,2021-08-25,728.7213745117188,730.2406536524779,34.93001872071045,41.882477475132895,6.9524587544224445,64.00809226089393,2021-08-20,76.34742927361796,2021-07-30,789.7988068784825
434,CDSL,Central Depository Services (India) Limited,2021-08-24,2021-08-25,562.9237060546875,561.6504208776532,36.74141909265186,43.55074136327735,6.8093222706254934,67.07206168455855,2021-08-20,91.47454585464192,2021-07-30,588.5988301173747
441,CENTENKA,Century Enka Limited,2021-08-24,2021-08-25,382.2910461425781,386.14345534204676,35.903267875454816,44.48643807038702,8.583170194932201,62.443974636506375,2021-08-20,87.09072762229745,2021-07-30,399.1901143123999
446,CENTURYPLY,Century Plyboards (India) Limited,2021-08-24,2021-08-25,397.8594665527344,397.85947300814024,35.50766339841121,40.62396586562642,5.116302467215206,64.8180046239943,2021-08-20,82.40805458273132,2021-07-30,409.46245050077596
539,DALMIASUG,Dalmia Bharat Sugar and Industries Limited,2021-08-24,2021-08-25,374.7252197265625,378.74957410414044,33.92561848937318,42.68346139128318,8.757842901910003,67.34449870189358,2021-08-20,90.08092904126231,2021-07-30,398.6456518100884
568,DEEPAKFERT,Deepak Fertilizers and Petrochemicals Corporation Limited,2021-08-24,2021-08-25,387.138427734375,392.2799476133366,38.926626813193785,44.66567951092111,5.739052697727324,63.44514614762658,2021-08-20,77.43421421167595,2021-07-30,403.57174212642065
632,DWARKESH,Dwarikesh Sugar Industries Limited,2021-08-24,2021-08-25,66.24378204345703,66.00686468582919,39.92310262530817,48.03631567613388,8.113213050825713,65.29264833783128,2021-08-20,78.26232263072863,2021-07-30,67.24121916453133
754,FSL,Firstsource Solutions Limited,2021-08-24,2021-08-25,165.50582885742188,166.40534572913998,39.567255516566,42.30785537590691,2.740599859340911,63.89143537094976,2021-08-20,86.55240022231641,2021-07-30,176.12728344136391
835,GOKULAGRO,Gokul Agro Resources Limited,2021-08-24,2021-08-25,19.338563919067383,20.0345516204834,35.64722444973695,43.19541142466885,7.548186974931895,63.883870121320804,2021-08-20,77.44873053572874,2021-07-30,20.33296098272326
851,GRASIM,Grasim Industries Limited,2021-08-24,2021-08-25,1422.318359375,1428.503862473668,34.72213551540159,40.234312755967785,5.512177240566196,60.99939290390253,2021-08-20,77.57625416101705,2021-07-30,1460.5861602859793
954,HITECH,Hi-Tech Pipes Limited,2021-08-24,2021-08-25,53.073333740234375,55.71951216438797,36.072012823435784,43.42329971986035,7.351286896424568,60.192630434065634,2021-08-20,82.75854463850564,2021-07-30,56.87381064052207
986,ICIL,Indo Count Industries Limited,2021-08-24,2021-08-25,240.57150268554688,241.52615468855427,39.15904349931911,54.69040443709196,15.531360937772853,66.68697161035962,2021-08-20,83.63340947499935,2021-07-30,234.49799423957427
1010,IMFA,Indian Metals & Ferro Alloys Limited,2021-08-24,2021-08-25,303.62811279296875,304.6579995839252,38.70341369713014,43.627095617459034,4.923681920328896,61.1637393634045,2021-08-20,82.15529024574236,2021-07-30,325.6655506486338
1019,INDIAGLYCO,India Glycols Limited,2021-08-24,2021-08-25,313.5907287597656,313.59071075297885,39.02922112344166,44.286080806775466,5.256859683333808,66.80923569305361,2021-08-20,72.2281636478223,2021-07-30,328.7497673688901
1132,JMA,Jullundur Motor Agency (Delhi) Limited,2021-08-24,2021-08-25,51.378746032714844,52.38703461409804,37.04827214269223,41.38194367534346,4.3336715326512305,61.58018211595218,2021-08-20,83.04954887474304,2021-07-30,54.6615519150652
1140,JSL,Jindal Stainless Limited,2021-08-24,2021-08-25,147.7126007080078,146.09688360683893,39.32512938058299,54.09175603612032,14.76662665553733,63.024494599010055,2021-08-20,78.64211084496728,2021-07-30,143.37390702372542
1185,KAYA,Kaya Limited,2021-08-24,2021-08-25,417.79998779296875,415.1000061035156,36.55217210988535,40.68847625203306,4.136304142147715,60.59662163008241,2021-08-20,61.541849851375545,2021-07-30,448.4630249446227
1187,KCP,KCP Limited,2021-08-24,2021-08-25,136.44407653808594,139.81902769396416,36.469176445869145,41.627387632464504,5.158211186595359,68.02093702171977,2021-08-20,75.65876957567258,2021-07-30,144.65522522661817
1288,LAURUSLABS,Laurus Labs Limited,2021-08-24,2021-08-25,661.6383666992188,665.2828115739034,39.94763278970822,50.70570632233053,10.758073532622305,72.25830266233125,2021-08-20,86.48769495778018,2021-07-30,663.5050455437638
1374,MANINDS,Man Industries (India) Limited,2021-08-24,2021-08-25,110.77001953125,110.77001701227537,36.537768930301176,41.822206999255926,5.284438068954749,60.217265598996775,2021-08-20,79.60767680432774,2021-07-30,119.02214788967902
1623,ONWARDTEC,Onward Technologies Limited,2021-08-24,2021-08-25,216.7367401123047,224.27460890934503,37.883377232463026,47.1830431101912,9.299665877728174,67.39064010782292,2021-08-20,83.68985981861825,2021-07-30,222.53004284273467
1632,ORIENTCEM,Orient Cement Limited,2021-08-24,2021-08-25,142.4625701904297,143.32366395081212,39.394550319761265,43.12924609516492,3.734695775403658,66.34653282250521,2021-08-20,75.1269587382107,2021-07-30,148.6445091243424
1657,PANAMAPET,Panama Petrochem Limited,2021-08-24,2021-08-25,235.60696411132812,236.5544367980295,38.79998594691839,46.3633052172831,7.563319270364708,69.31208736035161,2021-08-20,74.78104437937107,2021-07-30,245.20606095974236
1751,PRECAM,Precision Camshafts Limited,2021-08-24,2021-08-25,82.04615783691406,83.35618669548352,37.49441279035,43.34237080630237,5.847958015952372,61.71705370768998,2021-08-20,74.90210067827796,2021-07-30,88.28533852477376
1927,SAKAR,Sakar Healthcare Limited,2021-08-24,2021-08-25,166.64999389648438,162.5,36.58232672512421,45.85022409598946,9.26789737086525,61.824221131727064,2021-08-20,80.21714285880176,2021-07-30,173.63761612338385
1956,SAREGAMA,Saregama India Limited,2021-08-24,2021-08-25,299.6159362792969,300.0292454537006,33.49639169100408,44.588897388786364,11.092505697782286,68.83851894124894,2021-08-20,94.48622686963618,2021-07-30,309.757793299565
2000,SFL,Sheela Foam Limited,2021-08-24,2021-08-25,1136.4879150390625,1140.6572192328877,32.30444210692988,43.033606211130135,10.729164104200251,63.25773322368949,2021-08-20,75.26346316970407,2021-07-30,1159.7860991832815
2074,SILINV,SIL Investments Limited,2021-08-24,2021-08-25,276.8062438964844,276.8062533813864,37.03412021138212,41.75304799681155,4.718927785429436,61.52684792388934,2021-08-20,67.25414447915132,2021-07-30,294.3056459610973
2087,SIYSIL,Siyaram Silk Mills Limited,2021-08-24,2021-08-25,327.4125061035156,329.7566562246255,35.365470232094495,45.043684022610016,9.678213790515521,64.57727845684906,2021-08-20,69.45224768604437,2021-07-30,343.4799053706426
2108,SOMANYCERA,Somany Ceramics Limited,2021-08-24,2021-08-25,644.90087890625,643.060810990767,36.92667102731699,50.921325791038136,13.994654763721144,69.43330696983685,2021-08-20,75.34283271420341,2021-07-30,645.3312731533778
2115,SOTL,Savita Oil Technologies Limited,2021-08-24,2021-08-25,289.14013671875,291.7283555217776,39.09857663385444,47.70694318548761,8.608366551633168,68.0064964336852,2021-08-20,71.78268051612345,2021-07-30,297.41824691586675
2257,TCI,Transport Corporation of India Limited,2021-08-24,2021-08-25,383.57293701171875,387.88274048144785,35.806825748032495,40.72570231349115,4.918876565458653,62.67003245484535,2021-08-20,67.99579970278143,2021-07-30,404.07944556140245
2285,THANGAMAYL,Thangamayil Jewellery Limited,2021-08-24,2021-08-25,399.76568603515625,399.7657169927463,38.6686884069019,46.38210911729864,7.71342071039674,61.240902377817164,2021-08-20,73.60930370760404,2021-07-30,406.8465349424879
2307,TIRUMALCHM,Thirumalai Chemicals Limited,2021-08-24,2021-08-25,175.33242797851562,176.21349198768246,35.0413795723274,48.435638398255165,13.394258825927764,64.50006005765681,2021-08-20,74.98909554533631,2021-07-30,180.19137300066694
2341,TRIVENI,Triveni Engineering & Industries Limited,2021-08-24,2021-08-25,160.31173706054688,161.25114645841342,38.59914086254444,43.38581113093905,4.786670268394609,62.454193458985024,2021-08-20,82.3545592534328,2021-07-30,166.84494465291854
2461,VISAKAIND,Visaka Industries Limited,2021-08-24,2021-08-25,129.66688537597656,130.04234479207688,32.68552834160461,41.29545235934412,8.609924017739509,60.065625163308596,2021-08-20,75.78264654731305,2021-07-30,138.24311291213644
2473,VLSFINANCE,VLS Finance Limited,2021-08-24,2021-08-25,185.8294677734375,190.49564676885527,37.446296724437666,42.34703192328408,4.900735198846412,64.78576021970197,2021-08-20,84.96819410885894,2021-07-30,200.893972438059
161,APCL,Anjani Portland Cement Limited,2021-08-25,2021-08-26,381.5153503417969,382.20361155413667,36.23655487957149,40.01500758378971,3.7784527042182177,68.02966862867324,2021-08-20,84.64806923236851,2021-07-30,414.0412899817367
164,APLAPOLLO,APL Apollo Tubes Limited,2021-08-25,2021-08-26,763.4805908203125,765.7245957456113,36.14137694445628,40.80291821808448,4.661541273628195,64.94371250615544,2021-08-20,87.6423622241504,2021-07-30,801.5543088842848
452,CGCL,Capri Global Capital Limited,2021-08-25,2021-08-26,485.13299560546875,492.447079241092,39.874055843173736,43.37936104750649,3.505305204332757,71.54154672252791,2021-08-20,86.14409091994206,2021-07-30,492.130554964202
829,GODREJAGRO,Godrej Agrovet Limited,2021-08-25,2021-08-26,576.74951171875,581.6758098580074,39.12349546726155,43.274320568697185,4.150825101435636,63.32037049169689,2021-08-20,69.80052080393585,2021-07-30,595.3954441430812
846,GPTINFRA,GPT Infraprojects Limited,2021-08-25,2021-08-26,19.088804244995117,19.90503254979377,34.911378514511455,51.727175736977834,16.81579722246638,65.19890305222016,2021-08-20,61.11671723557986,2021-07-30,18.907952360236866
923,HEG,HEG Limited,2021-08-25,2021-08-26,407.9484558105469,407.9484349184433,38.4772152249753,43.02605525332189,4.548840028346589,61.85791755577573,2021-08-20,65.30529524032892,2021-07-30,419.89310643618074
1047,INFOBEAN,InfoBeans Technologies Limited,2021-08-25,2021-08-26,94.57310485839844,94.98016106155005,38.94184619339708,42.73149532075692,3.789649127359837,61.20892095219166,2021-08-20,87.76889890537242,2021-07-30,99.4908127134504
2681,JBCHEPHARM,JBCHEPHARM,2021-08-25,2021-08-26,809.847412109375,814.3237902831489,38.22135530042788,43.45035820715111,5.229002906723231,66.39632705646588,2021-08-20,95.79797413007046,2021-07-30,831.1310164447191
1243,KPRMILL,K.P.R. Mill Limited,2021-08-25,2021-08-26,343.6622314453125,346.83749554097784,38.69628086963151,44.807542258516044,6.111261388884536,66.505852710028,2021-08-20,83.94761473869926,2021-07-30,353.370715278352
1304,LIBAS,Libas Consumer Products Limited,2021-08-25,2021-08-26,48.647735595703125,47.988760586277685,20.25606512350248,44.380808317515466,24.124743194012986,62.33676673568159,2021-08-20,61.885071918801124,2021-07-30,50.98525763421343
1401,MAYURUNIQ,Mayur Uniquoters Ltd,2021-08-25,2021-08-26,457.886962890625,459.68127007982093,37.00364022030905,41.760986513477945,4.757346293168894,61.86386552538889,2021-08-20,72.60690092762829,2021-07-30,476.9335390767837
2233,TALBROAUTO,Talbros Automotive Components Limited,2021-08-25,2021-08-26,56.073848724365234,56.073842259737205,39.751329523584786,41.86521411466352,2.1138845910787367,60.62519263024255,2021-08-20,72.59849807341098,2021-07-30,58.97399207955846
2436,VHL,Vardhman Holdings Limited,2021-08-25,2021-08-26,2885.816162109375,2966.941892345062,35.69651520930361,41.08018900768594,5.3836737983823255,66.35168682154472,2021-08-20,70.50109895194446,2021-07-30,3043.6664851687433
434,CDSL,Central Depository Services (India) Limited,2021-08-26,2021-08-27,548.2576293945312,548.2575921300911,39.55837892932879,40.665776972610935,1.1073980432821457,67.07206168455855,2021-08-20,91.47454585464192,2021-07-30,581.3149021945956
1057,INSECTICID,Insecticides (India) Limited,2021-08-26,2021-08-27,473.05889892578125,471.7847050378947,39.61773740800363,44.14895497695911,4.531217568955483,60.55055902770975,2021-08-20,64.99972128441163,2021-07-30,487.2836136316867
1187,KCP,KCP Limited,2021-08-26,2021-08-27,137.1576690673828,136.9620026405968,39.942771243528306,43.30558570460138,3.3628144610730715,68.02093702171977,2021-08-20,75.65876957567258,2021-07-30,143.13165447710082
2074,SILINV,SIL Investments Limited,2021-08-26,2021-08-27,273.6815185546875,273.53599499117945,39.890084312292295,40.937138790026225,1.04705447773393,61.52684792388934,2021-08-20,67.25414447915132,2021-07-30,290.5752756885683
161,APCL,Anjani Portland Cement Limited,2021-08-27,2021-08-30,384.314208984375,389.08601019317337,38.55777595359143,41.971471343393624,3.413695389802193,68.02966862867324,2021-08-20,84.64806923236851,2021-07-30,408.1881176687584
162,APCOTEXIND,Apcotex Industries Limited,2021-08-27,2021-08-30,292.523681640625,295.0917674842001,35.87298412333516,40.41705997674622,4.544075853411066,61.8681739561735,2021-08-20,75.84371155841865,2021-07-30,304.48759489702377
355,BIRLACORPN,Birla Corporation Limited,2021-08-27,2021-08-30,1241.6505126953125,1249.479180610894,39.31256984879424,43.034150691311574,3.7215808425173336,62.047855357785814,2021-08-20,70.4796362178159,2021-07-30,1276.6872688862863
851,GRASIM,Grasim Industries Limited,2021-08-27,2021-08-30,1420.5162353515625,1427.0424595761392,36.52677213347889,42.008140685737004,5.481368552258111,60.99939290390253,2021-08-20,77.57625416101705,2021-07-30,1448.2959088985626
1528,NCLIND,NCL Industries Limited,2021-08-27,2021-08-30,216.80670166015625,221.345700507317,37.8934478129878,41.10338468874031,3.2099368757525113,60.34042062172744,2021-08-20,71.32483086424614,2021-07-30,231.8855941781841
2205,SURYAROSNI,Surya Roshni Limited,2021-08-27,2021-08-30,120.728271484375,121.79511063255663,36.80660280359742,42.75183323561155,5.945230432014128,60.89890463690701,2021-08-20,77.55880182791236,2021-07-30,125.66795880318173
446,CENTURYPLY,Century Plyboards (India) Limited,2021-08-31,2021-09-01,400.0478210449219,407.4514966457889,30.800081948116727,47.52837521383914,16.728293265722414,60.649643971283126,2021-08-27,82.40805458273132,2021-07-30,402.4403456486077
936,HGS,Hinduja Global Solutions Limited,2021-08-31,2021-09-01,1236.3477783203125,1233.6511545170583,37.820564457951,42.819892937746275,4.999328479795274,62.38659797952058,2021-08-27,89.33497473092206,2021-07-30,1310.3925502159534
2077,SIMBHALS,Simbhaoli Sugars Limited,2021-08-31,2021-09-01,28.299999237060547,28.399999618530273,39.95650767013645,40.692645260929815,0.736137590793362,60.11347921628957,2021-08-27,75.94755240984527,2021-07-30,30.015809230130415
452,CGCL,Capri Global Capital Limited,2021-09-07,2021-09-08,478.9990539550781,481.4060733166024,39.74732094471602,41.73530959341683,1.9879886487008065,66.77807055507638,2021-09-03,79.53260985090962,2021-08-31,486.40113555621537
1834,REDINGTON,Redington Limited,2021-09-09,2021-09-13,123.75115966796875,125.02738531490262,38.510119513050896,43.42682533196164,4.916705818910742,60.724108527395785,2021-09-03,75.6893944944081,2021-08-31,127.82663297182619
98,AJANTPHARM,Ajanta Pharma Limited,2021-09-14,2021-09-15,1384.569580078125,1386.2240111528433,36.32068801456593,51.12559898925669,14.804910974690756,60.10978320977071,2021-09-09,73.4185894295889,2021-08-31,1379.4210461182163
452,CGCL,Capri Global Capital Limited,2021-09-14,2021-09-15,475.2232971191406,479.046189764344,38.7382458690086,40.4953690561912,1.7571231871826,66.8765680598988,2021-09-09,79.53260985090962,2021-08-31,483.6994608939042
2009,SHAHALLOYS,Shah Alloys Limited,2021-09-14,2021-09-15,14.899999618530273,15.600000381469727,27.18211498721419,63.573218988163205,36.391104000949014,62.37016805072021,2021-09-09,66.30418528594245,2021-08-31,14.581714863836625
452,CGCL,Capri Global Capital Limited,2021-09-17,2021-09-20,474.1849670410156,474.79851194744975,39.20492382911967,40.00058726843043,0.7956634393107578,66.8765680598988,2021-09-09,79.53260985090962,2021-08-31,481.29327162312455
51,ADANIENT,Adani Enterprises Limited,2021-09-21,2021-09-22,1438.2392578125,1431.8037326728504,35.91931828293163,40.7200802587411,4.800761975809472,60.78718735457637,2021-09-17,90.03133106522503,2021-08-31,1493.5508843932218
100,AJMERA,Ajmera Realty & Infra India Limited,2021-09-21,2021-09-22,65.5853271484375,68.10671684368535,39.6029215762218,45.14564115997211,5.542719583750305,66.65683550252315,2021-09-17,70.89761427784978,2021-08-31,69.18969513825812
119,ALKYLAMINE,Alkyl Amines Chemicals Limited,2021-09-21,2021-09-22,3883.547119140625,3884.7699783746416,33.48728413397528,45.27761909680096,11.790334962825682,62.74895611031605,2021-09-17,89.75271357085761,2021-08-31,3971.4998122798015
452,CGCL,Capri Global Capital Limited,2021-09-21,2021-09-22,475.0816955566406,479.2822193681177,39.48686635912589,41.57433452292426,2.08746816379837,63.03121399965177,2021-09-17,79.53260985090962,2021-08-31,480.0943117894334
708,EVERESTIND,Everest Industries Limited,2021-09-21,2021-09-22,416.7529296875,419.731121068654,39.75959180220278,43.32148955698785,3.561897754785072,60.0003030786012,2021-09-17,60.784767217349206,2021-08-31,429.012453894764
1019,INDIAGLYCO,India Glycols Limited,2021-09-21,2021-09-22,330.12353515625,331.7585033140122,38.630262137872705,50.33159660637805,11.701334468505344,61.602758730675966,2021-09-17,73.22163254442215,2021-08-31,329.64960867373617
1498,MUTHOOTFIN,Muthoot Finance Limited,2021-09-21,2021-09-22,1376.9244384765625,1383.3478058820253,39.52081580355363,40.61053368111331,1.0897178775596785,60.72497178306498,2021-09-17,69.46159875349622,2021-08-31,1410.454496580048
1520,NAVINFLUOR,Navin Fluorine International Limited,2021-09-21,2021-09-22,3801.544677734375,3822.2811151689225,39.72217293108936,48.462674575876626,8.740501644787265,62.95200040453004,2021-09-17,80.86305882743707,2021-08-31,3848.647644373821
401,BSHSL,Bombay Super Hybrid Seeds Limited,2021-09-22,2021-09-23,28.264999389648438,29.4950008392334,37.533293616085444,41.366160026178925,3.83286641009348,67.22339659837306,2021-09-17,81.30910403126353,2021-08-31,29.263973881319785
940,HIMATSEIDE,Himatsingka Seide Limited,2021-09-22,2021-09-23,242.5740509033203,247.8786528579832,39.198604401138546,49.28118876288414,10.082584361745596,64.42263075755031,2021-09-17,67.51075598317993,2021-08-31,243.80759991575604
1357,MAITHANALL,Maithan Alloys Limited,2021-09-22,2021-09-23,932.2391357421875,947.8449529907011,39.8884508121876,46.367841380811896,6.4793905686242965,60.64827257383248,2021-09-17,63.62262349388359,2021-08-31,952.5279384405222
1530,NDL,Nandan Denim Limited,2021-09-22,2021-09-23,2.380000114440918,2.3833329677581787,38.99052115764615,41.46034986147199,2.46982870382584,64.37445064019825,2021-09-17,74.345762529425,2021-08-31,2.5103116161403847
1683,PDMJEPAPER,Pudumjee Paper Products Limited,2021-09-22,2021-09-23,37.26877212524414,37.50890631629983,39.61269996419462,42.36105443004419,2.748354465849573,60.251397108546605,2021-09-17,72.07268481224168,2021-08-31,38.58640095641131
1955,SARDAEN,Sarda Energy & Minerals Limited,2021-09-22,2021-09-23,65.61019897460938,68.88802337646484,34.68264528330522,43.05254910645686,8.369903823151638,64.97498167892391,2021-09-17,74.70247040830402,2021-08-31,68.57197147680559
2012,SHALBY,Shalby Limited,2021-09-22,2021-09-23,178.54083251953125,179.03201060250535,37.73584147594085,41.09965463820782,3.3638131622669647,60.100304757678344,2021-09-17,68.10884932606461,2021-08-31,185.050980900611
2515,WHEELS,Wheels India Limited,2021-09-22,2021-09-23,755.6235961914062,780.4120105701084,39.04745842912849,48.73295335350371,9.68549492437522,65.75958465213853,2021-09-17,66.73113569341297,2021-08-31,759.6480248582994
92,AHLUCONT,Ahluwalia Contracts (India) Limited,2021-09-23,2021-09-24,373.1992492675781,383.1266349337748,38.46899388322023,45.57056794137056,7.101574058150334,60.151158376752406,2021-09-17,66.18078831697494,2021-08-31,380.49260185983803
290,BALRAMCHIN,Balrampur Chini Mills Limited,2021-09-23,2021-09-24,336.5840148925781,346.50494628134527,39.350243001669334,41.5079573354817,2.1577143338123648,62.869900604220106,2021-09-17,82.17182883032238,2021-08-31,344.9584384110093
1226,KNRCON,KNR Constructions Limited,2021-09-23,2021-09-24,292.6921081542969,294.48500442512176,39.80529749628865,44.48939902261563,4.684101526326977,70.50557262607747,2021-09-17,83.57616022124425,2021-08-31,301.3154812657285
2251,TATASTEEL,Tata Steel Limited,2021-09-23,2021-09-24,113.71917724609375,113.8312888423058,39.15286471871396,41.12722650971045,1.9743617909964897,68.45995816432655,2021-09-17,84.7205178862067,2021-08-31,119.28788393234731
2398,UTIAMC,UTI Asset Management Company Limited,2021-09-23,2021-09-24,932.2708740234375,940.9934058852282,39.85640006918801,48.70967442879653,8.85327435960852,86.76903377758866,2021-09-17,99.52350588526933,2021-08-31,947.4001045300499
1529,NDGL,Naga Dhunseri Group Limited,2021-09-24,2021-09-27,1366.8125,1382.9685838818102,37.57070972977655,43.405615809716075,5.834906079939522,60.63548319290258,2021-09-17,65.76862997231453,2021-08-31,1391.0336415532179
414,CAMS,Computer Age Management Services Limited,2021-09-28,2021-09-29,637.064453125,626.8867435821473,36.44420419632756,49.22827039681109,12.78406620048353,65.02101585566933,2021-09-24,99.45120237822893,2021-08-31,642.2522582021369
1340,MACPOWER,Macpower CNC Machines Limited,2021-09-29,2021-09-30,168.5204620361328,174.0424846286574,39.64957386322889,42.46499068667777,2.815416823448885,60.48019347545654,2021-09-24,76.3260259027793,2021-08-31,174.2181221299214
1704,PIIND,PI Industries Limited,2021-09-29,2021-09-30,3185.188232421875,3185.187673415014,37.29112124536585,48.15078096733937,10.859659721973522,62.500602900702376,2021-09-24,85.5594583907025,2021-08-31,3218.1606758825615
167,APOLLOHOSP,Apollo Hospitals Enterprise Limited,2021-09-30,2021-10-01,4421.3115234375,4421.3107236592205,38.905058717474276,41.76292461315608,2.8578658956818046,70.87400057953955,2021-09-24,88.08178124208078,2021-08-31,4632.465691694633
830,GODREJCP,Godrej Consumer Products Limited,2021-09-30,2021-10-01,978.31640625,977.6513437667032,38.051747118742846,40.809338733557006,2.75759161481416,65.04454485223931,2021-09-24,73.23578811885204,2021-08-31,1008.6833681467716
1129,JKPAPER,JK Paper Limited,2021-09-30,2021-10-01,212.0913543701172,210.7964102756025,36.803818563438575,43.1479006865857,6.344082123147125,63.60398255099953,2021-09-24,73.93792051523239,2021-08-31,219.83350820946114
1520,NAVINFLUOR,Navin Fluorine International Limited,2021-09-30,2021-10-01,3629.935302734375,3605.553902734165,38.856583805885506,40.22054870205955,1.3639648961740463,63.92305147339795,2021-09-24,80.86305882743707,2021-08-31,3786.3706707048864
2398,UTIAMC,UTI Asset Management Company Limited,2021-09-30,2021-10-01,894.8641357421875,893.2287195239745,37.3396677660937,42.039969465729705,4.700301699636007,72.50872739387357,2021-09-24,99.52350588526933,2021-08-31,930.2842365914047
119,ALKYLAMINE,Alkyl Amines Chemicals Limited,2021-10-01,2021-10-04,3765.114013671875,3721.2027982051122,39.33209567604381,41.235974913097365,1.9038792370535589,62.158488375773025,2021-09-24,77.86783679432824,2021-09-30,3868.20295765064
137,AMBUJACEM,Ambuja Cements Limited,2021-10-01,2021-10-04,387.0706787109375,389.6206805928877,39.3209644018454,41.01259729821566,1.6916328963702583,65.9280691259673,2021-09-24,75.13850489077248,2021-09-30,399.3938164981091
164,APLAPOLLO,APL Apollo Tubes Limited,2021-10-01,2021-10-04,837.2862548828125,847.2980551879568,39.748017029099515,45.97793447427465,6.229917445175133,66.81809038571967,2021-09-24,80.81388276339517,2021-09-30,859.1958530002098
713,EXPLEOSOL,Expleo Solutions Limited,2021-10-01,2021-10-04,846.2695922851562,846.2696414817423,39.897049033684574,42.051237890722,2.1541888570374255,61.842877010699276,2021-09-24,71.41783106219845,2021-09-30,881.4497329429408
1226,KNRCON,KNR Constructions Limited,2021-10-01,2021-10-04,288.7576599121094,290.749756926793,39.43892555000911,43.09648546354399,3.6575599135348824,65.49188734201174,2021-09-24,69.89711362836042,2021-09-30,295.5025331436406
1428,METROPOLIS,Metropolis Healthcare Limited,2021-10-01,2021-10-04,684.0014038085938,690.2720638621312,37.19819491569984,42.64572356997387,5.447528654274031,63.601410247618375,2021-09-24,71.47238814660392,2021-09-30,715.8799361064739
1779,PUNJABCHEM,Punjab Chemicals & Crop Protection Limited,2021-10-01,2021-10-04,1568.9693603515625,1579.5824194711786,38.11415553432647,41.74072420656964,3.6265686722431667,66.71715737862247,2021-09-24,70.34512764756013,2021-09-30,1634.5002050003714
1839,RELAXO,Relaxo Footwears Limited,2021-10-01,2021-10-04,1153.880615234375,1153.9298786792756,37.67105892990655,50.872616810332765,13.201557880426215,61.69785173050976,2021-09-24,78.71512754022015,2021-09-30,1150.2634647691712
2226,SYNGENE,Syngene International Limited,2021-10-01,2021-10-04,609.30908203125,609.4081123159865,36.21107057944249,43.436863998073434,7.225793418630943,60.75437983337025,2021-09-24,64.0972367243321,2021-09-30,626.1620794537408
2370,ULTRACEMCO,UltraTech Cement Limited,2021-10-01,2021-10-04,7170.5732421875,7182.502332355701,37.63020203832286,42.98230745137411,5.352105413051255,61.925240373844915,2021-09-24,68.8736439811238,2021-09-30,7299.038695142851
2515,WHEELS,Wheels India Limited,2021-10-01,2021-10-04,733.662841796875,739.6006663274921,37.60470578286751,45.13484135502164,7.53013557215413,64.68765706547758,2021-09-24,60.59517927936314,2021-09-30,744.4665151968015
803,GLAND,Gland Pharma Limited,2021-10-04,2021-10-05,3774.693359375,3780.2898717939943,39.886350730840604,51.21075435030631,11.324403619465706,61.30918836933927,2021-10-01,90.01326709844794,2021-09-30,3747.5349431782297
830,GODREJCP,Godrej Consumer Products Limited,2021-10-04,2021-10-05,978.078857421875,978.0787105909754,38.476253388382766,41.95631531590901,3.4800619275262434,61.48427663817677,2021-10-01,67.04188133682301,2021-09-30,1002.6417399618205
895,HAPPSTMNDS,Happiest Minds Technologies Limited,2021-10-04,2021-10-05,1334.79296875,1335.7538709259425,36.849127171511206,40.88859560598154,4.039468434470336,65.39566729856276,2021-10-01,87.50829177359064,2021-09-30,1370.198115499157
2398,UTIAMC,UTI Asset Management Company Limited,2021-10-04,2021-10-05,883.7093505859375,883.1641821914078,39.28567412241275,40.155378957400536,0.8697048349877861,65.17362466600676,2021-10-01,87.29890242068163,2021-09-30,921.961850117509
1779,PUNJABCHEM,Punjab Chemicals & Crop Protection Limited,2021-10-05,2021-10-06,1606.287109375,1622.0336297946894,39.132238077253746,47.871717772031445,8.7394796947777,63.44485032532212,2021-10-01,70.34512764756013,2021-09-30,1624.4513211198832
2115,SOTL,Savita Oil Technologies Limited,2021-10-05,2021-10-06,289.711181640625,292.48545737834263,39.25593207012045,42.21291591819875,2.956983848078302,62.35026832255968,2021-10-01,70.24420372504981,2021-09-30,296.79585639562544
397,BRITANNIA,Britannia Industries Limited,2021-10-06,2021-10-07,3648.273193359375,3667.910597441305,37.49227929064311,47.09997392330505,9.60769463266194,60.16171397612924,2021-10-01,64.29331711008157,2021-09-30,3678.549890864545
115,ALICON,Alicon Castalloy Limited,2021-10-07,2021-10-08,761.1428833007812,764.9910751231336,37.50185202420014,50.063813651636465,12.561961627436325,60.82561898386635,2021-10-01,69.89632893538243,2021-09-30,759.3202396014672
137,AMBUJACEM,Ambuja Cements Limited,2021-10-07,2021-10-08,387.6961364746094,389.62064819412933,37.61456257699965,44.12537686584564,6.510814288845985,62.2709751104857,2021-10-01,75.13850489077248,2021-09-30,395.3404318425533
167,APOLLOHOSP,Apollo Hospitals Enterprise Limited,2021-10-07,2021-10-08,4368.72802734375,4399.015049220044,39.08820354950225,41.71800797976717,2.629804430264919,62.579428371712964,2021-10-01,76.76539297795566,2021-09-30,4542.445868831137
895,HAPPSTMNDS,Happiest Minds Technologies Limited,2021-10-07,2021-10-08,1329.84375,1343.4417513841497,38.10377897770841,40.76632894087205,2.6625499631636416,65.39566729856276,2021-10-01,87.50829177359064,2021-09-30,1359.8016107199833
1069,IPCALAB,IPCA Laboratories Limited,2021-10-07,2021-10-08,1160.3668212890625,1161.3736188727075,36.3139895756803,45.36529904040366,9.05130946472336,60.266481142252395,2021-10-01,70.04360144524213,2021-09-30,1184.316101270818
2298,TIINDIA,Tube Investments of India Limited,2021-10-07,2021-10-08,1318.4853515625,1321.1672659550152,38.03082104480148,44.46153760322287,6.430716558421395,63.64442223686379,2021-10-01,79.32327334597132,2021-09-30,1363.2557133503376
856,GREENLAM,Greenlam Industries Limited,2021-10-08,2021-10-11,136.09947204589844,137.98980630080175,39.92126185308278,51.83258021777641,11.911318364693628,62.64457510664753,2021-10-01,68.82347846392292,2021-09-30,135.55870946706946
1195,KENNAMET,Kennametal India Limited,2021-10-08,2021-10-11,1317.8427734375,1330.0536496565248,38.2873567952418,47.47606891894289,9.188712123701094,61.596317800952036,2021-10-01,76.11685323265408,2021-09-30,1330.666314573008
1226,KNRCON,KNR Constructions Limited,2021-10-08,2021-10-11,287.6122131347656,287.6122290689157,39.06355294722717,43.5565688881992,4.493015940972029,64.31310371336106,2021-10-01,69.89711362836042,2021-09-30,292.2390584662249
1547,NEWGEN,Newgen Software Technologies Limited,2021-10-08,2021-10-11,287.40802001953125,298.7928483904833,39.893272817691994,54.46248756694652,14.569214749254527,61.93427302970326,2021-10-01,74.90444763077255,2021-09-30,282.3215001519976
1623,ONWARDTEC,Onward Technologies Limited,2021-10-08,2021-10-11,207.15155029296875,209.6176432981232,39.265982047572365,43.37450492569243,4.108522878120063,62.4572519147027,2021-10-01,74.63814479156657,2021-09-30,212.0170975669472
1526,NBIFIN,N. B. I. Industrial Finance Company Limited,2021-10-11,2021-10-12,2622.270263671875,2678.961255556904,39.23272225602229,41.64668429567682,2.4139620396545283,60.944056346640366,2021-10-08,71.30410096465857,2021-09-30,2664.572067659293
2398,UTIAMC,UTI Asset Management Company Limited,2021-10-11,2021-10-12,883.4576416015625,883.457567615666,36.68459408780134,43.06473460417977,6.380140516378432,62.58478465582294,2021-10-08,87.29890242068163,2021-09-30,904.6051207462336
1179,KANSAINER,Kansai Nerolac Paints Limited,2021-10-12,2021-10-13,391.7896423339844,394.858644271333,38.40936754007782,45.78990551834532,7.380537978267505,60.73971204582639,2021-10-08,61.61745137869083,2021-09-30,397.5311003179234
167,APOLLOHOSP,Apollo Hospitals Enterprise Limited,2021-10-13,2021-10-14,4318.6123046875,4344.705823678928,38.761289632469634,40.46005342965629,1.6987637971866576,60.34172419529572,2021-10-08,76.76539297795566,2021-09-30,4469.44912268995
2289,THEMISMED,Themis Medicare Limited,2021-10-13,2021-10-14,92.64067840576172,92.64067637364745,35.30887552459701,40.88129993835197,5.572424413754959,63.765989064075,2021-10-08,72.99180265383983,2021-09-30,96.52024056496886
763,GANDHITUBE,Gandhi Special Tubes Limited,2021-10-14,2021-10-18,398.2203369140625,403.70894751410833,35.23025168401905,40.08263478477593,4.8523831007568745,61.12536644385403,2021-10-08,69.74391155485105,2021-09-30,408.1774816439062
1179,KANSAINER,Kansai Nerolac Paints Limited,2021-10-14,2021-10-18,384.22784423828125,388.53081337861596,37.76415238637936,42.37693151625092,4.612779129871562,60.73971204582639,2021-10-08,61.61745137869083,2021-09-30,394.76206062802936
1399,MAXHEALTH,Max Healthcare Institute Limited,2021-10-14,2021-10-18,348.2429504394531,352.1680881813929,35.88795487803715,48.24569917849561,12.357744300458464,68.7106627849774,2021-10-08,88.91097533049789,2021-09-30,351.4847724764581
1526,NBIFIN,N. B. I. Industrial Finance Company Limited,2021-10-14,2021-10-18,2645.0966796875,2692.197577471607,38.873928662133444,47.978935922539776,9.105007260406332,60.944056346640366,2021-10-08,71.30410096465857,2021-09-30,2653.065596446454
1623,ONWARDTEC,Onward Technologies Limited,2021-10-14,2021-10-18,205.3834228515625,209.38498234209374,38.59799405977831,43.675706103956436,5.077712044178128,60.32911586225555,2021-10-08,74.63814479156657,2021-09-30,209.21243667938595
98,AJANTPHARM,Ajanta Pharma Limited,2021-10-20,2021-10-21,1383.851318359375,1384.0074393267867,38.55975993799768,47.47422241066833,8.91446247267065,60.33163086107078,2021-10-14,74.47654080351583,2021-09-30,1395.879862716475
180,ARENTERP,Rajdarshan Industries Limited,2021-10-21,2021-10-22,27.700000762939453,27.0,39.69857610224387,46.11370880237674,6.415132700132872,61.164524812518,2021-10-14,64.06743064063838,2021-09-30,28.620348308583022
719,FCL,Fineotex Chemical Limited,2021-10-21,2021-10-22,12.036113739013672,12.164263554542732,37.99422110055713,47.01833218505484,9.024111084497711,67.16290994918089,2021-10-14,84.84800971211091,2021-09-30,12.280937647644508
749,FORTIS,Fortis Healthcare Limited,2021-10-21,2021-10-22,263.1611328125,264.5012833926396,39.60992163889008,48.38329040080076,8.773368761910682,63.47611291305053,2021-10-14,73.24887950347072,2021-09-30,265.0929036974442
840,GOODYEAR,Goodyear India Limited,2021-10-21,2021-10-22,893.6810302734375,901.1062293134671,38.838902749293744,41.79944517337592,2.9605424240821776,61.56648336942983,2021-10-14,78.94662437901297,2021-09-30,907.3389032468797
947,HINDOILEXP,Hindustan Oil Exploration Company Limited,2021-10-21,2021-10-22,178.4499969482422,178.0,33.64880744449211,40.63050857132679,6.981701126834686,72.2391247339672,2021-10-14,77.79885320298277,2021-09-30,194.04568778438752
1187,KCP,KCP Limited,2021-10-21,2021-10-22,131.04327392578125,131.6791862179782,39.361702549386635,42.25047396582895,2.8887714164423173,60.710400497523395,2021-10-14,63.51650211907643,2021-09-30,135.44986572089675
1233,KOTHARIPET,Kothari Petrochemicals Limited,2021-10-21,2021-10-22,49.34067916870117,49.292634118751934,38.08843053966428,45.90321330386201,7.81478276419773,61.634277326135674,2021-10-14,75.44284875253291,2021-09-30,50.29357404275287
1644,OSWALAGRO,Oswal Agro Mills Limited,2021-10-21,2021-10-22,16.75,17.200000762939453,39.70257858769993,43.11344263990962,3.410864052209689,62.15337876304882,2021-10-14,68.8816874797794,2021-09-30,17.240957480593604
1657,PANAMAPET,Panama Petrochem Limited,2021-10-21,2021-10-22,235.5886993408203,239.99944831250866,39.21062152813204,40.98354266583553,1.7729211377034915,62.370204182977936,2021-10-14,74.31631369127354,2021-09-30,247.43190570200042
1704,PIIND,PI Industries Limited,2021-10-21,2021-10-22,3078.787109375,3082.518557047696,36.92480678565909,43.13036471540366,6.205557929744572,64.05172226639505,2021-10-14,76.9111979810765,2021-09-30,3178.7868244305314
2319,TORNTPHARM,Torrent Pharmaceuticals Limited,2021-10-21,2021-10-22,1418.677734375,1423.3870252475556,36.76372635463545,41.10559250985145,4.341866155215996,64.82166927070544,2021-10-14,71.33635735712006,2021-09-30,1452.7387652174482
98,AJANTPHARM,Ajanta Pharma Limited,2021-10-22,2021-10-25,1348.322265625,1348.1036819134865,39.94045972048623,41.26500746801339,1.3245477475271557,60.33163086107078,2021-10-14,74.47654080351583,2021-09-30,1387.1797011570816
205,ASHIANA,Ashiana Housing Limited,2021-10-22,2021-10-25,174.55674743652344,178.6570575059916,35.43986791491588,40.420581594300785,4.980713679384905,64.15004869176579,2021-10-14,64.61034519511134,2021-09-30,183.714910483635
654,EKC,Everest Kanto Cylinder Limited,2021-10-22,2021-10-25,112.89020538330078,113.67415774028676,39.88231721445626,45.19397444764754,5.3116572331912835,66.36451440567348,2021-10-14,69.70624459757505,2021-09-30,116.56749577424033
803,GLAND,Gland Pharma Limited,2021-10-22,2021-10-25,3595.314453125,3581.737012372264,38.25770648125176,43.56612343432463,5.3084169530728715,61.38471994752459,2021-10-14,90.01326709844794,2021-09-30,3675.0153313263627
955,HITECHCORP,Hitech Corporation Limited,2021-10-22,2021-10-25,210.37828063964844,210.3782813572136,39.50415059707711,42.22793816148417,2.7237875644070613,65.14649473088619,2021-10-14,64.88646870504644,2021-09-30,219.1387556097303
1311,LINDEINDIA,Linde India Limited,2021-10-22,2021-10-25,2389.080078125,2323.323362460378,37.33042712798008,41.259190808143344,3.9287636801632644,76.44622664800016,2021-10-14,83.9060165550228,2021-09-30,2520.7908329071297
1730,POLYCAB,Polycab India Limited,2021-10-22,2021-10-25,2198.067138671875,2206.873166987126,37.99201953613125,41.398938516995294,3.4069189808640417,78.96767439435308,2021-10-14,83.38056434482229,2021-09-30,2321.0657084400746
1843,RELIGARE,Religare Enterprises Limited,2021-10-22,2021-10-25,161.8000030517578,162.0,39.71537603046161,41.603682753251476,1.8883067227898636,63.50180535117833,2021-10-14,82.08300536503296,2021-09-30,169.2708772424918
1971,SBILIFE,SBI Life Insurance Company Limited,2021-10-22,2021-10-25,1156.4073486328125,1146.8961964835244,39.55660563507754,42.57820437003149,3.0215987349539546,64.92625603158604,2021-10-14,73.76016097939849,2021-09-30,1181.4681698284976
634,DYNAMATECH,Dynamatic Technologies Limited,2021-10-25,2021-10-26,2701.892822265625,2733.401637769186,38.772813376870786,46.932538601320616,8.15972522444983,63.8869449271955,2021-10-22,83.40628529060852,2021-09-30,2774.977578744711
1917,SAFARI,Safari Industries (India) Limited,2021-10-25,2021-10-26,401.8373107910156,405.6606020088017,39.795720864433505,40.51356031336426,0.7178394489307536,60.912846350979486,2021-10-22,71.1234592037931,2021-09-30,415.48701508684314
235,ATUL,Atul Limited,2021-10-26,2021-10-27,9493.9287109375,9567.623870199985,37.94398083163735,47.44451481790151,9.500533986264166,60.068134996735175,2021-10-22,85.59552750760149,2021-09-30,9693.196846382225
287,BALKRISIND,Balkrishna Industries Limited,2021-10-26,2021-10-27,2395.269775390625,2404.6892881817134,36.341330596726614,47.042731835569974,10.70140123884336,61.114723999439946,2021-10-22,77.97888023887757,2021-09-30,2425.095360592637
302,BASF,BASF India Limited,2021-10-26,2021-10-27,3243.896484375,3243.8965058677622,34.05740287968088,41.72632075487019,7.668917875189308,61.157700007652906,2021-10-22,80.12041441744765,2021-09-30,3378.7957223901085
372,BLUEDART,Blue Dart Express Limited,2021-10-26,2021-10-27,6115.92431640625,6115.924747217338,39.506460270367775,45.560575703584014,6.054115433216239,61.77967424729685,2021-10-22,70.79346755115928,2021-09-30,6223.342464861048
569,DEEPAKNTR,Deepak Nitrite Limited,2021-10-26,2021-10-27,2420.891357421875,2451.311850460594,37.00315452455681,44.399123459886724,7.395968935329911,60.6397992347319,2021-10-22,90.81360602764397,2021-09-30,2545.5629151663106
591,DHUNINV,Dhunseri Investments Limited,2021-10-26,2021-10-27,607.3185424804688,601.3548064749224,38.33075657828978,43.93594208001479,5.6051855017250105,62.44361368137434,2021-10-22,78.82414462013183,2021-09-30,617.0013857080056
719,FCL,Fineotex Chemical Limited,2021-10-26,2021-10-27,12.287482261657715,12.090331430382658,34.062121862248574,52.138669288341625,18.07654742609305,61.755735655783816,2021-10-22,84.84800971211091,2021-09-30,12.13181296750282
743,FLUOROCHEM,Gujarat Fluorochemicals Limited,2021-10-26,2021-10-27,1797.787353515625,1819.8507235181273,37.58162565064433,42.22725948694179,4.645633836297463,67.66295382924264,2021-10-22,63.731315413399386,2021-09-30,1912.4528898621363
812,GLOBUSSPR,Globus Spirits Limited,2021-10-26,2021-10-27,1174.0789794921875,1194.6300725745955,34.53540804831508,41.19092460703336,6.655516558718283,65.32492840466344,2021-10-22,93.98533013804317,2021-09-30,1276.6434400718601
820,GNA,GNA Axles Limited,2021-10-26,2021-10-27,456.1994323730469,459.776186659524,37.47806137926566,51.158747380543645,13.680686001277984,68.20922258033033,2021-10-22,86.03473678445312,2021-09-30,458.8164939491192
947,HINDOILEXP,Hindustan Oil Exploration Company Limited,2021-10-26,2021-10-27,181.25,182.1999969482422,36.87009814707355,44.53162135449788,7.661523207424331,60.664461808952154,2021-10-22,77.79885320298277,2021-09-30,189.74976519850617
1193,KEI,KEI Industries Limited,2021-10-26,2021-10-27,958.3289794921875,964.9305500209731,36.00005586660468,55.271193085766,19.271137219161318,65.49875048272798,2021-10-22,78.15380336310203,2021-09-30,917.4069652803141
1241,KPITTECH,KPIT Technologies Limited,2021-10-26,2021-10-27,313.782958984375,316.1101008963379,34.420830507837636,44.71361846271931,10.292787954881675,63.55598054324264,2021-10-22,83.0170410742165,2021-09-30,324.4878926981489
1394,MASTEK,Mastek Limited,2021-10-26,2021-10-27,2725.11181640625,2732.568776862906,37.359201625597905,43.73243635497149,6.373234729373586,61.75433932361816,2021-10-22,94.05272536444338,2021-09-30,2887.005364038209
1509,NAHARPOLY,Nahar Poly Films Limited,2021-10-26,2021-10-27,227.0358123779297,223.90158283983376,37.77762262214509,44.289833144354844,6.512210522209756,61.862979196065254,2021-10-22,89.16961142589955,2021-09-30,234.1717129874053
1604,OFSS,Oracle Financial Services Software Limited,2021-10-26,2021-10-27,3630.1455078125,3650.6352006649045,39.00341271762444,44.41236572007848,5.408953002454041,60.72441113592009,2021-10-22,70.4833749571691,2021-09-30,3718.510677243617
1876,ROSSARI,Rossari Biotech Limited,2021-10-26,2021-10-27,1431.80126953125,1445.8511043187962,37.483471245276725,46.86082148516932,9.377350239892593,60.53465489108091,2021-10-22,90.8509743636748,2021-09-30,1458.3024282800154
1929,SAKSOFT,Saksoft Limited,2021-10-26,2021-10-27,76.77901458740234,77.69048275244289,36.51400851218438,47.285574961342576,10.771566449158193,71.45588189171258,2021-10-22,89.35812135702368,2021-09-30,79.05791638790109
1971,SBILIFE,SBI Life Insurance Company Limited,2021-10-26,2021-10-27,1161.2125244140625,1164.5314861748361,34.70562597925161,46.69293163300418,11.987305653752571,61.41424490867005,2021-10-22,73.76016097939849,2021-09-30,1174.4850930190967
2120,SPARC,Sun Pharma Advanced Research Company Limited,2021-10-26,2021-10-27,279.1000061035156,280.0,37.53324853499154,42.03636531522334,4.5031167802317995,64.2792219304211,2021-10-22,61.19806848117801,2021-09-30,287.52730643468374
2152,STEL,Stel Holdings Limited,2021-10-26,2021-10-27,159.10000610351562,158.35000610351562,36.9688618972965,40.403858148755724,3.434996251459225,64.7605550119024,2021-10-22,79.42411554960415,2021-09-30,169.82939602499246
2187,SUNTECK,Sunteck Realty Limited,2021-10-26,2021-10-27,460.99713134765625,461.14525564749397,38.63033816633049,50.138929472808606,11.508591306478117,66.11541587808374,2021-10-22,63.03981796677361,2021-09-30,465.8719713966138
2398,UTIAMC,UTI Asset Management Company Limited,2021-10-26,2021-10-27,897.7996215820312,901.5737927851777,39.900719968011316,47.3553351966094,7.454615228598087,63.5822538432797,2021-10-22,87.29890242068163,2021-09-30,906.4548367918136
2438,VIDHIING,Vidhi Specialty Food Ingredients Limited,2021-10-26,2021-10-27,331.959716796875,333.32099230901946,35.68840802004313,42.16400270000565,6.475594679962526,60.52529030300561,2021-10-22,85.79850051334867,2021-09-30,348.0352051584576
2552,ZOTA,Zota Health Care LImited,2021-10-26,2021-10-27,373.8927001953125,380.28020726885654,39.55360239954315,46.64801356628433,7.094411166741175,66.76238753125654,2021-10-22,83.22036989136495,2021-09-30,384.01153223461876
760,GALAXYSURF,Galaxy Surfactants Limited,2021-10-27,2021-10-28,3085.92041015625,3092.6182678803098,39.686207154876705,44.55742547011369,4.8712183152369875,62.84589811695826,2021-10-22,79.45140451485705,2021-09-30,3164.2689766769913
1311,LINDEINDIA,Linde India Limited,2021-10-27,2021-10-28,2353.85498046875,2361.5125662966234,39.24624833559263,40.77444791944944,1.5281995838568108,64.68391396776724,2021-10-22,83.9060165550228,2021-09-30,2474.49369922528
1932,SALONA,Salona Cotspin Limited,2021-10-27,2021-10-28,187.51654052734375,193.80971255597157,39.1403557580316,40.33901143377815,1.1986556757465436,61.566608174087996,2021-10-22,71.08179535350047,2021-09-30,194.16120603666658
2545,ZENSARTECH,Zensar Technologies Limited,2021-10-27,2021-10-28,440.241943359375,440.24191039467524,39.44995049232723,49.06965659904835,9.619706106721118,65.41463339045268,2021-10-22,78.872678177798,2021-09-30,444.6629700200326
591,DHUNINV,Dhunseri Investments Limited,2021-10-29,2021-11-01,613.3809204101562,594.4052080203309,36.098017634278435,49.335074729745955,13.23705709546752,62.44361368137434,2021-10-22,78.82414462013183,2021-09-30,613.7477510282871
890,HAL,Hindustan Aeronautics Limited,2021-10-29,2021-11-01,601.1218872070312,607.1257397384807,35.75105832356816,43.341536001082694,7.590477677514535,60.07888647201203,2021-10-22,68.73096805063743,2021-09-30,621.1237224274425
1919,SAGCEM,Sagar Cements Limited,2021-10-29,2021-11-01,277.48760986328125,278.23019826167825,37.152092575485845,47.25189948860631,10.099806913120467,67.72135976824713,2021-10-22,82.21223449715724,2021-09-30,281.9762424950532
2245,TATACHEM,Tata Chemicals Limited,2021-10-29,2021-11-01,838.838134765625,847.818777775515,39.97649879373482,41.639868602224624,1.6633698084898043,66.47583442568634,2021-10-22,82.21859002154085,2021-09-30,900.32895380366
1591,NTPC,NTPC Limited,2021-11-01,2021-11-02,115.06436157226562,115.66409932271742,39.41736907898396,42.76392676500975,3.3465576860257897,60.925696498361994,2021-10-29,61.92065440767963,2021-10-29,119.70196638472879
1929,SAKSOFT,Saksoft Limited,2021-11-01,2021-11-02,72.40941619873047,72.90230995483938,39.95136519550417,41.60303793698312,1.6516727414789543,62.84277559788186,2021-10-29,74.2801483382297,2021-10-29,77.2722803608932
2152,STEL,Stel Holdings Limited,2021-11-01,2021-11-02,158.89999389648438,163.5,38.46902715663917,41.9581762822546,3.489149125615427,61.143012195029044,2021-10-29,66.30825908860645,2021-10-29,165.8214155693766
839,GOODLUCK,Goodluck India Limited,2021-11-02,2021-11-03,95.61199951171875,96.22968908532008,39.71765171412274,46.412502548593466,6.694850834470728,64.99668098325236,2021-10-29,78.2848787702961,2021-10-29,97.5845669025647
1842,RELIANCE,Reliance Industries Limited,2021-11-04,2021-11-08,1131.7738037109375,1141.0813257713814,39.82723330279814,42.098645330819714,2.2714120280215724,63.70980238117151,2021-10-29,70.52536641837982,2021-10-29,1163.515869100309
2133,SRF,SRF Limited,2021-11-04,2021-11-08,2065.96142578125,2066.699325086107,39.491605278779495,41.749683277778075,2.25807799899858,66.39159624685072,2021-10-29,83.51901441375836,2021-10-29,2143.573136631389
2307,TIRUMALCHM,Thirumalai Chemicals Limited,2021-11-09,2021-11-10,260.9427795410156,257.2716796585933,39.32407990886066,49.355438661377164,10.031358752516503,61.069470582813544,2021-11-04,73.39373645213612,2021-10-29,262.7643673542781
470,CINELINE,Cineline India Limited,2021-11-10,2021-11-11,110.3499984741211,111.4000015258789,38.091415157494374,48.6578222298993,10.566407072404928,64.42386903182191,2021-11-04,76.78407696921823,2021-10-29,111.50001164087773
452,CGCL,Capri Global Capital Limited,2021-11-11,2021-11-12,496.79217529296875,496.79215548169725,36.46125347566605,53.34894274379581,16.887689268129762,60.40316868109073,2021-11-04,81.68153076851145,2021-10-29,489.4111620240934
1144,JSWENERGY,JSW Energy Limited,2021-11-11,2021-11-12,325.108642578125,325.54724742518584,33.55400615632108,43.25937553861128,9.7053693822902,68.0130868163388,2021-11-04,83.1044250210353,2021-10-29,336.599160331801
694,ERIS,Eris Lifesciences Limited,2021-11-12,2021-11-15,765.2216796875,769.0382781652334,39.923211585850034,46.71186905767712,6.7886574718270865,67.08561443674928,2021-11-04,66.88894355802739,2021-10-29,777.3943445918054
2521,WIPRO,Wipro Limited,2021-11-12,2021-11-15,301.4669189453125,302.15197718251113,39.69075437074693,49.89093225358147,10.200177882834538,60.943252873415794,2021-11-04,86.0962949064655,2021-10-29,301.53834436353713
411,CALSOFT,California Software Company Limited,2021-11-15,2021-11-16,29.25,29.950000762939453,39.83156233228821,45.13601646942152,5.3044541371333125,60.838657921685126,2021-11-12,68.27101027380343,2021-10-29,30.887112542651266
498,CONFIPET,Confidence Petroleum India Limited,2021-11-16,2021-11-17,82.47842407226562,82.08069435343593,37.739285312943025,48.022933687922794,10.28364837497977,60.840536066188584,2021-11-12,95.73719916029258,2021-10-29,83.74473185939381
812,GLOBUSSPR,Globus Spirits Limited,2021-11-16,2021-11-17,1190.8353271484375,1197.5871203260938,37.775833120281014,45.51714363353248,7.741310513251463,63.69076084448277,2021-11-12,86.99964096557432,2021-10-29,1225.7822846331042
1258,KSB,Ksb Limited,2021-11-17,2021-11-18,238.011962890625,239.18576488592154,38.20919900950261,42.510313399805455,4.301114390302843,63.21146068885988,2021-11-12,77.03577971130207,2021-10-29,248.3167266898916
2189,SUPERHOUSE,Superhouse Limited,2021-11-17,2021-11-18,162.4528045654297,164.9566303520946,37.41489012792556,41.30487587178326,3.8899857438577,64.26809147936953,2021-11-12,67.58476910494389,2021-10-29,171.69257429383228
729,FIEMIND,Fiem Industries Limited,2021-11-18,2021-11-22,535.9588623046875,539.4812442537338,39.91812005051154,45.591680608088964,5.673560557577424,74.73622319798656,2021-11-12,81.17575339124282,2021-10-29,557.2775583158742
1842,RELIANCE,Reliance Industries Limited,2021-11-18,2021-11-22,1120.201904296875,1103.3533407297432,39.17425793504592,40.609938149262796,1.4356802142168732,65.03491906841668,2021-11-12,70.52536641837982,2021-10-29,1151.7731279680343
902,HATSUN,Hatsun Agro Product Limited,2021-11-22,2021-11-23,1266.384521484375,1265.8629611988038,35.83422389025401,46.66713651903904,10.832912628785031,61.96515563880937,2021-11-18,81.52859578955389,2021-10-29,1285.0793657931
145,ANDHRSUGAR,The Andhra Sugars Limited,2021-11-23,2021-11-24,116.44674682617188,117.46162452484414,36.25117295544201,42.169520205560616,5.918347250118607,61.41695340568244,2021-11-18,65.9222557147537,2021-10-29,121.20846071353232
273,BAJAJFINSV,Bajaj Finserv Limited,2021-11-23,2021-11-24,1731.8538818359375,1738.225406702193,38.515225161361535,43.14226458768845,4.627039426326917,67.08764734156509,2021-11-18,82.80083147914203,2021-10-29,1784.3594988982218
401,BSHSL,Bombay Super Hybrid Seeds Limited,2021-11-23,2021-11-24,27.579999923706055,27.100000381469727,39.83018140063931,43.98611643094333,4.155935030304022,60.403094765839334,2021-11-18,73.40866643206377,2021-10-29,28.205883642329926
543,DATAMATICS,Datamatics Global Services Limited,2021-11-23,2021-11-24,303.9900817871094,308.6173805385266,38.07313767671061,44.261618834699455,6.188481157988846,62.044649561095305,2021-11-18,83.50937152024174,2021-10-29,315.8840788376985
736,FINPIPE,Finolex Industries Limited,2021-11-23,2021-11-24,199.14869689941406,202.35167099659407,36.66933428928961,41.160187118168096,4.490852828878488,67.86582879535416,2021-11-18,77.38938842979121,2021-10-29,207.71716254413573
832,GODREJPROP,Godrej Properties Limited,2021-11-23,2021-11-24,2166.8759765625,2188.869635198507,37.95796411262262,43.176293305662035,5.218329193039416,61.280527904820296,2021-11-18,72.99051243841073,2021-10-29,2268.446575920801
837,GOLDIAM,Goldiam International Limited,2021-11-23,2021-11-24,127.67179870605469,128.61937777029854,36.630253515281716,43.70328809108328,7.0730345758015645,65.92804177275312,2021-11-18,94.74355715719713,2021-10-29,134.04283252918037
854,GRAVITA,Gravita India Limited,2021-11-23,2021-11-24,193.4748992919922,194.35477289492917,37.6147183821437,41.297809354263876,3.6830909721201763,64.85828622341612,2021-11-18,80.92303947695413,2021-10-29,204.52733218064023
1140,JSL,Jindal Stainless Limited,2021-11-23,2021-11-24,170.6748504638672,171.55614262054962,38.581185390635504,45.275166978576095,6.693981587940591,63.68393002478625,2021-11-18,78.99567633293233,2021-10-29,176.9735619454867
1172,KAMDHENU,Kamdhenu Limited,2021-11-23,2021-11-24,11.873357772827148,12.131418087740842,37.984517687230145,45.90648042493161,7.921962737701463,62.234494164062916,2021-11-18,77.74224917374674,2021-10-29,12.25627156259108
1434,MHRIL,Mahindra Holidays & Resorts India Limited,2021-11-23,2021-11-24,228.25,229.9499969482422,37.94772098916833,42.78080087805592,4.833079888887589,61.207535308021214,2021-11-18,63.13939691022088,2021-10-29,238.65550413033205
1591,NTPC,NTPC Limited,2021-11-23,2021-11-24,114.37892150878906,115.23571333229165,36.793251291252744,44.1571585070674,7.363907215814656,61.699359821260394,2021-11-18,61.92065440767963,2021-10-29,117.0690674505621
1776,PTC,PTC India Limited,2021-11-23,2021-11-24,79.90441131591797,81.00796321687034,36.987223967023446,42.530397815067126,5.543173848043679,60.79740678000031,2021-11-18,81.67074555558165,2021-10-29,83.59687158053241
1853,RGL,Renaissance Global Limited,2021-11-23,2021-11-24,163.53395080566406,165.0895906698624,34.73963795419958,42.61524352972093,7.875605575521348,64.51788443491392,2021-11-18,87.11347566885352,2021-10-29,172.13366912747716
2046,SHREEPUSHK,Shree Pushkar Chemicals & Fertilisers Limited,2021-11-23,2021-11-24,208.78636169433594,206.05969323008634,38.73100162818691,44.698898034082994,5.967896405896084,61.07689873619625,2021-11-18,60.712237790931056,2021-10-29,217.14726549943467
2340,TRITURBINE,Triveni Turbine Limited,2021-11-23,2021-11-24,178.40235900878906,184.48868413094473,39.54280962782701,48.97851915728443,9.43570952945742,63.34522329979466,2021-11-18,79.9950562892844,2021-10-29,183.11328897176148
2358,UBL,United Breweries Limited,2021-11-23,2021-11-24,1549.272216796875,1549.272233749453,38.76240757382937,40.005529562864155,1.2431219890347833,60.11160067822548,2021-11-18,66.79518102524435,2021-10-29,1617.4887077927156
498,CONFIPET,Confidence Petroleum India Limited,2021-11-24,2021-11-25,77.40740966796875,77.40742690286751,39.98148409208433,41.73085182413778,1.7493677320534502,60.25718585150017,2021-11-18,95.73719916029258,2021-10-29,81.52178232540086
839,GOODLUCK,Goodluck India Limited,2021-11-24,2021-11-25,91.1906509399414,92.32849044713845,39.053268217875384,42.15712514274426,3.1038569248688788,61.43760188688787,2021-11-18,78.2848787702961,2021-10-29,94.572545381965
1605,OIL,Oil India Limited,2021-11-24,2021-11-25,109.13323211669922,110.07427141388825,36.95180247685011,42.045331501878465,5.093529025028353,60.631145059219044,2021-11-18,69.14715601546405,2021-10-29,114.28470913920731
1813,RAMASTEEL,Rama Steel Tubes Limited,2021-11-24,2021-11-25,3.2149345874786377,3.254871609660956,33.347062163694346,40.023998228545096,6.67693606485075,61.938868081730426,2021-11-18,72.0700431323782,2021-10-29,3.361678152978756
2453,VINYLINDIA,Vinyl Chemicals (India) Limited,2021-11-24,2021-11-25,221.8910675048828,222.069866626584,39.93597524117366,41.202388985378576,1.2664137442049181,60.8483696791471,2021-11-18,81.33792558199666,2021-10-29,237.16110440102162
1739,POWERMECH,Power Mech Projects Limited,2021-11-25,2021-11-26,475.3048400878906,477.5503735036282,36.137111684462184,42.359768944285115,6.222657259822931,65.40665966506978,2021-11-18,71.3827768211126,2021-10-29,486.99665399496195
2310,TITAN,Titan Company Limited,2021-11-29,2021-11-30,2286.591064453125,2298.5933925069726,37.79427115167647,41.649445641240504,3.8551744895640354,60.60028894760706,2021-11-26,78.54044706223927,2021-10-29,2374.6883676731422
136,AMBIKCO,Ambika Cotton Mills Limited,2021-11-30,2021-12-01,1719.5850830078125,1730.2789540573278,37.412522366412425,41.64449990623602,4.231977539823596,61.279600871392574,2021-11-26,83.2411942123612,2021-10-29,1831.920771177195
642,ECLERX,eClerx Services Limited,2021-11-30,2021-12-01,727.8310546875,715.0924086274595,39.17588769914799,41.880592920084595,2.704705220936603,60.80662181953839,2021-11-26,76.36427989157553,2021-10-29,763.2945398657649
1074,IRCTC,Indian Railway Catering And Tourism Corporation Limited,2021-11-30,2021-12-01,760.6249389648438,773.873510832791,38.07324519609036,41.3119875326555,3.2387423365651387,60.193923374129845,2021-11-26,92.16305504531472,2021-10-29,818.4312437831056
1763,PRINCEPIPE,Prince Pipes And Fittings Limited,2021-11-30,2021-12-01,723.75,733.0887720708953,38.73974433584088,40.30766619283374,1.5679218569928608,60.608898386302926,2021-11-26,85.51076093600389,2021-10-29,777.1769332218903
1853,RGL,Renaissance Global Limited,2021-11-30,2021-12-01,160.23800659179688,161.7838898071827,37.57608272531151,42.18811340810627,4.61203068279476,64.73014286143162,2021-11-26,87.11347566885352,2021-10-29,168.30096032689244
2396,USHAMART,Usha Martin Limited,2021-11-30,2021-12-01,79.86310577392578,81.10351166519521,37.66582595095643,41.69472091030315,4.028894959346715,62.508585594149295,2021-11-26,80.05231326196822,2021-10-29,84.09773724327158
1367,MANALIPETC,Manali Petrochemicals Limited,2021-12-01,2021-12-02,103.94310760498047,104.51318077053793,39.72579666966388,40.02064728929174,0.29485061962785863,60.48623605896934,2021-11-26,76.13867429676982,2021-11-30,111.08855892192476
2248,TATAELXSI,Tata Elxsi Limited,2021-12-01,2021-12-02,5587.48828125,5615.552131510253,39.07495855070959,43.45278380217906,4.377825251469474,62.74875742852073,2021-11-26,91.25379554451293,2021-11-30,5759.46059886886
573,DELTACORP,Delta Corp Limited,2021-12-02,2021-12-03,242.61903381347656,241.80537409800357,37.32744906134712,40.66182727923608,3.334378217888961,60.83434115047374,2021-11-26,64.27717960425517,2021-11-30,260.4685095479769
1477,MPHASIS,MphasiS Limited,2021-12-02,2021-12-03,2769.779296875,2790.19313829502,39.15080235376945,44.705801025877115,5.554998672107665,60.753698579328585,2021-11-26,76.63064860158397,2021-11-30,2851.769506050268
1813,RAMASTEEL,Rama Steel Tubes Limited,2021-12-02,2021-12-03,3.113759756088257,3.268849419937052,32.72875693845742,41.82562305738587,9.096866118928446,60.61535195083946,2021-11-26,67.38129089002311,2021-11-30,3.256164387793129
2133,SRF,SRF Limited,2021-12-02,2021-12-03,2056.562744140625,2056.8579773202937,39.41746265526106,46.44180445454863,7.024341799287569,61.17042582883621,2021-11-26,77.41393760175305,2021-11-30,2088.804020326349
837,GOLDIAM,Goldiam International Limited,2021-12-03,2021-12-06,122.31656646728516,123.25696309383888,37.99961995700754,43.71224748608216,5.712627529074624,61.12990910554144,2021-11-26,75.2161986679566,2021-11-30,126.87131395418014
2248,TATAELXSI,Tata Elxsi Limited,2021-12-07,2021-12-08,5601.44921875,5696.275988713796,38.669413239159795,46.29270627470498,7.6232930355451884,63.48637839714794,2021-12-03,91.25379554451293,2021-11-30,5699.194853294654
2,21STCENMGM,21st Century Management Services Limited,2021-12-14,2021-12-15,52.439857482910156,52.681962419846755,39.5288710425819,43.35239977896822,3.823528736386322,67.83407235955033,2021-12-10,87.29966307715756,2021-11-30,54.42754215388458
273,BAJAJFINSV,Bajaj Finserv Limited,2021-12-16,2021-12-17,1665.568359375,1660.2486379693487,39.61024851771115,40.283541027285054,0.6732925095739049,62.274190677722736,2021-12-10,78.78936856892462,2021-11-30,1728.4353603113627
902,HATSUN,Hatsun Agro Product Limited,2021-12-17,2021-12-20,1225.042236328125,1205.1774818305853,32.77545054853104,45.910198089939264,13.134747541408224,65.77485808087557,2021-12-10,81.03724577840336,2021-11-30,1243.0506384092807
185,ARIHANTSUP,Arihant Superstructures Limited,2021-12-21,2021-12-22,168.4742889404297,168.32578056884407,39.257533550313276,41.44047993675231,2.182946386439035,66.98703722129281,2021-12-17,79.11908547609733,2021-11-30,177.61866795875125
446,CENTURYPLY,Century Plyboards (India) Limited,2021-12-21,2021-12-22,578.282958984375,574.4072918893752,33.358896301929605,43.324690408969886,9.965794107040281,61.64673750128595,2021-12-17,87.18238254608036,2021-11-30,606.0288654333785
1553,NHPC,NHPC Limited,2021-12-21,2021-12-22,26.142711639404297,26.100478170026395,36.33811633902418,46.520384452433994,10.182268113409812,60.933743335048646,2021-12-17,77.9655085635573,2021-11-30,26.665233161011884
2250,TATAPOWER,Tata Power Company Limited,2021-12-21,2021-12-22,204.83534240722656,207.3486377471084,37.38707267658897,40.20200210150288,2.814929424913906,68.66145270378587,2021-12-17,88.49669774936443,2021-11-30,216.08759936568413
2484,VRLLOG,VRL Logistics Limited,2021-12-21,2021-12-22,203.32302856445312,207.61114417572725,37.20101082173665,45.461024519507326,8.260013697770674,63.32219939858596,2021-12-17,72.10832346451264,2021-11-30,210.96242082161814
591,DHUNINV,Dhunseri Investments Limited,2021-12-22,2021-12-23,617.028076171875,631.8636557076358,39.226162275950514,49.239868647103734,10.01370637115322,61.046237472353305,2021-12-17,78.36255983609303,2021-11-30,618.9384796262191
1934,SALZERELEC,Salzer Electronics Limited,2021-12-22,2021-12-23,182.14305114746094,183.6159043354031,39.17900839966888,43.42605991035649,4.247051510687612,60.74185021783355,2021-12-17,68.4884515096317,2021-11-30,192.5323893485032
2022,SHAREINDIA,Share India Securities Limited,2021-12-22,2021-12-23,174.2320556640625,179.20240931435424,35.619053985093544,66.97718748468833,31.358133499594786,63.626074453975896,2021-12-17,91.69364133014103,2021-11-30,155.46925965903802
2105,SOLARINDS,Solar Industries India Limited,2021-12-22,2021-12-23,2412.7919921875,2413.239009293379,32.37760859683024,40.444556788069406,8.066948191239163,62.861520330673606,2021-12-17,86.75968708498159,2021-11-30,2567.6302602637434
136,AMBIKCO,Ambika Cotton Mills Limited,2021-12-23,2021-12-24,1673.4595947265625,1676.121612129996,39.386369442002845,41.44320577151538,2.056836329512535,62.94234276844184,2021-12-17,73.17476517399786,2021-11-30,1764.6839091196093
224,ASTRAMICRO,Astra Microwave Products Limited,2021-12-23,2021-12-24,227.0723876953125,228.60098940310118,39.22324704933881,40.68518286375692,1.461935814418112,60.109133364870395,2021-12-17,72.85638077752333,2021-11-30,241.21804620010926
1977,SCI,Shipping Corporation Of India Limited,2021-12-23,2021-12-24,130.22113037109375,131.0661321843876,38.95427997448603,45.56575366086862,6.611473686382595,61.68109625272263,2021-12-17,75.5696809469998,2021-11-30,133.45199902308647
2087,SIYSIL,Siyaram Silk Mills Limited,2021-12-23,2021-12-24,380.8720703125,383.04973869770544,39.66458753279444,41.73140905353855,2.0668215207441065,64.58924917229633,2021-12-17,65.49479781965603,2021-11-30,399.30675905901177
185,ARIHANTSUP,Arihant Superstructures Limited,2021-12-24,2021-12-27,169.2664031982422,165.35531084545653,37.87988135438686,44.032694947542154,6.152813593155294,66.98703722129281,2021-12-17,79.11908547609733,2021-11-30,175.0599002777343
1050,INGERRAND,Ingersoll Rand (India) Limited,2021-12-30,2021-12-31,1036.68017578125,1041.8372256606774,38.44723504648978,40.155870563579825,1.7086355170900447,60.342093338337925,2021-12-24,76.1025441090811,2021-11-30,1075.3235619096974
838,GOLDTECH,AION-TECH SOLUTIONS LIMITED,2022-01-14,2022-01-17,83.55000305175781,86.0,39.571516420546715,44.008209146971005,4.43669272642429,73.27087085677496,2022-01-07,90.68596626202829,2021-12-31,90.14735038377118
1756,PREMIER,Premier Limited,2022-01-17,2022-01-18,9.550000190734863,10.0,38.24501135541813,43.4159954467501,5.170984091331974,61.91335683299234,2022-01-14,63.010273209225126,2021-12-31,10.402353396096325
1283,LAOPALA,La Opala RG Limited,2022-01-20,2022-01-21,375.3478698730469,371.22812853671354,38.90136121055668,55.12081000607058,16.219448795513898,65.39010985872696,2022-01-14,77.84193387567987,2021-12-31,367.90525892226105
1689,PERSISTENT,Persistent Systems Limited,2022-01-21,2022-01-24,2071.04150390625,2061.605234119586,35.78863535130607,40.094342297792686,4.305706946486616,63.83048394724412,2022-01-14,95.2178905309925,2021-12-31,2144.2736291002925
120,ALLCARGO,Allcargo Logistics Limited,2022-01-25,2022-01-27,80.52891540527344,79.52008411684038,29.604610052511887,41.15523125531122,11.550621202799334,63.581494415819414,2022-01-21,88.67997988187072,2021-12-31,85.52880800044564
189,AROGRANITE,Aro Granite Industries Limited,2022-01-25,2022-01-27,75.75,75.94999694824219,38.820968063332245,44.60685314300194,5.785885079669697,61.40276384342279,2022-01-21,68.43032495424217,2021-12-31,78.87998170768657
349,BIL,Bhartiya International Limited,2022-01-25,2022-01-27,304.25,302.0,38.85103998304297,50.80252414394281,11.951484160899838,63.88685687633928,2022-01-21,61.98345441410018,2021-12-31,306.1259236836348
385,BOROLTD,Borosil Limited,2022-01-25,2022-01-27,297.8470153808594,297.8470153808594,38.5015899830854,40.60035068631973,2.0987607032343263,60.85402661285165,2022-01-21,87.53451515780195,2021-12-31,316.7878831905722
453,CGPOWER,CG Power and Industrial Solutions Limited,2022-01-25,2022-01-27,179.29354858398438,177.81178564737516,38.46255304961668,49.23671550498688,10.774162455370202,67.15308526893503,2022-01-21,87.73217578788218,2021-12-31,181.1432685593817
642,ECLERX,eClerx Services Limited,2022-01-25,2022-01-27,824.5680541992188,814.8727068111529,38.792883307245425,43.03322812698264,4.240344819737217,60.14715896165314,2022-01-21,81.65818224380016,2021-12-31,875.5097526829735
695,ESABINDIA,Esab India Limited,2022-01-25,2022-01-27,3048.0986328125,3010.7652852305037,37.77907681858688,51.096631594163675,13.317554775576795,70.12896534857425,2022-01-21,87.91206960983833,2021-12-31,3060.372551039271
713,EXPLEOSOL,Expleo Solutions Limited,2022-01-25,2022-01-27,1317.4312744140625,1328.551394198184,36.91529025582632,44.910906359015804,7.995616103189484,66.72665135933462,2022-01-21,84.53321103003243,2021-12-31,1372.4583629975202
834,GOKUL,Gokul Refoils and Solvent Limited,2022-01-25,2022-01-27,39.150001525878906,39.45000076293945,39.97405088377499,47.165158217106644,7.191107333331651,66.86115279885004,2022-01-21,74.58608802557254,2021-12-31,40.309920065094225
955,HITECHCORP,Hitech Corporation Limited,2022-01-25,2022-01-27,290.1176452636719,292.81980984232973,39.72310111287458,49.77035224702803,10.047251134153449,66.08591651792781,2022-01-21,74.47707105757577,2021-12-31,293.16657057918826
1539,NEOGEN,Neogen Chemicals Limited,2022-01-25,2022-01-27,1642.3726806640625,1661.3594406886257,39.458959018730326,45.14171710911785,5.682758090387523,65.04334751843359,2022-01-21,86.75848680203828,2021-12-31,1701.7597284952938
1650,PAGEIND,Page Industries Limited,2022-01-25,2022-01-27,38920.171875,38759.49070612682,38.75340791196387,47.199522818586665,8.446114906622796,65.89907132519275,2022-01-21,77.20636194056607,2021-12-31,39699.46617376893
1732,POLYPLEX,Polyplex Corporation Limited,2022-01-25,2022-01-27,1604.5404052734375,1596.1660734360175,33.802147733048685,40.195043649879146,6.3928959168304615,60.34918981200636,2022-01-21,89.48729058269146,2021-12-31,1662.6623502952389
1956,SAREGAMA,Saregama India Limited,2022-01-25,2022-01-27,458.43170166015625,453.7501757748742,38.19132969134065,40.09035596845404,1.8990262771133928,72.62862151290312,2022-01-21,93.44871220588834,2021-12-31,477.05034364210906
2020,SHARDAMOTR,Sharda Motor Industries Limited,2022-01-25,2022-01-27,761.3070678710938,759.128432153809,35.30568512594682,40.43013772702061,5.124452601073784,65.74694829812003,2022-01-21,76.68924163237553,2021-12-31,810.824712980016
2108,SOMANYCERA,Somany Ceramics Limited,2022-01-25,2022-01-27,825.7132568359375,813.5106010309106,39.11799131898069,41.62202771179107,2.5040363928103773,68.36145717522035,2022-01-21,80.22661031760825,2021-12-31,862.4743869746824
2191,SUPRAJIT,Suprajit Engineering Limited,2022-01-25,2022-01-27,404.4105529785156,394.00110410962117,35.022515573156696,46.14003281683977,11.117517243683075,65.88007666499404,2022-01-21,75.97252016227628,2021-12-31,415.127233274374
2257,TCI,Transport Corporation of India Limited,2022-01-25,2022-01-27,669.4358520507812,670.2520811546275,39.72762465211919,41.258435588614994,1.5308109364958042,70.6616263898522,2022-01-21,83.21583613326175,2021-12-31,733.7596390605332
2285,THANGAMAYL,Thangamayil Jewellery Limited,2022-01-25,2022-01-27,647.4100952148438,638.2711320413628,39.64675224444221,48.623574331039876,8.976822086597664,64.35620579164444,2022-01-21,84.69241399138708,2021-12-31,651.5481664539407
2356,TVTODAY,TV Today Network Limited,2022-01-25,2022-01-27,288.06341552734375,288.063422984774,36.54133596647667,44.08950789969818,7.548171933221504,67.5575335517974,2022-01-21,76.66340721302075,2021-12-31,295.7960373863587
2447,VIMTALABS,Vimta Labs Limited,2022-01-25,2022-01-27,189.1864013671875,190.9249682680696,39.26726017135714,41.877832766720246,2.6105725953631094,66.2499182041866,2022-01-21,74.30310361445032,2021-12-31,199.5545208199461
2546,ZENTEC,Zen Technologies Limited,2022-01-25,2022-01-27,208.27415466308594,204.23725805582845,38.68267435107138,43.43367214708954,4.7509977960181615,62.97086519899632,2022-01-21,81.0456105791571,2021-12-31,215.02920351566374
1283,LAOPALA,La Opala RG Limited,2022-01-27,2022-01-28,375.43841552734375,376.66072633379616,39.3570652146377,54.45726930564511,15.100204091007413,65.68458745517594,2022-01-21,77.84193387567987,2021-12-31,364.9272196921085
551,DBSTOCKBRO,DB (International) Stock Brokers Limited,2022-01-28,2022-01-31,28.200000762939453,29.600000381469727,36.911593338647364,40.68527689030235,3.773683551654983,61.40687804931795,2022-01-21,79.76675286298165,2021-12-31,32.665528595528706
659,ELECON,Elecon Engineering Company Limited,2022-01-28,2022-01-31,87.24024200439453,88.36877624206531,39.08412391441925,41.42239035603814,2.3382664416188916,60.06270278221379,2022-01-21,77.27506993600485,2021-12-31,92.32104434689764
682,ENERGYDEV,Energy Development Company Limited,2022-01-28,2022-01-31,28.100000381469727,28.450000762939453,39.412076655600785,43.39368324222898,3.981606586628196,69.22811357515556,2022-01-21,81.81873339076418,2021-12-31,31.041181304462906
838,GOLDTECH,AION-TECH SOLUTIONS LIMITED,2022-01-28,2022-01-31,79.0,82.9000015258789,39.63083200541808,44.02472615798035,4.393894152562275,61.95145988825644,2022-01-21,90.68596626202829,2021-12-31,84.22245172246834
1243,KPRMILL,K.P.R. Mill Limited,2022-01-28,2022-01-31,641.5787963867188,649.984690026032,39.79542881446793,45.1720632073017,5.376634392833765,73.32885028441653,2022-01-21,90.34511135319097,2021-12-31,668.1089498542269
1325,LPDC,Landmark Property Development Company Limited,2022-01-28,2022-01-31,10.899999618530273,11.399999618530273,39.533364664627925,43.29827474448466,3.764910079856733,67.15595554693166,2022-01-21,77.90510281728623,2021-12-31,12.233539994694775
1442,MINDTECK,Mindteck (India) Limited,2022-01-28,2022-01-31,151.91587829589844,157.0873244026367,39.08543317868139,43.303467472131636,4.218034293450245,66.37138428202165,2022-01-21,80.62535730307334,2021-12-31,168.54645565760094
1644,OSWALAGRO,Oswal Agro Mills Limited,2022-01-28,2022-01-31,32.70000076293945,33.25,39.83920360847604,44.76572863760657,4.926525029130531,63.00610509414866,2022-01-21,84.73087718387153,2021-12-31,34.668046155527044
1674,PATELENG,Patel Engineering Limited,2022-01-28,2022-01-31,25.939130783081055,26.75826072692871,38.183254503937995,45.20428308184132,7.021028577903323,62.89066315980768,2022-01-21,64.18302569419811,2021-12-31,27.04041565517715
1732,POLYPLEX,Polyplex Corporation Limited,2022-01-28,2022-01-31,1643.7431640625,1661.080880587291,38.24488849170604,47.66837332473498,9.423484833028937,60.34918981200636,2022-01-21,89.48729058269146,2021-12-31,1654.8146058257396
1974,SCHAEFFLER,Schaeffler India Limited,2022-01-28,2022-01-31,1684.5006103515625,1713.2402677653538,39.813697513843664,46.94028977290863,7.126592259064964,71.7786867201285,2022-01-21,80.58227565308394,2021-12-31,1718.6586506849612
2020,SHARDAMOTR,Sharda Motor Industries Limited,2022-01-28,2022-01-31,768.0850219726562,761.0650037952884,38.61717998751277,43.00893055455919,4.391750567046422,65.74694829812003,2022-01-21,76.68924163237553,2021-12-31,801.9066498793715
2261,TCS,Tata Consultancy Services Limited,2022-01-28,2022-01-31,3217.335205078125,3268.733112101142,38.40181072497794,42.37927777952773,3.977467054549791,60.16112444141733,2022-01-21,68.0967987311351,2021-12-31,3307.281763986781
2396,USHAMART,Usha Martin Limited,2022-01-28,2022-01-31,83.4889144897461,85.87431703746984,36.09588867751996,43.964491798646115,7.8686031211261565,61.808606936159194,2022-01-21,77.55517029234063,2021-12-31,85.95983810579169
2356,TVTODAY,TV Today Network Limited,2022-01-31,2022-02-01,284.11041259765625,285.5610865993612,39.08019934857454,42.99393890543297,3.913739556858431,60.161801765955836,2022-01-28,76.66340721302075,2021-12-31,292.3036312633764
1193,KEI,KEI Industries Limited,2022-02-01,2022-02-02,1088.87255859375,1102.17518652214,39.003525809882795,43.684565887051356,4.681040077168561,60.313951346336424,2022-01-28,74.61855691871727,2022-01-31,1121.120661100395
41,ACCURACY,Accuracy Shipping Limited,2022-02-02,2022-02-03,19.67555046081543,20.5327413439883,38.459597721841334,41.78169721541308,3.3220994935717485,64.25464831927661,2022-01-28,82.31513568385517,2022-01-31,20.387318960015268
411,CALSOFT,California Software Company Limited,2022-02-02,2022-02-03,39.95000076293945,41.400001525878906,38.30232556109784,41.80581542322675,3.503489862128909,61.69179070419065,2022-01-28,66.32793128516427,2022-01-31,42.851102396118215
1325,LPDC,Landmark Property Development Company Limited,2022-02-02,2022-02-03,10.25,10.050000190734863,38.005425764481544,40.83257694972976,2.827151185248219,61.85434804677682,2022-01-28,71.20778378342511,2022-01-31,11.722606998186423
1442,MINDTECK,Mindteck (India) Limited,2022-02-02,2022-02-03,143.94488525390625,143.94487904731866,37.88251182997746,41.184104215523135,3.301592385545675,60.74103265266038,2022-01-28,72.3139550992477,2022-01-31,162.11056463499847
456,CHAMBLFERT,Chambal Fertilizers & Chemicals Limited,2022-02-03,2022-02-04,364.1110534667969,366.1912078548568,39.905469287741184,41.44011626426403,1.5346469765228434,61.39873485330079,2022-01-28,83.42018451570499,2022-01-31,386.8481570474871
202,ASAL,Automotive Stampings and Assemblies Limited,2022-02-04,2022-02-07,522.5999755859375,548.7000122070312,39.3141393745104,43.0386908279541,3.724551453443702,61.48636800727564,2022-01-28,73.06415479136564,2022-01-31,577.7699077494361
476,CLEDUCATE,CL Educate Limited,2022-02-09,2022-02-10,53.54999923706055,55.0,32.934915034827355,40.885811881355956,7.9508968465286,60.090945164746586,2022-02-04,69.2902814598678,2022-01-31,57.04604916269467
812,GLOBUSSPR,Globus Spirits Limited,2022-02-09,2022-02-10,1374.169677734375,1394.7208475585064,37.98295299048672,42.7204878550751,4.737534864588376,63.07333124897259,2022-02-04,82.38238056292597,2022-01-31,1463.6367455939019
838,GOLDTECH,AION-TECH SOLUTIONS LIMITED,2022-02-09,2022-02-10,74.69999694824219,78.4000015258789,38.39219328250144,41.61361997533211,3.2214266928306685,60.867407767084664,2022-02-04,78.68801367464201,2022-01-31,80.45914367368552
1469,MONTECARLO,Monte Carlo Fashions Limited,2022-02-09,2022-02-10,523.3040161132812,527.6185095755613,39.57192888006682,43.50937493494038,3.9374460548735613,64.97398449637873,2022-02-04,77.19651086813407,2022-01-31,553.8370826160224
1934,SALZERELEC,Salzer Electronics Limited,2022-02-09,2022-02-10,208.21258544921875,208.0652797100275,37.455362846948965,46.47960027633494,9.024237429385977,61.083274475861344,2022-02-04,69.64469328280308,2022-01-31,214.66982251980627
2020,SHARDAMOTR,Sharda Motor Industries Limited,2022-02-09,2022-02-10,764.8896484375,784.3036184466717,38.683889440196204,45.57767177496533,6.893782334769128,60.236364849852194,2022-02-04,68.73951440107479,2022-01-31,780.5130367196432
834,GOKUL,Gokul Refoils and Solvent Limited,2022-02-10,2022-02-11,37.400001525878906,37.150001525878906,39.403291154550104,42.73019200022097,3.3269008456708633,63.82726603259503,2022-02-04,67.6474384012107,2022-01-31,39.08084766878569
913,HCL-INSYS,HCL Infosystems Limited,2022-02-10,2022-02-11,21.799999237060547,21.700000762939453,39.41618516336626,42.01091817992338,2.5947330165571216,63.1110011229773,2022-02-04,70.60985329372724,2022-01-31,23.85152897146922
1539,NEOGEN,Neogen Chemicals Limited,2022-02-10,2022-02-11,1577.8565673828125,1569.6553737791687,38.265951483411925,40.0442884667885,1.778336983376576,66.59326308315244,2022-02-04,86.92475712746169,2022-01-31,1663.7706925336947
1897,RTNPOWER,RattanIndia Power Limited,2022-02-10,2022-02-11,6.5,6.599999904632568,39.82992258757037,44.64679501128323,4.816872423712859,62.41924205640713,2022-02-04,60.262419390540096,2022-01-31,6.9190351800913374
2201,SURANASOL,Surana Solar Limited,2022-02-10,2022-02-11,28.149999618530273,28.649999618530273,38.04010112099121,42.16912979683053,4.129028675839322,65.24288617478601,2022-02-04,83.50841208438624,2022-01-31,31.10371906758458
41,ACCURACY,Accuracy Shipping Limited,2022-02-11,2022-02-14,20.453001022338867,20.233721342810476,35.59799841950158,54.16220580864918,18.564207389147604,64.88905464732144,2022-02-04,82.31513568385517,2022-01-31,19.97730882719874
311,BCG,Brightcom Group Limited,2022-02-11,2022-02-14,94.03028869628906,89.32877349853516,37.662830103891494,42.8790207820466,5.216190678155108,70.64045248432788,2022-02-04,97.61640437065655,2022-01-31,101.04840833810157
10,A2ZINFRA,A2Z Infra Engineering Limited,2022-02-15,2022-02-16,10.25,10.199999809265137,38.77356736327713,43.449306951901654,4.675739588624523,62.26275640271506,2022-02-11,60.893486095318785,2022-01-31,11.074854514503258
200,ASAHIINDIA,Asahi India Glass Limited,2022-02-15,2022-02-16,518.0059204101562,523.638605013102,36.85307880066495,45.50990872146174,8.656829920796788,65.88527112783868,2022-02-11,82.0955895591212,2022-01-31,539.9408197104043
323,BEML,BEML Limited,2022-02-15,2022-02-16,718.6624145507812,718.6624194208222,38.379953308632864,42.22715032806239,3.8471970194295295,63.10900165674805,2022-02-11,66.92476969493974,2022-01-31,742.291959320196
386,BORORENEW,BOROSIL RENEWABLES LIMITED,2022-02-15,2022-02-16,621.7000122070312,638.0,38.50320637257507,45.668789716171965,7.165583343596893,62.61006163515763,2022-02-11,86.26769676297602,2022-01-31,642.999520494958
446,CENTURYPLY,Century Plyboards (India) Limited,2022-02-15,2022-02-16,590.357421875,600.7425746118413,36.17773249774702,41.46330263703334,5.285570139286314,62.149207234150836,2022-02-11,84.38094920453526,2022-01-31,616.188071038638
797,GINNIFILA,Ginni Filaments Limited,2022-02-15,2022-02-16,47.400001525878906,48.5,38.116497563094065,42.28747495567289,4.170977392578827,62.22192738504258,2022-02-11,75.2490346670203,2022-01-31,51.703097286961174
855,GREAVESCOT,Greaves Cotton Limited,2022-02-15,2022-02-16,176.2816619873047,178.25693869301273,39.77285427637715,42.96308358563085,3.190229309253695,60.652732605373586,2022-02-11,68.81873185723114,2022-01-31,192.46765182497387
1035,INDORAMA,Indo Rama Synthetics (India) Limited,2022-02-15,2022-02-16,70.80000305175781,71.3499984741211,38.43050562297616,41.75955613349418,3.329050510518016,63.83718635228206,2022-02-11,74.48425470399545,2022-01-31,77.01091179384406
1188,KCPSUGIND,KCP Sugar and Industries Corporation Limited,2022-02-15,2022-02-16,25.323657989501953,25.372825761456063,37.75323898473867,43.33085316173112,5.577614176992448,61.111633335381356,2022-02-11,67.02617942736094,2022-01-31,27.435895613433317
1241,KPITTECH,KPIT Technologies Limited,2022-02-15,2022-02-16,560.4076538085938,575.9057921230317,32.38930335018917,42.272830496499324,9.883527146310158,62.89358781522673,2022-02-11,88.60359393987424,2022-01-31,596.2986334629617
1301,LGBBROSLTD,LG Balakrishnan & Bros Limited,2022-02-15,2022-02-16,589.4421997070312,605.0085670103498,39.70435978151562,43.622193938695645,3.9178341571800246,62.205688823647364,2022-02-11,76.07065293643599,2022-01-31,616.970970476587
1558,NIITLTD,NIIT Limited,2022-02-15,2022-02-16,416.3349914550781,416.6753739371958,39.883949150246316,48.338764091209725,8.45481494096341,60.48933154912147,2022-02-11,72.22302388724002,2022-01-31,421.92246357290355
1711,PITTIENG,Pitti Engineering Limited,2022-02-15,2022-02-16,248.24188232421875,256.1257146133546,39.53662042551907,43.51914238345982,3.9825219579407545,68.55150586859746,2022-02-11,82.7525312146976,2022-01-31,262.3235274187172
1751,PRECAM,Precision Camshafts Limited,2022-02-15,2022-02-16,148.71170043945312,150.70100272733194,38.19741538434429,42.004489029365736,3.807073645021447,65.13434921168259,2022-02-11,78.79393251205683,2022-01-31,160.11273072544327
1760,PRICOLLTD,Pricol Limited,2022-02-15,2022-02-16,119.79288482666016,120.39085669375292,37.973715425051815,43.065282854209094,5.09156742915728,60.758089642852504,2022-02-11,73.74263305492246,2022-01-31,125.70514515612149
1945,SANGAMIND,Sangam (India) Limited,2022-02-15,2022-02-16,334.4822692871094,339.93844710723687,36.60356448856004,43.38137837379643,6.777813885236391,66.12687918458083,2022-02-11,80.53582181804002,2022-01-31,353.14591653719094
2013,SHALPAINTS,Shalimar Paints Limited,2022-02-15,2022-02-16,127.4000015258789,129.8000030517578,37.682058811588696,46.18337919658683,8.501320384998131,70.55170046421978,2022-02-11,62.29369948100651,2022-01-31,132.21371074744906
2118,SPAL,S. P. Apparels Limited,2022-02-15,2022-02-16,429.2517395019531,439.9632128391974,36.35278873581011,42.97710753415804,6.624318798347929,62.69351882451286,2022-02-11,73.322834988943,2022-01-31,458.99029520472635
2233,TALBROAUTO,Talbros Automotive Components Limited,2022-02-15,2022-02-16,97.83991241455078,98.91399384020916,38.74273880907457,45.92659948101362,7.183860671939051,63.889746877452765,2022-02-11,80.01981612315932,2022-01-31,102.73501866926905
2250,TATAPOWER,Tata Power Company Limited,2022-02-15,2022-02-16,222.7185516357422,225.618543985428,37.15549282028043,45.04970364555885,7.894210825278421,62.966533979222426,2022-02-11,90.54172901841602,2022-01-31,230.297083791426
2337,TRIDENT,Trident Limited,2022-02-15,2022-02-16,53.08209228515625,55.188524846479154,37.03129813649343,44.97782537420984,7.94652723771641,62.5598508877045,2022-02-11,96.4453306084217,2022-01-31,55.255334348805896
2412,VARDHACRLC,Vardhman Acrylics Limited,2022-02-15,2022-02-16,49.724205017089844,50.88473767365549,35.02339427753955,42.39871823069999,7.375323953160439,60.08308402267263,2022-02-11,82.69303986668511,2022-01-31,52.43942037912633
448,CEREBRAINT,Cerebra Integrated Technologies Limited,2022-02-16,2022-02-17,84.94999694824219,86.69999694824219,38.77272340052283,52.78889610101769,14.016172700494863,62.191150667242034,2022-02-11,76.09265515162745,2022-01-31,83.0836081024376
1110,JBMA,JBM Auto Limited,2022-02-16,2022-02-17,261.4092712402344,269.5146001571339,39.82458594913232,40.259340994903965,0.43475504577164514,73.82830249798033,2022-02-11,90.27937853668469,2022-01-31,281.51022471049123
1608,OLECTRA,Olectra Greentech Limited,2022-02-16,2022-02-17,776.6651611328125,783.8546385111216,36.59033017772117,45.96695440997073,9.376624232249561,63.32506423680919,2022-02-11,86.32885190900176,2022-01-31,793.6381602675361
1721,PNC,Pritish Nandy Communications Limited,2022-02-16,2022-02-17,53.650001525878906,54.5,39.32582450099096,43.44783279891081,4.122008297919848,61.268515595740716,2022-02-11,67.84311127114431,2022-01-31,56.189458582487056
2202,SURANAT&P,Surana Telecom and Power Limited,2022-02-16,2022-02-17,13.100000381469727,13.699999809265137,39.84391788098237,44.36795021402259,4.524032333040225,63.317930733224145,2022-02-11,79.60896132408364,2022-01-31,14.071948805292147
2277,TEXMOPIPES,Texmo Pipes and Products Limited,2022-02-16,2022-02-17,83.3499984741211,85.80000305175781,34.067831586828234,47.21405391343959,13.146222326611358,66.84658350293263,2022-02-11,81.08859998975505,2022-01-31,86.07789959304692
2510,WENDT,Wendt (India) Limited,2022-02-16,2022-02-17,4905.447265625,4907.97998949928,39.44964947753284,42.24462872899603,2.7949792514631895,60.328933597372696,2022-02-11,69.75504734270571,2022-01-31,5056.068069439987
453,CGPOWER,CG Power and Industrial Solutions Limited,2022-02-17,2022-02-18,171.2426300048828,172.87257243984385,38.449841854104584,46.708563325405265,8.258721471300682,60.94510655299497,2022-02-11,77.58417151854186,2022-01-31,173.4221948008908
1116,JINDALPOLY,Jindal Poly Films Limited,2022-02-17,2022-02-18,1073.9193115234375,1083.6870250191164,39.97369870692257,45.185151406974335,5.211452700051765,66.29410300441384,2022-02-11,80.02351112780617,2022-01-31,1129.873550285238
2321,TOTAL,Total Transport Systems Limited,2022-02-17,2022-02-18,82.64434814453125,83.08946727195325,39.61055535311281,46.94993938702296,7.33938403391015,69.6906370101013,2022-02-11,63.55473149542417,2022-01-31,84.85713661465331
238,AURIONPRO,Aurionpro Solutions Limited,2022-02-18,2022-02-21,148.73947143554688,152.80607601435256,36.14905159021017,43.22626077181673,7.0772091816065625,63.247030991956436,2022-02-11,80.67201749073696,2022-01-31,156.8303220289042
362,BLBLIMITED,BLB Limited,2022-02-18,2022-02-21,20.850000381469727,20.850000381469727,39.90571112273144,41.41569792398775,1.5099868012563107,62.46255908055871,2022-02-11,80.25283813746118,2022-01-31,22.847876999861484
797,GINNIFILA,Ginni Filaments Limited,2022-02-18,2022-02-21,48.099998474121094,48.099998474121094,39.48080653688882,45.34241498209732,5.861608445208496,62.22192738504258,2022-02-11,75.2490346670203,2022-01-31,50.58767650094996
1038,INDOTHAI,Indo Thai Securities Limited,2022-02-18,2022-02-21,29.683679580688477,31.164409637451172,38.77577138248476,44.069029987604864,5.293258605120101,62.5999115000514,2022-02-11,94.6611745166471,2022-01-31,31.279064876344833
1189,KDDL,KDDL Limited,2022-02-18,2022-02-21,933.8251342773438,942.772138272033,38.877360952398604,46.246727467637996,7.369366515239392,74.34487208703118,2022-02-11,87.02632884645344,2022-01-31,966.7864264490476
1644,OSWALAGRO,Oswal Agro Mills Limited,2022-02-18,2022-02-21,30.5,30.0,38.77706567985541,41.736258505200475,2.9591928253450632,60.27299477666395,2022-02-11,70.95032756556944,2022-01-31,32.40575652318912
1110,JBMA,JBM Auto Limited,2022-02-21,2022-02-22,256.5858459472656,248.62968171200248,34.55463865659493,40.71995542914089,6.165316772545957,61.30728237563407,2022-02-18,90.27937853668469,2022-01-31,274.4227371574276
1120,JINDWORLD,Jindal Worldwide Limited,2022-02-21,2022-02-22,56.60008239746094,56.130826229879055,39.75819349870056,41.03140559566267,1.2732120969621121,67.51206375057674,2022-02-18,89.46250921125349,2022-01-31,62.00240092788055
246,AVADHSUGAR,Avadh Sugar & Energy Limited,2022-02-22,2022-02-23,490.237548828125,497.6294259090777,39.54459121747021,41.17032392993724,1.6257327124670269,60.5887090560016,2022-02-18,76.22808241137741,2022-01-31,535.8067127487492
1241,KPITTECH,KPIT Technologies Limited,2022-02-22,2022-02-23,555.5493774414062,562.5939656220417,36.933256567401465,44.41572270877066,7.482466141369194,60.23977632568215,2022-02-18,88.60359393987424,2022-01-31,579.1980029572152
2176,SUNDARAM,Sundaram Multi Pap Limited,2022-02-22,2022-02-23,3.9000000953674316,4.0,37.70839915207883,40.82635962584976,3.1179604737709283,60.30592793608804,2022-02-18,73.77366506701316,2022-01-31,4.243816911370942
120,ALLCARGO,Allcargo Logistics Limited,2022-02-23,2022-02-24,79.62689971923828,75.95947257756008,39.595825832116226,42.844308073062585,3.248482240946359,61.140233933505414,2022-02-18,72.48783062091901,2022-01-31,82.62438212056637
318,BEDMUTHA,Bedmutha Industries Limited,2022-02-23,2022-02-24,73.25,71.94999694824219,37.07157277446335,43.90138430791906,6.829811533455711,60.49220237800286,2022-02-18,81.62029637154436,2022-01-31,76.91075572057123
632,DWARKESH,Dwarikesh Sugar Industries Limited,2022-02-23,2022-02-24,83.82349395751953,75.81549353498974,38.537826232757745,47.45123656137319,8.913410328615448,61.98478280952281,2022-02-18,77.64776865054102,2022-01-31,86.19956106379419
662,ELGIEQUIP,Elgi Equipments Limited,2022-02-23,2022-02-24,345.3047180175781,328.5576355768945,39.85739592364737,47.44481980124851,7.58742387760114,69.66571519433829,2022-02-18,79.80243903416398,2022-01-31,358.3114012807916
797,GINNIFILA,Ginni Filaments Limited,2022-02-23,2022-02-24,46.5,44.0,39.243277402934204,44.2182942407942,4.975016837859997,60.64788881120999,2022-02-18,75.2490346670203,2022-01-31,49.32845718150214
1035,INDORAMA,Indo Rama Synthetics (India) Limited,2022-02-23,2022-02-24,69.0,67.5,39.584047493318245,41.70921920691766,2.125171713599414,64.37777278528111,2022-02-18,74.48425470399545,2022-01-31,74.74584751000815
1161,KABRAEXTRU,Kabra Extrusion Technik Limited,2022-02-23,2022-02-24,408.7349548339844,390.51729665435914,36.85453647306664,40.43604546724222,3.5815089941755787,66.57906372739066,2022-02-18,91.34228909186997,2022-01-31,451.6911891355323
1233,KOTHARIPET,Kothari Petrochemicals Limited,2022-02-23,2022-02-24,80.08851623535156,72.06525523368522,39.66423896055233,42.39340749055517,2.7291685300028377,63.05325474411261,2022-02-18,86.459447211009,2022-01-31,86.52036499188777
1753,PRECWIRE,Precision Wires India Limited,2022-02-23,2022-02-24,59.453060150146484,56.49327087402344,39.91582711842988,44.56687217153704,4.651045053107161,66.91543260592516,2022-02-18,90.17230704315513,2022-01-31,63.38688357049897
1945,SANGAMIND,Sangam (India) Limited,2022-02-23,2022-02-24,310.6603088378906,295.8020141697547,33.7337059997039,40.41498552022168,6.681279520517776,64.45384152082907,2022-02-18,80.53582181804002,2022-01-31,339.42452477671037
2356,TVTODAY,TV Today Network Limited,2022-02-23,2022-02-24,271.562255859375,268.3708662707826,37.05511531516375,41.68358056593526,4.628465250771512,63.339745787512896,2022-02-18,68.18262116612894,2022-01-31,284.30662543485187
81,AGARIND,Agarwal Industrial Corporation Limited,2022-02-25,2022-02-28,463.93536376953125,461.61246777052094,34.528242621637304,41.20375519870773,6.675512577070428,66.27251588720725,2022-02-18,70.11535653311931,2022-01-31,509.382113117274
120,ALLCARGO,Allcargo Logistics Limited,2022-02-25,2022-02-28,77.77538299560547,75.95947469890174,34.94572106651732,42.34340991747973,7.39768885096241,61.140233933505414,2022-02-18,72.48783062091901,2022-01-31,81.50326855435253
138,AMDIND,AMD Industries Limited,2022-02-25,2022-02-28,45.48398971557617,45.48399179367729,37.536309483663445,44.3984290757906,6.862119592127158,67.06629429786378,2022-02-18,68.00052865361724,2022-01-31,48.303229329620414
221,ASTEC,Astec LifeSciences Limited,2022-02-25,2022-02-28,1477.905517578125,1446.8133892195985,29.52098310721054,43.174577594732526,13.653594487521985,63.58084744716529,2022-02-18,72.28158017052857,2022-01-31,1568.4150836720753
246,AVADHSUGAR,Avadh Sugar & Energy Limited,2022-02-25,2022-02-28,487.3172912597656,483.48444178387274,39.3588868081056,42.938380165755824,3.5794933576502217,60.5887090560016,2022-02-18,76.22808241137741,2022-01-31,524.2037135318612
315,BDL,Bharat Dynamics Limited,2022-02-25,2022-02-28,210.63478088378906,205.3427067890257,35.77588772026877,44.77808086243118,9.002193142162412,61.54617718102093,2022-02-18,68.43486442092629,2022-01-31,218.41347639442918
318,BEDMUTHA,Bedmutha Industries Limited,2022-02-25,2022-02-28,72.0999984741211,74.9000015258789,39.432158491138544,43.40687167986885,3.9747131887303055,60.49220237800286,2022-02-18,81.62029637154436,2022-01-31,75.90640979991763
400,BSE,BSE Limited,2022-02-25,2022-02-28,206.67442321777344,203.00696148370682,37.19750792140923,42.34148555532908,5.143977633919846,74.51984858347195,2022-02-18,85.50151439555759,2022-01-31,222.02849178364974
415,CANBK,Canara Bank,2022-02-25,2022-02-28,36.9777946472168,36.647707947521596,33.17252211770638,40.4690176225321,7.296495504825721,60.54581913029289,2022-02-18,62.01864695211253,2022-01-31,39.844022013696055
448,CEREBRAINT,Cerebra Integrated Technologies Limited,2022-02-25,2022-02-28,74.9000015258789,75.30000305175781,31.85818953918553,41.04287870825486,9.18468916906933,64.2690427136098,2022-02-18,76.09265515162745,2022-01-31,80.7189761083195
632,DWARKESH,Dwarikesh Sugar Industries Limited,2022-02-25,2022-02-28,82.11766052246094,81.2647360504516,39.50459237991155,46.93502235721703,7.430429977305479,61.98478280952281,2022-02-18,77.64776865054102,2022-01-31,85.00162063317184
697,ESCORTS,Escorts Kubota Limited,2022-02-25,2022-02-28,1767.8118896484375,1763.8623681014724,32.85743496043952,46.67268498919016,13.81525002875064,69.03599068088518,2022-02-18,72.90315781457439,2022-01-31,1779.0921755380077
719,FCL,Fineotex Chemical Limited,2022-02-25,2022-02-28,14.939173698425293,14.244213671670705,37.93050508327468,45.29219844105132,7.3616933577766375,69.47964533508876,2022-02-18,79.95693268585546,2022-01-31,15.73009629745629
797,GINNIFILA,Ginni Filaments Limited,2022-02-25,2022-02-28,43.04999923706055,43.0,35.61554444072934,41.18968160792835,5.574137167199012,60.64788881120999,2022-02-18,75.2490346670203,2022-01-31,48.003270391630366
833,GOKEX,Gokaldas Exports Limited,2022-02-25,2022-02-28,342.35186767578125,339.55552555870264,38.54841799114336,43.0082366125956,4.459818621452243,66.16471172147857,2022-02-18,88.84726398743578,2022-01-31,363.7278773669592
1050,INGERRAND,Ingersoll Rand (India) Limited,2022-02-25,2022-02-28,1206.2275390625,1188.4284620971641,38.15642044649465,44.360301960297456,6.203881513802806,71.40054573258034,2022-02-18,81.63496050153464,2022-01-31,1256.6371557128814
1080,ISFT,Intrasoft Technologies Limited,2022-02-25,2022-02-28,194.75006103515625,196.6881029210777,37.767214957104294,40.277316109527476,2.510101152423182,64.30053318804886,2022-02-18,62.30392890091667,2022-01-31,210.16191880076119
1120,JINDWORLD,Jindal Worldwide Limited,2022-02-25,2022-02-28,58.487083435058594,58.46711629382342,38.37829783936496,47.09443603302842,8.716138193663461,67.51206375057674,2022-02-18,89.46250921125349,2022-01-31,60.57007441098489
1161,KABRAEXTRU,Kabra Extrusion Technik Limited,2022-02-25,2022-02-28,409.8977966308594,406.99070648423884,34.78309350469702,43.554877396874865,8.771783892177844,66.57906372739066,2022-02-18,91.34228909186997,2022-01-31,441.3585314939671
1195,KENNAMET,Kennametal India Limited,2022-02-25,2022-02-28,1862.01708984375,1848.5031942111443,37.239071521225064,53.41279126105085,16.173719739825785,70.90418055836528,2022-02-18,84.55457455911468,2022-01-31,1824.3665652239113
1217,KITEX,Kitex Garments Limited,2022-02-25,2022-02-28,74.30654907226562,73.52231352715648,34.636776110511605,45.12263042728801,10.485854316776404,63.842350862109626,2022-02-18,73.85265523241699,2022-01-31,78.33297741027938
1233,KOTHARIPET,Kothari Petrochemicals Limited,2022-02-25,2022-02-28,78.02264404296875,77.83047211928175,36.628812387191495,42.20400679850679,5.5751944113152945,63.05325474411261,2022-02-18,86.459447211009,2022-01-31,84.71600001448142
1241,KPITTECH,KPIT Technologies Limited,2022-02-25,2022-02-28,550.1566162109375,549.9623173132421,39.46922642403652,44.80111399256409,5.33188756852757,60.23977632568215,2022-02-18,88.60359393987424,2022-01-31,570.5168758974604
1318,LOKESHMACH,Lokesh Machines Limited,2022-02-25,2022-02-28,67.4000015258789,67.5999984741211,33.10722480912422,41.10978064190362,8.0025558327794,60.64464033268617,2022-02-18,68.59199059153575,2022-01-31,73.56448588626459
1365,MANAKSIA,Manaksia Limited,2022-02-25,2022-02-28,65.63645935058594,65.44812984131904,36.70194023985276,44.72428571274129,8.022345472888532,61.92856352167695,2022-02-18,66.7770983249688,2022-01-31,68.8885612090684
1558,NIITLTD,NIIT Limited,2022-02-25,2022-02-28,404.5675354003906,394.06433813052234,39.48749787511268,45.180614164182415,5.693116289069735,60.78324840452982,2022-02-18,72.22302388724002,2022-01-31,418.78854001009535
1635,ORIENTHOT,Oriental Hotels Limited,2022-02-25,2022-02-28,48.12205505371094,47.58136128540939,38.561481437871365,43.50740267596226,4.945921238090897,65.41228515349519,2022-02-18,71.5548196963263,2022-01-31,51.51042258548697
1851,RESPONIND,Responsive Industries Limited,2022-02-25,2022-02-28,188.4834747314453,187.5358302459685,35.990240947029676,50.51560473817511,14.52536379114543,69.61405046998873,2022-02-18,69.56230214102916,2022-01-31,189.46529878190458
1901,RUBYMILLS,The Ruby Mills Limited,2022-02-25,2022-02-28,156.11878967285156,155.75259997661016,37.34430541280502,41.04717596838116,3.7028705555761405,63.362729417708316,2022-02-18,65.54825053487012,2022-01-31,172.44106222062788
1945,SANGAMIND,Sangam (India) Limited,2022-02-25,2022-02-28,301.6478576660156,287.4228697068932,34.27582364164604,40.859291058514735,6.583467416868693,64.45384152082907,2022-02-18,80.53582181804002,2022-01-31,331.28196521811356
2013,SHALPAINTS,Shalimar Paints Limited,2022-02-25,2022-02-28,125.3499984741211,123.0,37.509943072673565,44.671436343191935,7.1614932705183705,71.1988114879776,2022-02-18,62.29369948100651,2022-01-31,131.09666498734728
2022,SHAREINDIA,Share India Securities Limited,2022-02-25,2022-02-28,210.1216278076172,204.5269651258439,31.84734236003439,41.69277133624813,9.84542897621374,66.65675250468362,2022-02-18,95.50871976797609,2022-01-31,222.42567520392836
2183,SUNPHARMA,Sun Pharmaceutical Industries Limited,2022-02-25,2022-02-28,797.72607421875,787.6051824697258,38.12280738787325,43.78419266349738,5.661385275624127,61.506090317196715,2022-02-18,68.99368025223822,2022-01-31,815.9746068367851
2233,TALBROAUTO,Talbros Automotive Components Limited,2022-02-25,2022-02-28,88.54430389404297,88.87017433981202,33.7656487461029,41.7990499684879,8.033401222385002,60.712196735277196,2022-02-18,80.01981612315932,2022-01-31,95.64710740656339
2248,TATAELXSI,Tata Elxsi Limited,2022-02-25,2022-02-28,6172.78662109375,6139.784575418854,33.17187601514652,43.37330578716176,10.201429772015238,65.23310470071917,2022-02-18,94.4162117673204,2022-01-31,6513.365681160233
2347,TTL,T T Limited,2022-02-25,2022-02-28,10.197831153869629,10.053499529198323,30.906016907893246,42.487994051066345,11.581977143173098,60.91187749714409,2022-02-18,73.64199906880728,2022-01-31,10.968283122295965
2356,TVTODAY,TV Today Network Limited,2022-02-25,2022-02-28,273.59320068359375,271.27213605853836,36.82823541136191,44.98426248362914,8.156027072267229,63.339745787512896,2022-02-18,68.18262116612894,2022-01-31,281.35628496278434
857,GREENPANEL,Greenpanel Industries Limited,2022-03-09,2022-03-10,469.2206115722656,478.74723719187847,37.60313712327241,51.83099037970474,14.227853256432326,69.19730256453019,2022-03-04,82.81898029806099,2022-02-28,463.98322616192877
697,ESCORTS,Escorts Kubota Limited,2022-03-10,2022-03-11,1749.7012939453125,1748.4488764925281,36.000843053042,46.652414880057286,10.651571827015289,64.54133742279929,2022-03-04,72.91532499671384,2022-02-28,1761.0968050297101
1022,INDIANCARD,Indian Card Clothing Company Limited,2022-03-10,2022-03-11,218.3299102783203,223.0789425992086,36.75366665163007,45.4187917247656,8.665125073135528,61.66231308606585,2022-03-04,69.09654903511394,2022-02-28,223.84795688773244
854,GRAVITA,Gravita India Limited,2022-04-01,2022-04-04,328.6976623535156,332.9843918831894,38.517385050422526,45.591170854314576,7.073785803892051,72.04168475587963,2022-03-25,78.2399925217897,2022-03-31,339.43353581103696
1120,JINDWORLD,Jindal Worldwide Limited,2022-04-01,2022-04-04,59.5853385925293,61.1029303573995,37.99346313237746,49.763897240373225,11.770434107995769,67.80489077655963,2022-03-25,76.37099048644163,2022-03-31,59.573608002474124
942,HINDALCO,Hindalco Industries Limited,2022-04-13,2022-04-18,528.5443725585938,526.8043945469149,38.42119181654941,40.105669539539164,1.6844777229897545,62.64117502439908,2022-04-08,74.28706475562285,2022-03-31,558.6009334070166
354,BIRLACABLE,Birla Cable Limited,2022-04-20,2022-04-21,143.70909118652344,145.06758202242796,39.31704626577369,44.01582698200299,4.698780716229301,72.01354098870972,2022-04-13,71.83645094920759,2022-03-31,150.45315656609853
2122,SPECIALITY,Speciality Restaurants Limited,2022-04-20,2022-04-21,142.90963745117188,144.76055995021994,38.16939418228505,41.199394903749315,3.030000721464262,69.62687833282341,2022-04-13,78.00300369235008,2022-03-31,152.80137816836086
2789,SRPL,SRPL,2022-04-20,2022-04-21,11.210000038146973,11.675000190734863,34.77157623443489,41.54018717065562,6.768610936220732,73.35407228874203,2022-04-13,89.53723678830794,2022-03-31,12.024608825018609
2151,STEELXIND,STEEL EXCHANGE INDIA LIMITED,2022-04-20,2022-04-21,22.815000534057617,23.489999771118164,38.43347313748043,44.25167357193635,5.8182004344559175,65.65612283689819,2022-04-13,91.67353521439294,2022-03-31,23.670684587311595
446,CENTURYPLY,Century Plyboards (India) Limited,2022-04-21,2022-04-22,634.8292236328125,634.0342820435758,38.485779567812365,42.56081738261928,4.075037814806912,60.495357968146216,2022-04-13,88.80609204024972,2022-03-31,658.81095993973
1161,KABRAEXTRU,Kabra Extrusion Technik Limited,2022-04-21,2022-04-22,436.78826904296875,435.0924442303537,35.82981471684451,40.64856021929389,4.8187455024493815,61.44245476036358,2022-04-13,83.1946361692988,2022-03-31,462.537883079144
1195,KENNAMET,Kennametal India Limited,2022-04-21,2022-04-22,1908.78466796875,1940.204376569734,38.122550231200826,41.26497989154607,3.1424296603452433,73.26397038009932,2022-04-13,86.31842331328775,2022-03-31,1978.9665689127355
400,BSE,BSE Limited,2022-04-26,2022-04-27,264.4541320800781,261.9615478515625,37.63721044621758,42.43967924844048,4.802468802222897,61.194511063383274,2022-04-22,91.49095734819626,2022-03-31,275.5101977146065
529,CUMMINSIND,Cummins India Limited,2022-04-26,2022-04-27,960.287353515625,955.2204070569128,35.164527981655354,41.174238319509556,6.009710337854202,60.12436274816308,2022-04-22,67.76421889552589,2022-03-31,1005.3127825460747
2122,SPECIALITY,Speciality Restaurants Limited,2022-04-26,2022-04-27,143.10447692871094,142.61739922506027,37.021937802111374,43.59054905911519,6.568611257003816,62.19807637963111,2022-04-22,78.00300369235008,2022-03-31,149.35382070637596
2789,SRPL,SRPL,2022-04-26,2022-04-27,11.255000114440918,11.680000305175781,38.045663587410154,45.10703786326003,7.061374275849879,67.89674047413966,2022-04-22,89.53723678830794,2022-03-31,11.76358810408306
1530,NDL,Nandan Denim Limited,2022-04-27,2022-04-28,5.635000228881836,5.699999809265137,37.419117595825746,43.572439306640696,6.15332171081495,65.58693278192602,2022-04-22,87.64163180788718,2022-03-31,5.998736177532544
2303,TIMKEN,Timken India Limited,2022-04-28,2022-04-29,2005.3365478515625,2014.3716022922629,36.57298160882035,41.75340432294886,5.180422714128511,60.1116071927244,2022-04-22,78.22723016174137,2022-03-31,2062.3926622720937
2455,VIPIND,VIP Industries Limited,2022-04-28,2022-04-29,661.9393920898438,666.394528845685,39.44334216441424,43.12196408163319,3.6786219172189476,62.52957979641463,2022-04-22,77.42605562295253,2022-03-31,684.6820177168644
816,GMDCLTD,Gujarat Mineral Development Corporation Limited,2022-05-04,2022-05-05,168.15640258789062,171.14325949318555,36.88832153499596,48.99471773005494,12.106396195058977,69.9970410057947,2022-04-29,82.6320591431189,2022-04-29,171.67892311034723
246,AVADHSUGAR,Avadh Sugar & Energy Limited,2022-05-05,2022-05-06,634.1968994140625,628.7670185132215,34.98757404824978,40.051383366536,5.063809318286218,61.72763053261105,2022-04-29,73.42381017654004,2022-04-29,691.6162573373472
583,DHAMPURSUG,Dhampur Sugar Mills Limited,2022-05-05,2022-05-06,500.91436767578125,492.7815187152251,39.19353746398153,49.08537790090973,9.891840436928199,67.46451709576945,2022-04-29,77.18278164750666,2022-04-29,507.8281249172243
632,DWARKESH,Dwarikesh Sugar Industries Limited,2022-05-05,2022-05-06,118.03012084960938,115.91471913683287,37.93844843046764,44.98271857753209,7.044270147064452,65.50099524559513,2022-04-29,81.82589540089863,2022-04-29,123.11836164947903
764,GANECOS,Ganesha Ecosphere Limited,2022-05-05,2022-05-06,676.2333984375,658.459816750135,37.892329194286,41.05152927651737,3.159200082231372,62.18855062720876,2022-04-29,71.77168832951233,2022-04-29,703.2648846129416
1201,KHAICHEM,Khaitan Chemicals & Fertilizers Limited,2022-05-05,2022-05-06,120.78938293457031,120.14398991092312,38.8480007460371,43.20043691469046,4.352436168653355,61.83603003249,2022-04-29,75.03025597755327,2022-04-29,129.63045216027544
1552,NH,Narayana Hrudayalaya Ltd.,2022-05-05,2022-05-06,701.7431640625,695.8619082492933,37.62386685732109,50.61840203121702,12.994535173895933,62.912154203186056,2022-04-29,74.32212612441852,2022-04-29,701.0504313919754
1760,PRICOLLTD,Pricol Limited,2022-05-05,2022-05-06,125.5732421875,121.38747304921253,38.35745390379806,40.924244319702446,2.5667904159043857,60.36962939910544,2022-04-29,70.76845717537608,2022-04-29,133.8516576376157
2122,SPECIALITY,Speciality Restaurants Limited,2022-05-06,2022-05-09,137.06468200683594,137.1620778965574,39.31208230752885,40.492902742399515,1.1808204348706681,61.11021722427661,2022-04-29,69.93097838063133,2022-04-29,144.37392943986623
2183,SUNPHARMA,Sun Pharmaceutical Industries Limited,2022-05-06,2022-05-09,847.3710327148438,832.7414307734128,39.58645549785541,41.50072547465417,1.9142699767987565,65.19575371705903,2022-04-29,74.90835326942576,2022-04-29,873.2437701029761
821,GNFC,Gujarat Narmada Valley Fertilizers and Chemicals Limited,2022-05-10,2022-05-11,725.4295654296875,744.1214064435673,39.225045197903604,50.22971739573085,11.004672197827247,70.77079663174402,2022-05-06,81.8162026002023,2022-04-29,731.011084685291
1344,MADRASFERT,Madras Fertilizers Limited,2022-05-10,2022-05-11,44.900001525878906,46.45000076293945,39.14131393701054,40.953345368759386,1.8120314317488493,60.37167431372233,2022-05-06,68.06125324050434,2022-04-29,50.090424972795056
1552,NH,Narayana Hrudayalaya Ltd.,2022-05-10,2022-05-11,672.08984375,670.1624165609212,39.67651088810322,40.713537153801326,1.0370262656981026,61.39859476547517,2022-05-06,74.32212612441852,2022-04-29,694.7666328333246
1732,POLYPLEX,Polyplex Corporation Limited,2022-05-10,2022-05-11,2267.102294921875,2279.322317483542,39.31535864815255,45.42951868654592,6.114160038393372,63.41928758188888,2022-05-06,93.29279781035962,2022-04-29,2361.2447721135295
757,GAEL,Gujarat Ambuja Exports Limited,2022-05-11,2022-05-12,143.85948181152344,144.5774497669027,39.739166098284535,46.44403514194014,6.704869043655606,68.39074882069386,2022-05-06,80.31548614374253,2022-04-29,151.7167211043159
758,GAIL,GAIL (India) Limited,2022-05-11,2022-05-12,86.59369659423828,86.42124904589386,37.07277498009923,40.211331042867236,3.1385560627680036,61.02859512834063,2022-05-06,61.83305534394759,2022-04-29,90.47942543159601
1297,LEMONTREE,Lemon Tree Hotels Limited,2022-05-11,2022-05-12,59.95000076293945,59.70000076293945,38.6402975966949,42.83105802736079,4.19076043066589,62.498347595207925,2022-05-06,63.934092288109234,2022-04-29,63.401464634534676
2554,ZUARI,Zuari Agro Chemicals Limited,2022-05-11,2022-05-12,161.6999969482422,159.0,39.6280115812934,41.780068885116094,2.1520573038226942,60.48962561398787,2022-05-06,67.46239247915992,2022-04-29,177.49966930692295
51,ADANIENT,Adani Enterprises Limited,2022-05-13,2022-05-16,2049.574462890625,2078.0110154815593,39.69573501360462,40.65334680825961,0.9576117946549942,70.21061735806914,2022-05-06,86.62116555771212,2022-04-29,2166.42506523609
134,AMBER,Amber Enterprises India Limited,2022-05-13,2022-05-16,3379.449951171875,3172.0,33.31573902853147,42.68670894490153,9.370969916370065,60.139747457168966,2022-05-06,69.84900807427142,2022-04-29,3555.3159706175124
500,CONTROLPR,Control Print Limited,2022-05-13,2022-05-16,372.5070495605469,372.60066240097643,37.20495206515547,40.540303364503615,3.3353512993481473,63.27292696697661,2022-05-06,71.32712048697128,2022-04-29,401.17626647352523
530,CUPID,Cupid Limited,2022-05-13,2022-05-16,2.328359365463257,2.328844035321283,39.397555356849914,40.615676406481086,1.218121049631172,63.67773176831787,2022-05-06,65.02324919755367,2022-04-29,2.636544113539372
618,DPABHUSHAN,D. P. Abhushan Limited,2022-05-13,2022-05-16,389.988525390625,398.2024889221881,37.94033477853024,44.52860581565982,6.58827103712958,65.77111342134904,2022-05-06,81.85879318959317,2022-04-29,409.44893564352344
628,DSSL,Dynacons Systems & Solutions Limited,2022-05-13,2022-05-16,245.06338500976562,256.3724879623542,35.16445494519505,40.34226696114009,5.177812015945044,66.57629594885802,2022-05-06,82.23504298418845,2022-04-29,276.1463143799429
695,ESABINDIA,Esab India Limited,2022-05-13,2022-05-16,3070.7626953125,3068.245608578743,39.885007417246754,49.989570958153024,10.10456354090627,65.23927732641232,2022-05-06,75.39887735296571,2022-04-29,3088.0755594906414
761,GALLANTT,Gallantt Ispat Limited,2022-05-13,2022-05-16,65.6154556274414,65.71501633330496,37.02179704195418,43.72590019897676,6.70410315702258,63.819452644454415,2022-05-06,60.717662586529926,2022-04-29,70.57883903613828
786,GENUSPOWER,Genus Power Infrastructures Limited,2022-05-13,2022-05-16,80.17063903808594,79.82571436786048,39.69279006666288,40.00716050750298,0.3143704408401007,61.54837725883076,2022-05-06,72.71746988916891,2022-04-29,88.29078211716022
834,GOKUL,Gokul Refoils and Solvent Limited,2022-05-13,2022-05-16,36.400001525878906,37.0,39.0819789518586,42.97714381629091,3.89516486443231,62.88912254628523,2022-05-06,66.19620493993634,2022-04-29,39.76846030933649
1035,INDORAMA,Indo Rama Synthetics (India) Limited,2022-05-13,2022-05-16,68.8499984741211,69.30000305175781,38.56358274243124,42.046911413202274,3.483328670771037,62.89184129244598,2022-05-06,67.71277519599718,2022-04-29,74.08886583553168
1097,JAGSNPHARM,Jagsonpal Pharmaceuticals Limited,2022-05-13,2022-05-16,108.811767578125,108.40545841455773,37.09907541278344,41.44662207017461,4.34754665739117,69.03510201275226,2022-05-06,78.22994516603032,2022-04-29,116.30406372914938
1129,JKPAPER,JK Paper Limited,2022-05-13,2022-05-16,282.5263977050781,283.9600856100024,37.111456927226925,41.73724058896776,4.625783661740833,69.96818214546728,2022-05-06,80.17122894698352,2022-04-29,303.4419646661393
1171,KAMATHOTEL,Kamat Hotels (I) Limited,2022-05-13,2022-05-16,68.5999984741211,69.0999984741211,34.220467800342036,42.99167080257978,8.771203002237748,63.521663486835706,2022-05-06,65.86334014012664,2022-04-29,74.94982189429479
1353,MAHLIFE,Mahindra Lifespace Developers Limited,2022-05-13,2022-05-16,333.43841552734375,334.3606373919298,31.013563225577997,44.50777354959722,13.494210324019221,68.60670288876916,2022-05-06,75.98607842502126,2022-04-29,348.29637028178314
1356,MAHSEAMLES,Maharashtra Seamless Limited,2022-05-13,2022-05-16,264.2405090332031,258.16739340789235,39.60800068900666,42.4357727600936,2.8277720710869403,68.1136193704795,2022-05-06,74.21438811941886,2022-04-29,275.1271493777234
1443,MIRZAINT,Mirza International Limited,2022-05-13,2022-05-16,177.10000610351562,177.10000610351562,36.99571734024555,40.365309494578334,3.3695921543327856,71.92530693526614,2022-05-06,88.66046465698459,2022-04-29,194.7957325611715
1506,NAGREEKEXP,Nagreeka Exports Limited,2022-05-13,2022-05-16,28.155202865600586,27.605295181274414,37.925643252360466,40.631156701054074,2.7055134486936083,68.38581315135767,2022-05-06,74.77158660210453,2022-04-29,32.148534406970036
1552,NH,Narayana Hrudayalaya Ltd.,2022-05-13,2022-05-16,668.4820556640625,667.1971492386709,34.34732336655047,42.753370337104485,8.406046970554016,61.39859476547517,2022-05-06,74.32212612441852,2022-04-29,686.0574862366497
1650,PAGEIND,Page Industries Limited,2022-05-13,2022-05-16,39455.65625,39481.71002315682,35.35254144685676,40.5800718236915,5.227530376834736,62.5770980017503,2022-05-06,81.84861510030595,2022-04-29,41219.746933103546
1732,POLYPLEX,Polyplex Corporation Limited,2022-05-13,2022-05-16,2147.626220703125,2176.4921477489825,36.03489354884302,41.015878877635366,4.980985328792343,63.41928758188888,2022-05-06,93.29279781035962,2022-04-29,2299.836033904734
1741,PPL,Prakash Pipes Limited,2022-05-13,2022-05-16,168.86436462402344,171.1067940667348,38.67911128610763,47.374231411442594,8.695120125334967,60.94944193263212,2022-05-06,62.64954210682184,2022-04-29,173.02846275458077
1847,RENUKA,Shree Renuka Sugars Limited,2022-05-13,2022-05-16,44.599998474121094,45.20000076293945,38.32096069529663,43.36536116757226,5.044400472275633,63.512816255472316,2022-05-06,77.77435080348347,2022-04-29,48.97909233175315
1872,ROHLTD,Royal Orchid Hotels Limited,2022-05-13,2022-05-16,121.8360824584961,121.83608486899135,39.54441318606119,42.49199110765387,2.947577921592675,71.20921657716822,2022-05-06,64.91054194446957,2022-04-29,129.97832768684827
1960,SATIA,Satia Industries Limited,2022-05-13,2022-05-16,114.78778076171875,114.88614825469392,37.539223290433064,41.974138748981616,4.434915458548552,62.91117140572396,2022-05-06,71.44456085341051,2022-04-29,122.8632051649218
2298,TIINDIA,Tube Investments of India Limited,2022-05-13,2022-05-16,1715.60400390625,1720.477482229602,38.6569903884888,47.99749049922725,9.340500110738446,62.28256313700612,2022-05-06,76.73683916910393,2022-04-29,1747.518349051658
2407,VAISHALI,Vaishali Pharma Limited,2022-05-13,2022-05-16,7.539999961853027,7.510000228881836,39.16172433829964,43.86540009631266,4.70367575801302,65.57060166798594,2022-05-06,73.3711922296481,2022-04-29,8.156546590147396
2453,VINYLINDIA,Vinyl Chemicals (India) Limited,2022-05-13,2022-05-16,245.40328979492188,249.42630718862907,39.27461425670129,48.222395611659934,8.947781354958643,65.0295929189802,2022-05-06,70.31554685267123,2022-04-29,249.91678276129028
2505,WELCORP,Welspun Corp Limited,2022-05-13,2022-05-16,168.055908203125,173.52880704867005,33.487746603896426,42.704965316482614,9.217218712586188,60.63864853370699,2022-05-06,64.15951365833112,2022-04-29,178.6178421536066
2554,ZUARI,Zuari Agro Chemicals Limited,2022-05-13,2022-05-16,161.25,162.9499969482422,38.669729434694105,42.93297094300345,4.263241508309342,60.48962561398787,2022-05-06,67.46239247915992,2022-04-29,174.17121480766488
1872,ROHLTD,Royal Orchid Hotels Limited,2022-05-26,2022-05-27,119.23443603515625,119.67622466476311,39.93972514463214,40.46496071146834,0.5252355668362014,61.26006403274972,2022-05-20,64.91054194446957,2022-04-29,127.19074618973617
1960,SATIA,Satia Industries Limited,2022-05-26,2022-05-27,119.26322937011719,120.19766912982342,39.707225822347695,47.82652389475963,8.119298072411937,60.71289637640128,2022-05-20,71.44456085341051,2022-04-29,121.78509181798294
1859,RIIL,Reliance Industrial Infrastructure Limited,2022-05-27,2022-05-30,871.9944458007812,886.1413624832297,38.578540728344294,43.05294001634432,4.474399288000029,62.715303763668416,2022-05-20,70.8743614304482,2022-04-29,945.2735666797762
542,DANGEE,Dangee Dums Limited,2022-06-01,2022-06-02,21.770000457763672,22.0,36.12268074375617,46.76828349738668,10.645602753630513,69.73550938822038,2022-05-27,81.36025769725568,2022-05-31,22.25693850336499
401,BSHSL,Bombay Super Hybrid Seeds Limited,2022-06-09,2022-06-10,40.0,39.9900016784668,39.76439730925296,44.38492832405976,4.620531014806794,63.11397962489936,2022-06-03,77.03141791276761,2022-05-31,41.05324065520486
41,ACCURACY,Accuracy Shipping Limited,2022-06-10,2022-06-13,23.488292694091797,22.999366154795922,33.104102929764366,48.4358046741337,15.331701744369333,68.35694443452138,2022-06-03,82.56605128679286,2022-05-31,23.96953298442152
835,GOKULAGRO,Gokul Agro Resources Limited,2022-06-15,2022-06-16,49.564388275146484,50.981224060058594,39.84568486877313,42.84675180597641,3.0010669372032837,61.88356522907732,2022-06-10,74.11943080405942,2022-05-31,52.70933669687227
2019,SHARDACROP,Sharda Cropchem Limited,2022-06-16,2022-06-17,610.8697509765625,610.5370131743767,38.988564598904226,41.25612244674177,2.267557847837544,68.08570527669104,2022-06-10,76.75963614598355,2022-05-31,655.1970782043217
483,COALINDIA,Coal India Limited,2022-06-17,2022-06-20,133.13771057128906,132.59097648964766,39.419546497661756,42.936951186448226,3.5174046887864705,61.19214469386377,2022-06-10,66.886048222836,2022-05-31,138.02817718556992
1431,MGEL,Mangalam Global Enterprise Limited,2022-06-17,2022-06-20,18.81192970275879,19.281736496097476,34.04580034266061,40.98533874543085,6.939538402770239,65.67234313399769,2022-06-10,93.47086911453357,2022-05-31,19.988988721097517
54,ADANIPOWER,Adani Power Limited,2022-06-21,2022-06-22,50.810001373291016,50.380001068115234,38.38652307635027,41.058017416854135,2.6714943405038625,61.52640944833241,2022-06-17,92.32946993939034,2022-05-31,55.276165294926905
54,ADANIPOWER,Adani Power Limited,2022-06-23,2022-06-24,50.52000045776367,51.20000076293945,38.941820635977265,41.49177047707775,2.549949841100485,61.52640944833241,2022-06-17,92.32946993939034,2022-05-31,54.36311177994064
871,GSS,GSS Infotech Limited,2022-07-29,2022-08-01,221.1999969482422,225.0,39.81315784494389,52.36197792338627,12.548820078442382,68.67742047119424,2022-07-22,80.45130879335429,2022-06-30,219.8997010956215
200,ASAHIINDIA,Asahi India Glass Limited,2022-08-11,2022-08-12,557.7803344726562,557.3356418212285,38.86196279550145,51.347606407137754,12.485643611636306,64.74758594899616,2022-08-05,71.58780535336666,2022-07-29,557.4487848739981
2260,TCPLPACK,TCPL Packaging Limited,2022-09-22,2022-09-23,1121.2100830078125,1126.415775940083,38.46066548060773,42.620613065469094,4.159947584861364,62.53519324806935,2022-09-16,85.85139810647898,2022-08-30,1208.580652067029
138,AMDIND,AMD Industries Limited,2022-09-23,2022-09-26,79.30000305175781,83.25,39.787989713804116,45.07870044988099,5.290710736076875,65.10451069116208,2022-09-16,76.92137242275358,2022-08-30,84.65941320650738
2315,TNPL,Tamil Nadu Newsprint & Papers Limited,2022-09-23,2022-09-26,228.2017364501953,230.43018567671479,39.89955848523446,49.30639172972622,9.406833244491764,61.97252519574351,2022-09-16,66.86253351328043,2022-08-30,230.37832166571667
27,ABB,ABB India Limited,2022-09-27,2022-09-28,2938.43310546875,2932.8616343104827,39.43818043155678,42.52368287874814,3.0855024471913595,68.23490603630279,2022-09-23,78.4509673166266,2022-08-30,3043.613331781746
175,ARCHIDPLY,Archidply Industries Limited,2022-09-27,2022-09-28,85.1500015258789,84.19999694824219,38.503627980654755,50.15549000167623,11.651862021021472,62.23225832091153,2022-09-23,75.48392346141686,2022-08-30,86.04636190263437
504,COROMANDEL,Coromandel International Limited,2022-09-27,2022-09-28,957.7960815429688,948.5154793943749,36.007239155301804,40.555752170561654,4.54851301525985,60.107896442482925,2022-09-23,74.05924767175836,2022-08-30,994.4435615924756
723,FEDERALBNK,The Federal Bank  Limited,2022-09-27,2022-09-28,111.81617736816406,110.15456913227369,37.807470538180354,45.43585195627128,7.628381418090925,65.53248007309216,2022-09-23,65.81804616886271,2022-08-30,115.03594997421449
756,GABRIEL,Gabriel India Limited,2022-09-27,2022-09-28,146.35760498046875,147.22934621184035,39.32829238749451,42.191656482283754,2.8633640947892474,64.87853907278543,2022-09-23,62.68063813926322,2022-08-30,153.64134400828894
788,GESHIP,The Great Eastern Shipping Company Limited,2022-09-27,2022-09-28,453.4826965332031,455.8611569831524,38.3181652489483,49.47585175114102,11.157686502192725,64.75357990199689,2022-09-23,77.79451863153524,2022-08-30,457.6181794808009
1057,INSECTICID,Insecticides (India) Limited,2022-09-27,2022-09-28,637.0213012695312,635.743333820713,37.420535280988474,43.86256346932387,6.442028188335392,69.83840545718866,2022-09-23,70.03180918123086,2022-08-30,650.0916752997532
1191,KECL,Kirloskar Electric Company Limited,2022-09-27,2022-09-28,39.95000076293945,38.95000076293945,35.92426517487584,43.69307945086423,7.76881427598839,60.6812963096191,2022-09-23,72.91461117476356,2022-08-30,41.94878754212951
1301,LGBBROSLTD,LG Balakrishnan & Bros Limited,2022-09-27,2022-09-28,673.5194702148438,667.6725759061338,35.67382236903205,45.63189596749191,9.958073598459855,60.31465875175872,2022-09-23,67.16919420675006,2022-08-30,695.0405510858405
144,ANDHRAPAP,ANDHRA PAPER LIMITED,2022-09-28,2022-09-29,80.50618743896484,81.44903447978349,39.710989032929405,45.45139449571589,5.740405462786484,65.19328397014407,2022-09-23,74.94508784373727,2022-08-30,83.43561890252015
1533,NDTV,New Delhi Television Limited,2022-09-28,2022-09-29,367.75,377.95001220703125,37.79813920597486,42.01770550709134,4.21956630111648,61.232712974145734,2022-09-23,87.87660686457909,2022-08-30,411.75230317718746
2146,STARPAPER,Star Paper Mills Limited,2022-09-28,2022-09-29,175.79774475097656,178.53131744441816,36.56341421764953,40.36837619373202,3.804961976082488,60.44117778558776,2022-09-23,63.72296245524839,2022-08-30,184.63400181110842
2463,VISHNU,Vishnu Chemicals Limited,2022-09-28,2022-09-29,371.824462890625,389.8304071306421,38.502985421184114,46.30822532960899,7.805239908424873,67.86764662135964,2022-09-23,86.67155616338734,2022-08-30,384.4398710180423
188,ARMANFIN,Arman Financial Services Limited,2022-09-29,2022-09-30,1319.199951171875,1317.1500244140625,35.65028935290691,40.062655242408304,4.412365889501395,60.07740675697726,2022-09-23,76.33808860464441,2022-08-30,1385.9435949560764
504,COROMANDEL,Coromandel International Limited,2022-09-29,2022-09-30,959.8854370117188,957.2129642550208,39.91798389131134,41.54333719744386,1.6253533061325243,60.107896442482925,2022-09-23,74.05924767175836,2022-08-30,988.0041475220291
1097,JAGSNPHARM,Jagsonpal Pharmaceuticals Limited,2022-09-29,2022-09-30,141.06448364257812,143.13468121166073,34.74225333410257,43.73330839895322,8.991055064850649,63.287577033512854,2022-09-23,81.57520998127485,2022-08-30,145.24782393506646
1356,MAHSEAMLES,Maharashtra Seamless Limited,2022-09-29,2022-09-30,365.5114440917969,364.864344376129,35.83143500955781,42.63583800798187,6.8044029984240595,69.77147074891273,2022-09-23,82.0434843744059,2022-08-30,380.1266845116832
1385,MARATHON,Marathon Nextgen Realty Limited,2022-09-29,2022-09-30,219.4395294189453,213.91869901667945,32.994922732251524,43.26850370319916,10.273580970947634,60.28034446012521,2022-09-23,73.28621162516656,2022-08-30,229.20386616956367
1591,NTPC,NTPC Limited,2022-09-29,2022-09-30,143.38320922851562,143.78759382506937,39.79562920885484,43.07160562369273,3.275976414837892,61.38886880875722,2022-09-23,68.35712035572087,2022-08-30,147.34064777010954
1,20MICRONS,20 Microns Limited,2022-09-30,2022-10-03,95.52384185791016,95.71926793350228,39.9663803426335,42.43924474944537,2.4728644068118726,64.00209249098592,2022-09-23,69.70198105404289,2022-08-30,100.21796905823304
27,ABB,ABB India Limited,2022-09-30,2022-10-03,2992.352294921875,2979.126879488625,39.83454852445643,49.007967262541555,9.173418738085125,68.23490603630279,2022-09-23,78.4509673166266,2022-08-30,3017.75366082136
210,ASHOKLEY,Ashok Leyland Limited,2022-09-30,2022-10-03,69.43368530273438,70.59356557558829,37.90015980284738,44.08508462864759,6.184924825800216,64.071212096003,2022-09-23,66.92473929521054,2022-08-30,71.25460435794679
320,BEL,Bharat Electronics Limited,2022-09-30,2022-10-03,96.90380096435547,97.38375404647762,36.77953942180886,42.72007556137123,5.940536139562369,72.03936636567653,2022-09-23,86.96859182657057,2022-08-30,100.17710643412991
476,CLEDUCATE,CL Educate Limited,2022-09-30,2022-10-03,75.2249984741211,75.7249984741211,37.01516493726963,41.47892816353105,4.46376322626142,63.00078056803295,2022-09-23,71.97957304524935,2022-08-30,79.94662596147201
659,ELECON,Elecon Engineering Company Limited,2022-09-30,2022-10-03,168.70101928710938,167.76351822010812,36.5224893008695,41.927951636093496,5.405462335223994,64.55695425454523,2022-09-23,85.47005810859255,2022-08-30,175.783308842751
756,GABRIEL,Gabriel India Limited,2022-09-30,2022-10-03,148.8759765625,148.8759995213933,39.79929684659046,47.081723117407336,7.282426270816877,64.87853907278543,2022-09-23,62.68063813926322,2022-08-30,151.71434543678086
860,GRINDWELL,Grindwell Norton Limited,2022-09-30,2022-10-03,1999.79296875,2005.4606430190204,39.03477667047852,41.12266378558835,2.0878871151098295,62.93878606796902,2022-09-23,78.34382342905971,2022-08-30,2066.082700156069
983,ICICIBANK,ICICI Bank Limited,2022-09-30,2022-10-03,834.142333984375,831.9167041134606,37.19067320800291,45.28161678160083,8.090943573597919,65.26647029720684,2022-09-23,68.76372869989358,2022-08-30,848.7324104960585
1391,MARUTI,Maruti Suzuki India Limited,2022-09-30,2022-10-03,8486.017578125,8622.370438366532,38.09710453147091,46.18218848393329,8.085083952462377,68.56100185139081,2022-09-23,62.541319801118654,2022-08-30,8605.949947157638
2739,NPBET,NPBET,2022-09-30,2022-10-03,203.5,205.97999572753906,36.54595853027052,46.81501155291427,10.269053022643753,61.83096876928214,2022-09-23,62.74622013818616,2022-08-30,206.01859113905226
1686,PENIND,Pennar Industries Limited,2022-09-30,2022-10-03,41.95000076293945,41.75,36.7250214624792,42.2390103829672,5.5139889204880035,61.797355984502914,2022-09-23,60.70142495856944,2022-08-30,44.369488994809714
1813,RAMASTEEL,Rama Steel Tubes Limited,2022-09-30,2022-10-03,7.150000095367432,7.099999904632568,38.43210693674623,46.85033135557486,8.418224418828629,69.4052956460999,2022-09-23,83.43928820621133,2022-08-30,7.32959536165388
1931,SALASAR,Salasar Techno Engineering Limited,2022-09-30,2022-10-03,6.068307399749756,5.988461332823229,38.12941720549182,43.524943573503656,5.395526368011836,60.35775730866715,2022-09-23,63.983245829445885,2022-08-30,6.28913187787747
1971,SBILIFE,SBI Life Insurance Company Limited,2022-09-30,2022-10-03,1241.1925048828125,1246.304334325546,39.592541697362925,42.963775175630026,3.3712334782671007,60.20117168835766,2022-09-23,65.92818953610042,2022-08-30,1266.169739146069
1972,SBIN,State Bank of India,2022-09-30,2022-10-03,492.93951416015625,490.1524567024575,37.799770545925455,43.57688829806557,5.777117752140114,63.57848006396633,2022-09-23,64.97761873104824,2022-08-30,505.1566292230416
2063,SIEMENS,Siemens Limited,2022-09-30,2022-10-03,1597.06103515625,1597.0610219931202,36.85327058814176,41.25831052581004,4.405039937668278,64.22293726735447,2022-09-23,76.89718407688432,2022-08-30,1646.1548544620812
2484,VRLLOG,VRL Logistics Limited,2022-09-30,2022-10-03,290.46453857421875,289.4884364803532,38.52836017355436,44.67585676512217,6.147496591567808,62.17313911580634,2022-09-23,77.07566022275158,2022-08-30,297.6695035324918
51,ADANIENT,Adani Enterprises Limited,2022-10-04,2022-10-06,3231.81982421875,3264.061177850314,36.718637342234466,41.55806227970137,4.839424937466902,74.38837296894536,2022-09-30,88.75267765355105,2022-09-30,3438.951178235698
320,BEL,Bharat Electronics Limited,2022-10-04,2022-10-06,97.95970153808594,98.823631487331,37.81422375143865,47.21453676527039,9.400313013831742,63.18784766633544,2022-09-30,85.00519210618614,2022-09-30,99.50667221784529
659,ELECON,Elecon Engineering Company Limited,2022-10-04,2022-10-06,167.51683044433594,169.73721641488112,38.151845278020794,42.23512411787397,4.083278839853179,62.18155994972657,2022-09-30,76.82808337031199,2022-09-30,174.08560582081856
54,ADANIPOWER,Adani Power Limited,2022-10-06,2022-10-07,74.0199966430664,74.9800033569336,39.10014484376822,47.44731711006328,8.347172266295061,65.22876742685239,2022-09-30,75.32825293307695,2022-09-30,75.32036534408032
659,ELECON,Elecon Engineering Company Limited,2022-10-12,2022-10-13,164.21087646484375,164.75364453968203,39.11043354093985,40.14854490597805,1.0381113650381977,61.386043855288385,2022-10-07,76.82808337031199,2022-09-30,170.7374609857325
91,AHLEAST,Asian Hotels (East) Limited,2022-10-14,2022-10-17,136.1597137451172,138.79937782594644,39.61626732851955,42.94743672422836,3.3311693957088124,76.06101033166931,2022-10-07,75.59454265947727,2022-09-30,148.27673389799747
210,ASHOKLEY,Ashok Leyland Limited,2022-10-14,2022-10-17,67.31861114501953,66.86376230919429,39.1243767998781,40.686303541861,1.5619267419829015,61.85345607164816,2022-10-07,66.12802063374431,2022-09-30,69.92142958909736
2135,SRHHYPOLTD,Sree Rayalaseema Hi-Strength Hypo Limited,2022-10-18,2022-10-19,714.10400390625,714.1039565075156,39.67849154284755,41.51707111233635,1.8385795694888003,61.620907822182126,2022-10-14,83.9816036823793,2022-09-30,760.8861718822553
1520,NAVINFLUOR,Navin Fluorine International Limited,2022-10-19,2022-10-20,4298.89453125,4129.57109684406,37.49444285100946,41.707909845951114,4.213466994941655,63.91278438458042,2022-10-14,67.81729216418123,2022-09-30,4451.267053499287
839,GOODLUCK,Goodluck India Limited,2022-10-20,2022-10-21,149.36090087890625,151.0585512042569,39.47640857130694,49.30528735127367,9.828878779966729,65.17653950612507,2022-10-14,77.20476429409625,2022-09-30,150.53465307954065
1775,PSPPROJECT,PSP Projects Limited,2022-10-20,2022-10-21,583.3134155273438,587.7996630929024,39.946272850267555,40.020290120467436,0.07401727019988158,60.91820435403819,2022-10-14,62.719432209926715,2022-09-30,620.9322296695634
546,DBCORP,D.B.Corp Limited,2022-10-21,2022-10-24,102.01065826416016,103.37991675469596,39.72954072613116,49.52645926199481,9.796918535863647,64.54298993923587,2022-10-14,63.962569249135676,2022-09-30,103.10290195038934
1974,SCHAEFFLER,Schaeffler India Limited,2022-10-21,2022-10-24,2950.458984375,2962.4150044884236,34.61321398582318,41.223468219485234,6.6102542336620544,65.16195683374784,2022-10-14,93.2399869495665,2022-09-30,3109.320623107768
839,GOODLUCK,Goodluck India Limited,2022-10-28,2022-10-31,143.72923278808594,147.82647029753068,39.4112130344814,42.69484003614946,3.2836270016680587,66.62665948513097,2022-10-21,77.20476429409625,2022-09-30,148.56367745380578
2122,SPECIALITY,Speciality Restaurants Limited,2022-10-28,2022-10-31,194.29672241210938,192.93289858383682,38.85359843585348,41.34792047992557,2.494322044072092,62.141863934829146,2022-10-21,75.61935777639415,2022-09-30,204.78298225060632
238,AURIONPRO,Aurionpro Solutions Limited,2022-11-02,2022-11-03,194.7622833251953,195.38215018989075,38.62900077604494,45.46684755494095,6.837846778896008,63.85311254909517,2022-10-28,65.05188815598962,2022-10-31,201.27071964213795
185,ARIHANTSUP,Arihant Superstructures Limited,2022-11-03,2022-11-04,221.64544677734375,222.73459903509448,35.90060809035438,49.88676538913937,13.986157298784988,64.15335208002435,2022-10-28,70.84651446955559,2022-10-31,222.0882394643105
2260,TCPLPACK,TCPL Packaging Limited,2022-11-03,2022-11-04,1101.7366943359375,1106.701492610242,39.88716869267657,40.63460827429611,0.7474395816195454,61.80901645645867,2022-10-28,73.08449645413499,2022-10-31,1173.4026648881115
719,FCL,Fineotex Chemical Limited,2022-11-04,2022-11-07,33.53791809082031,33.67617785146296,39.757402211079935,42.7465204094591,2.989118198379167,83.29428829024803,2022-10-28,91.36927598837362,2022-10-31,35.44059144996171
1195,KENNAMET,Kennametal India Limited,2022-11-04,2022-11-07,2469.07666015625,2472.109396792013,37.977676289912715,48.162887676237695,10.18521138632498,60.494841345898436,2022-10-28,75.7382182017624,2022-10-31,2482.197671689924
2463,VISHNU,Vishnu Chemicals Limited,2022-11-04,2022-11-07,355.8324279785156,356.13155649604414,35.541786528027686,43.414854856986786,7.8730683289591,66.40427892690731,2022-10-28,82.7563047220196,2022-10-31,370.4174495238179
1976,SCHNEIDER,Schneider Electric Infrastructure Limited,2022-11-10,2022-11-11,165.39999389648438,167.39999389648438,38.87191590299143,43.86635803332752,4.99444213033609,64.7961254237533,2022-11-04,64.60467978982975,2022-10-31,172.90031354915584
719,FCL,Fineotex Chemical Limited,2022-11-11,2022-11-14,32.81698989868164,33.058945654779265,37.65697140124794,42.09836784202922,4.441396440781283,66.07371821412724,2022-11-04,91.36927598837362,2022-10-31,34.46996991537806
1340,MACPOWER,Macpower CNC Machines Limited,2022-11-11,2022-11-14,340.5216979980469,340.3232710380684,39.04808857007185,41.258718653538985,2.2106300834671373,84.0122649499425,2022-11-04,81.32139643121852,2022-10-31,372.0313127002746
1523,NAVNETEDUL,Navneet Education Limited,2022-11-11,2022-11-14,118.14488983154297,117.54140796695935,34.71345531824852,40.983126699693635,6.269671381445114,68.47519402533491,2022-11-04,64.5231609113173,2022-10-31,125.476684446221
1877,ROSSELLIND,Rossell India Limited,2022-11-11,2022-11-14,293.982666015625,296.4957505616406,37.92041198239779,57.05634718551081,19.13593520311302,67.95652339324377,2022-11-04,72.42426280189886,2022-10-31,278.5748359215806
245,AUTOIND,Autoline Industries Limited,2022-11-16,2022-11-17,98.1500015258789,98.9000015258789,38.788556099221495,40.905804412430484,2.1172483132089894,70.96432236266557,2022-11-11,73.50703505565957,2022-10-31,104.45073711817903
1017,INDHOTEL,The Indian Hotels Company Limited,2022-11-17,2022-11-18,311.5196838378906,313.7899600016202,39.6104211289896,43.99628216661933,4.385861037629731,60.982837009882054,2022-11-11,78.67431176302638,2022-10-31,319.9010053807235
2407,VAISHALI,Vaishali Pharma Limited,2022-11-17,2022-11-18,9.869999885559082,10.0,39.944753522110766,47.855993414333504,7.9112398922227385,62.80024665669081,2022-11-11,74.15317499086589,2022-10-31,9.969831986816532
374,BLUESTARCO,Blue Star Limited,2022-11-18,2022-11-21,574.3573608398438,577.2448970831189,34.983124527103215,46.90203346695962,11.918908939856408,67.03639399828134,2022-11-11,64.82723438424937,2022-10-31,582.5825803023861
2640,HERCULES,HERCULES,2022-11-18,2022-11-21,180.8430633544922,185.92700634640101,38.833997600940926,47.32830926476299,8.494311663822067,60.741752390057414,2022-11-11,68.30001115184581,2022-10-31,182.7867843951114
954,HITECH,Hi-Tech Pipes Limited,2022-11-18,2022-11-21,61.666534423828125,62.960728206602134,39.33120349319446,44.50307532092969,5.171871827735231,63.52520800802596,2022-11-11,63.84945885010382,2022-10-31,63.191913818475825
1651,PAISALO,Paisalo Digital Limited,2022-11-18,2022-11-21,42.054866790771484,42.22884942554702,39.86672070244499,52.089749718275314,12.223029015830328,61.78670833259889,2022-11-11,63.06296797002947,2022-10-31,41.955400745655815
1340,MACPOWER,Macpower CNC Machines Limited,2022-11-22,2022-11-23,350.0467529296875,365.1282087053571,39.82520706735352,46.421238868540854,6.596031801187337,63.43266971371067,2022-11-18,81.32139643121852,2022-10-31,360.3430455711728
1626,ORBTEXP,Orbit Exports Limited,2022-11-22,2022-11-23,162.6999969482422,165.89999389648438,38.657245760536014,41.68726165892111,3.030015898385095,60.006040012091574,2022-11-18,75.5320178201942,2022-10-31,172.44411176287065
1995,SESHAPAPER,Seshasayee Paper and Boards Limited,2022-11-22,2022-11-23,271.704345703125,271.60960268902585,38.3771411017151,42.9578922412333,4.580751139518206,61.12720918432558,2022-11-18,73.24869874492863,2022-10-31,284.2860513318065
1821,RANEHOLDIN,Rane Holdings Limited,2022-11-23,2022-11-24,819.1419067382812,818.2277447530388,39.392256273669375,56.71258141603764,17.32032514236826,64.76376397159197,2022-11-18,63.30955195839888,2022-10-31,804.7637139244407
2353,TVSMOTOR,TVS Motor Company Limited,2022-11-23,2022-11-24,1034.789306640625,1040.0025385233714,37.98334232056961,40.36260413060343,2.3792618100338174,68.732921313426,2022-11-18,83.11408939166378,2022-10-31,1075.5573220852089
1626,ORBTEXP,Orbit Exports Limited,2022-11-24,2022-11-25,162.5500030517578,163.75,38.67481769885356,42.95197093203461,4.277153233181053,60.006040012091574,2022-11-18,75.5320178201942,2022-10-31,170.4005063710046
2353,TVSMOTOR,TVS Motor Company Limited,2022-11-28,2022-11-29,1043.150146484375,1036.018812487153,37.62982785826005,44.1857959083959,6.555968050135853,60.3314097270762,2022-11-25,83.11408939166378,2022-10-31,1065.0442157309865
143,ANANTRAJ,Anant Raj Limited,2022-11-30,2022-12-01,100.7123031616211,101.25830410893487,39.18983252849083,43.05453183723604,3.864699308745209,61.53667173948793,2022-11-25,74.65333637334479,2022-10-31,105.02345176501635
1917,SAFARI,Safari Industries (India) Limited,2022-12-01,2022-12-02,825.6204833984375,835.2361379148571,38.31905694183418,42.506574685691355,4.187517743857178,63.994164602831766,2022-11-25,73.67713443191747,2022-11-30,853.7127274258803
2511,WESTLIFE,WESTLIFE FOODWORLD LIMITED,2022-12-05,2022-12-06,735.8898315429688,740.8627151391745,38.28144768276093,48.87644805746363,10.5950003747027,61.640449575128216,2022-12-02,72.00163656372028,2022-11-30,738.9556429758816
2353,TVSMOTOR,TVS Motor Company Limited,2022-12-06,2022-12-07,1023.9200439453125,1023.969197025592,36.28418180722536,43.13120084551613,6.8470190382907745,61.57873878983815,2022-12-02,72.38335775225333,2022-11-30,1046.7889125495703
2321,TOTAL,Total Transport Systems Limited,2022-12-07,2022-12-08,163.6565704345703,163.7060314687975,36.67732963509753,42.144800385300144,5.467470750202615,66.45311976214484,2022-12-02,76.19101332262005,2022-11-30,169.90325441204158
2353,TVSMOTOR,TVS Motor Company Limited,2022-12-08,2022-12-09,1009.1654663085938,1017.6248693564902,39.99238254617812,40.20135075064953,0.20896820447141096,61.57873878983815,2022-12-02,72.38335775225333,2022-11-30,1040.202314554623
2183,SUNPHARMA,Sun Pharmaceutical Industries Limited,2022-12-09,2022-12-12,955.5921020507812,957.5652948842784,35.06075509028807,40.95298563953889,5.892230549250819,68.16702184479736,2022-12-02,71.65036217798074,2022-11-30,980.3810255847617
2321,TOTAL,Total Transport Systems Limited,2022-12-12,2022-12-13,167.90997314453125,173.00412816106456,38.486038089583495,48.76810992683613,10.282071837252637,61.162023717949346,2022-12-09,76.19101332262005,2022-11-30,168.42991163736775
871,GSS,GSS Infotech Limited,2022-12-13,2022-12-14,298.6499938964844,300.70001220703125,37.184061145910434,50.30635864496397,13.122297499053538,60.74449034948536,2022-12-09,86.76986995976728,2022-11-30,300.03750955288297
2321,TOTAL,Total Transport Systems Limited,2022-12-22,2022-12-23,159.40318298339844,158.26566129969626,39.46166951854307,42.64765404445409,3.1859845259110244,61.19961930003562,2022-12-16,76.19101332262005,2022-11-30,165.15521064460037
1504,NACLIND,NACL Industries Limited,2022-12-23,2022-12-26,85.43585205078125,85.63500437025208,39.80905855379197,40.376396069324734,0.5673375155327633,61.0715829563977,2022-12-16,63.201223388545905,2022-11-30,89.60580572328587
2388,UNIVCABLES,Universal Cables Limited,2022-12-23,2022-12-26,261.3481140136719,261.00462325658185,35.226328203683536,41.39494757920464,6.168619375521104,73.9927084923916,2022-12-16,72.44815124673401,2022-11-30,276.55462211428585
415,CANBK,Canara Bank,2022-12-26,2022-12-27,53.318607330322266,54.02754208701296,37.26581469937831,46.07869212218241,8.8128774228041,60.38554675406914,2022-12-23,67.39136230813561,2022-11-30,54.80477736200561
764,GANECOS,Ganesha Ecosphere Limited,2022-12-26,2022-12-27,867.5491333007812,871.8205793232918,38.87829738347252,44.3759463083446,5.497648924872081,60.943314519211825,2022-12-23,74.65320342156993,2022-11-30,897.8832054934079
827,GODFRYPHLP,Godfrey Phillips India Limited,2022-12-26,2022-12-27,565.7348022460938,576.1200229859298,39.994696524617915,48.8954572459804,8.900760721362488,60.0276385071968,2022-12-23,74.93082665071645,2022-11-30,579.293937891323
1057,INSECTICID,Insecticides (India) Limited,2022-12-26,2022-12-27,720.2742309570312,718.652089283493,32.80621081725104,43.72127821564442,10.915067398393376,60.847731621579946,2022-12-23,74.1383581702404,2022-11-30,731.080499777656
1266,KTKBANK,The Karnataka Bank Limited,2022-12-26,2022-12-27,131.8789825439453,134.71259391445793,37.2941254158592,47.6696091386343,10.375483722775101,64.15067729721619,2022-12-23,82.90999071736148,2022-11-30,137.34116848914692
1403,MAZDOCK,Mazagon Dock Shipbuilders Limited,2022-12-26,2022-12-27,390.66766357421875,399.8252245024196,32.24371727568196,47.32980266630966,15.086085390627701,60.51554578075502,2022-12-23,91.8702413184813,2022-11-30,405.11001800679617
2116,SOUTHBANK,The South Indian Bank Limited,2022-12-26,2022-12-27,16.867774963378906,17.534860750835655,39.53764225961769,52.98879576027674,13.451153500659046,62.32086214672337,2022-12-23,68.7163953103173,2022-11-30,16.700830782116796
2381,UNIONBANK,Union Bank of India,2022-12-26,2022-12-27,71.06047821044922,73.71695252847815,35.842714354877046,51.37293174120119,15.530217386324146,61.106249626029076,2022-12-23,71.09642834599461,2022-11-30,71.25007362449924
1057,INSECTICID,Insecticides (India) Limited,2023-01-06,2023-01-09,715.162109375,718.7503498866316,39.7063074409792,46.13508209343041,6.42877465245121,65.95679755105184,2022-12-30,73.55498784019746,2022-12-30,722.3396046589579
1038,INDOTHAI,Indo Thai Securities Limited,2023-01-11,2023-01-12,30.214397430419922,29.424899966209804,39.95777384038118,43.750187020854575,3.792413180473396,60.72134729616665,2023-01-06,65.06691006175362,2022-12-30,31.876343000998467
1128,JKLAKSHMI,JK Lakshmi Cement Limited,2023-01-11,2023-01-12,737.160888671875,746.7923447714546,39.21904538054343,45.389942119192824,6.170896738649397,63.745373272459226,2023-01-06,71.92280534038011,2022-12-30,757.6056878925021
51,ADANIENT,Adani Enterprises Limited,2023-01-13,2023-01-16,3714.3916015625,3713.2437998176397,36.455574675438726,43.04832820679708,6.592753531358355,62.95636233465899,2023-01-06,85.90492769848102,2022-12-30,3793.6789559682647
1038,INDOTHAI,Indo Thai Securities Limited,2023-01-13,2023-01-16,30.020748138427734,30.621559553466888,39.906117131167,44.27689482270904,4.370777691542038,60.72134729616665,2023-01-06,65.06691006175362,2022-12-30,31.47673898382815
1128,JKLAKSHMI,JK Lakshmi Cement Limited,2023-01-20,2023-01-23,714.5587768554688,719.3018664547433,37.47535799529436,40.94291447293838,3.467556477644017,64.05004982049437,2023-01-13,71.92280534038011,2022-12-30,741.8554727436333
1310,LINCOLN,Lincoln Pharmaceuticals Limited,2023-01-20,2023-01-23,333.1646728515625,337.13091728538353,38.706051753714476,44.023043914289836,5.31699216057536,60.84005432646623,2023-01-13,60.673040537551586,2022-12-30,340.91344035592965
1403,MAZDOCK,Mazagon Dock Shipbuilders Limited,2023-01-20,2023-01-23,372.81396484375,375.29165857585576,37.1944060636988,44.42850944384532,7.2341033801465215,64.29369175394353,2023-01-13,79.203065877911,2022-12-30,383.61823985989133
160,APARINDS,Apar Industries Limited,2023-01-24,2023-01-25,1581.2061767578125,1566.7920661211128,35.53157058454845,41.8004909589743,6.2689203744258535,67.95458584676166,2023-01-20,86.60101652349671,2022-12-30,1664.1032577098756
2105,SOLARINDS,Solar Industries India Limited,2023-01-24,2023-01-25,4084.97021484375,4097.420774097174,39.790470274060304,41.113608801217715,1.3231385271574112,63.51328731623081,2023-01-20,84.83487749830888,2022-12-30,4223.702776611913
1128,JKLAKSHMI,JK Lakshmi Cement Limited,2023-01-25,2023-01-27,716.9303588867188,715.0911950529292,39.679514427986234,42.851692717383585,3.172178289397351,60.260344405763014,2023-01-20,71.92280534038011,2022-12-30,735.0020700791671
2116,SOUTHBANK,The South Indian Bank Limited,2023-01-25,2023-01-27,16.82012367248535,16.82012683179362,37.301413677759946,46.33650639129236,9.035092713532414,66.01885447286088,2023-01-20,72.04023227809625,2022-12-30,17.369643380085325
2105,SOLARINDS,Solar Industries India Limited,2023-01-27,2023-01-30,4087.85986328125,4053.7954861155285,39.21551152530419,42.32791355782598,3.1124020325217927,63.51328731623081,2023-01-20,84.83487749830888,2022-12-30,4197.093357156023
1266,KTKBANK,The Karnataka Bank Limited,2023-01-30,2023-01-31,130.11378479003906,130.99638754293335,34.96607358559764,40.69462867230729,5.7285550867096475,60.32388999796804,2023-01-27,84.06406113885745,2022-12-30,136.78544404642201
2381,UNIONBANK,Union Bank of India,2023-01-31,2023-02-01,69.51087951660156,70.1307117453932,39.75967100870561,48.077322491901526,8.317651483195917,60.72410389393222,2023-01-27,69.94916746322042,2022-12-30,70.33791171263633
1266,KTKBANK,The Karnataka Bank Limited,2023-02-03,2023-02-06,141.26242065429688,143.0276102759124,39.95275600698698,56.09943614098675,16.146680133999766,60.32388999796804,2023-01-27,77.46761890548585,2023-01-31,135.60113132301785
2381,UNIONBANK,Union Bank of India,2023-02-03,2023-02-06,65.4376220703125,65.79182581622877,39.35493177605765,40.57074448242921,1.2158127063715654,60.72410389393222,2023-01-27,68.14905198796507,2023-01-31,69.08601896427116
683,ENGINERSIN,Engineers India Limited,2023-02-07,2023-02-08,76.72034454345703,76.72034416552167,39.761395151373115,49.58014496257162,9.818749811198508,61.75861479592654,2023-02-03,61.60956033222828,2023-01-31,77.23777926250413
788,GESHIP,The Great Eastern Shipping Company Limited,2023-02-07,2023-02-08,544.0153198242188,544.4965510098426,38.663246622031,43.46279109968784,4.799544477656845,60.92957358094191,2023-02-03,74.86569683505105,2023-01-31,557.7926617968556
2360,UCOBANK,UCO Bank,2023-02-08,2023-02-09,27.280662536621094,27.232380149309943,39.912910007546735,46.01815510127127,6.105245093724534,63.97016126735548,2023-02-03,73.62415511137861,2023-01-31,28.122621525038774
716,FACT,Fertilizers and Chemicals Travancore Limited,2023-02-09,2023-02-10,269.4608154296875,272.79982344461325,38.08543376032741,43.16244439163665,5.077010631309236,61.86316394395362,2023-02-03,69.10967573667598,2023-01-31,290.04517045017906
1466,MOLDTKPAC,Mold-Tek Packaging Limited,2023-02-09,2023-02-10,926.0133666992188,926.4546233222833,36.35158994808491,42.16731410814395,5.815724160059041,69.6614545577643,2023-02-03,75.54114100620419,2023-01-31,978.8597702539565
1931,SALASAR,Salasar Techno Engineering Limited,2023-02-09,2023-02-10,8.72319221496582,8.77309622059365,39.274007661393114,40.45386247601529,1.1798548146221748,60.26999372400033,2023-02-03,68.71657276235656,2023-01-31,9.327880886281473
2430,VERTOZ,Vertoz Limited,2023-02-09,2023-02-10,107.81050109863281,107.73568490187088,33.76153950711678,40.15247504836274,6.390935541245959,61.607255118272846,2023-02-03,67.51169438454806,2023-01-31,112.80926758527569
1110,JBMA,JBM Auto Limited,2023-02-10,2023-02-13,268.06988525390625,262.2124867647786,39.846444533200305,57.51925136933533,17.672806836135024,62.58672477294795,2023-02-03,67.61537177886235,2023-01-31,256.89773431025554
2506,WELENT,Welspun Enterprises Limited,2023-02-15,2023-02-16,134.57650756835938,134.1362173150126,34.729708039721146,40.53699926629987,5.807291226578727,62.176240171697735,2023-02-10,66.15784105308478,2023-01-31,141.45274559550307
338,BHARATFORG,Bharat Forge Limited,2023-02-16,2023-02-17,835.9249877929688,837.9269140826871,38.01912867027448,45.917276971150024,7.89814830087554,60.71130201589369,2023-02-10,68.11014453120869,2023-01-31,847.5198353552399
843,GPIL,Godawari Power And Ispat limited,2023-02-16,2023-02-17,71.22870483398438,71.00254572959955,39.19294705610893,42.27880934645636,3.0858622903474355,60.62229155095843,2023-02-10,62.95092053599851,2023-01-31,74.26952824058368
1021,INDIANB,Indian Bank,2023-02-23,2023-02-24,252.083251953125,253.21510828368918,36.847997748558036,42.41948935262673,5.57149160406869,65.48127290983477,2023-02-17,75.80403224053276,2023-01-31,259.3343219867929
1266,KTKBANK,The Karnataka Bank Limited,2023-02-23,2023-02-24,128.76666259765625,129.13828380237925,39.7139915574721,41.777051057231745,2.063059499759646,61.180020370381165,2023-02-17,77.46761890548585,2023-01-31,133.20420351460052
2116,SOUTHBANK,The South Indian Bank Limited,2023-02-23,2023-02-24,15.962440490722656,16.10538701724132,38.909785984571016,40.25978838519543,1.3500024006244118,62.35556218654108,2023-02-17,68.81012975211694,2023-01-31,16.679320167512323
2267,TECHNOE,Techno Electric & Engineering Company Limited,2023-02-23,2023-02-24,335.8436584472656,338.4357593274019,38.96290648460878,44.84085505906562,5.877948574456838,63.048500373438415,2023-02-17,67.33153820383072,2023-01-31,345.80473093097896
2396,USHAMART,Usha Martin Limited,2023-02-23,2023-02-24,175.34063720703125,176.4555969668947,35.66498386299645,50.32734138079104,14.66235751779459,63.3583367872211,2023-02-17,72.6860837675198,2023-01-31,175.66421222054348
951,HINDZINC,Hindustan Zinc Limited,2023-02-24,2023-02-27,258.17279052734375,257.1642017745623,39.49826599116453,44.20720501208164,4.708939020917107,61.05551765385172,2023-02-17,69.67266486205484,2023-01-31,262.6623154545615
1172,KAMDHENU,Kamdhenu Limited,2023-02-24,2023-02-27,33.27018356323242,33.40283181087389,38.875526681955044,41.38516157665553,2.5096348947004827,64.98487728738584,2023-02-17,87.77075908833174,2023-01-31,34.91906960703285
1172,KAMDHENU,Kamdhenu Limited,2023-02-28,2023-03-01,32.6265983581543,32.626595433668086,37.250694562098985,40.255546519864204,3.0048519577652186,60.725288686780985,2023-02-24,87.77075908833174,2023-01-31,34.47450954048226
244,AUTOAXLES,Automotive Axles Limited,2023-03-01,2023-03-02,2165.0576171875,2129.780744093064,39.589441220570684,46.56534316595332,6.975901945382638,62.06022382071172,2023-02-24,66.27615199716595,2023-02-28,2219.5667305075403
2755,QGOLDHALF,QGOLDHALF,2023-03-01,2023-03-02,47.56999969482422,48.15999984741211,37.37283646341261,44.276072308829924,6.9032358454173135,60.27363352903133,2023-02-24,65.12448854554611,2023-02-28,47.949958539501345
854,GRAVITA,Gravita India Limited,2023-03-03,2023-03-06,465.0843200683594,467.99136946938665,38.79916846277692,47.54345622988589,8.744287767108972,63.58575441636691,2023-02-24,71.44165513824586,2023-02-28,472.8889084769491
1172,KAMDHENU,Kamdhenu Limited,2023-03-03,2023-03-06,32.4644660949707,32.46447062194747,38.437725676350006,40.44863958872693,2.010913912376921,60.725288686780985,2023-02-24,73.8250535760119,2023-02-28,33.94334133609678
397,BRITANNIA,Britannia Industries Limited,2023-03-08,2023-03-09,4089.0966796875,4089.096573662456,38.11216261945807,40.27080218789588,2.1586395684378132,61.36476520534355,2023-03-03,67.04759780504511,2023-02-28,4183.43260549804
2677,IVZINGOLD,IVZINGOLD,2023-03-10,2023-03-13,4985.5,5076.0,35.0147249949908,47.97437392925465,12.959648934263846,60.41328412871172,2023-03-03,65.29633984881468,2023-02-28,4999.626792625202
2755,QGOLDHALF,QGOLDHALF,2023-03-10,2023-03-13,47.380001068115234,48.90999984741211,38.13345578519944,44.21308722920457,6.0796314440051304,60.53386702865103,2023-03-03,65.12448854554611,2023-02-28,47.689287894580744
865,GRPLTD,GRP Limited,2023-03-15,2023-03-16,674.0511474609375,665.1820143366862,39.96146603885845,46.574085187918215,6.612619149059768,67.38785311906364,2023-03-10,85.4445234906594,2023-02-28,688.786207740018
1021,INDIANB,Indian Bank,2023-03-15,2023-03-16,238.7728729248047,235.19624420986332,37.87458419901522,41.143240911704076,3.268656712688859,61.87476449768829,2023-03-10,62.79910132390655,2023-02-28,252.5106561309188
1161,KABRAEXTRU,Kabra Extrusion Technik Limited,2023-03-15,2023-03-16,506.5699157714844,509.93731431811955,38.76757026340448,40.56965554326486,1.8020852798603784,62.73971373805568,2023-03-10,70.73699759273296,2023-02-28,542.2555382943632
1365,MANAKSIA,Manaksia Limited,2023-03-15,2023-03-16,105.9131851196289,106.94146834646878,35.424618313822606,40.78468702150699,5.360068707684384,60.20639905040169,2023-03-10,76.57751620795693,2023-02-28,115.05379650523469
1946,SANGHVIMOV,Sanghvi Movers Limited,2023-03-15,2023-03-16,170.21197509765625,170.7002996557807,39.27476660949329,46.02220948049458,6.74744287100129,65.36215372249626,2023-03-10,76.86819279454318,2023-02-28,174.983357469532
236,ATULAUTO,Atul Auto Limited,2023-03-16,2023-03-17,323.04998779296875,326.0,39.515185207699794,40.20625469810799,0.6910694904081964,60.33974732739111,2023-03-10,68.22240113606998,2023-02-28,343.389755223549
854,GRAVITA,Gravita India Limited,2023-03-16,2023-03-17,444.9317932128906,449.3170371857461,39.52170688878188,42.210723243888324,2.689016355106446,62.94380153708061,2023-03-10,71.44165513824586,2023-02-28,462.52631701862566
1365,MANAKSIA,Manaksia Limited,2023-03-17,2023-03-20,105.27662658691406,102.92626527176954,38.640765260612014,41.169418410073426,2.5286531494614124,60.20639905040169,2023-03-10,76.57751620795693,2023-02-28,113.1910150419763
1689,PERSISTENT,Persistent Systems Limited,2023-03-17,2023-03-20,2271.75537109375,2256.1527709246016,35.253051127332725,46.794784910213124,11.5417337828804,66.11850760189209,2023-03-10,66.07554733659275,2023-02-28,2305.3842359716436
2194,SUPREMEIND,Supreme Industries Limited,2023-03-17,2023-03-20,2498.31591796875,2448.2728431015826,37.03927146430816,44.263535288715744,7.224263824407586,64.72998663405845,2023-03-10,74.99480869700031,2023-02-28,2559.60181176528
890,HAL,Hindustan Aeronautics Limited,2023-03-24,2023-03-27,1240.01318359375,1219.4870737011136,38.939591897652704,44.996794405818434,6.05720250816573,62.85385956429076,2023-03-17,76.70551415979169,2023-02-28,1277.7673905734898
2205,SURYAROSNI,Surya Roshni Limited,2023-03-28,2023-03-29,153.4217987060547,152.95717920221892,37.114396930795806,46.15300042294987,9.038603492154067,60.43402998541028,2023-03-24,66.826426787434,2023-02-28,157.69982217989414
294,BANCOINDIA,Banco Products (I) Limited,2023-03-29,2023-03-31,97.61060333251953,99.3336723165558,37.17957232495496,44.551373433689875,7.371801108734914,60.94498761130989,2023-03-24,63.71310937940598,2023-02-28,101.23050987570524
374,BLUESTARCO,Blue Star Limited,2023-03-31,2023-04-03,674.953125,673.2158125724211,39.58645840897018,41.02557304911443,1.439114640144247,64.74980559778912,2023-03-24,70.5275994032363,2023-02-28,697.1832557784161
939,HILTON,Hilton Metal Forging Limited,2023-03-31,2023-04-03,99.9000015258789,104.80000305175781,34.014868717415936,43.30754361987565,9.292674902459716,65.33206635521105,2023-03-24,83.25873955447406,2023-02-28,104.28520129892865
94,AIAENG,AIA Engineering Limited,2023-04-21,2023-04-24,2744.1123046875,2744.2599860110136,39.34961796209295,44.23455719383477,4.884939231741818,62.54852075457783,2023-04-13,68.14244754679842,2023-03-31,2795.165451942339
1140,JSL,Jindal Stainless Limited,2023-04-21,2023-04-24,262.52398681640625,263.79691678844716,38.830395492150814,41.88068739344938,3.0502919012985643,60.52028699170167,2023-04-13,74.03927121372038,2023-03-31,270.22392110445634
2510,WENDT,Wendt (India) Limited,2023-04-21,2023-04-24,8880.3974609375,9080.19161429609,38.04768178050471,62.204284310793746,24.156602530289035,60.45796654740073,2023-04-13,69.86630191367864,2023-03-31,8246.217042688384
1385,MARATHON,Marathon Nextgen Realty Limited,2023-05-10,2023-05-11,285.0923156738281,292.3538950507873,39.864686703130495,45.731166495297124,5.866479792166629,60.867418739202286,2023-05-05,77.55636415212942,2023-04-28,291.23209698174537
1021,INDIANB,Indian Bank,2023-05-11,2023-05-12,261.50018310546875,261.862364821303,39.89860687367749,41.14697133110126,1.2483644574237758,70.90119006810599,2023-05-05,70.5523333483051,2023-04-28,277.7812516011785
1050,INGERRAND,Ingersoll Rand (India) Limited,2023-05-11,2023-05-12,2356.278564453125,2368.0797930157005,37.652520918192764,42.42297604805696,4.770455129864196,66.47076306704497,2023-05-05,80.06280222870387,2023-04-28,2458.855246613027
2133,SRF,SRF Limited,2023-05-19,2023-05-22,2409.828125,2414.0815667335614,39.440935657245205,40.99560317544142,1.5546675181962115,62.76403318000144,2023-05-12,64.81079876806899,2023-04-28,2470.245295193053
1389,MARKSANS,Marksans Pharma Limited,2023-05-23,2023-05-24,72.0399398803711,71.99061668969223,35.96914411484421,42.854864691637225,6.8857205767930125,63.82989864060809,2023-05-19,67.74338924795043,2023-04-28,74.50757118389238
2063,SIEMENS,Siemens Limited,2023-05-23,2023-05-24,1977.3834228515625,1977.3833248647502,39.27665514102936,40.02304491076136,0.7463897697319979,68.88057712757485,2023-05-19,78.71855674713996,2023-04-28,2091.6880321465683
1527,NCC,NCC Limited,2023-05-24,2023-05-25,103.57611083984375,104.3875366709024,33.84196607867793,44.17512071073762,10.333154632059696,64.58588846812215,2023-05-19,73.75735248167055,2023-04-28,107.98058200665209
1934,SALZERELEC,Salzer Electronics Limited,2023-05-24,2023-05-25,282.2249450683594,291.82041502751883,33.24037054440424,40.79165825709331,7.551287712689067,65.57698081339427,2023-05-19,66.43344899584218,2023-04-28,305.0567666674889
2150,STEELCITY,Steel City Securities Limited,2023-05-24,2023-05-25,53.69722366333008,53.697215009815,39.71998086954529,42.43563185330427,2.7156509837589837,61.87772431163963,2023-05-19,60.25377256395693,2023-04-28,56.196239616960405
2388,UNIVCABLES,Universal Cables Limited,2023-05-24,2023-05-25,362.1383361816406,365.0825498653557,35.80871850084458,43.25075303987157,7.4420345390269915,60.795399533752125,2023-05-19,80.47634739596508,2023-04-28,379.0079562046453
385,BOROLTD,Borosil Limited,2023-05-25,2023-05-26,323.6044921875,325.03082275390625,37.40927454962523,46.58744890017579,9.178174350550556,62.28315179503116,2023-05-19,63.78669755976673,2023-04-28,331.1613016248861
732,FINCABLES,Finolex Cables Limited,2023-05-26,2023-05-29,825.3151245117188,822.1342084594863,39.78715761266583,40.641538321652874,0.8543807089870441,75.43113410914532,2023-05-19,79.93029653225582,2023-04-28,856.1775484817524
866,GRSE,Garden Reach Shipbuilders & Engineers Limited,2023-05-26,2023-05-29,448.6842041015625,449.41613466654934,37.3149266571124,40.33352802626537,3.018601369152968,62.459900191954915,2023-05-19,67.9401739723832,2023-04-28,472.65467151992954
389,BOSCHLTD,Bosch Limited,2023-05-30,2023-05-31,17692.01171875,17692.012982305474,36.83480679087631,42.80235092927758,5.967544138401273,61.30098944282843,2023-05-26,64.73117124918573,2023-04-28,18021.06245801094
1278,LAMBODHARA,Lambodhara Textiles Limited,2023-05-31,2023-06-01,186.18736267089844,189.05785884155213,38.53267756684048,40.90059791931758,2.3679203524770998,68.54191490979635,2023-05-26,77.51073229994924,2023-04-28,202.93850519482612
2388,UNIVCABLES,Universal Cables Limited,2023-05-31,2023-06-01,363.1197509765625,370.97098481401923,39.00327062370376,45.875083818935124,6.871813195231361,60.761141680896884,2023-05-26,80.47634739596508,2023-04-28,372.3640761080042
2260,TCPLPACK,TCPL Packaging Limited,2023-06-02,2023-06-05,1419.7205810546875,1440.9290691526535,37.500815815948435,43.53376898626311,6.032953170314677,66.23493917721171,2023-05-26,66.33358374902821,2023-05-31,1474.0113672454702
1635,ORIENTHOT,Oriental Hotels Limited,2023-06-09,2023-06-12,85.28269958496094,85.97086604048296,38.76134339613293,41.23749476484358,2.476151368710653,62.86515790096584,2023-06-02,66.91863616757908,2023-05-31,87.56263910797847
934,HGINFRA,H.G. Infra Engineering Limited,2023-06-16,2023-06-19,853.9564208984375,866.7546898001226,36.08339314355922,40.32994357642522,4.246550432866002,66.1091453324533,2023-06-09,77.08706628682984,2023-05-31,888.64448892309
2677,IVZINGOLD,IVZINGOLD,2023-06-16,2023-06-19,5279.0,5316.5498046875,39.533363200592625,43.94919728247051,4.4158340818778825,60.16818455851334,2023-06-09,72.72416055588293,2023-05-31,5330.306615923706
2755,QGOLDHALF,QGOLDHALF,2023-06-16,2023-06-19,50.439998626708984,50.11000061035156,35.26724343820675,43.70939623331085,8.4421527951041,60.636925093706104,2023-06-09,72.167370669772,2023-05-31,50.792803771479875
2345,TTKHLTCARE,TTK Healthcare Limited,2023-06-30,2023-07-03,1223.6060791015625,1236.386406231683,39.08109875649614,55.85976881781136,16.778670061315218,66.38829483468297,2023-06-23,74.73723362395529,2023-05-31,1211.588759371325
190,ARROWGREEN,Arrow Greentech Limited,2023-07-04,2023-07-05,317.9827575683594,322.0828834043459,39.96197564089973,47.12433212032577,7.1623564794260375,68.14350931019644,2023-06-30,69.99277999219568,2023-06-30,327.30462990620066
2205,SURYAROSNI,Surya Roshni Limited,2023-07-06,2023-07-07,186.2289581298828,186.31235287446592,39.58593147498699,41.74677153828754,2.1608400633005473,70.5722234998142,2023-06-30,73.68444004627858,2023-06-30,194.67579719610688
914,HCLTECH,HCL Technologies Limited,2023-07-14,2023-07-17,1013.7284545898438,1014.6095070498736,36.489489338250884,51.936172586369366,15.446683248118482,60.32277090533087,2023-07-07,63.83613425409314,2023-06-30,1010.1119988561838
1073,IRCON,Ircon International Limited,2023-07-14,2023-07-17,76.70037841796875,77.32085985874174,39.98603663261965,43.935114351633,3.9490777190133457,68.4531492911797,2023-07-07,78.09882472392533,2023-06-30,78.52527802535792
1704,PIIND,PI Industries Limited,2023-07-14,2023-07-17,3578.465576171875,3596.745160228175,39.99530491069202,42.08000614382346,2.0847012331314403,62.44539805126864,2023-07-07,66.19201722099923,2023-06-30,3680.5942603468375
1880,ROUTE,ROUTE MOBILE LIMITED,2023-07-18,2023-07-19,1429.838623046875,1439.5801731755537,39.987683386943495,40.29133055924532,0.30364717230182237,70.69947630907029,2023-07-14,63.57370405629565,2023-06-30,1502.6857467461364
1207,KINGFA,Kingfa Science & Technology (India) Limited,2023-07-19,2023-07-20,1907.067138671875,1914.495687475383,38.317233921490185,47.37703843526523,9.059804513775042,62.05832745714441,2023-07-14,71.70471219396059,2023-06-30,1926.492464850083
2040,SHOPERSTOP,Shoppers Stop Limited,2023-07-20,2023-07-21,788.7000122070312,789.4500122070312,39.63139419394919,47.53720235873792,7.905808164788731,71.39687072510549,2023-07-14,75.44716552215675,2023-06-30,798.4271442680753
433,CCL,CCL Products (India) Limited,2023-07-21,2023-07-24,615.6605224609375,618.9470776846238,35.20920095865509,40.29877673523993,5.089575776584844,78.82863556163528,2023-07-14,78.63394156204245,2023-06-30,653.5422349070051
1759,PRESTIGE,Prestige Estates Projects Limited,2023-07-24,2023-07-25,544.9349365234375,548.5142406426816,39.292238096410856,43.16577997215478,3.873541875743925,61.14768428005576,2023-07-21,67.45204252415283,2023-06-30,558.6351418168492
2040,SHOPERSTOP,Shoppers Stop Limited,2023-07-25,2023-07-26,776.2999877929688,776.9000244140625,38.42325988400262,44.38426480296798,5.961004918965358,63.188946388148196,2023-07-21,75.44716552215675,2023-06-30,792.2719339848218
397,BRITANNIA,Britannia Industries Limited,2023-07-26,2023-07-27,4776.3818359375,4758.55503253622,39.60260451795794,49.03470118644843,9.432096668490487,69.4099958695261,2023-07-21,73.32369214444265,2023-06-30,4805.310937201914
1374,MANINDS,Man Industries (India) Limited,2023-07-26,2023-07-27,131.08924865722656,132.12456232306022,38.29367284971886,40.5251409046862,2.231468054967337,61.86905781802075,2023-07-21,72.12983497068717,2023-06-30,137.13218530404626
1821,RANEHOLDIN,Rane Holdings Limited,2023-07-28,2023-07-31,955.5515747070312,951.2414224029892,38.9665761097302,43.05198888550753,4.085412775777328,68.15670071736416,2023-07-21,71.07243351241023,2023-06-30,990.1370697709643
939,HILTON,Hilton Metal Forging Limited,2023-07-31,2023-08-01,164.64999389648438,162.14999389648438,39.96313912240385,50.80321280119276,10.840073678788904,66.04499460145314,2023-07-28,83.56456424236603,2023-06-30,164.61382122559672
1193,KEI,KEI Industries Limited,2023-08-02,2023-08-03,2365.11279296875,2348.416929158487,39.142887508754505,48.266211107589974,9.12332359883547,73.9562310907894,2023-07-28,84.95463672130902,2023-07-31,2409.7488477162683
2218,SWARAJENG,Swaraj Engines Limited,2023-08-02,2023-08-03,1832.0821533203125,1832.1740287757034,39.826324853262776,47.13862956406036,7.312304710797584,68.21975089746795,2023-07-28,67.51642772527052,2023-07-31,1856.7265639820912
2413,VARDMNPOLY,Vardhman Polytex Limited,2023-08-02,2023-08-03,5.614999771118164,5.724999904632568,37.34564572206057,42.32394740558246,4.978301683521892,70.81454982090182,2023-07-28,76.83153802949309,2023-07-31,5.873904402466097
1191,KECL,Kirloskar Electric Company Limited,2023-08-03,2023-08-04,114.5999984741211,119.0,34.55936686392246,44.04316188928331,9.483795025360848,61.874174588345944,2023-07-28,76.06696335658272,2023-07-31,118.80621986150996
1870,RML,Rane (Madras) Limited,2023-08-03,2023-08-04,613.046875,617.0010654753353,38.6861206897262,41.330182007412034,2.644061317685832,61.13171091445826,2023-07-28,67.25693092169037,2023-07-31,646.2456078823235
466,CHOLAFIN,Cholamandalam Investment and Finance Company Limited,2023-08-04,2023-08-07,1080.817626953125,1077.5314522955896,35.26293603893603,40.00334906103546,4.740413022099425,71.98189173940702,2023-07-28,79.3120280809853,2023-07-31,1120.0108106953835
651,EIHAHOTELS,EIH Associated Hotels Limited,2023-08-04,2023-08-07,238.27903747558594,237.1898869433907,33.50692422988884,42.1632050893041,8.656280859415261,60.57474187101982,2023-07-28,62.09726053748413,2023-07-31,243.64271786891595
1025,INDIGO,InterGlobe Aviation Limited,2023-08-04,2023-08-07,2508.660400390625,2525.082954062874,37.030286865882836,44.21265589904266,7.182369033159823,74.69713531959563,2023-07-28,66.85444266778386,2023-07-31,2577.425540942781
1532,NDRAUTO,Ndr Auto Components Limited,2023-08-07,2023-08-08,211.85877990722656,216.0870819091797,39.72252921148971,44.947834275052536,5.225305063562828,60.45281194927612,2023-08-04,83.52951253495229,2023-07-31,217.34857326793613
1301,LGBBROSLTD,LG Balakrishnan & Bros Limited,2023-08-08,2023-08-09,970.2943115234375,970.3885353647049,38.365453591700685,41.17455328410206,2.809099692401375,60.18617971913807,2023-08-04,70.89464033350964,2023-07-31,1022.4950153822379
2191,SUPRAJIT,Suprajit Engineering Limited,2023-08-08,2023-08-09,402.2668151855469,400.5980373172385,35.29088755810072,47.20943347959844,11.918545921497717,60.19805002184979,2023-08-04,66.6471297478416,2023-07-31,408.3127080052152
315,BDL,Bharat Dynamics Limited,2023-08-09,2023-08-10,563.3031005859375,562.4158677044902,38.77013804684986,45.34350926897654,6.573371222126681,62.76818218040605,2023-08-04,85.15146885318966,2023-07-31,575.9790876893397
1934,SALZERELEC,Salzer Electronics Limited,2023-08-09,2023-08-10,327.1356506347656,331.29034005597435,37.27459525543698,42.67449405783853,5.399898802401552,63.438458462743085,2023-08-04,67.69863386893051,2023-07-31,338.985413241438
1084,ITC,ITC Limited,2023-08-14,2023-08-16,385.5726013183594,387.1176226200887,39.761606748996286,40.23328488436756,0.47167813537127756,60.57472260456285,2023-08-11,88.26222459442522,2023-07-31,394.40519374181275
1110,JBMA,JBM Auto Limited,2023-08-14,2023-08-16,653.5870361328125,652.5153164295435,39.617725884357256,49.56134597201235,9.943620087655091,66.7609954299221,2023-08-11,89.80457891837014,2023-07-31,662.293975938539
419,CAPACITE,Capacit'e Infraprojects Limited,2023-08-16,2023-08-17,211.5500030517578,211.3000030517578,37.94720212227478,46.70659641325613,8.759394290981348,64.80131330630806,2023-08-11,61.24503109245654,2023-07-31,218.00993716512298
435,CEATLTD,CEAT Limited,2023-08-16,2023-08-17,2265.629150390625,2265.3384671950653,39.75725912067368,48.22526516423986,8.468006043566177,66.94836128809064,2023-08-11,72.55655777446177,2023-07-31,2299.417707587424
716,FACT,Fertilizers and Chemicals Travancore Limited,2023-08-16,2023-08-17,453.7028503417969,458.4870417746224,34.03883331994969,48.69720619884317,14.65837287889348,66.50348559678073,2023-08-11,71.29737296233195,2023-07-31,460.52743647957374
1283,LAOPALA,La Opala RG Limited,2023-08-16,2023-08-17,404.9610595703125,404.5949050814387,38.441651266156,46.59016725174781,8.148515985591807,65.7300434193346,2023-08-11,69.05993378755512,2023-07-31,411.9273456011064
1593,NUCLEUS,Nucleus Software Exports Limited,2023-08-16,2023-08-17,1031.948974609375,1036.7718539105872,38.26180899045812,48.3184467058946,10.05663771543648,61.69431942037811,2023-08-11,80.31503451934127,2023-07-31,1047.617992641216
1858,RICOAUTO,Rico Auto Industries Limited,2023-08-16,2023-08-17,89.34398651123047,89.93242842242087,33.647357117453666,40.297270903368755,6.649913785915089,66.69303877949713,2023-08-11,68.9400234907561,2023-07-31,96.86105717564782
270,BAJAJ-AUTO,Bajaj Auto Limited,2023-08-17,2023-08-18,4443.5615234375,4435.643320681531,36.109242916031434,43.174015187148434,7.0647722711170005,60.67426101369659,2023-08-11,72.43974002515039,2023-07-31,4503.165447455354
463,CHENNPETRO,Chennai Petroleum Corporation Limited,2023-08-17,2023-08-18,324.9185791015625,324.918584010851,34.00517209423006,40.87187654079645,6.866704446566388,63.17206290986968,2023-08-11,71.81537433057444,2023-07-31,339.43761223841574
1318,LOKESHMACH,Lokesh Machines Limited,2023-08-17,2023-08-18,184.35000610351562,185.5,39.841729590677595,41.33970494996076,1.497975359283167,64.41377411862543,2023-08-11,80.04451788003355,2023-07-31,191.64754576058772
29,ABCAPITAL,Aditya Birla Capital Limited,2023-08-18,2023-08-21,181.4499969482422,181.35000610351562,39.118562653610915,40.89871791972971,1.780155266118797,60.04057613647269,2023-08-11,72.82605117769698,2023-07-31,185.8109423645375
2090,SKFINDIA,SKF India Limited,2023-08-18,2023-08-21,4865.255859375,4863.920700775702,38.70954518903913,50.39656554593506,11.687020356895928,62.40772977732562,2023-08-11,74.17971027260418,2023-07-31,4868.73609017892
2177,SUNDARMFIN,Sundaram Finance Limited,2023-08-18,2023-08-21,2526.763916015625,2526.8620043586757,38.36791748001773,49.93130657081907,11.563389090801337,64.64415928569562,2023-08-11,66.27581284723445,2023-07-31,2527.1749247136727
2181,SUNFLAG,Sunflag Iron And Steel Company Limited,2023-08-18,2023-08-21,199.38217163085938,199.3821741672091,38.66109588104693,41.46089183510572,2.799795954058787,64.84833708835649,2023-08-11,81.53749788221609,2023-07-31,214.9258635825809
2486,VSTIND,VST Industries Limited,2023-08-18,2023-08-21,280.6964416503906,282.0730806042235,37.641965142627775,46.12329167118582,8.481326528558043,63.303315348552,2023-08-11,65.50187817075215,2023-07-31,283.47806041538655
270,BAJAJ-AUTO,Bajaj Auto Limited,2023-08-22,2023-08-23,4415.46630859375,4426.532746875503,39.30225173124048,41.55467291714097,2.252421185900488,61.25364111999889,2023-08-18,72.43974002515039,2023-07-31,4479.051296820912
1037,INDOTECH,Indo Tech Transformers Limited,2023-08-22,2023-08-23,409.6000061035156,429.8999938964844,37.47897018091103,44.07813631474068,6.599166133829655,61.90867422405887,2023-08-18,75.59997265329642,2023-07-31,432.16360960319827
1318,LOKESHMACH,Lokesh Machines Limited,2023-08-23,2023-08-24,183.60000610351562,184.39999389648438,37.65098409372438,42.164736306002936,4.513752212278554,60.31562372671639,2023-08-18,80.04451788003355,2023-07-31,188.92746910662558
2494,WABAG,VA Tech Wabag Limited,2023-08-23,2023-08-24,483.0254821777344,485.5627194071613,39.42177265771932,40.719134206674774,1.2973615489554504,64.16157975880935,2023-08-18,74.30041363838549,2023-07-31,502.83631236260834
2428,VENUSREM,Venus Remedies Limited,2023-08-24,2023-08-25,243.8793182373047,234.24140312484562,39.91437431019648,42.70108713939199,2.7867128291955083,66.85432436493464,2023-08-18,99.9999999877305,2023-07-31,254.08927909306027
238,AURIONPRO,Aurionpro Solutions Limited,2023-08-25,2023-08-28,507.5472412109375,524.6556278939456,37.346459518254235,45.786516815390875,8.44005729713664,73.60855075151345,2023-08-18,86.38784325644414,2023-07-31,522.5774962274083
1593,NUCLEUS,Nucleus Software Exports Limited,2023-08-30,2023-08-31,966.1168823242188,966.4545733707054,39.40328038009308,42.0401546772595,2.636874297166422,60.526063917966404,2023-08-25,80.31503451934127,2023-07-31,1002.355006883347
1219,KKCL,Kewal Kiran Clothing Limited,2023-09-08,2023-09-11,660.0,669.800793636223,38.761644764445265,45.27768575965143,6.516040995206168,70.29245108138682,2023-09-01,79.18192810197843,2023-08-31,672.7699753063768
1389,MARKSANS,Marksans Pharma Limited,2023-09-11,2023-09-12,105.12126159667969,108.98893488570633,39.944870010877295,41.12606406296266,1.1811940520853668,63.96615262538122,2023-09-08,75.3800396551303,2023-08-31,108.9862607783536
1514,NATCOPHARM,Natco Pharma Limited,2023-09-12,2023-09-13,806.90771484375,807.695665264049,39.00717896174032,40.65206655197071,1.6448875902303897,81.48879819872866,2023-09-08,64.831012461379,2023-08-31,852.8950067711729
188,ARMANFIN,Arman Financial Services Limited,2023-09-13,2023-09-14,2224.800048828125,2258.14990234375,39.809575067896716,42.49967493444071,2.6900998665439957,68.36796516881438,2023-09-08,81.81054846534404,2023-08-31,2309.0169631167673
840,GOODYEAR,Goodyear India Limited,2023-09-13,2023-09-14,1294.738525390625,1300.2167285008907,33.39099349098082,45.81428681976768,12.423293328786862,67.56379107383364,2023-09-08,77.95722571239092,2023-08-31,1309.2822514480592
856,GREENLAM,Greenlam Industries Limited,2023-09-13,2023-09-14,218.5727081298828,219.86501291228834,39.41855716228058,41.72444472544664,2.30588756316606,63.05720513066202,2023-09-08,64.97094540271348,2023-08-31,224.08355542179706
927,HERITGFOOD,Heritage Foods Limited,2023-09-13,2023-09-14,231.3115234375,232.44178030189164,35.08055732492815,42.96195286889983,7.881395543971678,75.28219983069533,2023-09-08,63.16211498223424,2023-08-31,244.74253705204308
1130,JKTYRE,JK Tyre & Industries Limited,2023-09-13,2023-09-14,246.1439208984375,248.71854900942856,38.25509804611334,40.69786386978176,2.4427658236684238,66.61392171029019,2023-09-08,73.52948746678362,2023-08-31,254.672907122372
1400,MAXIND,Max India Limited,2023-09-13,2023-09-14,146.5,147.3000030517578,36.90361778491106,41.63486021311582,4.731242428204759,68.78798392164406,2023-09-08,65.17345663901574,2023-08-31,155.0560765826351
1401,MAYURUNIQ,Mayur Uniquoters Ltd,2023-09-13,2023-09-14,509.7293701171875,509.72934949242773,38.93232181689184,43.88667654953977,4.9543547326479285,62.45128690291164,2023-09-08,61.888924563854744,2023-08-31,528.881477294329
1850,REPRO,Repro India Limited,2023-09-13,2023-09-14,805.0499877929688,825.0,39.95390679066833,49.679598753123514,9.725691962455187,69.73510988509253,2023-09-08,76.58807167610698,2023-08-31,812.2474029808734
2233,TALBROAUTO,Talbros Automotive Components Limited,2023-09-13,2023-09-14,192.0806427001953,195.12857339633206,38.777444686985035,44.40857318912646,5.631128502141422,76.00790335153565,2023-09-08,80.95695366923322,2023-08-31,200.2061448409801
2480,VOLTAMP,Voltamp Transformers Limited,2023-09-13,2023-09-14,4835.9931640625,4857.404879194113,35.09886467849327,43.71820375770333,8.619339079210057,69.22655930996532,2023-09-08,83.12489066194081,2023-08-31,5134.195361951665
42,ACE,Action Construction Equipment Limited,2023-09-14,2023-09-15,701.7386474609375,707.1685043877072,36.96069590196216,44.79143112594351,7.83073522398135,71.06550192305724,2023-09-08,89.97553934741705,2023-08-31,721.5063452913556
176,ARCHIES,Archies Limited,2023-09-14,2023-09-15,25.950000762939453,26.049999237060547,39.28853525912541,40.423086855279585,1.134551596154175,60.6622688860844,2023-09-08,62.87872459993464,2023-08-31,26.944867830442114
476,CLEDUCATE,CL Educate Limited,2023-09-14,2023-09-15,76.4000015258789,76.0,39.377203607244226,49.478638178005426,10.1014345707612,67.22835243967788,2023-09-08,61.22190000142686,2023-08-31,76.83656998413134
634,DYNAMATECH,Dynamatic Technologies Limited,2023-09-14,2023-09-15,3755.068603515625,3773.8719580487827,36.80172503254409,41.06489666006198,4.263171627517892,65.75991162169967,2023-09-08,74.14599051347332,2023-08-31,3851.420534644752
1050,INGERRAND,Ingersoll Rand (India) Limited,2023-09-14,2023-09-15,2828.935791015625,2848.3647582363587,39.39332478923881,41.64760912629242,2.254284337053612,68.06884082702176,2023-09-08,84.01721891127319,2023-08-31,2936.105834432321
1104,JASH,Jash Engineering Limited,2023-09-14,2023-09-15,269.67376708984375,270.4535046550261,35.762396223745284,45.16543064746509,9.403034423719802,82.9657810711866,2023-09-08,91.86312074524632,2023-08-31,279.13630233208517
1106,JAYBARMARU,Jay Bharat Maruti Limited,2023-09-14,2023-09-15,109.2861099243164,109.93276922776782,38.12686709188447,41.96614853964846,3.8392814477639874,64.52321600037564,2023-09-08,67.2373278071635,2023-08-31,112.17039300306995
1211,KIRLFER,Kirloskar Ferrous Industries Limited,2023-09-14,2023-09-15,473.3617248535156,474.0075547331066,34.83703430523927,48.51190103950971,13.674866734270438,60.786846247039975,2023-09-08,69.86723099771598,2023-08-31,475.60746195140473
1214,KIRLOSIND,Kirloskar Industries Limited,2023-09-14,2023-09-15,3366.26708984375,3388.5171463217052,33.94730706083345,44.54076474173453,10.593457680901075,66.76913540341212,2023-09-08,88.10687867204251,2023-08-31,3442.0848775677878
1228,KOKUYOCMLN,Kokuyo Camlin Limited,2023-09-14,2023-09-15,140.517578125,145.83230550076811,34.263887394097736,45.57425152738237,11.310364133284637,73.0491340022088,2023-09-08,75.61874964685012,2023-08-31,143.6422885598551
1687,PENINLAND,Peninsula Land Limited,2023-09-14,2023-09-15,31.350000381469727,31.600000381469727,39.23408110320098,44.94933755813685,5.715256454935869,69.57685921444796,2023-09-08,78.86260612370442,2023-08-31,32.698188904287704
1859,RIIL,Reliance Industrial Infrastructure Limited,2023-09-14,2023-09-15,959.6802978515625,964.3761353070329,38.970032411526134,41.540738947072576,2.5707065355464422,62.49518056904142,2023-09-08,60.574856821305765,2023-08-31,985.856702747531
2552,ZOTA,Zota Health Care LImited,2023-09-14,2023-09-15,410.65130615234375,410.0044642344728,39.34800969425011,45.982005729134215,6.633996034884106,63.33362306392971,2023-09-08,70.40712488804989,2023-08-31,421.2963527557824
205,ASHIANA,Ashiana Housing Limited,2023-09-15,2023-09-18,198.77105712890625,201.07834761027112,39.66376758212905,45.12196289831791,5.458195316188863,62.18885133828621,2023-09-08,66.27552221111678,2023-08-31,201.59790328005522
1023,INDIANHUME,Indian Hume Pipe Company Limited,2023-09-15,2023-09-18,255.0784454345703,255.27275838226626,39.616609549671736,45.810244437838364,6.193634888166628,70.9890074775629,2023-09-08,68.63450959803598,2023-08-31,261.99197166690055
1096,JAGRAN,Jagran Prakashan Limited,2023-09-15,2023-09-18,80.74845123291016,80.748446982834,38.536718956840886,53.26426492405962,14.727545967218731,69.73637809238187,2023-09-08,74.31817034777826,2023-08-31,79.84813066665477
2431,VESUVIUS,Vesuvius India Limited,2023-09-15,2023-09-18,314.9001770019531,313.55325587933254,39.370614158537556,44.59484687442938,5.224232715891823,75.45327709666846,2023-09-08,81.86466630118107,2023-08-31,323.9654585333223
317,BECTORFOOD,Mrs. Bectors Food Specialities Limited,2023-09-20,2023-09-21,191.11570739746094,189.86971695497093,39.72007619667609,45.0289042561117,5.308828059435612,63.53371425106357,2023-09-15,71.33688231858054,2023-08-31,197.60749001621576
516,CREDITACC,CREDITACCESS GRAMEEN LIMITED,2023-09-20,2023-09-21,1337.89111328125,1344.8856713885018,37.866232899758266,41.2460386917077,3.379805791949437,61.72929753993722,2023-09-15,70.75538999619948,2023-08-31,1389.458266906988
721,FDC,FDC Limited,2023-09-21,2023-09-22,361.0900573730469,361.090066080508,39.07933451433709,44.94636874106342,5.867034226726325,62.39609633189603,2023-09-15,68.72139342064999,2023-08-31,368.716927681649
1389,MARKSANS,Marksans Pharma Limited,2023-09-21,2023-09-22,103.23701477050781,104.27831294016819,37.98221517637972,40.9869829920207,3.0047678156409816,60.580712596970166,2023-09-15,75.3800396551303,2023-08-31,106.05942690762133
271,BAJAJCON,Bajaj Consumer Care Limited,2023-09-22,2023-09-25,228.93016052246094,228.38779348215348,39.62754363371072,45.08204668621559,5.454503052504869,67.13849848971782,2023-09-15,68.72060446892748,2023-08-31,234.3907182585066
1228,KOKUYOCMLN,Kokuyo Camlin Limited,2023-09-22,2023-09-25,135.74920654296875,136.9909666965244,37.979267733999755,40.806642612653434,2.8273748786536785,71.21998315000613,2023-09-15,75.61874964685012,2023-08-31,141.50825709693615
1387,MARINE,Marine Electricals (India) Limited,2023-09-22,2023-09-25,60.95206069946289,62.598063689229505,36.91001570815694,41.213610202336895,4.303594494179954,60.222532094729544,2023-09-15,72.29639131009348,2023-08-31,63.186566924583786
1687,PENINLAND,Peninsula Land Limited,2023-09-22,2023-09-25,31.350000381469727,31.600000381469727,39.97597446809857,46.89459142709108,6.918616958992509,64.1631560795305,2023-09-15,78.86260612370442,2023-08-31,31.97895855315785
1850,REPRO,Repro India Limited,2023-09-22,2023-09-25,781.9500122070312,794.9000244140625,39.47317227660246,46.28887804851204,6.8157057719095775,69.13425184016154,2023-09-15,76.58807167610698,2023-08-31,799.6807358616832
1893,RSSOFTWARE,R. S. Software (India) Limited,2023-09-22,2023-09-25,47.49887466430664,48.447853088378906,39.52999452501894,43.5146313245697,3.9846367995507563,66.89551234193465,2023-09-15,72.08798989885908,2023-08-31,49.51018128874455
2179,SUNDRMFAST,Sundram Fasteners Limited,2023-09-22,2023-09-25,1201.4163818359375,1206.6519079870836,37.05736844397617,45.56151178195576,8.504143337979585,64.04839480321192,2023-09-15,78.38866249791093,2023-08-31,1217.9015546368282
2233,TALBROAUTO,Talbros Automotive Components Limited,2023-09-22,2023-09-25,187.60980224609375,188.7737828075529,38.51344714388668,42.288070225638776,3.7746230817520967,67.93467764078918,2023-09-15,80.95695366923322,2023-08-31,195.1262949430614
2262,TDPOWERSYS,TD Power Systems Limited,2023-09-22,2023-09-25,122.8019790649414,122.8019793967099,36.130806385434255,40.69538314937132,4.564576763937062,62.67099807721787,2023-09-15,91.14500447222403,2023-08-31,127.35220390902381
2396,USHAMART,Usha Martin Limited,2023-09-22,2023-09-25,318.37359619140625,314.07523098703535,36.93492377782233,40.1897874646158,3.2548636867934704,76.70629889416384,2023-09-15,86.18036024929201,2023-08-31,334.3792943551011
2431,VESUVIUS,Vesuvius India Limited,2023-09-22,2023-09-25,306.283935546875,308.0071730235516,36.72089649899834,41.35637640296179,4.63547990396345,70.6832567370831,2023-09-15,81.86466630118107,2023-08-31,318.23704395970117
2546,ZENTEC,Zen Technologies Limited,2023-09-22,2023-09-25,718.3804931640625,732.1455653746482,35.09272931541791,41.02842719828974,5.935697882871828,77.25016491510776,2023-09-15,90.78821851661213,2023-08-31,767.485471516028
712,EXIDEIND,Exide Industries Limited,2023-09-25,2023-09-26,255.3731689453125,255.37318757778147,38.88203400166485,43.10815353778109,4.226119536116244,63.28488197004961,2023-09-22,75.45028455113993,2023-08-31,260.9088381779248
1104,JASH,Jash Engineering Limited,2023-09-25,2023-09-26,264.02484130859375,274.0591679505117,39.20753674575214,43.52081688186344,4.3132801361113025,61.836447390338996,2023-09-22,91.86312074524632,2023-08-31,272.1074699480957
271,BAJAJCON,Bajaj Consumer Care Limited,2023-09-26,2023-09-27,224.8377227783203,224.83772812714483,38.35630062533839,42.88828577765937,4.531985152320978,66.35908565424592,2023-09-22,68.72060446892748,2023-08-31,232.40269131986116
882,GULFOILLUB,Gulf Oil Lubricants India Limited,2023-09-26,2023-09-27,485.3877258300781,487.8534994083876,38.35824952968179,40.25412196845107,1.895872438769274,60.944346969842506,2023-09-22,63.542231214675034,2023-08-31,504.56815246403625
912,HCG,Healthcare Global Enterprises Limited,2023-09-26,2023-09-27,342.20001220703125,359.5,38.02997830499751,42.07541401758944,4.0454357125919245,60.89987841850676,2023-09-22,72.43100894551397,2023-08-31,352.88373929868106
2101,SNOWMAN,Snowman Logistics Limited,2023-09-26,2023-09-27,49.027870178222656,48.97904101755596,39.137310457388054,42.508984062719215,3.3716736053311607,61.27203335425443,2023-09-22,66.94328789485112,2023-08-31,50.591226976128816
2262,TDPOWERSYS,TD Power Systems Limited,2023-09-26,2023-09-27,124.21520233154297,125.00858584273568,39.07304687273028,44.74337186778464,5.670324995054358,60.03473157568734,2023-09-22,91.14500447222403,2023-08-31,126.60695995465471
42,ACE,Action Construction Equipment Limited,2023-09-27,2023-09-28,699.0985717773438,705.1758912023374,38.757189106213495,48.20085354851737,9.443664442303877,63.91648002790171,2023-09-22,89.97553934741705,2023-08-31,702.7470778705857
164,APLAPOLLO,APL Apollo Tubes Limited,2023-09-27,2023-09-28,1617.668701171875,1623.0788738389679,39.202163204734745,52.299400351942076,13.09723714720733,63.50597515942851,2023-09-22,81.69031655195842,2023-08-31,1606.5055191058607
683,ENGINERSIN,Engineers India Limited,2023-09-27,2023-09-28,138.47940063476562,139.19420132544224,39.34252676547195,44.34081632087252,4.998289555400568,66.63646507340886,2023-09-22,78.23906046322898,2023-08-31,142.38407343199245
1228,KOKUYOCMLN,Kokuyo Camlin Limited,2023-09-28,2023-09-29,136.39492797851562,137.73603520120466,39.91730359905571,42.90826084330085,2.990957244245145,63.096847002138944,2023-09-22,75.61874964685012,2023-08-31,139.72086059354376
1850,REPRO,Repro India Limited,2023-09-28,2023-09-29,751.5999755859375,778.9500122070312,38.626114906598374,41.080606160757284,2.45449125415891,64.69963981991938,2023-09-22,76.58807167610698,2023-08-31,786.6777831896937
16,AARON,Aaron Industries Limited,2023-09-29,2023-10-03,122.46322631835938,122.28992538058837,34.828276241984724,43.42492140111193,8.596645159127206,60.77221999564477,2023-09-22,80.38946866741824,2023-08-31,124.49761803779808
210,ASHOKLEY,Ashok Leyland Limited,2023-09-29,2023-10-03,81.79637145996094,82.25850192032198,34.78435453545282,41.89293774265605,7.108583207203232,62.59455589907259,2023-09-22,72.84675667139439,2023-08-31,83.54200300720774
260,AXISCADES,AXISCADES Technologies Limited,2023-09-29,2023-10-03,510.8500061035156,515.5,36.64713612866217,46.07007742802342,9.422941299361248,60.57484537956273,2023-09-22,84.16545979844784,2023-08-31,520.8968029017786
271,BAJAJCON,Bajaj Consumer Care Limited,2023-09-29,2023-10-03,222.07655334472656,221.7807057356538,39.62856293278066,41.10901780019522,1.480454867414558,66.35908565424592,2023-09-22,68.72060446892748,2023-08-31,229.84807080915488
472,CIPLA,Cipla Limited,2023-09-29,2023-10-03,1152.9295654296875,1150.839683954731,35.500106813502256,43.8198231906186,8.319716377116343,63.18276916451024,2023-09-22,69.06065494373658,2023-08-31,1172.675352461871
882,GULFOILLUB,Gulf Oil Lubricants India Limited,2023-09-29,2023-10-03,484.5201416015625,484.9310660299804,38.90591461359708,40.68994303630748,1.7840284227103993,60.944346969842506,2023-09-22,63.542231214675034,2023-08-31,499.1581389243968
890,HAL,Hindustan Aeronautics Limited,2023-09-29,2023-10-03,1869.414794921875,1880.0796938413198,37.44566094500499,45.82638937163912,8.380728426634128,63.24361295756641,2023-09-22,87.13964491585875,2023-08-31,1892.0314367563562
2486,VSTIND,VST Industries Limited,2023-09-29,2023-10-03,279.9817199707031,278.74720467277155,35.40488790059919,40.41930604903693,5.014418148437741,62.00267501667456,2023-09-22,65.63212803197197,2023-08-31,285.6956187296892
8,5PAISA,5Paisa Capital Limited,2023-10-05,2023-10-06,429.54998779296875,433.20001220703125,34.25472941616137,45.18825459932711,10.933525183165742,61.65835892986214,2023-09-29,63.67663343500967,2023-09-29,437.6711852616875
1850,REPRO,Repro India Limited,2023-10-05,2023-10-06,747.9000244140625,745.0,39.901427377999894,40.81818551669599,0.9167581386960961,60.490812692288095,2023-09-29,66.57370161623845,2023-09-29,774.5901760095301
158,ANUP,The Anup Engineering Limited,2023-10-06,2023-10-09,977.5577392578125,966.4291028095837,38.95730057452622,44.32344553571209,5.366144961185867,65.36523830767919,2023-09-29,71.11285535315298,2023-09-29,992.6397120297194
695,ESABINDIA,Esab India Limited,2023-10-06,2023-10-09,4746.583984375,4746.584170461919,39.76349269891203,43.936129160966864,4.172636462054832,63.31347566225321,2023-09-29,70.8132353649407,2023-09-29,4843.0063835516585
986,ICIL,Indo Count Industries Limited,2023-10-06,2023-10-09,223.49169921875,222.75538438552218,37.3242456832334,44.14082174025241,6.816576057019013,61.02858293146861,2023-09-29,61.68592390628511,2023-09-29,228.02748729991274
1228,KOKUYOCMLN,Kokuyo Camlin Limited,2023-10-06,2023-10-09,136.04722595214844,134.30877666496423,38.72966385214539,44.57087987315085,5.841216021005458,64.08061560505476,2023-09-29,68.63160658661045,2023-09-29,138.08717690550415
624,DREDGECORP,Dredging Corporation of India Limited,2023-10-10,2023-10-11,461.0,464.0,39.389161321153594,46.86719675066555,7.478035429511955,61.35711375286829,2023-10-06,61.51522745817761,2023-09-29,469.2823046545412
695,ESABINDIA,Esab India Limited,2023-10-10,2023-10-11,4718.86181640625,4759.729137831112,39.69678947275381,43.78628949146412,4.089500018710311,60.41222496794825,2023-10-06,70.8132353649407,2023-09-29,4816.111934850286
761,GALLANTT,Gallantt Ispat Limited,2023-10-10,2023-10-11,88.26721954345703,88.51614232540516,38.26393389087423,45.590516955594104,7.326583064719877,64.9119909926856,2023-10-06,63.43338495700612,2023-09-29,90.13221655969978
1228,KOKUYOCMLN,Kokuyo Camlin Limited,2023-10-10,2023-10-11,135.74920654296875,137.09031722834743,37.73421379913005,46.05170841399477,8.317494614864714,62.60996436199218,2023-10-06,68.63160658661045,2023-09-29,137.33659508670925
1232,KOTARISUG,Kothari Sugars And Chemicals Limited,2023-10-10,2023-10-11,53.27915573120117,53.378368204122445,37.78537868292564,45.040659379345634,7.2552806964199945,62.38182307730726,2023-10-06,71.02623118120843,2023-09-29,54.629507792767555
1495,MUNJALSHOW,Munjal Showa Limited,2023-10-10,2023-10-11,129.1376495361328,127.5343221442329,37.16666425711494,43.0281688858836,5.861504628768664,65.61563788756709,2023-10-06,63.92927782158893,2023-09-29,132.63960673034498
1608,OLECTRA,Olectra Greentech Limited,2023-10-10,2023-10-11,1174.1396484375,1182.4356676678728,37.03731701515529,44.982565469498,7.94524845434271,62.39612127078859,2023-10-06,77.95097137568014,2023-09-29,1197.0534285954286
2101,SNOWMAN,Snowman Logistics Limited,2023-10-10,2023-10-11,48.63720703125,48.88137202391875,39.83687544354784,43.91161439349768,4.07473894994984,61.27203335425443,2023-10-06,61.446767840518895,2023-09-29,49.5825244159838
2546,ZENTEC,Zen Technologies Limited,2023-10-10,2023-10-11,743.2673950195312,760.5735886847935,39.21999407937863,47.972705011417744,8.752710932039115,65.44622202659903,2023-10-06,81.64638832709973,2023-09-29,752.0743636895126
683,ENGINERSIN,Engineers India Limited,2023-10-11,2023-10-12,133.714111328125,134.00003459658305,38.92762246911615,40.19219981710013,1.2645773479839804,63.36766105354063,2023-10-06,73.92061716666831,2023-09-29,138.46932666075494
2431,VESUVIUS,Vesuvius India Limited,2023-10-11,2023-10-12,306.041259765625,307.0167945707663,36.98447227821264,46.38518294834573,9.400710670133087,64.88901135555069,2023-10-06,73.14234815330343,2023-09-29,308.98237651467167
2396,USHAMART,Usha Martin Limited,2023-10-12,2023-10-13,319.9366455078125,319.1062631906572,39.91807781037451,42.155277342358964,2.2371995319844515,65.09611296103813,2023-10-06,82.58432668451366,2023-09-29,329.7571621396353
1850,REPRO,Repro India Limited,2023-10-13,2023-10-16,738.3499755859375,750.0,36.24911531223672,41.59725500883985,5.348139696603134,61.149291856062874,2023-10-06,66.57370161623845,2023-09-29,759.2328393308316
54,ADANIPOWER,Adani Power Limited,2023-10-17,2023-10-18,67.0999984741211,67.4000015258789,36.49064865430294,40.436874747292606,3.9462260929896686,61.51204153198752,2023-10-13,65.99231576549678,2023-09-29,70.71829826547044
1310,LINCOLN,Lincoln Pharmaceuticals Limited,2023-10-17,2023-10-18,494.2432556152344,496.7293939505389,39.98558284550886,46.25229861195493,6.266715766446069,63.189458422503066,2023-10-13,75.30071592286181,2023-09-29,501.7625823046206
54,ADANIPOWER,Adani Power Limited,2023-10-19,2023-10-20,68.88999938964844,68.5999984741211,39.732429596142666,46.52821522201161,6.795785625868945,61.51204153198752,2023-10-13,65.99231576549678,2023-09-29,70.22743660321032
683,ENGINERSIN,Engineers India Limited,2023-10-19,2023-10-20,132.99932861328125,133.80941328394584,33.425510138285375,43.31495347706892,9.889443338783543,60.50076200026345,2023-10-13,73.92061716666831,2023-09-29,135.7215887593358
903,HAVELLS,Havells India Limited,2023-10-19,2023-10-20,1335.7772216796875,1303.7233283036783,39.415098698884634,45.17444249894639,5.759343800061757,60.40248389157096,2023-10-13,61.087194991550206,2023-09-29,1358.0617938257353
2152,STEL,Stel Holdings Limited,2023-10-19,2023-10-20,206.39999389648438,209.8000030517578,38.02859238126087,41.86604163717531,3.8374492559144358,61.36179333097597,2023-10-13,69.98080661281324,2023-09-29,211.7901737596136
1450,MMP,MMP Industries Limited,2023-10-20,2023-10-23,218.2864227294922,212.8490360695449,39.399894041108546,43.726153834866466,4.32625979375792,63.61895618403848,2023-10-13,70.66383395661495,2023-09-29,224.70257321045108
2261,TCS,Tata Consultancy Services Limited,2023-10-20,2023-10-23,3193.5048828125,3173.810985687688,39.603768156840374,45.890582145880124,6.28681398903975,60.586333839052436,2023-10-13,61.03662714602554,2023-09-29,3223.7190048516777
443,CENTRALBK,Central Bank of India,2023-10-25,2023-10-26,41.733856201171875,41.44470367761188,38.74179894830749,41.33362510305223,2.591826154744737,70.73168841210672,2023-10-20,74.48684993015154,2023-09-29,44.976910952955976
539,DALMIASUG,Dalmia Bharat Sugar and Industries Limited,2023-10-25,2023-10-26,397.1485595703125,395.29119729564593,39.00028941892888,40.420344721498736,1.4200553025698568,63.48928649819633,2023-10-20,62.88068931762384,2023-09-29,419.4983940419103
1065,IOB,Indian Overseas Bank,2023-10-25,2023-10-26,38.900001525878906,38.5,36.869171850422006,42.74151878920511,5.872346938783103,65.35373400224951,2023-10-20,75.9086794628248,2023-09-29,41.946829333488175
1189,KDDL,KDDL Limited,2023-10-25,2023-10-26,2005.7545166015625,1993.4875754902478,35.61496826482863,52.103171673591675,16.48820340876304,70.50643105345254,2023-10-20,85.67194507430494,2023-09-29,1992.2086168901187
1731,POLYMED,Poly Medicure Limited,2023-10-25,2023-10-26,1339.3876953125,1336.0476447174055,35.95063939319198,43.996490900612336,8.045851507420359,62.11312447101338,2023-10-20,72.59605509215915,2023-09-29,1372.6721362103228
2271,TEJASNET,Tejas Networks Limited,2023-10-25,2023-10-26,842.4717407226562,842.5215263270356,37.547143308432084,43.7572481524334,6.2101048440013145,63.95670825962016,2023-10-20,79.1274559186752,2023-09-29,864.4405840365639
54,ADANIPOWER,Adani Power Limited,2023-10-26,2023-10-27,65.47000122070312,66.4000015258789,33.38800070164447,42.16960011397424,8.781599412329768,60.288648525345934,2023-10-20,65.99231576549678,2023-09-29,68.46303827838511
96,AIRAN,Airan Limited,2023-10-26,2023-10-27,22.25,23.25,37.36817774980462,42.06530926303597,4.697131513231348,64.60112235075627,2023-10-20,63.488681360083774,2023-09-29,23.58529087676522
276,BAJAJHIND,Bajaj Hindusthan Sugar Limited,2023-10-26,2023-10-27,25.350000381469727,26.100000381469727,38.022900292377294,49.52981118355906,11.506910891181768,71.09920643690462,2023-10-20,70.70590060118091,2023-09-29,25.53262116881948
307,BBL,Bharat Bijlee Limited,2023-10-26,2023-10-27,1780.2257080078125,1787.2243031238372,39.7013382624773,44.894360018913815,5.193021756436515,60.73464459194748,2023-10-20,73.72391742014732,2023-09-29,1816.7310662949535
317,BECTORFOOD,Mrs. Bectors Food Specialities Limited,2023-10-26,2023-10-27,212.32398986816406,212.9084876546867,38.26955034556052,50.528032421007914,12.258482075447397,74.05739486863716,2023-10-20,69.00030332070027,2023-09-29,213.20490456021355
354,BIRLACABLE,Birla Cable Limited,2023-10-26,2023-10-27,292.61474609375,302.0475760189161,38.63520240089663,41.12206725449658,2.486864853599947,65.41376496929223,2023-10-20,81.58700321063526,2023-09-29,314.5314364431831
447,CERA,Cera Sanitaryware Limited,2023-10-26,2023-10-27,8278.5888671875,8322.12310228135,38.41379895338279,46.27573228823594,7.8619333348531555,63.48508394910985,2023-10-20,70.96734486032354,2023-09-29,8429.5386040918
844,GPPL,Gujarat Pipavav Port Limited,2023-10-26,2023-10-27,107.31253051757812,108.152629937951,38.86696473885546,40.16101904313235,1.2940543042768908,64.32416388821295,2023-10-20,65.16706675198287,2023-09-29,113.61816269757674
859,GREENPOWER,Orient Green Power Company Limited,2023-10-26,2023-10-27,12.800000190734863,12.899999618530273,38.271347383905194,40.5804240362784,2.309076652373207,61.673972712950224,2023-10-20,63.08137803967862,2023-09-29,13.472328261245796
865,GRPLTD,GRP Limited,2023-10-26,2023-10-27,939.4379272460938,957.8523469403026,36.368963238098615,41.29394991744082,4.924986679342204,66.79446979142892,2023-10-20,83.2914274347933,2023-09-29,976.1383171978595
866,GRSE,Garden Reach Shipbuilders & Engineers Limited,2023-10-26,2023-10-27,725.2200927734375,736.8438138800582,28.343423430654497,42.75852557634957,14.415102145695073,60.04394698359984,2023-10-20,84.1507335654293,2023-09-29,760.9860269754313
911,HCC,Hindustan Construction Company Limited,2023-10-26,2023-10-27,25.149999618530273,25.350000381469727,39.82062303484835,42.17438478394642,2.3537617490980693,65.98000167187124,2023-10-20,68.52979301662884,2023-09-29,26.886911514752374
966,HONDAPOWER,Honda India Power Products Limited,2023-10-26,2023-10-27,2588.1875,2587.622766526019,37.545366660797036,44.97324750944187,7.427880848644833,63.246001014427364,2023-10-20,69.15496557570971,2023-09-29,2673.046468764868
1104,JASH,Jash Engineering Limited,2023-10-26,2023-10-27,265.224609375,271.4811770271164,38.148759975477496,41.35100654471968,3.2022465692421846,60.742798686056865,2023-10-20,79.78323104207544,2023-09-29,278.56812648866514
1129,JKPAPER,JK Paper Limited,2023-10-26,2023-10-27,357.7256774902344,362.750617080435,38.14985676340282,41.14448833595488,2.994631572552059,64.15874487747217,2023-10-20,63.134031027539606,2023-09-29,371.3477685352754
1144,JSWENERGY,JSW Energy Limited,2023-10-26,2023-10-27,386.7672119140625,386.3714273701017,38.08043912674024,48.42116375798368,10.34072463124344,62.517290375219154,2023-10-20,69.69583945845062,2023-09-29,391.98778998485005
1190,KEC,KEC International Limited,2023-10-26,2023-10-27,619.3135986328125,618.8736324928971,33.511984792535785,42.33288877374914,8.820903981213355,62.7407081741477,2023-10-20,72.088162577108,2023-09-29,637.5472906151529
1229,KOLTEPATIL,Kolte - Patil Developers Limited,2023-10-26,2023-10-27,437.7457580566406,439.22964766360525,38.84349475086232,41.2099216376162,2.366426886753878,69.40133932872659,2023-10-20,71.96060711286327,2023-09-29,466.1458797643446
1310,LINCOLN,Lincoln Pharmaceuticals Limited,2023-10-26,2023-10-27,486.0390319824219,490.7626822109466,38.46695250230372,44.102080208843404,5.635127706539684,63.095338541070866,2023-10-20,75.30071592286181,2023-09-29,496.5376924950503
1389,MARKSANS,Marksans Pharma Limited,2023-10-26,2023-10-27,104.12954711914062,104.67499938893185,35.41878805748941,44.83640763845396,9.417619580964555,60.10811654166367,2023-10-20,72.92621630617185,2023-09-29,106.21914622554154
1434,MHRIL,Mahindra Holidays & Resorts India Limited,2023-10-26,2023-10-27,404.04998779296875,406.04998779296875,38.92711261901916,42.88179389428919,3.954681275270026,73.24360074217235,2023-10-20,75.21081128188558,2023-09-29,425.0397739152181
1478,MPSLTD,MPS Limited,2023-10-26,2023-10-27,1444.37646484375,1459.9960236435081,39.80801363864216,44.298664563206394,4.490650924564235,71.92903277633184,2023-10-20,74.9646752718995,2023-09-29,1515.1973947670626
1497,MUTHOOTCAP,Muthoot Capital Services Limited,2023-10-26,2023-10-27,410.45001220703125,417.79998779296875,38.69130826159983,45.24004748407546,6.548739222475632,63.78921981461628,2023-10-20,62.853046717943826,2023-09-29,423.9601942274279
1586,NRBBEARING,NRB Bearing Limited,2023-10-26,2023-10-27,244.54518127441406,247.11137139505675,39.89036448676416,43.22792767559633,3.3375631888321635,67.393997073251,2023-10-20,79.08440135667573,2023-09-29,253.31139458538465
1751,PRECAM,Precision Camshafts Limited,2023-10-26,2023-10-27,248.4414825439453,252.76475318384865,33.195030548271475,41.2946109376273,8.099580389355822,71.04158323746213,2023-10-20,80.63009073258651,2023-09-29,263.2894950437002
1843,RELIGARE,Religare Enterprises Limited,2023-10-26,2023-10-27,228.85000610351562,232.25,39.18876242868303,40.07123212743295,0.8824696987499223,60.82557667630357,2023-10-20,74.83635752227033,2023-09-29,235.6775441339671
1975,SCHAND,S Chand And Company Limited,2023-10-26,2023-10-27,239.17648315429688,240.1701003750439,37.47019419851443,42.35812988775436,4.8879356892399315,60.697284507647495,2023-10-20,71.09099972526408,2023-09-29,247.9842852431083
2092,SKIPPER,Skipper Limited,2023-10-26,2023-10-27,210.00552368164062,216.792497261452,39.60090636815947,44.09538055143215,4.494474183272679,72.89387411521548,2023-10-20,79.05772797719246,2023-09-29,217.92361325975187
2093,SKMEGGPROD,SKM Egg Products Export (India) Limited,2023-10-26,2023-10-27,201.0938720703125,207.05988447565446,35.25043488887678,43.47541230863424,8.224977419757458,65.70194406385232,2023-10-20,87.3658106841201,2023-09-29,210.31833442711493
2144,STARCEMENT,Star Cement Limited,2023-10-26,2023-10-27,152.51649475097656,150.7805410205008,39.02203748998762,42.6432458097704,3.621208319782781,67.43962070153472,2023-10-20,77.25819378325616,2023-09-29,159.61446094510674
2278,TEXRAIL,Texmaco Rail & Engineering Limited,2023-10-26,2023-10-27,120.05632781982422,121.9919298255006,36.87806548958554,40.91765922754241,4.039593737956871,69.60192553560968,2023-10-20,73.89025491592702,2023-09-29,128.7319797975278
2294,TI,Tilaknagar Industries Limited,2023-10-26,2023-10-27,196.85508728027344,196.85509950477285,34.763673939458585,41.291220332763984,6.5275463933054,72.25449278842073,2023-10-20,81.52864463664619,2023-09-29,206.44948749798493
2488,VSTTILLERS,V.S.T Tillers Tractors Limited,2023-10-26,2023-10-27,3504.76416015625,3504.7641726891325,38.608783075640176,41.96256369978334,3.3537806241431625,67.78547599819527,2023-10-20,72.99042297957433,2023-09-29,3620.236399807591
2546,ZENTEC,Zen Technologies Limited,2023-10-26,2023-10-27,705.263671875,725.1632756785581,32.96504897335657,43.99750521177611,11.032456238419535,62.740568625750704,2023-10-20,81.64638832709973,2023-09-29,723.0831395034375
92,AHLUCONT,Ahluwalia Contracts (India) Limited,2023-10-27,2023-10-30,692.6785888671875,687.7337582061309,36.01148293414207,47.12924818262359,11.117765248481518,63.72073375274016,2023-10-20,69.72606561568548,2023-09-29,702.0511778790308
294,BANCOINDIA,Banco Products (I) Limited,2023-10-27,2023-10-30,208.70687866210938,208.3389494347062,39.433471021930444,43.6418871122788,4.208416090348358,72.85239022314303,2023-10-20,87.38640703422053,2023-09-29,216.42267715760045
299,BANKINDIA,Bank of India,2023-10-27,2023-10-30,88.44218444824219,88.8990181457223,31.701844296012283,44.118115987951846,12.416271691939563,60.961746099822044,2023-10-20,67.25468289830872,2023-09-29,91.96053716125878
320,BEL,Bharat Electronics Limited,2023-10-27,2023-10-30,129.12857055664062,130.39831401651927,33.49554066227677,42.73227954608949,9.23673888381272,60.18710453722441,2023-10-20,85.86081336745816,2023-09-29,132.13666132414866
330,BFINVEST,BF Investment Limited,2023-10-27,2023-10-30,471.3920593261719,469.87569256858234,39.095840431140054,44.80227931076719,5.706438879627136,64.95439371836645,2023-10-20,74.17354375041657,2023-09-29,487.70117125782946
331,BFUTILITIE,BF Utilities Limited,2023-10-27,2023-10-30,583.1500244140625,581.0,39.911092970861326,42.349669305658196,2.4385763347968705,64.76269888761439,2023-10-20,70.16971578716641,2023-09-29,616.5015943991233
343,BHARTIARTL,Bharti Airtel Limited,2023-10-27,2023-10-30,890.7800903320312,890.9749616211362,39.09150204601452,44.264229586911554,5.172727540897036,68.35561730862817,2023-10-20,69.42966266819418,2023-09-29,905.0677739319392
422,CAPLIPOINT,Caplin Point Laboratories Limited,2023-10-27,2023-10-30,1008.6135864257812,1008.6135468636177,36.35993872234895,45.22846385006927,8.868525127720318,65.97669389921512,2023-10-20,68.20868506311558,2023-09-29,1034.8147349488786
449,CESC,CESC Limited,2023-10-27,2023-10-30,74.47610473632812,74.38837470490432,37.606506320511414,42.217968095221515,4.611461774710101,68.81884359218046,2023-10-20,67.46108333737584,2023-09-29,76.92348875427764
466,CHOLAFIN,Cholamandalam Investment and Finance Company Limited,2023-10-27,2023-10-30,1163.2259521484375,1161.1843043555646,35.606533927530506,44.63887987006721,9.0323459425367,60.4029982344409,2023-10-20,80.95890821922683,2023-09-29,1189.2759361263622
485,COCHINSHIP,Cochin Shipyard Limited,2023-10-27,2023-10-30,481.3135681152344,482.9970573812447,39.08122590318209,46.819223686459615,7.737997783277528,64.26401128187757,2023-10-20,83.18891732992292,2023-09-29,492.9856824759206
539,DALMIASUG,Dalmia Bharat Sugar and Industries Limited,2023-10-27,2023-10-30,419.00860595703125,420.4373820378685,39.61118889133862,51.55154261517319,11.94035372383457,63.48928649819633,2023-10-20,62.88068931762384,2023-09-29,417.4335931438179
585,DHANUKA,Dhanuka Agritech Limited,2023-10-27,2023-10-30,803.99755859375,792.166793154531,38.040233425731,40.22145477668017,2.1812213509491656,68.00192800492053,2023-10-20,60.104445718152284,2023-09-29,819.5578722661774
618,DPABHUSHAN,D. P. Abhushan Limited,2023-10-27,2023-10-30,542.6500244140625,563.5,33.96628801594787,41.906902979966716,7.940614964018849,74.04151995427382,2023-10-20,76.25679115840391,2023-09-29,582.2000722097174
624,DREDGECORP,Dredging Corporation of India Limited,2023-10-27,2023-10-30,453.3999938964844,453.0,38.20481673655901,43.271030111706935,5.066213375147925,61.25356762048569,2023-10-20,61.51522745817761,2023-09-29,472.9920805222328
634,DYNAMATECH,Dynamatic Technologies Limited,2023-10-27,2023-10-30,4060.659423828125,4060.6596262108387,36.370776499672125,43.761934814777135,7.3911583151050095,65.54987911035543,2023-10-20,76.19101064421942,2023-09-29,4233.455064952765
663,ELGIRUBCO,Elgi Rubber Company Limited,2023-10-27,2023-10-30,49.25,50.45000076293945,37.44548900026805,43.04541015241761,5.599921152149562,61.563263615011714,2023-10-20,66.9888832547031,2023-09-29,51.22664967809669
694,ERIS,Eris Lifesciences Limited,2023-10-27,2023-10-30,830.947998046875,830.9974591130556,38.23794322477194,46.526726686323364,8.288783461551425,72.1177940505684,2023-10-20,67.60810049204139,2023-09-29,844.7915113746179
712,EXIDEIND,Exide Industries Limited,2023-10-27,2023-10-30,247.97537231445312,247.97535674188288,33.35389439489471,40.9313664479412,7.577472053046492,61.80387755499458,2023-10-20,72.46359310935989,2023-09-29,254.90465544309987
719,FCL,Fineotex Chemical Limited,2023-10-27,2023-10-30,29.528608322143555,29.587998447928683,39.754179287996806,42.19592287502889,2.441743587032086,60.09325491646352,2023-10-20,68.97942576790942,2023-09-29,30.686487619492926
754,FSL,Firstsource Solutions Limited,2023-10-27,2023-10-30,148.4070281982422,148.40701983046074,38.34810327484136,42.4390376931746,4.090934418333241,70.03810362358969,2023-10-20,67.40495069742491,2023-09-29,154.38165225754656
761,GALLANTT,Gallantt Ispat Limited,2023-10-27,2023-10-30,84.68276977539062,84.63298134402709,35.79381905019984,41.146909969399225,5.353090919199381,64.25976557050757,2023-10-20,63.43338495700612,2023-09-29,88.08741323089167
779,GEECEE,GeeCee Ventures Limited,2023-10-27,2023-10-30,195.98106384277344,193.95246467563481,39.82371990613784,51.909555279261276,12.085835373123437,63.201974238558,2023-10-20,70.50779565578515,2023-09-29,194.42348533640458
788,GESHIP,The Great Eastern Shipping Company Limited,2023-10-27,2023-10-30,755.3106079101562,730.9015347151801,38.60519601832867,47.71756832316062,9.11237230483195,67.54922224710207,2023-10-20,78.62845586190106,2023-09-29,766.0856333384578
790,GHCL,GHCL Limited,2023-10-27,2023-10-30,547.5289916992188,551.2682864186831,35.19916680368971,41.126444938251225,5.927278134561519,60.26605766837163,2023-10-20,65.14087232256861,2023-09-29,564.056022781865
792,GICHSGFIN,GIC Housing Finance Limited,2023-10-27,2023-10-30,181.82533264160156,182.29251284955606,37.83361278039904,42.16974972355863,4.336136943159595,60.883978244693935,2023-10-20,60.82720791490419,2023-09-29,190.22287426072964
817,GMMPFAUDLR,GMM Pfaudler Limited,2023-10-27,2023-10-30,1724.1873779296875,1742.4473124428853,32.398268622740034,45.615653071658464,13.21738444891843,63.63488023944972,2023-10-20,62.347813558221944,2023-09-29,1760.1290314216415
944,HINDCOMPOS,Hindustan Composites Limited,2023-10-27,2023-10-30,396.8603515625,408.8683768202454,36.4607277834007,41.42134948595164,4.960621702550938,60.80591356129343,2023-10-20,68.34417540077878,2023-09-29,408.165197438754
987,ICRA,ICRA Limited,2023-10-27,2023-10-30,5094.94384765625,5110.746742699745,36.95296247850103,41.094808349776514,4.1418458712754855,60.73588453945611,2023-10-20,70.13089446821033,2023-09-29,5219.78206157014
1042,INDRAMEDCO,Indraprastha Medical Corporation Limited,2023-10-27,2023-10-30,157.34671020507812,159.3583036364162,35.05745115366889,42.781121351418115,7.723670197749222,69.89780166300136,2023-10-20,79.87594067674617,2023-09-29,162.72603858902934
1095,J&KBANK,The Jammu & Kashmir Bank Limited,2023-10-27,2023-10-30,99.44730377197266,99.06278569237706,39.898656295954304,46.96280419651503,7.064147900560727,72.7391464031522,2023-10-20,81.6744935578159,2023-09-29,102.20704844375966
1123,JISLJALEQS,Jain Irrigation Systems Limited,2023-10-27,2023-10-30,57.900001525878906,57.0,36.86063612745134,40.97083600571834,4.110199878266997,68.17055632110825,2023-10-20,71.64856331443596,2023-09-29,61.37640451312281
1126,JKIL,J.Kumar Infraprojects Limited,2023-10-27,2023-10-30,409.52276611328125,411.84596951558336,39.451554273230336,45.79781690430582,6.346262631075483,79.02914687508151,2023-10-20,75.95714122683408,2023-09-29,421.6077114362311
1193,KEI,KEI Industries Limited,2023-10-27,2023-10-30,2502.22021484375,2511.7890103669292,39.66485828516744,41.314031673052504,1.6491733878850638,61.62749394887151,2023-10-20,84.50980833861833,2023-09-29,2596.9594024111966
1223,KMSUGAR,K.M.Sugar Mills Limited,2023-10-27,2023-10-30,32.25,32.25,34.7039487345764,41.78935959298249,7.085410858406092,68.74666272722607,2023-10-20,62.695224241974,2023-09-29,33.60541867692769
1266,KTKBANK,The Karnataka Bank Limited,2023-10-27,2023-10-30,224.86502075195312,225.9098018215851,36.06734809514188,50.77281383764374,14.705465742501858,68.72409265316367,2023-10-20,88.56611590983667,2023-09-29,224.26986892845457
1283,LAOPALA,La Opala RG Limited,2023-10-27,2023-10-30,387.646484375,387.27767184476033,34.87090994460419,42.80034577591587,7.929435831311679,62.84222031925472,2023-10-20,61.79655297177874,2023-09-29,398.86362575006126
1297,LEMONTREE,Lemon Tree Hotels Limited,2023-10-27,2023-10-30,111.80000305175781,112.80000305175781,35.06511966021024,44.59989486152401,9.534775201313764,71.22732760090376,2023-10-20,71.37287653735046,2023-09-29,115.51353548967212
1301,LGBBROSLTD,LG Balakrishnan & Bros Limited,2023-10-27,2023-10-30,987.795654296875,991.1954888360508,39.378110348603904,49.980344467834264,10.60223411923036,61.89873475548661,2023-10-20,71.32050788480709,2023-09-29,987.2208540969527
1326,LT,Larsen & Toubro Limited,2023-10-27,2023-10-30,2825.06787109375,2822.4397834387823,35.31416211839522,41.201981758540974,5.887819640145757,77.67468319949327,2023-10-20,81.13667055980507,2023-09-29,2903.3224675998777
1348,MAHABANK,Bank of Maharashtra,2023-10-27,2023-10-30,39.03386688232422,39.03386246834455,38.53868297656393,42.85136319618282,4.312680219618883,65.34764351242593,2023-10-20,78.81457615396621,2023-09-29,41.03720438584388
1392,MASFIN,MAS Financial Services Limited,2023-10-27,2023-10-30,294.9500427246094,296.4075713278473,39.55327086670916,51.44366600864428,11.890395141935116,69.76162131513556,2023-10-20,60.39008208113668,2023-09-29,294.90832146557784
1403,MAZDOCK,Mazagon Dock Shipbuilders Limited,2023-10-27,2023-10-30,1001.9116821289062,1001.911619481925,35.19630178735541,48.9442886744171,13.747986887061693,70.79729615878928,2023-10-20,88.84418555491432,2023-09-29,1009.0562251717644
1490,MUKANDLTD,Mukand Limited,2023-10-27,2023-10-30,149.8870086669922,150.6979632034646,38.03709505703005,40.58302160308335,2.545926546053302,62.092731755192496,2023-10-20,64.82293337523645,2023-09-29,157.91912745894106
1495,MUNJALSHOW,Munjal Showa Limited,2023-10-27,2023-10-30,124.92317199707031,124.92318630943107,29.789885468995962,42.63009524366875,12.840209774672786,63.02186505525915,2023-10-20,63.92927782158893,2023-09-29,128.71562878065552
1527,NCC,NCC Limited,2023-10-27,2023-10-30,142.5914764404297,143.31775324732374,39.54676692439204,42.82457081339468,3.277803889002641,60.54930938861116,2023-10-20,74.48192550917443,2023-09-29,148.72644160394034
1553,NHPC,NHPC Limited,2023-10-27,2023-10-30,47.411537170410156,47.64555767251295,36.477030218647876,43.46950135371677,6.992471135068897,61.71140841665611,2023-10-20,75.98254567965378,2023-09-29,48.38146923055925
1576,NLCINDIA,NLC India Limited,2023-10-27,2023-10-30,125.8790054321289,125.87899750431968,36.20172009405257,49.164204815496575,12.962484721444007,64.04911355910028,2023-10-20,79.36657457512581,2023-09-29,126.48532979798912
1662,PARACABLES,Paramount Communications Limited,2023-10-27,2023-10-30,56.599998474121094,56.150001525878906,37.023026358635306,40.36723349286507,3.3442071342297623,60.684517822209024,2023-10-20,80.84177439596611,2023-09-29,60.245367513766766
1674,PATELENG,Patel Engineering Limited,2023-10-27,2023-10-30,46.849998474121094,47.150001525878906,31.527964773074075,40.57915054074098,9.051185767666908,64.16088548827477,2023-10-20,72.31373508055208,2023-09-29,49.30036548522023
1683,PDMJEPAPER,Pudumjee Paper Products Limited,2023-10-27,2023-10-30,45.8536376953125,45.75524384197704,36.106721786883696,40.23005014093975,4.123328354056056,60.60374388058625,2023-10-20,65.4564810227764,2023-09-29,48.43554455495795
1686,PENIND,Pennar Industries Limited,2023-10-27,2023-10-30,104.69999694824219,104.94999694824219,39.521338954487106,46.41781077226586,6.896471817778753,71.70833849520551,2023-10-20,77.75032205257149,2023-09-29,108.1244273437807
1694,PFS,PTC India Financial Services Limited,2023-10-27,2023-10-30,27.25,27.25,38.83729947087604,46.997739307710766,8.160439836834726,73.01040821422944,2023-10-20,71.74084586565651,2023-09-29,27.746349868994347
1699,PHOENIXLTD,The Phoenix Mills Limited,2023-10-27,2023-10-30,900.5109252929688,897.2708184884456,38.61133091130636,46.59837111978325,7.987040208476891,61.79855632628273,2023-10-20,80.9383983406019,2023-09-29,916.7535419960876
1718,PNB,Punjab National Bank,2023-10-27,2023-10-30,68.27481842041016,68.64816129091724,39.39524134922453,49.44817531038984,10.052933961165316,64.35122849474007,2023-10-20,68.98124302438848,2023-09-29,68.65472252497428
1730,POLYCAB,Polycab India Limited,2023-10-27,2023-10-30,4903.06298828125,4925.032641943184,34.606342218810894,40.67878756001671,6.072445341205814,76.38095120471114,2023-10-20,87.39480739882966,2023-09-29,5103.120017577965
1746,PRAJIND,Praj Industries Limited,2023-10-27,2023-10-30,522.5475463867188,527.1449047030586,31.89545855858458,42.666119628413206,10.770661069828627,72.84685649612636,2023-10-20,75.545950929069,2023-09-29,543.1656417160467
1753,PRECWIRE,Precision Wires India Limited,2023-10-27,2023-10-30,114.66454315185547,114.66453898299048,39.04577209611997,44.59912663720483,5.553354541084865,65.27779611840148,2023-10-20,84.79738011518326,2023-09-29,119.3494898851861
1761,PRIMESECU,Prime Securities Limited,2023-10-27,2023-10-30,139.91355895996094,141.44727624897988,38.248083071298254,40.183237456554664,1.9351543852564106,62.29368156567534,2023-10-20,73.68822487585555,2023-09-29,146.30129987201732
1829,RBLBANK,RBL Bank Limited,2023-10-27,2023-10-30,223.33363342285156,223.33361803003996,32.71551831118228,41.979619477024904,9.264101165842625,67.62944462094558,2023-10-20,63.784090127749906,2023-09-29,233.91992584815335
1851,RESPONIND,Responsive Industries Limited,2023-10-27,2023-10-30,309.9987487792969,312.5449920136744,37.94594538413855,48.070415506362465,10.124470122223919,74.06271606619711,2023-10-20,81.77413364100113,2023-09-29,315.53926754225665
1866,RKFORGE,Ramkrishna Forgings Limited,2023-10-27,2023-10-30,613.2598876953125,617.336050853611,38.28950306388122,42.905897104689615,4.6163940408083945,70.49376181127629,2023-10-20,80.50608355128696,2023-09-29,639.0077848416088
1909,RVNL,Rail Vikas Nigam Limited,2023-10-27,2023-10-30,155.29856872558594,155.98791781240223,39.378355010937845,46.44422902759291,7.065874016655066,73.71071856516699,2023-10-20,87.13152482757776,2023-09-29,159.51101044094327
1928,SAKHTISUG,Sakthi Sugars Limited,2023-10-27,2023-10-30,29.399999618530273,29.450000762939453,36.957748897271266,42.17197019806756,5.2142213007962965,63.605615707461496,2023-10-20,72.43721103883391,2023-09-29,30.780394216905
1995,SESHAPAPER,Seshasayee Paper and Boards Limited,2023-10-27,2023-10-30,340.84417724609375,343.36108473160124,36.18443606173715,44.6567810933201,8.472345031582947,66.04953653534116,2023-10-20,72.31903732425997,2023-09-29,349.8665223793244
2020,SHARDAMOTR,Sharda Motor Industries Limited,2023-10-27,2023-10-30,901.2987670898438,901.8384990179898,32.53512004444106,41.243926144194084,8.708806099753026,64.83070080015025,2023-10-20,65.2410707705862,2023-09-29,935.8082779027186
2100,SMSPHARMA,SMS Pharmaceuticals Limited,2023-10-27,2023-10-30,118.20930480957031,117.01224987450414,37.53563573852052,43.32600927891218,5.790373540391663,65.225927320268,2023-10-20,61.54726855785638,2023-09-29,120.49560705377932
2101,SNOWMAN,Snowman Logistics Limited,2023-10-27,2023-10-30,47.41639709472656,47.66056075021717,38.23007736097306,41.022754880174446,2.7926775192013835,62.94773161560027,2023-10-20,61.446767840518895,2023-09-29,49.061210934093666
2116,SOUTHBANK,The South Indian Bank Limited,2023-10-27,2023-10-30,23.41489601135254,23.463173410792525,35.493487545437574,40.80799664013872,5.314509094701144,69.1178526232452,2023-10-20,77.845205428837,2023-09-29,24.493417885951793
2146,STARPAPER,Star Paper Mills Limited,2023-10-27,2023-10-30,205.3677215576172,205.36771645272108,37.94072371073572,42.86322308608586,4.922499375350142,66.35846597189749,2023-10-20,64.30962561960743,2023-09-29,213.3389503317674
2183,SUNPHARMA,Sun Pharmaceutical Industries Limited,2023-10-27,2023-10-30,1081.439453125,1085.7213063063136,38.41108012566786,42.13098605979874,3.7199059341308782,62.43166482549805,2023-10-20,70.20130985061107,2023-09-29,1098.914916888336
2260,TCPLPACK,TCPL Packaging Limited,2023-10-27,2023-10-30,1994.841796875,1999.9149099774306,37.339790326471295,44.85180838471817,7.512018058246873,82.34098808518023,2023-10-20,79.4278250099182,2023-09-29,2067.3898685045306
2262,TDPOWERSYS,TD Power Systems Limited,2023-10-27,2023-10-30,121.14082336425781,121.14081938875712,37.12784541428766,44.810507034870504,7.6826616205828415,60.46157260261015,2023-10-20,87.23538394497527,2023-09-29,123.80505844903172
2267,TECHNOE,Techno Electric & Engineering Company Limited,2023-10-27,2023-10-30,503.265625,510.09325306954696,39.682912684228505,47.379130566127145,7.69621788189864,66.37333087163316,2023-10-20,72.62060086362744,2023-09-29,507.27842302053836
2360,UCOBANK,UCO Bank,2023-10-27,2023-10-30,36.88924789428711,37.03410304897714,39.27095659577228,46.319186889395915,7.048230293623632,62.537712572642334,2023-10-20,75.90951098533456,2023-09-29,38.00295362528348
2414,VARROC,Varroc Engineering Limited,2023-10-27,2023-10-30,460.7267150878906,461.9719086034909,38.81853842883065,46.33715094860207,7.518612519771423,84.52120605479651,2023-10-20,66.56055038107668,2023-09-29,473.7077873969388
2418,VBL,Varun Beverages Limited,2023-10-27,2023-10-30,365.6986083984375,365.678765572566,32.60453378649217,51.50426491745772,18.89973113096555,66.71816972992735,2023-10-20,83.48655254151846,2023-09-29,364.10021008941897
2454,VIPCLOTHNG,VIP Clothing Limited,2023-10-27,2023-10-30,49.849998474121094,49.79999923706055,37.04690143846514,47.221820105133155,10.174918666668013,60.652587207412715,2023-10-20,69.83377178600264,2023-09-29,51.146545758826505
2506,WELENT,Welspun Enterprises Limited,2023-10-27,2023-10-30,260.794921875,261.58160378288784,35.14439935770824,44.458127911693595,9.313728553985356,63.19194529653199,2023-10-20,83.02618179846925,2023-09-29,269.27064782151336
1204,KICL,Kalyani Investment Company Limited,2023-10-31,2023-11-01,2592.4423828125,2567.2884226537453,38.46829763368732,40.49529821015198,2.0270005764646584,60.04102326249265,2023-10-27,78.89237324320385,2023-09-29,2684.926339136745
1696,PGHH,Procter & Gamble Hygiene and Health Care Limited,2023-10-31,2023-11-01,16672.01171875,16671.347410824765,39.551834410059634,54.66233123528118,15.110496825221546,63.7612450141057,2023-10-27,73.61140608248463,2023-09-29,16415.001182157957
2369,UJJIVANSFB,Ujjivan Small Finance Bank Limited,2023-10-31,2023-11-01,50.37711715698242,50.76389074122563,37.123062891578606,42.69409557340943,5.571032681830822,66.05377550030352,2023-10-27,79.60130898878387,2023-09-29,52.63495339067135
239,AUROPHARMA,Aurobindo Pharma Limited,2023-11-01,2023-11-02,852.2078247070312,853.1500852505352,39.80860315070741,43.91883334512974,4.1102301944223285,61.49718576128652,2023-10-27,62.71984498058172,2023-10-31,867.8863244319266
144,ANDHRAPAP,ANDHRA PAPER LIMITED,2023-11-02,2023-11-03,106.11688232421875,106.79033204085347,38.394164665253584,43.497515474305786,5.103350809052202,64.4976539731035,2023-10-27,65.7838138660883,2023-10-31,110.85469513057409
164,APLAPOLLO,APL Apollo Tubes Limited,2023-11-02,2023-11-03,1548.5264892578125,1566.4944310216936,36.472949948176826,41.451625699659054,4.978675751482228,60.94623829565261,2023-10-27,73.53472022756273,2023-10-31,1613.3357682867702
1348,MAHABANK,Bank of Maharashtra,2023-11-02,2023-11-03,39.31004333496094,39.58622560190696,39.88469075691037,45.68981949720181,5.805128740291437,61.351275412732164,2023-10-27,68.30286525180091,2023-10-31,40.258418081751785
1478,MPSLTD,MPS Limited,2023-11-02,2023-11-03,1407.806884765625,1438.6754222744048,39.58666053525561,43.063865591676844,3.4772050564212336,60.19168156483827,2023-10-27,72.26944130319221,2023-10-31,1469.9138018761405
1730,POLYCAB,Polycab India Limited,2023-11-02,2023-11-03,4976.8544921875,5023.355777792808,37.77423840983399,46.6741818880086,8.899943478174606,65.58585178301314,2023-10-27,77.048199524786,2023-10-31,5033.5380936746515
1976,SCHNEIDER,Schneider Electric Infrastructure Limited,2023-11-02,2023-11-03,325.79998779296875,327.0,39.50883541727033,43.88217606523199,4.373340647961655,60.572921471061136,2023-10-27,70.63308412527729,2023-10-31,332.25666313661236
1995,SESHAPAPER,Seshasayee Paper and Boards Limited,2023-11-02,2023-11-03,333.1483459472656,330.97023388646835,36.683842238293366,42.244853100608914,5.561010862315548,60.6850782912835,2023-10-27,64.4849694518929,2023-10-31,344.545629359749
2140,SSWL,Steel Strips Wheels Limited,2023-11-02,2023-11-03,273.5123596191406,276.1856070978945,39.758334312620036,52.6060566170685,12.84772230444846,62.49672390559994,2023-10-27,69.3385047636845,2023-10-31,270.9684260098497
2488,VSTTILLERS,V.S.T Tillers Tractors Limited,2023-11-02,2023-11-03,3504.268310546875,3537.236824123824,38.94939756201253,44.47610706758514,5.526709505572612,63.91589234651183,2023-10-27,69.54952481405783,2023-10-31,3572.634816881614
697,ESCORTS,Escorts Kubota Limited,2023-11-03,2023-11-06,2987.4599609375,3008.3868760821065,38.91688601233026,41.2688174416168,2.3519314292865374,69.01464498407142,2023-10-27,76.57111740192762,2023-10-31,3078.7629507900697
902,HATSUN,Hatsun Agro Product Limited,2023-11-03,2023-11-06,1093.6219482421875,1095.6275116443621,38.395648423770425,44.10971122018841,5.714062796417984,64.70912288109815,2023-10-27,61.28664735524066,2023-10-31,1110.2099459399253
1204,KICL,Kalyani Investment Company Limited,2023-11-03,2023-11-06,2576.671142578125,2593.041347952838,38.03380222949663,40.00511123246708,1.9713090029704503,60.04102326249265,2023-10-27,68.70329732539486,2023-10-31,2656.222287948754
1523,NAVNETEDUL,Navneet Education Limited,2023-11-03,2023-11-06,143.44256591796875,144.43541249057702,39.02228283680349,42.89534189217552,3.873059055372032,62.31718414259218,2023-10-27,64.45424778897134,2023-10-31,148.34103386838981
1981,SDBL,Som Distilleries & Breweries Limited,2023-11-08,2023-11-09,120.04000091552734,121.19999694824219,37.37239544716758,40.03262843667714,2.6602329895095664,60.09492925884075,2023-11-03,74.3987572321923,2023-10-31,128.2441681464707
1212,KIRLOSBROS,Kirloskar Brothers Limited,2023-11-09,2023-11-10,822.466796875,822.466732359254,38.05654905038019,41.21425073717192,3.1577016867917322,64.4465952280741,2023-11-03,84.6215636919908,2023-10-31,878.1705305360819
1375,MANINFRA,Man Infraconstruction Limited,2023-11-09,2023-11-10,139.60243225097656,140.0915730391667,37.475132920034426,40.26153177996088,2.7863988599264573,64.2623914871723,2023-11-03,75.89935923020548,2023-10-31,146.36568618247549
1934,SALZERELEC,Salzer Electronics Limited,2023-11-09,2023-11-10,371.06494140625,371.16442488097044,39.39739713755415,43.72490451246403,4.327507374909878,61.002143708726074,2023-11-03,69.39546723882931,2023-10-31,383.6258425316968
271,BAJAJCON,Bajaj Consumer Care Limited,2023-11-10,2023-11-13,222.91476440429688,224.54188096900356,39.71729140903064,44.501280454833264,4.78398904580262,63.408097610490934,2023-11-03,60.22569409532288,2023-10-31,230.7467583804466
1753,PRECWIRE,Precision Wires India Limited,2023-11-10,2023-11-13,112.40563201904297,110.68687890127967,37.65491909106698,44.097742632584364,6.4428235415173845,63.801657296044766,2023-11-03,71.40183039330606,2023-10-31,116.3300591418488
2220,SWELECTES,Swelect Energy Systems Limited,2023-11-10,2023-11-13,560.9873046875,563.6488324692621,39.80647443889941,40.46745057033487,0.6609761314354614,69.3556588312406,2023-11-03,72.1958544666816,2023-10-31,606.7240674740945
786,GENUSPOWER,Genus Power Infrastructures Limited,2023-11-13,2023-11-15,238.9306640625,242.79717737243791,38.217802941869635,41.049149907681695,2.8313469658120596,63.645316326778705,2023-11-10,82.20631564248588,2023-10-31,248.48683166329988
981,ICEMAKE,Ice Make Refrigeration Limited,2023-11-17,2023-11-20,604.329833984375,604.3297670637282,38.20259988629368,48.4192822706154,10.216682384321714,60.093271707127734,2023-11-10,93.77436460713288,2023-10-31,613.4327893902979
287,BALKRISIND,Balkrishna Industries Limited,2023-11-22,2023-11-23,2457.751708984375,2459.5705115964784,38.00533349735886,42.86208788989966,4.8567543925408,66.68040458598028,2023-11-17,61.27371853390398,2023-10-31,2516.6885081101796
786,GENUSPOWER,Genus Power Infrastructures Limited,2023-11-23,2023-11-24,244.5321502685547,246.26712168618678,39.22576331882574,50.98275582120935,11.75699250238361,60.77516486792991,2023-11-17,82.20631564248588,2023-10-31,242.01231534579063
1002,IIFL,IIFL Finance Limited,2023-11-23,2023-11-24,595.0701904296875,596.7469864049559,37.625392956287875,46.541585147168405,8.91619219088053,61.39994932071553,2023-11-17,72.89689431462298,2023-10-31,604.9241037823724
472,CIPLA,Cipla Limited,2023-11-24,2023-11-28,1165.0794677734375,1166.391401860203,38.83489955556865,46.04221119158008,7.207311636011433,67.03026231512139,2023-11-17,63.68801221880439,2023-10-31,1185.3780962254862
2503,WEIZMANIND,Weizmann Limited,2023-11-24,2023-11-28,117.48365020751953,119.6018052125809,39.649832213548514,44.57481602961486,4.924983816066344,64.40903127473541,2023-11-17,71.76782293040871,2023-10-31,125.81534921386378
618,DPABHUSHAN,D. P. Abhushan Limited,2023-11-30,2023-12-01,572.2999877929688,600.9000244140625,35.71432264733343,46.48320064508279,10.768877997749357,60.77663103481505,2023-11-24,72.13715587699159,2023-10-31,582.5903614361187
1711,PITTIENG,Pitti Engineering Limited,2023-11-30,2023-12-01,650.7223510742188,653.2155349838982,38.45340581168202,40.53479462988261,2.081388818200594,76.2019384910437,2023-11-24,79.56759657259468,2023-10-31,678.9749550690424
786,GENUSPOWER,Genus Power Infrastructures Limited,2023-12-01,2023-12-04,230.2062225341797,232.78391657882267,33.38390244989466,43.51844218140891,10.134539731514245,63.9054092341162,2023-11-24,72.79603261538344,2023-11-30,236.88469060349746
625,DRREDDY,Dr. Reddy's Laboratories Limited,2023-12-12,2023-12-13,1087.706787109375,1092.4383208230124,39.728331632508784,44.81243595602327,5.084104323514488,62.19043941637692,2023-12-08,66.03450573832573,2023-11-30,1105.792361272695
695,ESABINDIA,Esab India Limited,2023-12-13,2023-12-14,5502.43994140625,5567.7372612727895,36.49054004629761,43.90992699955814,7.419386953260528,61.909180641139535,2023-12-08,76.43170535215671,2023-11-30,5626.859945528674
1391,MARUTI,Maruti Suzuki India Limited,2023-12-13,2023-12-14,10071.6689453125,10129.838258607577,39.672301969545344,42.367679020103104,2.6953770505577594,63.727121170644885,2023-12-08,66.77851001573227,2023-11-30,10209.555550910269
2523,WONDERLA,Wonderla Holidays Limited,2023-12-13,2023-12-14,871.2067260742188,874.7690557043388,37.520653201162304,46.605242950517066,9.084589749354762,69.75715856376064,2023-12-08,91.78994813922358,2023-11-30,895.2138175271865
1042,INDRAMEDCO,Indraprastha Medical Corporation Limited,2023-12-14,2023-12-15,183.3013153076172,183.4975609684201,39.94980780977881,40.920409273770304,0.9706014639914926,61.20213171757741,2023-12-08,84.2639854501945,2023-11-30,192.43336727715635
796,GILLETTE,Gillette India Limited,2023-12-15,2023-12-18,5810.41845703125,5839.559791859203,37.923504249089646,42.11553921262625,4.1920349635366065,64.87009930345627,2023-12-08,67.25583756214638,2023-11-30,5902.079620587686
2140,SSWL,Steel Strips Wheels Limited,2023-12-15,2023-12-18,267.3243103027344,267.32429883361647,37.23255396010035,40.670000307950495,3.4374463478501482,62.51578313209785,2023-12-08,71.59946713674351,2023-11-30,274.11789342122074
796,GILLETTE,Gillette India Limited,2023-12-19,2023-12-20,5836.9658203125,5846.773335763022,38.50440288393669,45.958986246080364,7.454583362143673,61.59049035068983,2023-12-15,67.25583756214638,2023-11-30,5884.142450188687
309,BBTC,The Bombay Burmah Trading Corporation Limited,2023-12-21,2023-12-22,1303.5303955078125,1298.1847895376077,34.53043141999217,44.156000569421536,9.625569149429367,60.46348130012681,2023-12-15,62.74113010852694,2023-11-30,1341.6335779406368
365,BLISSGVS,Bliss GVS Pharma Limited,2023-12-21,2023-12-22,121.86498260498047,123.34752128936985,39.249160142103946,46.63729213873597,7.388131996632026,64.36771169940118,2023-12-15,67.05672017507975,2023-11-30,126.49654530861164
503,CORDSCABLE,Cords Cable Industries Limited,2023-12-21,2023-12-22,110.447021484375,111.78307925308782,39.7603967546993,45.90861884273875,6.1482220880394465,63.030621975695404,2023-12-15,73.79547558700288,2023-11-30,113.08447861251791
538,DALBHARAT,Dalmia Bharat Limited,2023-12-21,2023-12-22,2212.827392578125,2209.1219887631196,39.7692977884255,46.51876483840911,6.749467049983615,60.53849234813599,2023-12-15,60.60880463651176,2023-11-30,2256.184859359307
548,DBL,Dilip Buildcon Limited,2023-12-21,2023-12-22,383.4320068359375,387.4660279467455,39.34923056129054,48.82951593832146,9.480285377030917,66.83379726802642,2023-12-15,60.091492589229944,2023-11-30,389.2796594827772
796,GILLETTE,Gillette India Limited,2023-12-21,2023-12-22,5845.3115234375,5845.312194376941,37.81128346626185,48.302735661720426,10.491452195458578,61.59049035068983,2023-12-15,67.25583756214638,2023-11-30,5865.759183717406
824,GOCLCORP,GOCL Corporation Limited,2023-12-21,2023-12-22,501.58099365234375,506.98941019967583,36.04638638806241,46.06406977187052,10.017683383808112,61.40726378071609,2023-12-15,67.76696001338989,2023-11-30,510.6631558972636
2640,HERCULES,HERCULES,2023-12-21,2023-12-22,336.5082702636719,338.26854405979753,39.537073974297805,48.438296036326626,8.901222062028822,60.536213504415656,2023-12-15,72.96744934698799,2023-11-30,340.9492661683276
944,HINDCOMPOS,Hindustan Composites Limited,2023-12-21,2023-12-22,428.6170959472656,440.62515504060053,38.44541352386701,42.63190110603816,4.1864875821711465,62.40881937674248,2023-12-15,69.11379615410407,2023-11-30,442.5658918017729
952,HIRECT,Hirect Limited,2023-12-21,2023-12-22,266.6749267578125,266.92391776622753,37.92864410899003,40.20128850470331,2.2726443957132787,70.65595663236734,2023-12-15,81.04399375653263,2023-11-30,287.5832010358015
1200,KHADIM,Khadim India Limited,2023-12-21,2023-12-22,365.04998779296875,365.0,39.460455567357705,43.937557290090155,4.477101722732449,71.38226296372234,2023-12-15,66.88711184569402,2023-11-30,378.1261579696049
1331,LUMAXIND,Lumax Industries Limited,2023-12-21,2023-12-22,2410.0732421875,2410.509582624301,38.42280869928688,45.00140941124792,6.5786007119610375,61.71642988597361,2023-12-15,71.3674505352503,2023-11-30,2480.6702113217225
1402,MAZDA,Mazda Limited,2023-12-21,2023-12-22,240.96484375,244.57459221151166,37.19288870142348,41.02004633099487,3.8271576295713956,70.03742670759559,2023-12-15,76.20409521104325,2023-11-30,252.08836774615824
1714,PLASTIBLEN,Plastiblends India Limited,2023-12-21,2023-12-22,276.35711669921875,277.74918942397255,32.83524100938995,42.32179292594514,9.486551916555193,68.35459734820161,2023-12-15,73.3759424049894,2023-11-30,287.27244633985055
1758,PREMIERPOL,Premier Polyfilm Limited,2023-12-21,2023-12-22,29.545730590820312,29.545728183390462,39.674557741524644,44.72959271214284,5.055034970618195,61.65230077979713,2023-12-15,67.40097315486432,2023-11-30,30.438046048768864
1821,RANEHOLDIN,Rane Holdings Limited,2023-12-21,2023-12-22,1118.1209716796875,1118.1210174998275,33.9920997616117,41.233433553482286,7.241333791870588,61.58339634159271,2023-12-15,71.06381615090788,2023-11-30,1150.670460998641
1848,REPCOHOME,Repco Home Finance Limited,2023-12-21,2023-12-22,386.4263610839844,387.9821809649693,39.08816346311356,48.27019668207613,9.182033218962573,61.6144794644116,2023-12-15,64.80292643982429,2023-11-30,388.8113128812058
1927,SAKAR,Sakar Healthcare Limited,2023-12-21,2023-12-22,368.6000061035156,370.3999938964844,36.484726803073954,45.3883700202792,8.903643217205243,60.67124117740992,2023-12-15,76.23257611012251,2023-11-30,374.8138812674604
2208,SUVEN,Suven Life Sciences Limited,2023-12-21,2023-12-22,78.6500015258789,78.9000015258789,36.97374823193459,42.45982065016221,5.486072418227614,60.553069828902174,2023-12-15,62.333506329876215,2023-11-30,81.13274586019519
2291,THOMASCOOK,Thomas Cook  (India)  Limited,2023-12-21,2023-12-22,141.53273010253906,142.37784915044946,39.04771239947447,45.002585552219486,5.954873152745016,70.55526755846591,2023-12-15,80.56092796763198,2023-11-30,146.14351415190487
2317,TOKYOPLAST,Tokyo Plast International Limited,2023-12-21,2023-12-22,114.44999694824219,115.0,36.74749736054982,47.01269647853921,10.26519911798939,62.89706334152879,2023-12-15,67.47508795087734,2023-11-30,117.37465422599765
2488,VSTTILLERS,V.S.T Tillers Tractors Limited,2023-12-21,2023-12-22,3793.59716796875,3812.584825266163,37.39025224296733,44.41626450050097,7.026012257533644,64.08416631504039,2023-12-15,75.5965412648181,2023-11-30,3867.6320431466734
2506,WELENT,Welspun Enterprises Limited,2023-12-21,2023-12-22,308.8826599121094,311.73450096104693,37.56667401776634,43.91036924170472,6.343695223938383,70.88896150889073,2023-12-15,81.19195649504181,2023-11-30,320.93447498017366
2507,WELINV,Welspun Investments and Commercials Limited,2023-12-21,2023-12-22,611.9500122070312,637.0,34.98864064694719,45.283727039943365,10.295086392996176,68.41371696529427,2023-12-15,82.35006555338238,2023-11-30,628.8744510966953
2523,WONDERLA,Wonderla Holidays Limited,2023-12-21,2023-12-22,829.8431396484375,831.2285364521623,35.69840678383832,42.85142432680085,7.15301754296253,62.01022075481154,2023-12-15,91.78994813922358,2023-11-30,865.3481952671143
374,BLUESTARCO,Blue Star Limited,2023-12-22,2023-12-26,938.1929321289062,946.4283543453291,38.187891526335946,45.54618897884919,7.358297452513241,62.891038711126356,2023-12-15,78.13692036350308,2023-11-30,955.7646941028624
954,HITECH,Hi-Tech Pipes Limited,2023-12-22,2023-12-26,99.91622924804688,100.26611485707372,37.763402646765705,41.23983556429425,3.476432917528548,62.13490207446206,2023-12-15,70.68149493914169,2023-11-30,104.05582724862009
1117,JINDALSAW,Jindal Saw Limited,2023-12-22,2023-12-26,206.8337860107422,206.98000983986043,39.08311650315439,42.97567578891461,3.892559285760214,62.55432692109744,2023-12-15,92.11027197732318,2023-11-30,213.92892417519283
1537,NELCAST,Nelcast Limited,2023-12-22,2023-12-26,163.5038604736328,164.0477095655517,32.502174869003056,41.37144416235422,8.869269293351167,70.35229260988801,2023-12-15,75.45000999316291,2023-11-30,167.86472637245114
2083,SINTERCOM,Sintercom India Limited,2023-12-22,2023-12-26,126.5999984741211,128.9499969482422,31.414461706112263,45.837057570875736,14.422595864763473,62.66939835319595,2023-12-15,70.7173977443034,2023-11-30,127.70400313139281
2092,SKIPPER,Skipper Limited,2023-12-22,2023-12-26,220.5522003173828,221.96817622393274,37.433132823157045,42.65115563330186,5.2180228101448165,62.26488494757154,2023-12-15,82.0350947858664,2023-11-30,229.76529998524038
2260,TCPLPACK,TCPL Packaging Limited,2023-12-22,2023-12-26,2079.91357421875,2082.840112949397,35.682290224344044,43.4262636450093,7.743973420665256,62.515644236121744,2023-12-15,78.69675844270301,2023-11-30,2132.4529989114667
2078,SIMPLEXINF,Simplex Infrastructures Limited,2023-12-27,2023-12-28,74.05000305175781,74.05000305175781,38.85602580262271,40.006625645782805,1.1505998431600943,66.91486878922872,2023-12-22,61.26254499540361,2023-11-30,78.18630880840423
2260,TCPLPACK,TCPL Packaging Limited,2023-12-27,2023-12-28,2198.88671875,2198.8867515545294,38.063380220952446,55.74457202461632,17.68119180366387,60.167403469661835,2023-12-22,78.69675844270301,2023-11-30,2129.2441393218473
1537,NELCAST,Nelcast Limited,2023-12-28,2023-12-29,162.51502990722656,161.72396594182177,39.00833159172249,41.25629517827482,2.2479635865523306,64.74033912751,2023-12-22,75.45000999316291,2023-11-30,166.34563090707684
2047,SHREERAMA,Shree Rama Multi-Tech Limited,2023-12-28,2023-12-29,29.799999237060547,30.0,38.28839174018912,42.72887045425601,4.4404787140668915,62.99073402590427,2023-12-22,80.7814351410898,2023-11-30,31.267413689796214
1200,KHADIM,Khadim India Limited,2023-12-29,2024-01-01,356.3999938964844,359.95001220703125,38.17564150815911,41.70567558163905,3.530034073479939,65.05575623343242,2023-12-22,66.88711184569402,2023-11-30,371.4024729686012
1866,RKFORGE,Ramkrishna Forgings Limited,2023-12-29,2024-01-01,721.4762573242188,715.8094807826736,39.929802073761984,46.94429697842428,7.0144949046623,62.934399085136874,2023-12-22,84.90900624488427,2023-11-30,730.6325897581455
2291,THOMASCOOK,Thomas Cook  (India)  Limited,2024-01-01,2024-01-02,137.6551055908203,137.95338364679856,38.45933303371754,42.69974721500597,4.240414181288429,60.30202085445157,2023-12-29,71.16672999139412,2023-12-29,142.31869008731996
952,HIRECT,Hirect Limited,2024-01-02,2024-01-03,264.0111999511719,259.0321964860994,39.527246794625405,40.555067686776894,1.0278208921514889,63.32122931971399,2023-12-29,71.51996166495712,2023-12-29,278.8180628116093
2300,TIL,TIL Limited,2024-01-02,2024-01-03,392.8500061035156,412.0,36.88768916164187,50.56736062316409,13.679671461522219,63.772394619883656,2023-12-29,71.40298896732943,2023-12-29,395.7474362600271
2047,SHREERAMA,Shree Rama Multi-Tech Limited,2024-01-03,2024-01-04,30.200000762939453,30.5,38.42973133631043,47.266744843109265,8.837013506798833,64.0834706163375,2023-12-29,73.20442277591806,2023-12-29,30.70236586247187
2431,VESUVIUS,Vesuvius India Limited,2024-01-05,2024-01-08,352.0541687011719,353.2673900975064,39.372907577737976,44.84987883911484,5.47697126137686,67.13944843646826,2023-12-29,73.81335302351873,2023-12-29,356.4113936776743
2355,TVSSRICHAK,TVS Srichakra Limited,2024-01-10,2024-01-11,4376.20068359375,4398.098907892129,39.83710637644086,44.88201012692821,5.04490375048735,65.14935026559313,2024-01-05,72.32745416675237,2023-12-29,4436.293008506024
504,COROMANDEL,Coromandel International Limited,2024-01-11,2024-01-12,1169.5694580078125,1177.4949217218082,39.20213650272082,44.916329975874625,5.714193473153806,71.09949577655748,2024-01-05,71.57559345211033,2023-12-29,1194.4261236282869
1815,RAMCOCEM,The Ramco Cements Limited,2024-01-11,2024-01-12,981.3145141601562,982.0093216433797,39.842548709276144,45.053486617077965,5.210937907801821,62.752760606085275,2024-01-05,64.08743252425612,2023-12-29,996.836550288916
1219,KKCL,Kewal Kiran Clothing Limited,2024-01-12,2024-01-15,734.1705322265625,741.7058328165099,38.868110042961675,41.337185767483035,2.4690757245213604,65.61869891705564,2024-01-05,78.13102147896991,2023-12-29,752.31450550383
854,GRAVITA,Gravita India Limited,2024-01-16,2024-01-17,1053.9771728515625,1057.3463489645535,34.61349180093525,51.41638872761383,16.802896926678578,62.22708051659742,2024-01-12,88.40545953213054,2023-12-29,1045.9285342807011
2300,TIL,TIL Limited,2024-01-17,2024-01-18,370.70001220703125,365.0,37.778601004168735,40.447372290213785,2.6687712860450503,62.82155407111347,2024-01-12,71.40298896732943,2023-12-29,385.70764131348875
856,GREENLAM,Greenlam Industries Limited,2024-01-18,2024-01-19,263.8528747558594,264.3499420874489,39.25709851887377,43.39472174048014,4.1376232216063755,60.99127892907601,2024-01-12,66.61904515075963,2023-12-29,268.6989017506308
996,IFGLEXPOR,IFGL Refractories Limited,2024-01-18,2024-01-19,363.0984191894531,367.71896516630306,38.44832427714063,43.02560762952768,4.577283352387049,64.63376107534417,2024-01-12,82.90784920085,2023-12-29,373.9468690627303
1537,NELCAST,Nelcast Limited,2024-01-18,2024-01-19,159.0541229248047,159.20241768811994,39.27986207568013,40.43709164931209,1.1572295736319589,63.010945426695685,2024-01-12,68.30845295272535,2023-12-29,164.18846453379916
1943,SANDHAR,Sandhar Technologies Limited,2024-01-18,2024-01-19,465.2351989746094,471.7502850447218,38.216760752820655,44.94225426176971,6.725493508949057,64.14727942576143,2024-01-12,74.19719729697552,2023-12-29,475.05866805857767
1946,SANGHVIMOV,Sanghvi Movers Limited,2024-01-18,2024-01-19,387.38153076171875,405.5964721918393,39.09192945534097,44.18963380885366,5.09770435351269,64.78823455046222,2024-01-12,85.31293370320975,2023-12-29,397.77324373396704
2174,SUMMITSEC,Summit Securities Limited,2024-01-18,2024-01-19,1241.449951171875,1260.0,34.81806898826596,44.83211084301798,10.014041854752016,62.689582014264296,2024-01-12,73.67198542673809,2023-12-29,1264.6864533392297
2178,SUNDRMBRAK,Sundaram Brake Linings Limited,2024-01-18,2024-01-19,623.4348754882812,649.5460279354121,39.955100956494476,42.96645533713674,3.011354380642267,62.77542431501839,2024-01-12,77.11726976996867,2023-12-29,637.2070514714825
224,ASTRAMICRO,Astra Microwave Products Limited,2024-01-19,2024-01-23,574.4818115234375,552.8784027291175,37.45213360530797,42.988422977261926,5.536289371953956,76.63129662597589,2024-01-12,80.96087838983934,2023-12-29,589.4869782388971
569,DEEPAKNTR,Deepak Nitrite Limited,2024-01-19,2024-01-23,2330.315673828125,2292.988027135603,39.92058640708744,48.48561610236073,8.565029695273289,67.18230582140211,2024-01-12,62.63421738348319,2023-12-29,2356.3532135071887
756,GABRIEL,Gabriel India Limited,2024-01-19,2024-01-23,381.28924560546875,388.82052664233885,29.074576843864364,46.36904295912903,17.29446611526467,71.38208760699531,2024-01-12,78.20064104549631,2023-12-29,385.20256775947445
789,GFLLIMITED,GFL Limited,2024-01-19,2024-01-23,94.75,97.9000015258789,38.235763592122275,41.02422183770603,2.7884582455837545,61.97329059862362,2024-01-12,66.4151446212881,2023-12-29,97.53617484668399
1258,KSB,Ksb Limited,2024-01-19,2024-01-23,650.1984252929688,649.34068956247,38.93752921710636,42.2145834893261,3.2770542722197433,70.29223404376329,2024-01-12,86.44160966528507,2023-12-29,669.8561768325567
1498,MUTHOOTFIN,Muthoot Finance Limited,2024-01-19,2024-01-23,1381.843994140625,1366.298247063269,35.47705566491963,46.813377069265535,11.336321404345902,66.05207942416098,2024-01-12,66.63115219363213,2023-12-29,1401.4193070120064
1698,PGIL,Pearl Global Industries Limited,2024-01-19,2024-01-23,601.383544921875,598.9776160599257,38.0813795284507,40.6867144439771,2.605334915526406,64.59280448651162,2024-01-12,83.66989285309664,2023-12-29,626.869998338167
2047,SHREERAMA,Shree Rama Multi-Tech Limited,2024-01-19,2024-01-23,28.950000762939453,30.399999618530273,39.220427770886026,45.826739851997914,6.606312081111888,63.04701156499044,2024-01-12,73.20442277591806,2023-12-29,29.599611277953095
2355,TVSSRICHAK,TVS Srichakra Limited,2024-01-19,2024-01-23,4319.216796875,4501.781932894155,38.26940421914874,43.01341750959175,4.744013290443007,64.76689177049391,2024-01-12,72.32745416675237,2023-12-29,4384.852067253234
77,AFFLE,Affle 3i Limited,2024-01-24,2024-01-25,1224.800048828125,1230.0,37.839531357963196,46.11655436781565,8.277023009852456,65.25090793305107,2024-01-19,63.57475151423231,2023-12-29,1253.7777413314354
118,ALKEM,Alkem Laboratories Limited,2024-01-24,2024-01-25,4867.27685546875,4867.276077261588,39.024712971933745,51.644849188806376,12.62013621687263,71.48440832615553,2024-01-19,75.62712195158683,2023-12-29,4872.477962914231
569,DEEPAKNTR,Deepak Nitrite Limited,2024-01-24,2024-01-25,2258.57763671875,2258.5774705817494,38.3077083449495,42.72727475793846,4.4195664129889565,60.49572925035284,2024-01-19,62.63421738348319,2023-12-29,2336.311257611829
756,GABRIEL,Gabriel India Limited,2024-01-24,2024-01-25,370.9521484375,369.72158749287325,39.60092435601844,40.523758098900224,0.9228337428817852,68.97201425406695,2024-01-19,78.20064104549631,2023-12-29,382.63579162956955
821,GNFC,Gujarat Narmada Valley Fertilizers and Chemicals Limited,2024-01-24,2024-01-25,684.8898315429688,689.0429707337025,39.82898946193312,45.146343435877085,5.317353973943966,66.82837915283133,2024-01-19,66.65841063840412,2023-12-29,703.4434435063934
942,HINDALCO,Hindalco Industries Limited,2024-01-24,2024-01-25,554.9428100585938,556.268441263079,38.160119114180844,49.96250447113463,11.802385356953785,61.12200943158744,2024-01-19,67.44876172874113,2023-12-29,557.652794825219
996,IFGLEXPOR,IFGL Refractories Limited,2024-01-24,2024-01-25,356.1916809082031,356.5045160517988,37.11912722039336,41.40865976660143,4.289532546208072,64.97187328572257,2024-01-19,82.90784920085,2023-12-29,369.7362663205427
1140,JSL,Jindal Stainless Limited,2024-01-24,2024-01-25,541.7940063476562,541.2013555856356,37.78307712674644,43.6941143134393,5.911037186692859,70.85676832069056,2024-01-19,84.27418575610808,2023-12-29,568.410715136543
1258,KSB,Ksb Limited,2024-01-24,2024-01-25,647.77294921875,650.6815988550206,37.184531532797635,43.35549184534404,6.170960312546406,60.15115463254154,2024-01-19,86.44160966528507,2023-12-29,664.8966297105324
1470,MOREPENLAB,Morepen Laboratories Limited,2024-01-24,2024-01-25,44.957672119140625,45.057242052579824,37.924344126335384,42.656662887592404,4.7323187612570194,62.25863300810687,2024-01-19,60.02963566900591,2023-12-29,47.152547076540316
1498,MUTHOOTFIN,Muthoot Finance Limited,2024-01-24,2024-01-25,1355.435302734375,1355.4353660064764,37.44751345240186,44.531031738962554,7.083518286560697,60.02948810622632,2024-01-19,66.63115219363213,2023-12-29,1390.2625745579596
1542,NESTLEIND,Nestle India Limited,2024-01-24,2024-01-25,1222.3829345703125,1227.7802988259243,37.52142330529802,45.66116565747297,8.139742352174949,60.777452404856724,2024-01-19,77.0513605549996,2023-12-29,1239.3951133267433
1702,PIDILITIND,Pidilite Industries Limited,2024-01-24,2024-01-25,1271.5517578125,1279.376143129385,32.81371806799784,41.77472576805254,8.9610077000547,61.10946826416373,2024-01-19,62.120252817487945,2023-12-29,1314.819815321867
1759,PRESTIGE,Prestige Estates Projects Limited,2024-01-24,2024-01-25,1192.478271484375,1176.1333462293853,39.66529185587159,46.93517545512826,7.269883599256673,75.36081982113694,2024-01-19,85.85724780357712,2023-12-29,1242.3816113651083
2078,SIMPLEXINF,Simplex Infrastructures Limited,2024-01-24,2024-01-25,78.3499984741211,79.9000015258789,39.57572622286595,43.20149678030552,3.6257705574395658,61.17385781479411,2024-01-19,60.915351629197495,2023-12-29,81.84702431706172
2301,TIMETECHNO,Time Technoplast Limited,2024-01-24,2024-01-25,83.43069458007812,84.27217561281749,36.623150855393725,42.21451501491202,5.591364159518292,63.032392688761696,2024-01-19,77.64727331267754,2023-12-29,87.02091216205902
2523,WONDERLA,Wonderla Holidays Limited,2024-01-24,2024-01-25,872.3941040039062,873.779536508356,38.39160607285087,51.22794118972345,12.836335116872583,63.08075298209826,2024-01-19,74.65368615291942,2023-12-29,867.0730856961147
224,ASTRAMICRO,Astra Microwave Products Limited,2024-01-25,2024-01-29,563.2321166992188,566.9157283286045,32.585454075080804,42.72962213807201,10.144168062991206,69.47003421192181,2024-01-19,80.96087838983934,2023-12-29,579.9311190732199
434,CDSL,Central Depository Services (India) Limited,2024-01-25,2024-01-29,862.0537109375,861.9563482127874,39.592812509530695,41.18559003025271,1.5927775207220165,69.50594666710623,2024-01-19,72.0116966604773,2023-12-29,888.7759503982784
516,CREDITACC,CREDITACCESS GRAMEEN LIMITED,2024-01-25,2024-01-29,1578.880126953125,1587.114809513618,36.20975246711124,41.88906440841264,5.6793119413014,61.75284135479013,2024-01-19,68.53931267797263,2023-12-29,1640.3135334843803
645,EDELWEISS,Edelweiss Financial Services Limited,2024-01-25,2024-01-29,70.87701416015625,71.21847532989736,36.005981650618295,42.08981507551783,6.083833424899538,64.90550704571103,2024-01-19,75.30643960200622,2023-12-29,73.24254485167398
829,GODREJAGRO,Godrej Agrovet Limited,2024-01-25,2024-01-29,511.1397705078125,511.139795916592,39.96681667660063,44.79959337573462,4.832776699133987,61.63654361123547,2024-01-19,61.53881451731926,2023-12-29,519.9117769196849
1943,SANDHAR,Sandhar Technologies Limited,2024-01-25,2024-01-29,456.2029724121094,458.91755679524294,38.67094295121048,42.436948633817025,3.766005682606547,63.0926877997179,2024-01-19,74.19719729697552,2023-12-29,469.42999579493727
1946,SANGHVIMOV,Sanghvi Movers Limited,2024-01-25,2024-01-29,376.68853759765625,380.4003646641585,36.89374975764044,41.33374618936784,4.439996431727394,62.19446495425932,2024-01-19,85.31293370320975,2023-12-29,391.1693355997166
2233,TALBROAUTO,Talbros Automotive Components Limited,2024-01-25,2024-01-29,272.86773681640625,282.7231891953325,25.886149162731286,40.50559930095109,14.619450138219804,65.25246011205627,2024-01-19,88.09341287037358,2023-12-29,283.6896317085377
1541,NESCO,Nesco Limited,2024-01-29,2024-01-30,817.0167236328125,822.9086852772181,38.99428955627891,41.20998242137518,2.2156928650962726,62.31437676308594,2024-01-25,71.81937181879174,2023-12-29,839.914031281316
1755,PREMEXPLN,Premier Explosives Limited,2024-01-29,2024-01-30,289.4251403808594,293.328211178311,37.467378054437454,40.402132004239775,2.934753949802321,61.48089216557217,2024-01-25,84.94388627855307,2023-12-29,305.0120749670694
400,BSE,BSE Limited,2024-01-30,2024-01-31,721.0888061523438,728.1421009358356,38.1532818470901,45.533801472084875,7.3805196249947755,61.58211881858011,2024-01-25,80.4024304500032,2023-12-29,733.0726808797938
533,CYBERTECH,Cybertech Systems And Software Limited,2024-01-30,2024-01-31,164.59246826171875,165.5780511384902,39.49807212834477,43.23741628712097,3.7393441587761984,60.61324227811936,2024-01-25,65.84713698172291,2023-12-29,172.33826062831506
1821,RANEHOLDIN,Rane Holdings Limited,2024-01-30,2024-01-31,1155.6947021484375,1144.075837343198,38.04512982159433,44.37938201158929,6.334252189994963,63.721402147064495,2024-01-25,70.29951264170771,2023-12-29,1183.8716059107442
2428,VENUSREM,Venus Remedies Limited,2024-01-30,2024-01-31,372.30224609375,377.46896644482416,38.86515959868773,41.397270927453334,2.532111328765602,63.7118534080346,2024-01-25,92.09398888034607,2023-12-29,385.5363625513351
224,ASTRAMICRO,Astra Microwave Products Limited,2024-01-31,2024-02-01,574.28271484375,572.4409665577564,37.983702564376564,49.395752839666635,11.41205027529007,65.73241445326386,2024-01-25,80.96087838983934,2023-12-29,574.4810513535238
434,CDSL,Central Depository Services (India) Limited,2024-01-31,2024-02-01,864.4156494140625,868.2383522714689,37.88240795560615,43.75712150628293,5.8747135506767805,64.4032582446587,2024-01-25,72.0116966604773,2023-12-29,881.1574396731172
756,GABRIEL,Gabriel India Limited,2024-01-31,2024-02-01,377.7450866699219,364.99607497043684,36.62271612343361,48.05557559910806,11.432859475674448,63.64909440617272,2024-01-25,78.20064104549631,2023-12-29,378.6996508364208
1720,PNBHOUSING,PNB Housing Finance Limited,2024-01-31,2024-02-01,774.5772094726562,775.9099990172115,39.88571209334874,45.268013421852885,5.382301328504148,63.75429288172504,2024-01-25,75.7415725200998,2023-12-29,798.270425537757
2233,TALBROAUTO,Talbros Automotive Components Limited,2024-01-31,2024-02-01,276.35198974609375,278.6914217133799,39.25908400885564,45.16189750283154,5.902813493975906,61.704720345345216,2024-01-25,88.09341287037358,2023-12-29,280.8203701377625
457,CHEMBOND,Chembond Material Technologies Limited,2024-02-02,2024-02-05,516.1194458007812,518.9450522987785,39.96839595000751,43.39518915210297,3.4267932020954603,66.2889132882406,2024-01-25,77.00959898867109,2024-01-31,537.2581020719491
1493,MUKTAARTS,Mukta Arts Limited,2024-02-02,2024-02-05,81.0,82.5999984741211,39.52815354280229,43.425730012732984,3.8975764699306907,60.73562165223627,2024-01-25,69.68920997809644,2024-01-31,84.33386782157727
1537,NELCAST,Nelcast Limited,2024-02-02,2024-02-05,155.88983154296875,159.202433043953,38.728022397165546,40.67614751256607,1.9481251154005221,61.84165867600959,2024-01-25,69.09325652138952,2024-01-31,162.0253925512817
807,GLOBAL,Global Education Limited,2024-02-06,2024-02-07,110.35420227050781,110.8932666356956,36.760143823275726,42.59583294778604,5.835689124510317,65.98153882953778,2024-02-02,75.57250640525362,2024-01-31,117.32954397197611
1194,KELLTONTEC,Kellton Tech Solutions Limited,2024-02-06,2024-02-07,20.530000686645508,20.649999618530273,38.58554702904789,54.04118487184663,15.455637842798744,63.95511675139675,2024-02-02,65.26732728427109,2024-01-31,20.225068272435614
1326,LT,Larsen & Toubro Limited,2024-02-06,2024-02-07,3333.58837890625,3353.788841837622,38.34326412701044,45.32714509780869,6.983880970798246,62.18566896307758,2024-02-02,81.31426620969579,2024-01-31,3403.849545346124
1403,MAZDOCK,Mazagon Dock Shipbuilders Limited,2024-02-06,2024-02-07,1056.9798583984375,1062.603615041593,34.86365243602886,41.37077486071583,6.507122424686969,62.82197936626954,2024-02-02,82.31244872881743,2024-01-31,1102.7613204424065
2355,TVSSRICHAK,TVS Srichakra Limited,2024-02-06,2024-02-07,4298.15576171875,4282.16275172218,38.31891505672019,44.174866657449606,5.855951600729412,61.23264198439758,2024-02-02,70.56717143398957,2024-01-31,4355.538326532425
204,ASHAPURMIN,Ashapura Minechem Limited,2024-02-07,2024-02-08,404.59674072265625,404.5967399867841,39.50903360133319,42.79106607521014,3.2820324738769457,68.10932124654494,2024-02-02,87.47115387018913,2024-01-31,417.9894837434259
2294,TI,Tilaknagar Industries Limited,2024-02-07,2024-02-08,232.27105712890625,236.8039128322315,34.94709969950188,42.73566747625633,7.788567776754455,60.21349994214366,2024-02-02,77.3978050293883,2024-01-31,240.2412473018109
2310,TITAN,Titan Company Limited,2024-02-07,2024-02-08,3542.515380859375,3570.546657821848,39.015510074311734,40.903745800756745,1.8882357264450107,61.674328225818755,2024-02-02,78.46259802903695,2024-01-31,3640.2410125028023
499,CONSOFINVT,Consolidated Finvest & Holdings Limited,2024-02-08,2024-02-09,269.9592590332031,274.43370324054746,39.50817525514723,43.35835220338213,3.8501769482349033,63.574373853759,2024-02-02,71.23169049866051,2024-01-31,280.48250632568755
585,DHANUKA,Dhanuka Agritech Limited,2024-02-08,2024-02-09,1048.79541015625,1058.8514339688231,34.06713618661857,40.03111991417142,5.963983727552851,67.28488287838978,2024-02-02,74.94844473364047,2024-01-31,1118.665164734457
397,BRITANNIA,Britannia Industries Limited,2024-02-09,2024-02-12,4764.78466796875,4764.7853096629615,37.522664751923436,43.82221808516989,6.29955333324645,63.5292981970439,2024-02-02,66.4516234128142,2024-01-31,4869.996799568431
446,CENTURYPLY,Century Plyboards (India) Limited,2024-02-09,2024-02-12,731.1092529296875,736.0468263386538,33.68387278538472,40.92647661843499,7.242603833050268,67.9536712887301,2024-02-02,68.78597548021952,2024-01-31,758.7023055657625
2310,TITAN,Titan Company Limited,2024-02-09,2024-02-12,3557.471923828125,3564.8014732399674,38.857582014157245,43.5726867571001,4.715104742942856,61.674328225818755,2024-02-02,78.46259802903695,2024-01-31,3622.397125438137
716,FACT,Fertilizers and Chemicals Travancore Limited,2024-02-12,2024-02-13,772.82568359375,773.8742080161056,39.36711783154614,42.353467812843505,2.9863499812973657,60.03339216855703,2024-02-09,80.03948069597477,2024-01-31,804.6708653251015
449,CESC,CESC Limited,2024-02-13,2024-02-14,112.03540802001953,110.90327885768397,38.337058574254314,40.3480737722491,2.0110151979947872,72.79368660405858,2024-02-09,82.49027192133549,2024-01-31,120.30180448305107
575,DEN,Den Networks Limited,2024-02-13,2024-02-14,57.04999923706055,56.400001525878906,37.75196426844602,43.19504018651378,5.443075918067763,63.70613426338985,2024-02-09,65.76822947389155,2024-01-31,59.95349356285336
858,GREENPLY,Greenply Industries Limited,2024-02-13,2024-02-14,230.82347106933594,230.82345767567557,34.17426259782083,47.61539732179053,13.441134723969704,61.300815329866104,2024-02-09,69.0582437058954,2024-01-31,234.2538822477646
946,HINDCOPPER,Hindustan Copper Limited,2024-02-13,2024-02-14,248.3982391357422,236.81032473819704,37.59806740411686,42.669713867033174,5.071646462916313,68.23694754918905,2024-02-09,78.95502842604097,2024-01-31,268.9028548573203
1073,IRCON,Ircon International Limited,2024-02-13,2024-02-14,203.22811889648438,199.8554223617666,39.58939669689599,48.895383141060485,9.305986444164496,71.16119319244689,2024-02-09,92.92557086074261,2024-01-31,208.95886287033704
1122,JISLDVREQS,Jain Irrigation Systems Limited,2024-02-13,2024-02-14,33.400001525878906,33.0,36.83662134707895,42.361771215541076,5.5251498684621225,60.24560598054895,2024-02-09,65.51561580855197,2024-01-31,35.44228207463732
1133,JMFINANCIL,JM Financial Limited,2024-02-13,2024-02-14,92.26007080078125,91.37383677986517,39.40512697076246,41.326987207442954,1.9218602366804944,61.41907874382677,2024-02-09,70.09124805441235,2024-01-31,97.92956328827968
1400,MAXIND,Max India Limited,2024-02-13,2024-02-14,195.5,191.89999389648438,39.76461346534311,44.098923506199576,4.334310040856465,67.88549235315537,2024-02-09,75.69188772511174,2024-01-31,204.78590541842766
1549,NFL,National Fertilizers Limited,2024-02-13,2024-02-14,99.53787994384766,97.57364066789843,38.99454199118399,43.2001940948524,4.205652103668406,64.73659431671774,2024-02-09,75.65933875880862,2024-01-31,107.23362992507535
1576,NLCINDIA,NLC India Limited,2024-02-13,2024-02-14,232.31796264648438,230.00825161031327,39.63052705635345,49.86189815082546,10.23137109447201,73.34100504781546,2024-02-09,91.6791900228051,2024-01-31,236.25659434322515
1640,ORISSAMINE,The Orissa Minerals Development Company Limited,2024-02-13,2024-02-14,6682.9501953125,6625.0,36.7079221652752,42.59021126371966,5.88228909844446,60.48348845005191,2024-02-09,80.18308935019633,2024-01-31,6956.368529436476
1719,PNBGILTS,PNB Gilts Limited,2024-02-13,2024-02-14,103.13597869873047,102.10510080829057,39.484290494660556,42.392412329354386,2.90812183469383,63.72864642039245,2024-02-09,85.71626973222723,2024-01-31,109.10278125650322
1741,PPL,Prakash Pipes Limited,2024-02-13,2024-02-14,424.22552490234375,412.05129807988,39.2409359854038,45.520177159390315,6.279241173986513,61.83436973558746,2024-02-09,86.16290753160467,2024-01-31,437.1903681261995
2278,TEXRAIL,Texmaco Rail & Engineering Limited,2024-02-13,2024-02-14,183.48419189453125,180.15894376882565,38.75335171313376,43.7437951897825,4.990443476648743,68.92261559426234,2024-02-09,83.68908564322255,2024-01-31,194.96222700222134
2289,THEMISMED,Themis Medicare Limited,2024-02-13,2024-02-14,202.12147521972656,199.58938047661803,37.28177621818605,40.553854410385405,3.272078192199352,66.48254913575379,2024-02-09,76.0133634799347,2024-01-31,217.00820263451087
2505,WELCORP,Welspun Corp Limited,2024-02-13,2024-02-14,538.4426879882812,530.4853680017505,38.34415867636338,41.45430513496134,3.11014645859796,64.12944061446589,2024-02-09,85.91333955361836,2024-01-31,559.7753084502582
115,ALICON,Alicon Castalloy Limited,2024-02-14,2024-02-15,892.8643798828125,904.430014340084,37.84394353788998,43.50789234638103,5.66394880849105,61.930633460713004,2024-02-09,63.365850244664294,2024-01-31,930.5895891739393
238,AURIONPRO,Aurionpro Solutions Limited,2024-02-14,2024-02-15,1030.515625,1030.5156077317804,33.42973249281509,41.07765565458611,7.647923161771018,72.02433593682956,2024-02-09,90.86285800092159,2024-01-31,1091.1541678360343
323,BEML,BEML Limited,2024-02-14,2024-02-15,1502.2369384765625,1512.558663592725,36.28231571392761,45.6045241763909,9.322208462463294,65.06546612588232,2024-02-09,76.991869060841,2024-01-31,1597.5491507214792
591,DHUNINV,Dhunseri Investments Limited,2024-02-14,2024-02-15,1217.5750732421875,1252.4366954422544,37.679243368329466,42.91393901213649,5.234695643807022,68.5380414402795,2024-02-09,86.76979886860656,2024-01-31,1309.3895129888042
787,GEOJITFSL,Geojit Financial Services Limited,2024-02-14,2024-02-15,72.81982421875,73.53328265540364,39.12753663643992,40.78335002802829,1.6558133915883673,66.16890298212587,2024-02-09,72.08938529499135,2024-01-31,76.27650123037373
816,GMDCLTD,Gujarat Mineral Development Corporation Limited,2024-02-14,2024-02-15,388.4308776855469,389.3871163184935,38.66576914344466,40.78345944211962,2.117690298674958,62.82975604099083,2024-02-09,87.78397480969292,2024-01-31,424.69101706492506
834,GOKUL,Gokul Refoils and Solvent Limited,2024-02-14,2024-02-15,51.650001525878906,51.650001525878906,36.35686702416664,41.234806788893714,4.877939764727074,66.78386616603245,2024-02-09,76.54179217549704,2024-01-31,55.6231111841414
1043,INDSWFTLAB,Ind-Swift Laboratories Limited,2024-02-14,2024-02-15,101.8499984741211,102.5999984741211,39.72844818474867,44.568222759386124,4.8397745746374525,67.18784649857619,2024-02-09,66.33025254362519,2024-01-31,106.21629191285251
1189,KDDL,KDDL Limited,2024-02-14,2024-02-15,2572.380126953125,2625.2820184965567,27.69068984005301,40.459820807888875,12.769130967835864,61.03151858565736,2024-02-09,82.62062386217572,2024-01-31,2679.100580247669
1436,MIDHANI,Mishra Dhatu Nigam Limited,2024-02-14,2024-02-15,414.2492980957031,416.13227442449255,39.00188360207914,41.31411806137141,2.31223445929227,60.40531414760382,2024-02-09,81.08290549702586,2024-01-31,451.0448336226856
1461,MOIL,MOIL Limited,2024-02-14,2024-02-15,290.13995361328125,292.3019794282839,35.77046124198816,42.56069906775931,6.79023782577115,65.8568155327952,2024-02-09,82.07478876667535,2024-01-31,308.79536136585233
1662,PARACABLES,Paramount Communications Limited,2024-02-14,2024-02-15,91.5,95.0,37.89488536827752,43.35275002677491,5.457864658497392,64.55370268460766,2024-02-09,85.09614389213185,2024-01-31,98.38052052566651
1747,PRAKASH,Prakash Industries Limited,2024-02-14,2024-02-15,178.07667541503906,180.14504028648022,39.069755394104085,41.32501985403874,2.255264459934658,67.31390287807213,2024-02-09,83.39191723911216,2024-01-31,190.97069928555237
1927,SAKAR,Sakar Healthcare Limited,2024-02-14,2024-02-15,391.54998779296875,394.04998779296875,38.222374483120994,40.446676614554335,2.2243021314333404,67.17265300309897,2024-02-09,78.86074552827564,2024-01-31,411.0970032545608
2174,SUMMITSEC,Summit Securities Limited,2024-02-14,2024-02-15,1257.550048828125,1275.0,36.022768334352456,41.99128201521541,5.968513680862955,67.43984451463841,2024-02-09,76.3416767835756,2024-01-31,1310.7061267794245
2291,THOMASCOOK,Thomas Cook  (India)  Limited,2024-02-14,2024-02-15,158.03741455078125,160.07565148907642,39.53267084685897,46.6394165745148,7.106745727655827,63.61861724303526,2024-02-09,78.10957885604694,2024-01-31,164.24269920755592
8,5PAISA,5Paisa Capital Limited,2024-02-15,2024-02-16,575.5,578.0,33.92080830189042,45.59503979508218,11.674231493191762,60.55958074768144,2024-02-09,76.15410921539413,2024-01-31,591.9389905868427
91,AHLEAST,Asian Hotels (East) Limited,2024-02-15,2024-02-16,147.31048583984375,149.5047842399241,37.09301422856972,44.02111375869993,6.928099530130211,71.29572984081153,2024-02-09,66.04839408757724,2024-01-31,156.13349520656925
158,ANUP,The Anup Engineering Limited,2024-02-15,2024-02-16,1337.576904296875,1341.6526479027686,39.46850096723381,42.995351858034326,3.5268508908005174,80.1612514144645,2024-02-09,81.65608702609393,2024-01-31,1398.0080218709973
561,DCW,DCW Limited,2024-02-15,2024-02-16,58.15709686279297,58.655445146993216,39.021859031348924,41.905061187852745,2.8832021565038204,66.58297810661108,2024-02-09,69.08327648357016,2024-01-31,62.33544452999816
716,FACT,Fertilizers and Chemicals Travancore Limited,2024-02-15,2024-02-16,777.0198364257812,782.9116810636036,36.77579821822131,45.79796961843055,9.022171400209238,60.03339216855703,2024-02-09,80.03948069597477,2024-01-31,793.9193031081277
1022,INDIANCARD,Indian Card Clothing Company Limited,2024-02-15,2024-02-16,277.0,278.0,39.79972209689777,41.17167666504061,1.37195456814284,61.96806249742229,2024-02-09,68.57504991427963,2024-01-31,292.9762184481032
1087,ITI,ITI Limited,2024-02-15,2024-02-16,315.8999938964844,315.8999938964844,39.47719002135303,47.559229546109414,8.082039524756382,72.1865211308053,2024-02-09,88.10027706061435,2024-01-31,323.2877716844822
1194,KELLTONTEC,Kellton Tech Solutions Limited,2024-02-15,2024-02-16,20.18000030517578,20.389999389648438,37.17698808962894,51.28849837506067,14.111510285431727,66.01847552587162,2024-02-09,65.26732728427109,2024-01-31,20.040519683879968
1356,MAHSEAMLES,Maharashtra Seamless Limited,2024-02-15,2024-02-16,902.2343139648438,909.5483219043803,39.71835515544929,44.35261977270605,4.634264617256761,77.13226000575156,2024-02-09,87.21005168309671,2024-01-31,942.2534625340572
1532,NDRAUTO,Ndr Auto Components Limited,2024-02-15,2024-02-16,366.2525939941406,378.3192559095236,39.137176702404986,44.97975729783046,5.842580595425474,61.48216757870241,2024-02-09,78.69923626802753,2024-01-31,377.9530395505545
1547,NEWGEN,Newgen Software Technologies Limited,2024-02-15,2024-02-16,755.7068481445312,789.0880044890108,38.440157646027465,45.67418648441702,7.2340288383895555,71.9185532880179,2024-02-09,92.8708135758009,2024-01-31,781.0954245729303
1586,NRBBEARING,NRB Bearing Limited,2024-02-15,2024-02-16,311.740478515625,314.1640424858789,39.802287236482314,42.29419983834437,2.4919126018620545,63.43375522863522,2024-02-09,80.51227446402707,2024-01-31,328.249126184537
1759,PRESTIGE,Prestige Estates Projects Limited,2024-02-15,2024-02-16,1128.6932373046875,1139.058362060108,35.03728274786678,40.47090628457367,5.4336235367068895,67.9162001292514,2024-02-09,87.15541422817529,2024-01-31,1195.0419599694608
1776,PTC,PTC India Limited,2024-02-15,2024-02-16,157.5877685546875,158.93163622166472,37.270605460897684,42.827455450850195,5.556849989952511,74.82209453540199,2024-02-09,88.48888803014104,2024-01-31,169.30223165468556
2042,SHRADHA,Shradha Realty Limited,2024-02-15,2024-02-16,25.662389755249023,25.99238952258704,38.68459796883204,43.563515647780186,4.878917678948149,62.523095482641814,2024-02-09,69.2330604591186,2024-01-31,26.210423815853922
2101,SNOWMAN,Snowman Logistics Limited,2024-02-15,2024-02-16,65.77742767333984,66.26575390818682,38.73506716059343,46.959592432732364,8.224525272138933,67.66731733695687,2024-02-09,74.05276149824925,2024-01-31,67.30137029479158
2118,SPAL,S. P. Apparels Limited,2024-02-15,2024-02-16,555.631591796875,548.5010600493856,36.96162505327946,40.12562949333253,3.16400444005307,61.47106668335687,2024-02-09,68.29909890470539,2024-01-31,586.803292772723
10,A2ZINFRA,A2Z Infra Engineering Limited,2024-02-16,2024-02-19,12.800000190734863,13.399999618530273,38.36934736756924,43.321534204235334,4.952186836666094,62.89043139910305,2024-02-09,62.05314168869881,2024-01-31,13.246016639049095
338,BHARATFORG,Bharat Forge Limited,2024-02-16,2024-02-19,1114.4893798828125,1130.3636539456684,36.10588033151666,40.066335184234035,3.960454852717376,74.27330560292006,2024-02-09,75.45202493849077,2024-01-31,1178.7913877925573
694,ERIS,Eris Lifesciences Limited,2024-02-16,2024-02-19,878.8673095703125,880.2519494462656,38.75043083075133,47.344130270078445,8.593699439327118,60.79490131115203,2024-02-09,67.31642674363965,2024-01-31,889.0214743707958
2677,IVZINGOLD,IVZINGOLD,2024-02-16,2024-02-19,5477.0,5482.64990234375,35.743473594874075,43.2209496048132,7.477476009939124,61.750302697666214,2024-02-09,67.4556458974109,2024-01-31,5519.907768800758
2428,VENUSREM,Venus Remedies Limited,2024-02-16,2024-02-19,363.45916748046875,362.6643100387279,39.456885078783486,41.08142635114009,1.624541272356602,68.37806787802678,2024-02-09,88.74319501316793,2024-01-31,384.11834278064083
1884,RPPINFRA,R.P.P. Infra Projects Limited,2024-02-22,2024-02-23,130.62066650390625,130.6206587223978,33.306929592168444,41.138065138267145,7.8311355460987,72.2652364476309,2024-02-16,84.09236799181627,2024-01-31,139.63908217338883
2116,SOUTHBANK,The South Indian Bank Limited,2024-02-22,2024-02-23,31.66462516784668,32.285502302955734,39.12362448494563,50.8168207638585,11.693196278912872,68.98519022188891,2024-02-16,79.40063003795126,2024-01-31,31.778403078055067
2505,WELCORP,Welspun Corp Limited,2024-02-22,2024-02-23,533.8746337890625,535.1517407020214,37.05169994730564,43.74829383365798,6.696593886352339,61.230604214692725,2024-02-16,85.91333955361836,2024-01-31,548.3944997046705
2506,WELENT,Welspun Enterprises Limited,2024-02-22,2024-02-23,319.6999206542969,321.0275308458297,35.95653412789227,41.436012253613484,5.479478125721215,66.25573692978347,2024-02-16,81.9902157118273,2024-01-31,337.87373478473603
400,BSE,BSE Limited,2024-02-23,2024-02-26,750.4227905273438,755.762179481909,38.93574662772602,46.6853782426425,7.749631614916481,62.0367404376317,2024-02-16,81.30503007010256,2024-01-31,763.1421169165483
1318,LOKESHMACH,Lokesh Machines Limited,2024-02-23,2024-02-26,347.29998779296875,354.0,37.731802064970665,45.385184174394375,7.65338210942371,62.93024760269666,2024-02-16,85.71677255110005,2024-01-31,357.1766048598633
1400,MAXIND,Max India Limited,2024-02-23,2024-02-26,189.35000610351562,189.0,37.93010631467555,43.1242208047239,5.194114490048349,61.88315511725723,2024-02-16,75.69188772511174,2024-01-31,197.40600619248963
1694,PFS,PTC India Financial Services Limited,2024-02-23,2024-02-26,46.04999923706055,47.29999923706055,37.41889323100827,43.569831748750495,6.150938517742226,67.26837735043077,2024-02-16,88.19677177522622,2024-01-31,48.80158623507184
1797,RADICO,Radico Khaitan Limited,2024-02-23,2024-02-26,1615.98095703125,1621.2026668524095,39.072009846527706,40.0917965824364,1.0197867359086956,75.95356323384745,2024-02-16,73.02053336700865,2024-01-31,1671.7115746024717
1927,SAKAR,Sakar Healthcare Limited,2024-02-23,2024-02-26,389.8500061035156,395.70001220703125,39.795860160522935,41.81183662651698,2.0159764659940436,60.13239791051931,2024-02-16,78.86074552827564,2024-01-31,403.4483675502641
1011,IMPAL,India Motor Parts and Accessories Limited,2024-02-28,2024-02-29,958.7179565429688,969.4210724617881,39.864787486692954,42.58693293809579,2.722145451402838,60.47188618540476,2024-02-23,78.45742777946069,2024-01-31,1000.2595689105735
2148,STCINDIA,The State Trading Corporation of India Limited,2024-02-28,2024-02-29,155.75,155.89999389648438,38.769157725074365,41.467029202649556,2.697871477575191,65.3435543247542,2024-02-23,72.00336921866447,2024-01-31,166.15719315447433
456,CHAMBLFERT,Chambal Fertilizers & Chemicals Limited,2024-02-29,2024-03-01,333.8984680175781,336.70435311176783,39.47213436172976,43.6761881625933,4.204053800863541,68.32874970778133,2024-02-23,63.096997218289694,2024-01-31,343.4099288491853
659,ELECON,Elecon Engineering Company Limited,2024-02-29,2024-03-01,496.8574523925781,495.2461198877184,37.29346229772006,49.087930278228654,11.794467980508593,62.98316489865579,2024-02-23,82.43955342655579,2024-01-31,499.34522404443294
839,GOODLUCK,Goodluck India Limited,2024-02-29,2024-03-01,320.7797546386719,323.98387043818235,38.573282155120395,41.50823067803479,2.9349485229143966,65.86755463293616,2024-02-23,84.87295790681273,2024-01-31,332.4397520478172
901,HATHWAY,Hathway Cable & Datacom Limited,2024-02-29,2024-03-01,22.75,22.899999618530273,38.42724704132512,40.77474275758248,2.347495716257363,65.21266686012281,2024-02-23,60.931738954826415,2024-01-31,23.906982667569807
1138,JPPOWER,Jaiprakash Power Ventures Limited,2024-02-29,2024-03-01,18.200000762939453,18.600000381469727,39.0978127226538,44.92596831981891,5.828155597165107,66.09035209397416,2024-02-23,83.54764924746176,2024-01-31,19.263890459966593
1375,MANINFRA,Man Infraconstruction Limited,2024-02-29,2024-03-01,210.97354125976562,211.36678243310817,36.62694669850345,45.78801823071526,9.161071532211807,66.99123124100868,2024-02-23,87.0370190121658,2024-01-31,215.60651922968265
1549,NFL,National Fertilizers Limited,2024-02-29,2024-03-01,96.54241943359375,98.11380889372022,38.155371057723535,41.18160120363637,3.026230145912834,60.73769782718035,2024-02-23,75.65933875880862,2024-01-31,102.15573644501089
1691,PFC,Power Finance Corporation Limited,2024-02-29,2024-03-01,364.32891845703125,365.0563401385502,35.7651168830934,42.43226187472496,6.6671449916315595,69.52695260473821,2024-02-23,95.01866622035186,2024-01-31,378.6304770005003
1706,PILITA,PIL ITALICA LIFESTYLE LIMITED,2024-02-29,2024-03-01,14.550000190734863,14.850000381469727,39.762344915609056,45.98171807523914,6.219373159630081,64.32822256081697,2024-02-23,65.52828304955393,2024-01-31,15.018621349204755
1833,RECLTD,REC Limited,2024-02-29,2024-03-01,391.8439636230469,395.6556021808405,36.60620151487119,43.43187326427801,6.825671749406823,73.0655323900561,2024-02-23,96.51162210335413,2024-01-31,408.23066553878766
1897,RTNPOWER,RattanIndia Power Limited,2024-02-29,2024-03-01,10.050000190734863,10.050000190734863,38.83458974809447,45.31639991502127,6.481810166926799,62.46271582644219,2024-02-23,77.67168015211618,2024-01-31,10.370495027458578
7,3PLAND,3P Land Holdings Limited,2024-03-01,2024-03-04,33.04999923706055,33.5,39.76167620738822,44.76450223785752,5.002826030469301,62.23801829210408,2024-02-23,65.42341080784027,2024-02-29,34.17052286635557
798,GIPCL,Gujarat Industries Power Company Limited,2024-03-01,2024-03-04,181.8126220703125,185.22852425997107,38.9119935921614,44.440426551714985,5.528432959553584,65.65298560580594,2024-02-23,68.62099902294392,2024-02-29,188.31545866361444
1042,INDRAMEDCO,Indraprastha Medical Corporation Limited,2024-03-01,2024-03-04,181.38783264160156,178.39496534645542,39.86185652873585,46.39321040250563,6.531353873769781,60.46220736013524,2024-02-23,67.26666022176701,2024-02-29,184.94872689914058
1402,MAZDA,Mazda Limited,2024-03-01,2024-03-04,277.50128173828125,278.4671375442762,38.92164362738462,47.74310640539522,8.821462778010599,60.99083888996905,2024-02-23,70.67042014193085,2024-02-29,280.0443022834547
1585,NRAIL,N R Agarwal Industries Limited,2024-03-01,2024-03-04,443.36749267578125,448.7425790085589,37.84983086923299,46.28409733345895,8.434266464225963,61.17405802514772,2024-02-23,60.3657924325197,2024-02-29,450.8201069254939
1687,PENINLAND,Peninsula Land Limited,2024-03-01,2024-03-04,57.400001525878906,59.150001525878906,39.558767588514954,43.30841878811902,3.7496511996040667,66.4172089340694,2024-02-23,76.95212607545552,2024-02-29,59.71497802813833
2043,SHREDIGCEM,Shree Digvijay Cement Co.Ltd,2024-03-01,2024-03-04,101.809326171875,103.43905138257516,34.47187080833615,43.545742338401645,9.073871530065496,64.0574326481092,2024-02-23,65.11218064941056,2024-02-29,104.27642833279525
2148,STCINDIA,The State Trading Corporation of India Limited,2024-03-01,2024-03-04,156.9499969482422,156.39999389648438,39.62179517197005,43.55184275200555,3.930047580035499,65.3435543247542,2024-02-23,64.44618311411443,2024-02-29,164.24106894969628
2267,TECHNOE,Techno Electric & Engineering Company Limited,2024-03-01,2024-03-04,717.9896240234375,742.1337373696426,36.86590040994084,41.54233056088059,4.676430150939751,62.32209467832974,2024-02-23,70.9386901867803,2024-02-29,753.992813168925
2505,WELCORP,Welspun Corp Limited,2024-03-01,2024-03-04,524.3946533203125,533.4325986140152,35.418191487079795,44.16758209315445,8.749390606074655,64.00902383605518,2024-02-23,71.95503781544105,2024-02-29,541.0750082127621
838,GOLDTECH,AION-TECH SOLUTIONS LIMITED,2024-03-04,2024-03-05,148.39999389648438,151.9499969482422,39.96918925828414,42.40638426232473,2.437195004040589,60.14991907063338,2024-03-01,70.75541245411945,2024-02-29,153.24423716824106
1375,MANINFRA,Man Infraconstruction Limited,2024-03-05,2024-03-06,206.15634155273438,206.45126131135035,38.31101830829942,44.049234573952184,5.738216265652767,66.26142469712096,2024-03-01,76.05613525367926,2024-02-29,213.24864601733086
1049,INFY,Infosys Limited,2024-03-06,2024-03-07,1490.642333984375,1489.7667940250446,38.72099667254637,41.743082937377245,3.0220862648308753,63.69253200315845,2024-03-01,63.27465624630662,2024-02-29,1525.2139215592313
1241,KPITTECH,KPIT Technologies Limited,2024-03-06,2024-03-07,1476.4456787109375,1489.8246700642617,38.23524675296927,40.43662803272683,2.2013812797575625,60.14803350276487,2024-03-01,91.4591941586062,2024-02-29,1540.8325227629464
1347,MAGNUM,Magnum Ventures Limited,2024-03-06,2024-03-07,57.099998474121094,57.95000076293945,36.561041009893444,42.46708733398293,5.906046324089488,60.286995318341106,2024-03-01,72.70630689610894,2024-02-29,61.004627161290564
196,ARVIND,Arvind Limited,2024-03-07,2024-03-11,268.5287170410156,264.2803038274041,37.90512722222466,41.91121228079682,4.006085058572161,64.09002597461087,2024-03-01,76.22129089928777,2024-02-29,277.9937059602577
285,BALAXI,BALAXI PHARMACEUTICALS LIMITED,2024-03-07,2024-03-11,107.72000122070312,109.72000122070312,39.774660562372496,45.91930575739109,6.144645195018597,68.77018593675245,2024-03-01,61.8738610694328,2024-02-29,112.94895975819462
355,BIRLACORPN,Birla Corporation Limited,2024-03-07,2024-03-11,1499.67919921875,1506.9286530261356,39.56102090888026,41.8682948835544,2.307273974674139,69.2959283830873,2024-03-01,72.18018136962067,2024-02-29,1580.4592351283134
624,DREDGECORP,Dredging Corporation of India Limited,2024-03-07,2024-03-11,710.75,739.0,36.70497181943837,45.176645340892875,8.471673521454505,61.63650819889098,2024-03-01,68.38029694723255,2024-02-29,732.8978824822269
911,HCC,Hindustan Construction Company Limited,2024-03-07,2024-03-11,37.48671340942383,37.630706787109375,38.7734465137816,40.76795697830705,1.9945104645254474,66.32505596260538,2024-03-01,71.73781919789697,2024-02-29,40.783390223957554
1056,INOXWIND,Inox Wind Limited,2024-03-07,2024-03-11,130.9250030517578,130.9250030517578,39.644657182386865,45.15409813308483,5.5094409506979645,78.49727173155618,2024-03-01,86.97963634001769,2024-02-29,138.96063758242954
1060,INTENTECH,Intense Technologies Limited,2024-03-07,2024-03-11,122.17581939697266,122.22510532055789,38.7586076241915,43.4877016398852,4.729094015693704,60.53106753667786,2024-03-01,68.45698159969211,2024-02-29,127.58914550758197
1094,IZMO,IZMO Limited,2024-03-07,2024-03-11,267.1499938964844,271.0,34.55587603517307,41.34125079131379,6.785374756140719,64.13445966986225,2024-03-01,78.38584102509287,2024-02-29,286.1401447772334
1132,JMA,Jullundur Motor Agency (Delhi) Limited,2024-03-07,2024-03-11,101.83171844482422,103.87485715222418,39.798889153039205,45.128185986767825,5.32929683372862,65.06834133918727,2024-03-01,74.14929209933668,2024-02-29,107.60304131786623
1340,MACPOWER,Macpower CNC Machines Limited,2024-03-07,2024-03-11,852.5623168945312,895.1904296875,38.39303558229431,43.331882281795494,4.938846699501184,68.96924485380777,2024-03-01,79.68193060934543,2024-02-29,883.9099358729167
1683,PDMJEPAPER,Pudumjee Paper Products Limited,2024-03-07,2024-03-11,65.3857192993164,65.58251390482931,39.535901503114346,45.2955375333416,5.759636030227256,63.40570248905359,2024-03-01,65.82874623339352,2024-02-29,68.03022391121594
1687,PENINLAND,Peninsula Land Limited,2024-03-07,2024-03-11,55.45000076293945,55.45000076293945,33.56459944762527,41.3332513317456,7.768651884120331,62.57582134739591,2024-03-01,76.95212607545552,2024-02-29,58.290877077332574
1739,POWERMECH,Power Mech Projects Limited,2024-03-07,2024-03-11,2481.343505859375,2498.7059591125044,39.634774421428766,43.79808131560432,4.163306894175555,68.63816237217486,2024-03-01,75.34618645374756,2024-02-29,2550.494574088382
1945,SANGAMIND,Sangam (India) Limited,2024-03-07,2024-03-11,461.1585693359375,459.2347850469016,36.832816221819414,42.697966413338214,5.865150191518801,60.79931328443668,2024-03-01,71.18329036807245,2024-02-29,481.46891292404865
28,ABBOTINDIA,Abbott India Limited,2024-03-13,2024-03-14,26031.609375,26282.45442990001,39.49115320038224,46.17682850697246,6.68567530659022,62.374401763882865,2024-03-07,74.16612955444216,2024-02-29,26390.399641898748
39,ACC,ACC Limited,2024-03-14,2024-03-15,2450.905517578125,2450.9055912147182,32.641292739669424,42.39039769299938,9.749104953329955,68.97809055647923,2024-03-07,66.2264332177244,2024-02-29,2553.432612280143
40,ACCELYA,Accelya Solutions India Limited,2024-03-14,2024-03-15,1518.3543701171875,1530.3351726621615,31.30962863361958,41.117652831652094,9.808024198032513,62.453516106535346,2024-03-07,68.97007013967789,2024-02-29,1605.4345755265322
51,ADANIENT,Adani Enterprises Limited,2024-03-14,2024-03-15,3083.33544921875,3106.8539369956297,28.724742428111327,44.35730500207069,15.632562573959362,65.02249518398546,2024-03-07,63.48668036577257,2024-02-29,3178.493952162976
52,ADANIGREEN,Adani Green Energy Limited,2024-03-14,2024-03-15,1895.300048828125,1902.0,37.20661976027513,52.552746526952305,15.346126766677173,75.53610523121543,2024-03-07,60.17579972074918,2024-02-29,1880.1100030663156
53,ADANIPORTS,Adani Ports and Special Economic Zone Limited,2024-03-14,2024-03-15,1251.048828125,1256.920010854003,35.81978390502714,47.91918028531715,12.09939638029001,79.55686854037977,2024-03-07,77.9758658204699,2024-02-29,1272.8610938697161
54,ADANIPOWER,Adani Power Limited,2024-03-14,2024-03-15,107.56999969482422,107.22000122070312,38.29300162307742,42.938368102196,4.645366479118579,71.75172202489763,2024-03-07,74.00046550324467,2024-02-29,111.12364378072444
100,AJMERA,Ajmera Realty & Infra India Limited,2024-03-14,2024-03-15,136.42018127441406,134.3716659919789,34.803547440953,51.70735228800257,16.90380484704957,80.82177267170853,2024-03-07,82.65149690795953,2024-02-29,136.01660686110256
137,AMBUJACEM,Ambuja Cements Limited,2024-03-14,2024-03-15,575.7291870117188,577.0635658101122,39.26728583676368,49.21715742119271,9.949871584429026,72.93618183790323,2024-03-07,70.30015405321397,2024-02-29,581.7844662128479
169,APOLLOTYRE,Apollo Tyres Limited,2024-03-14,2024-03-15,485.4075927734375,484.00706529267507,38.36420310245776,43.95341479857921,5.589211696121453,64.75887202005862,2024-03-07,75.13945709132192,2024-02-29,498.9827988223857
176,ARCHIES,Archies Limited,2024-03-14,2024-03-15,31.899999618530273,31.899999618530273,38.75483053139523,40.75423846134668,1.9994079299514524,63.08604508560237,2024-03-07,69.53931140338089,2024-02-29,34.97410593733879
182,ARIES,Aries Agro Limited,2024-03-14,2024-03-15,256.66119384765625,256.1147802190918,38.72222361678116,45.134852618971564,6.412629002190407,70.53521973210304,2024-03-07,74.89781854724865,2024-02-29,273.27636150572766
185,ARIHANTSUP,Arihant Superstructures Limited,2024-03-14,2024-03-15,320.24481201171875,309.8198366954023,23.78812910105934,45.436028763472834,21.647899662413494,60.508601482785565,2024-03-07,71.47868562553093,2024-02-29,332.2796686607003
222,ASTERDM,Aster DM Quality Care Limited,2024-03-14,2024-03-15,321.0557861328125,321.0935509621149,34.214787713869384,41.00721514515852,6.792427431289134,66.88470196260161,2024-03-07,85.74050252819396,2024-02-29,336.0291198931536
294,BANCOINDIA,Banco Products (I) Limited,2024-03-14,2024-03-15,279.5260925292969,279.526119694947,18.93177232691312,40.29460351739054,21.362831190477422,63.72319376920909,2024-03-07,81.79390787561614,2024-02-29,299.63972808000426
299,BANKINDIA,Bank of India,2024-03-14,2024-03-15,119.14112091064453,119.5065853706367,39.95167133869535,42.48248737759435,2.5308160388990046,67.82059852781424,2024-03-07,67.82322349962875,2024-02-29,125.61447265908141
309,BBTC,The Bombay Burmah Trading Corporation Limited,2024-03-14,2024-03-15,1595.9775390625,1569.2978215178819,36.9396199981795,45.14831760228899,8.208697604109489,70.05859229327218,2024-03-07,72.16987590133158,2024-02-29,1654.6974645043085
315,BDL,Bharat Dynamics Limited,2024-03-14,2024-03-15,818.2081298828125,819.1703994556589,35.97245031908457,42.820385867167595,6.847935548083022,69.70510792141337,2024-03-07,81.87670004236205,2024-02-29,862.3808344642667
403,BSOFT,BIRLASOFT LIMITED,2024-03-14,2024-03-15,733.4527587890625,728.9388187383499,33.66205064892725,45.47270755065192,11.81065690172467,66.52537980963481,2024-03-07,74.49711876747284,2024-02-29,749.4765229666407
443,CENTRALBK,Central Bank of India,2024-03-14,2024-03-15,58.40812301635742,57.733445485806804,35.25499921989737,47.67749312723908,12.42249390734171,73.71748249802405,2024-03-07,74.63045676462129,2024-02-29,60.081544676219494
445,CENTUM,Centum Electronics Limited,2024-03-14,2024-03-15,1634.016845703125,1635.3587049280138,33.411380418053795,47.40976828237579,13.998387864321998,63.82972076510341,2024-03-07,75.82006523719637,2024-02-29,1691.5350428562365
463,CHENNPETRO,Chennai Petroleum Corporation Limited,2024-03-14,2024-03-15,766.94482421875,756.986896121196,34.61666740798273,46.043894159403216,11.427226751420484,70.75633133128065,2024-03-07,90.28105658963844,2024-02-29,797.4618196764003
485,COCHINSHIP,Cochin Shipyard Limited,2024-03-14,2024-03-15,793.9539794921875,794.6448997346175,30.07004764727644,45.04966305063566,14.979615403359219,75.571693925918,2024-03-07,82.67977405609004,2024-02-29,827.1320337878433
503,CORDSCABLE,Cords Cable Industries Limited,2024-03-14,2024-03-15,150.9739532470703,150.23170917709163,36.83720489284896,40.560402268877105,3.7231973760281463,68.24153331417413,2024-03-07,86.4388527612363,2024-02-29,166.06915759174163
548,DBL,Dilip Buildcon Limited,2024-03-14,2024-03-15,408.4828186035156,407.13811904156904,37.141882875772225,44.9916601849691,7.849777309196874,64.03380248167679,2024-03-07,63.227208194353004,2024-02-29,427.38450762429005
552,DCAL,Dishman Carbogen Amcis Limited,2024-03-14,2024-03-15,220.5,216.39999389648438,39.67618251069422,48.18583355505985,8.509651044365633,75.79676020483436,2024-03-07,68.95939501579554,2024-02-29,228.97084236217145
584,DHANBANK,Dhanlaxmi Bank Limited,2024-03-14,2024-03-15,42.5,42.900001525878906,37.5542222266797,42.593140157099,5.038917930419302,65.79464341435047,2024-03-07,71.97871321883156,2024-02-29,45.52649545405453
618,DPABHUSHAN,D. P. Abhushan Limited,2024-03-14,2024-03-15,748.5999755859375,770.0,38.97008558668393,49.80697806305083,10.836892476366899,69.38574914827612,2024-03-07,77.48142562021582,2024-02-29,754.4842439167061
628,DSSL,Dynacons Systems & Solutions Limited,2024-03-14,2024-03-15,768.378662109375,783.9091300992948,38.662464425438486,47.108534307259205,8.44606988182072,68.6035894892888,2024-03-07,72.05142809781077,2024-02-29,801.6088592412592
634,DYNAMATECH,Dynamatic Technologies Limited,2024-03-14,2024-03-15,6646.62109375,6646.6207467370805,38.91243197164181,45.947650163752186,7.035218192110378,76.35173439486545,2024-03-07,89.25448396662988,2024-02-29,6935.30041572024
651,EIHAHOTELS,EIH Associated Hotels Limited,2024-03-14,2024-03-15,319.4802551269531,320.8840808978721,38.20399953908299,42.42972622150464,4.225726682421644,74.53116389128073,2024-03-07,74.90284702110038,2024-02-29,342.73756116290537
683,ENGINERSIN,Engineers India Limited,2024-03-14,2024-03-15,188.32012939453125,188.3681841631983,35.1283755606531,40.59040676037913,5.4620311997260345,66.05451913220728,2024-03-07,72.05456314377685,2024-02-29,206.22424525392069
684,ENIL,Entertainment Network (India) Limited,2024-03-14,2024-03-15,269.85601806640625,269.8560401595667,38.91545446127083,41.553821024655335,2.6383665633845013,76.09976585653648,2024-03-07,77.45422944065952,2024-02-29,297.6108874176702
754,FSL,Firstsource Solutions Limited,2024-03-14,2024-03-15,188.0156707763672,185.83790077389466,32.90091668586051,47.14453458436786,14.243617898507352,63.04719810577271,2024-03-07,73.5387400533088,2024-02-29,190.9943510200339
758,GAIL,GAIL (India) Limited,2024-03-14,2024-03-15,163.6113739013672,164.07592026956212,39.56610024479263,47.58226156789834,8.016161323105713,83.67857820692336,2024-03-07,83.0233537089811,2024-02-29,167.37032251039122
761,GALLANTT,Gallantt Ispat Limited,2024-03-14,2024-03-15,192.2662353515625,192.26622104032097,37.521864074603165,41.877204085102655,4.355340010499489,76.35645725180711,2024-03-07,84.8996024913201,2024-02-29,206.4213225133373
779,GEECEE,GeeCee Ventures Limited,2024-03-14,2024-03-15,254.85946655273438,261.1926367317814,35.447863116580265,40.24883216334235,4.800969046762084,72.15886662542245,2024-03-07,74.54481929686962,2024-02-29,272.31033409385805
788,GESHIP,The Great Eastern Shipping Company Limited,2024-03-14,2024-03-15,897.7855224609375,900.1006267932606,38.97948206267505,50.8947608552216,11.915278792546552,67.37988019936563,2024-03-07,80.31503456545902,2024-02-29,894.2313621881831
794,GICRE,General Insurance Corporation of India,2024-03-14,2024-03-15,320.6778564453125,318.6858017221093,34.00358442800285,40.71731393941941,6.71372951141656,63.83752886191147,2024-03-07,80.14167794570392,2024-02-29,353.5084725324821
844,GPPL,Gujarat Pipavav Port Limited,2024-03-14,2024-03-15,167.44186401367188,166.89705023813272,38.94912834554352,45.353169248673254,6.404040903129733,76.5639255959786,2024-03-07,84.24196145435864,2024-02-29,176.78494819998218
846,GPTINFRA,GPT Infraprojects Limited,2024-03-14,2024-03-15,78.26299285888672,78.31046699036997,30.107685217590912,43.971758607178046,13.864073389587134,65.75229180101763,2024-03-07,85.63926637939444,2024-02-29,83.28393261617504
858,GREENPLY,Greenply Industries Limited,2024-03-14,2024-03-15,227.73785400390625,227.7378581407731,37.02032679265183,40.37942372124277,3.3590969285909438,66.9736381961583,2024-03-07,71.69091596657688,2024-02-29,246.31035502197855
883,GULFPETRO,GP Petroleums Limited,2024-03-14,2024-03-15,63.93694305419922,63.93694305419922,38.499976858942425,44.33270024149426,5.832723382551833,68.94595440267645,2024-03-07,62.736931875136264,2024-02-29,69.88856605244958
925,HEMIPROP,Hemisphere Properties India Limited,2024-03-14,2024-03-15,187.4499969482422,187.0,30.321306874376248,41.5986882674836,11.277381393107355,68.50308581534829,2024-03-07,73.29334911059979,2024-02-29,204.24472853175428
933,HFCL,HFCL Limited,2024-03-14,2024-03-15,90.4083251953125,89.71018537363629,31.194705521877253,40.01088819794095,8.816182676063697,62.67777691084947,2024-03-07,71.38121234165752,2024-02-29,100.53312537429109
946,HINDCOPPER,Hindustan Copper Limited,2024-03-14,2024-03-15,260.1842956542969,259.4910046017785,35.75795008200036,49.25394484051636,13.495994758515998,68.23998345160676,2024-03-07,73.3601640536169,2024-02-29,262.37236446527623
970,HPL,HPL Electric & Power Limited,2024-03-14,2024-03-15,302.2999267578125,300.85542024519464,37.844364033721114,43.672165348511285,5.827801314790172,64.36294927252882,2024-03-07,86.41949556230047,2024-02-29,321.9777002045775
975,HUDCO,Housing & Urban Development Corporation Limited,2024-03-14,2024-03-15,167.38674926757812,162.24136938901077,36.686021616076076,46.96225639751487,10.276234781438795,82.31599455159295,2024-03-07,87.3279795532274,2024-02-29,174.79078953373352
2648,IBREALEST,IBREALEST,2024-03-14,2024-03-15,106.1500015258789,106.05000305175781,37.86618735191475,44.864242415617795,6.998055063703042,63.91025076691994,2024-03-07,61.584058998441044,2024-02-29,112.53828589213879
988,IDBI,IDBI Bank Limited,2024-03-14,2024-03-15,76.7030258178711,76.51041684821651,33.64318480201031,40.52141856533529,6.878233763324978,68.93914873583262,2024-03-07,73.45345700789596,2024-02-29,81.77122315936094
1010,IMFA,Indian Metals & Ferro Alloys Limited,2024-03-14,2024-03-15,528.341552734375,524.7900687594445,31.292262348394914,41.660433811567664,10.36817146317275,70.23808494971263,2024-03-07,71.67984598059206,2024-02-29,560.4123899166945
1015,INDBANK,Indbank Merchant Banking Services Limited,2024-03-14,2024-03-15,44.79999923706055,45.45000076293945,36.863677838796136,45.378151285810986,8.51447344701485,65.73210013438108,2024-03-07,67.94425992765531,2024-02-29,47.80591100332821
1037,INDOTECH,Indo Tech Transformers Limited,2024-03-14,2024-03-15,886.0,852.0,37.29892580397969,41.52837456822996,4.2294487642502645,73.55410157472357,2024-03-07,89.16194482370392,2024-02-29,983.0980506705612
1065,IOB,Indian Overseas Bank,2024-03-14,2024-03-15,61.04999923706055,61.0,39.80345625900629,47.57760889265633,7.77415263365004,75.0784419489385,2024-03-07,78.57822903450617,2024-02-29,63.342897616047814
1069,IPCALAB,IPCA Laboratories Limited,2024-03-14,2024-03-15,1174.13623046875,1174.1361733460883,37.84178139569135,50.67345571715137,12.83167432146002,64.76780357010625,2024-03-07,68.17129941480624,2024-02-29,1174.5866075974157
1072,IRB,IRB Infrastructure Developers Limited,2024-03-14,2024-03-15,27.541955947875977,27.541959373673304,28.81063894389797,41.50106207542755,12.690423131529577,72.61059669831133,2024-03-07,81.60690928929561,2024-02-29,29.832643580188204
1073,IRCON,Ircon International Limited,2024-03-14,2024-03-15,202.48712158203125,200.933254832746,30.469809266067074,45.450396109630304,14.98058684356323,69.72481966228257,2024-03-07,89.47099808708606,2024-02-29,211.52813603646558
1074,IRCTC,Indian Railway Catering And Tourism Corporation Limited,2024-03-14,2024-03-15,874.3760375976562,874.6192311242509,36.20661449645187,41.941790297231606,5.735175800779736,67.37405505785932,2024-03-07,69.62506973871092,2024-02-29,903.417723250769
1095,J&KBANK,The Jammu & Kashmir Bank Limited,2024-03-14,2024-03-15,123.52806854248047,123.52806725932388,32.955578308947466,42.31168566402615,9.356107355078684,69.9947128940876,2024-03-07,88.14048432794095,2024-02-29,131.71407498776873
1102,JAMNAAUTO,Jamna Auto Industries Limited,2024-03-14,2024-03-15,111.42081451416016,111.5650766666437,38.58911968056289,45.8150181714864,7.225898490923512,66.74903529431253,2024-03-07,64.3286303968865,2024-02-29,116.02932956170638
1110,JBMA,JBM Auto Limited,2024-03-14,2024-03-15,931.4005737304688,936.0656455074404,30.221215081043326,42.963216425213176,12.74200134416985,62.437362697468956,2024-03-07,84.20172925341802,2024-02-29,987.3661983289913
1126,JKIL,J.Kumar Infraprojects Limited,2024-03-14,2024-03-15,594.1417236328125,591.4724751982184,30.100609145232397,44.2683909512515,14.1677818060191,72.85275225608412,2024-03-07,83.27766578490628,2024-02-29,623.273535137792
1144,JSWENERGY,JSW Energy Limited,2024-03-14,2024-03-15,471.80853271484375,475.91463677370047,36.403276536978616,43.247757338333464,6.844480801354848,68.59990219053361,2024-03-07,71.16555820243812,2024-02-29,492.12765694614274
1148,JTEKTINDIA,Jtekt India Limited,2024-03-14,2024-03-15,153.3812713623047,150.4221488132539,37.82234364122695,51.02535901802746,13.203015376800508,60.713605984703,2024-03-07,60.273763206920556,2024-02-29,151.77150502721864
1172,KAMDHENU,Kamdhenu Limited,2024-03-14,2024-03-15,54.28169631958008,54.29651283006635,39.92141407137368,45.61141215695214,5.689998085578459,74.72954664870178,2024-03-07,83.0309684759971,2024-02-29,57.166954273325786
1182,KARURVYSYA,Karur Vysya Bank Limited,2024-03-14,2024-03-15,145.34556579589844,144.21131894124272,35.43854924137659,48.96513621482013,13.526586973443536,60.808693996790375,2024-03-07,77.60756247987962,2024-02-29,146.03598008405064
1193,KEI,KEI Industries Limited,2024-03-14,2024-03-15,3087.67919921875,3093.8595312465636,37.39060572670515,42.92883945557347,5.53823372886832,66.2710653584406,2024-03-07,80.18036648322168,2024-02-29,3229.6387786551622
1194,KELLTONTEC,Kellton Tech Solutions Limited,2024-03-14,2024-03-15,21.43000030517578,21.440000534057617,38.022536017700595,50.32410587534663,12.301569857646037,65.36879931300732,2024-03-07,69.73851888242693,2024-02-29,21.508601845279145
1197,KESORAMIND,Kesoram Industries Limited,2024-03-14,2024-03-15,163.10000610351562,160.5500030517578,36.2113330393221,41.97617905587848,5.764846016556383,67.21438424498757,2024-03-07,80.658694920696,2024-02-29,166.66362328401942
1198,KEYFINSERV,Keynote Financial Services Limited,2024-03-14,2024-03-15,150.2244415283203,150.7701716377248,34.91797790671876,44.55552353646179,9.63754562974303,66.85856646575674,2024-03-07,74.10306491593482,2024-02-29,160.29160515323235
1213,KIRLOSENG,Kirloskar Oil Engines Limited,2024-03-14,2024-03-15,777.912109375,770.5751302867686,33.85503281263681,41.54306206296804,7.688029250331233,68.91843729787391,2024-03-07,92.8724888031595,2024-02-29,824.4926479563375
1214,KIRLOSIND,Kirloskar Industries Limited,2024-03-14,2024-03-15,3935.703369140625,3905.0780713500967,36.99032714963969,44.59042752375634,7.60010037411665,69.7964678633905,2024-03-07,80.34477733079137,2024-02-29,4060.839606470104
1330,LTTS,L&T Technology Services Limited,2024-03-14,2024-03-15,5085.27490234375,5092.135353198071,34.9328687654415,44.85109297165041,9.918224206208912,62.17787049468151,2024-03-07,65.03628626044532,2024-02-29,5141.745887516367
1348,MAHABANK,Bank of Maharashtra,2024-03-14,2024-03-15,53.671566009521484,53.39537923291706,38.320628705031325,48.50316866087018,10.182539955838855,79.12012096648512,2024-03-07,78.9442405193495,2024-02-29,54.7361416578932
1356,MAHSEAMLES,Maharashtra Seamless Limited,2024-03-14,2024-03-15,871.7190551757812,871.7190965347058,28.374553843800967,45.022788856084844,16.648235012283877,64.89224982322222,2024-03-07,74.09332934964934,2024-02-29,901.2530504044629
1364,MANAKCOAT,Manaksia Coated Metals & Industries Limited,2024-03-14,2024-03-15,31.565475463867188,32.2147665255785,36.65138116239542,40.70750927969641,4.056128117300993,62.08815524010167,2024-03-07,73.07343386659562,2024-02-29,35.48376294619725
1479,MRF,MRF Limited,2024-03-14,2024-03-15,139633.75,139831.08487411117,37.78247526505696,41.53429173548622,3.7518164704292616,70.77330506892163,2024-03-07,83.3365107538452,2024-02-29,143367.43517494624
1480,MRPL,Mangalore Refinery and Petrochemicals Limited,2024-03-14,2024-03-15,201.5896453857422,201.20179701345194,37.5933062979408,46.44041107147111,8.847104773530312,83.18220155342149,2024-03-07,89.27539680480967,2024-02-29,213.36746856883747
1483,MSTCLTD,Mstc Limited,2024-03-14,2024-03-15,775.4164428710938,778.5610352778325,33.22963063962888,43.962612341488686,10.732981701859806,68.13154997213168,2024-03-07,74.76836161578666,2024-02-29,822.7896753143634
1493,MUKTAARTS,Mukta Arts Limited,2024-03-14,2024-03-15,79.30000305175781,78.9000015258789,37.91890059837467,41.98324832661409,4.064347728239419,61.63714953824961,2024-03-07,70.65877494781381,2024-02-29,83.6212945546372
1511,NAM-INDIA,Nippon Life India Asset Management Limited,2024-03-14,2024-03-15,444.2716979980469,446.6223138830208,31.177349427306353,42.24059113248979,11.063241705183437,64.11487231890355,2024-03-07,77.37384279016071,2024-02-29,467.30631557874483
1516,NATIONALUM,National Aluminium Company Limited,2024-03-14,2024-03-15,128.6232452392578,128.48682385116976,35.55212915089692,40.94989113690946,5.39776198601254,84.92166942689025,2024-03-07,80.34972905747365,2024-02-29,139.41810660503901
1525,NBCC,NBCC (India) Limited,2024-03-14,2024-03-15,76.01093292236328,75.25800729070185,34.08314487920721,40.06773184066016,5.984586961452948,63.167530681462054,2024-03-07,86.49825404942143,2024-02-29,83.57250169260318
1527,NCC,NCC Limited,2024-03-14,2024-03-15,232.16505432128906,226.59696935917404,38.60561436749481,52.24119637087186,13.635582003377053,81.70282419460624,2024-03-07,84.0522639472862,2024-02-29,230.3221697191072
1541,NESCO,Nesco Limited,2024-03-14,2024-03-15,794.529052734375,788.3424716608928,29.536641955893742,41.32102358522554,11.784381629331797,60.928774750841846,2024-03-07,67.2729162105635,2024-02-29,832.6880753120685
1547,NEWGEN,Newgen Software Technologies Limited,2024-03-14,2024-03-15,717.3259887695312,727.4235808497095,38.41417535483784,41.317460609156775,2.903285254318938,64.71580398232189,2024-03-07,92.7596410009814,2024-02-29,770.0079499562844
1553,NHPC,NHPC Limited,2024-03-14,2024-03-15,80.8335189819336,80.83351867551218,35.97732166249234,46.666119257014344,10.688797594522,74.54523642832078,2024-03-07,86.02434926677103,2024-02-29,83.78054145386812
1554,NIACL,The New India Assurance Company Limited,2024-03-14,2024-03-15,229.1345977783203,229.57345295222464,35.16370554312219,42.685045428261894,7.521339885139703,64.21753567969955,2024-03-07,71.10851102024628,2024-02-29,249.04302615291294
1608,OLECTRA,Olectra Greentech Limited,2024-03-14,2024-03-15,1789.94580078125,1724.1771012497766,28.054160184457828,45.281190008057216,17.227029823599388,72.99725658434504,2024-03-07,86.79938605628199,2024-02-29,1871.637424506003
1610,OMAXE,Omaxe Limited,2024-03-14,2024-03-15,89.25,88.4000015258789,30.99539542982862,40.82516131852918,9.829765888700564,60.14513326771882,2024-03-07,60.609058249511534,2024-02-29,98.09714363778644
1676,PATINTLOG,Patel Integrated Logistics Limited,2024-03-14,2024-03-15,20.93792152404785,21.23076021531049,35.104969088233005,42.41735271702225,7.312383628789242,63.791929333288316,2024-03-07,68.80229670413289,2024-02-29,23.221776450845176
1683,PDMJEPAPER,Pudumjee Paper Products Limited,2024-03-14,2024-03-15,59.973812103271484,60.51499284203373,29.87304550631025,41.45195534651376,11.578909840203515,60.88750497797144,2024-03-07,65.82874623339352,2024-02-29,64.98012206220888
1685,PEARLPOLY,Pearl Polymers Limited,2024-03-14,2024-03-15,32.70000076293945,32.70000076293945,30.386628716591545,45.030345789880606,14.64371707328906,60.99425955533395,2024-03-07,71.96889765794307,2024-02-29,35.112832307847064
1719,PNBGILTS,PNB Gilts Limited,2024-03-14,2024-03-15,106.91582489013672,106.57220854754225,38.40978668394138,48.64699439601679,10.23720771207541,63.77944621745981,2024-03-07,77.43279968556217,2024-02-29,108.32570102165107
1721,PNC,Pritish Nandy Communications Limited,2024-03-14,2024-03-15,57.04999923706055,57.04999923706055,33.78660567284332,45.86586344710645,12.079257774263127,71.24066242368453,2024-03-07,71.00559978008711,2024-02-29,60.05547268482641
1722,PNCINFRA,PNC Infratech Limited,2024-03-14,2024-03-15,400.4105529785156,400.4105620637608,39.31582468191383,43.3661552321928,4.0503305502789715,69.66068524037223,2024-03-07,65.42486525532183,2024-02-29,423.1087606064845
1739,POWERMECH,Power Mech Projects Limited,2024-03-14,2024-03-15,2382.93896484375,2382.938938802896,30.37821674511291,40.23846598406142,9.860249238948512,63.20500911673883,2024-03-07,75.34618645374756,2024-02-29,2493.9976179348814
1761,PRIMESECU,Prime Securities Limited,2024-03-14,2024-03-15,169.49925231933594,170.68664393643502,35.206852772693864,41.87877419091101,6.671921418217146,62.41798528687028,2024-03-07,75.80986265597198,2024-02-29,178.19769341929498
1774,PSB,Punjab & Sind Bank,2024-03-14,2024-03-15,58.82627868652344,59.315680083373785,38.220042961315144,47.266959251883705,9.04691629056856,75.93461133697923,2024-03-07,77.82791045768113,2024-02-29,61.08210076291706
1863,RITES,RITES Limited,2024-03-14,2024-03-15,302.9674072265625,303.4842706058813,30.095416975606142,40.759303947422886,10.663886971816744,70.12320021021354,2024-03-07,85.47954311387622,2024-02-29,336.4656384371023
1930,SAKUMA,Sakuma Exports Limited,2024-03-14,2024-03-15,4.883416652679443,4.883416644343846,32.54335241063309,47.127251995009615,14.583899584376525,64.9565521344288,2024-03-07,69.5487935551998,2024-02-29,5.035819992713984
1943,SANDHAR,Sandhar Technologies Limited,2024-03-14,2024-03-15,499.4393310546875,494.0100932111127,36.26179234357785,50.754818805752656,14.493026462174804,63.050685095551785,2024-03-07,74.8105758800092,2024-02-29,497.81123019463587
1959,SASKEN,Sasken Technologies Limited,2024-03-14,2024-03-15,1444.0189208984375,1433.006987528705,32.7065380423427,42.24977875575736,9.543240713414662,65.39124075533297,2024-03-07,77.59750011341752,2024-02-29,1539.669586326729
2039,SHK,S H Kelkar and Company Limited,2024-03-14,2024-03-15,182.7783660888672,182.38360213742715,33.819846678429286,44.30833042338,10.488483744950713,70.80308052252485,2024-03-07,65.85223581056528,2024-02-29,193.66145222049693
2042,SHRADHA,Shradha Realty Limited,2024-03-14,2024-03-15,24.84709358215332,26.16709327173307,30.810477691450217,45.21543997554358,14.404962284093365,68.61530351708507,2024-03-07,67.48599526789366,2024-02-29,25.980575824635483
2089,SJVN,SJVN Limited,2024-03-14,2024-03-15,113.85094451904297,112.07577939832703,34.39323176488293,50.28574901976507,15.892517254882144,69.23494677667645,2024-03-07,85.15943437700994,2024-02-29,113.71742535351447
2144,STARCEMENT,Star Cement Limited,2024-03-14,2024-03-15,201.1233673095703,198.3954329011461,38.843182214869636,50.96398568506765,12.120803470198013,71.22352364101695,2024-03-07,88.43749422429075,2024-02-29,201.60617727186127
2152,STEL,Stel Holdings Limited,2024-03-14,2024-03-15,323.3500061035156,323.3500061035156,36.26710809961003,51.80043092197258,15.53332282236255,70.99572712095281,2024-03-07,82.32895963014664,2024-02-29,320.18089161942606
2231,TAJGVK,Taj GVK Hotels & Resorts Limited,2024-03-14,2024-03-15,326.91949462890625,329.84192482308373,38.88566002756932,47.443242333548184,8.557582305978862,70.89739731559736,2024-03-07,77.01568613571021,2024-02-29,340.76213419464904
2262,TDPOWERSYS,TD Power Systems Limited,2024-03-14,2024-03-15,134.42337036132812,134.1749840602815,39.93296778364843,42.71713197757774,2.784164193929314,64.3460844843092,2024-03-07,78.79295936032437,2024-02-29,143.24676317620927
2289,THEMISMED,Themis Medicare Limited,2024-03-14,2024-03-15,218.5056915283203,221.7825420086252,37.94871339314428,43.437007819690244,5.488294426545963,66.14695749811713,2024-03-07,74.36477001405751,2024-02-29,230.07541292498058
2300,TIL,TIL Limited,2024-03-14,2024-03-15,525.7999877929688,515.2999877929688,14.362999892380614,51.57339033873683,37.210390446356215,76.28746812129559,2024-03-07,80.63760860576454,2024-02-29,503.41663317615325
2360,UCOBANK,UCO Bank,2024-03-14,2024-03-15,51.13313293457031,51.08485240112643,37.44990815928965,46.8250838158719,9.37517565658225,76.09197019821087,2024-03-07,77.53725086768247,2024-02-29,53.38895250751945
2398,UTIAMC,UTI Asset Management Company Limited,2024-03-14,2024-03-15,760.1919555664062,761.171233502476,29.226446020047774,42.314555445268134,13.08810942522036,60.19217576739765,2024-03-07,60.44584443154882,2024-02-29,787.3750537885674
2404,VADILALIND,Vadilal Industries Limited,2024-03-14,2024-03-15,3383.61767578125,3412.8279605635967,39.82717206233859,49.86752141845959,10.040349356120998,66.91248904315805,2024-03-07,71.62516244561675,2024-02-29,3423.7574428333155
2421,VEDL,Vedanta Limited,2024-03-14,2024-03-15,220.91287231445312,220.9128757845659,36.011425687366994,43.116236007009704,7.104810319642709,67.94957077773977,2024-03-07,60.225592756822756,2024-02-29,229.285370827697
2430,VERTOZ,Vertoz Limited,2024-03-14,2024-03-15,375.2044982910156,393.2352608967817,39.895881397208726,47.07246788064899,7.176586483440268,76.55544988664289,2024-03-07,91.07489579419224,2024-02-29,388.41487663612054
2489,VTL,Vardhman Textiles Limited,2024-03-14,2024-03-15,418.0495910644531,417.6084308683182,37.178467744088856,49.154684720149845,11.97621697606099,64.5176086972628,2024-03-07,63.36253448354061,2024-02-29,421.1353606887116
2494,WABAG,VA Tech Wabag Limited,2024-03-14,2024-03-15,708.3942260742188,706.951456338024,38.922084130485636,49.93935476149153,11.017270631005893,71.0614621770307,2024-03-07,79.13897932349514,2024-02-29,713.1197504399528
2496,WALCHANNAG,Walchandnagar Industries Limited,2024-03-14,2024-03-15,200.4499969482422,197.3000030517578,36.34552677026646,41.79073461445423,5.44520784418777,62.8242063482214,2024-03-07,86.59214938353826,2024-02-29,218.35859901735324
2523,WONDERLA,Wonderla Holidays Limited,2024-03-14,2024-03-15,872.592041015625,870.6623610920057,34.64318700335332,44.12205456826687,9.47886756491355,63.0915153596024,2024-03-07,78.00285074335676,2024-02-29,907.2937649950079
2528,XCHANGING,Xchanging Solutions Limited,2024-03-14,2024-03-15,109.0882568359375,110.2365571044148,31.658897656132197,43.33589671883188,11.676999062699686,66.33941887310328,2024-03-07,79.22363528271113,2024-02-29,118.0828817145229
91,AHLEAST,Asian Hotels (East) Limited,2024-03-15,2024-03-18,144.23846435546875,144.23845914477732,39.14060370561079,42.03619585132317,2.895592145712378,60.70877058222813,2024-03-07,64.13762992042149,2024-02-29,153.7954989462799
158,ANUP,The Anup Engineering Limited,2024-03-15,2024-03-18,1324.8133544921875,1397.5150232698666,35.26350884742057,46.25015015395836,10.986641306537791,61.54069273086946,2024-03-07,77.03835085350244,2024-02-29,1345.3966547549546
160,APARINDS,Apar Industries Limited,2024-03-15,2024-03-18,6018.01318359375,6003.340498229563,35.10759297085943,50.888350937649165,15.780757966789736,62.09861356450957,2024-03-07,89.7194063061583,2024-02-29,6002.0667731453395
165,APLLTD,Alembic Pharmaceuticals Limited,2024-03-15,2024-03-18,912.3309326171875,917.1010510242012,38.79503308530729,43.12668834310024,4.331655257792953,70.92991635352541,2024-03-07,71.49238577061978,2024-02-29,950.1527400261259
224,ASTRAMICRO,Astra Microwave Products Limited,2024-03-15,2024-03-18,565.1237182617188,567.7618389278531,38.83326400277713,40.38080225204382,1.5475382492666938,63.873983583281,2024-03-07,78.39601004154613,2024-02-29,599.7560702296846
307,BBL,Bharat Bijlee Limited,2024-03-15,2024-03-18,2498.3603515625,2474.990892976568,39.76408712866432,42.54150179055459,2.777414661890269,69.81889022319135,2024-03-07,86.59793426455015,2024-02-29,2638.348496380721
425,CARERATING,CARE Ratings Limited,2024-03-15,2024-03-18,1045.1353759765625,1050.398845236849,39.28597170027998,41.64669017869582,2.3607184784158406,69.49365628945866,2024-03-07,85.3657843629527,2024-02-29,1085.26434322025
517,CREST,Crest Ventures Limited,2024-03-15,2024-03-18,407.4547119140625,410.8786787959621,36.45223618835752,44.09059622880004,7.638360040442521,66.80733210906048,2024-03-07,82.26331731658071,2024-02-29,425.2049856391874
624,DREDGECORP,Dredging Corporation of India Limited,2024-03-15,2024-03-18,666.2999877929688,672.0,38.62964849687363,40.64661749516024,2.0169689982866146,61.270971549161004,2024-03-07,68.38029694723255,2024-02-29,706.2252301651506
660,ELECTCAST,Electrosteel Castings Limited,2024-03-15,2024-03-18,150.8336639404297,153.30553625047162,36.460446898015434,45.348280716909684,8.88783381889425,73.1155018899297,2024-03-07,81.45566248935486,2024-02-29,156.55015618972084
832,GODREJPROP,Godrej Properties Limited,2024-03-15,2024-03-18,2207.5791015625,2209.3207778412257,35.37425930804869,40.281947468041324,4.907688159992631,72.57036483131644,2024-03-07,70.37065137825351,2024-02-29,2329.6633659427007
1086,ITDC,India Tourism Development Corporation Limited,2024-03-15,2024-03-18,617.5601196289062,595.0583152795299,39.12131537377746,40.12092606291898,0.9996106891415195,64.91939258502597,2024-03-07,80.17155939475563,2024-02-29,689.4291311668593
1258,KSB,Ksb Limited,2024-03-15,2024-03-18,714.9954223632812,729.488979380889,38.25364887193201,45.61929798289194,7.365649110959936,64.59521801368217,2024-03-07,87.73537467402278,2024-02-29,734.4324383090795
1297,LEMONTREE,Lemon Tree Hotels Limited,2024-03-15,2024-03-18,129.0500030517578,129.5500030517578,37.382648377978725,40.16825865721915,2.785610279240423,68.05508142657598,2024-03-07,77.10926432723636,2024-02-29,135.75131902766844
1374,MANINDS,Man Industries (India) Limited,2024-03-15,2024-03-18,356.0,364.8999938964844,39.512260243744066,41.28441928036386,1.7721590366197972,65.21349650605802,2024-03-07,80.78399138097913,2024-02-29,379.72751379273177
1651,PAISALO,Paisalo Digital Limited,2024-03-15,2024-03-18,67.51460266113281,70.2032387163386,39.40621465475962,44.775819448729095,5.369604793969472,90.48178109010867,2024-03-07,83.09249813372503,2024-02-29,75.45201552970946
1692,PFIZER,Pfizer Limited,2024-03-15,2024-03-18,4159.98193359375,4163.688775343683,36.425869598048244,45.65855115210979,9.232681554061543,60.74434177704454,2024-03-07,60.53139124400249,2024-02-29,4223.803023542748
1698,PGIL,Pearl Global Industries Limited,2024-03-15,2024-03-18,596.3753051757812,598.8303329456062,38.59458998113041,42.89322307596793,4.29863309483752,60.44108504289563,2024-03-07,77.13750857614951,2024-02-29,617.6146298440087
1931,SALASAR,Salasar Techno Engineering Limited,2024-03-15,2024-03-18,21.5,22.25,38.49893212648223,42.6455039230667,4.1465717965844675,62.895635714113034,2024-03-07,85.22598898067194,2024-02-29,23.190445965118382
2174,SUMMITSEC,Summit Securities Limited,2024-03-15,2024-03-18,1236.9000244140625,1244.0,32.21383507589432,43.67799300224559,11.46415792635127,65.06845474308895,2024-03-07,72.08895142179482,2024-02-29,1289.1972010021068
2502,WEBELSOLAR,Websol Energy System Limited,2024-03-15,2024-03-18,34.435001373291016,34.70000076293945,37.08740467312551,40.93967900582013,3.85227433269462,69.46195243551479,2024-03-07,89.78677636143286,2024-02-29,37.61471708551216
607,DLF,DLF Limited,2024-03-18,2024-03-19,815.2251586914062,809.1323322741943,39.61009826324944,43.3743635185289,3.7642652552794615,63.83400213503445,2024-03-15,86.77238214016968,2024-02-29,845.3188452608401
1058,INSPIRISYS,Inspirisys Solutions Limited,2024-03-18,2024-03-19,110.30000305175781,110.30000305175781,38.09889505235079,61.313951160839885,23.215056108489094,60.46573081854174,2024-03-15,65.83179514863646,2024-02-29,107.5340756309091
2177,SUNDARMFIN,Sundaram Finance Limited,2024-03-18,2024-03-19,3777.569580078125,3806.5136681013173,38.20607577791372,42.489671444756475,4.283595666842757,60.016595207903755,2024-03-15,85.1399874987727,2024-02-29,3907.500815363667
2353,TVSMOTOR,TVS Motor Company Limited,2024-03-19,2024-03-20,2026.28564453125,2040.0302130980144,38.29462459816517,40.75322389055969,2.458599292394517,60.31791395804861,2024-03-15,90.13141832510078,2024-02-29,2113.298188260444
390,BPCL,Bharat Petroleum Corporation Limited,2024-03-20,2024-03-21,252.6844024658203,255.96193931477185,37.59883337040579,40.824304061181714,3.2254706907759214,69.51496174483671,2024-03-15,80.56911565503557,2024-02-29,267.5823667927111
1066,IOC,Indian Oil Corporation Limited,2024-03-20,2024-03-21,141.20742797851562,143.6612763100482,37.97147176111345,41.23705657114382,3.2655848100303686,64.54495818760338,2024-03-15,87.57275334308069,2024-02-29,149.80193508463304
1373,MANGLMCEM,Mangalam Cement Limited,2024-03-20,2024-03-21,641.1336669921875,642.6255635212008,38.889498952852406,40.791956075758186,1.9024571229057798,61.58362172522613,2024-03-15,73.81278276346266,2024-02-29,689.1534428182132
1689,PERSISTENT,Persistent Systems Limited,2024-03-20,2024-03-21,3940.7451171875,3966.598226353008,39.42343109883208,40.268544072091174,0.8451129732590914,74.8877483265377,2024-03-15,83.26015115779178,2024-02-29,4088.458827351732
1736,POWERGRID,Power Grid Corporation of India Limited,2024-03-20,2024-03-21,247.66786193847656,250.61571937054396,38.08439914594037,43.277594533373,5.193195387432631,64.58912064372586,2024-03-15,87.08932325432764,2024-02-29,256.5026706238283
39,ACC,ACC Limited,2024-03-21,2024-03-22,2408.19921875,2408.3965341832586,37.248641640138615,41.643216792733746,4.394575152595131,60.26908753574732,2024-03-15,66.2264332177244,2024-02-29,2496.5018224100654
54,ADANIPOWER,Adani Power Limited,2024-03-21,2024-03-22,104.8499984741211,105.76000213623047,35.248089375402046,40.491376911806015,5.243287536403969,61.2805834176139,2024-03-15,74.00046550324467,2024-02-29,108.64588175604311
403,BSOFT,BIRLASOFT LIMITED,2024-03-21,2024-03-22,709.6829223632812,696.3334438832858,36.7875928510438,42.985446979548,6.197854128504204,62.74675012540067,2024-03-15,74.49711876747284,2024-02-29,731.6468643018197
517,CREST,Crest Ventures Limited,2024-03-21,2024-03-22,393.1136474609375,397.976703913484,39.96021419222262,40.68984896278139,0.7296347705587678,61.15067469938631,2024-03-15,82.26331731658071,2024-02-29,415.58753321071407
530,CUPID,Cupid Limited,2024-03-21,2024-03-22,20.06800079345703,21.070999145507812,37.032149751877824,42.15690991884353,5.124760166965707,67.95402896196288,2024-03-15,97.32945701193654,2024-02-29,21.99017323274079
948,HINDPETRO,Hindustan Petroleum Corporation Limited,2024-03-21,2024-03-22,280.7386169433594,281.7486563656994,37.68782034933071,44.06353421372339,6.3757138643926865,61.10966369370322,2024-03-15,81.05666735573462,2024-02-29,292.49894818764216
1021,INDIANB,Indian Bank,2024-03-21,2024-03-22,459.66497802734375,459.33816318913637,35.90729021679344,44.67179763063782,8.764507413844377,61.53210278935883,2024-03-15,78.27859194239184,2024-02-29,475.13302475347535
1072,IRB,IRB Infrastructure Developers Limited,2024-03-21,2024-03-22,28.968238830566406,29.435465360901883,39.00494205833155,49.69760470451099,10.692662646179436,64.25718671719419,2024-03-15,81.60690928929561,2024-02-29,28.949889877436668
1172,KAMDHENU,Kamdhenu Limited,2024-03-21,2024-03-22,51.659706115722656,51.70908338321324,37.065048433706835,43.04231173346645,5.977263299759613,63.66321467526879,2024-03-15,83.0309684759971,2024-02-29,55.06763549644642
1197,KESORAMIND,Kesoram Industries Limited,2024-03-21,2024-03-22,166.5500030517578,167.5,39.95208231867046,51.948531579344,11.996449260673536,66.03835446980005,2024-03-15,80.658694920696,2024-02-29,165.1345033557718
1356,MAHSEAMLES,Maharashtra Seamless Limited,2024-03-21,2024-03-22,828.0289916992188,837.7648414061525,38.289317522031396,41.69559696488775,3.406279442856352,62.66372866637567,2024-03-15,74.09332934964934,2024-02-29,876.9303112840158
1483,MSTCLTD,Mstc Limited,2024-03-21,2024-03-22,779.5635986328125,778.1052139011799,39.99163796009915,46.31563652086875,6.323998560769603,61.31824661054786,2024-03-15,74.76836161578666,2024-02-29,799.9701218545107
1591,NTPC,NTPC Limited,2024-03-21,2024-03-22,309.8243103027344,309.34761114318707,36.60871756983637,46.640712960658256,10.031995390821884,61.57559398163024,2024-03-15,88.73351937771619,2024-02-29,314.25363087186867
1608,OLECTRA,Olectra Greentech Limited,2024-03-21,2024-03-22,1771.1546630859375,1768.1561359019609,39.665554272436694,46.39154232274697,6.725988050310278,62.007652990172154,2024-03-15,86.79938605628199,2024-02-29,1816.6411472002274
1833,RECLTD,REC Limited,2024-03-21,2024-03-22,399.11260986328125,397.0738210148079,37.99988610661105,48.293808228468855,10.293922121857804,64.55635389994038,2024-03-15,82.16282560897108,2024-02-29,402.7225858982703
1982,SEAMECLTD,Seamec Limited,2024-03-21,2024-03-22,1072.885498046875,1095.7085649267747,39.132059678304586,43.85369969236574,4.721640014061151,61.07462843164174,2024-03-15,62.0492410540877,2024-02-29,1096.6576391055037
2247,TATACONSUM,TATA CONSUMER PRODUCTS LIMITED,2024-03-21,2024-03-22,1108.5205078125,1108.5204407971041,39.549843673386796,41.94691722177769,2.3970735483908925,72.44474370169061,2024-03-15,80.23810738394477,2024-02-29,1148.741968855421
2319,TORNTPHARM,Torrent Pharmaceuticals Limited,2024-03-21,2024-03-22,2502.341064453125,2502.3410124813827,39.777624639064626,44.70951278253854,4.931888143473913,74.25640440844464,2024-03-15,82.17700490468398,2024-02-29,2551.5021522956845
1846,REMSONSIND,Remsons Industries Limited,2024-03-22,2024-03-26,171.77059936523438,163.581602206412,39.87466886573888,40.914698159077886,1.0400292933390034,64.6802609844589,2024-03-15,92.86868829908096,2024-02-29,180.616607593993
54,ADANIPOWER,Adani Power Limited,2024-03-28,2024-04-01,106.76000213623047,109.54000091552734,38.60931018123496,47.29926330130618,8.689953120071223,61.38879312774395,2024-03-22,74.00046550324467,2024-02-29,107.5480826591484
584,DHANBANK,Dhanlaxmi Bank Limited,2024-03-28,2024-04-01,41.25,42.5,38.68054870598227,41.72582014500321,3.0452714390209437,61.01682637517103,2024-03-22,71.97871321883156,2024-02-29,43.80497637189082
625,DRREDDY,Dr. Reddy's Laboratories Limited,2024-03-28,2024-04-01,1208.9471435546875,1220.1572688364215,38.83559672208148,46.67161620600223,7.836019483920744,61.077161744665375,2024-03-22,72.20481091787002,2024-02-29,1220.3093579590297
1110,JBMA,JBM Auto Limited,2024-03-28,2024-04-01,900.1668090820312,910.0708490820044,37.63571492377251,40.919852682378256,3.2841377586057448,60.760893827857096,2024-03-22,84.20172925341802,2024-02-29,947.006808137723
1570,NITCO,Nitco Limited,2024-03-28,2024-04-01,55.95000076293945,58.70000076293945,36.11429260816356,44.41010790636343,8.29581529819987,72.42587023819968,2024-03-22,81.31463112553718,2024-02-29,58.53606829294252
2,21STCENMGM,21st Century Management Services Limited,2024-04-02,2024-04-03,41.83567810058594,42.65882873535156,38.34060317892397,43.263948673866494,4.923345494942524,60.86791200579445,2024-03-28,61.95576455106719,2024-03-28,42.907567801024946
1689,PERSISTENT,Persistent Systems Limited,2024-04-09,2024-04-10,3897.040771484375,3900.0934344360344,38.5620829340212,42.89456601075193,4.332483076730732,62.51473101689461,2024-04-05,74.02465724676259,2024-03-28,3979.070808054887
1608,OLECTRA,Olectra Greentech Limited,2024-04-16,2024-04-18,1767.056640625,1775.8523665069524,39.66743276660706,42.782590981293986,3.1151582146869288,61.757755399737064,2024-04-12,82.20990067374603,2024-03-28,1839.2420255463276
983,ICICIBANK,ICICI Bank Limited,2024-04-19,2024-04-22,1041.26025390625,1052.5290536408547,39.554593992616944,45.30191040969195,5.747316417075005,70.5741642014849,2024-04-12,71.09218394258681,2024-03-28,1053.928059333896
1689,PERSISTENT,Persistent Systems Limited,2024-04-19,2024-04-22,3825.9814453125,3823.321917836816,36.29868350308931,40.27500317453797,3.976319671448664,61.46438276575909,2024-04-12,74.02465724676259,2024-03-28,3921.5151355496732
1333,LUPIN,Lupin Limited,2024-04-22,2024-04-23,1575.3582763671875,1573.7375148044196,37.31498210875487,50.38935296823788,13.074370859483011,62.57690626610559,2024-04-19,80.65658505410548,2024-03-28,1574.45920947454
2183,SUNPHARMA,Sun Pharmaceutical Industries Limited,2024-04-22,2024-04-23,1507.260986328125,1528.6939518525062,37.23179223232256,43.05756446047627,5.82577222815371,63.75733443381816,2024-04-19,81.67921177598217,2024-03-28,1532.7304979732598
2183,SUNPHARMA,Sun Pharmaceutical Industries Limited,2024-04-25,2024-04-26,1487.7364501953125,1498.3548806813476,32.95775707607706,42.87836523759399,9.920608161516931,63.75733443381816,2024-04-19,81.67921177598217,2024-03-28,1516.1484832095948
1604,OFSS,Oracle Financial Services Software Limited,2024-04-30,2024-05-02,6833.09228515625,6847.795431156072,37.66076828524522,42.34066461499418,4.6798963297489635,61.009904002572675,2024-04-26,90.85592930561945,2024-03-28,7047.66059650967
137,AMBUJACEM,Ambuja Cements Limited,2024-05-08,2024-05-09,587.6895141601562,589.122773128079,39.91578219646244,40.24854320356411,0.33276100710167356,67.21041765639856,2024-05-03,71.27620134545639,2024-04-30,608.4293916966627
882,GULFOILLUB,Gulf Oil Lubricants India Limited,2024-05-08,2024-05-09,894.2684936523438,896.2227357067243,38.242568704044196,44.462184719436756,6.21961601539256,64.29863381106432,2024-05-03,77.93315859753594,2024-04-30,927.2180807010361
2648,IBREALEST,IBREALEST,2024-05-08,2024-05-09,121.5,121.5,39.4327437436237,42.06552476544401,2.632781021820307,61.8333123266129,2024-05-03,64.44976323000333,2024-04-30,128.769823402746
1263,KSL,Kalyani Steels Limited,2024-05-08,2024-05-09,816.2026977539062,818.5192198041245,38.1422024263811,45.15345724087543,7.011254814494336,61.16943770205244,2024-05-03,80.07193832285546,2024-04-30,839.1978937311889
1480,MRPL,Mangalore Refinery and Petrochemicals Limited,2024-05-08,2024-05-09,215.01927185058594,215.2616652892606,38.61606103469816,43.520043868375275,4.903982833677112,73.48911851167364,2024-05-03,87.12347986573549,2024-04-30,226.6562408247835
1718,PNB,Punjab National Bank,2024-05-08,2024-05-09,116.48252868652344,117.55587930856038,37.96487746272968,41.978166607174295,4.013289144444613,69.10810802419988,2024-05-03,82.93374065175855,2024-04-30,122.37904487844038
1702,PIDILITIND,Pidilite Industries Limited,2024-05-09,2024-05-10,1391.8858642578125,1405.9156120839011,38.37141837993474,40.99702414589661,2.625605765961872,61.69229772535715,2024-05-03,67.22541306471621,2024-04-30,1437.0248452244589
53,ADANIPORTS,Adani Ports and Special Economic Zone Limited,2024-05-10,2024-05-13,1249.96337890625,1250.210105298724,33.17253347546824,40.065033758089,6.892500282620759,67.57416193449933,2024-05-03,76.96418730238949,2024-04-30,1287.2904025399596
208,ASHOKA,Ashoka Buildcon Limited,2024-05-10,2024-05-13,166.25,165.9499969482422,39.0774207472659,44.16135138445863,5.083930637192729,61.63783768541312,2024-05-03,67.7283478391262,2024-04-30,170.43021292240132
224,ASTRAMICRO,Astra Microwave Products Limited,2024-05-10,2024-05-13,695.78955078125,695.7397090930006,39.842466112069545,59.381877844751926,19.53941173268238,63.96306801252583,2024-05-03,79.64788494958667,2024-04-30,667.2201179811543
323,BEML,BEML Limited,2024-05-10,2024-05-13,1584.108642578125,1652.8755379512313,39.93391146181499,40.46713843614478,0.5332269743297857,65.21182578837298,2024-05-03,72.18504498923221,2024-04-30,1669.207195199744
882,GULFOILLUB,Gulf Oil Lubricants India Limited,2024-05-10,2024-05-13,873.97998046875,877.0977523438615,39.83801235109376,42.28181029290851,2.4437979418147506,64.29863381106432,2024-05-03,77.93315859753594,2024-04-30,916.9593048956135
2648,IBREALEST,IBREALEST,2024-05-10,2024-05-13,121.55000305175781,121.1500015258789,39.0645651657966,43.47510814059866,4.4105429748020555,61.8333123266129,2024-05-03,64.44976323000333,2024-04-30,127.24820168893812
1066,IOC,Indian Oil Corporation Limited,2024-05-10,2024-05-13,141.83204650878906,142.6351398166274,38.474023549043686,41.34682520592455,2.872801656880867,66.49595852237604,2024-05-03,87.980514884025,2024-04-30,148.64446346003842
1144,JSWENERGY,JSW Energy Limited,2024-05-10,2024-05-13,564.2210693359375,564.22100038572,35.99129305145124,46.74884072825715,10.757547676805913,75.17532979724022,2024-05-03,77.73296225267241,2024-04-30,582.667361358208
1243,KPRMILL,K.P.R. Mill Limited,2024-05-10,2024-05-13,791.5838623046875,789.8558781412086,36.73463330447505,41.77407917478081,5.039445870305762,61.16720110105421,2024-05-03,69.434713034978,2024-04-30,820.4250616712166
1699,PHOENIXLTD,The Phoenix Mills Limited,2024-05-10,2024-05-13,1424.6416015625,1423.8192357394082,39.92178484737783,42.28284427782075,2.3610594304429213,66.52612657719132,2024-05-03,89.44241402343944,2024-04-30,1490.89232250029
1718,PNB,Punjab National Bank,2024-05-10,2024-05-13,115.64250946044922,115.6425139852608,39.091253732658,41.93132270602784,2.8400689733698457,69.10810802419988,2024-05-03,82.93374065175855,2024-04-30,121.07490489302036
1797,RADICO,Radico Khaitan Limited,2024-05-10,2024-05-13,1630.701171875,1617.2242078677396,35.84455633292448,41.353526623090964,5.508970290166481,65.93296189264356,2024-05-03,72.04843312988604,2024-04-30,1695.9731323919495
1834,REDINGTON,Redington Limited,2024-05-10,2024-05-13,193.1712188720703,192.52002525887283,33.18818108587574,42.13219301985004,8.944011933974302,67.38036855233419,2024-05-03,70.74481996385548,2024-04-30,198.73856121497403
2319,TORNTPHARM,Torrent Pharmaceuticals Limited,2024-05-10,2024-05-13,2546.9140625,2556.513984356515,39.61319585909783,48.086911551530704,8.473715692432876,74.38604978953137,2024-05-03,79.04296882305913,2024-04-30,2568.843421335968
2546,ZENTEC,Zen Technologies Limited,2024-05-10,2024-05-13,931.7899169921875,963.9584546337404,36.360137457905,43.152869933157476,6.792732475252478,70.09172726091724,2024-05-03,86.49676432631236,2024-04-30,989.9739383048488
42,ACE,Action Construction Equipment Limited,2024-05-14,2024-05-15,1373.787841796875,1383.2526408683532,38.72929941904196,43.29735807245734,4.568058653415385,61.72846476980696,2024-05-10,92.18834369700002,2024-04-30,1433.541706814115
1893,RSSOFTWARE,R. S. Software (India) Limited,2024-05-14,2024-05-15,233.69845581054688,238.3434600830078,39.30419215023802,42.922036761657964,3.6178446114199403,69.53706024210167,2024-05-10,93.49272039308642,2024-04-30,247.38095414047285
2320,TORNTPOWER,Torrent Power Limited,2024-05-14,2024-05-15,1318.5546875,1326.5544337940692,35.8525114437401,43.17197583741673,7.319464393676633,60.924143726885866,2024-05-10,88.56612418359573,2024-04-30,1370.2261415205794
2078,SIMPLEXINF,Simplex Infrastructures Limited,2024-05-24,2024-05-27,124.5999984741211,123.80000305175781,38.73836930289531,46.209592900575714,7.471223597680407,64.67934542423858,2024-05-17,74.64896747260637,2024-04-30,128.69652877934584
198,ARVSMART,Arvind SmartSpaces Limited,2024-05-29,2024-05-30,641.4182739257812,641.6154040891824,39.71525193265198,44.855996580463064,5.140744647811083,61.22758951201874,2024-05-24,87.49410012030181,2024-04-30,662.4388069206126
748,FORCEMOT,FORCE MOTORS LTD,2024-05-29,2024-05-30,8243.1376953125,8361.493226340532,38.174381442833486,41.834235243305734,3.6598538004722485,72.3478127491693,2024-05-24,90.59729386409971,2024-04-30,8685.211254814903
645,EDELWEISS,Edelweiss Financial Services Limited,2024-05-31,2024-06-03,69.99897766113281,72.19406406165793,34.341394849084324,41.42569782105899,7.084302971974665,61.558204633226474,2024-05-24,65.84606428931873,2024-04-30,75.2725356192801
2029,SHILPAMED,Shilpa Medicare Limited,2024-05-31,2024-06-03,242.50616455078125,248.69865572956405,37.49669980865813,44.899137901476564,7.402438092818436,66.75578754832242,2024-05-24,66.5014947808956,2024-04-30,248.53625711824378
2502,WEBELSOLAR,Websol Energy System Limited,2024-06-03,2024-06-04,58.380001068115234,60.0,39.22191579298302,45.628032702154066,6.406116909171047,60.36941493843492,2024-05-31,76.58677558005775,2024-05-31,60.713355443330755
29,ABCAPITAL,Aditya Birla Capital Limited,2024-06-05,2024-06-06,215.5500030517578,217.39999389648438,38.84114927960312,47.04189145245363,8.20074217285051,64.299035745774,2024-05-31,69.80862879211585,2024-05-31,220.73392538420893
42,ACE,Action Construction Equipment Limited,2024-06-05,2024-06-06,1345.9913330078125,1381.4096542286902,35.950241875190144,44.041205301590345,8.0909634264002,62.42260314414155,2024-05-31,84.7710223497512,2024-05-31,1413.8658982659626
137,AMBUJACEM,Ambuja Cements Limited,2024-06-05,2024-06-06,591.9893798828125,600.9843479663301,36.23245816828308,46.2321499298322,9.999691761549116,63.9849435426167,2024-05-31,72.30074276856679,2024-05-31,611.308986908243
143,ANANTRAJ,Anant Raj Limited,2024-06-05,2024-06-06,353.5783996582031,357.51146941541,36.79027327894152,45.338631962072746,8.548358683131227,71.1450535473453,2024-05-31,83.67822339866908,2024-05-31,368.5825109476254
158,ANUP,The Anup Engineering Limited,2024-06-05,2024-06-06,1707.1141357421875,1737.5712194552984,36.45907742008462,49.828001456618495,13.368924036533876,63.262643903186785,2024-05-31,79.7221256813664,2024-05-31,1710.4410256325314
331,BFUTILITIE,BF Utilities Limited,2024-06-05,2024-06-06,804.0499877929688,811.7999877929688,37.060776019695645,41.34667959068459,4.285903570988943,60.73989330075352,2024-05-31,70.88009912223306,2024-05-31,878.9680620801365
419,CAPACITE,Capacit'e Infraprojects Limited,2024-06-05,2024-06-06,298.25,300.0,38.67982258525984,50.28407842485788,11.60425583959804,60.97341995952654,2024-05-31,72.73799875724424,2024-05-31,298.88593877743943
449,CESC,CESC Limited,2024-06-05,2024-06-06,123.2208480834961,124.98696115896045,38.74870435719898,43.862609584515496,5.113905227316515,64.8312372064804,2024-05-31,75.58154623604023,2024-05-31,129.39235019006514
496,CONCOR,Container Corporation of India Limited,2024-06-05,2024-06-06,960.9456787109375,981.0208567173399,39.86354081103697,45.06464899958519,5.201108188548218,64.34317044571941,2024-05-31,71.35835074269428,2024-05-31,1014.4838280319112
529,CUMMINSIND,Cummins India Limited,2024-06-05,2024-06-06,3290.5908203125,3339.3580309179656,38.838136094253514,45.86283421095934,7.024698116705828,76.13729600752697,2024-05-31,89.18310679138891,2024-05-31,3432.861949500295
614,DOLLAR,Dollar Industries Limited,2024-06-05,2024-06-06,521.7868041992188,523.1035402994758,36.412178517438285,42.35099717958823,5.9388186621499415,60.601303172369455,2024-05-31,68.07567968128859,2024-05-31,550.0311004159705
628,DSSL,Dynacons Systems & Solutions Limited,2024-06-05,2024-06-06,1109.797119140625,1168.5228682026066,39.04407137793412,42.56452989003337,3.5204585120992533,63.181657139043786,2024-05-31,75.80480984166562,2024-05-31,1196.513172951921
787,GEOJITFSL,Geojit Financial Services Limited,2024-06-05,2024-06-06,87.84991455078125,88.46824917618517,32.19381789765501,44.410859409538524,12.217041511883515,63.77781202498371,2024-05-31,68.46946603738229,2024-05-31,92.9716901990825
916,HDFCAMC,HDFC Asset Management Company Limited,2024-06-05,2024-06-06,1748.614990234375,1769.190345320862,38.857980299071606,47.45841433589732,8.60043403682571,65.7559316236521,2024-05-31,77.69159863384866,2024-05-31,1790.5777072248818
2648,IBREALEST,IBREALEST,2024-06-05,2024-06-06,126.80000305175781,127.75,38.3524182993297,48.28858766434739,9.93616936501769,61.378358162999056,2024-05-31,64.6236587475776,2024-05-31,129.12427337400325
983,ICICIBANK,ICICI Bank Limited,2024-06-05,2024-06-06,1081.6519775390625,1090.7742746935958,39.78358806514118,48.39441784525181,8.610829780110627,62.696770797859145,2024-05-31,70.05544913582322,2024-05-31,1090.6387791337734
1046,INDUSTOWER,Indus Towers Limited,2024-06-05,2024-06-06,320.6331787109375,322.84972797673635,36.64300076855507,48.36477435302612,11.721773584471052,74.46292237317397,2024-05-31,73.69845633609083,2024-05-31,326.5072732949274
1182,KARURVYSYA,Karur Vysya Bank Limited,2024-06-05,2024-06-06,157.2146453857422,158.02483094086287,31.643841788967038,50.41205399523272,18.76821220626568,62.54205158620084,2024-05-31,76.51122570291065,2024-05-31,157.11116788870095
1204,KICL,Kalyani Investment Company Limited,2024-06-05,2024-06-06,4082.0087890625,4100.025292780619,39.50743178567054,41.30732291368612,1.799891128015581,65.81400629147532,2024-05-31,79.28079275775762,2024-05-31,4307.212783395474
1308,LIKHITHA,Likhitha Infrastructure Limited,2024-06-05,2024-06-06,323.41229248046875,333.7742280991985,39.69010206231354,44.00096035481944,4.310858292505898,61.523466603315676,2024-05-31,65.42209319562704,2024-05-31,340.1205931322365
1332,LUMAXTECH,Lumax Auto Technologies Limited,2024-06-05,2024-06-06,460.0076904296875,460.2530076394695,39.29063727259514,47.092371673705735,7.801734401110593,66.3939405518818,2024-05-31,79.4902150979317,2024-05-31,466.6164582455923
1373,MANGLMCEM,Mangalam Cement Limited,2024-06-05,2024-06-06,800.1240234375,810.6172957477643,37.15591894798705,41.413434162598364,4.257515214611317,64.68721687835978,2024-05-31,78.25067217388458,2024-05-31,852.7647856573436
1391,MARUTI,Maruti Suzuki India Limited,2024-06-05,2024-06-06,12131.1611328125,12139.844576239091,39.08145462287932,48.11898341977578,9.03752879689646,60.93374556750825,2024-05-31,70.78228975437126,2024-05-31,12218.967178278841
1449,MMFL,MM Forgings Limited,2024-06-05,2024-06-06,545.7025146484375,549.8876740808399,39.14180345691271,48.959514023920704,9.817710567007992,71.80651921273412,2024-05-31,67.02998738756791,2024-05-31,557.0883679401177
1516,NATIONALUM,National Aluminium Company Limited,2024-06-05,2024-06-06,160.17662048339844,161.5860640162264,32.522522775888845,45.14705128604105,12.624528510152203,69.14421811654759,2024-05-31,84.07351284379298,2024-05-31,168.72131883819682
1591,NTPC,NTPC Limited,2024-06-05,2024-06-06,325.0771484375,331.5596218483843,38.67160299812471,42.969338216079784,4.297735217955072,62.401652173058,2024-05-31,88.26709162040602,2024-05-31,343.1049187311589
1604,OFSS,Oracle Financial Services Software Limited,2024-06-05,2024-06-06,7169.2490234375,7188.54317413346,38.039348432515204,54.15123743278023,16.111889000265023,60.17068259120485,2024-05-31,75.13002426702427,2024-05-31,7035.350765294312
1690,PETRONET,Petronet LNG Limited,2024-06-05,2024-06-06,266.6577453613281,273.37634673701587,38.66318890154754,44.28314968630553,5.6199607847579856,60.86603839424846,2024-05-31,66.01116969343437,2024-05-31,277.5093495989304
1718,PNB,Punjab National Bank,2024-06-05,2024-06-06,113.72913360595703,114.98915768486587,36.526073776525095,44.46697533140107,7.940901554875978,61.395627538277964,2024-05-31,74.03998241661452,2024-05-31,118.4655432700969
1760,PRICOLLTD,Pricol Limited,2024-06-05,2024-06-06,421.6669921875,424.25817142901866,38.41266071898628,44.333906509265276,5.921245790278995,62.06847171003369,2024-05-31,82.4535805743012,2024-05-31,433.1722403714278
1761,PRIMESECU,Prime Securities Limited,2024-06-05,2024-06-06,187.60687255859375,188.05215135122862,37.30663956530606,49.70130257824341,12.39466301293735,66.83541828154893,2024-05-31,80.06437992854572,2024-05-31,189.4216135382432
1833,RECLTD,REC Limited,2024-06-05,2024-06-06,411.4673767089844,419.97433995386064,38.94308293870976,40.26281435085977,1.3197314121500128,64.64048783332245,2024-05-31,86.38753841847736,2024-05-31,470.4890361266833
1924,SAIL,Steel Authority of India Limited,2024-06-05,2024-06-06,142.63961791992188,142.1006139040086,32.16665884156687,42.115438114689226,9.948779273122355,61.27849812781553,2024-05-31,74.65897561879436,2024-05-31,155.2905005415096
2100,SMSPHARMA,SMS Pharmaceuticals Limited,2024-06-05,2024-06-06,189.18475341796875,191.57888421359294,32.88983769398381,40.49031937821359,7.600481684229784,67.70438177678386,2024-05-31,75.24412373601378,2024-05-31,199.59297356529413
2250,TATAPOWER,Tata Power Company Limited,2024-06-05,2024-06-06,415.81195068359375,422.8929582922885,37.76791299934926,46.96480655217757,9.196893552828314,62.706680155328506,2024-05-31,77.65828194839256,2024-05-31,425.4664896671792
2291,THOMASCOOK,Thomas Cook  (India)  Limited,2024-06-05,2024-06-06,202.779052734375,200.88997244703114,39.33296853288585,49.956636287351074,10.623667754465224,69.13995080683227,2024-05-31,80.22633727347502,2024-05-31,204.40297394463326
2325,TPLPLASTEH,TPL Plastech Limited,2024-06-05,2024-06-06,81.53497314453125,84.27893974093624,36.12699284251675,43.586796260292886,7.459803417776136,60.68818701728758,2024-05-31,73.02216495848948,2024-05-31,85.37250297534565
345,BHEL,Bharat Heavy Electricals Limited,2024-06-06,2024-06-07,276.2432556152344,277.2868004580095,39.93078981285146,48.228602238209646,8.297812425358188,67.3475152432301,2024-05-31,90.92002093910887,2024-05-31,283.1132702354834
786,GENUSPOWER,Genus Power Infrastructures Limited,2024-06-06,2024-06-07,288.6500244140625,288.30302774715443,39.28627024354014,46.29788667543396,7.01161643189382,61.48283893455802,2024-05-31,76.05350850583385,2024-05-31,298.8374746095739
923,HEG,HEG Limited,2024-06-06,2024-06-07,419.44390869140625,419.73812490863025,38.37567548046363,42.97709042529009,4.601414944826466,61.79113336237899,2024-05-31,67.20849783325455,2024-05-31,444.08035399808557
946,HINDCOPPER,Hindustan Copper Limited,2024-06-06,2024-06-07,334.06988525390625,334.4660908098832,39.299971126529364,44.396099393449,5.096128266919635,65.44493912834221,2024-05-31,75.19622499416583,2024-05-31,354.06741183176115
1570,NITCO,Nitco Limited,2024-06-06,2024-06-07,68.30000305175781,71.55000305175781,33.39672307271512,42.60193253404419,9.20520946132907,66.6687337182453,2024-05-31,75.85876746487241,2024-05-31,71.89470976337618
1605,OIL,Oil India Limited,2024-06-06,2024-06-07,385.3661804199219,388.7753742646898,38.103791851734535,45.9938206239022,7.890028772167668,68.38128639482875,2024-05-31,92.38769024531175,2024-05-31,397.2343622416394
2110,SOMICONVEY,Somi Conveyor Beltings Limited,2024-06-06,2024-06-07,130.0500030517578,136.60000610351562,39.06455781111554,47.626030927761704,8.561473116646162,60.134307793940266,2024-05-31,71.5979884601671,2024-05-31,132.44841250146143
661,ELECTHERM,Electrotherm (India) Limited,2024-06-07,2024-06-10,701.6500244140625,736.7000122070312,37.30672298550206,44.575786011209,7.269063025706934,70.61568417281812,2024-05-31,85.11153970248603,2024-05-31,732.46037887118
2220,SWELECTES,Swelect Energy Systems Limited,2024-06-07,2024-06-10,1167.565185546875,1225.2313533415781,37.982893715212654,47.02021038127981,9.037316666067156,61.454857281328806,2024-05-31,73.98209689377329,2024-05-31,1200.6014238173711
748,FORCEMOT,FORCE MOTORS LTD,2024-07-09,2024-07-10,8443.8134765625,8502.841322068633,39.61905887261113,42.78226471747043,3.1632058448593057,63.69166494771969,2024-07-05,82.71258583818846,2024-06-28,8764.713958532067
1340,MACPOWER,Macpower CNC Machines Limited,2024-07-10,2024-07-11,1296.19384765625,1326.158098070223,36.70783494405831,41.10298697361129,4.395152029552975,69.18830642112523,2024-07-05,84.77366965034295,2024-06-28,1369.8681529912735
1600,OBEROIRLTY,Oberoi Realty Limited,2024-07-10,2024-07-11,1705.7742919921875,1709.534903539836,39.44963711781176,40.46645204823388,1.0168149304221217,63.601112907691586,2024-07-05,77.54295411468686,2024-06-28,1770.8402266128542
1182,KARURVYSYA,Karur Vysya Bank Limited,2024-07-11,2024-07-12,158.26788330078125,158.30838611046116,37.39037422955615,42.30139531903732,4.911021089481167,61.73457485846096,2024-07-05,78.16635153645778,2024-06-28,163.55551354043564
1730,POLYCAB,Polycab India Limited,2024-07-11,2024-07-12,6551.0830078125,6575.776922451727,36.497829195978596,47.85944508806303,11.361615892084437,67.27453205531725,2024-07-05,75.99865079848061,2024-06-28,6622.924485310381
2090,SKFINDIA,SKF India Limited,2024-07-12,2024-07-15,5762.31591796875,5786.406008024998,39.72873026450371,40.218783931550156,0.49005366704644615,69.49617716593332,2024-07-05,72.63874648491964,2024-06-28,6024.785227280967
202,ASAL,Automotive Stampings and Assemblies Limited,2024-07-22,2024-07-23,951.5,959.75,36.73429106985579,44.87060386383399,8.136312793978199,62.90293536338901,2024-07-19,82.20331185469881,2024-06-28,981.7370259387816
761,GALLANTT,Gallantt Ispat Limited,2024-07-22,2024-07-23,315.2827453613281,309.40822561950347,39.11104762959012,43.733387091416795,4.622339461826677,60.29133165759917,2024-07-19,82.40104934550256,2024-06-28,331.17494645342657
890,HAL,Hindustan Aeronautics Limited,2024-07-22,2024-07-23,4880.5576171875,4927.191940951363,36.083330843001036,43.43216548267381,7.3488346396727735,61.202089754777965,2024-07-19,95.95410770881453,2024-06-28,5125.396977250062
942,HINDALCO,Hindalco Industries Limited,2024-07-22,2024-07-23,660.1575927734375,660.1575849710778,39.85212048377422,44.550138820022255,4.698018336248033,60.09776989409481,2024-07-19,67.25981810898696,2024-06-28,673.7306824455862
965,HONAUT,Honeywell Automation India Limited,2024-07-22,2024-07-23,53694.9921875,53698.31816811835,39.34873686910738,43.433293338351824,4.084556469244447,63.006932168650835,2024-07-19,71.9429456761701,2024-06-28,55268.9209240206
1214,KIRLOSIND,Kirloskar Industries Limited,2024-07-22,2024-07-23,5776.61962890625,5731.673385175112,37.204900559618956,43.16691817608121,5.962017616462255,61.356445270769704,2024-07-19,86.09794998742875,2024-06-28,5942.169122938748
1738,POWERINDIA,Hitachi Energy India Limited,2024-07-22,2024-07-23,11258.4326171875,11398.01060770091,39.2233094707959,40.34514057886707,1.12183110807117,60.54376752211331,2024-07-19,92.81821015599823,2024-06-28,12148.07048424298
605,DIXON,Dixon Technologies (India) Limited,2024-07-24,2024-07-25,10978.837890625,10841.29726976223,39.592246261102524,40.41582499949897,0.8235787383964492,70.7204364789248,2024-07-19,84.75962700112746,2024-06-28,11699.824007534722
860,GRINDWELL,Grindwell Norton Limited,2024-07-24,2024-07-25,2542.83203125,2546.1177318811183,38.90875187340728,43.49317188734012,4.584420013932835,61.47030070211169,2024-07-19,66.9844520028893,2024-06-28,2621.151217813475
951,HINDZINC,Hindustan Zinc Limited,2024-07-24,2024-07-25,589.0222778320312,582.2438790207542,39.917169925160856,44.27488945107949,4.3577195259186325,67.44376129648859,2024-07-19,84.90610794562792,2024-06-28,606.8289128076462
1214,KIRLOSIND,Kirloskar Industries Limited,2024-07-24,2024-07-25,5831.08056640625,5780.732181108795,39.58149192027602,46.798046491971064,7.216554571695042,61.356445270769704,2024-07-19,86.09794998742875,2024-06-28,5909.673292943954
1730,POLYCAB,Polycab India Limited,2024-07-24,2024-07-25,6257.3779296875,6245.253488873483,35.0503595973496,40.514149163641996,5.463789566292398,60.01971801042158,2024-07-19,75.99865079848061,2024-06-28,6478.628717183473
1755,PREMEXPLN,Premier Explosives Limited,2024-07-24,2024-07-25,649.1951293945312,658.0793816379143,39.56061612861864,43.6785946442897,4.117978515671062,60.18688806767445,2024-07-19,91.59675963882088,2024-06-28,688.8077550815
2271,TEJASNET,Tejas Networks Limited,2024-07-24,2024-07-25,1309.194091796875,1308.9450187273505,37.66164683759295,44.14011572059588,6.478468883002932,75.57966110158044,2024-07-19,77.23476743234703,2024-06-28,1364.0628976193045
394,BRIGADE,Brigade Enterprises Limited,2024-07-25,2024-07-26,906.9625854492188,906.9625010503399,36.933692550407486,40.80257632681294,3.868883776405454,66.7684806382881,2024-07-19,86.36760303460633,2024-06-28,954.0485689095823
605,DIXON,Dixon Technologies (India) Limited,2024-07-26,2024-07-29,11263.5576171875,11340.847711250562,39.409264738499544,46.16232794064018,6.753063202140638,70.7204364789248,2024-07-19,84.75962700112746,2024-06-28,11594.177923001318
659,ELECON,Elecon Engineering Company Limited,2024-07-26,2024-07-29,622.568359375,627.1365519046783,38.978826275850885,47.849293104609814,8.870466828758929,61.83818444609634,2024-07-19,78.16592770009278,2024-06-28,631.2790428520832
890,HAL,Hindustan Aeronautics Limited,2024-07-26,2024-07-29,4790.8515625,4831.284645620729,39.22129427514775,42.30321671413471,3.0819224389869646,61.202089754777965,2024-07-19,95.95410770881453,2024-06-28,5005.878347235545
942,HINDALCO,Hindalco Industries Limited,2024-07-26,2024-07-29,655.54248046875,664.5272508230616,35.88350192994672,46.190004099170146,10.306502169223428,60.09776989409481,2024-07-19,67.25981810898696,2024-06-28,664.130968930145
1144,JSWENERGY,JSW Energy Limited,2024-07-26,2024-07-29,688.4784545898438,692.9455642198647,39.77926218646374,48.507428243914795,8.728166057451055,68.59523646581312,2024-07-19,80.56151013694551,2024-06-28,696.7923882976946
2755,QGOLDHALF,QGOLDHALF,2024-07-26,2024-07-29,59.810001373291016,60.0,34.301641871875105,40.27078341046881,5.9691415385937034,68.99764909506683,2024-07-19,76.27495963325458,2024-06-28,60.818117025383366
2105,SOLARINDS,Solar Industries India Limited,2024-07-26,2024-07-29,10953.767578125,11175.053627875344,39.203162576257796,51.36707962215587,12.163917045898074,64.8115402390996,2024-07-19,91.2229461892314,2024-06-28,10968.356760379735
951,HINDZINC,Hindustan Zinc Limited,2024-07-29,2024-07-30,588.418701171875,594.2684991231489,36.69691494536541,46.82836660046286,10.13145165509745,60.98192221690294,2024-07-26,84.90610794562792,2024-06-28,598.3808221137698
2063,SIEMENS,Siemens Limited,2024-07-29,2024-07-30,4130.63525390625,4132.760208055896,39.75047138152445,45.49273877063633,5.7422673891118805,60.23911068540794,2024-07-26,90.18774628081458,2024-06-28,4214.166001537679
424,CARBORUNIV,Carborundum Universal Limited,2024-08-06,2024-08-07,1627.878173828125,1653.015528467373,35.03102106161275,42.91630788749791,7.88528682588516,62.99715239978155,2024-08-02,79.02321819828441,2024-07-31,1675.8022906146523
681,ENDURANCE,Endurance Technologies Limited,2024-08-06,2024-08-07,2452.315185546875,2458.9891763390115,35.27241632321713,41.38960264016235,6.117186316945222,66.5056179604192,2024-08-02,71.77589795282535,2024-07-31,2533.4747217517006
698,ESSARSHPNG,Essar Shipping Limited,2024-08-06,2024-08-07,48.880001068115234,49.25,38.9971923662612,40.28907932955733,1.291886963296129,60.49417397369653,2024-08-02,80.62754893801281,2024-07-31,54.47256873297393
732,FINCABLES,Finolex Cables Limited,2024-08-06,2024-08-07,1457.7928466796875,1466.2642935023166,38.66441449927974,42.22139290807154,3.5569784087918066,66.91324283916754,2024-08-02,74.02553002160536,2024-07-31,1519.4953842437503
1332,LUMAXTECH,Lumax Auto Technologies Limited,2024-08-06,2024-08-07,549.1237182617188,549.7616896152315,36.79813278940265,51.26807735508571,14.469944565683058,63.3811471879217,2024-08-02,80.23633977642481,2024-07-31,547.4040404770119
1355,MAHSCOOTER,Maharashtra Scooters Limited,2024-08-06,2024-08-07,8567.4033203125,8610.277368340017,36.619925642595184,41.03884653128066,4.418920888685477,65.69120558109736,2024-08-02,79.37690811606673,2024-07-31,8845.563806978158
2187,SUNTECK,Sunteck Realty Limited,2024-08-06,2024-08-07,550.7706909179688,557.7292449999705,39.80101242536608,42.49100074742439,2.689988322058305,63.14681204288521,2024-08-02,65.06461771118835,2024-07-31,576.4716740173351
2559,ABSLNN50ET,ABSLNN50ET,2024-08-07,2024-08-08,75.12999725341797,75.52999877929688,38.309032091092874,50.078112882990226,11.769080791897352,72.29621203221514,2024-08-02,86.11834647735601,2024-07-31,75.317174926124
158,ANUP,The Anup Engineering Limited,2024-08-07,2024-08-08,1689.4747314453125,1668.2027412117845,36.546298212944734,40.33853635874417,3.7922381457994376,61.6311872450529,2024-08-02,80.50908231194742,2024-07-31,1743.7066038049543
224,ASTRAMICRO,Astra Microwave Products Limited,2024-08-07,2024-08-08,847.66064453125,847.2126116364952,28.128410524442614,40.50967548670461,12.381264962261994,63.33205586206829,2024-08-02,79.85558438696644,2024-07-31,883.2161225451927
236,ATULAUTO,Atul Auto Limited,2024-08-07,2024-08-08,666.5999755859375,675.0,37.223343110009694,44.92430534874814,7.700962238738448,61.645966750043414,2024-08-02,73.70822699875418,2024-07-31,696.0207780846612
320,BEL,Bharat Electronics Limited,2024-08-07,2024-08-08,295.39068603515625,296.177837004106,36.598817867197184,45.78766041482337,9.188842547626187,64.96557948583671,2024-08-02,94.89657865982895,2024-07-31,302.56146516288067
338,BHARATFORG,Bharat Forge Limited,2024-08-07,2024-08-08,1540.2353515625,1544.7350184909403,36.112863036042576,41.553873163560446,5.44101012751787,65.42283665189979,2024-08-02,82.52786083846549,2024-07-31,1614.709262889504
453,CGPOWER,CG Power and Industrial Solutions Limited,2024-08-07,2024-08-08,682.9307250976562,682.9307181020263,38.73458426805077,44.09037280770955,5.355788539658782,67.28900383410704,2024-08-02,87.14785169117725,2024-07-31,706.8372407343671
463,CHENNPETRO,Chennai Petroleum Corporation Limited,2024-08-07,2024-08-08,882.2362670898438,890.5881706728971,39.5611389791055,43.84108550773007,4.279946528624571,61.190239027949936,2024-08-02,82.44697899803049,2024-07-31,928.7550448273406
832,GODREJPROP,Godrej Properties Limited,2024-08-07,2024-08-08,2963.4755859375,2943.820597581393,38.74739849627235,42.277091581178055,3.529693084905702,60.727788961502945,2024-08-02,78.4920651004534,2024-07-31,3088.2209793956513
851,GRASIM,Grasim Industries Limited,2024-08-07,2024-08-08,2619.331787109375,2605.6244766324794,39.96851404321469,42.219563539002976,2.251049495788287,63.09175967481339,2024-08-02,80.3678121749847,2024-07-31,2695.1950171779877
882,GULFOILLUB,Gulf Oil Lubricants India Limited,2024-08-07,2024-08-08,1072.53564453125,1079.5621566480816,38.524047710687434,47.86930064649667,9.345252935809235,63.14159246032481,2024-08-02,76.57922266232569,2024-07-31,1096.3600242601785
2640,HERCULES,HERCULES,2024-08-07,2024-08-08,581.5293579101562,598.1641702951684,39.65732859212562,48.95559756208773,9.298268969962109,64.4039652049322,2024-08-02,78.1037647791522,2024-07-31,590.1213586788675
928,HEROMOTOCO,Hero MotoCorp Limited,2024-08-07,2024-08-08,4868.79296875,4863.080297653848,35.12103883220685,40.68919273633001,5.568153904123157,60.18615872641358,2024-08-02,78.05625458340332,2024-07-31,4986.92244479336
934,HGINFRA,H.G. Infra Engineering Limited,2024-08-07,2024-08-08,1542.6983642578125,1539.2215182747013,32.29889460222704,42.25865769789063,9.95976309566359,67.19372929035409,2024-08-02,76.924509024221,2024-07-31,1618.7856166012325
975,HUDCO,Housing & Urban Development Corporation Limited,2024-08-07,2024-08-08,278.975830078125,278.04123238277,37.485805236696194,46.1551007949722,8.669295558276005,68.45523360416811,2024-08-02,92.80183484039925,2024-07-31,286.6921832260001
1105,JAYAGROGN,Jayant Agro Organics Limited,2024-08-07,2024-08-08,276.7552490234375,276.41404598669095,33.765911343932814,41.336316530260234,7.57040518632742,60.07328483332302,2024-08-02,66.28366016887266,2024-07-31,289.66929818553547
1126,JKIL,J.Kumar Infraprojects Limited,2024-08-07,2024-08-08,799.422119140625,800.7566590341642,38.60210025177823,44.94315329322444,6.341053041446209,64.54667597279703,2024-08-02,87.94025043047489,2024-07-31,823.0118050416448
1190,KEC,KEC International Limited,2024-08-07,2024-08-08,830.9331665039062,830.9331504583791,39.6614658210488,45.00636252507632,5.344896704027519,62.984254030628904,2024-08-02,77.35454950271352,2024-07-31,853.2332765806793
1191,KECL,Kirloskar Electric Company Limited,2024-08-07,2024-08-08,200.8300018310547,200.8300018310547,38.129661636599224,40.28712598495848,2.1574643483592553,68.64752220993742,2024-08-02,77.9831600582283,2024-07-31,221.14402403206364
1204,KICL,Kalyani Investment Company Limited,2024-08-07,2024-08-08,5722.84765625,5722.847333191722,39.132869495382806,42.28013599132105,3.147266495938247,69.83945912272794,2024-08-02,84.65438456588907,2024-07-31,5989.8715129024295
1212,KIRLOSBROS,Kirloskar Brothers Limited,2024-08-07,2024-08-08,2031.2066650390625,2041.6310629154304,38.96465826852766,43.287958572427854,4.323300303900197,68.07652706208324,2024-08-02,94.00430919944252,2024-07-31,2184.18503372524
1308,LIKHITHA,Likhitha Infrastructure Limited,2024-08-07,2024-08-08,412.93353271484375,415.87272937801197,37.30036457773763,42.671719287053236,5.371354709315604,67.56992685241514,2024-08-02,72.95675198746375,2024-07-31,431.3212077594378
1337,M&M,Mahindra & Mahindra Limited,2024-08-07,2024-08-08,2631.84521484375,2611.8671629101705,37.1637538268825,41.81370312491935,4.6499492980368515,64.94607320452435,2024-08-02,86.41145909888549,2024-07-31,2732.4626331860495
1346,MAGADSUGAR,Magadh Sugar & Energy Limited,2024-08-07,2024-08-08,708.7791137695312,708.7790870142278,39.38917468816605,44.159213794149565,4.770039105983514,63.604370247705006,2024-08-02,69.60664814945336,2024-07-31,731.3640317959029
1511,NAM-INDIA,Nippon Life India Asset Management Limited,2024-08-07,2024-08-08,607.4351806640625,610.5425890458818,36.18132851716379,49.108809772756764,12.927481255592973,65.35361471957046,2024-08-02,79.59604041670839,2024-07-31,610.4011847837025
1604,OFSS,Oracle Financial Services Software Limited,2024-08-07,2024-08-08,9311.5224609375,9386.099881372307,36.95492960444019,42.830231296895285,5.875301692455096,71.17998490436555,2024-08-02,84.96029586048506,2024-07-31,9719.641678895667
1683,PDMJEPAPER,Pudumjee Paper Products Limited,2024-08-07,2024-08-08,111.9084701538086,111.89863657433351,37.61610797873302,44.372977599184374,6.756869620451354,78.2800944897117,2024-08-02,79.54501326342414,2024-07-31,117.45070202880399
1691,PFC,Power Finance Corporation Limited,2024-08-07,2024-08-08,453.4101257324219,455.7579471426735,34.136314037613445,41.08798516757797,6.951671129964524,62.945870147781996,2024-08-02,87.63954813655177,2024-07-31,481.3636189383157
1738,POWERINDIA,Hitachi Energy India Limited,2024-08-07,2024-08-08,10930.6708984375,10960.34591344884,39.877411695974175,40.255025226177395,0.3776135302032202,64.09735348098766,2024-08-02,80.72391230323561,2024-07-31,11769.614092029158
1746,PRAJIND,Praj Industries Limited,2024-08-07,2024-08-08,656.91259765625,661.7438855724183,36.9361982757966,45.18822041891657,8.252022143119973,66.0160689685788,2024-08-02,68.5491571621545,2024-07-31,673.8195506884489
2105,SOLARINDS,Solar Industries India Limited,2024-08-07,2024-08-08,10206.6064453125,10206.606694292845,39.649149455557236,40.37727169153126,0.7281222359740269,61.87793268418108,2024-08-02,92.31848990063793,2024-07-31,10722.76303436282
2164,SUBROS,Subros Limited,2024-08-07,2024-08-08,646.7398071289062,641.7652883043378,37.3390858197664,43.6678035883698,6.328717768603397,62.03322821302313,2024-08-02,69.75842693912901,2024-07-31,673.1911128100128
2191,SUPRAJIT,Suprajit Engineering Limited,2024-08-07,2024-08-08,492.0035095214844,484.64912824808545,38.290901181220825,42.84023181307588,4.549330631855057,65.28950286176863,2024-08-02,72.60494657482728,2024-07-31,508.2811404729946
2278,TEXRAIL,Texmaco Rail & Engineering Limited,2024-08-07,2024-08-08,250.28692626953125,249.145435297967,39.75276132181443,47.38591705495259,7.63315573313816,65.29478865849737,2024-08-02,77.16130165987641,2024-07-31,257.97974736301177
2301,TIMETECHNO,Time Technoplast Limited,2024-08-07,2024-08-08,157.25857543945312,158.37229152451727,38.78108225529238,45.86580059975787,7.084718344465486,69.03891854730628,2024-08-02,91.2413175655833,2024-07-31,162.15316314469982
2421,VEDL,Vedanta Limited,2024-08-07,2024-08-08,379.2297058105469,377.25589507178154,36.41502592541971,46.922582690212515,10.507556764792803,63.917824103917,2024-08-02,79.41355503344771,2024-07-31,383.88644625559334
2488,VSTTILLERS,V.S.T Tillers Tractors Limited,2024-08-07,2024-08-08,4010.345703125,4039.5464950257924,39.11553391594128,46.395308019104,7.2797741031627226,64.42731251212392,2024-08-02,65.83608514595038,2024-07-31,4086.41527762461
1478,MPSLTD,MPS Limited,2024-08-08,2024-08-09,1906.8173828125,1916.3802324131727,39.89061075745088,47.792923730818586,7.902312973367707,66.9575347723767,2024-08-02,76.80226997350661,2024-07-31,1930.6378633601146
832,GODREJPROP,Godrej Properties Limited,2024-08-09,2024-08-12,2911.6259765625,2912.9197466661603,37.65590087162154,41.02583693613201,3.369936064510469,60.727788961502945,2024-08-02,78.4920651004534,2024-07-31,3053.529835922284
928,HEROMOTOCO,Hero MotoCorp Limited,2024-08-09,2024-08-12,4837.25537109375,4844.315330029042,36.5622983237061,40.386060972305735,3.823762648599633,60.18615872641358,2024-08-02,78.05625458340332,2024-07-31,4957.239014453448
981,ICEMAKE,Ice Make Refrigeration Limited,2024-08-09,2024-08-12,734.7378540039062,734.7377793309122,38.83078808584174,40.10885348674512,1.2780654009033796,69.79763038224986,2024-08-02,74.56383423985199,2024-07-31,811.1056349612303
983,ICICIBANK,ICICI Bank Limited,2024-08-09,2024-08-12,1143.0689697265625,1152.3189994398172,36.83742240637961,40.121323759166366,3.2839013527867564,62.95798194528924,2024-08-02,74.86974227902499,2024-07-31,1167.240031746012
1972,SBIN,State Bank of India,2024-08-09,2024-08-12,793.7665405273438,790.2035442003192,36.47904743209696,43.25575660339751,6.776709171300546,64.91509934997191,2024-08-02,79.15736596422163,2024-07-31,810.7512785604116
2191,SUPRAJIT,Suprajit Engineering Limited,2024-08-09,2024-08-12,488.1041564941406,510.36476731444156,39.75964650254038,42.05851819729603,2.298871694755654,65.28950286176863,2024-08-02,72.60494657482728,2024-07-31,504.44077877376554
2388,UNIVCABLES,Universal Cables Limited,2024-08-09,2024-08-12,746.0989990234375,733.4163353350613,37.442295287505935,41.091319450563,3.6490241630570637,71.22272439335956,2024-08-02,86.7977890048272,2024-07-31,792.3920947497016
1204,KICL,Kalyani Investment Company Limited,2024-08-12,2024-08-13,5668.8466796875,5677.630411337799,38.66319437779189,41.818722360724614,3.1555279829327247,61.14595158032003,2024-08-09,84.65438456588907,2024-07-31,5903.809465548172
2179,SUNDRMFAST,Sundram Fasteners Limited,2024-08-13,2024-08-14,1326.2349853515625,1328.5479299323806,38.34047470692731,43.862950520794364,5.522475813867054,61.177242293396475,2024-08-09,72.73071049909083,2024-07-31,1350.7903480836048
732,FINCABLES,Finolex Cables Limited,2024-08-14,2024-08-16,1455.724365234375,1457.8421584413923,37.6885169812254,44.41481055881623,6.72629357759083,63.031912948294675,2024-08-09,74.02553002160536,2024-07-31,1489.8881981021357
1683,PDMJEPAPER,Pudumjee Paper Products Limited,2024-08-14,2024-08-16,107.45101928710938,108.24805112077576,37.54853517387049,41.83262181026618,4.284086636395692,64.5199121587847,2024-08-09,79.54501326342414,2024-07-31,113.86530375719448
1726,PODDARMENT,Poddar Pigments Limited,2024-08-14,2024-08-16,388.49676513671875,390.54768296374334,38.495129224086156,40.04856029491539,1.5534310708292338,60.47048082282289,2024-08-09,66.77554287977705,2024-07-31,408.3302603262933
54,ADANIPOWER,Adani Power Limited,2024-08-16,2024-08-19,139.47999572753906,139.60000610351562,35.634939182754636,47.600766681820055,11.96582749906542,60.094507823386934,2024-08-09,76.95616303469843,2024-07-31,140.2439687410046
92,AHLUCONT,Ahluwalia Contracts (India) Limited,2024-08-16,2024-08-19,1319.0262451171875,1322.6725238711022,39.93818565771199,47.90896422790441,7.970778570192422,61.79352695840137,2024-08-09,78.90078867983992,2024-07-31,1335.3831499902767
536,DABUR,Dabur India Limited,2024-08-16,2024-08-19,597.3768920898438,597.7638185983644,39.84175295352658,47.32673295492971,7.48498000140313,65.457403486814,2024-08-09,64.96929468204895,2024-07-31,603.8511554486264
830,GODREJCP,Godrej Consumer Products Limited,2024-08-16,2024-08-19,1356.3245849609375,1362.985117106775,38.61123839107127,46.226950349330586,7.615711958259318,66.63898227872019,2024-08-09,77.01182651324368,2024-07-31,1379.6271862479243
966,HONDAPOWER,Honda India Power Products Limited,2024-08-16,2024-08-19,3435.302001953125,3469.305716447976,36.29290665071285,40.257200186561974,3.964293535849123,67.13064138602792,2024-08-09,74.83553464527184,2024-07-31,3628.855647252469
1144,JSWENERGY,JSW Energy Limited,2024-08-16,2024-08-19,660.1868286132812,660.23647068943,35.386181910038204,42.066853687170756,6.680671777132552,64.76869286227497,2024-08-09,79.61197649742681,2024-07-31,686.1587116633061
1197,KESORAMIND,Kesoram Industries Limited,2024-08-16,2024-08-19,207.05999755859375,206.14999389648438,38.77671371346384,47.896267358383575,9.119553644919733,62.58010080334189,2024-08-09,86.52477925643458,2024-07-31,208.98893429108227
1204,KICL,Kalyani Investment Company Limited,2024-08-16,2024-08-19,5555.654296875,5789.325911196598,35.157216154426706,40.7007634364095,5.5435472819827964,61.14595158032003,2024-08-09,84.65438456588907,2024-07-31,5804.879604533516
1364,MANAKCOAT,Manaksia Coated Metals & Industries Limited,2024-08-16,2024-08-19,58.85562515258789,58.98548462324397,38.64857519951624,41.32759267806561,2.679017478549376,62.23159959291024,2024-08-09,75.15406192385478,2024-07-31,61.66623394744547
1831,RCF,Rashtriya Chemicals and Fertilizers Limited,2024-08-16,2024-08-19,187.7362823486328,188.0293601242298,39.22348444747327,42.925507690021995,3.7020232425487265,61.47902092723708,2024-08-09,72.03743430011176,2024-07-31,198.52861829462566
2431,VESUVIUS,Vesuvius India Limited,2024-08-16,2024-08-19,507.55584716796875,510.6273798430703,33.1871158852836,49.14451864496994,15.957402759686339,61.56293596265206,2024-08-09,74.67624772073043,2024-07-31,508.2960741382786
2463,VISHNU,Vishnu Chemicals Limited,2024-08-16,2024-08-19,438.5289611816406,438.9780805322597,38.81810403525004,54.56991120150779,15.751807166257755,60.12318753776618,2024-08-09,69.50480646086801,2024-07-31,427.7370110445085
966,HONDAPOWER,Honda India Power Products Limited,2024-08-20,2024-08-21,3428.953125,3445.7429067148946,39.542840163465,40.24555500315103,0.7027148396860312,60.04693192346698,2024-08-16,74.83553464527184,2024-07-31,3593.322279980088
1403,MAZDOCK,Mazagon Dock Shipbuilders Limited,2024-08-21,2024-08-22,2229.7021484375,2243.773720679648,37.03378613511099,43.46276765142747,6.428981516316483,70.67012368829813,2024-08-16,88.68681882837018,2024-07-31,2379.5697203389705
1189,KDDL,KDDL Limited,2024-08-22,2024-08-23,3187.538330078125,3219.5866592655025,37.929536939513596,46.2604430238114,8.330906084297801,60.90042238124136,2024-08-16,81.61768443196654,2024-07-31,3275.578307744256
966,HONDAPOWER,Honda India Power Products Limited,2024-08-23,2024-08-26,3458.817626953125,3506.882804831652,39.92438031468983,43.326278839308614,3.4018985246187867,60.04693192346698,2024-08-16,74.83553464527184,2024-07-31,3551.9907945224522
975,HUDCO,Housing & Urban Development Corporation Limited,2024-08-28,2024-08-29,270.98504638671875,270.93827242251183,38.03885019125137,47.69612072636648,9.65727053511511,60.31597140055488,2024-08-23,92.80183484039925,2024-07-31,272.547249903132
890,HAL,Hindustan Aeronautics Limited,2024-08-30,2024-09-02,4583.2470703125,4601.903564036503,39.158353306860825,44.07667691546463,4.9183236086038065,60.36873474522591,2024-08-23,86.54862638593178,2024-07-31,4660.327846813777
1632,ORIENTCEM,Orient Cement Limited,2024-08-30,2024-09-02,303.5327453613281,303.5327479094247,36.034378669915036,45.1077329404651,9.073354270550062,66.87297592895271,2024-08-23,72.71596186145477,2024-07-31,316.32165689685434
846,GPTINFRA,GPT Infraprojects Limited,2024-09-05,2024-09-06,158.59979248046875,158.3709515821002,39.95337456078038,40.784658736943335,0.8312841761629528,64.94978362828793,2024-08-30,87.73241146637362,2024-08-30,167.3992367625316
2346,TTKPRESTIG,TTK Prestige Limited,2024-09-10,2024-09-11,894.0015869140625,885.0841546076639,37.77814321689964,43.06474484212298,5.286601625223334,63.410879884995786,2024-09-06,61.57672730735591,2024-08-30,915.2850670594172
210,ASHOKLEY,Ashok Leyland Limited,2024-09-12,2024-09-13,117.0346908569336,117.91429486130683,39.997148397120405,46.00547221710347,6.008323819983062,65.21877952515874,2024-09-06,80.63622249487233,2024-08-30,118.8880836638529
366,BLKASHYAP,B. L. Kashyap and Sons Limited,2024-09-12,2024-09-13,103.91000366210938,103.87999725341797,35.98968159209301,42.547531469661614,6.557849877568607,63.187329313508364,2024-09-06,84.00970147062361,2024-08-30,107.95644263822399
1194,KELLTONTEC,Kellton Tech Solutions Limited,2024-09-12,2024-09-13,29.062000274658203,29.1560001373291,38.848280169968135,41.34166660400649,2.4933864340383565,61.13472132498184,2024-09-06,72.34716011694344,2024-08-30,30.352295752628592
1833,RECLTD,REC Limited,2024-09-12,2024-09-13,520.9819946289062,522.0734471057865,37.71520391893891,41.72907469603539,4.0138707770964785,61.55269032802932,2024-09-06,84.5568696579005,2024-08-30,543.3066451229171
2346,TTKPRESTIG,TTK Prestige Limited,2024-09-12,2024-09-13,884.3002319335938,893.1196928569067,39.35236127182477,40.75833415512333,1.4059728832985599,63.410879884995786,2024-09-06,61.57672730735591,2024-08-30,909.6321743396849
1387,MARINE,Marine Electricals (India) Limited,2024-09-18,2024-09-19,239.96755981445312,245.20484398449585,35.735001314376674,44.26252690940696,8.527525595030284,65.03624570132487,2024-09-13,90.50199685373657,2024-08-30,249.11062766252982
1657,PANAMAPET,Panama Petrochem Limited,2024-09-18,2024-09-19,391.8294677734375,393.784428458403,39.55304331582099,43.208727418359075,3.655684102538082,61.00875480480758,2024-09-13,67.54256857761104,2024-08-30,400.317998146401
2516,WHIRLPOOL,Whirlpool of India Limited,2024-09-18,2024-09-19,2034.703857421875,2037.2439584755023,39.91366551363022,41.23877413394104,1.3251086203108215,65.98343754257229,2024-09-13,67.94094323647856,2024-08-30,2098.1465306518207
1364,MANAKCOAT,Manaksia Coated Metals & Industries Limited,2024-09-19,2024-09-20,63.47821044921875,64.28792683100049,37.78357518892778,46.41835892113578,8.634783732208,60.349569530458865,2024-09-13,75.1659088557512,2024-08-30,65.07836770995735
2346,TTKPRESTIG,TTK Prestige Limited,2024-09-19,2024-09-20,900.1752319335938,891.2577652685786,38.78346725510669,49.37897012762619,10.595502872519496,62.81330796284841,2024-09-13,61.57672730735591,2024-08-30,900.7691912937336
28,ABBOTINDIA,Abbott India Limited,2024-09-20,2024-09-23,27184.3125,27334.796111646676,37.23899542062036,40.87127026776719,3.6322748471468245,63.50196640543733,2024-09-13,72.74600210440174,2024-08-30,27903.546013981024
112,ALEMBICLTD,Alembic Limited,2024-09-20,2024-09-23,136.12364196777344,135.90437359419425,36.34648207196447,40.85571320257749,4.509231130613017,67.21053489692221,2024-09-13,79.20354925465078,2024-08-30,143.2797949916936
366,BLKASHYAP,B. L. Kashyap and Sons Limited,2024-09-20,2024-09-23,101.80000305175781,102.5,37.89751003061088,42.403522223995516,4.506012193384635,64.26881415402477,2024-09-13,84.00970147062361,2024-08-30,105.60267794711453
390,BPCL,Bharat Petroleum Corporation Limited,2024-09-20,2024-09-23,304.8434753417969,306.5002434817081,34.80374193619545,42.03905092841094,7.2353089922154865,65.1820736432233,2024-09-13,83.71338814123507,2024-08-30,313.89506833217314
569,DEEPAKNTR,Deepak Nitrite Limited,2024-09-20,2024-09-23,2819.5009765625,2820.393230897406,39.926546419967934,42.650612495795244,2.7240660758273094,63.609451355597436,2024-09-13,63.26826170078604,2024-08-30,2880.63795987637
750,FOSECOIND,Foseco India Limited,2024-09-20,2024-09-23,4497.3212890625,4528.964392612616,30.47823020629457,40.657123838812254,10.178893632517685,61.213285678387564,2024-09-13,74.42894646629924,2024-08-30,4639.6472425928905
804,GLAXO,GlaxoSmithKline Pharmaceuticals Limited,2024-09-20,2024-09-23,2603.1357421875,2607.35190157425,39.345078410180925,41.314312533955366,1.9692341237744415,66.08319156257377,2024-09-13,76.4222524181538,2024-08-30,2692.4705176056846
952,HIRECT,Hirect Limited,2024-09-20,2024-09-23,407.9847412109375,428.3827209472656,35.23853160259995,40.22700028325651,4.98846868065656,61.24675519191928,2024-09-13,76.59254624100258,2024-08-30,432.3521531432614
970,HPL,HPL Electric & Power Limited,2024-09-20,2024-09-23,576.6063232421875,580.7976363455414,37.6972076077566,44.57096397789777,6.873756370141166,62.998821997435826,2024-09-13,93.31269195442897,2024-08-30,590.1403460803363
994,IFBIND,IFB Industries Limited,2024-09-20,2024-09-23,1871.949951171875,1879.0,39.93592930981291,43.031163917630444,3.095234607817531,61.18443909690993,2024-09-13,71.54390081404738,2024-08-30,1926.3049558407813
1698,PGIL,Pearl Global Industries Limited,2024-09-20,2024-09-23,890.2420654296875,884.791923690745,37.17786210458013,41.89937456774614,4.721512463166015,67.80088411105757,2024-09-13,81.59887337069894,2024-08-30,933.9742290125334
1730,POLYCAB,Polycab India Limited,2024-09-20,2024-09-23,6492.044921875,6532.277430316829,38.55209780860242,43.64728345417302,5.095185645570602,62.74422638505836,2024-09-13,75.98329850636341,2024-08-30,6609.921612794526
1893,RSSOFTWARE,R. S. Software (India) Limited,2024-09-20,2024-09-23,277.20001220703125,276.95001220703125,38.909338558025254,44.90791485161871,5.998576293593459,63.163689242342514,2024-09-13,79.07968264697372,2024-08-30,289.76038714788837
1909,RVNL,Rail Vikas Nigam Limited,2024-09-20,2024-09-23,535.9622802734375,538.0482604037201,31.754997410764503,45.91265824557176,14.15766083480726,63.04269969188403,2024-09-13,89.07341753784867,2024-08-30,547.0282237598774
2020,SHARDAMOTR,Sharda Motor Industries Limited,2024-09-20,2024-09-23,2469.590087890625,2469.590177751511,38.25913643066343,46.566142370001856,8.307005939338424,68.04848285822932,2024-09-13,91.04468394416841,2024-08-30,2505.8365064014256
2516,WHIRLPOOL,Whirlpool of India Limited,2024-09-20,2024-09-23,2054.3779296875,2054.427758680336,39.238450634111615,45.43015960151799,6.191708967406377,65.98343754257229,2024-09-13,67.94094323647856,2024-08-30,2087.5371476203063
2552,ZOTA,Zota Health Care LImited,2024-09-20,2024-09-23,659.89306640625,659.3434809424205,38.40057190976532,51.65862708536719,13.258055175601875,63.16082638055306,2024-09-13,75.89591876582995,2024-08-30,657.0407713220391
520,CROMPTON,Crompton Greaves Consumer Electricals Limited,2024-09-25,2024-09-26,432.45306396484375,436.7134631091066,39.72921698178827,41.863239292792294,2.134022311004024,65.45304044927178,2024-09-20,70.4349566820409,2024-08-30,442.3764298406887
1884,RPPINFRA,R.P.P. Infra Projects Limited,2024-09-25,2024-09-26,204.83828735351562,208.9332715475778,38.46429204102215,48.01292614333264,9.548634102310494,62.58252168226359,2024-09-20,78.15658561153828,2024-08-30,207.5176732905365
175,ARCHIDPLY,Archidply Industries Limited,2024-09-26,2024-09-27,123.87999725341797,123.87999725341797,39.196597387993776,42.13445639101636,2.937859003022581,62.514455524081804,2024-09-20,66.0743227742459,2024-08-30,130.72216373560414
2346,TTKPRESTIG,TTK Prestige Limited,2024-09-26,2024-09-27,861.8104858398438,861.9085066277091,35.29584949042872,40.230216820770416,4.9343673303416935,60.65342603054114,2024-09-20,61.57672730735591,2024-08-30,887.1089049767522
141,AMRUTANJAN,Amrutanjan Health Care Limited,2024-09-27,2024-09-30,761.4334716796875,762.7212562778778,39.304492853043655,45.90427089753104,6.599778044487387,62.959464343720676,2024-09-20,64.50498467341484,2024-08-30,776.4657778235062
504,COROMANDEL,Coromandel International Limited,2024-09-27,2024-09-30,1637.4017333984375,1641.20618951702,37.13174234890397,43.392058766861965,6.260316417957995,67.93948044424157,2024-09-20,79.14653409434715,2024-08-30,1664.2796427784683
536,DABUR,Dabur India Limited,2024-09-27,2024-09-30,612.2726440429688,612.2726686977225,37.299723432255256,42.20652976241143,4.906806330156172,71.81576869049185,2024-09-20,65.1425696119039,2024-08-30,626.4218740056268
628,DSSL,Dynacons Systems & Solutions Limited,2024-09-27,2024-09-30,1417.9124755859375,1403.6759038523912,39.30478990338359,46.49732374932445,7.192533845940858,63.41706049801564,2024-09-20,79.52343537099202,2024-08-30,1439.9602545383893
663,ELGIRUBCO,Elgi Rubber Company Limited,2024-09-27,2024-09-30,95.06999969482422,94.98999786376953,37.049367107061364,41.97982402322949,4.930456916168126,61.78668328190322,2024-09-20,81.67189803593872,2024-08-30,100.18873471432084
2020,SHARDAMOTR,Sharda Motor Industries Limited,2024-09-27,2024-09-30,2418.457763671875,2340.284440256088,39.910099302999974,42.33494325434041,2.424843951340435,67.26740497471813,2024-09-20,91.04468394416841,2024-08-30,2479.3907317830412
694,ERIS,Eris Lifesciences Limited,2024-09-30,2024-10-01,1318.1031494140625,1318.103005063833,37.151453746591564,50.48907898251528,13.337625235923717,62.808790414277965,2024-09-27,82.496210015696,2024-08-30,1324.6829895621154
1057,INSECTICID,Insecticides (India) Limited,2024-09-30,2024-10-01,877.0316772460938,870.9519024435043,39.59379930620707,44.18919163472809,4.595392328521022,60.53991264010029,2024-09-27,71.7490633724418,2024-08-30,900.4901091017682
239,AUROPHARMA,Aurobindo Pharma Limited,2024-10-03,2024-10-04,1453.145263671875,1452.547439183832,35.32366029771224,40.55545730086968,5.231797003157446,67.85697504182313,2024-09-27,72.57575229388624,2024-09-30,1498.015991811373
761,GALLANTT,Gallantt Ispat Limited,2024-10-04,2024-10-07,353.62689208984375,360.36502643685856,39.67877647957121,40.30283810779498,0.624061628223771,63.05923962710757,2024-09-27,73.13961758176127,2024-09-30,368.7593407291337
796,GILLETTE,Gillette India Limited,2024-10-04,2024-10-07,8142.75,8183.473457996648,39.24808287248231,44.21096775697603,4.962884884493725,63.568485009092726,2024-09-27,77.6672071825165,2024-09-30,8266.994286550462
60,ADSL,Allied Digital Services Limited,2024-10-08,2024-10-09,278.185546875,280.2967389657139,39.604519104843575,55.06348276388735,15.458963659043775,66.5122911153054,2024-10-04,75.75832665346125,2024-09-30,266.43049591600294
77,AFFLE,Affle 3i Limited,2024-10-08,2024-10-09,1521.5999755859375,1536.800048828125,38.66439186949773,42.077038005445864,3.412646135948137,60.377263864143764,2024-10-04,67.60269486535348,2024-09-30,1563.3317684453727
190,ARROWGREEN,Arrow Greentech Limited,2024-10-08,2024-10-09,774.839599609375,799.4179726906792,35.75460276421529,42.46360556137185,6.709002797156558,60.36979660292908,2024-10-04,82.50269829683049,2024-09-30,811.7190431962293
334,BHAGERIA,Bhageria Industries Limited,2024-10-08,2024-10-09,224.7237548828125,226.97137933959738,35.88307894916049,47.02726422278731,11.144185273626817,62.77275713194241,2024-10-04,64.39380046318149,2024-09-30,231.90146111335577
414,CAMS,Computer Age Management Services Limited,2024-10-08,2024-10-09,851.971435546875,849.9623941654863,38.4920732639189,50.78192234716367,12.289849083244775,63.70180704712141,2024-10-04,74.5419368980281,2024-09-30,849.5339331025209
419,CAPACITE,Capacit'e Infraprojects Limited,2024-10-08,2024-10-09,375.45001220703125,377.1000061035156,39.20397483077343,47.05078796171694,7.846813130943509,64.48101854525959,2024-10-04,81.06731717469634,2024-09-30,383.6170155112462
631,DVL,Dhunseri Ventures Limited,2024-10-08,2024-10-09,439.82763671875,440.9395104527249,38.78517722840619,44.96447548957666,6.179298261170466,63.05940717898613,2024-10-04,67.59356496857086,2024-09-30,461.91201907596314
707,EVEREADY,Eveready Industries India Limited,2024-10-08,2024-10-09,427.9649963378906,432.0710344220991,35.959984375811715,41.33298432306371,5.372999947251998,62.30340447411177,2024-10-04,65.63562168193641,2024-09-30,448.49172579230617
723,FEDERALBNK,The Federal Bank  Limited,2024-10-08,2024-10-09,185.9947967529297,186.72784577160587,38.38671763351776,45.149964525111976,6.763246891594214,61.93656950868719,2024-10-04,76.38056961283117,2024-09-30,188.77769574376023
783,GENESYS,Genesys International Corporation Limited,2024-10-08,2024-10-09,739.5499877929688,742.0,36.32988443147347,42.53078214667414,6.200897715200675,61.707596896778654,2024-10-04,69.93240473079979,2024-09-30,766.9949827624204
858,GREENPLY,Greenply Industries Limited,2024-10-08,2024-10-09,372.16162109375,368.97224951755345,34.258048043264196,48.14667397046744,13.888625927203243,63.810046735474394,2024-10-04,78.68917052902816,2024-09-30,376.4575679924271
1204,KICL,Kalyani Investment Company Limited,2024-10-08,2024-10-09,5959.41357421875,6078.844116242301,34.99149803177802,42.686527436034744,7.695029404256722,60.25457795232872,2024-10-04,82.05892131285074,2024-09-30,6206.447350199581
1233,KOTHARIPET,Kothari Petrochemicals Limited,2024-10-08,2024-10-09,218.5035858154297,219.52992684089287,34.59763437574256,49.907083028748524,15.309448653005965,61.43370438309269,2024-10-04,77.13618162690203,2024-09-30,220.35462978556424
1450,MMP,MMP Industries Limited,2024-10-08,2024-10-09,360.8851318359375,360.8851580002858,37.86865655557537,46.03738786976131,8.16873131418594,60.88170603402026,2024-10-04,72.49454264897325,2024-09-30,370.1121289203353
1532,NDRAUTO,Ndr Auto Components Limited,2024-10-08,2024-10-09,804.879150390625,831.781272890225,39.25635103138239,47.99592425328259,8.739573221900201,69.98692437982442,2024-10-04,90.70357766900155,2024-09-30,839.3659454011279
1546,NEULANDLAB,Neuland Laboratories Limited,2024-10-08,2024-10-09,11667.85546875,11778.460196622775,38.34562551041969,43.749752992355965,5.404127481936278,71.92487943185783,2024-10-04,81.1847513474006,2024-09-30,12210.116330025294
1695,PGEL,PG Electroplast Limited,2024-10-08,2024-10-09,609.9811401367188,609.7811755269399,37.702067239491875,52.64881279971562,14.946745560223746,74.13319697653661,2024-10-04,89.53989454936536,2024-09-30,605.7305103545231
1705,PILANIINVS,Pilani Investment and Industries Corporation Limited,2024-10-08,2024-10-09,5158.73291015625,5221.86758403159,37.44988335683813,42.93344412616893,5.483560769330801,63.87344570373869,2024-10-04,86.42928774136278,2024-09-30,5350.5526346168635
1741,PPL,Prakash Pipes Limited,2024-10-08,2024-10-09,567.4390258789062,575.9414621395237,33.20386783617761,47.19909551128672,13.995227675109113,64.1361658483628,2024-10-04,76.00941613782824,2024-09-30,577.4007357785183
1761,PRIMESECU,Prime Securities Limited,2024-10-08,2024-10-09,280.986572265625,288.39537010063054,37.606971393360176,50.34489650261074,12.737925109250561,62.3667250735535,2024-10-04,76.00093021374423,2024-09-30,280.6930511446879
1821,RANEHOLDIN,Rane Holdings Limited,2024-10-08,2024-10-09,1899.9052734375,1904.6133373071475,36.38898233111764,47.33631489837352,10.947332567255884,60.75394765154546,2024-10-04,77.63668769086212,2024-09-30,1937.4462999639325
1901,RUBYMILLS,The Ruby Mills Limited,2024-10-08,2024-10-09,266.0045471191406,269.8740527060153,35.881763428100626,42.29953357919885,6.417770151098225,60.195792752699205,2024-10-04,63.89715583551641,2024-09-30,281.5288082068637
2029,SHILPAMED,Shilpa Medicare Limited,2024-10-08,2024-10-09,409.5787353515625,409.57873099248167,39.58157361895654,51.71453151138407,12.132957892427527,68.89163806043373,2024-10-04,75.74046305234462,2024-09-30,407.8610618368655
2074,SILINV,SIL Investments Limited,2024-10-08,2024-10-09,566.5057373046875,569.1786787205265,39.65681554282296,46.7643851120029,7.107569569179937,60.17581322987504,2024-10-04,71.85758507481256,2024-09-30,574.4647391644571
2172,SUMICHEM,Sumitomo Chemical India Limited,2024-10-08,2024-10-09,545.6217651367188,550.4503341653731,39.97912940082499,48.59287630377296,8.613746902947973,63.389677224376776,2024-10-04,67.81092245029939,2024-09-30,552.1394016028748
2293,THYROCARE,Thyrocare Technologies Limited,2024-10-08,2024-10-09,264.93585205078125,266.0308773158961,35.92937559376121,48.202124220178625,12.272748626417417,60.53412515495367,2024-10-04,60.25489743720571,2024-09-30,266.8258634351452
2301,TIMETECHNO,Time Technoplast Limited,2024-10-08,2024-10-09,191.29246520996094,192.46131121298004,36.714774600994964,47.21724283970934,10.502468238714378,61.21361675001721,2024-10-04,90.61827822782399,2024-09-30,195.14097603346204
2341,TRIVENI,Triveni Engineering & Industries Limited,2024-10-08,2024-10-09,447.8784484863281,449.9551978354654,37.01944479333833,45.60905207733531,8.589607283996983,61.80234951234162,2024-10-04,71.71764802896769,2024-09-30,460.9052720319113
2506,WELENT,Welspun Enterprises Limited,2024-10-08,2024-10-09,533.1494140625,543.2425104980254,35.46554322996111,41.535162354590966,6.0696191246298525,60.30351147952046,2024-10-04,79.55703652353125,2024-09-30,555.6446180509494
504,COROMANDEL,Coromandel International Limited,2024-10-09,2024-10-10,1591.501220703125,1595.4044046383492,35.68952737928235,42.22968592863128,6.540158549348924,61.993013831944886,2024-10-04,73.3216227599884,2024-09-30,1636.62400595383
831,GODREJIND,Godrej Industries Limited,2024-10-09,2024-10-10,1124.1500244140625,1128.25,39.6617081910333,45.92548135878341,6.263773167750109,63.88935858432118,2024-10-04,74.9183391851603,2024-09-30,1154.2294180675146
882,GULFOILLUB,Gulf Oil Lubricants India Limited,2024-10-09,2024-10-10,1221.883056640625,1225.9412856179608,39.683106547422284,41.416578627082096,1.733472079659812,61.14812222022117,2024-10-04,79.98985992194385,2024-09-30,1278.1976859360993
948,HINDPETRO,Hindustan Petroleum Corporation Limited,2024-10-09,2024-10-10,362.14013671875,364.5705959052797,39.437369841292174,42.14146012234586,2.7040902810536878,60.41586016974381,2024-10-04,80.41389442333681,2024-09-30,377.0036795195102
1056,INOXWIND,Inox Wind Limited,2024-10-09,2024-10-10,223.2899932861328,224.97999572753906,39.82954512306317,46.093125982961304,6.263580859898134,63.01143332973042,2024-10-04,83.38128349534185,2024-09-30,230.85200245682947
1498,MUTHOOTFIN,Muthoot Finance Limited,2024-10-09,2024-10-10,1894.3038330078125,1902.777740700444,37.98332967717057,45.95581309983816,7.972483422667587,60.74867976408911,2024-10-04,77.31285818495749,2024-09-30,1925.7232131422265
2218,SWARAJENG,Swaraj Engines Limited,2024-10-09,2024-10-10,2919.044189453125,2924.974657186769,39.79730441727126,40.57785152262955,0.7805471053582878,60.10993490061263,2024-10-04,75.68815642956604,2024-09-30,3017.5518297369663
2257,TCI,Transport Corporation of India Limited,2024-10-10,2024-10-11,1010.5438232421875,1010.5438707975042,39.581798047069604,40.37670503072446,0.7949069836548546,60.847770518403635,2024-10-04,70.1207760740502,2024-09-30,1047.7285445314378
2,21STCENMGM,21st Century Management Services Limited,2024-10-11,2024-10-14,106.80000305175781,108.93000030517578,39.180734082306714,43.38587723600217,4.2051431536954595,60.24154229720464,2024-10-04,76.2171489503083,2024-09-30,109.99567235475412
1000,IGL,Indraprastha Gas Limited,2024-10-15,2024-10-16,252.39474487304688,252.17826174296047,37.59869899034152,42.00446960719477,4.405770616853253,60.37022724033413,2024-10-11,67.313532229614,2024-09-30,259.13851808057115
1386,MARICO,Marico Limited,2024-10-18,2024-10-21,656.1925048828125,652.0747250103634,39.965861035504666,41.98269881335726,2.0168377778525937,62.60893786508917,2024-10-11,72.05084562262387,2024-09-30,670.7532806837145
1441,MINDACORP,Minda Corporation Limited,2024-10-18,2024-10-21,533.8751831054688,537.3581078728571,38.07892141067589,40.15513557269091,2.0762141620150203,61.65497704083571,2024-10-11,89.5568626168624,2024-09-30,563.2145361265843
2280,TFL,Transwarranty Finance Limited,2024-10-21,2024-10-22,32.93000030517578,32.93000030517578,39.82425806012629,44.87251366827107,5.048255608144778,61.68927925193,2024-10-18,87.3835258602542,2024-09-30,34.06040325160623
190,ARROWGREEN,Arrow Greentech Limited,2024-10-23,2024-10-24,791.5726928710938,798.4249012812066,38.98557266222173,47.74799380509665,8.76242114287492,61.14705158107131,2024-10-18,82.50269829683049,2024-09-30,799.237829056296
504,COROMANDEL,Coromandel International Limited,2024-10-23,2024-10-24,1583.6947021484375,1592.0446510171519,38.09248178887524,44.76967481115784,6.6771930222826015,60.960764014771186,2024-10-18,73.3216227599884,2024-09-30,1608.3689419160958
568,DEEPAKFERT,Deepak Fertilizers and Petrochemicals Corporation Limited,2024-10-23,2024-10-24,1103.27001953125,1067.4230276545197,36.79980114171834,59.50317524627483,22.703374104556488,64.38896175569471,2024-10-18,71.89802010652663,2024-09-30,1029.4105160120498
631,DVL,Dhunseri Ventures Limited,2024-10-23,2024-10-24,423.5359191894531,424.5994698938121,37.63096229667684,41.22888348259848,3.597921185921635,60.10952646072903,2024-10-18,67.59356496857086,2024-09-30,448.1776974035917
645,EDELWEISS,Edelweiss Financial Services Limited,2024-10-23,2024-10-24,110.17433166503906,110.78625432789406,36.09229477691029,42.06592532598331,5.973630549073015,64.9256739305109,2024-10-18,78.72710286981467,2024-09-30,119.29144495225835
787,GEOJITFSL,Geojit Financial Services Limited,2024-10-23,2024-10-24,126.43975830078125,126.44939636540377,38.118096746833686,44.329527409219835,6.2114306623861495,62.70377417368961,2024-10-18,78.81774691657826,2024-09-30,134.81151944248248
796,GILLETTE,Gillette India Limited,2024-10-23,2024-10-24,8111.478515625,8128.807808480837,34.295866936382325,41.581761381787025,7.2858944454047005,64.3207740514558,2024-10-18,77.6672071825165,2024-09-30,8355.753880961638
829,GODREJAGRO,Godrej Agrovet Limited,2024-10-23,2024-10-24,720.2484741210938,719.2803725220059,37.92346561257634,42.51180869961094,4.588343087034602,62.260784137742924,2024-10-18,66.74996081807726,2024-09-30,739.7495597917322
923,HEG,HEG Limited,2024-10-23,2024-10-24,438.252685546875,437.01410060435467,39.03077860914285,43.2848247716704,4.254046162527551,63.82050481088508,2024-10-18,65.95389702445848,2024-09-30,465.91861742706567
962,HNDFDS,Hindustan Foods Limited,2024-10-23,2024-10-24,601.0999755859375,592.5999755859375,37.99330826681291,43.03775310571532,5.0444448389024075,61.72725450953016,2024-10-18,65.74483592173533,2024-09-30,622.5019702588609
1017,INDHOTEL,The Indian Hotels Company Limited,2024-10-23,2024-10-24,653.80712890625,650.1343161078586,38.90913458530985,40.093792838489094,1.1846582531792436,60.45148655198321,2024-10-18,84.05838072432724,2024-09-30,679.1312195128772
1042,INDRAMEDCO,Indraprastha Medical Corporation Limited,2024-10-23,2024-10-24,395.8599853515625,396.2562330788379,38.8770713245796,40.63821919416392,1.7611478695843203,65.95724038753247,2024-10-18,83.22729344114944,2024-09-30,422.51228562998955
1056,INOXWIND,Inox Wind Limited,2024-10-23,2024-10-24,208.0800018310547,208.0,38.54351130846249,40.288439236159654,1.7449279276971623,62.50300355411633,2024-10-18,83.38128349534185,2024-09-30,221.45857674018694
1470,MOREPENLAB,Morepen Laboratories Limited,2024-10-23,2024-10-24,79.90814971923828,80.14712628461761,38.33498186905316,43.23615551098296,4.901173641929802,66.80814169575848,2024-10-18,73.21435103702446,2024-09-30,84.5248866816916
1518,NAUKRI,Info Edge (India) Limited,2024-10-23,2024-10-24,1548.8638916015625,1548.8638848379971,39.40036544219292,45.48525579048261,6.08489034828969,70.92898579850657,2024-10-18,78.56610382982203,2024-09-30,1585.964102840058
1640,ORISSAMINE,The Orissa Minerals Development Company Limited,2024-10-23,2024-10-24,8147.14990234375,8111.0498046875,36.489048120901494,40.48586129731797,3.996813176416474,60.75105665932171,2024-10-18,72.10481317027731,2024-09-30,8692.3900284935
1741,PPL,Prakash Pipes Limited,2024-10-23,2024-10-24,536.29638671875,539.8061114843965,37.70480004617989,43.52624923627744,5.821449190097546,60.3085170144879,2024-10-18,76.00941613782824,2024-09-30,560.0860445084343
1844,RELINFRA,Reliance Infrastructure Limited,2024-10-23,2024-10-24,267.25,271.6000061035156,39.121346230020684,45.10690078042423,5.985554550403549,61.24045424652921,2024-10-18,70.2524112379661,2024-09-30,281.7043334750138
2153,STERTOOLS,Sterling Tools Limited,2024-10-23,2024-10-24,524.7302856445312,526.0208051154983,38.41882851108869,45.713170001822995,7.294341490734304,66.19378721225758,2024-10-18,75.85681741169778,2024-09-30,544.1514853717134
2172,SUMICHEM,Sumitomo Chemical India Limited,2024-10-23,2024-10-24,515.3565063476562,522.1761690222487,36.967242268135635,42.13165729681772,5.164415028682086,62.31449697211741,2024-10-18,67.81092245029939,2024-09-30,541.5493558710465
2294,TI,Tilaknagar Industries Limited,2024-10-23,2024-10-24,283.8350524902344,284.98257521489415,38.67921808922364,43.65034361619077,4.971125526967128,61.14875893810439,2024-10-18,76.99083225107296,2024-09-30,295.55307640751454
118,ALKEM,Alkem Laboratories Limited,2024-10-24,2024-10-25,5846.82373046875,5843.9302703243675,38.10673946920637,43.65368125915969,5.546941789953323,64.51402582403793,2024-10-18,75.2863075271577,2024-09-30,5990.062106087781
239,AUROPHARMA,Aurobindo Pharma Limited,2024-10-24,2024-10-25,1436.8065185546875,1435.7107266342314,37.85757449905996,40.35647341427853,2.498898915218575,61.23897763244033,2024-10-18,72.57575229388624,2024-09-30,1469.2198697106128
972,HSCL,Himadri Speciality Chemical Limited,2024-10-24,2024-10-25,576.986083984375,575.4900233983749,38.41552237371619,40.79712985058669,2.3816074768704993,74.44172835893934,2024-10-18,84.57379395508913,2024-09-30,610.6009547116664
1109,JAYSREETEA,Jayshree Tea & Industries Limited,2024-10-24,2024-10-25,130.6106414794922,131.10839874148445,39.80601815075224,41.926871126750285,2.120852975998048,63.908608054643075,2024-10-18,64.08716683099121,2024-09-30,139.72498285785846
1147,JSWSTEEL,JSW Steel Limited,2024-10-24,2024-10-25,950.06982421875,950.0698362564998,39.62548997335113,41.138799083931275,1.5133091105801455,63.276346167829395,2024-10-18,72.62779999139539,2024-09-30,975.7798802753649
1333,LUPIN,Lupin Limited,2024-10-24,2024-10-25,2103.125244140625,2109.292072905075,37.59557715681574,44.954050571503636,7.358473414687893,68.45899182629381,2024-10-18,83.72921470636123,2024-09-30,2147.989110516581
1428,METROPOLIS,Metropolis Healthcare Limited,2024-10-24,2024-10-25,531.6840209960938,531.4225433436775,39.357589697414156,41.77089271666032,2.4133030192461646,62.533257844179744,2024-10-18,64.4102674680671,2024-09-30,545.8441876214506
1644,OSWALAGRO,Oswal Agro Mills Limited,2024-10-24,2024-10-25,72.0199966430664,70.56999969482422,36.73031964824672,40.43764368643344,3.7073240381867194,63.29426114227254,2024-10-18,78.3003764897807,2024-09-30,76.60250293455708
2226,SYNGENE,Syngene International Limited,2024-10-24,2024-10-25,875.5690307617188,874.8226235357597,34.62299546069123,51.68752511427749,17.064529653586263,64.44977224696416,2024-10-18,67.56924359347721,2024-09-30,870.1009075104988
2333,TREJHARA,TREJHARA SOLUTIONS LIMITED,2024-10-24,2024-10-25,243.6999969482422,240.10000610351562,35.26209426277704,40.0489086474408,4.7868143846637565,60.499712869753886,2024-10-18,76.95899137580126,2024-09-30,259.2935494684828
2506,WELENT,Welspun Enterprises Limited,2024-10-24,2024-10-25,528.74609375,531.4177832713733,38.10916555300212,43.48809709429119,5.37893154128907,62.310836205417274,2024-10-18,79.55703652353125,2024-09-30,543.6563626352964
694,ERIS,Eris Lifesciences Limited,2024-10-25,2024-10-28,1277.848876953125,1260.3922942954287,39.71482159552941,41.63560121989632,1.920779624366915,64.85306738636831,2024-10-18,77.19783151310526,2024-09-30,1316.7940306088562
1042,INDRAMEDCO,Indraprastha Medical Corporation Limited,2024-10-25,2024-10-28,397.1973571777344,399.1786459743209,39.65964190232308,41.78682709801079,2.1271851956877086,65.95724038753247,2024-10-18,83.22729344114944,2024-09-30,417.738082646734
1604,OFSS,Oracle Financial Services Software Limited,2024-10-25,2024-10-28,10099.44921875,10081.964377327646,39.98298031587148,43.75021691260902,3.76723659673754,66.1349044462611,2024-10-18,85.2911942802512,2024-09-30,10448.021553538669
143,ANANTRAJ,Anant Raj Limited,2024-10-28,2024-10-29,679.215087890625,699.9560137947195,39.92944129230746,44.96853234141881,5.039091049111349,63.94425376030044,2024-10-25,93.17572243215338,2024-09-30,708.0312185349155
1018,INDIACEM,The India Cements Limited,2024-10-28,2024-10-29,358.75,357.5,33.80094868505667,44.37748647881859,10.576537793761922,66.66523104953171,2024-10-25,70.56687268088307,2024-09-30,361.21232380490903
2473,VLSFINANCE,VLS Finance Limited,2024-10-28,2024-10-29,379.8111877441406,382.29426844145456,39.12160974852285,43.265718224064926,4.144108475542076,60.83419390193564,2024-10-25,79.08908990119562,2024-09-30,393.9266594648858
1526,NBIFIN,N. B. I. Industrial Finance Company Limited,2024-10-30,2024-10-31,2366.692138671875,2367.791123144246,39.586016658110495,46.96051401379958,7.374497355689087,60.24251741789336,2024-10-25,65.14030786684951,2024-09-30,2412.713772368263
1355,MAHSCOOTER,Maharashtra Scooters Limited,2024-10-31,2024-11-01,10052.1630859375,10506.74483378257,35.563190449450005,40.331642293272076,4.768451843822071,62.569498968929295,2024-10-25,86.65977061029434,2024-09-30,10838.43922962996
2224,SYMPHONY,Symphony Limited,2024-10-31,2024-11-01,1519.63818359375,1524.9656936193544,36.2770316145084,44.05215534956383,7.7751237350554305,60.626062967592304,2024-10-25,75.59707156278552,2024-09-30,1598.7581406428326
858,GREENPLY,Greenply Industries Limited,2024-11-01,2024-11-04,351.6299133300781,351.6299193723369,37.981525193568494,40.786482038103415,2.804956844534921,62.88210509799831,2024-10-25,69.30390509645177,2024-10-31,369.4232779608372
914,HCLTECH,HCL Technologies Limited,2024-11-04,2024-11-05,1637.759033203125,1643.3793834807566,38.55179626264706,40.022557893312246,1.4707616306651872,60.288096938444255,2024-11-01,71.42203157862099,2024-10-31,1682.9277458642334
972,HSCL,Himadri Speciality Chemical Limited,2024-11-05,2024-11-06,585.1148071289062,591.4481225562703,39.29966373672782,48.55322333634702,9.253559599619194,62.483167885830845,2024-11-01,72.74313680879318,2024-10-31,588.5182878711514
1656,PANACHE,Panache Digilife Limited,2024-11-05,2024-11-06,170.6999969482422,174.39999389648438,32.64212071194095,43.1078991343714,10.465778422430454,60.658035947762436,2024-11-01,74.93134755115592,2024-10-31,178.01286141425888
2183,SUNPHARMA,Sun Pharmaceutical Industries Limited,2024-11-06,2024-11-07,1794.1552734375,1811.3856137854564,37.1040872711055,42.96649751612524,5.862410245019738,67.30680802199451,2024-11-01,74.77091261899287,2024-10-31,1825.8345075311963
2183,SUNPHARMA,Sun Pharmaceutical Industries Limited,2024-11-08,2024-11-11,1776.6304931640625,1784.2884588851225,37.244977303522205,41.52937334544779,4.284396041925582,67.30680802199451,2024-11-01,74.77091261899287,2024-10-31,1815.781729776234
2677,IVZINGOLD,IVZINGOLD,2024-11-13,2024-11-14,6649.5,6641.0,37.94296689835811,41.63093883077338,3.687971932415273,64.1866696792276,2024-11-08,79.99605013063267,2024-10-31,6800.373135202322
60,ADSL,Allied Digital Services Limited,2024-11-14,2024-11-18,246.8123321533203,250.3473386437629,39.33511553162657,40.16984501634171,0.8347294847151403,62.46474011215477,2024-11-08,76.2535210962805,2024-10-31,267.3839459494213
197,ARVINDFASN,Arvind Fashions Limited,2024-11-14,2024-11-18,551.3641967773438,547.3904527345513,39.33999512800852,41.95584248986027,2.615847361851749,60.4152006772208,2024-11-08,65.76134762649316,2024-10-31,569.8804330637455
203,ASALCBR,Associated Alcohols & Breweries Ltd.,2024-11-14,2024-11-18,876.2301025390625,850.8255976625321,37.91609058380684,42.47135222698944,4.555261643182597,62.85164613990066,2024-11-08,76.05504204390239,2024-10-31,912.244801462288
618,DPABHUSHAN,D. P. Abhushan Limited,2024-11-14,2024-11-18,1643.8499755859375,1650.9000244140625,36.62666551049908,42.35626555094538,5.7296000404463,64.21325695679576,2024-11-08,88.66171138334366,2024-10-31,1720.4409789428862
931,HEXATRADEX,Hexa Tradex Limited,2024-11-14,2024-11-18,273.45001220703125,287.0,39.976419351461985,47.77703803875487,7.800618687292882,60.59098343673439,2024-11-08,67.42998742963594,2024-10-31,276.3018269016971
1147,JSWSTEEL,JSW Steel Limited,2024-11-14,2024-11-18,931.1795043945312,927.2130327216947,39.29306252101045,40.311723731340415,1.0186612103299666,60.61413616425603,2024-11-08,64.56039127041652,2024-10-31,963.0080522726563
1682,PCJEWELLER,PC Jeweller Limited,2024-11-14,2024-11-18,14.458999633789062,14.600000381469727,39.80188677816645,43.92308602849472,4.121199250328274,62.596070130896685,2024-11-08,71.78210014497003,2024-10-31,15.259904953076553
2463,VISHNU,Vishnu Chemicals Limited,2024-11-14,2024-11-18,436.1153869628906,436.01548238691026,37.757065829869916,40.06132416995415,2.304258340084232,74.50612827428415,2024-11-08,68.74312449625421,2024-10-31,478.562744890228
2546,ZENTEC,Zen Technologies Limited,2024-11-14,2024-11-18,1763.5396728515625,1805.5084915032867,39.69021765745084,47.182213070974875,7.491995413524037,63.17903233503227,2024-11-08,87.25441383341223,2024-10-31,1798.7367617024254
1018,INDIACEM,The India Cements Limited,2024-11-18,2024-11-19,356.95001220703125,357.3999938964844,39.85899447066374,43.92996996694991,4.070975496286174,63.89752936066957,2024-11-14,70.12481247424657,2024-10-31,359.301879181729
1411,MCX,Multi Commodity Exchange of India Limited,2024-11-19,2024-11-21,1216.6234130859375,1223.3279040271818,37.93298156470212,45.88241044547864,7.949428880776523,65.62084483369165,2024-11-14,85.21169669629325,2024-10-31,1244.7394928207816
1955,SARDAEN,Sarda Energy & Minerals Limited,2024-11-21,2024-11-22,414.4159240722656,411.38519287109375,37.24448427705678,40.02390130632091,2.779417029264131,62.486028696607775,2024-11-14,84.59814675947872,2024-10-31,441.45384241946545
2143,STAR,Strides Pharma Science Limited,2024-11-21,2024-11-22,1489.907958984375,1489.2638653372735,37.618522244071556,52.32125269416142,14.702730450089867,60.94367813366288,2024-11-14,88.96233358932653,2024-10-31,1470.0988311510168
1018,INDIACEM,The India Cements Limited,2024-11-22,2024-11-25,356.25,356.29998779296875,39.877814591370544,43.67641716611885,3.7986025747483083,63.89752936066957,2024-11-14,70.12481247424657,2024-10-31,358.4606520202521
1069,IPCALAB,IPCA Laboratories Limited,2024-12-05,2024-12-06,1486.1209716796875,1493.236451202744,39.61542395264935,40.60835312527767,0.9929291726283154,60.06774166298563,2024-11-29,70.58990502833623,2024-11-29,1533.5848670041694
1350,MAHASTEEL,Mahamaya Steel Industries Limited,2024-12-06,2024-12-09,209.7899932861328,211.0,35.927628974048616,46.15223259242016,10.224603618371546,72.94134993596543,2024-11-29,77.43263679498924,2024-11-29,214.4828523207111
2375,UNICHEMLAB,Unichem Laboratories Limited,2024-12-09,2024-12-10,784.5,796.25,35.93155412163628,40.14620715391342,4.214653032277141,60.38379423896121,2024-12-06,80.83271626516942,2024-11-29,826.3437194660319
1350,MAHASTEEL,Mahamaya Steel Industries Limited,2024-12-13,2024-12-16,208.0800018310547,215.0,38.11626483228232,46.99117862969747,8.874913797415154,65.3032368195698,2024-12-06,77.43263679498924,2024-11-29,211.31933896233238
2375,UNICHEMLAB,Unichem Laboratories Limited,2024-12-13,2024-12-16,779.8499755859375,785.0,36.705128944510186,41.877685547083765,5.172556602573579,60.38379423896121,2024-12-06,80.83271626516942,2024-11-29,810.895396578167
604,DIVISLAB,Divi's Laboratories Limited,2024-12-26,2024-12-27,5836.0009765625,5849.136925987949,39.81737887082457,48.0817388279458,8.26435995712123,61.0631374792267,2024-12-20,77.98187064289222,2024-11-29,5860.926808177695
2092,SKIPPER,Skipper Limited,2024-12-27,2024-12-30,548.6488037109375,560.8466046685675,38.899940822830885,41.68576706631634,2.7858262434854524,60.42675390977799,2024-12-20,84.81015137235826,2024-11-29,574.824495816702
1217,KITEX,Kitex Garments Limited,2025-01-01,2025-01-02,232.2600555419922,234.3710477725522,38.818445431759386,44.53990251537089,5.721457083611504,64.51202134563354,2024-12-27,78.92703526848948,2024-12-31,246.3208932711795
674,EMKAY,Emkay Global Financial Services Limited,2025-01-03,2025-01-06,304.9909973144531,305.6748352050781,39.14826936319609,43.74565937505132,4.597390011855225,68.35995539002532,2024-12-27,77.72577757064496,2024-12-31,315.3332230151847
691,EPL,EPL Limited,2025-01-07,2025-01-08,262.2990417480469,259.564706214578,37.61580642499919,51.62985724387077,14.014050818871574,60.02142689873626,2025-01-03,66.44780212166307,2024-12-31,259.6055351753871
1521,NAVKARCORP,Navkar Corporation Limited,2025-01-07,2025-01-08,150.9600067138672,151.0,39.06900689763901,43.11132119354614,4.042314295907133,61.438540738150344,2025-01-03,72.3053534840348,2024-12-31,157.68275575175016
1853,RGL,Renaissance Global Limited,2025-01-07,2025-01-08,170.67999267578125,171.0500030517578,36.096763090343536,43.95495775768061,7.858194667337074,60.051882834437606,2025-01-03,66.26790702194151,2024-12-31,175.2251068589839
2174,SUMMITSEC,Summit Securities Limited,2025-01-07,2025-01-08,2982.60009765625,2960.0,37.06430622672988,42.32152404949752,5.257217822767636,62.05591625716519,2025-01-03,82.01966594568862,2024-12-31,3107.5089621796633
2347,TTL,T T Limited,2025-01-08,2025-01-09,14.820450782775879,14.485002108600419,38.103395900771694,41.16782383586972,3.064427935098024,65.58570732484031,2025-01-03,70.3578846720437,2024-12-31,15.555821446453512
691,EPL,EPL Limited,2025-01-10,2025-01-13,242.76821899414062,239.69208943995713,39.74390455042132,40.99068320815364,1.246778657732321,60.02142689873626,2025-01-03,66.44780212166307,2024-12-31,256.04344656739113
2275,TERASOFT,Tera Software Limited,2025-01-10,2025-01-13,175.9273223876953,184.71669006347656,37.913313880976524,45.30858856512334,7.395274684146813,71.833829640418,2025-01-03,76.78456562844583,2024-12-31,184.0593867473471
1042,INDRAMEDCO,Indraprastha Medical Corporation Limited,2025-01-14,2025-01-15,472.0897521972656,473.87294144684864,39.77733832260104,44.61673127197815,4.839392949377114,61.01826970351355,2025-01-10,84.12994762879052,2024-12-31,499.89209405790183
1695,PGEL,PG Electroplast Limited,2025-01-14,2025-01-15,851.1248168945312,857.6219583505878,38.09548918617061,42.25438283988345,4.158893653712838,66.61902621888444,2025-01-10,93.47140119085338,2024-12-31,917.0305306849815
2522,WOCKPHARMA,Wockhardt Limited,2025-01-14,2025-01-15,1367.0,1367.0,39.90453691163928,45.466261412335065,5.561724500695782,66.85831569721778,2025-01-10,85.38751152961643,2024-12-31,1420.1079895589821
349,BIL,Bhartiya International Limited,2025-01-15,2025-01-16,759.0,796.5,39.11305517328391,42.671327844339174,3.5582726710552635,65.84761946355329,2025-01-10,77.13987874943544,2024-12-31,790.0748256099341
605,DIXON,Dixon Technologies (India) Limited,2025-01-15,2025-01-16,16912.125,17291.30465585352,38.73709565685927,46.46505576046899,7.727960103609725,61.947351291610275,2025-01-10,91.86086846526636,2024-12-31,17289.328430885143
1017,INDHOTEL,The Indian Hotels Company Limited,2025-01-15,2025-01-16,805.4340209960938,812.8291344618927,37.84062622688272,46.11974044049835,8.279114213615628,62.12270307267706,2025-01-10,89.19110703174981,2024-12-31,823.4863838095516
1689,PERSISTENT,Persistent Systems Limited,2025-01-15,2025-01-16,6032.02783203125,6075.408948886648,36.26914819459064,45.84683265897513,9.57768446438449,71.63750903757997,2025-01-10,81.85104853214234,2024-12-31,6162.915395071736
749,FORTIS,Fortis Healthcare Limited,2025-01-16,2025-01-17,661.9141845703125,663.3110406289297,37.9054923365393,42.197513663643505,4.292021327104209,61.525383123007785,2025-01-10,88.37683814040949,2024-12-31,688.2592904802988
2546,ZENTEC,Zen Technologies Limited,2025-01-16,2025-01-17,2232.582763671875,2245.707389082976,39.71710038041352,45.775817797929285,6.058717417515766,71.94253533083207,2025-01-10,91.28506344520183,2024-12-31,2327.1665787809316
100,AJMERA,Ajmera Realty & Infra India Limited,2025-01-17,2025-01-20,198.48187255859375,200.98926276325932,39.2864913933379,41.06346430901771,1.7769729156798135,65.6081756555241,2025-01-10,77.130151742106,2024-12-31,210.86963629990134
2447,VIMTALABS,Vimta Labs Limited,2025-01-20,2025-01-21,428.814208984375,429.0379220411216,39.92863828597199,41.56213790053958,1.6334996145675902,61.87405129475173,2025-01-17,75.03891461696975,2024-12-31,457.65726163285615
134,AMBER,Amber Enterprises India Limited,2025-01-23,2025-01-24,6767.60009765625,7200.0,39.5123055574718,47.76716332431333,8.254857766841532,61.362752152656064,2025-01-17,82.29341774571571,2024-12-31,6954.638662057962
488,COFORGE,Coforge Limited,2025-01-23,2025-01-24,1809.845947265625,1790.8649039532072,29.349363624882074,54.63039914922022,25.281035524338144,61.22888022869787,2025-01-17,79.37983699220155,2024-12-31,1761.4066333269923
504,COROMANDEL,Coromandel International Limited,2025-01-23,2025-01-24,1826.8343505859375,1827.1309271909336,38.45628276776265,49.464448580492004,11.008165812729352,65.42708790718106,2025-01-17,77.8219375593043,2024-12-31,1835.7171122528068
581,DGCONTENT,Digicontent Limited,2025-01-23,2025-01-24,54.119998931884766,56.5,35.83089493221826,41.83378479692471,6.002889864706454,66.38139788904371,2025-01-17,80.42826863161027,2024-12-31,58.2744595302726
754,FSL,Firstsource Solutions Limited,2025-01-23,2025-01-24,343.9936828613281,344.96160294536537,39.25944789162183,41.56962207884409,2.310174187222259,66.22487773214647,2025-01-17,83.95305061268681,2024-12-31,362.56410411522745
1017,INDHOTEL,The Indian Hotels Company Limited,2025-01-23,2025-01-24,769.40087890625,769.3512497798719,39.42261652056541,40.11993659380276,0.6973200732373499,63.04410808365775,2025-01-17,89.19110703174981,2024-12-31,804.2458409219646
1698,PGIL,Pearl Global Industries Limited,2025-01-23,2025-01-24,1316.235107421875,1327.4283976977497,39.57648744077022,40.486459529650205,0.9099720888799823,84.86698440844569,2025-01-17,83.88067458853953,2024-12-31,1441.3940776931727
605,DIXON,Dixon Technologies (India) Limited,2025-01-24,2025-01-27,15577.9677734375,15243.216083565929,39.4993820338522,40.60758600024006,1.1082039663878618,64.09942259836325,2025-01-17,91.86086846526636,2024-12-31,16635.210952899095
1210,KIRIINDUS,Kiri Industries Limited,2025-01-28,2025-01-29,536.2999877929688,537.0,33.26847093029882,40.03300886987617,6.764537939577352,60.13757728180197,2025-01-24,67.81472689069867,2024-12-31,573.5154612213587
293,BANARISUG,Bannari Amman Sugars Limited,2025-01-29,2025-01-30,3599.60302734375,3549.1709503800043,29.045295636756933,46.01403136310779,16.968735726350857,63.50718984513687,2025-01-24,66.07236887563414,2024-12-31,3668.450651973788
1288,LAURUSLABS,Laurus Labs Limited,2025-01-29,2025-01-30,542.0711059570312,564.1507551852753,34.58913503479185,44.09552909784716,9.50639406305531,64.98055389499979,2025-01-24,68.74496842011253,2024-12-31,566.4459918624549
2447,VIMTALABS,Vimta Labs Limited,2025-01-29,2025-01-30,423.37042236328125,422.57501353526845,34.96000304964949,44.3189690750769,9.358966025427414,63.221276064198264,2025-01-24,75.03891461696975,2024-12-31,440.4302390567095
222,ASTERDM,Aster DM Quality Care Limited,2025-01-30,2025-01-31,478.1048889160156,476.87287478277386,37.6981095510214,43.90949400726921,6.211384456247806,65.11272357182747,2025-01-24,83.76999790214046,2024-12-31,486.9989546546094
1934,SALZERELEC,Salzer Electronics Limited,2025-01-30,2025-01-31,1257.75244140625,1253.6151142311085,38.69518302304571,41.53495999694222,2.8397769738965124,60.7584662423213,2025-01-24,79.36788170850502,2024-12-31,1363.8034650971374
2087,SIYSIL,Siyaram Silk Mills Limited,2025-02-01,2025-02-03,766.42919921875,762.6547270368322,38.26808304238588,41.45616598329062,3.188082940904735,69.10555392207526,2025-01-24,65.96316256724154,2025-01-31,841.5724969535459
1849,REPL,Rudrabhishek Enterprises Limited,2025-02-07,2025-02-10,277.8999938964844,285.0,39.09476687164554,42.62404822299601,3.5292813513504697,65.20678515648163,2025-02-01,72.04473987901329,2025-01-31,293.92020955381315
837,GOLDIAM,Goldiam International Limited,2025-02-12,2025-02-13,314.0950927734375,314.94728616817815,36.39026210460748,40.3934628527066,4.003200748099118,62.98765960942239,2025-02-07,82.95811085067197,2025-01-31,352.3992845896086
1698,PGIL,Pearl Global Industries Limited,2025-02-12,2025-02-13,1389.2139892578125,1364.0165689189705,39.62941521379248,51.17709508011629,11.547679866323811,62.84346011096499,2025-02-07,79.40787923739474,2025-01-31,1371.5497840928936
134,AMBER,Amber Enterprises India Limited,2025-02-13,2025-02-14,6143.7001953125,6140.0,36.73485996270367,40.15662465250919,3.4217646898055136,60.833223216746404,2025-02-07,70.45345770569607,2025-01-31,6659.398809651139
2552,ZOTA,Zota Health Care LImited,2025-02-19,2025-02-20,860.9039306640625,858.4056936627726,39.383813435638615,41.365386137010745,1.98157270137213,60.82282326964833,2025-02-14,80.52447735820729,2025-01-31,919.0072853328533
2133,SRF,SRF Limited,2025-04-08,2025-04-09,2746.240966796875,2746.6393206855464,36.37971327241064,40.60535594694278,4.225642674532139,61.29803538520501,2025-04-04,63.30865845329069,2025-03-28,2870.4537344528962
260,AXISCADES,AXISCADES Technologies Limited,2025-04-11,2025-04-15,792.2000122070312,808.7000122070312,38.14313058692685,43.97351787020248,5.830387283275627,63.93005578372073,2025-04-04,68.0034939204204,2025-03-28,843.5966011331732
2133,SRF,SRF Limited,2025-04-11,2025-04-15,2932.497802734375,2989.8572773464984,39.61256437942535,54.910936350274085,15.298371970848734,61.29803538520501,2025-04-04,63.30865845329069,2025-03-28,2864.5335110890414
1580,NORBTEAEXP,Norben Tea & Exports Limited,2025-04-30,2025-05-02,39.9900016784668,39.95000076293945,39.97026090190873,42.02343714667937,2.05317624477064,60.237237140570116,2025-04-25,67.09310631395306,2025-03-28,41.80686788395845
1811,RAMANEWS,Shree Rama Newsprint Limited,2025-05-08,2025-05-09,32.36000061035156,31.0,36.55635894056828,43.92189784180871,7.365538901240427,61.02151278784306,2025-05-02,75.9519480204628,2025-04-30,34.2080803850319
912,HCG,Healthcare Global Enterprises Limited,2025-05-28,2025-05-29,550.9000244140625,551.9000244140625,39.347440961063114,44.43876898208492,5.091328021021809,65.64812742268694,2025-05-23,78.99831694704957,2025-04-30,574.8379430596661
1655,PANACEABIO,Panacea Biotec Limited,2025-06-05,2025-06-06,471.29998779296875,471.29998779296875,38.16294449124549,41.935416261263384,3.7724717700178942,62.87677987462911,2025-05-30,71.11133588349266,2025-05-30,508.08142519518947
293,BANARISUG,Bannari Amman Sugars Limited,2025-06-06,2025-06-09,3931.29736328125,3976.5465980000854,37.62788466899049,40.839811642834064,3.2119269738435747,62.523126932380336,2025-05-30,68.38443392332289,2025-05-30,4072.67381565671
466,CHOLAFIN,Cholamandalam Investment and Finance Company Limited,2025-06-06,2025-06-09,1590.66845703125,1617.4259285334201,39.575426818368406,52.18955966910111,12.614132850732702,61.88357648712423,2025-05-30,66.7829544340681,2025-05-30,1579.721731496848
53,ADANIPORTS,Adani Ports and Special Economic Zone Limited,2025-06-20,2025-06-23,1343.6373291015625,1335.3721246847103,38.453947646827906,41.4301855667801,2.9762379199521902,60.474552461563235,2025-06-13,63.549410490033964,2025-05-30,1388.7980095683765
530,CUPID,Cupid Limited,2025-06-20,2025-06-23,18.583999633789062,18.200000762939453,37.64332375230305,43.991988372422874,6.348664620119827,61.60850641185433,2025-06-13,67.17169788544089,2025-05-30,19.361552568594956
259,AXISBANK,Axis Bank Limited,2025-07-04,2025-07-07,1176.6925048828125,1176.6925315385822,39.92749894597033,42.906806466633284,2.9793075206629567,62.09413740005099,2025-06-27,60.27542053084133,2025-06-30,1197.4643629805655
400,BSE,BSE Limited,2025-07-09,2025-07-10,2517.16845703125,2527.940163178929,37.06432763062656,40.769937912227896,3.705610281601338,64.38929912792358,2025-07-04,88.45545800489434,2025-06-30,2669.3368362305123
1217,KITEX,Kitex Garments Limited,2025-07-23,2025-07-24,260.8998718261719,268.1304511253437,37.57888886210966,41.01529851590301,3.436409653793355,60.33027575455787,2025-07-18,71.9204693224057,2025-06-30,275.2602476630465
415,CANBK,Canara Bank,2025-07-24,2025-07-25,109.88513946533203,110.2239558435944,39.022190186236216,53.93363521347764,14.911445027241427,65.82192277170289,2025-07-18,65.71412047697063,2025-06-30,108.66580632566043
1332,LUMAXTECH,Lumax Auto Technologies Limited,2025-07-28,2025-07-29,1032.09130859375,1030.7024156515859,39.65160776844177,40.333128748107335,0.6815209796655637,70.0364972039267,2025-07-25,82.46312900738056,2025-06-30,1093.8307849896394
1411,MCX,Multi Commodity Exchange of India Limited,2025-07-29,2025-07-30,1561.9346923828125,1571.5977061147535,37.926771602649495,41.546737540360446,3.619965937710951,62.81647091178588,2025-07-25,80.31336493008547,2025-06-30,1628.0780787183116
260,AXISCADES,AXISCADES Technologies Limited,2025-07-30,2025-07-31,1299.5,1315.0,38.60351809032703,45.858691515123375,7.255173424796347,72.53600851510967,2025-07-25,78.13934386193127,2025-06-30,1350.811165481618
29,ABCAPITAL,Aditya Birla Capital Limited,2025-07-31,2025-08-01,256.6499938964844,256.5,35.74171821848448,45.14191912487361,9.40020090638913,69.62792327652292,2025-07-25,68.30395180483322,2025-06-30,262.4781860599231
412,CAMLINFINE,Camlin Fine Sciences Limited,2025-07-31,2025-08-01,267.45001220703125,280.79998779296875,34.392827632432514,42.98336794931947,8.590540316886958,63.81799186994126,2025-07-25,80.6908268094738,2025-06-30,279.44647211313026
1133,JMFINANCIL,JM Financial Limited,2025-08-04,2025-08-05,153.3150634765625,154.09529273351797,38.52878010077429,45.48045261286564,6.951672512091349,61.771128003663165,2025-08-01,66.17729385607961,2025-07-31,158.57241989319803
1767,PRIVISCL,Privi Speciality Chemicals Limited,2025-08-05,2025-08-06,2283.5908203125,2303.435027917062,38.35558771432432,40.068160446933646,1.712572732609324,67.97864121253714,2025-08-01,71.82292536943214,2025-07-31,2416.5213014946494
744,FMGOETZE,Federal-Mogul Goetze (India) Limited.,2025-08-11,2025-08-12,537.4000244140625,543.0,37.132032768656074,41.91335689194345,4.781324123287376,61.24048775598354,2025-08-08,71.55515910006844,2025-07-31,557.6450016200935
1332,LUMAXTECH,Lumax Auto Technologies Limited,2025-08-11,2025-08-12,1039.9205322265625,1052.5793121344882,38.753525854364,45.323682119157084,6.570156264793084,62.591427734805485,2025-08-08,76.78034374159938,2025-07-31,1086.2696256929241
2275,TERASOFT,Tera Software Limited,2025-08-12,2025-08-13,287.77496337890625,293.5115051269531,39.537577503106604,43.25480354782622,3.7172260447196166,60.82902381493247,2025-08-08,73.54698492863787,2025-07-31,300.07513605210215
260,AXISCADES,AXISCADES Technologies Limited,2025-08-13,2025-08-14,1224.0,1224.0,39.084357674724494,40.810558103476176,1.7262004287516817,65.32423527814944,2025-08-08,70.68261706894603,2025-07-31,1310.69131967929
320,BEL,Bharat Electronics Limited,2025-08-13,2025-08-14,385.78173828125,385.6822730687998,37.72135170808131,46.65603604229126,8.934684334209955,60.28655786684193,2025-08-08,70.28851915175365,2025-07-31,388.13073489321675
1350,MAHASTEEL,Mahamaya Steel Industries Limited,2025-08-13,2025-08-14,342.54998779296875,334.5,35.9679615678334,45.41036670935089,9.44240514151749,75.79557971191025,2025-08-08,82.6556040283036,2025-07-31,351.9776238353031
1976,SCHNEIDER,Schneider Electric Infrastructure Limited,2025-08-13,2025-08-14,886.2999877929688,883.2000122070312,38.973919843191354,46.44873713992566,7.474817296734308,64.86804158093778,2025-08-08,69.06170836131484,2025-07-31,920.4879095294782
504,COROMANDEL,Coromandel International Limited,2025-08-14,2025-08-18,2341.680419921875,2361.2838960480144,39.50447260336015,46.05472769481854,6.550255091458389,60.52256905273056,2025-08-08,82.99034917334664,2025-07-31,2413.780554783661
694,ERIS,Eris Lifesciences Limited,2025-08-14,2025-08-18,1675.5087890625,1743.7426617394174,39.12908933062385,41.12008396347628,1.9909946328524342,60.775370714842744,2025-08-08,77.90107101916624,2025-07-31,1726.1153353087682
744,FMGOETZE,Federal-Mogul Goetze (India) Limited.,2025-08-14,2025-08-18,527.2999877929688,528.9000244140625,38.761625342443345,42.96910994739892,4.2074846049555745,61.24048775598354,2025-08-08,71.55515910006844,2025-07-31,547.2188571918404
1498,MUTHOOTFIN,Muthoot Finance Limited,2025-08-14,2025-08-18,2734.2802734375,2776.5232728195374,34.15813775835866,63.7543248560505,29.59618709769184,64.65624547973856,2025-08-08,74.21976537728884,2025-07-31,2600.7882517301605
1504,NACLIND,NACL Industries Limited,2025-08-20,2025-08-21,257.5,270.3500061035156,37.209651577985575,42.625240623036206,5.4155890450506305,64.82831573491285,2025-08-14,85.24481341135571,2025-07-31,279.9324906633976
805,GLENMARK,Glenmark Pharmaceuticals Limited,2025-08-21,2025-08-22,1936.1510009765625,1936.1509815284594,37.754766195667024,40.45340742041787,2.698641224750844,66.55927749136848,2025-08-14,73.5026486444221,2025-07-31,2013.7454650649818
1810,RALLIS,Rallis India Limited,2025-08-29,2025-09-01,343.89373779296875,343.4988030808064,38.69316183435163,42.622776442695695,3.9296146083440675,70.32918506790492,2025-08-22,65.69277409537177,2025-07-31,360.3755008118887
797,GINNIFILA,Ginni Filaments Limited,2025-09-05,2025-09-08,46.220001220703125,47.849998474121094,36.86036556687887,41.59825056952927,4.737885002650401,63.5988981051862,2025-08-29,65.52335649642603,2025-08-29,48.82752561679581
748,FORCEMOT,FORCE MOTORS LTD,2025-09-09,2025-09-10,18118.0,18290.0,39.08826407438581,47.07612393775049,7.987859863364676,65.94469104875438,2025-09-05,86.45507671488183,2025-08-29,18738.936711333492
1504,NACLIND,NACL Industries Limited,2025-09-12,2025-09-15,252.4499969482422,253.89999389648438,39.59067212422058,42.83700585439195,3.246333730171365,61.6231128620091,2025-09-05,74.03091929055938,2025-08-29,267.3883949287063
2166,SUDARSCHEM,Sudarshan Chemical Industries Limited,2025-09-15,2025-09-16,1385.3514404296875,1391.604189175767,38.64133342817085,46.13000181725268,7.48866838908183,60.198698098250894,2025-09-12,77.44872673523815,2025-08-29,1405.808532240205
1125,JKCEMENT,JK Cement Limited,2025-09-16,2025-09-17,6664.19580078125,6665.192143264709,39.353716886183435,47.66619220042564,8.312475314242207,61.66917096197298,2025-09-12,80.10976535853811,2025-08-29,6731.1058540603235
1244,KRBL,KRBL Limited,2025-09-17,2025-09-18,404.75,408.8500061035156,38.556679079365296,40.370076380515094,1.8133973011497986,62.183234596819474,2025-09-12,66.18565022077031,2025-08-29,432.8265908087045
1430,MFSL,Max Financial Services Limited,2025-09-18,2025-09-19,1555.4000244140625,1558.9000244140625,38.055219233436446,43.01407553882559,4.958856305389141,63.70126618693829,2025-09-12,67.71120607797468,2025-08-29,1584.2597059499292
974,HUBTOWN,Hubtown Limited,2025-09-19,2025-09-22,325.3500061035156,325.29998779296875,39.756682838839424,44.46629076796963,4.7096079291302075,63.87448537543671,2025-09-12,70.9039190228792,2025-08-29,332.9254008489514
1047,INFOBEAN,InfoBeans Technologies Limited,2025-09-23,2025-09-24,132.66323852539062,133.63249021955897,38.7614132699137,43.29355772515672,4.532144455243014,62.76886019876441,2025-09-19,67.70647623497699,2025-08-29,140.45009464137885
543,DATAMATICS,Datamatics Global Services Limited,2025-09-24,2025-09-25,900.4000244140625,900.4000244140625,38.11284731374778,46.61143433201084,8.49858701826306,62.34238460041478,2025-09-19,74.7121425242662,2025-08-29,918.8557128540314
2285,THANGAMAYL,Thangamayil Jewellery Limited,2025-09-25,2025-09-26,2058.342529296875,2054.3536542171028,39.98519434750096,41.74598366231519,1.7607893148142324,60.26246597059751,2025-09-19,66.76394987010471,2025-08-29,2121.4342156779658
681,ENDURANCE,Endurance Technologies Limited,2025-09-26,2025-09-29,2719.103515625,2728.763528362617,38.78012623301476,40.45791600745866,1.6777897744438945,65.98603611516053,2025-09-19,65.04395723578213,2025-08-29,2827.0817696979193
912,HCG,Healthcare Global Enterprises Limited,2025-09-30,2025-10-01,643.2999877929688,640.3499755859375,35.907549519515314,43.392468477702685,7.484918958187372,61.365709761955124,2025-09-26,82.81017056514509,2025-08-29,658.7834543783725
433,CCL,CCL Products (India) Limited,2025-10-01,2025-10-03,851.3505249023438,859.678030061016,38.601323122325375,41.14986361290044,2.548540490575064,60.745142704536555,2025-09-26,62.654945576021696,2025-09-30,884.0024297622294
916,HDFCAMC,HDFC Asset Management Company Limited,2025-10-01,2025-10-03,2718.295166015625,2732.240196996289,39.29804507592874,41.08810995606432,1.7900648801355814,61.6906958150956,2025-09-26,76.29709527408043,2025-09-30,2786.2076252079737
1955,SARDAEN,Sarda Energy & Minerals Limited,2025-10-01,2025-10-03,548.6450805664062,550.7868899990212,39.4322303316102,43.71407030884051,4.281839977230312,61.37570011309752,2025-09-26,68.36141688391068,2025-09-30,569.7007022625062
349,BIL,Bhartiya International Limited,2025-10-03,2025-10-06,836.75,845.0,37.88870269089306,43.08090502034848,5.192202329455419,61.45473678358064,2025-09-26,63.605940060039806,2025-09-30,858.5969339329469
916,HDFCAMC,HDFC Asset Management Company Limited,2025-10-10,2025-10-13,2700.925048828125,2716.338047169571,38.89762380112612,42.133094573396455,3.2354707722703324,60.82975636072319,2025-10-03,76.29709527408043,2025-09-30,2753.235605231084
1697,PGHL,Procter & Gamble Health Limited,2025-10-10,2025-10-13,6018.1064453125,6058.880386136819,36.98157479219168,46.149989877395925,9.168415085204245,60.012617040999245,2025-10-03,71.62474493428499,2025-09-30,6077.746938335004
389,BOSCHLTD,Bosch Limited,2025-10-15,2025-10-16,38129.08984375,38228.43440827058,37.7426949906768,43.418078100650355,5.675383109973552,61.29202357892614,2025-10-10,65.79861980970223,2025-09-30,38539.33451840364
166,APOLLO,Apollo Micro Systems Limited,2025-10-21,2025-10-23,298.29998779296875,302.20001220703125,39.50490921293391,45.41062452365471,5.905715310720801,64.51167136472984,2025-10-17,82.51422393258511,2025-09-30,309.17016602035477
166,APOLLO,Apollo Micro Systems Limited,2025-10-29,2025-10-30,285.3999938964844,286.6000061035156,35.94983344659924,41.94698009511173,5.997146648512491,63.77226793458607,2025-10-24,82.51422393258511,2025-09-30,300.0433755956787
2279,TFCILTD,Tourism Finance Corporation of India Limited,2025-11-03,2025-11-04,69.58602142333984,69.5860211241251,39.46991922051428,44.24499634854074,4.77507712802646,68.385983970232,2025-10-31,74.1871482142386,2025-10-31,70.97391069098649
839,GOODLUCK,Goodluck India Limited,2025-11-07,2025-11-10,394.4253845214844,393.9266049406756,38.79710292896338,42.88308779477908,4.085984865815696,61.86587592985714,2025-10-31,65.33742787336675,2025-10-31,410.1607076403594
2557,ZYDUSWELL,Zydus Wellness Limited,2025-11-07,2025-11-10,449.4521484375,451.49804779822597,37.538451371756864,40.93678580606223,3.3983344343053687,61.64977769146024,2025-10-31,65.74269814130366,2025-10-31,470.183624600425
928,HEROMOTOCO,Hero MotoCorp Limited,2025-11-10,2025-11-11,5180.826171875,5196.292764875116,37.65849515358635,42.99199319218749,5.333498038601142,62.141359225240265,2025-11-07,68.05361274916007,2025-10-31,5284.315118919655
1391,MARUTI,Maruti Suzuki India Limited,2025-11-10,2025-11-11,15428.0556640625,15484.488192613455,37.11412440407701,40.883824153754155,3.7696997496771445,63.40582979333213,2025-11-07,74.71301504081669,2025-10-31,15749.16065621797
2279,TFCILTD,Tourism Finance Corporation of India Limited,2025-11-10,2025-11-11,68.8100814819336,68.64096798582649,38.83697719183429,43.5381002549506,4.701123063116306,66.44539402144167,2025-11-07,74.1871482142386,2025-10-31,70.15706840297307
1686,PENIND,Pennar Industries Limited,2025-11-13,2025-11-14,228.6999969482422,229.85000610351562,39.801951083757224,40.681413235645266,0.8794621518880419,63.36017097439577,2025-11-07,73.01343557514582,2025-10-31,246.6859841399991
647,EICHERMOT,Eicher Motors Limited,2025-11-17,2025-11-18,6728.53955078125,6764.166457439101,38.75256945094233,45.88986428215403,7.1372948312116975,61.52129955857382,2025-11-14,77.61451462861925,2025-10-31,6803.775581065594
756,GABRIEL,Gabriel India Limited,2025-11-19,2025-11-20,1112.48486328125,1101.7265483754131,24.399791228491836,41.638494284640565,17.23870305614873,60.36804777003007,2025-11-14,88.06893173426033,2025-10-31,1193.981519995375
2417,VASWANI,Vaswani Industries Limited,2025-11-20,2025-11-21,61.130001068115234,60.0,35.54511154670665,51.582251046882504,16.037139500175854,67.75861619194433,2025-11-14,62.180376764537016,2025-10-31,60.39086858426346
1409,MCLEODRUSS,Mcleod Russel India Limited,2025-11-21,2025-11-24,52.7599983215332,53.810001373291016,37.03167795968815,40.573946655481485,3.5422686957933323,62.86455438717325,2025-11-14,71.67827029733664,2025-10-31,56.468697550853044
54,ADANIPOWER,Adani Power Limited,2025-11-25,2025-11-26,146.83999633789062,147.1999969482422,38.297517754905144,41.033595972312845,2.7360782174077016,61.1992056292028,2025-11-21,72.22807735803647,2025-10-31,152.12973550893642
1511,NAM-INDIA,Nippon Life India Asset Management Limited,2025-12-04,2025-12-05,824.8443603515625,824.9432908447976,36.357488412889815,41.10367888672535,4.746190473835533,60.247284197199434,2025-11-28,72.31880435316506,2025-11-28,852.1153247667119
948,HINDPETRO,Hindustan Petroleum Corporation Limited,2025-12-05,2025-12-08,428.2852478027344,429.6641879299487,39.338813414655206,41.61587841320004,2.2770649985448372,61.05181346964712,2025-11-28,64.18412856157715,2025-11-28,438.25437353184236
1829,RBLBANK,RBL Bank Limited,2025-12-05,2025-12-08,305.01031494140625,305.9080220733769,38.79395766319422,46.65203295546106,7.8580752922668395,72.01579701514191,2025-11-28,66.49946764472087,2025-11-28,308.9138328043516
1933,SALSTEEL,S.A.L. Steel Limited,2025-12-05,2025-12-08,36.630001068115234,35.790000915527344,36.9449283151069,43.464420947294336,6.519492632187436,69.58007940890617,2025-11-28,76.24137941116294,2025-11-28,38.8151921809961
2279,TFCILTD,Tourism Finance Corporation of India Limited,2025-12-05,2025-12-08,64.47277069091797,64.47276748400476,38.965494104993134,40.990053412620874,2.02455930762774,67.99972246283446,2025-11-28,75.78635390973825,2025-11-28,67.46509304634534
993,IFBAGRO,IFB Agro Industries Limited,2025-12-09,2025-12-10,1284.9000244140625,1310.5999755859375,39.58308051045782,48.24649726818951,8.663416757731689,61.97994435689846,2025-12-05,76.79147542755004,2025-11-28,1314.876450922819
1718,PNB,Punjab National Bank,2025-12-09,2025-12-10,114.50052642822266,114.89894169192758,37.765765369921674,42.63840128184391,4.872635911922238,61.73061816852642,2025-12-05,64.39559695016332,2025-11-28,117.87493435483982
2093,SKMEGGPROD,SKM Egg Products Export (India) Limited,2025-12-09,2025-12-10,206.52499389648438,210.0,39.87784873844428,52.26336243883451,12.385513700390234,63.76699052531211,2025-12-05,65.5123082779779,2025-11-28,205.28189662265137
2414,VARROC,Varroc Engineering Limited,2025-12-09,2025-12-10,636.4036254882812,639.6968722390582,39.191329550723175,47.84268318408667,8.651353633363492,61.68943719554027,2025-12-05,63.60880263958258,2025-11-28,643.1952315527614
912,HCG,Healthcare Global Enterprises Limited,2025-12-10,2025-12-11,708.6500244140625,705.2000122070312,39.26082330447813,44.0187953933579,4.757972088879768,61.957063202965806,2025-12-05,78.32171876717057,2025-11-28,722.860655572641
1629,ORICONENT,Oricon Enterprises Limited,2025-12-10,2025-12-11,56.0,56.790000915527344,39.02542095810783,45.15202930373521,6.126608345627382,64.80861630545053,2025-12-05,77.28599838430131,2025-11-28,57.06717290434755
400,BSE,BSE Limited,2025-12-11,2025-12-12,2691.708740234375,2708.264880391144,39.09821421360334,48.169509655668534,9.071295442065193,63.282099178371844,2025-12-05,74.06480556140961,2025-11-28,2740.312726757211
1933,SALSTEEL,S.A.L. Steel Limited,2025-12-11,2025-12-12,34.91999816894531,34.91999816894531,39.31838682033417,40.55996360060133,1.2415767802671596,61.22448929101144,2025-12-05,76.24137941116294,2025-11-28,37.463475223109114
1038,INDOTHAI,Indo Thai Securities Limited,2025-12-12,2025-12-15,368.1499938964844,362.6000061035156,35.175614680650924,41.48489210989007,6.309277429239145,66.13396168818575,2025-12-05,86.67873134105525,2025-11-28,398.0184187936654
1147,JSWSTEEL,JSW Steel Limited,2025-12-12,2025-12-15,1119.0721435546875,1113.7030081234932,38.79023881194472,45.089873821803664,6.299635009858946,61.16846545429749,2025-12-05,66.83224555079573,2025-11-28,1133.6170550235863
259,AXISBANK,Axis Bank Limited,2025-12-18,2025-12-19,1228.852294921875,1235.746885956047,39.093596013601186,41.09252331197378,1.9989272983725925,69.9157202503147,2025-12-12,62.28736334624303,2025-11-28,1257.373410354521
1797,RADICO,Radico Khaitan Limited,2025-12-18,2025-12-19,3156.396728515625,3143.026403164834,38.74360608186451,47.379281880428614,8.635675798564101,64.76869355736444,2025-12-12,78.05868468063997,2025-11-28,3190.22788030793
118,ALKEM,Alkem Laboratories Limited,2025-12-19,2025-12-22,5501.2265625,5501.22681228399,39.596443325348105,43.27110029343578,3.6746569680876746,60.35395219820099,2025-12-12,63.82565817100611,2025-11-28,5571.634601637213
928,HEROMOTOCO,Hero MotoCorp Limited,2025-12-19,2025-12-22,5588.27490234375,5600.357954105418,39.36101607290044,41.61567525204146,2.254659179141022,65.63317335152112,2025-12-12,72.78083762153005,2025-11-28,5742.3257085195355
2355,TVSSRICHAK,TVS Srichakra Limited,2025-12-19,2025-12-22,4220.10009765625,4251.0,39.18363743121055,44.33660997589748,5.152972544686932,64.97779238643338,2025-12-12,66.34406540943465,2025-11-28,4347.295376800398
2388,UNIVCABLES,Universal Cables Limited,2025-12-19,2025-12-22,853.0299682617188,866.480780201685,39.666621214791725,46.28397933670196,6.617358121910236,64.16417329128817,2025-12-12,67.1412396596316,2025-11-28,876.8614699543098
928,HEROMOTOCO,Hero MotoCorp Limited,2025-12-23,2025-12-24,5552.5078125,5552.5080352834075,37.818236936059506,40.98474284308719,3.166505907027684,60.777841776625706,2025-12-19,72.78083762153005,2025-11-28,5705.82705604662
2355,TVSSRICHAK,TVS Srichakra Limited,2025-12-26,2025-12-29,4104.60009765625,4071.0,37.075484971961515,41.263436033643615,4.187951061682099,63.000378212242886,2025-12-19,66.34406540943465,2025-11-28,4269.7222135543
2116,SOUTHBANK,The South Indian Bank Limited,2025-12-30,2025-12-31,37.392364501953125,37.5211008675344,39.45150962826086,43.840970578243386,4.389460949982528,61.56561825982316,2025-12-26,74.66396430032141,2025-11-28,38.40459941820969
1331,LUMAXIND,Lumax Industries Limited,2025-12-31,2026-01-01,5168.501953125,5238.828390153616,39.83388786661855,41.0481827428727,1.2142948762541508,67.07696024970241,2025-12-26,83.6420470273132,2025-11-28,5400.364769278133
1430,MFSL,Max Financial Services Limited,2025-12-31,2026-01-01,1671.800048828125,1677.5,39.741154661203296,49.54903552406112,9.807880862857822,60.898339514753964,2025-12-26,68.98598822615944,2025-11-28,1675.9198502741099
1331,LUMAXIND,Lumax Industries Limited,2026-01-02,2026-01-05,5290.83056640625,5370.071455650573,36.49155517789408,47.95769196779684,11.466136789902762,67.07696024970241,2025-12-26,75.57828292229517,2025-12-31,5359.252307222373
1066,IOC,Indian Oil Corporation Limited,2026-01-09,2026-01-12,154.27261352539062,153.67553378036777,38.182347828590295,41.358087170161696,3.1757393415714006,67.01898557612955,2026-01-02,66.06494123736393,2025-12-31,158.31612392397403
527,CUB,City Union Bank Limited,2026-01-13,2026-01-14,205.97035217285156,204.33566764293485,37.60761511029861,48.241934778788035,10.634319668489425,71.89240728040453,2026-01-09,75.84897254622777,2025-12-31,209.26668772769005
1213,KIRLOSENG,Kirloskar Oil Engines Limited,2026-01-13,2026-01-14,1146.25390625,1145.5565912635443,39.566118239589954,43.888542952276474,4.322424712686519,60.28220895741296,2026-01-09,65.11934494009267,2025-12-31,1192.694332821156
723,FEDERALBNK,The Federal Bank  Limited,2026-01-16,2026-01-19,269.3298645019531,270.52580014523227,32.68836909426051,63.3351425010385,30.64677340677799,65.98224633407543,2026-01-09,76.25208409673095,2025-12-31,257.1099070510023
844,GPPL,Gujarat Pipavav Port Limited,2026-01-20,2026-01-21,177.6300048828125,176.74000549316406,35.29966256018298,42.522686390907744,7.223023830724763,63.0386675245283,2026-01-16,61.54372087878493,2025-12-31,183.1935681953332
6,3MINDIA,3M India Limited,2026-01-21,2026-01-22,33494.9140625,33672.346948746315,37.806444397763414,43.483457311030705,5.677012913267291,60.464360863514706,2026-01-16,60.43365044806563,2025-12-31,34287.94465798258
1350,MAHASTEEL,Mahamaya Steel Industries Limited,2026-01-21,2026-01-22,803.7000122070312,815.0999755859375,36.88635247792013,40.47650010684129,3.590147628921166,64.3575519376978,2026-01-16,93.73527994269573,2025-12-31,858.2376965705912
1829,RBLBANK,RBL Bank Limited,2026-01-21,2026-01-22,296.73175048828125,300.07310560617,39.615953897755816,42.610698073533584,2.994744175777768,66.55469195925413,2026-01-16,66.94603795693388,2025-12-31,307.0578930162527
338,BHARATFORG,Bharat Forge Limited,2026-01-22,2026-01-23,1425.5400390625,1429.0254391125816,35.257324771265104,49.51331868818974,14.255993916924638,65.03405575705682,2026-01-16,60.46969144163209,2025-12-31,1429.957516237681
530,CUPID,Cupid Limited,2026-01-22,2026-01-23,82.04000091552734,84.80000305175781,39.902767142335925,47.34256894249711,7.4398018001611845,78.28872507540265,2026-01-16,94.33467342516911,2025-12-31,85.53117338536904
991,IDFCFIRSTB,IDFC First Bank Limited,2026-01-22,2026-01-23,83.953369140625,84.09295426008092,39.67741575034031,53.39682337909834,13.719407628758034,62.99860808641668,2026-01-16,62.73618420601721,2025-12-31,83.36328543487588
1102,JAMNAAUTO,Jamna Auto Industries Limited,2026-01-22,2026-01-23,119.36000061035156,120.8499984741211,38.26787146728799,43.280024345379445,5.012152878091456,70.06246241171088,2026-01-16,61.63034119231719,2025-12-31,124.53875200469312
1213,KIRLOSENG,Kirloskar Oil Engines Limited,2026-01-22,2026-01-23,1108.799072265625,1113.3812436882752,38.48154590016158,40.49284058198678,2.0112946818252055,61.17967106092391,2026-01-16,65.11934494009267,2025-12-31,1162.09317985452
1301,LGBBROSLTD,LG Balakrishnan & Bros Limited,2026-01-22,2026-01-23,1720.3623046875,1717.7978102700388,30.736676025744444,44.42599487886333,13.689318853118884,63.942526325115296,2026-01-16,70.00781742065784,2025-12-31,1775.3800136834434
2739,NPBET,NPBET,2026-01-22,2026-01-23,292.2200012207031,293.0899963378906,39.438442011920245,41.62475153537284,2.186309523452593,60.02598340062233,2026-01-16,67.05870404684586,2025-12-31,294.7588301187576
1288,LAURUSLABS,Laurus Labs Limited,2026-01-23,2026-01-27,1015.3890991210938,1028.975548530729,38.813907323316656,41.60837944026743,2.7944721169507716,70.53428801681639,2026-01-16,82.83276004840576,2025-12-31,1052.7045708070452
2232,TAKE,TAKE Limited,2026-01-28,2026-01-29,38.45000076293945,38.5,39.95975756819631,47.93970987497945,7.97995230678314,73.35778999295334,2026-01-23,72.2476644982206,2025-12-31,39.550455449842545
523,CSBBANK,CSB Bank Limited,2026-01-29,2026-01-30,435.29998779296875,434.45001220703125,38.16459718838652,41.60227531606846,3.4376781276819344,67.20356961609599,2026-01-23,66.36010798721222,2025-12-31,475.8629626138444
2310,TITAN,Titan Company Limited,2026-01-30,2026-02-02,3964.3916015625,3986.9177381580034,36.28007877045026,41.790461735862664,5.510382965412404,60.91569638809776,2026-01-23,62.5224016007668,2025-12-31,4038.637795841568
638,EASTSILK,Eastern Silk Industries Limited,2026-02-02,2026-02-03,76.77999877929688,80.61000061035156,30.30651704989053,59.469281249796474,29.162764199905943,60.21568767853226,2026-01-30,81.9928620447928,2026-01-30,72.94304789539025
298,BANKBARODA,Bank of Baroda,2026-02-03,2026-02-04,276.4582214355469,277.03943550928153,33.78834804085835,40.974859371141946,7.186511330283594,63.01695685629053,2026-01-30,69.68241122770618,2026-01-30,288.41620474524063
1498,MUTHOOTFIN,Muthoot Finance Limited,2026-02-04,2026-02-05,3690.4951171875,3600.0596802322707,39.9647784881295,45.144972245275035,5.180193757145538,70.55290898009137,2026-01-30,86.66905126118647,2026-01-30,3794.01584852936
2285,THANGAMAYL,Thangamayil Jewellery Limited,2026-02-04,2026-02-05,3273.842529296875,3273.742657532637,38.93657639175358,43.213401200161805,4.276824808408222,61.106786744224124,2026-01-30,75.82004556846064,2026-01-30,3461.001563560633
1498,MUTHOOTFIN,Muthoot Finance Limited,2026-02-06,2026-02-09,3673.141845703125,3691.1890413528818,39.73357407295581,45.86584677269522,6.13227269973941,70.55290898009137,2026-01-30,86.66905126118647,2026-01-30,3762.760969294022
2285,THANGAMAYL,Thangamayil Jewellery Limited,2026-02-06,2026-02-09,3390.715576171875,3299.769965896007,39.94813697333253,48.67757273558184,8.72943576224931,61.106786744224124,2026-01-30,75.82004556846064,2026-01-30,3430.284719287584
1580,NORBTEAEXP,Norben Tea & Exports Limited,2026-02-09,2026-02-10,83.06999969482422,79.0999984741211,39.288757534145255,42.95563156478263,3.6668740306373735,62.28881967773272,2026-02-06,79.04182556366987,2026-01-30,86.6288614313714
638,EASTSILK,Eastern Silk Industries Limited,2026-02-10,2026-02-11,69.80000305175781,69.80000305175781,34.63910634134466,41.89705622239246,7.2579498810478,61.20502776789798,2026-02-06,81.9928620447928,2026-01-30,72.29746547531445
942,HINDALCO,Hindalco Industries Limited,2026-02-18,2026-02-19,894.5831909179688,905.8742748344301,39.92714859077062,42.33833237399654,2.4111837832259226,62.40676534332338,2026-02-13,72.80521467806082,2026-01-30,929.5011282572601
2761,RNAVAL,RNAVAL,2026-03-02,2026-03-04,1781.4000244140625,1799.300048828125,38.065648591339986,57.398872161155154,19.333223569815168,74.38463694906171,2026-02-27,75.74673695866517,2026-02-27,1756.8302966510164
527,CUB,City Union Bank Limited,2026-03-05,2026-03-06,199.24586486816406,199.43162231256287,34.792107798105135,40.53027282812855,5.738165030023417,62.576518307732314,2026-02-27,70.25531289975754,2026-02-27,209.42545811975208
530,CUPID,Cupid Limited,2026-03-05,2026-03-06,81.0999984741211,82.56999969482422,36.52942865859019,47.49595918271692,10.966530524126732,62.87168088697752,2026-02-27,73.99946756267104,2026-02-27,82.25449075987163
1326,LT,Larsen & Toubro Limited,2026-03-05,2026-03-06,3999.634033203125,3976.1632721469473,34.62585526152127,44.83419341411368,10.208338152592411,62.63003994971116,2026-02-27,69.32375172355233,2026-02-27,4108.801943507432
1690,PETRONET,Petronet LNG Limited,2026-03-05,2026-03-06,289.7078552246094,286.5443583744865,38.14548907640976,46.67982905566384,8.534339979254078,70.00576104590215,2026-02-27,62.3283645468638,2026-02-27,297.0702619771437
2370,ULTRACEMCO,UltraTech Cement Limited,2026-03-05,2026-03-06,12042.19921875,11916.760135980647,34.22299412254209,40.2034490960873,5.980454973545207,60.54899260399136,2026-02-27,64.02871782369076,2026-02-27,12423.839770013563
210,ASHOKLEY,Ashok Leyland Limited,2026-03-10,2026-03-11,190.31344604492188,191.12952483800373,34.358334240170365,42.73247076912157,8.374136528951205,67.1051383178516,2026-03-06,85.00584111074588,2026-02-27,198.1120698534505
647,EICHERMOT,Eicher Motors Limited,2026-03-10,2026-03-11,7458.396484375,7495.508142755437,38.55860481152498,46.74025176756925,8.181646956044268,60.125723593732395,2026-03-06,80.41228268855296,2026-02-27,7610.871261705494
1182,KARURVYSYA,Karur Vysya Bank Limited,2026-03-10,2026-03-11,299.2724304199219,302.64619015147406,38.56232402515804,44.7870185649066,6.224694539748562,72.28246868620249,2026-03-06,83.40909563279065,2026-02-27,310.553309612627
1972,SBIN,State Bank of India,2026-03-10,2026-03-11,1092.5074462890625,1093.68621097212,37.6110821267794,41.51413698722708,3.903054860447682,69.33837517207614,2026-03-06,81.67013787064664,2026-02-27,1135.4640822056062
2251,TATASTEEL,Tata Steel Limited,2026-03-10,2026-03-11,191.059814453125,193.15656834339634,39.9040475808421,44.345420898140134,4.441373317298037,61.89374328634349,2026-03-06,70.51476696321599,2026-02-27,197.64944126134867
2353,TVSMOTOR,TVS Motor Company Limited,2026-03-10,2026-03-11,3771.916259765625,3766.8338341963254,38.596499031677624,49.92554775429206,11.329048722614438,60.103016175329884,2026-03-06,80.27727375488953,2026-02-27,3779.924588842402
1933,SALSTEEL,S.A.L. Steel Limited,2026-03-12,2026-03-13,43.11000061035156,42.25,37.756004436922346,42.36463828000949,4.608633843087141,60.663514938294426,2026-03-06,74.622250037422,2026-02-27,44.898018130402086
499,CONSOFINVT,Consolidated Finvest & Holdings Limited,2026-03-24,2026-03-25,214.77999877929688,210.49000549316406,36.793183715930105,42.86321488897767,6.070031173047568,61.682994823455346,2026-03-20,60.42634216875101,2026-02-27,222.90842238052502
1213,KIRLOSENG,Kirloskar Oil Engines Limited,2026-03-24,2026-03-25,1325.098388671875,1327.1939100556426,36.25163685977684,42.64922943217784,6.3975925724010025,62.01038737557901,2026-03-20,68.96493056844092,2026-02-27,1390.346964652132
1411,MCX,Multi Commodity Exchange of India Limited,2026-03-24,2026-03-25,2419.0,2469.0,39.5285790672362,46.87489239794485,7.346313330708647,62.662261236587725,2026-03-20,78.0491855582554,2026-02-27,2479.0206539303663
2421,VEDL,Vedanta Limited,2026-03-25,2026-03-27,658.6500244140625,655.4500122070312,39.7808195015435,45.583452771008,5.802633269464501,66.05668651114993,2026-03-20,81.11370191812858,2026-02-27,673.4834821043188
1605,OIL,Oil India Limited,2026-05-08,2026-05-11,454.20001220703125,457.0,39.457263114993324,40.28651601192109,0.8292528969277626,61.57106225980397,2026-05-01,60.635925042005965,2026-04-30,471.6080534269893
1333,LUPIN,Lupin Limited,2026-05-14,2026-05-15,2241.944091796875,2251.6735302840248,38.12481396236278,43.789833255774305,5.665019293411525,67.61528149651758,2026-05-08,68.9844111392295,2026-04-30,2295.3525949177797
2310,TITAN,Titan Company Limited,2026-05-14,2026-05-15,4121.67578125,4141.410861180254,38.58889514132868,41.274963239258526,2.686068097929848,64.64287525454233,2026-05-08,63.14556974593588,2026-04-30,4283.666316645109
1736,POWERGRID,Power Grid Corporation of India Limited,2026-05-15,2026-05-18,305.8500061035156,296.29998779296875,36.5079918000227,43.99353209224478,7.485540292222076,64.97855265998183,2026-05-08,62.583587301449754,2026-04-30,310.4002477335123
250,AVANTIFEED,Avanti Feeds Limited,2026-05-19,2026-05-20,1253.18994140625,1241.0278227416015,38.66210443669035,40.141136661594324,1.4790322249039747,60.17013248198522,2026-05-15,75.285682315719,2026-04-30,1333.4874931406587
2389,UNIVPHOTO,Universus Photo Imagings Limited,2026-05-22,2026-05-25,423.0,431.45001220703125,38.645955419974385,42.58570434220588,3.9397489222314945,61.651294996481354,2026-05-15,64.41416954799148,2026-04-30,441.8907794367806
1411,MCX,Multi Commodity Exchange of India Limited,2026-06-04,2026-06-05,2893.5,2910.0,35.62025137414548,40.19365211875488,4.573400744609401,61.59194548351756,2026-05-29,81.2104983972273,2026-05-29,3063.037786198644
1050,INGERRAND,Ingersoll Rand (India) Limited,2026-06-05,2026-06-08,3942.8076171875,3922.3002210323284,35.889346756267386,41.22272984929361,5.333383093026221,61.076048478761685,2026-05-29,60.22241231553789,2026-05-29,4138.550073174825
1976,SCHNEIDER,Schneider Electric Infrastructure Limited,2026-06-05,2026-06-08,1172.199951171875,1149.0,37.15343602590945,44.35485495580601,7.201418929896562,75.05823862554747,2026-05-29,70.61542965927426,2026-05-29,1239.1922946251377
2755,QGOLDHALF,QGOLDHALF,2026-06-09,2026-06-10,125.48999786376953,122.77999877929688,38.988297755711244,42.76323782235734,3.7749400666460957,61.528611855497715,2026-06-05,82.82036049135758,2026-05-29,127.72945387927886
1576,NLCINDIA,NLC India Limited,2026-06-12,2026-06-15,316.29998779296875,321.6000061035156,38.42570731653896,42.30902523409337,3.8833179175544075,68.36744336219581,2026-06-05,71.38243680531507,2026-05-29,331.14868303733317
1924,SAIL,Steel Authority of India Limited,2026-06-12,2026-06-15,184.08999633789062,185.9499969482422,38.89700362731198,42.445838317883734,3.548834690571752,65.16353690339072,2026-06-05,73.40460444701687,2026-05-29,191.46334688723303
1976,SCHNEIDER,Schneider Electric Infrastructure Limited,2026-06-12,2026-06-15,1105.699951171875,1123.699951171875,38.15330892028239,40.315823017891844,2.162514097609453,61.502516816165496,2026-06-05,70.61542965927426,2026-05-29,1187.2900955236767
2262,TDPOWERSYS,TD Power Systems Limited,2026-06-12,2026-06-15,595.8181762695312,610.7036262776132,39.88936090564636,47.39611498457424,7.506754078927877,79.41880368276563,2026-06-05,84.66697277288792,2026-05-29,614.3453847853486
239,AUROPHARMA,Aurobindo Pharma Limited,2026-06-17,2026-06-18,1422.4000244140625,1429.4000244140625,38.26381063858067,45.22662080590258,6.962810167321905,66.46027736273518,2026-06-12,64.60966362961639,2026-05-29,1444.1309771771196
1924,SAIL,Steel Authority of India Limited,2026-06-18,2026-06-19,182.16000366210938,181.39999389648438,38.19926866676115,42.04958594827477,3.850317281513618,60.309759338680614,2026-06-12,73.40460444701687,2026-05-29,188.23709012441023
183,ARIHANT,Arihant Foundations & Housing Limited,2026-07-02,2026-07-03,788.9000244140625,794.0,39.4200960521714,40.98124175263068,1.561145700459278,79.23320703701138,2026-06-26,89.43242991352783,2026-06-30,839.3132685796412
345,BHEL,Bharat Heavy Electricals Limited,2026-07-08,2026-07-09,376.585205078125,378.77812449492245,39.731970597404604,40.60329097649624,0.8713203790916353,61.38829093147859,2026-07-03,71.86297640379024,2026-06-30,393.71683471375496
160,APARINDS,Apar Industries Limited,2026-07-09,2026-07-10,14070.0,14170.0,37.89036439352266,44.68774591969822,6.797381526175563,62.25569027247186,2026-07-03,74.38172397476396,2026-06-30,14742.803410290422
400,BSE,BSE Limited,2026-07-09,2026-07-10,3795.699951171875,3815.0,39.56056655815742,44.539523818203044,4.978957260045625,62.06992370609368,2026-07-03,73.12105839804275,2026-06-30,3867.4151183889658
952,HIRECT,Hirect Limited,2026-07-09,2026-07-10,1039.911865234375,1050.9004568699347,38.559610405469,41.5551018727955,2.995491467326495,68.78448130644057,2026-07-03,68.93095520146954,2026-06-30,1096.5502964457826
1348,MAHABANK,Bank of Maharashtra,2026-07-09,2026-07-10,82.01000213623047,82.9000015258789,37.4224866311816,41.36821652316206,3.945729891980463,71.2837019371494,2026-07-03,73.16193828459097,2026-06-30,86.14810934122394
1753,PRECWIRE,Precision Wires India Limited,2026-07-09,2026-07-10,388.645751953125,394.6364225368446,37.934004339241746,44.50819309116087,6.574188751919124,61.515084780775084,2026-07-03,76.21792026481451,2026-06-30,401.14933476264247
2181,SUNFLAG,Sunflag Iron And Steel Company Limited,2026-07-09,2026-07-10,334.6499938964844,334.6499938964844,38.81591386011907,43.138945257006796,4.323031396887728,61.10860461455561,2026-07-03,60.966425151635235,2026-06-30,346.63956747184585
2388,UNIVCABLES,Universal Cables Limited,2026-07-09,2026-07-10,1099.9766845703125,1101.2720154411825,39.770660905682426,42.595116755720134,2.824455850037708,62.36752972715603,2026-07-03,69.87523816195943,2026-06-30,1172.976454278855
54,ADANIPOWER,Adani Power Limited,2026-07-10,2026-07-13,218.4499969482422,217.10000610351562,39.41118292817128,42.88971892477572,3.4785359966044425,64.45384536067968,2026-07-03,72.97128197007622,2026-06-30,223.20174161534428
1193,KEI,KEI Industries Limited,2026-07-10,2026-07-13,5149.5,5139.0,37.279591999188774,44.90214048180529,7.622548482616516,60.5405265743916,2026-07-03,64.7247730189193,2026-06-30,5258.793208391713
1730,POLYCAB,Polycab India Limited,2026-07-10,2026-07-13,9210.5,9190.0,37.48549505396674,42.14884219508047,4.663347141113732,63.62852911448749,2026-07-03,67.57804847080465,2026-06-30,9500.184943252227
54,ADANIPOWER,Adani Power Limited,2026-07-14,2026-07-15,226.1699981689453,227.5500030517578,39.464505342809396,53.721243572369254,14.256738229559858,62.41511793365194,2026-07-10,72.97128197007622,2026-06-30,222.8317703184421
2290,THERMAX,Thermax Limited,2026-07-15,2026-07-16,4548.0,4575.0,39.07048343971232,45.143563910323294,6.073080470610975,68.22568145375136,2026-07-10,67.13991609817899,2026-06-30,4710.880673893655
2156,STLTECH,Sterlite Technologies Limited,2026-07-21,2026-07-22,528.75,531.0,39.514941431490136,45.561380875563614,6.046439444073478,66.54710591274664,2026-07-17,90.4806674692933,2026-06-30,550.0593766027755
989,IDEA,Vodafone Idea Limited,2026-07-22,2026-07-23,13.539999961853027,13.489999771118164,39.91549946642054,41.195337259281395,1.279837792860853,62.42099503240173,2026-07-17,62.98553881662448,2026-06-30,13.924256793722694
2060,SICAGEN,Sicagen India Limited,2026-07-22,2026-07-23,51.189998626708984,51.79999923706055,39.808136928932086,41.021674746049506,1.2135378171174196,74.40822964755117,2026-07-17,72.79908879614452,2026-06-30,52.43143601610861
365,BLISSGVS,Bliss GVS Pharma Limited,2026-07-23,2026-07-24,461.8500061035156,450.0,38.92157148004971,44.17746415939551,5.255892679345806,78.3290212396845,2026-07-17,90.54432646060648,2026-06-30,485.4794433458392
1389,MARKSANS,Marksans Pharma Limited,2026-07-23,2026-07-24,245.42266845703125,244.22596015301124,37.02557562634316,41.09177093240719,4.066195306064024,71.68278533200339,2026-07-17,62.55944914818997,2026-06-30,260.0603551919263
1243,KPRMILL,K.P.R. Mill Limited,2026-07-24,2026-07-27,1061.5,1076.0,36.91012475042571,42.76733816579168,5.857213415365969,63.05227697450117,2026-07-17,63.26301718767041,2026-06-30,1104.8670086850423
1511,NAM-INDIA,Nippon Life India Asset Management Limited,2026-07-24,2026-07-27,1112.5,1123.5999755859375,39.69033781641875,41.18699224621796,1.4966544297992144,66.85196399471371,2026-07-17,75.83713344880101,2026-06-30,1161.0273386048939
1586,NRBBEARING,NRB Bearing Limited,2026-07-24,2026-07-27,397.6499938964844,399.29998779296875,37.945216226941604,41.416813144974334,3.4715969180327306,68.65561462216057,2026-07-17,69.86983539003026,2026-06-30,412.03193637140936
2489,VTL,Vardhman Textiles Limited,2026-07-24,2026-07-27,614.5999755859375,617.9000244140625,38.899630003029536,41.460424437732925,2.5607944347033893,62.00962100859711,2026-07-17,68.08778645175038,2026-06-30,631.8640630792727
2060,SICAGEN,Sicagen India Limited,2026-07-27,2026-07-28,50.939998626708984,50.939998626708984,39.79791968703833,42.103061421908215,2.305141734869885,69.93399534651492,2026-07-24,72.79908879614452,2026-06-30,51.97180752430141
933,HFCL,HFCL Limited,2026-07-29,2026-07-30,193.55999755859375,193.0,39.266355396389535,43.18557636240774,3.9192209660182016,71.76502723392166,2026-07-24,80.8364786038531,2026-06-30,205.25308834509943
2093,SKMEGGPROD,SKM Egg Products Export (India) Limited,2026-07-29,2026-07-30,273.5,268.0,39.83268492959366,41.02245754364959,1.1897726140559257,79.76517604506307,2026-07-24,70.37798455716,2026-06-30,304.09359406959214
2428,VENUSREM,Venus Remedies Limited,2026-07-29,2026-07-30,1593.1396484375,1593.139619003124,38.443837678763465,44.43227731313948,5.9884396343760145,65.02992940525826,2026-07-24,88.1483042534693,2026-06-30,1677.158335683949
777,GAYAPROJ,Gayatri Projects Limited,2026-07-31,2026-08-03,19.979999542236328,20.0,35.42296331682577,42.19809496245628,6.775131645630509,61.10154904662769,2026-07-24,74.42317397105182,2026-06-30,20.813563705525574
933,HFCL,HFCL Limited,2026-07-31,2026-08-03,193.9199981689453,196.9499969482422,38.58505355396346,45.13485051602773,6.549796962064271,71.76502723392166,2026-07-24,80.8364786038531,2026-06-30,202.5233788329124
1095,J&KBANK,The Jammu & Kashmir Bank Limited,2026-07-31,2026-08-03,156.0,155.0,38.43204856135752,40.49195065831763,2.0599020969601085,65.70850418242298,2026-07-24,71.7959199893078,2026-06-30,168.96836978873927
2060,SICAGEN,Sicagen India Limited,2026-08-03,2026-08-04,49.970001220703125,50.0,39.239699915881594,41.119642408941175,1.8799424930595805,67.17402546905043,2026-07-31,69.15151980155163,2026-07-31,51.08827404498397
1961,SATIN,Satin Creditcare Network Limited,2026-08-04,2026-08-05,235.0500030517578,235.89999389648438,37.83905486284233,40.98256529528588,3.1435104324435486,61.32653042142023,2026-07-31,64.73302640971248,2026-07-31,250.53254694841624
93,AHLWEST,Asian Hotels (West) Limited,2026-08-05,2026-08-06,535.9000244140625,519.9000244140625,36.88848842800683,42.664088786936496,5.775600358929665,67.37120731282613,2026-07-31,90.79949571827804,2026-07-31,557.4961869849736
1775,PSPPROJECT,PSP Projects Limited,2026-08-05,2026-08-06,944.75,945.5,39.82831760200473,41.59039819379386,1.762080591789129,60.56761586814073,2026-07-31,62.23726404239909,2026-07-31,1000.5874360886623
2060,SICAGEN,Sicagen India Limited,2026-08-05,2026-08-06,51.5099983215332,55.0,39.892656273022006,51.46100162857255,11.56834535555054,67.17402546905043,2026-07-31,69.15151980155163,2026-07-31,51.01435852444318
284,BALAMINES,Balaji Amines Limited,2026-08-06,2026-08-07,2100.800048828125,2109.0,39.45478376065885,46.22861009300972,6.773826332350872,65.49596361305497,2026-07-31,60.11798904635795,2026-07-31,2170.958914137763
1961,SATIN,Satin Creditcare Network Limited,2026-08-06,2026-08-07,232.88999938964844,232.89999389648438,38.96305800174516,40.473843433037516,1.510785431292355,61.32653042142023,2026-07-31,64.73302640971248,2026-07-31,247.30698119627147
1870,RML,Rane (Madras) Limited,2026-08-07,2026-08-10,1053.699951171875,1057.699951171875,38.9155029225678,40.71019265978128,1.7946897372134742,63.286372069690344,2026-07-31,64.16907778815509,2026-07-31,1130.925540101505
2506,WELENT,Welspun Enterprises Limited,2026-08-07,2026-08-10,588.9000244140625,590.0,35.76786110500407,47.77111086608741,12.003249761083339,63.368241856704216,2026-07-31,60.62328969282704,2026-07-31,595.4262144528824
338,BHARATFORG,Bharat Forge Limited,2026-08-12,2026-08-13,2081.5,2080.0,38.651784941788065,42.72043345144652,4.068648509658452,73.92352416428605,2026-08-07,71.6677956058706,2026-07-31,2150.6749729704984
1401,MAYURUNIQ,Mayur Uniquoters Ltd,2026-08-13,2026-08-14,749.6093139648438,753.1318105975198,39.90969673272588,41.46140252680686,1.5517057940809806,60.157105675395655,2026-08-07,62.55169182978723,2026-07-31,775.7007815339523
1858,RICOAUTO,Rico Auto Industries Limited,2026-08-13,2026-08-14,131.83999633789062,132.25,39.87780981089641,43.68287041007301,3.805060599176599,63.50969752670604,2026-08-07,61.25248954222007,2026-07-31,139.78778880306365
94,AIAENG,AIA Engineering Limited,2026-08-14,2026-08-17,4482.7998046875,4423.0,37.342863520803114,40.60769462566815,3.2648311048650385,65.39047579971596,2026-08-07,61.13999033157134,2026-07-31,4641.215436493087
167,APOLLOHOSP,Apollo Hospitals Enterprise Limited,2026-08-14,2026-08-17,8920.5,8917.5,39.43928054546825,54.74732125710672,15.30804071163847,70.97327873788109,2026-08-07,69.50853152588776,2026-07-31,8823.065353603335
568,DEEPAKFERT,Deepak Fertilizers and Petrochemicals Corporation Limited,2026-08-14,2026-08-17,1486.262451171875,1491.8245661008286,35.785758221113966,42.913429608863154,7.127671387749189,60.52981425753396,2026-08-07,61.059224087211014,2026-07-31,1530.861182099321
1019,INDIAGLYCO,India Glycols Limited,2026-08-14,2026-08-17,1061.0999755859375,1069.0,39.23681584763942,40.516836705107735,1.2800208574683154,63.331389048853936,2026-08-07,64.56836498718542,2026-07-31,1104.801394297976
1213,KIRLOSENG,Kirloskar Oil Engines Limited,2026-08-14,2026-08-17,2100.10009765625,2100.10009765625,38.869230794315996,42.92952962418029,4.060298829864294,61.63574446847847,2026-08-07,75.3631387555864,2026-07-31,2174.75869907103
1976,SCHNEIDER,Schneider Electric Infrastructure Limited,2026-08-18,2026-08-19,1274.4000244140625,1288.9000244140625,36.34772645079737,43.31165968263172,6.963933231834353,61.78391858336894,2026-08-14,71.4701954378684,2026-07-31,1344.7244110904323
2183,SUNPHARMA,Sun Pharmaceutical Industries Limited,2026-08-19,2026-08-20,1900.0,1905.0,33.520345510358695,42.22470804380238,8.704362533443685,60.696860690597305,2026-08-14,65.30801522093935,2026-07-31,1929.2770680897568
1996,SETCO,Setco Automotive Limited,2026-08-20,2026-08-21,17.0,17.34000015258789,37.97363320040647,41.35868262717195,3.385049426765484,60.66429751097679,2026-08-14,72.8525395138752,2026-07-31,17.496889191572787
1821,RANEHOLDIN,Rane Holdings Limited,2026-08-21,2026-08-24,1615.5999755859375,1626.800048828125,36.75158988492073,42.02508582312947,5.27349593820874,63.016364464042425,2026-08-14,61.092084039874585,2026-07-31,1677.8693694026979
