date,cash_fno_10_slot,cash_fno_15_slot,hybrid_10_slot,cash_broad_10_slot
2018-01-01,10000000.0,10000000.0,10002380.952380951,10000000.0
2018-01-02,10000000.0,10000000.0,10004762.471655328,10000000.0
2018-01-03,10000000.0,10000000.0,10007144.557958104,10000000.0
2018-01-04,10000000.0,10000000.0,10009527.211424284,10000000.0
2018-01-05,10000000.0,10000000.0,10011910.432188908,10000000.0
2018-01-08,10000000.0,10000000.0,10014294.220387047,10000000.0
2018-01-09,10000000.0,10000000.0,10016678.576153805,10000000.0
2018-01-10,10000000.0,10000000.0,10019063.499624318,10000000.0
2018-01-11,10000000.0,10000000.0,10021448.990933752,10000000.0
2018-01-12,10000000.0,10000000.0,10023835.050217308,10000000.0
2018-01-15,10000000.0,10000000.0,10026221.677610217,10000000.0
2018-01-16,10000000.0,10000000.0,10028608.873247743,10000000.0
2018-01-17,10000000.0,10000000.0,10030996.637265183,10000000.0
2018-01-18,10000000.0,10000000.0,10033384.969797865,10000000.0
2018-01-19,10000000.0,10000000.0,10035773.87098115,10000000.0
2018-01-22,10000000.0,10000000.0,10038163.340950431,10000000.0
2018-01-23,10000000.0,10000000.0,10040553.379841134,10000000.0
2018-01-24,10000000.0,10000000.0,10042943.987788714,10000000.0
2018-01-25,10000000.0,10000000.0,10045335.164928664,10000000.0
2018-01-29,10000000.0,10000000.0,10047726.911396503,10000000.0
2018-01-30,10000000.0,10000000.0,10050119.227327788,10000000.0
2018-01-31,10000000.0,10000000.0,10052512.112858104,10000000.0
2018-02-01,10000000.0,10000000.0,10054905.56812307,10000000.0
2018-02-02,10000000.0,10000000.0,10057299.593258338,10000000.0
2018-02-05,10000000.0,10000000.0,10059694.18839959,10000000.0
2018-02-06,10000000.0,10000000.0,10062089.353682542,10000000.0
2018-02-07,10000000.0,10000000.0,10064485.089242943,10000000.0
2018-02-08,10000000.0,10000000.0,10066881.395216571,10000000.0
2018-02-09,10000000.0,10000000.0,10069278.271739243,10000000.0
2018-02-12,10000000.0,10000000.0,10071675.7189468,10000000.0
2018-02-14,10000000.0,10000000.0,10074073.73697512,10000000.0
2018-02-15,10000000.0,10000000.0,10076472.325960115,10000000.0
2018-02-16,10000000.0,10000000.0,10078871.486037724,10000000.0
2018-02-19,10000000.0,10000000.0,10081271.217343923,10000000.0
2018-02-20,10000000.0,10000000.0,10083671.520014718,10000000.0
2018-02-21,10000000.0,10000000.0,10086072.39418615,10000000.0
2018-02-22,10000000.0,10000000.0,10088473.839994289,10000000.0
2018-02-23,10000000.0,10000000.0,10090875.85757524,10000000.0
2018-02-26,10000000.0,10000000.0,10093278.44706514,10000000.0
2018-02-27,10000000.0,10000000.0,10095681.608600155,10000000.0
2018-02-28,10000000.0,10000000.0,10098085.342316488,10000000.0
2018-03-01,10000000.0,10000000.0,10100489.648350373,10000000.0
2018-03-05,10000000.0,10000000.0,10102894.526838075,10000000.0
2018-03-06,10000000.0,10000000.0,10105299.977915894,10000000.0
2018-03-07,10000000.0,10000000.0,10107706.00172016,10000000.0
2018-03-08,10000000.0,10000000.0,10110112.598387236,10000000.0
2018-03-09,10000000.0,10000000.0,10112519.768053519,10000000.0
2018-03-12,10000000.0,10000000.0,10114927.510855436,10000000.0
2018-03-13,10000000.0,10000000.0,10117335.82692945,10000000.0
2018-03-14,10000000.0,10000000.0,10119744.716412053,10000000.0
2018-03-15,10000000.0,10000000.0,10122154.17943977,10000000.0
2018-03-16,10000000.0,10000000.0,10124564.21614916,10000000.0
2018-03-19,10000000.0,10000000.0,10126974.826676816,10000000.0
2018-03-20,10000000.0,10000000.0,10129386.011159359,10000000.0
2018-03-21,10000000.0,10000000.0,10131797.769733444,10000000.0
2018-03-22,10000000.0,10000000.0,10134210.102535762,10000000.0
2018-03-23,10000000.0,10000000.0,10136623.009703033,10000000.0
2018-03-26,10000000.0,10000000.0,10139036.49137201,10000000.0
2018-03-27,10000000.0,10000000.0,10141450.54767948,10000000.0
2018-03-28,10000000.0,10000000.0,10143865.17876226,10000000.0
2018-04-02,10000000.0,10000000.0,10146280.384757204,10000000.0
2018-04-03,10000000.0,10000000.0,10148696.165801194,10000000.0
2018-04-04,10000000.0,10000000.0,10151112.522031147,10000000.0
2018-04-05,10000000.0,10000000.0,10153529.453584012,10000000.0
2018-04-06,10000000.0,10000000.0,10155946.96059677,10000000.0
2018-04-09,10000000.0,10000000.0,10158365.043206437,10000000.0
2018-04-10,10000000.0,10000000.0,10160783.701550057,10000000.0
2018-04-11,10000000.0,10000000.0,10163202.935764711,10000000.0
2018-04-12,10000000.0,10000000.0,10165622.745987512,10000000.0
2018-04-13,10000000.0,10000000.0,10168043.132355604,10000000.0
2018-04-16,10000000.0,10000000.0,10170464.095006166,10000000.0
2018-04-17,10000000.0,10000000.0,10172885.634076405,10000000.0
2018-04-18,10000000.0,10000000.0,10175307.749703566,10000000.0
2018-04-19,10000000.0,10000000.0,10177730.442024924,10000000.0
2018-04-20,10000000.0,10000000.0,10180153.711177787,10000000.0
2018-04-23,10000000.0,10000000.0,10182577.557299497,10000000.0
2018-04-24,10000000.0,10000000.0,10185001.980527425,10000000.0
2018-04-25,10000000.0,10000000.0,10187426.98099898,10000000.0
2018-04-26,10000000.0,10000000.0,10189852.558851598,10000000.0
2018-04-27,10000000.0,10000000.0,10192278.714222753,10000000.0
2018-04-30,10000000.0,10000000.0,10194705.447249949,10000000.0
2018-05-02,10000000.0,10000000.0,10197132.758070722,10000000.0
2018-05-03,10000000.0,10000000.0,10199560.646822644,10000000.0
2018-05-04,10000000.0,10000000.0,10201989.113643317,10000000.0
2018-05-07,10000000.0,10000000.0,10204418.158670375,10000000.0
2018-05-08,10000000.0,10000000.0,10206847.782041486,10000000.0
2018-05-09,10000000.0,10000000.0,10209277.983894354,10000000.0
2018-05-10,10000000.0,10000000.0,10211708.764366709,10000000.0
2018-05-11,10000000.0,10000000.0,10214140.12359632,10000000.0
2018-05-14,10000000.0,10000000.0,10216572.061720986,10000000.0
2018-05-15,10000000.0,10000000.0,10219004.578878539,10000000.0
2018-05-16,10000000.0,10000000.0,10221437.675206844,10000000.0
2018-05-17,10000000.0,10000000.0,10223871.350843798,10000000.0
2018-05-18,10000000.0,10000000.0,10226305.605927333,10000000.0
2018-05-21,10000000.0,10000000.0,10228740.44059541,10000000.0
2018-05-22,10000000.0,10000000.0,10231175.854986029,10000000.0
2018-05-23,10000000.0,10000000.0,10233611.849237217,10000000.0
2018-05-24,10000000.0,10000000.0,10236048.423487036,10000000.0
2018-05-25,10000000.0,10000000.0,10238485.57787358,10000000.0
2018-05-28,10000000.0,10000000.0,10240923.312534979,10000000.0
2018-05-29,10000000.0,10000000.0,10243361.627609393,10000000.0
2018-05-30,10000000.0,10000000.0,10245800.523235014,10000000.0
2018-05-31,10000000.0,10000000.0,10248239.999550069,10000000.0
2018-06-01,10000000.0,10000000.0,10250680.056692818,10000000.0
2018-06-04,10000000.0,10000000.0,10253120.694801554,10000000.0
2018-06-05,10000000.0,10000000.0,10255561.914014602,10000000.0
2018-06-06,10000000.0,10000000.0,10258003.71447032,10000000.0
2018-06-07,10000000.0,10000000.0,10260446.096307099,10000000.0
2018-06-08,10000000.0,10000000.0,10262889.059663363,10000000.0
2018-06-11,10000000.0,10000000.0,10265332.60467757,10000000.0
2018-06-12,10000000.0,10000000.0,10267776.731488207,10000000.0
2018-06-13,10000000.0,10000000.0,10270221.4402338,10000000.0
2018-06-14,10000000.0,10000000.0,10272666.731052903,10000000.0
2018-06-15,10000000.0,10000000.0,10275112.604084106,10000000.0
2018-06-18,10000000.0,10000000.0,10277559.05946603,10000000.0
2018-06-19,10000000.0,10000000.0,10280006.097337332,10000000.0
2018-06-20,10000000.0,10000000.0,10282453.717836699,10000000.0
2018-06-21,10000000.0,10000000.0,10284901.92110285,10000000.0
2018-06-22,10000000.0,10000000.0,10287350.707274541,10000000.0
2018-06-25,10000000.0,10000000.0,10289800.076490559,10000000.0
2018-06-26,10000000.0,10000000.0,10292250.028889723,10000000.0
2018-06-27,10000000.0,10000000.0,10294700.564610887,10000000.0
2018-06-28,10000000.0,10000000.0,10297151.683792938,10000000.0
2018-06-29,10000000.0,10000000.0,10299603.386574794,10000000.0
2018-07-02,10000000.0,10000000.0,10302055.673095407,10000000.0
2018-07-03,10000000.0,10000000.0,10304508.543493763,10000000.0
2018-07-04,10000000.0,10000000.0,10306961.997908881,10000000.0
2018-07-05,10000000.0,10000000.0,10309416.036479812,10000000.0
2018-07-06,10000000.0,10000000.0,10311870.65934564,10000000.0
2018-07-09,10000000.0,10000000.0,10314325.866645483,10000000.0
2018-07-10,10000000.0,10000000.0,10316781.658518495,10000000.0
2018-07-11,10000000.0,10000000.0,10319238.035103856,10000000.0
2018-07-12,10000000.0,10000000.0,10321694.996540785,10000000.0
2018-07-13,10000000.0,10000000.0,10324152.542968532,10000000.0
2018-07-16,10000000.0,10000000.0,10326610.674526382,10000000.0
2018-07-17,10000000.0,10000000.0,10329069.39135365,10000000.0
2018-07-18,10000000.0,10000000.0,10331528.693589687,10000000.0
2018-07-19,10000000.0,10000000.0,10333988.581373876,10000000.0
2018-07-20,10000000.0,10000000.0,10336449.054845631,10000000.0
2018-07-23,10000000.0,10000000.0,10338910.114144403,10000000.0
2018-07-24,10000000.0,10000000.0,10341371.759409675,10000000.0
2018-07-25,10000000.0,10000000.0,10343833.990780963,10000000.0
2018-07-26,10000000.0,10000000.0,10346296.808397815,10000000.0
2018-07-27,10000000.0,10000000.0,10348760.212399814,10000000.0
2018-07-30,10000000.0,10000000.0,10351224.202926576,10000000.0
2018-07-31,10000000.0,10000000.0,10353688.780117748,10000000.0
2018-08-01,10000000.0,10000000.0,10356153.944113014,10000000.0
2018-08-02,10000000.0,10000000.0,10358619.69505209,10000000.0
2018-08-03,10000000.0,10000000.0,10361086.03307472,10000000.0
2018-08-06,10000000.0,10000000.0,10363552.95832069,10000000.0
2018-08-07,10000000.0,10000000.0,10366020.470929815,10000000.0
2018-08-08,10000000.0,10000000.0,10368488.57104194,10000000.0
2018-08-09,10000000.0,10000000.0,10370957.258796949,10000000.0
2018-08-10,10000000.0,10000000.0,10373426.534334758,10000000.0
2018-08-13,10000000.0,10000000.0,10375896.397795314,10000000.0
2018-08-14,10000000.0,10000000.0,10378366.8493186,10000000.0
2018-08-16,10000000.0,10000000.0,10380837.889044628,10000000.0
2018-08-17,10000000.0,10000000.0,10383309.517113447,10000000.0
2018-08-20,10000000.0,10000000.0,10385781.73366514,10000000.0
2018-08-21,10000000.0,10000000.0,10388254.538839823,10000000.0
2018-08-23,10000000.0,10000000.0,10390727.932777641,10000000.0
2018-08-24,10000000.0,10000000.0,10393201.91561878,10000000.0
2018-08-27,10000000.0,10000000.0,10395676.48750345,10000000.0
2018-08-28,10000000.0,10000000.0,10398151.648571903,10000000.0
2018-08-29,10000000.0,10000000.0,10400627.39896442,10000000.0
2018-08-30,10000000.0,10000000.0,10403103.738821317,10000000.0
2018-08-31,10000000.0,10000000.0,10405580.668282941,10000000.0
2018-09-03,10000000.0,10000000.0,10408058.187489675,10000000.0
2018-09-04,10000000.0,10000000.0,10410536.296581935,10000000.0
2018-09-05,10000000.0,10000000.0,10413014.99570017,10000000.0
2018-09-06,10000000.0,10000000.0,10415494.28498486,10000000.0
2018-09-07,10000000.0,10000000.0,10417974.164576523,10000000.0
2018-09-10,10000000.0,10000000.0,10420454.634615708,10000000.0
2018-09-11,10000000.0,10000000.0,10422935.695242997,10000000.0
2018-09-12,10000000.0,10000000.0,10425417.346599007,10000000.0
2018-09-14,10000000.0,10000000.0,10427899.588824388,10000000.0
2018-09-17,10000000.0,10000000.0,10430382.422059823,10000000.0
2018-09-18,10000000.0,10000000.0,10432865.846446028,10000000.0
2018-09-19,10000000.0,10000000.0,10435349.862123754,10000000.0
2018-09-21,10000000.0,10000000.0,10437834.469233783,10000000.0
2018-09-24,10000000.0,10000000.0,10440319.667916933,10000000.0
2018-09-25,10000000.0,10000000.0,10442805.458314056,10000000.0
2018-09-26,10000000.0,10000000.0,10445291.840566035,10000000.0
2018-09-27,10000000.0,10000000.0,10447778.814813789,10000000.0
2018-09-28,10000000.0,10000000.0,10450266.381198268,10000000.0
2018-10-01,10000000.0,10000000.0,10452754.539860459,10000000.0
2018-10-03,10000000.0,10000000.0,10455243.290941378,10000000.0
2018-10-04,10000000.0,10000000.0,10457732.634582078,10000000.0
2018-10-05,10000000.0,10000000.0,10460222.570923645,10000000.0
2018-10-08,10000000.0,10000000.0,10462713.100107199,10000000.0
2018-10-09,10000000.0,10000000.0,10465204.22227389,10000000.0
2018-10-10,10000000.0,10000000.0,10467695.937564908,10000000.0
2018-10-11,10000000.0,10000000.0,10470188.24612147,10000000.0
2018-10-12,10000000.0,10000000.0,10472681.148084832,10000000.0
2018-10-15,10000000.0,10000000.0,10475174.64359628,10000000.0
2018-10-16,10000000.0,10000000.0,10477668.732797137,10000000.0
2018-10-17,10000000.0,10000000.0,10480163.415828755,10000000.0
2018-10-19,10000000.0,10000000.0,10482658.692832524,10000000.0
2018-10-22,10000000.0,10000000.0,10485154.563949864,10000000.0
2018-10-23,10000000.0,10000000.0,10487651.029322233,10000000.0
2018-10-24,10000000.0,10000000.0,10490148.089091118,10000000.0
2018-10-25,10000000.0,10000000.0,10492645.743398044,10000000.0
2018-10-26,10000000.0,10000000.0,10495143.992384568,10000000.0
2018-10-29,10000000.0,10000000.0,10497642.836192278,10000000.0
2018-10-30,10000000.0,10000000.0,10500142.2749628,10000000.0
2018-10-31,10000000.0,10000000.0,10502642.30883779,10000000.0
2018-11-01,10000000.0,10000000.0,10505142.937958943,10000000.0
2018-11-02,10000000.0,10000000.0,10507644.16246798,10000000.0
2018-11-05,10000000.0,10000000.0,10510145.982506664,10000000.0
2018-11-06,10000000.0,10000000.0,10512648.398216786,10000000.0
2018-11-07,10000000.0,10000000.0,10515151.40974017,10000000.0
2018-11-09,10000000.0,10000000.0,10517655.01721868,10000000.0
2018-11-12,10000000.0,10000000.0,10520159.220794208,10000000.0
2018-11-13,10000000.0,10000000.0,10522664.020608684,10000000.0
2018-11-14,10000000.0,10000000.0,10525169.416804068,10000000.0
2018-11-15,10000000.0,10000000.0,10527675.409522355,10000000.0
2018-11-16,10000000.0,10000000.0,10530181.998905575,10000000.0
2018-11-19,10000000.0,10000000.0,10532689.18509579,10000000.0
2018-11-20,10000000.0,10000000.0,10535196.9682351,10000000.0
2018-11-21,10000000.0,10000000.0,10537705.348465633,10000000.0
2018-11-22,10000000.0,10000000.0,10540214.325929552,10000000.0
2018-11-26,10000000.0,10000000.0,10542723.900769059,10000000.0
2018-11-27,10000000.0,10000000.0,10545234.073126385,10000000.0
2018-11-28,10000000.0,10000000.0,10547744.843143797,10000000.0
2018-11-29,10000000.0,10000000.0,10550256.210963592,10000000.0
2018-11-30,10000000.0,10000000.0,10552768.176728107,10000000.0
2018-12-03,10000000.0,10000000.0,10555280.74057971,10000000.0
2018-12-04,10000000.0,10000000.0,10557793.9026608,10000000.0
2018-12-05,10000000.0,10000000.0,10560307.663113814,10000000.0
2018-12-06,10000000.0,10000000.0,10562822.022081222,10000000.0
2018-12-07,10000000.0,10000000.0,10565336.979705527,10000000.0
2018-12-10,10000000.0,10000000.0,10567852.536129266,10000000.0
2018-12-11,10000000.0,10000000.0,10570368.69149501,10000000.0
2018-12-12,10000000.0,10000000.0,10572885.445945367,10000000.0
2018-12-13,10000000.0,10000000.0,10575402.799622973,10000000.0
2018-12-14,10000000.0,10000000.0,10577920.752670502,10000000.0
2018-12-17,10000000.0,10000000.0,10580439.305230662,10000000.0
2018-12-18,10000000.0,10000000.0,10582958.457446193,10000000.0
2018-12-19,10000000.0,10000000.0,10585478.209459871,10000000.0
2018-12-20,10000000.0,10000000.0,10587998.561414504,10000000.0
2018-12-21,10000000.0,10000000.0,10590519.513452936,10000000.0
2018-12-24,10000000.0,10000000.0,10593041.065718044,10000000.0
2018-12-26,10000000.0,10000000.0,10595563.218352739,10000000.0
2018-12-27,10000000.0,10000000.0,10598085.971499966,10000000.0
2018-12-28,10000000.0,10000000.0,10600609.325302705,10000000.0
2018-12-31,10000000.0,10000000.0,10603133.279903967,10000000.0
2019-01-01,10000000.0,10000000.0,10605657.835446801,10000000.0
2019-01-02,10000000.0,10000000.0,10608182.992074288,10000000.0
2019-01-03,10000000.0,10000000.0,10610708.749929544,10000000.0
2019-01-04,10000000.0,10000000.0,10613235.109155716,10000000.0
2019-01-07,10000000.0,10000000.0,10615762.069895992,10000000.0
2019-01-08,10000000.0,10000000.0,10618289.632293586,10000000.0
2019-01-09,10000000.0,10000000.0,10620817.796491751,10000000.0
2019-01-10,10000000.0,10000000.0,10623346.562633773,10000000.0
2019-01-11,10000000.0,10000000.0,10625875.930862973,10000000.0
2019-01-14,10000000.0,10000000.0,10628405.901322702,10000000.0
2019-01-15,10000000.0,10000000.0,10630936.47415635,10000000.0
2019-01-16,10000000.0,10000000.0,10633467.64950734,10000000.0
2019-01-17,10000000.0,10000000.0,10635999.427519128,10000000.0
2019-01-18,10000000.0,10000000.0,10638531.808335204,10000000.0
2019-01-21,10000000.0,10000000.0,10641064.792099092,10000000.0
2019-01-22,10000000.0,10000000.0,10643598.378954355,10000000.0
2019-01-23,10000000.0,10000000.0,10646132.569044583,10000000.0
2019-01-24,10000000.0,10000000.0,10648667.362513402,10000000.0
2019-01-25,10000000.0,10000000.0,10651202.759504477,10000000.0
2019-01-28,10000000.0,10000000.0,10653738.760161502,10000000.0
2019-01-29,10000000.0,10000000.0,10656275.364628207,10000000.0
2019-01-30,10000000.0,10000000.0,10658812.573048357,10000000.0
2019-01-31,10000000.0,10000000.0,10661350.38556575,10000000.0
2019-02-01,10000000.0,10000000.0,10663888.802324219,10000000.0
2019-02-04,10000000.0,10000000.0,10666427.823467629,10000000.0
2019-02-05,10000000.0,10000000.0,10668967.449139884,10000000.0
2019-02-06,10000000.0,10000000.0,10671507.679484917,10000000.0
2019-02-07,10000000.0,10000000.0,10674048.5146467,10000000.0
2019-02-08,10000000.0,10000000.0,10676589.954769235,10000000.0
2019-02-11,10000000.0,10000000.0,10679131.999996562,10000000.0
2019-02-12,10000000.0,10000000.0,10681674.65047275,10000000.0
2019-02-14,10000000.0,10000000.0,10684217.90634191,10000000.0
2019-02-15,10000000.0,10000000.0,10686761.767748183,10000000.0
2019-02-18,10000000.0,10000000.0,10689306.234835742,10000000.0
2019-02-19,10000000.0,10000000.0,10691851.307748798,10000000.0
2019-02-20,10000000.0,10000000.0,10694396.986631596,10000000.0
2019-02-21,10000000.0,10000000.0,10696943.271628413,10000000.0
2019-02-22,10000000.0,10000000.0,10699490.162883563,10000000.0
2019-02-25,10000000.0,10000000.0,10702037.660541393,10000000.0
2019-02-26,10000000.0,10000000.0,10704585.764746284,10000000.0
2019-02-27,10000000.0,10000000.0,10707134.475642653,10000000.0
2019-02-28,10000000.0,10000000.0,10709683.793374948,10000000.0
2019-03-01,10000000.0,10000000.0,10712233.718087656,10000000.0
2019-03-05,10000000.0,10000000.0,10714784.249925297,10000000.0
2019-03-06,10000000.0,10000000.0,10717335.389032422,10000000.0
2019-03-07,10000000.0,10000000.0,10719887.13555362,10000000.0
2019-03-08,10000000.0,10000000.0,10722439.489633514,10000000.0
2019-03-11,10000000.0,10000000.0,10724992.451416759,10000000.0
2019-03-12,10000000.0,10000000.0,10727546.021048049,10000000.0
2019-03-13,10000000.0,10000000.0,10730100.198672108,10000000.0
2019-03-14,10000000.0,10000000.0,10732654.984433698,10000000.0
2019-03-15,10000000.0,10000000.0,10735210.37847761,10000000.0
2019-03-18,10000000.0,10000000.0,10737766.380948678,10000000.0
2019-03-19,10000000.0,10000000.0,10740322.99199176,10000000.0
2019-03-20,10000000.0,10000000.0,10742880.211751759,10000000.0
2019-03-22,10000000.0,10000000.0,10745438.040373605,10000000.0
2019-03-25,10000000.0,10000000.0,10747996.478002265,10000000.0
2019-03-26,10000000.0,10000000.0,10750555.524782741,10000000.0
2019-03-27,10000000.0,10000000.0,10753115.18086007,10000000.0
2019-03-28,10000000.0,10000000.0,10755675.446379323,10000000.0
2019-04-01,10000000.0,10000000.0,10758236.321485603,10000000.0
2019-04-02,10000000.0,10000000.0,10760797.806324052,10000000.0
2019-04-03,10000000.0,10000000.0,10763359.901039843,10000000.0
2019-04-04,10000000.0,10000000.0,10765922.605778186,10000000.0
2019-04-05,10000000.0,10000000.0,10768485.920684323,10000000.0
2019-04-08,10000000.0,10000000.0,10771049.845903533,10000000.0
2019-04-09,10000000.0,10000000.0,10773614.38158113,10000000.0
2019-04-10,10000000.0,10000000.0,10776179.527862458,10000000.0
2019-04-11,10000000.0,10000000.0,10778745.284892902,10000000.0
2019-04-12,10000000.0,10000000.0,10781311.652817877,10000000.0
2019-04-15,9996670.884649225,9997780.58976615,10779539.46070699,9996670.884649225
2019-04-16,10015782.132633422,10010521.421755616,10812479.704139113,10015782.132633422
2019-04-18,10023161.847490955,10015441.231660638,10826429.29808201,10023161.847490955
2019-04-22,10004886.153698755,10003257.43579917,10798848.112520775,10004886.153698755
2019-04-23,9996287.926094204,9997525.284062803,10786933.412485378,9996287.926094204
2019-04-24,10009550.839483436,10006367.226322291,10810408.271258362,10009550.839483436
2019-04-25,10008088.914719822,10005392.609813215,10810046.884354811,10008088.914719822
2019-04-26,10008645.739000982,10005763.826000655,10812953.963778302,10008645.739000982
2019-04-30,10018671.20901542,10012447.472676948,10831189.48824965,10018671.20901542
2019-05-02,10000186.785560349,10000124.5237069,10803273.361019326,10000186.785560349
2019-05-03,10001544.572471282,10001029.714980854,10807478.525033828,10001544.572471282
2019-05-06,9983616.882505868,9989077.921670578,10680178.162579594,9891047.097653558
2019-05-07,9966211.516050892,9977474.344033929,10633261.399615161,9854678.301154545
2019-05-08,9964749.318912772,9976499.545941848,10619531.139571585,9841079.636063062
2019-05-09,9942818.359254029,9961878.906169353,10551559.990887897,9787479.88956502
2019-05-10,9933663.216576815,9955775.477717878,10532754.090637302,9773015.09303114
2019-05-13,9919631.110983547,9946408.750789259,10493157.800344342,9739770.984472144
2019-05-14,9834650.88033076,9889633.248484772,10356930.325242914,9653031.847311193
2019-05-15,9832171.072521318,9887990.407001976,10371107.330637978,9668205.684333513
2019-05-16,9874673.85280269,9916399.085124686,10524478.587518003,9790274.860740991
2019-05-17,9921421.516825367,9947617.272272687,10614046.808158673,9850864.585487504
2019-05-20,10058080.418170217,10038896.518064082,10906128.799065206,10055371.401023433
2019-05-21,10075747.476621099,10050763.858408365,10890221.671014782,10032422.053111795
2019-05-22,10078849.001459656,10052806.38305157,10854715.592650305,9999432.562166246
2019-05-23,10082134.225943126,10055042.459043106,10951286.978029732,10089248.67238235
2019-05-24,10142049.562893562,10095018.707939757,11019221.657724746,10124028.454886543
2019-05-27,10014243.159241835,10009634.734789368,10900195.2181499,10078518.593422571
2019-05-28,9978796.165206892,9985935.694743162,10840455.080722172,10042079.021568835
2019-05-29,9957492.36607536,9971708.571516126,10881643.052454034,10092448.674767006
2019-05-30,9981640.96930616,9987816.920524048,10885887.650837902,10086071.052394895
2019-05-31,10069633.171072837,10046568.853700599,10984612.666017657,10135676.052317303
2019-06-03,10148818.364469733,10099461.894382406,11118306.859639663,10222326.305023631
2019-06-04,10141639.077318411,10094674.642025422,11047900.107631266,10162314.481729256
2019-06-06,10124251.923090473,10083068.626963127,10952355.080515474,10084011.404945297
2019-06-07,10095473.343668193,10063797.192976732,10839818.235287067,9995249.981567312
2019-06-10,10164370.842541635,10109871.129872264,11017034.261420082,10127543.94285057
2019-06-11,10165622.693343649,10110715.260455888,11004389.083000246,10116936.22730458
2019-06-12,10127075.443457428,10084969.665951122,10882258.660051819,10024373.269853385
2019-06-13,10173198.57080061,10115732.895379601,10903620.759859081,10022863.856412409
2019-06-14,10122052.640258018,10081558.5044078,10812791.50365807,9965449.398831272
2019-06-17,10062434.939432593,10041815.690650096,10700375.807402156,9892785.76032581
2019-06-18,10024545.247424766,10016536.476746408,10746439.73566731,9955944.679068694
2019-06-19,10016461.019351365,10011134.707787659,10813945.73284352,10024030.24322972
2019-06-20,10105367.021587789,10070508.305081315,11060975.273329789,10210825.247613555
2019-06-21,10095274.920371097,10063687.244554948,11065183.833763288,10220803.748125304
2019-06-24,10066085.561485324,10044291.780230496,11163869.546888169,10312723.807648597
2019-06-25,10079250.551923031,10053251.719645135,11222115.730912525,10349869.294650678
2019-06-26,10095807.840940708,10064301.939822815,11223628.472495286,10348189.55188569
2019-06-27,10158762.213720795,10106226.629454486,11296267.077337664,10406533.821405226
2019-06-28,10135328.938196586,10090621.183421757,11211540.117211232,10337779.001209108
2019-07-01,10151579.696394673,10101385.634559605,11195724.434187155,10321422.689139215
2019-07-02,10230069.446401937,10153690.081601368,11309909.652205307,10393892.182961948
2019-07-03,10232700.035937812,10155466.295952994,11345923.50402268,10427649.806515725
2019-07-04,10219478.834323267,10146516.614682611,11309940.982998755,10421112.41658205
2019-07-05,10207050.466756057,10138134.085057557,11169988.158326458,10309076.674643915
2019-07-08,10126445.143477922,10084168.010143999,10803085.87926589,10023888.212775806
2019-07-09,10097324.681320276,10064843.097203944,10886732.135432687,10097775.67027111
2019-07-10,10094623.40088298,10062916.827080946,10769364.887770478,10007893.038933795
2019-07-11,9992865.353411406,9995233.384668486,10765708.712017156,10012714.18772613
2019-07-12,10072144.616417639,10047901.297731299,10751097.946011562,10000450.720429072
2019-07-15,10036174.755045976,10052221.279665451,10745505.09630852,9997364.822205273
2019-07-16,10134360.680022765,10161912.454992414,10965349.523374114,10158253.5356625
2019-07-17,10114230.837286249,10134746.70680195,10893031.68884617,10103262.41700615
2019-07-18,10029424.292593844,10024605.371676404,10803066.46925754,10044382.585828295
2019-07-19,9879872.23742603,9877358.182812948,10618133.589355111,9917258.404429803
2019-07-22,9872520.55045586,9867059.094022317,10559365.537897084,9860484.825921
2019-07-23,9911947.845304582,9886725.39637679,10509153.069332622,9817038.314333277
2019-07-24,9857123.243530992,9794011.960429873,10370183.387397185,9708301.669302776
2019-07-25,9816863.071018066,9791661.02445859,10435116.010008555,9759920.612484897
2019-07-26,9917074.957145113,9824328.30928573,10466443.652413081,9775037.250170706
2019-07-29,9868765.029115964,9788591.124247361,10327013.892122509,9676518.250103107
2019-07-30,9802613.994869381,9691332.599966446,10235960.214755923,9596616.393938482
2019-07-31,9777651.624923922,9735111.509747257,10256885.090520749,9613318.17920381
2019-08-01,9781280.415902618,9714270.793898331,10271283.25812052,9628855.947050113
2019-08-02,9748785.634023178,9684709.712593427,10264447.569254946,9615666.657323157
2019-08-05,9667941.987316428,9632153.894917909,10178155.150511932,9536556.984814133
2019-08-06,9815756.37201786,9768535.71623493,10326685.624994269,9640823.870498735
2019-08-07,9761280.716224208,9740042.650336117,10321614.219699237,9641810.332259437
2019-08-08,9780939.28592196,9772619.68248596,10399791.835086953,9686615.8526613
2019-08-09,9817512.369984955,9809541.015627895,10585665.822804064,9832865.194339834
2019-08-13,9528505.006115336,9589647.438363189,10190898.52315189,9563387.074166624
2019-08-14,9649171.659749635,9690522.949930057,10332605.094118377,9667389.010740753
2019-08-16,9719749.998024888,9699691.772751838,10393725.18886175,9705838.561091617
2019-08-19,9787046.123851016,9730621.132111106,10494416.785038562,9793124.525231432
2019-08-20,9769858.076177623,9693169.355363768,10442177.194401734,9744006.102060096
2019-08-21,9689691.32234318,9605335.819381947,10302588.494837346,9634166.168083478
2019-08-22,9683455.424696092,9582442.995193083,10242264.115320839,9575157.264912855
2019-08-23,9712609.512974396,9627553.679153085,10216183.219697295,9530542.115115363
2019-08-26,9833117.198911801,9718430.913246574,10444406.631715138,9711089.979375634
2019-08-27,9975966.269296791,9849766.07717856,10477812.736357193,9722642.959531832
2019-08-28,9828013.34773158,9739613.321359307,10376147.432992144,9674025.061412815
2019-08-29,9853695.403687764,9746009.59981579,10393508.922598414,9682180.5727527
2019-08-30,9911172.727395792,9811738.138825033,10450493.617727108,9715813.107446074
2019-09-03,9892502.69003753,9775551.22337705,10424565.82858587,9688748.142017554
2019-09-04,9876312.984727236,9782893.577992212,10427251.539226752,9700396.719078233
2019-09-05,9861408.310443673,9767224.67193946,10370889.10292001,9660884.678121721
2019-09-06,9862948.108596608,9805111.222073652,10348226.977677092,9650940.722018082
2019-09-09,9933025.656379856,9853720.947128205,10404327.99406627,9681388.196177285
2019-09-11,10033740.187983427,9918466.511135802,10401811.977660239,9683994.109301984
2019-09-12,10053188.26416859,9919640.507395945,10427348.102686334,9698894.837595027
2019-09-13,10024929.395530555,9896863.964899786,10445825.328234151,9720795.903474057
2019-09-16,10064589.674813941,9896785.410125436,10438005.0206894,9704676.254352866
2019-09-17,9979632.385928221,9804234.502713054,10231466.66480907,9544479.960372327
2019-09-18,10033761.625043139,9825033.178507958,10388904.089826481,9683747.33636842
2019-09-19,9990183.989991454,9760676.285132838,10310261.803356111,9632000.277317718
2019-09-20,10320138.857940782,10026183.527994338,10706840.101265486,9905266.538582666
2019-09-23,10506973.716133354,10181428.729665726,10881639.917374022,10026909.887645947
2019-09-24,10623777.21654447,10233821.472392526,10994414.99800547,10083858.539753545
2019-09-25,10555994.926493477,10171829.071737742,10821386.534013394,9965634.408822011
2019-09-26,10595142.868329871,10199119.939235926,10855052.413181629,9978754.876890872
2019-09-27,10633888.974075647,10223053.366422513,10926972.723330854,10014539.620495493
2019-09-30,10483610.899281641,10099270.425167406,10801325.913416803,9941964.61435854
2019-10-01,10473040.235787213,10059263.603701059,10685436.754433468,9851585.486290539
2019-10-03,10421282.782116357,10017568.927692655,10561223.617879786,9770050.456507878
2019-10-04,10309846.698367812,9951562.835493047,10405641.853239922,9648195.381872991
2019-10-07,10312007.125494005,9949015.951262567,10419798.593636695,9659692.704832228
2019-10-09,10364897.231557965,9989582.865378164,10486061.328514386,9708831.64910109
2019-10-10,10296187.9706251,9947683.185757639,10419809.638166133,9663477.117744125
2019-10-11,10322736.530245772,9968679.570893578,10470977.816581111,9700187.868863426
2019-10-14,10351711.027619358,9989076.569405671,10584121.916328026,9789349.74821761
2019-10-15,10345287.587385124,9975066.337133627,10628916.126383686,9837194.097373933
2019-10-16,10336943.083571384,9973015.917944835,10646522.310134966,9861239.121506441
2019-10-17,10421322.969331106,10024283.797312146,10676736.021853343,9853496.257008363
2019-10-18,10556483.620833505,10152017.859060623,10869648.468262633,9985864.601354528
2019-10-22,10589529.57386284,10187647.219010783,10831212.580461882,9952369.105691727
2019-10-23,10564899.093198325,10186450.09537267,10892086.762599494,10010896.419455554
2019-10-24,10614817.963557072,10240708.60921681,10965178.567111732,10048626.633317575
2019-10-25,10529230.833644079,10185122.927408561,10891936.129856806,10004710.314145844
2019-10-27,10534554.161014246,10194449.807805005,10917741.863064617,10027539.106391996
2019-10-29,10656405.42963704,10273749.066783797,11071975.508534001,10118556.062457802
2019-10-30,10641349.794289874,10259871.793568533,10988279.150181338,10052092.407237237
2019-10-31,10763675.90854381,10345605.495120239,11118927.436220296,10141338.42972716
2019-11-01,10777676.97354456,10355511.069016553,11118887.86197081,10145715.657321956
2019-11-04,10734887.23743974,10307216.17942432,11051170.056141417,10101429.034853667
2019-11-05,10671411.951155722,10259428.0500449,10922374.179876128,10017537.986470308
2019-11-06,10635545.384511987,10215540.771154039,10947297.332488934,10043628.776001805
2019-11-07,10700781.639686378,10259212.178510934,11085531.943260068,10134578.935923213
2019-11-08,10596491.001466306,10184370.82568806,10980088.519462818,10067941.738547588
2019-11-11,10606395.869787732,10194316.6442665,10974248.316202331,10060234.451230867
2019-11-13,10485691.92660184,10112654.015750151,10828362.157292599,9962157.083798597
2019-11-14,10705140.97914019,10246641.086126361,11119858.77272506,10142058.907789944
2019-11-15,10712388.81409734,10256856.132074103,11070041.425015748,10093861.298250094
2019-11-18,10700722.354569526,10272380.241479341,11119095.038009355,10124566.43629004
2019-11-19,10670228.40870513,10257391.874108296,11085602.247755457,10114839.131960886
2019-11-20,10726806.71421714,10298925.960420372,11092008.718171807,10099683.172899164
2019-11-21,10629274.957984973,10230756.25481429,10883026.214769535,9960448.127834173
2019-11-22,10552191.68788192,10165763.080259355,10872940.993191777,9965445.165070374
2019-11-25,10598654.730261125,10189749.124473365,10940225.665984668,10026108.110476289
2019-11-26,10621373.577401845,10190554.743456846,10892175.247086637,9979327.625533529
2019-11-27,10673250.45897379,10239830.306841498,10988458.375903131,10053340.18480591
2019-11-28,10686360.708001915,10272133.862249415,11016057.882467696,10076400.973972267
2019-11-29,10652306.072376097,10247120.67783013,10970446.654888105,10052179.096486611
2019-12-02,10630495.529103061,10219583.421727644,11051015.889068324,10127945.113398006
2019-12-03,10664437.60549081,10226455.483495435,11167760.838990074,10221905.049325379
2019-12-04,10730556.067477178,10269419.283855787,11165894.533256838,10214202.559774544
2019-12-05,10787862.594821872,10303255.881730646,11185958.42401326,10219869.806381386
2019-12-06,10718348.922314338,10242732.443626406,11078075.197240653,10142589.135696951
2019-12-09,10738814.090469195,10266848.888358409,11035076.720042875,10093733.026605992
2019-12-10,10728818.200142607,10251974.471557133,10974852.984503664,10049271.770695956
2019-12-11,10827840.453131305,10315428.11170784,11092877.469091171,10112696.726864967
2019-12-12,10845373.010047508,10336663.052430209,11147082.55512028,10159028.962855978
2019-12-13,10938936.112557014,10388490.132042995,11271407.747330599,10256306.059862942
2019-12-16,10883020.537905332,10346408.21080384,11183282.573374532,10189645.737011211
2019-12-17,10911240.986945339,10362011.659290863,11313962.282484759,10317184.412411748
2019-12-18,10907532.58440314,10359022.306753403,11421521.89906111,10425503.118529022
2019-12-19,10963369.230414856,10400214.748733291,11481481.865276102,10458503.32375321
2019-12-20,10954978.409883207,10387587.448950905,11464936.077736232,10447588.487022389
2019-12-23,10993891.72106176,10427190.85859107,11488449.79249508,10463720.62252908
2019-12-24,11020668.570240404,10462016.075962575,11538597.407751258,10486135.844237484
2019-12-26,11081155.476161178,10522833.766457029,11572071.524024885,10493148.01728305
2019-12-27,11184855.191550585,10594877.967640039,11580914.88701813,10492589.48641905
2019-12-30,11212247.43957593,10607933.701113801,11677764.499256812,10557991.410905436
2019-12-31,11175489.15665963,10581304.125258353,11617969.680531044,10523500.863068024
2020-01-01,11227023.659194255,10629728.42387663,11585055.01754154,10502899.100494096
2020-01-02,11251482.25699306,10648128.208990518,11617554.163502308,10524640.908233553
2020-01-03,11236771.13736691,10639887.294971565,11644435.72685573,10546470.205947397
2020-01-06,11105828.56081751,10564070.17146029,11485190.342222162,10420245.368662806
2020-01-07,11173514.064156625,10640444.497363238,11542994.226123622,10464961.37492112
2020-01-08,11236545.878551561,10674180.061682373,11613900.420766488,10501418.709642267
2020-01-09,11317604.762598349,10798835.690160472,11714220.751940072,10575445.913911514
2020-01-10,11371279.53606306,10799201.087532112,11791290.318612918,10638502.879177155
2020-01-13,11480125.025921442,10878010.36395207,11878933.04119892,10721859.32881085
2020-01-14,11555442.588262184,10967675.29228981,11979707.627863698,10789108.728213327
2020-01-15,11630394.878717337,11034252.74029221,12166492.854861965,10943448.748008978
2020-01-16,11751816.100957941,11129213.342821626,12382951.503447466,11119389.033749998
2020-01-17,11735682.720378399,11125363.961144652,12347657.357421199,11094928.046877224
2020-01-20,11644028.965466224,11071593.678706387,12461975.060216945,11217613.383956596
2020-01-21,11580774.235641304,11011459.305260932,12210648.188579505,11006894.191841004
2020-01-22,11555197.943986682,10978243.04188592,12173717.918557031,10989047.94733581
2020-01-23,11604244.366655199,11046635.433077073,12380487.00662968,11159646.043431059
2020-01-24,11683210.04279172,11107640.308308108,12449674.17323485,11188969.037514819
2020-01-27,11752601.83861762,11178024.402399288,12669881.84441762,11345088.8463185
2020-01-28,11731499.043636281,11211569.910589557,12650939.744620308,11316742.960663637
2020-01-29,11886807.761760438,11373526.378689583,12679049.442049406,11326208.281156482
2020-01-30,11902917.952587504,11363676.251845947,12856696.29250653,11447668.938169053
2020-01-31,11818654.439543488,11329114.560753534,12822433.385882284,11450960.727469303
2020-02-03,11787254.116908923,11291257.20414425,12634463.75259668,11289195.581899893
2020-02-04,11845282.81633436,11360789.128967881,12638728.561152179,11295165.623770144
2020-02-05,11911008.043029064,11427393.260179833,12920842.625744201,11535029.979282137
2020-02-06,12083504.079830151,11531758.208013548,13047997.260412484,11634353.378884582
2020-02-07,12177416.898627697,11651285.960785665,13108406.545872597,11670156.505433606
2020-02-10,12140796.470123727,11658960.038723143,13132946.95416538,11709822.478031505
2020-02-11,12172164.859031433,11669659.777622717,13212912.425954737,11762663.515751405
2020-02-12,12409218.245526819,11803067.655441407,13342803.861014334,11848374.565029908
2020-02-13,12505327.226706404,11844632.203707783,13505259.417868003,11929370.444169989
2020-02-14,12497147.28315401,11878660.815863525,13371830.569505133,11806478.868834732
2020-02-17,12632406.883058533,11931582.945919799,13588036.055670528,11940087.906425241
2020-02-18,12538356.93711607,11876615.95486073,13500329.897390628,11870215.681158263
2020-02-19,12734891.999711625,12021342.012717733,13803199.542597193,12093391.309959592
2020-02-20,12885300.88405731,12148005.662873497,14078505.993306905,12292863.403229069
2020-02-24,12739784.725212565,11999207.552845953,13850670.574656464,12107779.872951897
2020-02-25,12669561.743216602,11947101.338530283,13621967.44088282,11945158.291483343
2020-02-26,12511818.07986091,11793191.933643108,13454053.722081797,11821842.767217914
2020-02-27,12464072.419635532,11770730.112619404,13356955.18940598,11734358.334472362
2020-02-28,12204914.862182915,11559716.217179913,13063460.026572961,11501771.672969803
2020-03-02,12227354.39835649,11547786.952439785,13139589.094122335,11530881.760997945
2020-03-03,12443780.767588593,11698362.117532719,13412538.158722362,11704645.24106496
2020-03-04,12221172.455912288,11534861.908398595,13148987.81101802,11538520.858053068
2020-03-05,12397162.4586473,11673988.205351941,13350721.676839443,11663635.538714368
2020-03-06,12311892.194196757,11612306.75530171,13266284.29505776,11585962.825719738
2020-03-09,12053439.205890808,11359728.933731403,12965839.398932273,11363035.002886932
2020-03-11,12047100.238239337,11306865.588907473,12830208.522645993,11253634.541729249
2020-03-12,11215667.99806396,10531244.590811823,11768943.37639124,10531435.449543314
2020-03-13,11351646.439404644,10628527.882906027,11964833.776964193,10693746.147383465
2020-03-16,10784318.855879683,10132334.434270278,11120782.862689884,10129427.07433077
2020-03-17,10664673.320035718,10034131.769665476,11044242.392184544,10078100.583272746
2020-03-18,10128944.031913258,9641114.125450682,10384759.04618661,9629367.62481282
2020-03-19,9877641.019683983,9347344.3608885,10194699.577430006,9497783.44797004
2020-03-20,10584054.146596193,9927622.397495959,11018528.168032989,10028758.086982992
2020-03-23,9522751.973450236,9015713.347652812,9778122.956070483,9210394.658969978
2020-03-24,9747996.320782177,9160852.8548248,9862748.256047945,9242584.074291997
2020-03-25,9987688.857638083,9417626.027309854,10070301.710785253,9349663.4075792
2020-03-26,10204637.199715722,9664722.457134018,10270792.55724762,9503959.58153456
2020-03-27,10103960.30819071,9611307.291825343,10341368.095425569,9580431.17531331
2020-03-30,10026847.589763854,9510996.773465447,10351284.59980925,9583200.12558943
2020-03-31,10357706.080773719,9830549.980363898,10844074.424275368,9916311.375608223
2020-04-01,10181055.137411762,9694507.091066632,10648723.69585992,9768788.573667657
2020-04-03,10168383.346178617,9634624.594270447,10641832.679903662,9761315.215128915
2020-04-07,10590345.99439722,9965046.42408223,11114912.471510474,10070352.01818734
2020-04-08,10869363.65049078,10174249.429007715,11438469.13558752,10288237.726023927
2020-04-09,10907691.562361019,10222117.627901427,11621076.71084293,10420699.43382429
2020-04-13,10853191.669913806,10211640.42419855,11490092.303749446,10318546.293762082
2020-04-15,10919876.51859025,10282669.824965168,11428501.800623339,10263991.348657385
2020-04-16,10911786.28163895,10291514.63495303,11396365.705633195,10236045.602712918
2020-04-17,10803741.998466536,10209955.371816956,11351499.829285441,10220949.256574377
2020-04-20,10767809.86475099,10174489.347617254,11399709.440596398,10257927.82016968
2020-04-21,10893449.36723196,10271431.753888931,11620184.259781487,10389817.149565484
2020-04-22,10859047.672665808,10249450.536207056,11563882.262847614,10363862.37051683
2020-04-23,10808294.37694514,10203251.632736783,11555426.31194756,10360664.59071533
2020-04-24,10952732.01434815,10323837.884868182,11711323.50976775,10457139.302770656
2020-04-27,11046039.611065311,10408261.820292016,11818507.549382817,10524820.295377012
2020-04-28,10940295.666316783,10325838.103859108,11703837.204878293,10450388.991918683
2020-04-29,10842553.829285752,10236460.824465752,11641589.354801437,10418527.031808032
2020-04-30,10812312.10428119,10196405.05682455,11676462.115841562,10446261.348231522
2020-05-04,10742777.669405011,10119704.890930047,11564188.92471864,10358365.180262227
2020-05-05,10681511.399536772,10062240.68168237,11444761.998335173,10269811.40655478
2020-05-06,10622251.998908088,10009276.276871674,11392140.021844221,10232832.177766217
2020-05-07,10571754.422970798,9947694.393660497,11360412.542562967,10213843.392241076
2020-05-08,10662758.719947318,10018270.720611699,11454993.791298132,10284543.93613904
2020-05-11,10663777.068363208,10016849.236615065,11520654.018233165,10334864.981309108
2020-05-12,10650394.16985271,10012512.730523925,11534608.317682734,10341227.71218548
2020-05-13,10587019.340344401,9954884.112261984,11522690.526007552,10341973.619891968
2020-05-14,10686229.344181528,10026144.722106736,11638256.246809578,10407564.966792641
2020-05-15,10660262.794382725,9995206.46308009,11609515.168817667,10390930.277332064
2020-05-18,10613199.847496722,9933599.85488626,11598984.24935153,10379052.429699635
2020-05-19,10565313.075387154,9902084.861045104,11558903.332285278,10359386.045253022
2020-05-20,10658240.380763486,9979106.989173397,11735566.77685535,10488355.333321664
2020-05-21,10657082.174337266,10015636.587636372,11739623.106355665,10493081.702787133
2020-05-22,10638935.9340204,9994343.720472619,11642437.69109615,10419898.660610553
2020-05-26,10618314.778367495,9969258.981984496,11594497.72961897,10369326.885019904
2020-05-27,10512452.647309264,9879996.762743184,11415033.176043965,10243770.561852083
2020-05-28,10525860.125406366,9899981.077061318,11479901.377305485,10302333.750357006
2020-05-29,10533923.274274003,9943012.951897498,11460251.395519458,10283184.0834043
2020-06-01,10636422.74042709,10011303.507484928,11627145.183343546,10391929.60392791
2020-06-02,10663661.540780764,10064070.6734072,11657809.258635044,10423523.174030833
2020-06-03,10624867.94435611,10060506.561712835,11564731.070365656,10359942.733238751
2020-06-04,10641035.521408603,10056361.497168008,11619064.042303322,10404488.722430343
2020-06-05,10632077.658055717,10054240.996852454,11681684.404921375,10457669.202420376
2020-06-08,10611052.305658385,10020828.540577188,11635689.48916968,10421661.721571352
2020-06-09,10656221.342467362,10040718.760107262,11655850.75015961,10421172.596192311
2020-06-10,10691289.142154967,10067451.362187754,11724091.423979664,10462117.120501809
2020-06-11,10621154.12467349,10009855.856144056,11633492.018298915,10409027.049350675
2020-06-12,10665827.156357791,10057791.733328983,11701895.91861445,10449097.150613833
2020-06-15,10655020.018911237,10049036.769483298,11659853.302278597,10416710.908669736
2020-06-16,10648325.220978763,10056633.635844138,11660999.237018526,10423632.793970378
2020-06-17,10583695.02536029,9998814.150595773,11548965.835719805,10342966.355110548
2020-06-18,10618237.06431211,10015373.78391461,11629632.015189432,10393863.934541058
2020-06-19,10633326.024092328,10027485.428835668,11661120.658970043,10414829.285643592
2020-06-22,10685949.658484539,10070083.381007504,11737916.32458818,10459352.607559904
2020-06-23,10765921.120641574,10148630.833263561,11833831.505821992,10519525.937767375
2020-06-24,10703573.075268684,10137550.55506435,11759881.4424511,10473146.386750506
2020-06-25,10719239.17710687,10119900.09207848,11745620.649255153,10454397.90777678
2020-06-26,10767514.461386902,10137995.79741687,11818606.994891573,10496769.720347892
2020-06-29,10728376.809431108,10099774.344900412,11752252.795361703,10454733.588089515
2020-06-30,10701601.42289166,10071595.259638304,11718586.220204411,10438038.160438083
2020-07-01,10645944.187626403,10032907.054245304,11621477.729052862,10372764.227713235
2020-07-02,10627613.365009205,10019115.449098425,11597995.043289758,10358721.59629724
2020-07-03,10629373.807590434,10035339.384267453,11598676.47605364,10357621.337137219
2020-07-06,10622756.79826987,10032627.137741156,11618207.86406572,10374809.868150607
2020-07-07,10600214.852782194,10021082.547758672,11604166.358465996,10372636.429175679
2020-07-08,10608846.798077054,10024673.483722959,11546121.240000395,10328858.212289324
2020-07-09,10626866.994334877,10044627.990057006,11578935.115609467,10348660.403003773
2020-07-10,10659265.963856641,10057517.333025742,11634801.673765758,10382335.039799951
2020-07-13,10655966.636116758,10054903.698297217,11583635.146426398,10334900.894083887
2020-07-14,10705887.544183783,10097459.513461513,11582833.553719223,10319374.062155213
2020-07-15,10734953.525571868,10139254.926589925,11593272.847125359,10323681.131196707
2020-07-16,10902754.88420882,10248637.381922103,11770952.560034798,10406738.302253313
2020-07-17,10940088.911114864,10281775.186770946,11853148.661350407,10454475.476026643
2020-07-20,10938773.203564856,10290228.553254724,11862809.926984781,10465816.30793408
2020-07-21,10861704.229473582,10222253.020070622,11780812.901113538,10419607.529841237
2020-07-22,10843926.71859251,10213835.777223695,11757519.74609598,10407945.823722977
2020-07-23,11004177.353086067,10329535.398511184,11990647.960605798,10550081.778380482
2020-07-24,10949053.169942843,10295602.424551908,11856053.085616222,10453527.005449744
2020-07-27,10882122.574626073,10256514.339672402,11827069.031363027,10452289.117682159
2020-07-28,10877922.295501828,10241729.142262857,11820651.313223518,10450359.485251388
2020-07-29,11068059.593706992,10377202.762774015,12048257.94110492,10577618.807764918
2020-07-30,11179632.18772795,10456023.830901586,12239809.196455127,10698439.811581645
2020-07-31,11391460.917959224,10612879.017875232,12507183.199332828,10859256.296829946
2020-08-03,11464694.507316187,10676840.742227998,12561881.921553504,10893992.370428009
2020-08-04,11675047.12246944,10835607.90119714,12865107.865682647,11088934.004697893
2020-08-05,11597332.882753365,10771045.3755384,12794209.906200543,11048674.481080547
2020-08-06,11652004.750158608,10816918.682292026,12884859.161837205,11108421.577881074
2020-08-07,11699999.080783918,10903365.726621807,13222539.63414052,11402682.063883288
2020-08-10,12089825.718428843,11156654.405695684,14034736.27507506,11951724.38272649
2020-08-11,11908104.989381291,11004362.858194359,14030363.300486617,12001376.627702972
2020-08-12,11879562.457116358,10990639.734813765,13855791.4374847,11860738.582539804
2020-08-13,11900946.522531647,11022715.38403079,13769084.931257892,11792060.576796472
2020-08-14,11915219.527369432,11033324.36346665,13756596.088294998,11776382.913074303
2020-08-17,11914427.25482162,11014587.85840414,13762737.093698122,11777091.352311643
2020-08-18,11932756.386843,11059112.028332885,13899255.175232261,11890916.230251364
2020-08-19,11905216.772657238,11025115.824364463,13875672.238823785,11875939.534890138
2020-08-20,11962895.642258577,11064525.730042346,13950234.421338914,11919186.855668984
2020-08-21,12005176.078936357,11105342.93038341,14076759.55061768,12005008.111075679
2020-08-24,11987954.312235186,11092631.620838784,14256971.785380075,12166470.909864744
2020-08-25,12028415.620461974,11115271.9430697,14325876.43178137,12208719.283202685
2020-08-26,11972556.75525367,11074322.685427964,14203771.684263539,12128820.28141868
2020-08-27,12033620.978672322,11122163.571745344,14260617.157594636,12161287.358233
2020-08-28,12019299.693701938,11114900.65880125,14329456.820378559,12227859.318226442
2020-08-31,11646009.251903705,10811638.25765711,13688448.466543693,11813111.279358318
2020-09-01,11870062.885140266,10995845.226430107,14091778.412862703,12087294.497783573
2020-09-02,12014133.443291474,11097536.380408755,14593042.399798565,12471046.000249231
2020-09-03,12008173.478586975,11097622.198498297,14657117.767051267,12528020.396384487
2020-09-04,11891123.473082006,11006431.63257777,14375014.593189307,12326454.57897474
2020-09-07,11899681.731711667,11019483.741697488,14389789.190194465,12310882.330239832
2020-09-08,11733684.799385358,10911505.822290013,14161448.410262117,12194313.42068077
2020-09-09,11812578.229960635,10980777.890291644,14308389.040376034,12294871.880795533
2020-09-10,11878427.727819655,11049650.032036806,14378058.73153451,12325821.407412665
2020-09-11,11888996.540230658,11047801.567495814,14515518.715300674,12429267.151985142
2020-09-14,12165224.491911486,11234475.795229953,15161295.069729336,12855477.02797489
2020-09-15,12211624.59892011,11261876.028981235,15390420.188547354,13040608.015126167
2020-09-16,12391042.405534808,11377384.539122816,15684295.933651723,13264642.32691533
2020-09-17,12373520.053415284,11356652.467874043,15498555.54768794,13115625.5462672
2020-09-18,12616021.290190347,11519015.571160689,15858533.621851599,13318494.75706995
2020-09-21,12272044.721017517,11281390.99004415,15200196.658366613,12828861.171295626
2020-09-22,12289042.002572838,11273394.750057139,14985801.539295238,12618998.61485639
2020-09-23,12210696.980254624,11230052.43164113,14645966.623580167,12348051.787945284
2020-09-24,12047334.53133526,11133862.05884888,14395944.232439907,12214608.867968282
2020-09-25,12114971.547944963,11189706.33138045,14548457.325034749,12359953.097937256
2020-09-28,12211351.41811477,11254237.573381059,14784420.719271684,12574883.575140044
2020-09-29,12190676.247538408,11222943.173988687,14909211.308342883,12647527.338399488
2020-09-30,12230060.122247063,11296206.44257641,15115076.07346481,12792972.57515557
2020-10-01,12327540.503078172,11371798.834375318,15274817.430144738,12874402.568600174
2020-10-05,12284310.728784613,11350901.004471967,15180820.462685421,12890827.433759917
2020-10-06,12317570.394761682,11380667.856761143,15159188.177065773,12886328.44667416
2020-10-07,12391199.289554784,11428145.362599153,15165096.20571947,12814994.456635095
2020-10-08,12447658.586914698,11499241.320959866,15184431.824650802,12792220.225612711
2020-10-09,12241371.680161538,11321164.28165683,14913668.265646111,12621683.938406453
2020-10-12,12379308.465565292,11428727.810146764,15036551.867413327,12647964.145224104
2020-10-13,12283925.323815973,11359703.915684711,15042747.396077905,12728127.56148465
2020-10-14,12242591.082736352,11321258.899126548,14955505.572535297,12678539.928679287
2020-10-15,12100655.759751273,11193395.973447807,14770905.659340689,12529554.21687459
2020-10-16,12276042.116469607,11329398.43032472,14924452.967823934,12647879.521835973
2020-10-19,12263472.841651276,11312972.57277385,14828930.331891544,12605682.987518307
2020-10-20,12313690.655178605,11319614.495999755,14730216.85739956,12542469.55948384
2020-10-21,12279337.759228528,11245843.636811575,14844799.689159652,12627057.901314521
2020-10-22,12380297.816149611,11324565.278201792,15218458.508589676,12922393.321696656
2020-10-23,12471477.066261347,11389029.136209488,15331554.415466595,12929761.76428797
2020-10-26,12416570.385405252,11307059.635952689,15059661.885789914,12722303.97971399
2020-10-27,12772048.07978194,11579084.502913535,15702833.234480277,13148254.253461966
2020-10-28,12676518.762330104,11494159.236144835,15709653.054628566,13184767.31888747
2020-10-29,12665022.289948665,11523450.5116097,15869972.81576757,13328040.39574146
2020-10-30,12691198.023301741,11512048.738109292,15959565.963379286,13412130.195927063
2020-11-02,12630451.707954006,11464067.935810275,15789741.743282856,13310611.22011989
2020-11-03,12715569.400940344,11524696.956749795,15830804.476971168,13345507.333127253
2020-11-04,12878867.60542805,11672693.387581201,16113555.898757111,13527313.205163771
2020-11-05,13068494.303151643,11858381.891125627,16283242.405722253,13632754.59626465
2020-11-06,13112778.699670235,11889313.6787942,16216257.325809801,13604578.067054475
2020-11-09,13176632.896718109,11965659.664082162,16383075.325292056,13725849.455228146
2020-11-10,12653149.465631537,11534935.37956329,15252920.276762975,12978059.391519254
2020-11-11,12684958.57347136,11615347.541019455,15575574.485620286,13237847.248814192
2020-11-12,12744978.500933072,11682659.323101338,15830171.085844943,13456387.203559654
2020-11-13,12894509.4290246,11841783.789318446,16191745.47956578,13716177.645353394
2020-11-14,12957948.393952224,11890496.249065263,16325543.613049125,13825259.004363632
2020-11-17,12915403.54237983,11835064.971700039,16524890.955769053,13956512.33792095
2020-11-18,12849801.773151552,11820730.173307506,16535083.703395579,13998364.675007021
2020-11-19,12816314.995868174,11749110.564070806,16402210.986027837,13928891.996482562
2020-11-20,13022532.391361501,11916922.970323492,16851465.147313684,14246556.121262508
2020-11-23,13264678.164394611,12089875.349869287,17538032.052672613,14705713.409572933
2020-11-24,13454005.820843,12205867.802085616,17739990.56606938,14851756.695078997
2020-11-25,13125576.618493173,11940237.15787977,17093796.35061412,14394111.089218525
2020-11-26,13290974.036731886,12073849.09581649,17071400.409556907,14362915.722866805
2020-11-27,13472392.28101795,12227238.417094214,17556444.3393271,14664056.359378295
2020-12-01,13504816.2169649,12266336.785996784,17668264.557219356,14728586.60485358
2020-12-02,13532049.979095122,12313456.000468448,17596185.669645663,14723810.903670777
2020-12-03,13556361.340232326,12350158.131569173,17571148.733024836,14752806.934967015
2020-12-04,13596113.13112466,12390391.76022458,17526604.832796518,14704968.70284261
2020-12-07,13663988.235825697,12443170.408021979,17483234.056222185,14679680.697324362
2020-12-08,13652455.773597673,12428962.62429539,17598010.349534728,14711022.06370189
2020-12-09,13668158.27722338,12440970.068643728,17570927.3992426,14693375.463536222
2020-12-10,13667585.944735555,12471807.384593142,17408371.381182853,14569252.456825249
2020-12-11,13567653.223115511,12409988.620479003,17227797.593593087,14508516.352927515
2020-12-14,13557901.649645083,12438137.270000001,17036283.407926016,14390236.303331044
2020-12-15,13565151.726645803,12437439.081765896,17142868.216909345,14432816.666017812
2020-12-16,13717373.239660598,12578646.703893362,17340199.22378484,14585227.925255783
2020-12-17,13713099.29384466,12637161.531367766,17332378.360126004,14637127.028899852
2020-12-18,13764348.31550973,12671286.415482726,17506465.754556663,14679900.470258158
2020-12-21,13406406.533773137,12325756.495908521,17145624.448757663,14354876.73044193
2020-12-22,13567954.25410295,12485272.468640015,17651970.432043165,14611971.44089715
2020-12-23,13747780.485115157,12659212.10848288,18115841.115832776,14836600.014970103
2020-12-24,13863708.305467214,12716529.865855806,18138316.0720417,14881790.776112732
2020-12-28,13965588.382063143,12799622.749391278,18227573.841053806,14947162.240376169
2020-12-29,13979143.387965675,12796402.410942331,18304515.46843225,14957580.33053506
2020-12-30,13933350.120283153,12788033.291266676,18291571.538364343,14944037.719892355
2020-12-31,14028480.531244768,12885789.60200972,18291566.5487849,14963630.31734739
2021-01-01,14147241.002179898,12976410.488023913,18493722.376025993,15101546.678280223
2021-01-04,14183111.432362236,13004641.629143909,18616383.92440763,15207776.786034135
2021-01-05,14206695.40093026,13051189.8069729,18838694.95489878,15350113.697502458
2021-01-06,14102556.49411605,12970368.58975023,18693930.022768777,15275943.120390808
2021-01-07,14047194.661163978,12964023.659681184,18477955.362249404,15098661.223089138
2021-01-08,14190658.285663629,13136907.551898317,18507269.780013192,15086449.516354855
2021-01-11,14193361.292532956,13154895.400135135,18261204.68208923,14885184.76270736
2021-01-12,14212396.807702048,13137385.627985507,18055415.134775165,14733901.673636666
2021-01-13,14116781.326127172,13045190.357204463,17947849.384437904,14668934.044668762
2021-01-14,14150647.749702265,13068964.390646098,18154198.797895644,14836029.076517908
2021-01-15,13973899.093410023,12878524.825664397,17756153.386116363,14593411.293272048
2021-01-18,13811381.763634147,12756936.248875845,17429805.33882734,14401572.06370369
2021-01-19,13910704.087865403,12872974.242816016,17789647.313661724,14591478.98743391
2021-01-20,13851500.31990249,12841322.221823582,17948827.406487253,14633588.318799645
2021-01-21,13756651.784378238,12792236.661564637,17887328.30341472,14595871.157799933
2021-01-22,13556578.18244347,12570372.877679972,17690774.26830264,14476716.344904467
2021-01-25,13506542.336657817,12490786.376842557,17542002.99975774,14398208.938694136
2021-01-27,13286679.699538022,12300281.149266938,17481157.267390795,14309228.974423807
2021-01-28,13099027.413264366,12198653.15637276,17124339.070008956,14124429.079806924
2021-01-29,12994740.725832852,12024787.221899483,16818578.095163714,13914704.163613323
2021-02-01,13052922.402323741,12070147.286665522,16931592.997025646,14009872.836683758
2021-02-02,13258135.553564182,12224252.3953046,17235426.14339993,14239746.661758551
2021-02-03,13444771.12124997,12389041.635202782,17654168.78256551,14435184.692369549
2021-02-04,13647461.12208808,12587934.721727714,17991475.120158084,14649172.522178479
2021-02-05,13657762.678612871,12575116.514992956,18093500.511248767,14663980.355855722
2021-02-08,13688964.536895078,12624905.763582999,17909680.20187559,14546797.90029204
2021-02-09,13653472.675546689,12552234.954152664,17931853.05295433,14578013.617161663
2021-02-10,13644671.842138905,12543863.044393482,17903629.50184816,14561141.909716027
2021-02-11,13693500.900506858,12613300.738034045,17984228.037245087,14605125.045642849
2021-02-12,13597903.720211497,12531226.809729282,17798960.48576957,14542889.520559253
2021-02-15,13674781.693934968,12600407.983891558,17847959.848867614,14549627.879232692
2021-02-16,13770839.824659424,12649886.654236699,17898977.487378996,14563124.407538267
2021-02-17,13765531.984060055,12597939.487211602,18136212.648147617,14746299.623241128
2021-02-18,13639937.334087646,12531732.080902014,18043771.4556852,14700615.077979269
2021-02-19,13427538.804482646,12367452.787782334,17885016.993909985,14553371.937613433
2021-02-22,13269124.798549091,12248861.360608203,17739569.54101865,14479903.769823963
2021-02-23,13218876.726546558,12212909.874755148,18002565.407056075,14719115.545640025
2021-02-24,13326856.37031765,12293683.583033707,17990532.47323808,14695460.725795832
2021-02-25,13419855.516305465,12338439.252389455,17875085.824053086,14612665.845591487
2021-02-26,13174419.218250118,12079266.676653977,17798553.092376888,14629991.669591943
2021-03-01,13430885.027377218,12316176.431156397,17822832.592305206,14661219.681212377
2021-03-02,13675775.920491444,12498602.461375073,18210686.548385486,14881339.415473953
2021-03-03,13804508.77591524,12612655.539242463,18467275.729316197,15049282.227434201
2021-03-04,13797609.241301294,12602355.967545502,18477276.564177807,15065810.57012682
2021-03-05,13617168.62460462,12458717.964669337,18146814.561013415,14796941.188229198
2021-03-08,13690212.191597383,12463617.891008146,18097457.15897455,14789017.19789617
2021-03-09,13695585.56915529,12463184.276336452,18153906.650816213,14779364.995366856
2021-03-10,13725538.524227852,12506866.212563772,18474485.13233325,14984259.785709336
2021-03-12,13716992.825121926,12480652.124092476,18423458.30391466,14931872.25483897
2021-03-15,13674670.007268086,12441120.178112544,18776983.38107425,15191286.790977098
2021-03-16,13601007.145798108,12397937.972003119,19036882.851084877,15367184.167164082
2021-03-17,13309460.357752027,12168699.56391004,18513034.50464014,14953760.68636601
2021-03-18,13168243.87234656,12037915.18099978,18232002.197356656,14731348.920504577
2021-03-19,13355319.193511339,12207080.865475481,18726424.466363348,15093776.83827802
2021-03-22,13433896.772166183,12268563.062712593,19155073.096296787,15479319.902161513
2021-03-23,13466547.285538845,12292935.736678243,19547635.86775396,15834235.924344808
2021-03-24,13292110.184664689,12133054.376792165,19285398.19042937,15634558.279321723
2021-03-25,13126603.80698159,12004583.49000537,18962868.459840164,15367562.007050227
2021-03-26,13358976.77020762,12239580.890446104,19236404.34765355,15513447.066487957
2021-03-30,13601694.195284825,12436229.108164983,19398205.90319836,15604707.303272577
2021-03-31,13646046.691622706,12477812.105162147,19416749.848217927,15541287.512982907
2021-04-01,13806814.001653211,12612366.834712496,19825956.86110836,15880963.846321933
2021-04-05,13815347.326221613,12506781.245357297,20139438.556564033,16097418.864746671
2021-04-06,14118760.032387294,12742389.416563982,20431807.123473264,16294891.153977232
2021-04-07,14142250.62497404,12803321.328536136,20502510.278067596,16381623.770476623
2021-04-08,14263072.707385208,12901207.696087247,20618596.00752752,16453235.785808587
2021-04-09,14434352.27241949,13020407.452913068,20698841.777187012,16541997.490034789
2021-04-12,14239266.086982096,12735141.580261478,20244312.67033144,16106609.981957309
2021-04-13,13961957.683787905,12567780.07107358,19830690.992299132,15902978.799334368
2021-04-15,14034490.845027845,12626935.378986673,19770805.790141877,15941149.473882843
2021-04-16,14229194.967487546,12792953.119231282,19797362.961653076,16088006.01560217
2021-04-19,14220121.068612803,12724247.219143951,19551952.88888491,15910525.001157423
2021-04-20,14159474.145856256,12676636.832064254,19330817.93113635,15765008.385272916
2021-04-22,14159215.279532544,12691548.053529585,19415945.026318006,15892174.722480683
2021-04-23,14160764.563623084,12673145.994141845,19625352.580322858,15961398.346256286
2021-04-26,14182688.059524486,12737827.085350823,19582080.071923934,15955720.200715996
2021-04-27,14344555.582435928,12887598.132216018,19845889.15338742,16187683.295696815
2021-04-28,14406124.92119851,12936385.141606277,20004654.194346186,16234100.2523916
2021-04-29,14421842.086891051,12918920.355020536,20298352.26005835,16406732.782251315
2021-04-30,14456316.917854244,12908825.657699868,20445158.177915335,16529231.459078848
2021-05-03,14481675.421952166,12942792.608936189,20687762.74379819,16707405.600932391
2021-05-04,14302549.566661378,12792084.17959593,20395829.224596553,16549449.007036172
2021-05-05,14409747.624388533,12908127.572241971,20639944.097005367,16691446.022374524
2021-05-06,14513992.276030209,12997842.253561307,20841410.19166946,16874266.369542077
2021-05-07,14342373.155373283,12843091.993236717,20937252.162551336,16955754.425775923
2021-05-10,14519319.317655925,12994199.626588091,21192196.097524304,17225552.535081938
2021-05-11,14411299.166829228,12967117.279682651,21107700.78010102,17112897.794660877
2021-05-12,14328940.103421794,12883002.02112088,20949290.356471688,16967589.904156204
2021-05-14,14210422.293696854,12815490.416559508,20432337.985301353,16571353.713005153
2021-05-17,14313936.12780562,12945829.043521428,20827828.233567692,16877336.599316258
2021-05-18,14409911.604441328,13094865.680802368,21185286.155987903,17127309.635157432
2021-05-19,14464799.67841521,13174444.010653276,21276072.86876705,17229857.93778241
2021-05-20,14502402.790702587,13192747.503597442,21123986.615138784,17097701.345402747
2021-05-21,14599502.218300361,13242648.19095711,21245232.35285835,17231756.059587654
2021-05-24,14517574.477033757,13211341.705186503,21985723.720383763,17670439.51746992
2021-05-25,14446341.185164377,13171375.926490672,22044581.86285612,17677809.86490511
2021-05-26,14512860.591135371,13248910.081822786,22249159.37543544,17755944.88162212
2021-05-27,14566583.848825559,13251047.074574813,22106591.50020339,17694140.641719256
2021-05-28,14635220.63718875,13300601.704785174,22020240.648085587,17619362.251924433
2021-05-31,14886773.311703848,13483657.557874562,22413667.41048488,17878563.512709763
2021-06-01,14992962.069963211,13546172.93900649,22170195.840587072,17721437.434124254
2021-06-02,15040090.155863494,13588573.092871517,22491680.384587336,17971277.737052348
2021-06-03,15137391.275058284,13735388.537365695,22607018.307728536,17980532.695016365
2021-06-04,15161333.617572628,13720026.419476772,22666730.13245391,17990044.93603769
2021-06-07,15377376.852645835,13870100.558182715,22986791.892537832,18158301.115194116
2021-06-08,15487544.935396401,13946569.470449038,23655699.202579565,18498538.501813855
2021-06-09,15442668.12290256,13911939.332129305,23717115.63231913,18475552.05937037
2021-06-10,15781763.347220713,14165412.671449428,24606677.18639803,19066421.864003412
2021-06-11,15851388.377970273,14206440.464420687,25311513.387637064,19574393.36375285
2021-06-14,15967611.040864442,14274245.672682844,26131724.388937667,20278759.863103684
2021-06-15,15920618.889823392,14269229.837088108,25823866.28704375,20027440.47217289
2021-06-16,15860540.357086709,14217117.747883052,25579720.88553265,19867526.017729983
2021-06-17,15828808.763741378,14195798.513492431,25103944.167146772,19524127.8983755
2021-06-18,15688624.713517405,14107959.026269417,24368928.456861608,18972822.914411683
2021-06-21,15680650.69320283,14069256.581327194,24506369.381949358,19188887.522330504
2021-06-22,15780805.149497358,14117307.262870543,24745927.749585085,19411874.295282368
2021-06-23,15750347.674124645,14081256.72095664,24652878.783009715,19250221.689018387
2021-06-24,15790763.778969863,14095664.806189202,24541652.40038673,19216196.070777982
2021-06-25,15822602.150518002,14110526.172169738,24533323.710613035,19225570.203789108
2021-06-28,15887366.00768333,14169864.150748177,24278928.15747199,19022098.30956272
2021-06-29,15915713.810972424,14173972.630300935,24546058.26374853,19158133.82643134
2021-06-30,16066648.523324717,14294694.953579184,24757148.21640899,19254052.90334794
2021-07-01,16133997.21771226,14358069.30442863,24691255.63628471,19125493.734487277
2021-07-02,16299397.180385333,14490582.883909201,24569977.060138084,19019726.304007594
2021-07-05,16407970.972839924,14612066.390900468,24337368.755487777,18884628.045106497
2021-07-06,16579283.869482338,14707188.310904833,24755275.625428867,19228857.44630251
2021-07-07,16612865.429228242,14797933.895726638,24982275.593393378,19429505.30584753
2021-07-08,16563322.074307758,14754179.158443399,25186954.194267936,19563035.551908735
2021-07-09,16629527.446144637,14798672.84365953,25062666.134879526,19445493.73238231
2021-07-12,16777693.061941504,14912474.799571326,24969928.091718286,19333728.137609966
2021-07-13,16760832.180919424,14896711.83333205,24912026.20587019,19258960.26848205
2021-07-14,16904984.444090072,14998643.391109798,24962455.95911903,19360801.567553643
2021-07-15,16986005.715141073,15069346.835802687,25344906.82488206,19555513.633112118
2021-07-16,16998473.875216305,15139077.493589712,25539938.755377475,19705312.220397804
2021-07-19,17102191.831489373,15205300.814912843,25542394.516423002,19775994.21804307
2021-07-20,16911917.93162817,15116437.897723267,25300978.620233264,19593499.843005877
2021-07-22,16939641.01329861,15257173.703507647,25827430.88240659,20050225.131780773
2021-07-23,17092706.25363269,15367923.872000821,26112689.889645193,20338455.72794486
2021-07-26,17168544.030658014,15434894.207568372,26286823.511992905,20333854.44455889
2021-07-27,17052676.334522795,15359281.709197946,26274049.980957717,20174524.830034528
2021-07-28,17184011.106430512,15448564.122770388,26844978.239059173,20586667.14005736
2021-07-29,17284421.96206878,15538255.856702667,27028258.297644325,20589475.683223754
2021-07-30,17439436.943461813,15714476.14534314,26782250.48295921,20372889.95071418
2021-08-02,17804128.158636086,15976724.049819915,26972061.512177818,20485396.34496867
2021-08-03,18065989.807859235,16185228.13609614,26881848.039789036,20468980.574351385
2021-08-04,17977085.43745724,16085726.326118821,26324273.101541065,19986394.13106163
2021-08-05,18063591.91210312,16095859.82508128,26885599.88597224,20222016.31943148
2021-08-06,18068834.703344807,16108971.290897844,26732471.61370242,20187892.580668837
2021-08-09,18053315.28817757,16080679.580474354,26524624.622161537,19939732.85501562
2021-08-10,17948896.303308424,16028386.74695281,26407404.573619314,19735226.62525558
2021-08-11,17765367.729113758,15936495.503206098,26333945.439321063,19684447.30962595
2021-08-12,17750919.731672704,15922620.770599097,26625771.90663691,19886103.67619352
2021-08-13,17995264.828600213,16104719.813614212,26548567.672072284,19834529.37565527
2021-08-16,17903621.97346838,16016984.68983469,26589188.35805943,19742798.51625415
2021-08-17,18177286.545314625,16231646.706577718,26607825.269170363,19716640.482612588
2021-08-18,18272652.032622747,16338909.292385183,26667303.251034744,19696702.223190226
2021-08-20,18010734.131982163,16151632.910808027,26054708.7367241,19220443.420174796
2021-08-23,18004979.876540978,16093783.45437999,25896213.72641682,19042482.709694196
2021-08-24,18126966.906981133,16171416.18051574,25781281.94675909,18902875.189666994
2021-08-25,18128505.892769586,16142764.20350755,25767480.619634725,18848573.22569269
2021-08-26,18150112.63119306,16179832.133688023,25354244.803518914,18630938.293276787
2021-08-27,18284097.189414613,16303275.45194837,25784064.36291434,18920733.923261568
2021-08-30,18693641.07994016,16678397.57400944,26422199.731617294,19285359.004657365
2021-08-31,18966515.87400402,16911513.871018756,26723980.680660702,19385337.632593263
2021-09-01,19124983.69073816,17098372.48763879,26598887.00531909,19359440.18818854
2021-09-02,19163971.498400036,17204411.283749998,26532968.51282884,19347730.816130918
2021-09-03,19186893.005820792,17235311.86929108,26430106.62816658,19316209.314768333
2021-09-06,19339361.21171613,17366127.27740721,26196831.117876977,19228231.827808242
2021-09-07,19241953.387176473,17273704.378980763,26139923.599682406,19066885.939724177
2021-09-08,19097178.767018013,17159719.57218947,26083465.91759612,19107779.826071937
2021-09-09,19120922.010296628,17231315.265152507,26238657.40173526,19241353.363114733
2021-09-13,19235905.850377824,17329478.605998777,26427553.501677766,19417776.35106734
2021-09-14,19216956.66007992,17322972.842045184,26622726.752025917,19593842.187834498
2021-09-15,19438010.596845455,17504292.115410935,27428006.93786977,20048270.950145487
2021-09-16,19412834.98235191,17477161.49676418,27415035.4090166,20013338.099842098
2021-09-17,19233638.471141864,17327872.864793334,27049708.92299898,19766225.452820383
2021-09-20,18931251.827105723,17036984.85806727,26594611.24663953,19438310.276299324
2021-09-21,19060581.060473625,17145677.674316347,26397485.881559636,19304655.916936707
2021-09-22,19122423.613724258,17180729.051987894,26944923.04866281,19599307.70667745
2021-09-23,19462687.49501844,17506294.70864034,27114167.265158884,19659877.232650474
2021-09-24,19367608.260162637,17452019.825029604,26616774.442908637,19333741.988891475
2021-09-27,19175755.588955536,17282808.899750568,25858923.303968143,18834473.78339099
2021-09-28,18699429.750320237,16898078.37830546,25234538.84880219,18491097.61534659
2021-09-29,18879096.352502022,17043832.182203807,25548936.199769065,18785018.018589206
2021-09-30,18866029.085369814,17046977.88081762,25817768.564359367,18971644.77760924
2021-10-01,18841348.454175837,17018313.838718083,25718053.486797616,18935284.703117564
2021-10-04,19322858.40002915,17412340.252763003,26195350.611351173,19262476.73009909
2021-10-05,19315042.83095209,17387467.51894051,26374308.783869386,19342314.39879732
2021-10-06,19223812.04477506,17247839.149341833,25994842.68609386,19103687.92379912
2021-10-07,19365025.859739922,17399317.489956178,26506630.52120001,19367983.042649716
2021-10-08,19400240.746337652,17436590.748055305,26707491.462844294,19557500.16907882
2021-10-11,19524169.637720294,17539819.88560855,26788832.108844653,19631466.540730953
2021-10-12,19620151.570297915,17703820.46795994,26885482.57115833,19698259.776654854
2021-10-13,19779428.446850646,17838329.537260458,27091729.905620627,19898077.771145515
2021-10-14,19938296.798273295,17970224.386597224,27127233.086336076,19960729.580079924
2021-10-18,19798820.54039959,17831849.67839016,27251916.399493318,20092359.46647713
2021-10-19,19670695.758503094,17663416.81652042,27155564.448559564,20067751.766290426
2021-10-20,19169884.33841242,17173303.60498472,26163156.848061852,19421087.38715179
2021-10-21,19213908.1239104,17036235.371424973,26236388.15528314,19512163.566863164
2021-10-22,18855493.51128417,16743368.227854539,25434469.176693168,18928624.941156376
2021-10-25,18552778.123391535,16464050.408359272,25071466.431649353,18649527.036353428
2021-10-26,18760207.328697056,16636737.919740725,25716570.26745609,19133957.910822783
2021-10-27,18842787.353909276,16730505.572292414,26509781.04833485,19642605.361888718
2021-10-28,18636156.08176698,16550667.950076474,25898474.73000243,19153710.219622117
2021-10-29,18603606.493866738,16515533.897170935,25340453.159805693,18781871.52420016
2021-11-01,18929079.299921058,16817577.196527313,25698588.279092826,18974911.133806646
2021-11-02,18936722.60747558,16798263.435231466,25877942.342523698,18915572.263790697
2021-11-03,18913758.670630824,16742437.088256374,25575106.212958496,18754140.6557427
2021-11-04,19047859.946390368,16862469.349630304,26194906.19230836,19148331.20064856
2021-11-08,18954912.150433626,16858124.417234372,26292829.776558835,19183326.34669486
2021-11-09,18934007.223869823,16886355.29773321,26293778.34096454,19129336.79709977
2021-11-10,18737118.69550179,16736109.411877867,25971816.200632863,18852964.93141543
2021-11-11,18535786.82321923,16585588.288076513,25681560.881578915,18632176.07689923
2021-11-12,18740561.22372038,16794947.09605046,25769604.895114444,18677994.2295808
2021-11-15,18768887.58561534,16853350.8810041,25562052.06717085,18529053.971286137
2021-11-16,18629287.41481822,16751741.272512136,25754846.353849,18632136.567947615
2021-11-17,18599719.63737583,16673351.929661216,26397186.364762217,18904234.69933154
2021-11-18,18532829.93789726,16581524.320184007,26171088.959466577,18741198.624822844
2021-11-22,17970453.490167335,16107383.521283664,25387565.317009218,18227298.125056013
2021-11-23,18162505.268367827,16315377.635212729,25944549.999540754,18448267.139580775
2021-11-24,17978062.497006,16134130.956978453,25739652.880700883,18312174.87477309
2021-11-25,18185954.588308282,16299071.630140027,25915523.29303099,18412852.93598195
2021-11-26,18136338.608136375,16132124.563631533,25388491.85446375,18094399.45644072
2021-11-29,18199036.402073864,16174427.546697427,25645560.868252054,18314856.306489475
2021-11-30,18179382.463339426,16197949.632048134,25456232.3435513,18192806.76318803
2021-12-01,17979028.262928918,16065270.626457248,25508859.50018189,18175926.60657573
2021-12-02,18205923.182443563,16278595.883953424,25890318.46882166,18391945.72603266
2021-12-03,18152853.495847803,16255022.854333606,25626168.22345315,18264262.490439907
2021-12-06,17822419.066984415,15985662.012252197,25021098.48655247,17838113.501504604
2021-12-07,17998656.007976215,16179458.501411682,25238040.313111767,17918377.753439978
2021-12-08,18150550.56611376,16319498.879450671,25482627.920388736,18036784.28494315
2021-12-09,18158411.353069976,16327789.833422825,25466457.25166606,18032407.427732565
2021-12-10,18137767.356425304,16311266.03105338,25242382.828726217,17907092.376150645
2021-12-13,18168930.87581698,16289920.918063523,25584677.752082027,18038123.695304986
2021-12-14,18268028.27251745,16334435.09310828,25676004.61163307,18066140.41452172
2021-12-15,18126130.289352205,16219570.73107837,25526404.293833222,17915857.160505373
2021-12-16,18204796.042645153,16263455.024204908,25671216.303384274,18046844.030627977
2021-12-17,17952806.1072018,15997566.201393586,25105529.437794425,17835619.13457082
2021-12-20,17540527.4269929,15586541.848116305,24440165.630974803,17549420.201855272
2021-12-21,17880292.418331414,15900670.72214347,24672192.41105472,17727456.26386615
2021-12-22,18251084.892096523,16242390.793067219,25433199.778046146,18026745.921019908
2021-12-23,18336817.394058414,16351047.932534285,25972046.87721429,18270314.57878476
2021-12-24,18244072.647890687,16240765.448255967,25897678.40172468,18256971.5443988
2021-12-27,18296743.09407389,16329470.184835047,25962569.469953474,18356208.764891498
2021-12-28,18456075.275333952,16498242.880290804,26389839.65339648,18576826.732758004
2021-12-29,18551540.403403737,16556399.5360543,26539498.891371112,18639028.817503523
2021-12-30,18691289.38160467,16630951.228184246,26817132.809844054,18744110.20472435
2021-12-31,18999030.520898506,16871315.222616877,27098594.268307976,18926784.007783946
2022-01-03,19085111.463019602,16979392.39287043,27927690.60213265,19372392.191753007
2022-01-04,19016827.018739276,16912137.16571944,27873048.087692484,19343291.376677465
2022-01-05,19063716.257878065,16958771.209095392,27362453.61200758,19122937.23789964
2022-01-06,18930306.599762086,16841730.90919923,27261484.554021757,19100293.742248658
2022-01-07,19048027.709914245,17002102.982329782,27489296.038590066,19266462.686846364
2022-01-10,19045589.423164234,17021928.736320928,27135888.796479844,19102092.91840259
2022-01-11,19020153.668700665,17051544.12348235,27180107.415524673,19127328.828562185
2022-01-12,19269028.30307132,17284689.330349803,27458087.053305767,19289753.509251893
2022-01-13,19189781.629870996,17242129.635297928,27476929.706516303,19285746.49842411
2022-01-14,19212073.927104346,17280089.279268336,27189906.900320694,19130884.978734985
2022-01-17,19184646.134883214,17232204.53281922,27174704.18422387,19073160.68510129
2022-01-18,18649509.40701808,16796508.656545617,26546031.338594586,18742981.2110061
2022-01-19,18495401.746663634,16675489.65871755,26230510.74784188,18643554.25761014
2022-01-20,18246877.242853448,16494249.967725042,25909333.278104186,18399875.151837077
2022-01-21,17792546.359597158,16076521.856216421,25078406.148513734,18048622.308583144
2022-01-24,17101201.897008944,15429613.548510201,23681990.35854891,17256474.02824791
2022-01-25,17300509.137031093,15583223.24979766,23962831.87735533,17417871.911876176
2022-01-27,16847083.547215078,15151514.368812004,23222604.402436715,17039266.95213455
2022-01-28,16953244.884171635,15294945.470533665,22954581.239919286,16861165.960303977
2022-01-31,17314240.737786796,15597967.965278309,23715790.177433904,17143671.028087
2022-02-01,17506283.934655212,15781501.330938902,23787367.05043212,17296367.228671074
2022-02-02,17520186.64432156,15809108.664561864,23994052.06363929,17371614.699963376
2022-02-03,17476970.50331921,15775358.23549081,24023829.403145205,17355108.700268317
2022-02-04,17455882.770451277,15747682.404634118,23919241.54747244,17167299.516979862
2022-02-07,17373083.083319686,15686513.837656377,23690769.643980727,17024003.50770226
2022-02-08,17415457.005195104,15704879.061371999,23114610.727961086,16752701.185600365
2022-02-09,17572366.199466333,15873365.135920301,23291105.482606597,16870681.218956966
2022-02-10,17591257.839302458,15877578.542339299,22935612.54149762,16614479.324320182
2022-02-11,17298419.0401078,15597118.993786126,22838056.92473751,16445926.33968232
2022-02-14,16964495.852376223,15300961.762196813,22066760.7119861,16043008.773242218
2022-02-15,17249826.601285875,15560778.491317093,22893812.966518424,16712725.942666752
2022-02-16,17210744.022870205,15515454.784787208,23035512.004600912,16940091.100720733
2022-02-17,17133650.306328844,15451239.721062968,22953109.60287156,17194613.201916955
2022-02-18,16971767.133296315,15316325.34132196,22493033.413645558,16955032.810412515
2022-02-21,16884487.828683816,15248565.301391903,22252090.893318653,16663971.250474535
2022-02-22,16825839.06434848,15195219.601775568,21927597.81222204,16298296.071064282
2022-02-23,16948676.560800124,15277612.298481252,21976082.327993408,16361933.007676186
2022-02-24,16400156.364281762,14784130.298236715,20898436.500465173,15561643.677217545
2022-02-25,16834951.977295768,15170039.84762555,21478220.02661828,15945832.525405476
2022-02-28,16880466.14328982,15201448.136849094,21450269.62379738,15856554.133706247
2022-03-02,16892248.411703493,15198188.300787672,21585827.42548812,16066300.083068976
2022-03-03,16840298.430227384,15196002.706283644,21643393.217447415,16265353.94124889
2022-03-04,16663975.394254236,15006229.230667474,21464743.819479693,16123778.56367441
2022-03-07,16402724.596855693,14747186.352093214,21213874.73800312,15788924.370580222
2022-03-08,16607441.828141317,14993670.467297494,21188124.43881512,16013714.191886706
2022-03-09,16724234.96315315,15137186.517194264,21674181.117491297,16286770.66745882
2022-03-10,16966201.50676509,15342436.978595957,21959608.318496823,16497598.7114392
2022-03-11,16993611.922539204,15429016.253186984,21941512.239369877,16451437.162177073
2022-03-14,17044920.41149331,15496234.621431898,22094936.277269147,16921633.571643133
2022-03-15,17006780.700798348,15466387.238664186,21837620.312598206,16732631.654778518
2022-03-16,17127115.297970086,15604948.237247149,22105316.131000564,16759477.391718032
2022-03-17,17316275.997319616,15788948.551562324,22270923.36858992,17012418.140893497
2022-03-21,17369963.83960277,15823320.45423892,22240242.678433143,17045174.493217777
2022-03-22,17437999.565814044,15896290.565849254,22288481.454092246,17143014.23346589
2022-03-23,17366119.196609393,15833458.91636898,22154636.049655862,16986286.71752349
2022-03-24,17424114.15281329,15898303.062442714,22363914.661516815,17119183.208643835
2022-03-25,17352931.796573266,15848742.838034546,22225246.725429084,16944601.752548613
2022-03-28,17297257.410369214,15815328.95830026,22120201.266624954,16790532.731311575
2022-03-29,17298133.497407522,15872871.75243403,22033146.35015532,16753303.289261099
2022-03-30,17383651.523423973,15945817.798558362,22214462.77860942,16782598.616327148
2022-03-31,17377838.478152804,15913190.520741886,22295595.043214276,16839326.430784483
2022-04-01,17473420.268902827,16027728.88809719,22289503.013298318,17046794.074291475
2022-04-04,17731570.853068464,16231366.840505792,22425571.93303287,17245172.69415144
2022-04-05,18048941.994774602,16457679.649625286,22374179.699369427,17179625.85762548
2022-04-06,18206320.076876834,16564751.498942774,22456606.367271613,17176661.4632759
2022-04-07,17901553.11636956,16355386.410905441,22376459.0358929,17214640.927620724
2022-04-08,17870721.55780633,16372799.215435285,22472332.090430517,17247077.206743665
2022-04-11,17959044.639672883,16419116.171098437,22811148.928152535,17495728.16472284
2022-04-12,17696059.76433947,16175522.586300623,22783874.46077066,17174227.849514656
2022-04-13,17730379.904635027,16216300.265672222,22944351.69680713,17258791.478499077
2022-04-18,17765625.239574477,16201893.512465684,23074313.094370928,17193910.494093724
2022-04-19,17308992.069551088,15864953.322478741,22622392.2624935,16813328.71467451
2022-04-20,17327998.44618414,15877860.458625946,22694324.786038198,17143472.039000925
2022-04-21,17572665.44826587,16093525.86449105,22651776.50307451,17134772.183829132
2022-04-22,17330592.8268053,15868761.253536202,22414694.908266094,17059143.87057038
2022-04-25,17033432.22322365,15563639.873888776,22339369.059130505,16895714.944900956
2022-04-26,17223355.43905078,15798421.660446491,22489797.52058266,17012234.36067476
2022-04-27,17208799.363574132,15750082.658783238,22145842.523880452,16825707.417855207
2022-04-28,17262173.676416248,15800048.47247246,22282327.35360153,16887865.0270438
2022-04-29,17175040.430181332,15718288.76727109,22264408.08021883,16895891.700484887
2022-05-02,17213061.309107523,15842071.161587384,22308850.423579596,16904829.310511872
2022-05-04,16879148.119463388,15562851.476100795,22289166.220327772,16729872.713408515
2022-05-05,16891252.771871854,15556218.256974451,22278915.43824613,16700692.101339454
2022-05-06,16659691.942492446,15355692.433167879,21862514.160065558,16430291.200312788
2022-05-09,16350053.271519713,15052755.69252472,21587855.951208085,16225043.729466608
2022-05-10,16051150.521475093,14756729.983912744,21432242.29622528,15941402.689086206
2022-05-11,16131417.640740637,14874545.27855365,20858248.33169424,15587450.640591735
2022-05-12,15932412.055445878,14643779.51138623,20438355.989363346,15182035.472546887
2022-05-13,15908825.616060408,14619854.268791761,20613468.244363014,15141098.610414056
2022-05-16,15903069.65169271,14653179.084917083,20606768.70486753,15087822.732457623
2022-05-17,16370822.386047883,15043134.632988572,20968177.909860007,15471785.697083892
2022-05-18,16374833.425352544,15046578.08966697,21055353.250298165,15582678.479392154
2022-05-19,16130358.54579592,14799476.548502084,20817176.909629006,15478781.043954749
2022-05-20,16230420.615802163,14963450.279040549,21004317.070357155,15706298.908192705
2022-05-23,16151393.71730139,14865021.271718923,20803129.48170763,15695228.113494514
2022-05-24,16114005.82458654,14825154.665832628,20503334.321554855,15523115.652860187
2022-05-25,15725727.385774562,14491675.541469757,20349619.56011177,15362899.438816374
2022-05-26,15781591.450892877,14565063.938986048,20241140.66893978,15378603.104790512
2022-05-27,15882005.430734443,14681596.960811544,20585338.006503448,15697742.733757678
2022-05-30,16184897.54673337,14934140.752335064,20950808.098869827,15958486.22114759
2022-05-31,16248106.580766305,14928630.778306149,20822561.21772466,15763120.279507656
2022-06-01,16166344.236895692,14827634.305564098,21146689.017766368,15768268.245221931
2022-06-02,16165475.169560581,14855568.451844689,21171137.224034294,15880600.187227247
2022-06-03,16102193.637110244,14818957.393274415,21133765.189517286,15827699.706401432
2022-06-06,16121748.92876792,14837914.11898601,20667414.788784515,15504011.798561446
2022-06-07,16087975.00682966,14783112.290375505,20139488.210511923,15158455.822690794
2022-06-08,16004238.936959904,14703587.054381587,19980086.146885592,15012073.934947757
2022-06-09,16058306.209246118,14758604.340296762,19872333.18738137,14942840.755344935
2022-06-10,16024093.199310666,14738804.495929893,20352135.246240936,15378289.662870832
2022-06-13,15894615.276677156,14587888.245683113,20449414.23349269,15296944.408193873
2022-06-14,15915342.190606993,14593143.085559731,20458047.733418625,15214302.730310993
2022-06-15,15925741.24428164,14584705.144655406,20614795.12763212,15257195.979147319
2022-06-16,15712875.296739642,14416498.937015165,20056300.08545062,14847601.374792373
2022-06-17,15708953.216870897,14367655.690719549,19530354.91480496,14429229.516812451
2022-06-20,15524863.636160124,14216640.264204396,19447259.16861532,14367204.850991417
2022-06-21,15693383.555100448,14391670.75400481,19376255.97922858,14402193.248412754
2022-06-22,15610070.842759488,14281200.47692598,19179980.763901886,14242548.578295587
2022-06-23,15698075.161114432,14340971.230531659,19173820.762382094,14277126.143550681
2022-06-24,15824999.024621809,14446053.369821128,19362421.7676339,14396935.018584978
2022-06-27,15869611.28212656,14489816.046038976,19615624.129228942,14573791.925725868
2022-06-28,15859076.016528733,14481542.081061672,19943243.383660316,14771109.39753314
2022-06-29,15872421.933343198,14467129.751554951,20145190.21241104,14873959.22961713
2022-06-30,15803348.293250814,14386653.624557357,20208109.643177368,14896407.249764752
2022-07-01,15778443.894948358,14352620.680009417,19957013.412026018,14803778.200995307
2022-07-04,15822370.628825655,14352620.680009417,19797077.329219293,14733496.181202311
2022-07-05,15852638.104678454,14352620.680009417,20096818.49073273,14925437.611677758
2022-07-06,15909548.553791007,14352620.680009417,20357343.391058393,15053628.068258394
2022-07-07,15954065.277059983,14352620.680009417,20390205.830203198,15106345.461913634
2022-07-08,15933914.819520915,14352620.680009417,20356831.45532808,15080730.004646005
2022-07-11,15922027.06524525,14352620.680009417,20393395.962937072,15057846.780836325
2022-07-12,15891589.798803436,14352620.680009417,20207044.853840582,14918565.59739278
2022-07-13,15881388.762665942,14352620.680009417,20254686.481211547,14998297.090250421
2022-07-14,15885941.300254893,14352620.680009417,20268236.851015314,15002448.063244957
2022-07-15,15950187.075738002,14352620.680009417,20289835.220360048,15210710.326258017
2022-07-18,15993438.924929114,14352620.680009417,20313013.16379324,15257315.025113013
2022-07-19,15987790.207012886,14352620.680009417,20918775.02733891,15489212.925310785
2022-07-20,16002713.35196066,14352620.680009417,20814660.459153146,15464575.068721198
2022-07-21,16106922.874388421,14352620.680009417,20766023.69785185,15443055.92842028
2022-07-22,16071174.71626692,14352620.680009417,20665498.72640852,15348788.624077555
2022-07-25,16049506.453707954,14352620.680009417,20691106.437589914,15408976.106855523
2022-07-26,16040400.93979468,14352620.680009417,20664797.33617732,15372424.861344667
2022-07-27,16047229.855861949,14352620.680009417,20806045.067192376,15525671.940657625
2022-07-28,16086266.554965282,14352620.680009417,20858607.695553124,15561466.415762523
2022-07-29,16116955.874878388,14352620.680009417,20778848.56956492,15518961.583602615
2022-08-01,16110210.757267196,14352620.680009417,20798556.007573035,15679103.10169334
2022-08-02,16086314.157753158,14352620.680009417,20935685.68280138,15693581.2604384
2022-08-03,16056974.387844738,14352620.680009417,20849624.589610375,15544052.796706112
2022-08-04,16052042.34415889,14352620.680009417,21354516.57235221,15852448.49257957
2022-08-05,16042262.274610959,14352620.680009417,21680020.214366343,16046771.27569194
2022-08-08,16072707.218921786,14352620.680009417,21528851.508551415,15935609.873097895
2022-08-10,16033503.142273985,14352620.680009417,21618894.411046725,16031852.704600668
2022-08-11,16153157.027271615,14352620.680009417,21522480.887631826,16046671.032977317
2022-08-12,16173822.56013757,14352620.680009417,21621897.650599077,16124556.301480344
2022-08-16,16194402.320238272,14352620.680009417,21873861.064734977,16297866.02912776
2022-08-17,16168719.848391963,14352620.680009417,21818959.121544193,16298933.129724605
2022-08-18,16169230.31699744,14352620.680009417,21684094.29130386,16284904.914529696
2022-08-19,16130706.280176448,14352620.680009417,21603291.368129253,16209593.2125794
2022-08-22,16092182.243355455,14352620.680009417,21403450.534785297,16072931.594861422
2022-08-23,16088950.07986894,14352620.680009417,21488591.457450837,16201487.923911415
2022-08-24,16087929.800761042,14352620.680009417,21577384.317992862,16444428.755949557
2022-08-25,16086568.843636682,14352620.680009417,21658707.41350978,16440456.374415344
2022-08-26,16100261.33586562,14352620.680009417,21742175.046144977,16585917.94878424
2022-08-29,16061311.725733656,14352620.680009417,21799911.937590852,16660161.684367243
2022-08-30,16076619.422235107,14352620.680009417,22188500.27182842,16951150.48649504
2022-09-01,16127474.33605762,14352620.680009417,22129767.83245275,16892265.97768011
2022-09-02,16091926.4606335,14352620.680009417,22228390.317635924,16979694.665861778
2022-09-05,16108680.00955382,14352620.680009417,22809579.64727979,17297136.03715925
2022-09-06,16126878.972157635,14352620.680009417,22910431.501483575,17378407.42608779
2022-09-07,16133937.566192217,14352620.680009417,23315057.984196022,17694122.759209864
2022-09-08,16145928.423280332,14352620.680009417,23619669.39050831,17948059.210404597
2022-09-09,16123052.32224188,14352620.680009417,23870226.403137162,17966973.541437916
2022-09-12,16124838.194574151,14352620.680009417,23671155.374658316,17881073.80789478
2022-09-13,16152901.683285033,14352620.680009417,23394562.629021287,17656525.094426982
2022-09-14,16141761.534083487,14352620.680009417,23368834.234745156,17628298.329968683
2022-09-15,16171356.209243117,14352620.680009417,23410723.13845218,17653203.854308844
2022-09-16,16074578.205916252,14352620.680009417,23043994.113985084,17282616.55397498
2022-09-19,16092692.492593246,14352620.680009417,23001453.92583125,17317889.187528472
2022-09-20,16146268.662561422,14352620.680009417,23475570.078102276,17618958.496524848
2022-09-21,16180200.675609972,14352620.680009417,23450063.686718717,17555884.576999113
2022-09-22,16181731.423323348,14352620.680009417,23538728.576782636,17590166.778430004
2022-09-23,16121521.574528502,14352620.680009417,23362386.74960362,17461274.946354795
2022-09-26,16075258.903846119,14352620.680009417,22497435.545283556,17070195.002425976
2022-09-27,16071261.585870603,14352620.680009417,22208665.56312871,17128904.85400638
2022-09-28,16050766.72106441,14352620.680009417,22446464.01889259,17158771.96207411
2022-09-29,16037021.371466465,14349732.609768534,22506168.786468,17321841.975532636
2022-09-30,16110620.59995357,14433808.405440964,23098432.545293823,17712717.836009935
2022-10-03,16039806.13383438,14377134.612160778,22831115.83141625,17488574.839700587
2022-10-04,16142791.022792768,14445484.339972297,22956599.029418,17613240.0555207
2022-10-06,16324784.939045385,14567824.31284049,23202676.48618686,17635900.34883911
2022-10-07,16420802.737065548,14645349.448782017,23264598.98459495,17689209.434915747
2022-10-10,16293581.822803896,14523838.49618788,23397811.406265266,17792769.535528116
2022-10-11,16119033.95383729,14398030.318062324,23189020.040461846,17734495.52885047
2022-10-12,16194046.519879008,14488621.180996183,23156568.10471327,17640543.777456842
2022-10-13,16104734.235949792,14403581.700875621,23158533.563313473,17570863.194938507
2022-10-14,16063300.13642641,14446817.822943635,23230342.096346755,17589276.476998404
2022-10-17,16162778.666051527,14545522.165156424,23313132.08134717,17588876.635593265
2022-10-18,16355247.676652564,14698202.58353723,23741328.205159612,18123589.860032428
2022-10-19,16296462.720895872,14654164.123803994,24077354.83384755,18296414.587149918
2022-10-20,16321996.302111797,14668276.619091392,24285906.339976825,18481640.13186406
2022-10-21,16262899.980125273,14658746.505491646,23948103.08434646,18277242.210634224
2022-10-24,16373286.541374648,14767408.144816132,24181028.339249063,18386404.10568931
2022-10-25,16473739.300583867,14822063.143337307,24520624.9719148,18598869.93830373
2022-10-27,16616229.769938838,14905831.226367662,24296153.001374796,18760746.405263428
2022-10-28,16685007.788570402,14870589.317129176,24237737.37628981,18697626.54745119
2022-10-31,16899100.63229641,14955641.91727946,24181258.73792253,18750470.371932965
2022-11-01,17132016.038032208,15111456.0081742,24733445.73295036,18860525.549192734
2022-11-02,17045499.650043126,15064779.36493156,24687248.5662779,18787322.197332695
2022-11-03,17096107.182499424,15146030.267298412,24725206.684748378,18927808.23010745
2022-11-04,17113884.671419837,15192323.353039026,25011976.20956331,19047901.418740515
2022-11-07,17252235.378800854,15300399.73304475,25356988.274175018,19194203.96448852
2022-11-09,17110606.33779566,15201437.852303784,25483189.762030743,19230386.677683257
2022-11-10,17034961.593379732,15151341.446282119,24976246.42495774,19002819.174924843
2022-11-11,17046141.319842674,15115757.114686413,25163544.78168462,19315281.931248665
2022-11-14,17008219.7722739,15079922.731800735,25300030.742054965,19650066.315078866
2022-11-15,17088433.277814753,15099315.826790052,25273499.677510332,19531419.782305766
2022-11-16,17025950.655636724,15055562.03900248,25164664.532069433,19562437.92353469
2022-11-17,17074571.312189046,15080379.715365512,25060498.05124857,19630747.70143174
2022-11-18,16837518.40453944,14934676.913602268,25413071.570084598,19553232.631124858
2022-11-21,16718641.182099052,14865594.369529037,25293580.3126955,19560900.335406788
2022-11-22,16796183.0596349,14899249.805924932,25104431.914949045,19598789.013621278
2022-11-23,16845230.252703782,14935120.934930967,24908313.60220101,19498755.904498033
2022-11-24,16954340.948420923,14984137.431702886,24944173.84447799,19541390.81769611
2022-11-25,16997989.88422405,14978686.217678215,24978154.28934829,19399143.475858204
2022-11-28,17048804.57326113,15039979.636975376,25187212.15523391,19320215.742034666
2022-11-29,16913230.3105473,14917825.736808041,25036591.264965463,19248715.006832015
2022-11-30,17056522.836788133,14967740.75695137,25119721.084838167,19339789.945977665
2022-12-01,17058482.3544446,14975830.094312375,25267947.095293086,19421227.963907544
2022-12-02,17033905.111398607,14962372.190187246,25483098.90332872,19462067.02595226
2022-12-05,17100857.989969734,15018817.27905622,25781429.863508802,19604259.875508927
2022-12-06,17071075.27517113,14995528.750454504,25788861.475894082,19576887.820710022
2022-12-07,17003553.34899229,14935269.675175715,25860621.620827205,19411450.775714185
2022-12-08,17037947.688426588,15028276.142647032,25805816.10365884,19494536.347464997
2022-12-09,17087012.339517348,15011975.191317309,25868425.88699093,19482806.076255385
2022-12-12,16984283.99623866,15009339.104177268,25908815.106202926,19524192.887385223
2022-12-13,17066953.90220177,15045793.695885494,25826355.774924666,19497015.632866032
2022-12-14,17109780.862635396,15127348.608401198,25866443.712408368,19468239.73276036
2022-12-15,16885514.323303808,15010538.363192126,25282423.420601446,19204304.02480128
2022-12-16,16581186.297363766,14752696.076916283,25240076.0555714,19031967.355319373
2022-12-19,16852102.662279844,14899065.93797068,25456159.94347506,19058339.757353097
2022-12-20,16967997.787025414,14922370.446803087,25890856.154720943,19392791.343546346
2022-12-21,16570448.540759541,14613037.339831563,24840755.621724714,18686622.694972716
2022-12-22,16462354.13629366,14503052.416280108,24529882.72381222,18131226.337389667
2022-12-23,15955045.703545973,14127626.555783454,23282442.070710883,17601512.734549105
2022-12-26,16178777.270488998,14443943.766739817,23940259.90641831,17966372.49644951
2022-12-27,16272479.429075466,14541632.54226665,24301353.61686074,18296709.09492404
2022-12-28,16392399.9866917,14606355.735976236,24402805.449781206,18229934.996722154
2022-12-29,16435068.007825539,14659832.906998344,24260991.07213006,18093719.32771437
2022-12-30,16370909.321969686,14671503.465406274,24465327.973405853,18258314.589190252
2023-01-02,16412217.28595117,14665759.839093244,24514690.59981536,18354023.228870522
2023-01-03,16374152.088588139,14655792.625598593,24444011.217120886,18306311.10785832
2023-01-04,16303641.276476022,14560923.62139349,24479431.07277354,18301109.42448641
2023-01-05,16362735.718360802,14617059.598939188,24420199.13283933,18297837.377170034
2023-01-06,16340216.973806644,14537609.651311249,24053720.72791697,18233199.790754713
2023-01-09,16425076.507463777,14612758.031466993,24150900.146950513,18337922.21424674
2023-01-10,16245888.883208042,14454612.778574884,23521832.866708335,18007196.97283167
2023-01-11,16245330.281981006,14492148.620423466,23255488.513319593,17979349.047080357
2023-01-12,16267465.158004355,14489706.15728877,23313565.003547736,18044448.257016513
2023-01-13,16319722.005090563,14569412.168730062,23534527.288275525,18262924.692375395
2023-01-16,16234275.182222914,14530985.91155155,23307665.278502934,18251372.503352564
2023-01-17,16321296.58374134,14525735.451003,23197255.624863647,18268763.441778
2023-01-18,16353056.012580426,14558396.626047844,23242524.33499612,18330001.021839254
2023-01-19,16243819.216138665,14496396.533715036,23135329.7294812,18340464.529887725
2023-01-20,16146928.191236302,14418182.353526114,23079589.59391058,18281515.43976016
2023-01-23,16099864.358936423,14467249.155339044,23062522.89236705,18292747.101154305
2023-01-24,16051278.585312704,14429509.524157263,23408416.878956128,18414368.31401378
2023-01-25,16006875.012179555,14318614.795870626,23206300.77803243,18329323.13725487
2023-01-27,15566629.312336171,13979809.722621024,22533539.16221887,17756084.510225
2023-01-30,15573842.622729274,13989610.891287327,22690075.782465316,17920919.014979217
2023-01-31,15829560.510312784,14157988.289634911,22981719.178275503,18185865.696700055
2023-02-01,15736692.05276383,14104042.608923413,22899052.99453501,17904407.73742922
2023-02-02,15762319.612792745,14071572.275151582,22954874.50049673,18033680.593532465
2023-02-03,15846022.268131316,14215159.753775481,22828942.255138703,17828167.272943452
2023-02-06,15894460.31581652,14244560.84650094,22900454.06728799,17785928.684001915
2023-02-07,15876350.14251589,14222066.201021884,22891268.62322423,17907690.597029526
2023-02-08,15935751.06490796,14257932.855842564,22546635.249215733,17824217.97152231
2023-02-09,16128128.607193315,14249415.100995548,22300060.181752373,17752279.421989553
2023-02-10,16210019.773705764,14316191.392449152,22692203.9272102,18030594.275290348
2023-02-13,16195497.478992993,14264055.075822525,22609168.26140139,18220268.013664126
2023-02-14,16197255.115415502,14241802.357578184,22348939.399997123,18134157.89583452
2023-02-15,16286031.317958739,14296368.287486278,22141624.03241127,18006049.13271968
2023-02-16,16403519.631751884,14372260.218321463,22221668.01221689,18129148.987652935
2023-02-17,16316735.444667138,14269351.147847366,22147776.194788568,18184601.509914238
2023-02-20,16322235.506461097,14249595.21222281,22137356.205278806,18114481.955793794
2023-02-21,16329473.87512509,14291774.633596387,22228290.43726678,18211144.271264978
2023-02-22,16252833.458169587,14163470.959514521,21839297.08198833,17945953.889479652
2023-02-23,16261647.639425166,14215521.432355046,21903838.131222047,17984119.79404301
2023-02-24,16211854.242456526,14203531.033112682,21878662.037882403,17935119.292847756
2023-02-27,16179246.449099973,14206626.86466837,21894826.933468495,17765332.427950494
2023-02-28,16131801.388510881,14165027.07892432,22221760.716445472,17902467.549961276
2023-03-01,16234148.604243245,14242865.449544024,22462921.076205265,18167069.61545769
2023-03-02,16225673.778930971,14192967.489208657,22219295.744088154,17993435.574127696
2023-03-03,16226713.489095993,14217542.68813543,22524098.175737888,18301663.695214693
2023-03-06,16376801.477288764,14303953.462027956,22773007.214198552,18717783.50226031
2023-03-08,16489451.979379257,14391601.824432,22913988.93801671,18793701.951338924
2023-03-09,16461184.42660307,14330240.228155334,22809327.824430525,18694009.314932965
2023-03-10,16414662.938026072,14285325.525078498,22419364.75818128,18558510.02403572
2023-03-13,16258382.873186402,14144623.427732233,21887191.611363802,18086503.926222604
2023-03-14,16245840.269653928,14112357.36207573,21754156.223113466,17945625.766921118
2023-03-15,16244029.74831042,14095243.471848607,21627553.64034266,17959270.704017177
2023-03-16,16226781.988628829,14143501.984126914,21659304.24356261,18066894.717371505
2023-03-17,16292737.232829796,14181306.739518419,21499836.821109235,18104161.474866576
2023-03-20,16182348.136650596,14127989.84855676,21356619.55936165,18033151.071948953
2023-03-21,16144831.603993744,14138454.397143513,21382540.52597507,17955346.223654255
2023-03-22,16072219.890729833,14110285.923539817,21543769.082034815,18019067.755645942
2023-03-23,16062074.767696967,14070733.515557839,21575955.470089104,18219203.931776445
2023-03-24,15994712.79990206,14029489.241293404,21485051.236058295,18130838.808190774
2023-03-27,15918150.797600007,13977469.82962222,21059877.978229955,17962272.770595092
2023-03-28,15911632.944329236,13964149.519950895,21159106.663878307,17923486.995737273
2023-03-29,16107445.48840206,14124458.32213527,21772799.130737666,18508167.08780619
2023-03-31,16236473.685824506,14255354.02544704,22019216.179228403,18710178.463016395
2023-04-03,16234992.119547036,14285481.400880396,22180766.99359996,18879237.89998837
2023-04-05,16187804.495186027,14264620.109062608,22516162.881742366,19089419.93124146
2023-04-06,16207147.131094273,14266496.770130724,22699792.3959792,19178435.112792872
2023-04-10,16252669.934677694,14305116.06788614,22717711.291108955,18962923.51919631
2023-04-11,16291470.280092254,14327768.247417971,22996617.116233855,19105286.18753881
2023-04-12,16257596.590944555,14323987.81159462,22927733.462711155,19249436.863943797
2023-04-13,16277156.403706226,14344252.787874032,22832019.56285512,19510219.672206398
2023-04-17,16202249.945134468,14396430.23836128,23235893.646070655,19694578.1630952
2023-04-18,16167090.579959568,14370699.305650128,23401247.014794644,19915728.46389731
2023-04-19,16164105.17784401,14341665.541379131,23197748.869260218,19754571.640094317
2023-04-20,16238806.370611392,14345790.035072109,22920451.16212728,19756863.950948525
2023-04-21,16187934.021210331,14314673.794597859,22866511.73720165,19661247.218111273
2023-04-24,16208278.344456583,14340443.774438825,22831288.755913958,19767953.142770384
2023-04-25,16247911.938004307,14397118.780368544,22655012.71086582,19428232.72060438
2023-04-26,16284388.525093827,14468480.743622124,23040721.483211987,19626698.107357986
2023-04-27,16308481.10299914,14467689.393505706,23046666.12536633,19706427.437334724
2023-04-28,16426253.826407932,14537290.344984133,23380477.786760766,19846965.490008146
2023-05-02,16533695.216295812,14634385.465500776,23556488.189760886,19817792.915513445
2023-05-03,16549681.653296083,14709515.007328916,23564746.782264713,19894233.333147816
2023-05-04,16645678.365535922,14777253.641266685,23860251.04422143,20215131.84718053
2023-05-05,16671926.468818944,14732923.402916823,23808068.843682725,20155089.767726995
2023-05-08,16765714.550985735,14830035.91605813,23936661.118858777,20124688.442055315
2023-05-09,16764966.87760837,14828764.50712793,24224385.005110767,20234317.51053198
2023-05-10,16834960.50580241,14866873.11760816,24060141.253816746,19979237.700683944
2023-05-11,16857803.031893812,14891343.509891782,24596297.10286481,20404008.16484685
2023-05-12,16796577.839783728,14835923.825598188,24359052.96004877,20253609.651519053
2023-05-15,16832534.81915016,14826095.38091281,23910604.056868326,20216786.8198881
2023-05-16,16865847.258013915,14887939.009816995,23955687.656072095,20466129.485181652
2023-05-17,16865879.576976173,14914477.552073818,23987888.464718536,20464609.760023747
2023-05-18,16800853.771485873,14847815.370817622,23899878.3961392,20438176.440323815
2023-05-19,16736659.496892862,14789171.30109629,24091621.41137804,20510894.043791212
2023-05-22,16844291.67094974,14710650.696333382,24050450.752567932,20499051.22481113
2023-05-23,16892587.058092184,14720635.624635655,23958725.091175277,20779281.64130528
2023-05-24,16764091.488014787,14741179.9384306,23821430.188516162,20661065.12653816
2023-05-25,16947558.446275264,14806482.527463118,23940790.924533244,21088974.176666602
2023-05-26,17182614.30251383,14889234.217039224,24404574.62311951,21123002.45431631
2023-05-29,17239915.718840927,14904092.797430191,24566645.868612155,21021869.855884388
2023-05-30,17254900.09166179,14918160.796636654,24672008.79250699,21349791.381848745
2023-05-31,17297920.76579156,14952659.226746451,24658226.973493703,21544774.76181345
2023-06-01,17211038.787866425,14923606.934483891,24781775.92669952,21621760.640992828
2023-06-02,17325821.05999997,14992102.17713551,25061137.96087324,21765781.264855027
2023-06-05,17398813.28937724,14993309.304615922,25288484.423212614,22242405.41462107
2023-06-06,17603934.71031278,15085954.216728594,25037111.128636234,22241267.140728865
2023-06-07,17771169.567241654,15217445.989926437,25283482.12208537,22658200.25582414
2023-06-08,17663974.734761782,15139712.84357967,24979201.719263755,22482962.78727921
2023-06-09,17700598.788531426,15153457.234565098,24779305.55035269,22514215.479006257
2023-06-12,17694572.77242033,15161409.946924737,24627836.37144863,22449630.289020877
2023-06-13,17903563.326897398,15253333.84453493,24708896.361415144,22619692.369374324
2023-06-14,17951783.078215286,15264723.293887485,25038754.77671904,22973153.640430823
2023-06-15,17907565.06897401,15268858.19692954,25515743.62561101,23546867.146825433
2023-06-16,18091748.320333503,15399237.460550644,25483411.98847731,23741069.94722788
2023-06-19,18094660.303156856,15344983.583504923,25689387.150849633,23897340.12574975
2023-06-20,18200844.667864874,15380481.54261764,25936400.9553677,24089574.554180853
2023-06-21,18096150.767752495,15366678.675986066,25973275.549707565,24119389.761005633
2023-06-22,17883145.74132385,15202276.12464548,26236429.701087944,24164174.502084248
2023-06-23,17750813.47557736,15112351.377174396,25938837.4881236,23881574.119053647
2023-06-26,17814834.84405264,15136006.414635457,25975182.696820904,24094338.72738684
2023-06-27,17779402.218493678,15104540.697654584,26015098.83686509,24057729.824388493
2023-06-28,17991462.026183464,15247308.29649732,26220435.36981737,23995631.613028638
2023-06-30,18150751.312227406,15296366.27235761,26590748.75183573,23943312.05159814
2023-07-03,18014178.55035737,15260057.715180177,26663618.34688234,23952808.70800656
2023-07-04,17929792.508153446,15211021.992968341,26775173.932973847,23966484.654598244
2023-07-05,18019159.94257997,15245506.165361281,26907368.49039399,24108498.795351807
2023-07-06,18238212.09145113,15348606.034221409,26977700.630836073,24193116.41572752
2023-07-07,18126551.536264006,15286129.917302422,26874841.463629328,24220029.13995474
2023-07-10,17988060.00556734,15218045.078871377,26760335.00995261,24243106.95812176
2023-07-11,18196017.171500128,15375716.446177669,27199581.589756403,25385799.42837822
2023-07-12,18242623.519707914,15396350.784500094,27890491.124935977,25860049.024256453
2023-07-13,18071106.984149955,15282504.216810346,27841814.418267164,25802498.20381724
2023-07-14,18170523.9518585,15321204.168135902,28050588.892880328,25758600.58461829
2023-07-17,18133128.088811874,15319613.798831133,28159410.339954175,25984440.065241944
2023-07-18,18167122.112462386,15321596.360047258,28189558.977028564,26073662.954205196
2023-07-19,18249269.30306268,15379539.421065327,28513305.450564876,26440421.17366754
2023-07-20,18162325.834692076,15343896.687244652,28594097.142156437,26463603.43603571
2023-07-21,18041146.793079708,15285645.931956843,28710271.395683743,26506327.322982393
2023-07-24,18040833.792191982,15262404.08052365,28558659.562126998,26788626.58931833
2023-07-25,18190485.014337875,15339273.597703448,28711843.395271588,26748952.167272244
2023-07-26,18275959.245177016,15379205.702596694,28563709.287907295,26601392.271073345
2023-07-27,18200003.152085874,15311247.804515092,28526595.00796925,26780894.297186945
2023-07-28,18453338.225934036,15454325.147990081,28250989.254664633,26780985.191923864
2023-07-31,18651509.520749044,15579394.150259968,28440581.42792434,26767830.844511047
2023-08-01,18654841.868214,15622973.728197485,28161091.00323184,26341927.073998876
2023-08-02,18372568.899209686,15477795.479350341,28133004.023328505,26448482.085334245
2023-08-03,18288926.76305791,15437939.362798778,28283239.310897116,26766066.426967237
2023-08-04,18188106.23495843,15471749.203985265,28729313.52453445,26840923.839230657
2023-08-07,18115892.042401306,15471788.977715444,28332486.851735946,26838278.461606372
2023-08-08,18048662.263428077,15411548.317547766,28945356.157780744,27195875.58270197
2023-08-09,18148568.0525773,15455161.825753013,28746464.27873563,27087275.297294285
2023-08-10,18057747.11632521,15358934.748062082,28586222.260072727,26922182.957013894
2023-08-11,18058904.958072413,15373017.2731374,28406908.334985897,26941797.2891605
2023-08-14,17949919.032149993,15299345.046876822,28546415.95249959,27174307.262943435
2023-08-16,18032943.20023853,15304123.27587497,28411505.293384105,27318291.734204367
2023-08-17,17995240.05648552,15240692.329033077,28654312.315986704,27530188.12620687
2023-08-18,17944596.52858423,15220070.199294116,28582439.010119237,27479445.11363953
2023-08-21,18069043.042341433,15297440.396182768,28787674.651870437,27822860.38917943
2023-08-22,18161060.832570463,15445384.7494891,28938491.95989308,27999920.895858593
2023-08-23,18176863.851883136,15548768.218575953,29203406.154266845,28351604.542289075
2023-08-24,18197738.82150156,15559932.131477337,29301275.722434044,28240395.2028124
2023-08-25,18039956.12743982,15377484.430101573,29592893.485430878,28304231.039036218
2023-08-28,18125996.927726425,15459390.03265487,29641369.80094129,28215142.01120754
2023-08-29,18288451.773175128,15560169.88616574,29328755.56464739,28301334.8579219
2023-08-30,18359555.94058028,15694109.230268266,29520772.740866143,28498722.60871802
2023-08-31,18258597.13792226,15653579.567933897,29885812.819140945,28858297.041323695
2023-09-01,18524236.631956637,15862662.506285472,30048967.360741705,29088479.185303356
2023-09-04,18731602.713599306,15956698.719557943,30151326.983962145,29200141.43416708
2023-09-05,18708739.57969046,15977633.69547811,30514738.73236682,29444518.866737675
2023-09-06,18769452.806536768,16015172.731410265,30330089.63112613,29114965.787362847
2023-09-07,18849202.32170364,16082167.15275206,30508000.082969014,29417827.6579804
2023-09-08,19024464.968131695,16232315.105997762,30715731.3387348,29801642.36288511
2023-09-11,19156211.584218264,16358408.910714842,32050630.075457826,30442263.774285417
2023-09-12,18662993.57012954,16032028.950672833,30640680.330990758,29066835.58033545
2023-09-13,18713679.317122623,16018202.028494077,30735475.066430304,28793970.493196007
2023-09-14,18801616.41603501,16143852.540465921,31614495.760934327,29156128.7666984
2023-09-15,18883884.885334115,16211452.289162913,31662010.49713669,29514616.46784865
2023-09-18,18958302.62082755,16258031.174923463,31976087.407596417,29576890.12215121
2023-09-20,18810940.50185878,16170994.565406533,32156854.331907958,29381940.274571817
2023-09-21,18686627.757422246,15971681.131679289,31593045.178851243,29004400.544644296
2023-09-22,18596361.245903235,15888495.350739552,31396360.923212804,28653435.752352215
2023-09-25,18649439.23597507,15929343.915060516,31401208.4470289,28327858.414788097
2023-09-26,18682753.18365815,15988335.659996022,31480873.517597523,28670164.720113605
2023-09-27,18713202.87778437,16045238.612346694,32644324.4340631,29475426.83092444
2023-09-28,18441316.67435404,15872280.248017218,32609600.396710422,29512690.080785155
2023-09-29,18657200.971800778,16045594.251705604,32350646.048814584,29438954.019984923
2023-10-03,18530099.399777148,16022782.785501854,32444331.616147764,29487885.132275045
2023-10-04,18384197.98856739,15782214.65553898,32268862.26576793,29295898.72830951
2023-10-05,18388580.661441263,15871540.260308305,32425406.96253988,29408702.378310785
2023-10-06,18495478.910434656,16024833.329528548,32543908.85099573,29464901.429021712
2023-10-09,18446215.13337544,15920108.17274661,31715543.548471723,28770834.923202388
2023-10-10,18654661.29305756,16121824.115665058,32033687.169750374,29178107.162001498
2023-10-11,18748297.6714236,16155121.651326846,31922558.197064597,29116218.878976576
2023-10-12,18892632.493936516,16301840.123170376,32349973.438414525,29468006.52792512
2023-10-13,18895435.66277127,16319798.714841492,32510546.494576924,29642210.812339522
2023-10-16,18965405.004879087,16355616.913171237,33093941.860351283,29822696.076969665
2023-10-17,19015511.324653767,16437316.73347372,33164642.409810796,29833838.37530412
2023-10-18,18860437.866505835,16256467.870175958,32971951.13296928,29965618.255074948
2023-10-19,18788124.796998434,16279543.85038612,32776779.89584531,29781959.976820394
2023-10-20,18662174.707582816,16109876.850583697,32732337.334724996,29745389.071904972
2023-10-23,18474807.185356837,15853901.646129742,31371604.335595265,28685235.933097232
2023-10-25,18367403.591820303,15745421.834793378,31048851.510366384,28223297.871446032
2023-10-26,18254823.06574932,15606904.546657743,31011166.77024641,28243997.852735177
2023-10-27,18501291.562976085,15837198.770116366,32112640.82758122,29130271.224671114
2023-10-30,18469863.793885626,15831880.259186644,31955966.163566098,28875796.197707206
2023-10-31,18448482.856097292,15781326.239908151,32147336.153337613,28970504.634709105
2023-11-01,18302324.97605237,15702915.06894185,32767470.92036332,29428447.4437742
2023-11-02,18499834.758679587,15863529.301072538,32894256.55760501,29711945.662004076
2023-11-03,18571707.63722459,15893417.400496721,33251591.15009335,29959588.288238548
2023-11-06,18746506.305759892,16033114.71103783,33375106.780276354,30301366.27072004
2023-11-07,18762910.950070307,16100430.647094354,33343437.90190637,30298215.45563615
2023-11-08,18915154.800774552,16141954.523981929,33540938.274137694,30672266.020883795
2023-11-09,18864586.065912183,16133556.64689834,33215676.825307086,30518363.685224626
2023-11-10,18921284.479466002,16127990.255359732,33350611.270879198,30413592.759542868
2023-11-13,19089753.466890987,16259368.585307777,34081066.93255923,30801976.259132594
2023-11-15,19269143.86444059,16395290.093247548,34099688.98524255,30746914.20000205
2023-11-16,19485768.33471605,16516320.99427646,34237434.423441686,30828400.622638952
2023-11-17,19668104.5628793,16586377.79224803,34188296.58684926,31045401.50021259
2023-11-20,19647474.508972827,16584497.86622195,34268100.03527741,31204577.229598448
2023-11-21,19697455.417734228,16584861.308443565,34638417.1540202,31405539.89179687
2023-11-22,19693340.702157255,16625328.27051692,35328266.266796924,31420690.385670356
2023-11-23,19786796.70055463,16697045.439668447,34600847.34560667,31106958.464350734
2023-11-24,19837623.936118774,16679991.383080278,34891960.35635875,31850677.63195262
2023-11-28,20016292.716741372,16847334.45249425,34791386.45284498,31559452.25441705
2023-11-29,20116460.65069269,16943253.75112129,34915376.08085661,31498461.15819868
2023-11-30,20296946.25452219,17031341.79163004,34993447.599043995,31754710.29997058
2023-12-01,20551857.864933718,17242795.929236915,34671000.32006968,31729084.466953114
2023-12-04,20778319.207498617,17462172.801762972,35088798.19217117,32083542.079979353
2023-12-05,20842121.314505693,17474079.141161665,34958067.82716811,32047693.329646766
2023-12-06,20807998.734748103,17505551.95702063,34885905.231778055,32234004.179038394
2023-12-07,21032307.54297402,17629554.550660234,35297511.842011705,32620090.177919
2023-12-08,20978401.41651646,17603428.65573232,35407843.46244973,32672329.240770135
2023-12-11,21192710.713266805,17736098.37440079,36239982.16630455,32946815.227694236
2023-12-12,20995659.24239937,17713494.189468395,36327440.9993155,32733423.398454003
2023-12-13,21335771.19062591,17921765.213159937,36298990.28138147,32863164.856735602
2023-12-14,21522858.61442641,18132655.730957102,36228862.50810522,32692418.287902936
2023-12-15,21664762.21407067,18212162.466769706,36231829.193233654,32913091.43476187
2023-12-18,21816992.35889705,18353506.310789995,36030372.989244394,33206962.36707748
2023-12-19,21852158.553260755,18356465.074667353,35907139.36158333,33138999.45322136
2023-12-20,21206262.82293577,17883899.112909853,35054475.04612702,32307097.7490989
2023-12-21,21404562.936778083,17949266.189443897,35127889.73145646,32457357.688305784
2023-12-22,21724078.34988529,18166715.27410857,35627986.33321624,32842646.10222119
2023-12-26,22037049.57979997,18371537.92568287,35765200.57064477,33710378.94533544
2023-12-27,21993959.60763377,18468526.953308124,36561576.962835565,34093411.097364
2023-12-28,22094282.72190651,18582378.303406365,36473931.23544482,34128785.83003857
2023-12-29,22248996.990035646,18708877.008389466,36500082.17555963,34134845.51324024
2024-01-01,22310919.22752203,18713265.883961994,36495625.86498501,34049564.24561526
2024-01-02,22122196.202006333,18591790.07607716,36348594.18848494,33869422.26985897
2024-01-03,22174689.04309814,18787926.964207903,36247325.855477646,33885259.42048898
2024-01-04,22353339.075221688,18933042.111540068,36581172.82920952,34215568.93839803
2024-01-05,22438887.384029392,18904947.83471259,37101763.44424297,34448780.43437227
2024-01-08,22430058.211706292,18829880.342092365,36760882.945945166,34279494.81298881
2024-01-09,22642309.968105588,19000357.926048785,36691239.11239383,34320769.393288136
2024-01-10,22727016.687893484,19045523.24504347,36722109.363327906,34486265.66918913
2024-01-11,22897734.132391926,19203504.502614196,36529494.68492998,34178671.72393184
2024-01-12,22936151.18126322,19254881.12269886,36910035.345747426,34146068.35320002
2024-01-15,23016129.128242474,19416952.915480874,37316538.35650587,34347624.51646973
2024-01-16,22756215.409511503,19258816.696128227,37592150.163441956,34595259.49741505
2024-01-17,22592050.90468318,19087973.566695888,37180524.25031485,34439317.18028772
2024-01-18,22570341.917753786,19042737.402659874,37146039.26471337,34092585.99675239
2024-01-19,23077803.09505232,19313295.137146953,37322719.74335894,34467667.38325464
2024-01-23,22735129.68293913,18971637.47607041,36854548.77195539,33365375.59963551
2024-01-24,23109979.217240136,19244534.56447683,36983567.233564615,34116276.99786821
2024-01-25,22837482.174506377,19099682.724312797,36903186.42785228,34192835.97920829
2024-01-29,23214400.639908314,19271509.94329737,36884733.87485552,34239706.4830036
2024-01-30,23015004.046310596,19132868.775325447,35982988.83282239,33691174.18459501
2024-01-31,23315445.8475018,19313931.978769466,36767688.00910755,34623406.9797483
2024-02-01,23295566.28617323,19333496.63237786,36264476.01575088,34087175.203457125
2024-02-02,23696463.883611105,19602574.45950586,36237186.15666892,34234469.74858458
2024-02-05,23743090.061532777,19600727.931001525,35914731.86310308,33754560.8337488
2024-02-06,24046537.565214857,19739432.688867826,36219931.34441868,34452669.78594329
2024-02-07,24005928.43950167,19771368.689743396,36436165.65084986,34350579.76836747
2024-02-08,24302801.298415825,19723216.069422342,36449653.33856851,34030611.81793772
2024-02-09,24197042.681896575,19656548.10978441,36244119.25365736,33842055.52579875
2024-02-12,23937091.629404448,19510176.82317846,35473157.75507149,33333281.045398448
2024-02-13,24113589.68067894,19670626.715372622,35791004.39298984,33502266.605582684
2024-02-14,24504858.92456506,19933162.440141823,35952417.150407255,33753854.8794628
2024-02-15,24831995.092318483,20017687.268053185,36500974.13972703,34084693.78009753
2024-02-16,24975641.373733837,20235912.44559024,36738449.64994559,34336516.30927028
2024-02-19,25133334.44841818,20371005.245646305,36632942.46283681,34652074.02699992
2024-02-20,25097560.66452718,20323901.707786396,36607485.51404148,34632979.12460386
2024-02-21,24720267.77728356,20081907.834764678,36207886.49966631,34083480.16707757
2024-02-22,25340283.88046438,20463283.00271937,36288548.81314208,34119808.41406471
2024-02-23,25575702.42176309,20632534.733008437,36416395.35018523,34681799.25556465
2024-02-26,25472355.001413755,20612282.355800457,36351738.74150318,34587415.422643125
2024-02-27,25494793.3844183,20632772.9802985,36490210.18518237,34507852.39781087
2024-02-28,25171415.601832144,20301463.79866243,36040201.08253614,34336664.66131197
2024-02-29,25353909.518041372,20403623.18362339,36006792.24115807,34685031.67816234
2024-03-01,25601545.229537692,20573813.50757824,36485182.93021093,35084104.95383847
2024-03-04,25987370.876832753,20879523.63463546,36933529.583632976,35437795.97614662
2024-03-05,26134675.5466752,20986879.28865654,37076503.451657414,34879488.48850168
2024-03-06,26125703.43157095,20978636.714576315,36706363.30403051,34564721.69112469
2024-03-07,26165168.160275593,21145891.297833566,36897762.499524795,34835915.39864933
2024-03-11,26134392.162661053,21101331.78561023,36450226.93427351,34355395.88344804
2024-03-12,25796010.750826146,20862255.534530297,35736882.69448429,33748776.9724461
2024-03-13,24674556.99379069,19974464.18801852,34044027.02132052,31557457.536094606
2024-03-14,25132068.57601151,20316474.39422358,35127891.34079267,32994957.317193955
2024-03-15,24708812.41525047,19986664.026577543,35384527.99358602,33026783.613935612
2024-03-18,24680841.79143174,19965604.256346703,35241763.15463616,32749188.16004716
2024-03-19,24374904.44013666,19699376.7975837,35306819.63580187,32683082.46574737
2024-03-20,24519062.40175848,19672309.731051154,35502566.21431138,32696667.61020588
2024-03-21,25204965.233744316,20197345.745750688,36461302.474284835,33810038.05296187
2024-03-22,25317522.969023336,20298264.75059363,36658124.71775989,34281253.32120995
2024-03-26,25539521.334651444,20518003.524998702,37068664.40389078,34790308.142633975
2024-03-27,25497667.899980802,20554203.371077143,37800519.214488685,35273793.694220945
2024-03-28,25727913.51104585,20716459.663368136,37619600.56009176,35322133.163558476
2024-04-01,26051109.96769876,20988096.985040635,37932222.59300717,35849681.57010014
2024-04-02,26363354.820962284,21230803.929497607,38275712.34380635,36567882.55610255
2024-04-03,26407751.03855246,21225405.1090077,38520241.54937434,36786919.40916226
2024-04-04,26392305.90485043,21248049.235743143,38620189.12492689,37021210.822174236
2024-04-05,26440817.217792775,21250894.2826565,38574476.52792481,36958062.46147751
2024-04-08,26867422.134993088,21532515.56505185,38605881.18956467,37251765.812179945
2024-04-09,26684648.669195745,21411645.589054395,37799341.18957484,36576938.40749716
2024-04-10,26766757.45989579,21482616.676870953,38220360.965923235,36673986.33828226
2024-04-12,26872531.63580081,21444739.758129954,38236939.77760119,36685150.56427487
2024-04-15,26769081.896480113,21248683.714049544,37825952.19244334,36557614.0309468
2024-04-16,27141288.38372415,21332873.82404462,37378427.41421919,36536160.620104134
2024-04-18,26850432.53650342,21187333.334107414,37324982.31420496,36897208.78455321
2024-04-19,26579982.598808777,21072311.381625876,36877359.06522793,37140264.711532675
2024-04-22,26872141.960025158,21226004.6641179,37535652.244173944,37388686.640094616
2024-04-23,27010631.202086005,21305960.36413665,37864408.71695399,37726614.31053156
2024-04-24,27170014.45990385,21356560.20728695,37723556.77646798,37897734.295262404
2024-04-25,27422413.693406098,21532910.306362703,37662074.41663408,38076233.187827624
2024-04-26,27548230.116742596,21687676.059041634,37804599.11993361,37945106.28839082
2024-04-29,27575808.61675395,21670004.40635374,38091274.82916969,37923618.47245258
2024-04-30,27789237.1275902,21967113.50018493,38504309.56411849,38352879.43654088
2024-05-02,28198706.452981442,22407813.499288324,38382932.14627445,38441084.839241505
2024-05-03,28328074.253634,22374688.353402678,38331491.258851334,38227294.56896748
2024-05-06,28008240.20938976,21978209.052060045,38245506.317272075,38061190.584482476
2024-05-07,27519865.530105107,21522964.782490294,37801287.8885827,38040482.89311354
2024-05-08,27992654.41953149,21855074.03087064,37726844.483736165,38742380.68309829
2024-05-09,27590227.552751757,21501324.861953627,37586353.687923886,38371529.47523142
2024-05-10,27797947.310281448,21614072.535460748,37958991.92463749,38586665.58014389
2024-05-13,28097105.56123994,21769949.339447964,37618880.17108311,38299437.88571174
2024-05-14,28559374.958208714,22062123.984597366,37876027.03053881,39574947.90012805
2024-05-15,28783928.18841455,22158219.98342624,38050466.66900337,39913838.17715615
2024-05-16,29157398.073135644,22425053.027328264,38390011.207159735,40415643.90584522
2024-05-17,29536536.902416863,22645066.243596032,38434295.43919171,40847191.980900206
2024-05-21,29917772.895122595,22902956.883759722,38002462.94915907,41162895.133603275
2024-05-22,29997474.911284637,22984522.497394398,38798020.067217566,41819731.780197226
2024-05-23,30136355.323896337,23092436.9911641,39702474.15366246,42163844.83692166
2024-05-24,30424877.272300623,23356802.122869015,39956536.55263191,42142546.83029216
2024-05-27,30802467.70083236,23623800.004543666,40130901.68450683,41988980.60235007
2024-05-28,30771279.508015733,23549763.38837523,39847687.694585145,41214463.623293474
2024-05-29,30774129.694449604,23451119.60313593,39845388.80687244,41173544.19598556
2024-05-30,29995271.87249017,23162799.924803622,39063149.97939953,40419238.83274979
2024-05-31,29780536.295182258,23061467.44170912,39102105.69912563,40934031.001139574
2024-06-03,31251800.7850044,24230363.086846575,40226712.16622048,42007376.292570755
2024-06-04,27685346.826121677,21746819.449857287,37866835.770293854,38962232.678777695
2024-06-05,28888216.369322628,22738796.077710897,38649808.84468512,39212338.43678887
2024-06-06,29875404.06211314,23377407.306228884,39775376.4239673,40893207.72115185
2024-06-07,30433874.888386924,23740574.16171543,40418688.80763304,41917135.94580582
2024-06-10,30524319.858115263,23952459.18585183,41327459.28441772,42694403.70492961
2024-06-11,30702198.640114933,23977468.64221481,41460905.99521437,42885985.486019365
2024-06-12,31184711.39720041,24207300.61619207,43109759.09586602,44922902.36686552
2024-06-13,31799457.31660894,24625556.49703205,43631746.58577079,45298862.403292336
2024-06-14,32231485.231924616,24915137.886691,43912070.81017954,45897818.225603595
2024-06-18,32610149.77532586,25160859.791757707,43893182.88488528,46400285.23335916
2024-06-19,32188874.073205113,24820914.43221224,43952704.44432827,46384751.32517324
2024-06-20,32219476.18811589,24826721.669875324,43871838.07369456,46260801.54630291
2024-06-21,32244351.45561766,24811374.821901314,44867917.906136446,46919565.94860998
2024-06-24,32686427.905194785,25052783.079936687,45217861.05497263,46883915.4009964
2024-06-25,32662295.48248707,25022072.139866076,45078947.26028355,46599336.73987783
2024-06-26,32440533.37098009,24803995.501491904,45080144.80474097,46484397.532135695
2024-06-27,32841714.390082788,24860051.7229015,44892440.69221039,46158850.518543
2024-06-28,32623349.09319821,24892468.112100717,44702770.56680191,46193980.37196557
2024-07-01,32805114.591989934,25044466.2413816,44713841.87722542,46248894.189079985
2024-07-02,32656829.33029642,24930484.95165841,44332818.94508904,46085172.926314056
2024-07-03,32976979.75498791,25227600.642285023,44717865.863442644,46190099.47366776
2024-07-04,33389688.61864816,25465123.396652035,45343173.094774194,46712489.54574478
2024-07-05,33828133.78295328,25744572.271372844,45607734.94473021,46673529.687337466
2024-07-08,33722652.121854275,25788155.33847393,45397927.00007264,46175539.48940891
2024-07-09,33962656.20809222,25967693.296558987,45734133.6274791,46294003.14017558
2024-07-10,34027551.98334138,26006312.35332577,45663506.68224438,45791107.73242376
2024-07-11,34022733.141931616,26051811.995872933,44877380.13212244,45607245.074594796
2024-07-12,33859534.41583009,25908972.498021387,44979142.48549671,45520000.444583684
2024-07-15,33932487.77135198,26085931.111619197,44987181.863264605,45425116.736560374
2024-07-16,33694197.83222965,25934288.331006516,44793395.97695073,45328221.93193372
2024-07-18,33190674.593285147,25635982.574918102,44057258.66551313,44541363.63520903
2024-07-19,32261184.921245467,25061280.333116706,42866071.90098219,43063652.16172019
2024-07-22,32719741.41034248,25519542.62057059,44207325.98039873,44109965.26847295
2024-07-23,32600227.308274582,25374755.369812477,45898001.345773235,45576881.08955265
2024-07-24,32624150.272726312,25464660.012668416,45866421.84876596,45125571.70315699
2024-07-25,32826730.13359746,25522102.14699618,45779407.21129051,44838559.60415212
2024-07-26,33548743.106125526,26102712.626990918,46689394.2637156,45908027.92604548
2024-07-29,33868700.33474375,26312759.051106174,46865188.398196064,46336473.41108068
2024-07-30,33804574.64944808,26263433.021429706,47768122.30697771,46597319.953861244
2024-07-31,33956441.82238996,26341001.94701403,47331800.779597834,46474704.95805701
2024-08-01,33732659.732702464,26138136.596874766,47678281.764923945,46273681.24518764
2024-08-02,32742818.70308583,25643311.93068181,47642607.417094454,45826371.66775667
2024-08-05,31756596.399563134,24791490.668097198,46083656.148223795,43922033.522627555
2024-08-06,31699087.68251887,24607215.694103867,46466446.67818127,43796300.816135995
2024-08-07,32750875.69770553,25324118.85558557,47687160.65461225,45094478.19823862
2024-08-08,32397955.631209657,25063077.788337342,47600360.22598657,45084780.53583081
2024-08-09,32772315.7914088,25402451.93157336,47969707.965433136,45548357.704922505
2024-08-12,32738934.734372646,25307482.6910819,47461541.91329608,45499007.97826303
2024-08-13,32516424.943062108,25100304.467643976,47495862.16741894,45682305.20226218
2024-08-14,32312045.51399935,24970858.35710189,48208257.189875,46058076.89061362
2024-08-16,32842782.798663855,25438114.296984736,50347052.87696733,47991687.1925908
2024-08-19,32883783.376605272,25402955.40926764,51897551.445663884,49338981.69371148
2024-08-20,33228476.84012994,25662656.837188844,51412558.82635687,48950517.31964388
2024-08-21,33419271.711802125,25797154.537254144,51891578.476689056,49253563.264845416
2024-08-22,33461724.81551303,26006964.050829902,52401149.75255262,49188033.863026045
2024-08-23,33401716.96302078,26135822.491331577,51580424.89350692,49149957.23760353
2024-08-26,33695957.754555605,26354979.16965348,51215115.9447301,48873048.83109017
2024-08-27,33393000.695843358,26386232.50518909,51526304.76139501,48468651.06384981
2024-08-28,33275303.808119297,26401866.954644606,52191454.372256726,49094569.06581022
2024-08-29,33188454.765269548,26378458.14246903,51845923.53869598,48763803.49055387
2024-08-30,33556209.68413774,26642670.24798104,52935641.51344878,49805238.41047067
2024-09-02,33467027.4067209,26596512.63222684,52426195.38043939,49125783.75146795
2024-09-03,33651925.5908106,26742475.889714383,52678857.07227797,49491580.07442815
2024-09-04,33617913.50472108,26658871.219476115,53283314.07682213,49712924.79748107
2024-09-05,33598340.639644235,26681276.724412773,54273558.81895277,49946543.966688484
2024-09-06,32814316.485863432,26133222.905717608,52615772.7599728,48765394.55249535
2024-09-09,32557810.60088142,26012631.190580945,51914065.682367235,48200769.71610439
2024-09-10,32921681.678172197,26259371.15269247,53190701.847967476,49249053.59338131
2024-09-11,32876581.891053334,26234667.572558578,52668592.01432106,48823398.1918186
2024-09-12,33501323.720010154,26780443.886236317,53564992.01881957,49643551.35512832
2024-09-13,33592926.16590688,26792361.95967995,55254732.889110774,50910295.09895072
2024-09-16,33747877.637575276,26826339.95327461,55555375.65349225,50857434.428852305
2024-09-17,33695374.70162892,26790571.144194625,56001711.4715465,51304361.705431595
2024-09-18,33073963.86371118,26423080.69531263,55361455.70155489,50602839.73447476
2024-09-19,32722351.418420658,26190517.106861617,54143760.10882278,49599016.43907074
2024-09-20,33301932.495055735,26551706.39990556,55014865.88260064,49851685.895965606
2024-09-23,33782098.46523452,26978094.527251508,54594974.6411129,49736581.024456106
2024-09-24,33991213.444223955,27090501.01623178,54762077.62473729,50683063.182426676
2024-09-25,33779335.79496634,26979797.823238496,54504677.63768232,50666709.78409355
2024-09-26,33855095.61945771,27067935.44226134,54264283.41177501,50696287.77689638
2024-09-27,34538364.3586554,27541123.141058095,54432100.2114488,51050191.21721198
2024-09-30,34185923.9910127,27130465.230138987,54385391.056016244,50495944.42081593
2024-10-01,34346967.4916675,27202172.688801605,55099340.55935405,50496618.71740917
2024-10-03,33382685.21333944,26475781.323960293,53151018.54342843,49185339.296268284
2024-10-04,32999732.869159732,26147542.475644555,53104944.94984139,49243704.048920386
2024-10-07,32311598.26516279,25535004.491453826,51155931.00741439,47478447.683466345
2024-10-08,33317544.41145189,26381275.64529513,53092099.76475124,48900531.14287613
2024-10-09,33905279.93289982,26780007.451259788,54292386.76194648,49936986.39069582
2024-10-10,33922023.27388636,26802400.789156605,54983238.860191904,51361475.25338937
2024-10-11,33728453.68234199,26825689.81017714,55447161.76311887,51490224.99488645
2024-10-14,33979303.036032505,26950721.779209197,55595814.15776368,52179790.896644354
2024-10-15,34015919.57987895,26959149.529977776,56300963.22596404,52897319.15163945
2024-10-16,33916795.49457981,26772456.5269409,56318315.397047766,53214360.302677065
2024-10-17,33167291.080432154,25950888.95193101,55916731.30878541,53047390.29906622
2024-10-18,33426113.67522451,26104676.23026781,55692424.68905502,52720799.70214037
2024-10-21,32909778.34446515,25891328.292397793,54888214.971354894,51486546.999189235
2024-10-22,32022415.81113786,25159544.329303123,52760536.90417475,49241057.212929286
2024-10-23,31656571.266706116,25060965.482962154,52770172.62406199,49109686.96955046
2024-10-24,31478626.046710245,24988536.45348357,51905109.25154179,48090587.87255629
2024-10-25,31130731.420342237,24726983.120126627,50985736.84116077,47045959.21356841
2024-10-28,31469032.10987774,24690730.257591,51440550.586840466,47633790.286891386
2024-10-29,31967514.38976944,25033151.815192394,50721616.44613867,47675595.35494348
2024-10-30,32003537.91664757,25041286.810949042,51165997.04855546,48111563.77595036
2024-10-31,31842778.900432486,24892908.44569372,52533799.65249751,49461225.760592766
2024-11-01,31998818.56230292,25042573.901666977,53506524.57465752,50497036.42070946
2024-11-04,31550879.194976754,24638841.47330416,52316148.08249948,49183297.48614588
2024-11-05,31783084.462460324,24868831.732165318,51972944.790840596,48633597.209224604
2024-11-06,32657660.262584247,25398713.426425844,52557420.54883269,49753673.2955194
2024-11-07,32281226.70763632,25182366.45108171,52684091.68266535,50257308.97603359
2024-11-08,32238044.51214288,25219160.31007631,51953840.354038745,49534186.44819235
2024-11-11,32212151.216804516,25245942.850026593,51938537.36960154,49312449.15021728
2024-11-12,31378849.94666542,24783715.001970712,51097924.6940185,48484723.640897274
2024-11-13,30735379.30675617,24396450.78321809,49905534.37803628,47667268.67463504
2024-11-14,30681691.516084656,24452750.37211764,49784462.96223225,47361633.87681901
2024-11-18,30439407.700862072,24269140.446480148,49719052.26577397,47199505.38787761
2024-11-19,30524379.207136177,24432717.16531483,50126744.0847858,47636784.4480212
2024-11-21,30081905.80821393,24250512.839052573,49647151.96932076,47254494.16624714
2024-11-22,30632068.691003434,24608765.552728582,50229812.7334435,48434823.60007525
2024-11-25,31576125.47366071,25013337.63959853,50169560.653165445,49395960.17350567
2024-11-26,31330304.89203153,24852072.075371772,50419906.79783493,49717435.33035882
2024-11-27,31829670.935743462,25118743.457926825,51383094.62703306,50735318.41961734
2024-11-28,31669822.853743102,24968853.306342002,51735751.205158554,50750503.37271411
2024-11-29,31828516.84269192,25135194.10648948,51939348.85254261,50862124.760551
2024-12-02,31893013.356180858,25259685.188463766,52006780.90780221,50681801.286635034
2024-12-03,32368790.38691835,25513883.776757013,51994502.05669801,50653089.67600698
2024-12-04,32353538.64604854,25490525.635526333,51789037.47479148,50769453.58199481
2024-12-05,32310702.601881824,25569746.775746457,52311951.95695033,51092099.788958855
2024-12-06,32465197.70946135,25682933.915282074,52553326.6368154,51173798.91283184
2024-12-09,32555039.11515708,25722369.48406271,52870975.57312325,51886454.974085905
2024-12-10,32569798.117933545,25725858.221228175,53338171.19622333,52540498.55402993
2024-12-11,32797251.236867588,25787534.216214806,53561607.11241871,52803314.8537202
2024-12-12,32668757.784434117,25691302.575257085,52846906.3091608,52066199.599429
2024-12-13,32648554.713455096,25751896.462860107,52119374.9309808,51681440.45424963
2024-12-16,32949057.546616774,25914657.699243233,52594921.70064323,52245042.72296514
2024-12-17,32341112.503411405,25681848.15320825,52478117.21961951,52457365.31234634
2024-12-18,32055827.162246097,25528655.57667403,53170397.72609639,52165813.64241338
2024-12-19,31888459.927973535,25554132.197340563,53596677.12519429,52139654.573769376
2024-12-20,31126834.190544415,25016613.629857786,52300517.966287516,51044806.24176576
2024-12-23,31206837.19629781,25043181.89737452,52074501.46099731,50756297.75275715
2024-12-24,31238419.757586602,25056066.81181881,51360656.04458384,49902216.3319378
2024-12-26,31344592.31456496,25155932.052026786,51817299.028369874,50231147.89927879
2024-12-27,31288312.48518332,25143069.303717747,52280412.35083844,50275868.62596584
2024-12-30,30978502.051217392,25095041.102634132,52349812.36689631,49838766.35402728
2024-12-31,31346669.93693394,25234058.318427086,52711586.85355502,50447161.2282739
2025-01-01,31298801.11635378,25202324.7460266,52829142.10975595,50894198.1412771
2025-01-02,31508585.121021558,25341013.1897458,53758647.57352655,51764762.349553
2025-01-03,31330110.10086737,25204029.6162059,53739606.21447706,51522179.02494384
2025-01-06,30907883.300216876,24843516.44246918,52491870.70716456,50025533.88937104
2025-01-07,31018353.222773083,24950096.781288564,53626219.10604514,51092664.85639822
2025-01-08,30807760.496712837,24772505.287431806,52794863.11172457,50189954.721409634
2025-01-09,30635543.984767284,24626897.250077352,52373358.57161783,49713861.13968125
2025-01-10,30206605.46698792,24310348.84721344,51507109.88269758,48424502.370332204
2025-01-13,29650447.91579008,23800612.06628763,49415192.661217704,46306460.96851896
2025-01-14,29881557.719362583,24028595.72934731,50391286.826864295,46989978.17133408
2025-01-15,29733850.220695384,24041907.84281058,50480736.281498,47393849.469682746
2025-01-16,29729176.08022786,24043206.607751828,51718844.43109003,48478920.46812828
2025-01-17,29772854.20178698,24076422.76640621,51568411.56542027,48574556.512069665
2025-01-20,29816335.073947478,24036925.0908282,52368068.2362938,49758486.268034
2025-01-21,29569158.53017359,23778402.413756765,51530526.43737606,49259686.7114873
2025-01-22,29424418.96098925,23731155.89774985,51204427.82556461,49019535.941316
2025-01-23,29705410.378250256,23917852.08826594,51486454.38643479,49045336.80076417
2025-01-24,29327845.523241445,23704632.92449444,50093490.489094034,48478815.34591352
2025-01-27,28844333.75611493,23341458.540817924,47878649.19173175,46628907.43717654
2025-01-28,28662652.826975245,23217497.11440552,46726002.009236194,45599755.64198352
2025-01-29,28859028.975072093,23423365.853644688,49031058.8948714,47116825.08728418
2025-01-30,29012490.055888444,23460712.871849574,47855016.29308461,46284741.316491626
2025-01-31,29284505.37974599,23647400.72497069,48603252.33756986,47371642.22760839
2025-02-01,29046335.262690935,23614924.435848635,48968222.484495185,46907956.74416262
2025-02-03,28946606.60964838,23602178.781566106,47833516.615771234,45929584.08369375
2025-02-04,29199524.907845885,23796409.31517394,48478914.943745,46358019.39405506
2025-02-05,29322163.170810007,23830695.197182793,48978937.58624918,46802369.18270301
2025-02-06,29223639.454911985,23688506.78961429,49334320.31365908,47235460.36627716
2025-02-07,29163360.510298572,23681661.288056873,48997452.72187057,47087567.95181764
2025-02-10,28977021.601258248,23526514.582067173,47973107.95367083,46862827.96588496
2025-02-11,28780317.28050334,23309881.246563047,46951578.061871275,46138869.23055897
2025-02-12,28684461.30183489,23201634.70073576,47014842.205989026,46078839.35764528
2025-02-13,28876815.575034555,23327006.099640634,47112182.071950555,45851028.167499274
2025-02-14,28636989.303590618,23099885.245768853,46684695.18454094,44802997.33989723
2025-02-17,28634733.571392592,23141818.089863647,47436801.59099355,44845428.48094628
2025-02-18,28563528.15515786,23097107.77471182,46754922.05268727,44519648.15709729
2025-02-19,28694954.971392848,23254063.66987878,48243808.27741492,45114594.64358956
2025-02-20,28868260.3664173,23413688.844006628,48547804.94495529,45143289.201371364
2025-02-21,28689299.529741783,23296577.69074878,48144999.49659771,45103825.53975481
2025-02-24,28679863.14366377,23193884.846563242,47735327.245962635,45022059.24959209
2025-02-25,28638755.60853436,23176151.07598208,47940408.075627714,44520879.3783282
2025-02-27,28465674.961916827,23085813.285191663,47604999.66230883,44019030.83440007
2025-02-28,28336251.049802765,22958656.086885937,46579381.889851585,43191785.62782033
2025-03-03,28327653.104545888,22995657.97158323,46914458.85010106,42865050.76051437
2025-03-04,28327653.104545888,22958932.259521984,47546547.40913171,42863824.21498549
2025-03-05,28327653.104545888,23107589.47055558,47658492.13904654,42766933.10683041
2025-03-06,28327653.104545888,23085961.638123136,47541637.895717025,42882221.275051236
2025-03-07,28327653.104545888,23067123.582871392,48243849.715123415,42914109.58735635
2025-03-10,28327653.104545888,23058555.776705634,47896061.70927006,42803727.226961896
2025-03-11,28327653.104545888,23077246.57364795,48251685.73125708,42791462.5202514
2025-03-12,28327653.104545888,23079294.610055007,47712803.576941475,42889580.17393536
2025-03-13,28327653.104545888,23077192.378680266,47826501.11928118,42914109.58735635
2025-03-17,28327653.104545888,23100263.135880753,48078682.70708769,42889580.17393536
2025-03-18,28327653.104545888,23100263.135880753,48086542.91295588,42889580.17393536
2025-03-19,28327653.104545888,23285371.710849114,48266421.22712517,43007321.43321395
2025-03-20,28327653.104545888,23297977.634096097,47966062.274042875,43009774.14998256
2025-03-21,28327653.104545888,23336050.209025316,48146273.74167074,43012227.24104031
2025-03-24,28327653.104545888,23404897.00933991,48293040.48632793,43306825.73577146
2025-03-25,28327653.104545888,23359072.98039732,48331586.9760557,43589894.62767333
2025-03-26,28327653.104545888,23297474.89643283,48313912.48857907,43397339.33118118
2025-03-27,28327653.104545888,23242843.622539572,48003669.32409026,43479267.4821779
2025-03-28,28327653.104545888,23237302.604988284,48203826.200827524,43503305.828240365
2025-04-01,28327653.104545888,23291893.34211938,47748696.49788686,43327430.3532157
2025-04-02,28327653.104545888,23376637.737412278,48074316.28856361,43077230.03689028
2025-04-03,28327653.104545888,23376370.322945926,47949627.113980815,43105439.08689791
2025-04-04,28327653.104545888,23273807.09718221,47565728.978163235,43093174.380187415
2025-04-07,28327653.104545888,23117433.77715134,47220409.74859456,43017133.04886668
2025-04-08,28327653.104545888,23197359.089210562,47548566.749920055,42779197.813540906
2025-04-09,28327653.104545888,23184436.02806039,47119294.75845852,42997509.44327206
2025-04-11,28511797.25169856,23353549.544531785,47660511.14142953,43307676.88165827
2025-04-15,28573059.684526954,23548838.962631833,48031963.15218274,43103859.211857185
2025-04-16,28557091.66695053,23552192.08028118,48043680.51964918,43228024.967567064
2025-04-17,28555863.203341153,23560757.255510017,47959395.6850167,43472680.63299693
2025-04-21,28595681.398581818,23576724.663552005,47922052.27189411,43454625.16834957
2025-04-22,28581043.81889926,23558572.588041745,47871617.601242155,43483919.23896402
2025-04-23,28566303.76259584,23518433.907063566,47943446.419945255,43569475.11549753
2025-04-24,28605098.196300656,23527441.007068597,47876725.98376245,43532695.206090316
2025-04-25,28533037.038380943,23378028.87523274,47247314.9664638,43526339.66939311
2025-04-28,28606941.017298818,23471557.614767246,47259462.7205227,43813900.97449424
2025-04-29,28586673.753841855,23428549.686617263,47350817.675132096,43786817.29823611
2025-04-30,28574799.777736068,23415036.71674371,47195627.408164494,43693979.81232433
2025-05-02,28536926.37777805,23437888.12975735,47071076.70702889,43645078.60698439
2025-05-05,28545832.29940172,23442393.401716545,47120038.741512105,43786303.55656943
2025-05-06,28492093.10731995,23283150.279425226,46731414.58128656,43925397.271720245
2025-05-07,28622704.332801707,23382667.26766084,47102538.04253949,43773864.30074769
2025-05-08,28517375.948330726,23264248.85817595,46761444.81840908,43484699.1824658
2025-05-09,28570091.630044837,23196631.206575576,46938846.80909964,43537083.37379574
2025-05-12,28580532.189299524,23357799.92868825,48356613.82746819,44447808.38409373
2025-05-13,28492195.33277262,23264224.185245056,48323360.898012266,44338488.561961085
2025-05-14,28445519.24131636,23261283.388834134,48445352.89593358,44167278.74934472
2025-05-15,28439377.42560584,23232068.035829194,48577430.39899437,44284223.23132114
2025-05-16,28478581.26345772,23257215.745347798,48474827.87214437,44527970.16969528
2025-05-19,28542146.90857358,23302955.56798421,48484266.07059559,44557332.97546938
2025-05-20,28514817.046827484,23216131.209960215,48232241.59186299,44494795.28261477
2025-05-21,28515840.557195146,23280909.005539156,48361200.40923643,44824649.9399098
2025-05-22,28468652.33380277,23235955.54602009,48337485.802750014,44977118.69171511
2025-05-23,28463534.530796286,23238012.0625347,48729652.69600098,45357885.33592402
2025-05-26,28454526.886056323,23242026.806596354,49300354.60184674,45416685.903666735
2025-05-27,28443164.79071846,23228656.370511614,49675305.6334073,46054979.575882204
2025-05-28,28460668.450598653,23199744.10792125,50009877.42400834,46734587.896739334
2025-05-29,28455448.17097131,23202877.262969576,50136107.359287865,46580767.65900143
2025-05-30,28423409.40802942,23186884.45429959,49388956.88035343,46081671.50096193
2025-06-02,28462203.590566047,23249751.03363506,48886408.1085954,46092978.667477116
2025-06-03,28518911.5906345,23209530.9989169,48728887.29573569,45783766.730983816
2025-06-04,28613696.436893556,23292037.571063705,48950308.655318975,46045452.3394586
2025-06-05,28674907.882579707,23328577.77788604,48818820.34757417,45928572.43612234
2025-06-06,28692104.614933696,23353983.840803992,48716304.30967419,45660749.31919386
2025-06-09,28694970.695131328,23365601.29199528,48437554.886035815,45742051.14198077
2025-06-10,28683774.060695935,23358168.55242216,47858554.332798615,45519625.558836974
2025-06-11,28624895.477227576,23282673.857778884,47663952.00205089,45486567.59341318
2025-06-12,28599056.87253677,23202728.21481093,47005922.43143282,44956528.59926441
2025-06-13,28543517.56000766,23142243.182390943,46556422.0413064,44725217.83703924
2025-06-16,28564699.95902257,23215788.317009337,46372982.72433074,44732515.76789745
2025-06-17,28542715.11206618,23209346.811456658,46221533.20839815,44482920.95107207
2025-06-18,28576029.655672353,23248261.871398695,45179046.35220407,44534393.53364989
2025-06-19,28438469.711467516,23123144.968480106,44552872.25736303,44311272.48455635
2025-06-20,28478914.57906657,23202800.219990186,44261637.54684436,44446731.81951023
2025-06-23,28527486.184127733,23211737.36310871,44056167.46252732,44293286.17802043
2025-06-24,28671317.202592872,23302404.22950216,44292693.85242024,44818519.498114504
2025-06-25,28724587.904807717,23387318.99961758,44952211.07433246,45511280.23608435
2025-06-26,28888837.125709318,23479902.65377885,44939417.62690701,45282550.64828648
2025-06-27,29001100.517723817,23492095.156653907,45494443.39500362,45976816.25570316
2025-06-30,29045093.713403404,23500876.76181645,46309865.703538395,46549974.7253042
2025-07-01,28945383.537295423,23452146.564695325,46036193.85864228,46198985.15793451
2025-07-02,28915854.81648487,23417213.807313196,46062430.25623554,46006720.491663024
2025-07-03,28815946.780332506,23338502.363355473,45895066.85555915,45742793.73914796
2025-07-04,28799486.785953816,23327362.877699632,45881899.0218682,45698758.21660339
2025-07-07,28810454.26120583,23300561.741235748,45851090.46047703,45438315.570542105
2025-07-08,28862156.90673643,23335661.80505725,45969719.25316866,45643267.17060864
2025-07-09,28915784.52870893,23398956.112558074,45874851.88530655,45898110.95204274
2025-07-10,28864827.264079746,23349810.994144965,45600381.36591276,45866392.10467849
2025-07-11,28759634.260970842,23266731.75771316,45974724.68001811,46313094.08725555
2025-07-14,28739055.374454793,23236468.5066441,46389094.37896702,46840971.54060185
2025-07-15,28854148.55636634,23346101.593267675,47055979.29456818,47548678.867557324
2025-07-16,28865470.052877802,23374681.076274518,47517113.46941442,47762934.666247904
2025-07-17,28846265.008741714,23373005.47024589,47860341.374438316,48168772.217218615
2025-07-18,28645769.36135538,23303274.447168186,48512757.89581071,48874186.85266093
2025-07-21,28638089.923023436,23316265.996760406,47752561.528125405,48436542.70071753
2025-07-22,28562351.31902112,23226683.08753211,47748068.08175048,48159323.82272856
2025-07-23,28620560.092847303,23252394.238191128,47882877.49767588,48070086.708474904
2025-07-24,28526688.921093836,23200149.85649749,47800200.383946545,48167527.506940305
2025-07-25,28275930.381611504,23039072.824430786,47252915.587897666,47712362.49969024
2025-07-28,28102142.370212223,22940620.723697845,46961430.57977559,47467640.36264757
2025-07-29,28162612.99294451,22984388.477190435,47878510.09224162,47994046.62016564
2025-07-30,28098040.52811084,22938773.872149862,47733986.18916099,47949214.59507987
2025-07-31,27833371.64171218,22781838.19470408,47721858.285146035,47936185.620146
2025-08-01,27630471.093252964,22668074.169059005,47467401.994272776,48091197.5653776
2025-08-04,28196775.904969007,22976783.872882284,48240527.449615486,48703380.753436685
2025-08-05,28118879.488457516,22934605.995480552,48290895.41576352,48342110.857649736
2025-08-06,27994957.479540963,22866848.370852005,47922202.54964101,48613335.710825056
2025-08-07,27944438.09715489,22839373.460323125,47687442.87224185,48523207.69186227
2025-08-08,27715576.807100236,22714673.829546813,47689777.20887265,48493740.40926236
2025-08-11,27896735.534846544,22813213.72416993,47785200.69326403,48157071.73339392
2025-08-12,27941321.165399708,22837495.456092805,47734050.82327228,47833030.33220965
2025-08-13,27997434.322262578,22868150.621692836,47815142.00334354,48363964.93688643
2025-08-14,27935487.121328853,22834618.121604804,47611349.5116058,48189462.95320949
2025-08-18,28280458.48829553,23022808.57394036,48031005.314766735,48732401.47926146
2025-08-19,28388959.76998854,23081820.82633438,48174704.434066795,48856868.96964358
2025-08-20,28266190.116220657,23014876.697511964,48130747.93840286,48836428.405849054
2025-08-21,28232456.572393578,22996858.141614985,48431247.73418857,49056654.0082359
2025-08-22,28089574.68688239,22918996.110015534,48623378.81462818,48998455.813619934
2025-08-25,28046438.38738422,22896745.17977774,48631113.009728014,49387232.75045138
2025-08-26,27559562.44889258,22631041.45264994,48354879.14756748,49062814.39316723
2025-08-28,27173099.50721101,22419268.358104575,48191504.89022566,48669003.11864018
2025-08-29,27190502.202463537,22427236.149000086,47984246.173394814,48371773.88072916
2025-09-01,27636711.569422275,22670321.83062766,48204911.35424183,49032306.26981633
2025-09-02,27503854.37880898,22597007.500209186,48690584.78651111,49823008.22164636
2025-09-03,27872147.28420975,22806912.8887669,49283370.57958819,50804391.13878811
2025-09-04,27586382.11985532,22649709.764808267,49273054.76650787,50847893.1443804
2025-09-05,27673667.669433996,22704249.07227179,49136405.88258521,50918856.84340342
2025-09-08,27843421.34298079,22796800.282197013,50203095.76185259,52090655.08637061
2025-09-09,28095749.93273724,22941192.50558068,50553808.740101516,52480729.691236004
2025-09-10,28271338.048954178,23038425.690362282,50876513.583190665,52616786.89284957
2025-09-11,28287750.371096693,23046989.599102274,50739499.46404321,52631544.62398039
2025-09-12,28450664.615839865,23136199.052137002,50897454.35633706,52778977.363109946
2025-09-15,28435671.76610268,23124522.579654507,52147836.1909377,53929291.607648976
2025-09-16,28518887.894451216,23166979.551700227,52166022.22508379,54325828.21139062
2025-09-17,28626226.642649088,23221171.85343235,52162266.74149221,54174918.547078535
2025-09-18,28847803.105899576,23321834.278153397,51919352.46907957,54078695.01506784
2025-09-19,28865376.54021778,23392837.55827362,52207975.63158049,54333497.37224189
2025-09-22,28910611.039558005,23369353.938338347,51969979.805829495,54323149.44067569
2025-09-23,29056500.531121034,23426951.18407253,51921057.46136831,54665757.293728665
2025-09-24,28895198.748056598,23363461.337005414,51553283.46169965,54687816.41015106
2025-09-25,28742794.34216853,23240541.305592418,51544686.427974224,54511795.58995924
2025-09-26,28155246.301685773,22905673.263705783,50819041.57546967,53977239.24792847
2025-09-29,28450677.2113913,23070242.615438364,50730217.7736459,54033115.66385055
2025-09-30,28618094.660101943,23171560.82783153,50180068.93008821,53865549.780436516
2025-10-01,28994742.26740233,23381283.862472758,50432894.73474034,55007727.25547193
2025-10-03,29266733.0035166,23498576.64174228,50841726.339741066,55421798.149912536
2025-10-06,29393495.68079951,23641000.559276942,50857464.72761468,55663829.547051094
2025-10-07,29352372.468366645,23613737.971286517,50482774.327402,55258910.85659885
2025-10-08,29022627.544926714,23341445.829805527,50492592.1274005,55991723.79993255
2025-10-09,29392216.82829505,23525416.419096123,51994846.565270334,57603907.18364358
2025-10-10,29300575.693315007,23488938.080510154,52113927.886471584,58086317.746216655
2025-10-13,29557048.42343032,23652124.75516871,52394080.09868138,59480118.899280295
2025-10-14,29561161.608816512,23618016.64220508,52228089.32830112,58758277.19006586
2025-10-15,29807412.175379783,23788646.556052543,52272701.17701126,59338489.60846183
2025-10-16,29606724.125854068,23692952.099098865,52994036.838042006,59807088.07850317
2025-10-17,29567403.039113898,23645164.479669366,53239984.928156435,60078322.28781693
2025-10-20,29595327.364879683,23672485.819271505,53438390.23671566,60498636.311797395
2025-10-21,29587428.09055,23665429.791161183,53339668.55671962,60274329.98307615
2025-10-23,29409833.567243837,23520134.812794283,52836297.48621823,59398625.48889363
2025-10-24,29131073.48174764,23323981.581976805,52740564.08153151,59771637.31945223
2025-10-27,29430545.465398807,23543313.426069245,52625165.86519644,60395488.56424644
2025-10-28,29449644.774049096,23552659.000897482,53814460.0856282,61341168.80706683
2025-10-29,29459338.041193582,23444479.557255324,53993289.08150397,62094471.19734935
2025-10-30,29724367.23725502,23590960.72281073,53711760.412080616,61681312.443375796
2025-10-31,29859295.97655887,23676518.804573085,53254855.224617444,61462670.80295843
2025-11-03,29984708.698525585,23769794.31614223,53904918.85850744,61812716.333561674
2025-11-04,29767791.02472561,23698688.462881215,53619261.177431375,61672054.97574927
2025-11-06,29529493.64953999,23508581.98028648,53098234.559620425,61980608.39317854
2025-11-07,29891842.75346875,23678926.898388393,54010601.1836226,63617470.781702146
2025-11-10,30012115.027990658,23761705.679728374,54234296.73027521,64706665.996299565
2025-11-11,30127023.63570751,23812304.14175699,53579026.74075723,64923533.73232853
2025-11-12,30338479.426095415,24013093.725065783,54845994.51770875,67117735.55568755
2025-11-13,30517060.95558465,24103026.10794487,55549653.4053343,68091599.07792489
2025-11-14,30934198.94880005,24307500.386709698,57575921.005944505,70123141.83442761
2025-11-17,31130032.406872567,24526037.0457399,57700043.0628604,69629076.69493651
2025-11-18,30870984.986640807,24315235.27576544,57778469.13924355,69426784.42862931
2025-11-19,30969950.234571736,24396692.397782676,58758424.768420525,70035289.81214136
2025-11-20,30973780.990876365,24493399.0784134,58623974.800889,69603880.34192343
2025-11-21,30625885.184368543,24277224.813272893,58585398.44043849,69301620.09942406
2025-11-24,30678955.58398518,24287957.526781514,58457634.10391825,68885531.11731972
2025-11-25,31068891.48794035,24508757.475058153,59028314.21759111,69343649.21645299
2025-11-26,31736054.987383593,24919746.060937244,59250892.198856555,69755373.71644096
2025-11-27,31808399.56727566,24924062.516516104,60017243.175964296,70701123.38766702
2025-11-28,31656958.338783734,24841642.59024942,59993416.24470065,71092361.3687328
2025-12-01,31831818.698614586,24998939.040927995,60794251.38233821,72188333.5042873
2025-12-02,31811492.30088528,24957142.12564108,60354968.225075394,71998262.54741004
2025-12-03,31358427.773770187,24685403.399814367,60955607.10160722,72601702.3892445
2025-12-04,31395733.558901314,24745894.64502271,61128242.68755344,72836639.36018221
2025-12-05,31752945.299811993,24948857.79052028,61027378.2606592,73067494.70384091
2025-12-08,31237506.83509616,24568138.84554554,61061350.797184065,73137267.19256318
2025-12-09,31439720.193697244,24639572.2362316,61865190.89174622,74050329.72360371
2025-12-10,31196162.116521098,24520753.453232102,61901241.506315015,74430011.76535846
2025-12-11,31332521.004892785,24661283.211040776,62195627.43019974,74965559.98566067
2025-12-12,31724785.07047558,24863633.524081796,63113618.58046912,75889782.07204603
2025-12-15,31593627.865500093,24730076.21573121,63554099.558280855,76750467.86808808
2025-12-16,31345969.42487692,24554678.60835872,63727376.780458115,76514225.0989857
2025-12-17,31177640.674980484,24383511.7213758,63358607.96042278,75886978.70189747
2025-12-18,31235533.29488512,24466465.43559583,64856570.84339042,77190382.63838352
2025-12-19,31476205.559098843,24620259.363531295,65363477.65231399,78198945.20848233
2025-12-22,31876615.673710506,24836653.860191554,66239584.18787902,79967889.79770185
2025-12-23,31886994.193226296,24903650.404476542,66941050.917015806,81569625.15163502
2025-12-24,31851454.175209705,24822351.481860336,67202151.37523454,82493303.73554511
2025-12-26,31853835.7563463,24809126.16574524,67801878.50901167,82011306.66984633
2025-12-29,31609736.84116864,24616882.010715235,68519495.15857431,83703427.83463097
2025-12-30,31832490.574079335,24736308.654812627,70359140.9511118,86380200.31088744
2025-12-31,32239252.33220028,25089965.67511562,71948998.85698125,88795009.92337014
2026-01-01,32244318.01942021,25084334.00040018,72764393.16431563,90026690.66274258
2026-01-02,32450146.60191249,25395226.814407066,67094911.665039256,83955593.22468874
2026-01-05,32632464.71333079,25609020.627336305,66542502.62642899,82208126.07421096
2026-01-06,32801046.10776476,25670585.532539777,68184573.50553396,83501873.68262461
2026-01-07,32858049.851417545,25680908.96178653,68355990.01154497,83119384.17078461
2026-01-08,32337116.12879767,25252163.709351983,65795938.240365885,80318813.41990966
2026-01-09,31968323.147653095,24955221.30133199,66245451.268024415,80540227.00561766
2026-01-12,32133430.62298737,24956102.7808907,66515105.28321835,80441836.5796961
2026-01-13,32107853.595289126,24969550.49324977,67188782.37510897,80418173.72529954
2026-01-14,32544886.503822953,25184175.764459,68681141.1298999,81705928.79678392
2026-01-15,32544886.503822953,25184175.764459,68678430.04597107,81705928.79678392
2026-01-16,32685445.807139955,25254592.808797,68806916.90402108,81218727.838072
2026-01-19,32493743.76130477,25169915.60875347,67484956.61922021,79470584.48788679
2026-01-20,31898270.807252306,24693558.830962848,65413960.99026763,77267377.89214471
2026-01-21,31596500.561154775,24477673.62498579,62872473.920742586,75302515.28523941
2026-01-22,31979459.72023206,24670805.944311418,65193261.015066184,77889999.11432406
2026-01-23,31247280.29085684,24114050.452789314,63195950.037788555,76325314.95625728
2026-01-27,31814839.739040937,24463378.16501854,62613619.753777884,75557237.09147237
2026-01-28,32621314.505860686,24985597.12234604,63193909.13985364,75434818.0554415
2026-01-29,32562921.453318078,24975503.473758865,63711252.483787246,75247051.92108378
2026-01-30,32058361.783700325,24758527.630795527,64088020.19506699,75335423.95868589
2026-02-02,31046086.913397353,24193455.35696236,63090143.77255106,74726416.36673848
2026-02-03,31924110.449891604,24794022.9686032,64380769.80279222,75221460.52677524
2026-02-04,32388591.203921743,25039720.982295603,65145398.872229055,75634901.00372648
2026-02-05,31985310.41888762,24774422.35994454,64665693.18915546,74853594.87426044
2026-02-06,31936802.52776415,24737000.107619613,64938920.26237248,74693092.88970658
2026-02-09,32454775.169582322,24999667.93154368,65585905.74885896,74913483.61554325
2026-02-10,32543975.15133726,25056641.937800784,66563814.96804832,76387237.46512274
2026-02-11,32356278.875479393,25079494.78961137,67560554.3587944,77340523.64921278
2026-02-12,32846668.82750974,25382368.614892494,67647025.44023414,77342585.48046139
2026-02-13,31832855.809667498,24763076.135150023,65337445.162286595,75820380.21554914
2026-02-16,32129306.50844106,24891921.16237983,65107687.73739504,75861969.23662236
2026-02-17,32445297.037958015,25103990.546889998,67617345.69139838,78264972.81161334
2026-02-18,32553887.89301391,25179011.118695363,67806623.68718913,78217783.56962052
2026-02-19,32279376.162941873,24930337.585993078,66956715.06266169,77401106.99865979
2026-02-20,32624426.320873696,25156443.298352722,68386194.51113355,79022971.80419533
2026-02-23,32795817.688726284,25281660.445942882,68885728.75947608,79580398.35643172
2026-02-24,32841710.554078583,25299527.00570045,68896874.08781347,79634925.44415341
2026-02-25,33117557.58104489,25586302.03539635,68411971.1512739,79573650.81337303
2026-02-26,33312443.429882467,25756097.344238203,68196278.85518882,79667711.65663399
2026-02-27,32805130.043394975,25417081.5712768,67254567.67579287,78487159.78348128
2026-03-02,32688321.954130244,25238396.597277958,65484630.29231692,76878201.02762376
2026-03-04,31651125.10721933,24505921.492415715,63126735.59423115,75113726.12747131
2026-03-05,32227579.080687597,24868655.690313034,64310712.77521201,76710257.92640653
2026-03-06,31911313.101921882,24652297.711063348,63303921.84534556,77097623.78340743
2026-03-09,31514166.733892184,24295908.53194908,65328212.678778484,80253925.02965859
2026-03-10,32068510.033972707,24745115.84221766,66841578.56337739,83227554.4426751
2026-03-11,31523772.06811603,24352101.68344183,64779767.68113105,83044468.33682418
2026-03-12,31474667.93813875,24213812.45917798,63171173.14560753,81556483.81016888
2026-03-13,30780317.966109402,23679647.760184348,61151612.219629854,79102721.7714312
2026-03-16,30935949.44094624,23803962.69831311,61966847.885001786,78527505.68538459
2026-03-17,31368890.206034422,24087190.72856242,62302449.273722276,76969641.1912458
2026-03-18,31593965.839592278,24266385.65284694,63063361.429362014,78184765.3885285
2026-03-19,30524823.438178226,23515603.913191456,61924273.09691307,77937906.85333757
2026-03-20,30612939.52437141,23640316.088698823,62662051.51932578,79278027.10187313
2026-03-23,29188791.395329595,22689243.506293602,61177004.85693171,78423167.16785318
2026-03-24,29867261.808366235,23186807.43505283,62152997.54416481,79530607.89403236
2026-03-25,30562546.534510605,23616589.67073228,62638741.748695746,80063441.95514044
2026-03-27,29787333.889300007,23076890.74005187,62646920.03028019,80164166.29377429
2026-03-30,28942066.217384323,22503759.014134947,61041007.8745911,78353691.85872646
2026-04-01,29712582.818704084,23000008.736377902,63053814.529672734,80294598.58834988
2026-04-02,29648260.574286953,22963972.28097353,63689931.98082809,80440750.26702304
2026-04-06,29990016.38491081,23150964.47142154,63544735.00379716,79951232.0440242
2026-04-07,29944676.487697948,23127487.826461397,62649025.17107837,79291517.69578092
2026-04-08,30196966.416518155,23271200.149790637,64672112.24551774,81408269.15671413
2026-04-09,30259636.967713982,23304955.92244551,64439227.642557286,81529544.6928957
2026-04-10,30308989.96892395,23331029.718909234,65014283.49754666,82155246.36525409
2026-04-13,30469429.36280371,23421881.80312886,64284016.24207783,81031496.52507582
2026-04-15,30731529.068031777,23571780.700578697,64382261.914495334,80542874.19969377
2026-04-16,30710025.082670566,23559180.304980353,64853285.43259093,81405575.98761839
2026-04-17,30696358.85185923,23551752.043027908,66442903.10569343,82688483.8295843
2026-04-20,30693936.778437253,23548264.17762993,66409774.9531553,81821837.21800108
2026-04-21,30660266.470937125,23530128.99655307,67256809.13912578,83608907.43841554
2026-04-22,30571298.786372684,23482560.27878131,67535566.01536295,84074042.2850394
2026-04-23,30662264.8737541,23542904.195291176,66929387.73783012,82464684.70808172
2026-04-24,30635152.762168482,23523905.95974709,66717256.90037971,81615115.19014317
2026-04-27,30721620.505616248,23574085.005265504,66425468.54987663,81259586.91883588
2026-04-28,31003645.030055124,23736204.853209436,66274104.46675484,81331302.5790692
2026-04-29,31304547.229244124,23900556.02225487,67278569.13456166,82823191.50210723
2026-04-30,31263795.72291895,23877649.8291177,68016806.15197499,83018111.4322654
2026-05-01,31263795.72291895,23877649.8291177,68021766.36201534,83018111.4322654
2026-05-04,31093091.29982485,23783500.213630974,70168875.4129195,85027886.88271719
2026-05-05,31126445.852159325,23804301.242497515,70978350.0088363,86400399.54557155
2026-05-06,31225676.07091143,23853692.33880166,70605897.34702602,85001354.10571277
2026-05-07,31420861.11684238,23958974.370676666,72139906.76163377,86986249.11548936
2026-05-08,31494539.371331155,23998552.41371403,72763493.13264337,87280667.68802993
2026-05-11,31584156.30773668,24045341.613526944,71868637.23749368,86389081.03555226
2026-05-12,31319488.822589792,23891481.61293609,68545672.29284947,83373886.16714512
2026-05-13,31433238.02974221,23955683.585278906,69066347.68548228,83950994.74954763
2026-05-14,31843113.030973066,24185534.50872679,69554698.79364842,84121567.3308455
2026-05-15,31924618.061078362,24228214.83206473,68870489.2700755,83128128.91149329
2026-05-18,31766436.164819308,24144044.081050508,68568271.06212044,82305753.17095439
2026-05-19,31950956.556828,24251951.998649966,66908673.9710377,80389631.31899564
2026-05-20,32004394.182414934,24277874.459312357,68157114.55488467,81335570.07376064
2026-05-21,31811692.796167813,24174564.35144601,68456933.3176868,82379090.26688994
2026-05-22,31595974.675573576,24041934.490294054,68598239.41884708,83324244.30567378
2026-05-25,31842693.192016765,24184731.08813198,69719906.5019344,85145766.56411095
2026-05-26,31855941.33691189,24193537.230740502,70337978.51596045,86588837.46538645
2026-05-27,31663956.364161007,24092708.114168618,70671996.34512664,87606369.44163442
2026-05-28,31663956.364161007,24092708.114168618,70678764.35245374,87606369.44163442
2026-05-29,31137901.208734278,23794109.631450795,70591209.25593,87956583.50611791
2026-06-01,30883022.952501778,23647267.437196493,70485573.76295541,88025575.7123969
2026-06-02,30884014.668929305,23645791.31464786,70165595.31807153,87916860.81484224
2026-06-03,30822702.056651216,23611116.825446103,70461997.11068238,88091442.23469189
2026-06-04,30981915.221927814,23698359.083076682,71541161.26282406,89250383.26692395
2026-06-05,30769283.524887115,23581078.701739665,72393374.01389042,89340291.23454307
2026-06-08,30782437.20577558,23589573.520239577,72842379.7584947,89887323.86087486
2026-06-09,30953089.478650652,23685734.13957595,74296791.17694709,90900867.44270194
2026-06-10,30695554.440613076,23538343.218803257,75346591.37893672,92025872.6624065
2026-06-11,30775222.47603443,23581654.913499553,76368700.01291147,92361562.14295666
2026-06-12,30997634.89190729,23705815.314149648,77808572.35026923,93494423.31496365
2026-06-15,31106449.36333806,23762914.77029484,79281837.89432366,94427315.79953927
2026-06-16,31064885.459690463,23740386.047171067,79250349.75507505,93623069.88872431
2026-06-17,30985874.013652544,23695135.3295288,79617410.73520699,93664699.88212939
2026-06-18,30936326.057752077,23670125.43368736,80261912.74036324,94241179.60004205
2026-06-19,31062772.14401807,23745387.012096994,82102282.255521,97032429.80657701
2026-06-22,31151859.616957247,23791440.825360335,82789559.40499347,98075130.43321973
2026-06-23,31008352.507222127,23712129.607435342,83334818.20882535,98245670.47640786
2026-06-24,31073158.121774234,23747375.405949432,82959966.06919564,97157859.24240638
2026-06-25,30977018.18446708,23692267.673403956,83762401.38499747,97828886.23703037
2026-06-26,30977018.18446708,23692267.673403956,83769203.31305435,97828886.23703037
2026-06-29,31106852.51137022,23766754.756573983,84795286.49596663,99548966.40046987
2026-06-30,31032752.104057234,23728272.2868579,85498008.74419008,99984169.45682025
2026-07-01,31145016.53530983,23784801.111338645,86314898.77294715,99787219.41600233
2026-07-02,31067910.54694412,23746847.36665164,86110488.56202269,100637196.3077645
2026-07-03,30936360.561685048,23676784.12118891,87855816.0729703,102572487.20918494
2026-07-06,30908237.527830638,23668012.297147445,91377211.26393995,105412220.05386922
2026-07-07,30810078.29792166,23613733.91282737,93364377.55821732,107398321.01575607
2026-07-08,30813343.25955652,23611296.43943842,87050358.41254303,101711833.97502226
2026-07-09,30968559.748733185,23700586.69473798,90289935.35773762,105559139.35515937
2026-07-10,31103980.758691728,23775564.55349811,90948257.00370446,106876981.86832264
2026-07-13,31146722.364001237,23800899.09775111,90168975.66771698,106401383.50585255
2026-07-14,31325073.373366114,23898468.44870126,92463164.9578191,108265941.26653501
2026-07-15,31276826.842991054,23871485.554627426,93296680.79140553,109615134.05981156
2026-07-16,31046660.142665133,23745310.362458304,91637493.0638093,107556246.57181212
2026-07-17,30903888.814283513,23661675.276919603,92282262.29732203,107075764.37692955
2026-07-20,31037365.233720817,23734761.07602423,90938806.22941564,105200116.40695447
2026-07-21,31000670.72846221,23715117.01160714,92539406.83155432,105735671.2164205
2026-07-22,30859984.349246807,23634121.27568403,91310700.45179687,104487931.10827735
2026-07-23,30761799.630843114,23581314.48262748,92413018.5186687,104687106.41203499
2026-07-24,30697689.116266634,23544973.87433006,94573487.65504462,105751547.98874438
2026-07-27,30826663.205845244,23615344.272091098,97753108.78223613,108787311.63690427
2026-07-28,30754491.788592853,23574725.011017006,100511593.0183295,112715873.77293298
2026-07-29,30907156.854783796,23666318.35928183,101879532.86427042,115346220.67696536
2026-07-30,30801381.509108063,23600523.52162752,100113057.3381808,115484362.48974651
2026-07-31,30862224.100608796,23638614.685340524,101206549.05739601,116634994.7064302
2026-08-03,30803486.06332438,23606084.441325918,101525416.74526876,117592551.46449146
2026-08-04,30869657.84099692,23641519.526475634,104083489.74636512,121196096.72701763
2026-08-05,30840310.943184048,23629118.45143612,107846963.85899329,125263165.63968997
2026-08-06,30945302.374396518,23687437.872626446,110114461.0353614,126422956.68391432
2026-08-07,30935492.680414263,23683183.769579347,110612438.4740467,127701300.50819877
2026-08-10,31126917.77331586,23784206.124741975,110566874.913476,127017541.19271511
2026-08-11,31389189.068453275,23929764.43453269,114083815.60743862,131013441.1736323
2026-08-12,31541273.36326661,24014110.006113153,117408783.1306813,133567994.39256912
2026-08-13,31557971.62718441,24026644.804464236,118680281.37457992,136073011.32462224
2026-08-14,31411105.63723926,23947688.315875575,118020928.3785145,136710011.99628988
2026-08-17,31477193.247190624,23983391.949464366,110964266.74482006,130609460.18730314
2026-08-18,31658996.779846393,24079269.39699849,115841427.60096504,136376543.5674303
2026-08-19,31409763.272445574,23938740.650539383,116387206.28739375,137293664.96226352
2026-08-20,31865375.044465415,24196523.418242875,115858032.31340301,136686397.63744256
2026-08-21,31955112.941110574,24243614.564890277,116195941.01437916,137694677.77454895
2026-08-24,32124146.443043254,24345151.24505108,116881402.70441471,139001931.84954533
