date,futures_1.0x,futures_1.25x,futures_1.5x,futures_1.75x,futures_2.0x,futures_2.5x,futures_3.0x
2018-01-01,10002380.952380951,10002380.952380951,10002380.952380951,10002380.952380951,10002380.952380951,10002380.952380951,10002380.952380951
2018-01-02,10004762.471655328,10004762.471655328,10004762.471655328,10004762.471655328,10004762.471655328,10004762.471655328,10004762.471655328
2018-01-03,10007144.557958104,10007144.557958104,10007144.557958104,10007144.557958104,10007144.557958104,10007144.557958104,10007144.557958104
2018-01-04,10009527.211424284,10009527.211424284,10009527.211424284,10009527.211424284,10009527.211424284,10009527.211424284,10009527.211424284
2018-01-05,10011910.432188908,10011910.432188908,10011910.432188908,10011910.432188908,10011910.432188908,10011910.432188908,10011910.432188908
2018-01-08,10014294.220387047,10014294.220387047,10014294.220387047,10014294.220387047,10014294.220387047,10014294.220387047,10014294.220387047
2018-01-09,10016678.576153805,10016678.576153805,10016678.576153805,10016678.576153805,10016678.576153805,10016678.576153805,10016678.576153805
2018-01-10,10019063.499624318,10019063.499624318,10019063.499624318,10019063.499624318,10019063.499624318,10019063.499624318,10019063.499624318
2018-01-11,10021448.990933752,10021448.990933752,10021448.990933752,10021448.990933752,10021448.990933752,10021448.990933752,10021448.990933752
2018-01-12,10023835.050217308,10023835.050217308,10023835.050217308,10023835.050217308,10023835.050217308,10023835.050217308,10023835.050217308
2018-01-15,10026221.677610217,10026221.677610217,10026221.677610217,10026221.677610217,10026221.677610217,10026221.677610217,10026221.677610217
2018-01-16,10028608.873247743,10028608.873247743,10028608.873247743,10028608.873247743,10028608.873247743,10028608.873247743,10028608.873247743
2018-01-17,10030996.637265183,10030996.637265183,10030996.637265183,10030996.637265183,10030996.637265183,10030996.637265183,10030996.637265183
2018-01-18,10033384.969797865,10033384.969797865,10033384.969797865,10033384.969797865,10033384.969797865,10033384.969797865,10033384.969797865
2018-01-19,10035773.87098115,10035773.87098115,10035773.87098115,10035773.87098115,10035773.87098115,10035773.87098115,10035773.87098115
2018-01-22,10038163.340950431,10038163.340950431,10038163.340950431,10038163.340950431,10038163.340950431,10038163.340950431,10038163.340950431
2018-01-23,10040553.379841134,10040553.379841134,10040553.379841134,10040553.379841134,10040553.379841134,10040553.379841134,10040553.379841134
2018-01-24,10042943.987788714,10042943.987788714,10042943.987788714,10042943.987788714,10042943.987788714,10042943.987788714,10042943.987788714
2018-01-25,10045335.164928664,10045335.164928664,10045335.164928664,10045335.164928664,10045335.164928664,10045335.164928664,10045335.164928664
2018-01-29,10047726.911396503,10047726.911396503,10047726.911396503,10047726.911396503,10047726.911396503,10047726.911396503,10047726.911396503
2018-01-30,10050119.227327788,10050119.227327788,10050119.227327788,10050119.227327788,10050119.227327788,10050119.227327788,10050119.227327788
2018-01-31,10052512.112858104,10052512.112858104,10052512.112858104,10052512.112858104,10052512.112858104,10052512.112858104,10052512.112858104
2018-02-01,10054905.56812307,10054905.56812307,10054905.56812307,10054905.56812307,10054905.56812307,10054905.56812307,10054905.56812307
2018-02-02,10057299.593258338,10057299.593258338,10057299.593258338,10057299.593258338,10057299.593258338,10057299.593258338,10057299.593258338
2018-02-05,10059694.18839959,10059694.18839959,10059694.18839959,10059694.18839959,10059694.18839959,10059694.18839959,10059694.18839959
2018-02-06,10062089.353682542,10062089.353682542,10062089.353682542,10062089.353682542,10062089.353682542,10062089.353682542,10062089.353682542
2018-02-07,10064485.089242943,10064485.089242943,10064485.089242943,10064485.089242943,10064485.089242943,10064485.089242943,10064485.089242943
2018-02-08,10066881.395216571,10066881.395216571,10066881.395216571,10066881.395216571,10066881.395216571,10066881.395216571,10066881.395216571
2018-02-09,10069278.271739243,10069278.271739243,10069278.271739243,10069278.271739243,10069278.271739243,10069278.271739243,10069278.271739243
2018-02-12,10071675.7189468,10071675.7189468,10071675.7189468,10071675.7189468,10071675.7189468,10071675.7189468,10071675.7189468
2018-02-14,10074073.73697512,10074073.73697512,10074073.73697512,10074073.73697512,10074073.73697512,10074073.73697512,10074073.73697512
2018-02-15,10076472.325960115,10076472.325960115,10076472.325960115,10076472.325960115,10076472.325960115,10076472.325960115,10076472.325960115
2018-02-16,10078871.486037724,10078871.486037724,10078871.486037724,10078871.486037724,10078871.486037724,10078871.486037724,10078871.486037724
2018-02-19,10081271.217343923,10081271.217343923,10081271.217343923,10081271.217343923,10081271.217343923,10081271.217343923,10081271.217343923
2018-02-20,10083671.520014718,10083671.520014718,10083671.520014718,10083671.520014718,10083671.520014718,10083671.520014718,10083671.520014718
2018-02-21,10086072.39418615,10086072.39418615,10086072.39418615,10086072.39418615,10086072.39418615,10086072.39418615,10086072.39418615
2018-02-22,10088473.839994289,10088473.839994289,10088473.839994289,10088473.839994289,10088473.839994289,10088473.839994289,10088473.839994289
2018-02-23,10090875.85757524,10090875.85757524,10090875.85757524,10090875.85757524,10090875.85757524,10090875.85757524,10090875.85757524
2018-02-26,10093278.44706514,10093278.44706514,10093278.44706514,10093278.44706514,10093278.44706514,10093278.44706514,10093278.44706514
2018-02-27,10095681.608600155,10095681.608600155,10095681.608600155,10095681.608600155,10095681.608600155,10095681.608600155,10095681.608600155
2018-02-28,10098085.342316488,10098085.342316488,10098085.342316488,10098085.342316488,10098085.342316488,10098085.342316488,10098085.342316488
2018-03-01,10100489.648350373,10100489.648350373,10100489.648350373,10100489.648350373,10100489.648350373,10100489.648350373,10100489.648350373
2018-03-05,10102894.526838075,10102894.526838075,10102894.526838075,10102894.526838075,10102894.526838075,10102894.526838075,10102894.526838075
2018-03-06,10105299.977915894,10105299.977915894,10105299.977915894,10105299.977915894,10105299.977915894,10105299.977915894,10105299.977915894
2018-03-07,10107706.00172016,10107706.00172016,10107706.00172016,10107706.00172016,10107706.00172016,10107706.00172016,10107706.00172016
2018-03-08,10110112.598387236,10110112.598387236,10110112.598387236,10110112.598387236,10110112.598387236,10110112.598387236,10110112.598387236
2018-03-09,10112519.768053519,10112519.768053519,10112519.768053519,10112519.768053519,10112519.768053519,10112519.768053519,10112519.768053519
2018-03-12,10114927.510855436,10114927.510855436,10114927.510855436,10114927.510855436,10114927.510855436,10114927.510855436,10114927.510855436
2018-03-13,10117335.82692945,10117335.82692945,10117335.82692945,10117335.82692945,10117335.82692945,10117335.82692945,10117335.82692945
2018-03-14,10119744.716412053,10119744.716412053,10119744.716412053,10119744.716412053,10119744.716412053,10119744.716412053,10119744.716412053
2018-03-15,10122154.17943977,10122154.17943977,10122154.17943977,10122154.17943977,10122154.17943977,10122154.17943977,10122154.17943977
2018-03-16,10124564.21614916,10124564.21614916,10124564.21614916,10124564.21614916,10124564.21614916,10124564.21614916,10124564.21614916
2018-03-19,10126974.826676816,10126974.826676816,10126974.826676816,10126974.826676816,10126974.826676816,10126974.826676816,10126974.826676816
2018-03-20,10129386.011159359,10129386.011159359,10129386.011159359,10129386.011159359,10129386.011159359,10129386.011159359,10129386.011159359
2018-03-21,10131797.769733444,10131797.769733444,10131797.769733444,10131797.769733444,10131797.769733444,10131797.769733444,10131797.769733444
2018-03-22,10134210.102535762,10134210.102535762,10134210.102535762,10134210.102535762,10134210.102535762,10134210.102535762,10134210.102535762
2018-03-23,10136623.009703033,10136623.009703033,10136623.009703033,10136623.009703033,10136623.009703033,10136623.009703033,10136623.009703033
2018-03-26,10139036.49137201,10139036.49137201,10139036.49137201,10139036.49137201,10139036.49137201,10139036.49137201,10139036.49137201
2018-03-27,10141450.54767948,10141450.54767948,10141450.54767948,10141450.54767948,10141450.54767948,10141450.54767948,10141450.54767948
2018-03-28,10143865.17876226,10143865.17876226,10143865.17876226,10143865.17876226,10143865.17876226,10143865.17876226,10143865.17876226
2018-04-02,10146280.384757204,10146280.384757204,10146280.384757204,10146280.384757204,10146280.384757204,10146280.384757204,10146280.384757204
2018-04-03,10148696.165801194,10148696.165801194,10148696.165801194,10148696.165801194,10148696.165801194,10148696.165801194,10148696.165801194
2018-04-04,10151112.522031147,10151112.522031147,10151112.522031147,10151112.522031147,10151112.522031147,10151112.522031147,10151112.522031147
2018-04-05,10153529.453584012,10153529.453584012,10153529.453584012,10153529.453584012,10153529.453584012,10153529.453584012,10153529.453584012
2018-04-06,10155946.96059677,10155946.96059677,10155946.96059677,10155946.96059677,10155946.96059677,10155946.96059677,10155946.96059677
2018-04-09,10158365.043206437,10158365.043206437,10158365.043206437,10158365.043206437,10158365.043206437,10158365.043206437,10158365.043206437
2018-04-10,10160783.701550057,10160783.701550057,10160783.701550057,10160783.701550057,10160783.701550057,10160783.701550057,10160783.701550057
2018-04-11,10163202.935764711,10163202.935764711,10163202.935764711,10163202.935764711,10163202.935764711,10163202.935764711,10163202.935764711
2018-04-12,10165622.745987512,10165622.745987512,10165622.745987512,10165622.745987512,10165622.745987512,10165622.745987512,10165622.745987512
2018-04-13,10168043.132355604,10168043.132355604,10168043.132355604,10168043.132355604,10168043.132355604,10168043.132355604,10168043.132355604
2018-04-16,10170464.095006166,10170464.095006166,10170464.095006166,10170464.095006166,10170464.095006166,10170464.095006166,10170464.095006166
2018-04-17,10172885.634076405,10172885.634076405,10172885.634076405,10172885.634076405,10172885.634076405,10172885.634076405,10172885.634076405
2018-04-18,10175307.749703566,10175307.749703566,10175307.749703566,10175307.749703566,10175307.749703566,10175307.749703566,10175307.749703566
2018-04-19,10177730.442024924,10177730.442024924,10177730.442024924,10177730.442024924,10177730.442024924,10177730.442024924,10177730.442024924
2018-04-20,10180153.711177787,10180153.711177787,10180153.711177787,10180153.711177787,10180153.711177787,10180153.711177787,10180153.711177787
2018-04-23,10182577.557299497,10182577.557299497,10182577.557299497,10182577.557299497,10182577.557299497,10182577.557299497,10182577.557299497
2018-04-24,10185001.980527425,10185001.980527425,10185001.980527425,10185001.980527425,10185001.980527425,10185001.980527425,10185001.980527425
2018-04-25,10187426.98099898,10187426.98099898,10187426.98099898,10187426.98099898,10187426.98099898,10187426.98099898,10187426.98099898
2018-04-26,10189852.558851598,10189852.558851598,10189852.558851598,10189852.558851598,10189852.558851598,10189852.558851598,10189852.558851598
2018-04-27,10192278.714222753,10192278.714222753,10192278.714222753,10192278.714222753,10192278.714222753,10192278.714222753,10192278.714222753
2018-04-30,10194705.447249949,10194705.447249949,10194705.447249949,10194705.447249949,10194705.447249949,10194705.447249949,10194705.447249949
2018-05-02,10197132.758070722,10197132.758070722,10197132.758070722,10197132.758070722,10197132.758070722,10197132.758070722,10197132.758070722
2018-05-03,10199560.646822644,10199560.646822644,10199560.646822644,10199560.646822644,10199560.646822644,10199560.646822644,10199560.646822644
2018-05-04,10201989.113643317,10201989.113643317,10201989.113643317,10201989.113643317,10201989.113643317,10201989.113643317,10201989.113643317
2018-05-07,10204418.158670375,10204418.158670375,10204418.158670375,10204418.158670375,10204418.158670375,10204418.158670375,10204418.158670375
2018-05-08,10206847.782041486,10206847.782041486,10206847.782041486,10206847.782041486,10206847.782041486,10206847.782041486,10206847.782041486
2018-05-09,10209277.983894354,10209277.983894354,10209277.983894354,10209277.983894354,10209277.983894354,10209277.983894354,10209277.983894354
2018-05-10,10211708.764366709,10211708.764366709,10211708.764366709,10211708.764366709,10211708.764366709,10211708.764366709,10211708.764366709
2018-05-11,10214140.12359632,10214140.12359632,10214140.12359632,10214140.12359632,10214140.12359632,10214140.12359632,10214140.12359632
2018-05-14,10216572.061720986,10216572.061720986,10216572.061720986,10216572.061720986,10216572.061720986,10216572.061720986,10216572.061720986
2018-05-15,10219004.578878539,10219004.578878539,10219004.578878539,10219004.578878539,10219004.578878539,10219004.578878539,10219004.578878539
2018-05-16,10221437.675206844,10221437.675206844,10221437.675206844,10221437.675206844,10221437.675206844,10221437.675206844,10221437.675206844
2018-05-17,10223871.350843798,10223871.350843798,10223871.350843798,10223871.350843798,10223871.350843798,10223871.350843798,10223871.350843798
2018-05-18,10226305.605927333,10226305.605927333,10226305.605927333,10226305.605927333,10226305.605927333,10226305.605927333,10226305.605927333
2018-05-21,10228740.44059541,10228740.44059541,10228740.44059541,10228740.44059541,10228740.44059541,10228740.44059541,10228740.44059541
2018-05-22,10231175.854986029,10231175.854986029,10231175.854986029,10231175.854986029,10231175.854986029,10231175.854986029,10231175.854986029
2018-05-23,10233611.849237217,10233611.849237217,10233611.849237217,10233611.849237217,10233611.849237217,10233611.849237217,10233611.849237217
2018-05-24,10236048.423487036,10236048.423487036,10236048.423487036,10236048.423487036,10236048.423487036,10236048.423487036,10236048.423487036
2018-05-25,10238485.57787358,10238485.57787358,10238485.57787358,10238485.57787358,10238485.57787358,10238485.57787358,10238485.57787358
2018-05-28,10240923.312534979,10240923.312534979,10240923.312534979,10240923.312534979,10240923.312534979,10240923.312534979,10240923.312534979
2018-05-29,10243361.627609393,10243361.627609393,10243361.627609393,10243361.627609393,10243361.627609393,10243361.627609393,10243361.627609393
2018-05-30,10245800.523235014,10245800.523235014,10245800.523235014,10245800.523235014,10245800.523235014,10245800.523235014,10245800.523235014
2018-05-31,10248239.999550069,10248239.999550069,10248239.999550069,10248239.999550069,10248239.999550069,10248239.999550069,10248239.999550069
2018-06-01,10250680.056692818,10250680.056692818,10250680.056692818,10250680.056692818,10250680.056692818,10250680.056692818,10250680.056692818
2018-06-04,10253120.694801554,10253120.694801554,10253120.694801554,10253120.694801554,10253120.694801554,10253120.694801554,10253120.694801554
2018-06-05,10255561.914014602,10255561.914014602,10255561.914014602,10255561.914014602,10255561.914014602,10255561.914014602,10255561.914014602
2018-06-06,10258003.71447032,10258003.71447032,10258003.71447032,10258003.71447032,10258003.71447032,10258003.71447032,10258003.71447032
2018-06-07,10260446.096307099,10260446.096307099,10260446.096307099,10260446.096307099,10260446.096307099,10260446.096307099,10260446.096307099
2018-06-08,10262889.059663363,10262889.059663363,10262889.059663363,10262889.059663363,10262889.059663363,10262889.059663363,10262889.059663363
2018-06-11,10265332.60467757,10265332.60467757,10265332.60467757,10265332.60467757,10265332.60467757,10265332.60467757,10265332.60467757
2018-06-12,10267776.731488207,10267776.731488207,10267776.731488207,10267776.731488207,10267776.731488207,10267776.731488207,10267776.731488207
2018-06-13,10270221.4402338,10270221.4402338,10270221.4402338,10270221.4402338,10270221.4402338,10270221.4402338,10270221.4402338
2018-06-14,10272666.731052903,10272666.731052903,10272666.731052903,10272666.731052903,10272666.731052903,10272666.731052903,10272666.731052903
2018-06-15,10275112.604084106,10275112.604084106,10275112.604084106,10275112.604084106,10275112.604084106,10275112.604084106,10275112.604084106
2018-06-18,10277559.05946603,10277559.05946603,10277559.05946603,10277559.05946603,10277559.05946603,10277559.05946603,10277559.05946603
2018-06-19,10280006.097337332,10280006.097337332,10280006.097337332,10280006.097337332,10280006.097337332,10280006.097337332,10280006.097337332
2018-06-20,10282453.717836699,10282453.717836699,10282453.717836699,10282453.717836699,10282453.717836699,10282453.717836699,10282453.717836699
2018-06-21,10284901.92110285,10284901.92110285,10284901.92110285,10284901.92110285,10284901.92110285,10284901.92110285,10284901.92110285
2018-06-22,10287350.707274541,10287350.707274541,10287350.707274541,10287350.707274541,10287350.707274541,10287350.707274541,10287350.707274541
2018-06-25,10289800.076490559,10289800.076490559,10289800.076490559,10289800.076490559,10289800.076490559,10289800.076490559,10289800.076490559
2018-06-26,10292250.028889723,10292250.028889723,10292250.028889723,10292250.028889723,10292250.028889723,10292250.028889723,10292250.028889723
2018-06-27,10294700.564610887,10294700.564610887,10294700.564610887,10294700.564610887,10294700.564610887,10294700.564610887,10294700.564610887
2018-06-28,10297151.683792938,10297151.683792938,10297151.683792938,10297151.683792938,10297151.683792938,10297151.683792938,10297151.683792938
2018-06-29,10299603.386574794,10299603.386574794,10299603.386574794,10299603.386574794,10299603.386574794,10299603.386574794,10299603.386574794
2018-07-02,10302055.673095407,10302055.673095407,10302055.673095407,10302055.673095407,10302055.673095407,10302055.673095407,10302055.673095407
2018-07-03,10304508.543493763,10304508.543493763,10304508.543493763,10304508.543493763,10304508.543493763,10304508.543493763,10304508.543493763
2018-07-04,10306961.997908881,10306961.997908881,10306961.997908881,10306961.997908881,10306961.997908881,10306961.997908881,10306961.997908881
2018-07-05,10309416.036479812,10309416.036479812,10309416.036479812,10309416.036479812,10309416.036479812,10309416.036479812,10309416.036479812
2018-07-06,10311870.65934564,10311870.65934564,10311870.65934564,10311870.65934564,10311870.65934564,10311870.65934564,10311870.65934564
2018-07-09,10314325.866645483,10314325.866645483,10314325.866645483,10314325.866645483,10314325.866645483,10314325.866645483,10314325.866645483
2018-07-10,10316781.658518495,10316781.658518495,10316781.658518495,10316781.658518495,10316781.658518495,10316781.658518495,10316781.658518495
2018-07-11,10319238.035103856,10319238.035103856,10319238.035103856,10319238.035103856,10319238.035103856,10319238.035103856,10319238.035103856
2018-07-12,10321694.996540785,10321694.996540785,10321694.996540785,10321694.996540785,10321694.996540785,10321694.996540785,10321694.996540785
2018-07-13,10324152.542968532,10324152.542968532,10324152.542968532,10324152.542968532,10324152.542968532,10324152.542968532,10324152.542968532
2018-07-16,10326610.674526382,10326610.674526382,10326610.674526382,10326610.674526382,10326610.674526382,10326610.674526382,10326610.674526382
2018-07-17,10329069.39135365,10329069.39135365,10329069.39135365,10329069.39135365,10329069.39135365,10329069.39135365,10329069.39135365
2018-07-18,10331528.693589687,10331528.693589687,10331528.693589687,10331528.693589687,10331528.693589687,10331528.693589687,10331528.693589687
2018-07-19,10333988.581373876,10333988.581373876,10333988.581373876,10333988.581373876,10333988.581373876,10333988.581373876,10333988.581373876
2018-07-20,10336449.054845631,10336449.054845631,10336449.054845631,10336449.054845631,10336449.054845631,10336449.054845631,10336449.054845631
2018-07-23,10338910.114144403,10338910.114144403,10338910.114144403,10338910.114144403,10338910.114144403,10338910.114144403,10338910.114144403
2018-07-24,10341371.759409675,10341371.759409675,10341371.759409675,10341371.759409675,10341371.759409675,10341371.759409675,10341371.759409675
2018-07-25,10343833.990780963,10343833.990780963,10343833.990780963,10343833.990780963,10343833.990780963,10343833.990780963,10343833.990780963
2018-07-26,10346296.808397815,10346296.808397815,10346296.808397815,10346296.808397815,10346296.808397815,10346296.808397815,10346296.808397815
2018-07-27,10348760.212399814,10348760.212399814,10348760.212399814,10348760.212399814,10348760.212399814,10348760.212399814,10348760.212399814
2018-07-30,10351224.202926576,10351224.202926576,10351224.202926576,10351224.202926576,10351224.202926576,10351224.202926576,10351224.202926576
2018-07-31,10353688.780117748,10353688.780117748,10353688.780117748,10353688.780117748,10353688.780117748,10353688.780117748,10353688.780117748
2018-08-01,10356153.944113014,10356153.944113014,10356153.944113014,10356153.944113014,10356153.944113014,10356153.944113014,10356153.944113014
2018-08-02,10358619.69505209,10358619.69505209,10358619.69505209,10358619.69505209,10358619.69505209,10358619.69505209,10358619.69505209
2018-08-03,10361086.03307472,10361086.03307472,10361086.03307472,10361086.03307472,10361086.03307472,10361086.03307472,10361086.03307472
2018-08-06,10363552.95832069,10363552.95832069,10363552.95832069,10363552.95832069,10363552.95832069,10363552.95832069,10363552.95832069
2018-08-07,10366020.470929815,10366020.470929815,10366020.470929815,10366020.470929815,10366020.470929815,10366020.470929815,10366020.470929815
2018-08-08,10368488.57104194,10368488.57104194,10368488.57104194,10368488.57104194,10368488.57104194,10368488.57104194,10368488.57104194
2018-08-09,10370957.258796949,10370957.258796949,10370957.258796949,10370957.258796949,10370957.258796949,10370957.258796949,10370957.258796949
2018-08-10,10373426.534334758,10373426.534334758,10373426.534334758,10373426.534334758,10373426.534334758,10373426.534334758,10373426.534334758
2018-08-13,10375896.397795314,10375896.397795314,10375896.397795314,10375896.397795314,10375896.397795314,10375896.397795314,10375896.397795314
2018-08-14,10378366.8493186,10378366.8493186,10378366.8493186,10378366.8493186,10378366.8493186,10378366.8493186,10378366.8493186
2018-08-16,10380837.889044628,10380837.889044628,10380837.889044628,10380837.889044628,10380837.889044628,10380837.889044628,10380837.889044628
2018-08-17,10383309.517113447,10383309.517113447,10383309.517113447,10383309.517113447,10383309.517113447,10383309.517113447,10383309.517113447
2018-08-20,10385781.73366514,10385781.73366514,10385781.73366514,10385781.73366514,10385781.73366514,10385781.73366514,10385781.73366514
2018-08-21,10388254.538839823,10388254.538839823,10388254.538839823,10388254.538839823,10388254.538839823,10388254.538839823,10388254.538839823
2018-08-23,10390727.932777641,10390727.932777641,10390727.932777641,10390727.932777641,10390727.932777641,10390727.932777641,10390727.932777641
2018-08-24,10393201.91561878,10393201.91561878,10393201.91561878,10393201.91561878,10393201.91561878,10393201.91561878,10393201.91561878
2018-08-27,10395676.48750345,10395676.48750345,10395676.48750345,10395676.48750345,10395676.48750345,10395676.48750345,10395676.48750345
2018-08-28,10398151.648571903,10398151.648571903,10398151.648571903,10398151.648571903,10398151.648571903,10398151.648571903,10398151.648571903
2018-08-29,10400627.39896442,10400627.39896442,10400627.39896442,10400627.39896442,10400627.39896442,10400627.39896442,10400627.39896442
2018-08-30,10403103.738821317,10403103.738821317,10403103.738821317,10403103.738821317,10403103.738821317,10403103.738821317,10403103.738821317
2018-08-31,10405580.668282941,10405580.668282941,10405580.668282941,10405580.668282941,10405580.668282941,10405580.668282941,10405580.668282941
2018-09-03,10408058.187489675,10408058.187489675,10408058.187489675,10408058.187489675,10408058.187489675,10408058.187489675,10408058.187489675
2018-09-04,10410536.296581935,10410536.296581935,10410536.296581935,10410536.296581935,10410536.296581935,10410536.296581935,10410536.296581935
2018-09-05,10413014.99570017,10413014.99570017,10413014.99570017,10413014.99570017,10413014.99570017,10413014.99570017,10413014.99570017
2018-09-06,10415494.28498486,10415494.28498486,10415494.28498486,10415494.28498486,10415494.28498486,10415494.28498486,10415494.28498486
2018-09-07,10417974.164576523,10417974.164576523,10417974.164576523,10417974.164576523,10417974.164576523,10417974.164576523,10417974.164576523
2018-09-10,10420454.634615708,10420454.634615708,10420454.634615708,10420454.634615708,10420454.634615708,10420454.634615708,10420454.634615708
2018-09-11,10422935.695242997,10422935.695242997,10422935.695242997,10422935.695242997,10422935.695242997,10422935.695242997,10422935.695242997
2018-09-12,10425417.346599007,10425417.346599007,10425417.346599007,10425417.346599007,10425417.346599007,10425417.346599007,10425417.346599007
2018-09-14,10427899.588824388,10427899.588824388,10427899.588824388,10427899.588824388,10427899.588824388,10427899.588824388,10427899.588824388
2018-09-17,10430382.422059823,10430382.422059823,10430382.422059823,10430382.422059823,10430382.422059823,10430382.422059823,10430382.422059823
2018-09-18,10432865.846446028,10432865.846446028,10432865.846446028,10432865.846446028,10432865.846446028,10432865.846446028,10432865.846446028
2018-09-19,10435349.862123754,10435349.862123754,10435349.862123754,10435349.862123754,10435349.862123754,10435349.862123754,10435349.862123754
2018-09-21,10437834.469233783,10437834.469233783,10437834.469233783,10437834.469233783,10437834.469233783,10437834.469233783,10437834.469233783
2018-09-24,10440319.667916933,10440319.667916933,10440319.667916933,10440319.667916933,10440319.667916933,10440319.667916933,10440319.667916933
2018-09-25,10442805.458314056,10442805.458314056,10442805.458314056,10442805.458314056,10442805.458314056,10442805.458314056,10442805.458314056
2018-09-26,10445291.840566035,10445291.840566035,10445291.840566035,10445291.840566035,10445291.840566035,10445291.840566035,10445291.840566035
2018-09-27,10447778.814813789,10447778.814813789,10447778.814813789,10447778.814813789,10447778.814813789,10447778.814813789,10447778.814813789
2018-09-28,10450266.381198268,10450266.381198268,10450266.381198268,10450266.381198268,10450266.381198268,10450266.381198268,10450266.381198268
2018-10-01,10452754.539860459,10452754.539860459,10452754.539860459,10452754.539860459,10452754.539860459,10452754.539860459,10452754.539860459
2018-10-03,10455243.290941378,10455243.290941378,10455243.290941378,10455243.290941378,10455243.290941378,10455243.290941378,10455243.290941378
2018-10-04,10457732.634582078,10457732.634582078,10457732.634582078,10457732.634582078,10457732.634582078,10457732.634582078,10457732.634582078
2018-10-05,10460222.570923645,10460222.570923645,10460222.570923645,10460222.570923645,10460222.570923645,10460222.570923645,10460222.570923645
2018-10-08,10462713.100107199,10462713.100107199,10462713.100107199,10462713.100107199,10462713.100107199,10462713.100107199,10462713.100107199
2018-10-09,10465204.22227389,10465204.22227389,10465204.22227389,10465204.22227389,10465204.22227389,10465204.22227389,10465204.22227389
2018-10-10,10467695.937564908,10467695.937564908,10467695.937564908,10467695.937564908,10467695.937564908,10467695.937564908,10467695.937564908
2018-10-11,10470188.24612147,10470188.24612147,10470188.24612147,10470188.24612147,10470188.24612147,10470188.24612147,10470188.24612147
2018-10-12,10472681.148084832,10472681.148084832,10472681.148084832,10472681.148084832,10472681.148084832,10472681.148084832,10472681.148084832
2018-10-15,10475174.64359628,10475174.64359628,10475174.64359628,10475174.64359628,10475174.64359628,10475174.64359628,10475174.64359628
2018-10-16,10477668.732797137,10477668.732797137,10477668.732797137,10477668.732797137,10477668.732797137,10477668.732797137,10477668.732797137
2018-10-17,10480163.415828755,10480163.415828755,10480163.415828755,10480163.415828755,10480163.415828755,10480163.415828755,10480163.415828755
2018-10-19,10482658.692832524,10482658.692832524,10482658.692832524,10482658.692832524,10482658.692832524,10482658.692832524,10482658.692832524
2018-10-22,10485154.563949864,10485154.563949864,10485154.563949864,10485154.563949864,10485154.563949864,10485154.563949864,10485154.563949864
2018-10-23,10487651.029322233,10487651.029322233,10487651.029322233,10487651.029322233,10487651.029322233,10487651.029322233,10487651.029322233
2018-10-24,10490148.089091118,10490148.089091118,10490148.089091118,10490148.089091118,10490148.089091118,10490148.089091118,10490148.089091118
2018-10-25,10492645.743398044,10492645.743398044,10492645.743398044,10492645.743398044,10492645.743398044,10492645.743398044,10492645.743398044
2018-10-26,10495143.992384568,10495143.992384568,10495143.992384568,10495143.992384568,10495143.992384568,10495143.992384568,10495143.992384568
2018-10-29,10497642.836192278,10497642.836192278,10497642.836192278,10497642.836192278,10497642.836192278,10497642.836192278,10497642.836192278
2018-10-30,10500142.2749628,10500142.2749628,10500142.2749628,10500142.2749628,10500142.2749628,10500142.2749628,10500142.2749628
2018-10-31,10502642.30883779,10502642.30883779,10502642.30883779,10502642.30883779,10502642.30883779,10502642.30883779,10502642.30883779
2018-11-01,10505142.937958943,10505142.937958943,10505142.937958943,10505142.937958943,10505142.937958943,10505142.937958943,10505142.937958943
2018-11-02,10507644.16246798,10507644.16246798,10507644.16246798,10507644.16246798,10507644.16246798,10507644.16246798,10507644.16246798
2018-11-05,10510145.982506664,10510145.982506664,10510145.982506664,10510145.982506664,10510145.982506664,10510145.982506664,10510145.982506664
2018-11-06,10512648.398216786,10512648.398216786,10512648.398216786,10512648.398216786,10512648.398216786,10512648.398216786,10512648.398216786
2018-11-07,10515151.40974017,10515151.40974017,10515151.40974017,10515151.40974017,10515151.40974017,10515151.40974017,10515151.40974017
2018-11-09,10517655.01721868,10517655.01721868,10517655.01721868,10517655.01721868,10517655.01721868,10517655.01721868,10517655.01721868
2018-11-12,10520159.220794208,10520159.220794208,10520159.220794208,10520159.220794208,10520159.220794208,10520159.220794208,10520159.220794208
2018-11-13,10522664.020608684,10522664.020608684,10522664.020608684,10522664.020608684,10522664.020608684,10522664.020608684,10522664.020608684
2018-11-14,10525169.416804068,10525169.416804068,10525169.416804068,10525169.416804068,10525169.416804068,10525169.416804068,10525169.416804068
2018-11-15,10527675.409522355,10527675.409522355,10527675.409522355,10527675.409522355,10527675.409522355,10527675.409522355,10527675.409522355
2018-11-16,10530181.998905575,10530181.998905575,10530181.998905575,10530181.998905575,10530181.998905575,10530181.998905575,10530181.998905575
2018-11-19,10532689.18509579,10532689.18509579,10532689.18509579,10532689.18509579,10532689.18509579,10532689.18509579,10532689.18509579
2018-11-20,10535196.9682351,10535196.9682351,10535196.9682351,10535196.9682351,10535196.9682351,10535196.9682351,10535196.9682351
2018-11-21,10537705.348465633,10537705.348465633,10537705.348465633,10537705.348465633,10537705.348465633,10537705.348465633,10537705.348465633
2018-11-22,10540214.325929552,10540214.325929552,10540214.325929552,10540214.325929552,10540214.325929552,10540214.325929552,10540214.325929552
2018-11-26,10542723.900769059,10542723.900769059,10542723.900769059,10542723.900769059,10542723.900769059,10542723.900769059,10542723.900769059
2018-11-27,10545234.073126385,10545234.073126385,10545234.073126385,10545234.073126385,10545234.073126385,10545234.073126385,10545234.073126385
2018-11-28,10547744.843143797,10547744.843143797,10547744.843143797,10547744.843143797,10547744.843143797,10547744.843143797,10547744.843143797
2018-11-29,10550256.210963592,10550256.210963592,10550256.210963592,10550256.210963592,10550256.210963592,10550256.210963592,10550256.210963592
2018-11-30,10552768.176728107,10552768.176728107,10552768.176728107,10552768.176728107,10552768.176728107,10552768.176728107,10552768.176728107
2018-12-03,10555280.74057971,10555280.74057971,10555280.74057971,10555280.74057971,10555280.74057971,10555280.74057971,10555280.74057971
2018-12-04,10557793.9026608,10557793.9026608,10557793.9026608,10557793.9026608,10557793.9026608,10557793.9026608,10557793.9026608
2018-12-05,10560307.663113814,10560307.663113814,10560307.663113814,10560307.663113814,10560307.663113814,10560307.663113814,10560307.663113814
2018-12-06,10562822.022081222,10562822.022081222,10562822.022081222,10562822.022081222,10562822.022081222,10562822.022081222,10562822.022081222
2018-12-07,10565336.979705527,10565336.979705527,10565336.979705527,10565336.979705527,10565336.979705527,10565336.979705527,10565336.979705527
2018-12-10,10567852.536129266,10567852.536129266,10567852.536129266,10567852.536129266,10567852.536129266,10567852.536129266,10567852.536129266
2018-12-11,10570368.69149501,10570368.69149501,10570368.69149501,10570368.69149501,10570368.69149501,10570368.69149501,10570368.69149501
2018-12-12,10572885.445945367,10572885.445945367,10572885.445945367,10572885.445945367,10572885.445945367,10572885.445945367,10572885.445945367
2018-12-13,10575402.799622973,10575402.799622973,10575402.799622973,10575402.799622973,10575402.799622973,10575402.799622973,10575402.799622973
2018-12-14,10577920.752670502,10577920.752670502,10577920.752670502,10577920.752670502,10577920.752670502,10577920.752670502,10577920.752670502
2018-12-17,10580439.305230662,10580439.305230662,10580439.305230662,10580439.305230662,10580439.305230662,10580439.305230662,10580439.305230662
2018-12-18,10582958.457446193,10582958.457446193,10582958.457446193,10582958.457446193,10582958.457446193,10582958.457446193,10582958.457446193
2018-12-19,10585478.209459871,10585478.209459871,10585478.209459871,10585478.209459871,10585478.209459871,10585478.209459871,10585478.209459871
2018-12-20,10587998.561414504,10587998.561414504,10587998.561414504,10587998.561414504,10587998.561414504,10587998.561414504,10587998.561414504
2018-12-21,10590519.513452936,10590519.513452936,10590519.513452936,10590519.513452936,10590519.513452936,10590519.513452936,10590519.513452936
2018-12-24,10593041.065718044,10593041.065718044,10593041.065718044,10593041.065718044,10593041.065718044,10593041.065718044,10593041.065718044
2018-12-26,10595563.218352739,10595563.218352739,10595563.218352739,10595563.218352739,10595563.218352739,10595563.218352739,10595563.218352739
2018-12-27,10598085.971499966,10598085.971499966,10598085.971499966,10598085.971499966,10598085.971499966,10598085.971499966,10598085.971499966
2018-12-28,10600609.325302705,10600609.325302705,10600609.325302705,10600609.325302705,10600609.325302705,10600609.325302705,10600609.325302705
2018-12-31,10603133.279903967,10603133.279903967,10603133.279903967,10603133.279903967,10603133.279903967,10603133.279903967,10603133.279903967
2019-01-01,10605657.835446801,10605657.835446801,10605657.835446801,10605657.835446801,10605657.835446801,10605657.835446801,10605657.835446801
2019-01-02,10608182.992074288,10608182.992074288,10608182.992074288,10608182.992074288,10608182.992074288,10608182.992074288,10608182.992074288
2019-01-03,10610708.749929544,10610708.749929544,10610708.749929544,10610708.749929544,10610708.749929544,10610708.749929544,10610708.749929544
2019-01-04,10613235.109155716,10613235.109155716,10613235.109155716,10613235.109155716,10613235.109155716,10613235.109155716,10613235.109155716
2019-01-07,10615762.069895992,10615762.069895992,10615762.069895992,10615762.069895992,10615762.069895992,10615762.069895992,10615762.069895992
2019-01-08,10618289.632293586,10618289.632293586,10618289.632293586,10618289.632293586,10618289.632293586,10618289.632293586,10618289.632293586
2019-01-09,10620817.796491751,10620817.796491751,10620817.796491751,10620817.796491751,10620817.796491751,10620817.796491751,10620817.796491751
2019-01-10,10623346.562633773,10623346.562633773,10623346.562633773,10623346.562633773,10623346.562633773,10623346.562633773,10623346.562633773
2019-01-11,10625875.930862973,10625875.930862973,10625875.930862973,10625875.930862973,10625875.930862973,10625875.930862973,10625875.930862973
2019-01-14,10628405.901322702,10628405.901322702,10628405.901322702,10628405.901322702,10628405.901322702,10628405.901322702,10628405.901322702
2019-01-15,10630936.47415635,10630936.47415635,10630936.47415635,10630936.47415635,10630936.47415635,10630936.47415635,10630936.47415635
2019-01-16,10633467.64950734,10633467.64950734,10633467.64950734,10633467.64950734,10633467.64950734,10633467.64950734,10633467.64950734
2019-01-17,10635999.427519128,10635999.427519128,10635999.427519128,10635999.427519128,10635999.427519128,10635999.427519128,10635999.427519128
2019-01-18,10638531.808335204,10638531.808335204,10638531.808335204,10638531.808335204,10638531.808335204,10638531.808335204,10638531.808335204
2019-01-21,10641064.792099092,10641064.792099092,10641064.792099092,10641064.792099092,10641064.792099092,10641064.792099092,10641064.792099092
2019-01-22,10643598.378954355,10643598.378954355,10643598.378954355,10643598.378954355,10643598.378954355,10643598.378954355,10643598.378954355
2019-01-23,10646132.569044583,10646132.569044583,10646132.569044583,10646132.569044583,10646132.569044583,10646132.569044583,10646132.569044583
2019-01-24,10648667.362513402,10648667.362513402,10648667.362513402,10648667.362513402,10648667.362513402,10648667.362513402,10648667.362513402
2019-01-25,10651202.759504477,10651202.759504477,10651202.759504477,10651202.759504477,10651202.759504477,10651202.759504477,10651202.759504477
2019-01-28,10653738.760161502,10653738.760161502,10653738.760161502,10653738.760161502,10653738.760161502,10653738.760161502,10653738.760161502
2019-01-29,10656275.364628207,10656275.364628207,10656275.364628207,10656275.364628207,10656275.364628207,10656275.364628207,10656275.364628207
2019-01-30,10658812.573048357,10658812.573048357,10658812.573048357,10658812.573048357,10658812.573048357,10658812.573048357,10658812.573048357
2019-01-31,10661350.38556575,10661350.38556575,10661350.38556575,10661350.38556575,10661350.38556575,10661350.38556575,10661350.38556575
2019-02-01,10663888.802324219,10663888.802324219,10663888.802324219,10663888.802324219,10663888.802324219,10663888.802324219,10663888.802324219
2019-02-04,10666427.823467629,10666427.823467629,10666427.823467629,10666427.823467629,10666427.823467629,10666427.823467629,10666427.823467629
2019-02-05,10668967.449139884,10668967.449139884,10668967.449139884,10668967.449139884,10668967.449139884,10668967.449139884,10668967.449139884
2019-02-06,10671507.679484917,10671507.679484917,10671507.679484917,10671507.679484917,10671507.679484917,10671507.679484917,10671507.679484917
2019-02-07,10674048.5146467,10674048.5146467,10674048.5146467,10674048.5146467,10674048.5146467,10674048.5146467,10674048.5146467
2019-02-08,10676589.954769235,10676589.954769235,10676589.954769235,10676589.954769235,10676589.954769235,10676589.954769235,10676589.954769235
2019-02-11,10679131.999996562,10679131.999996562,10679131.999996562,10679131.999996562,10679131.999996562,10679131.999996562,10679131.999996562
2019-02-12,10681674.65047275,10681674.65047275,10681674.65047275,10681674.65047275,10681674.65047275,10681674.65047275,10681674.65047275
2019-02-14,10684217.90634191,10684217.90634191,10684217.90634191,10684217.90634191,10684217.90634191,10684217.90634191,10684217.90634191
2019-02-15,10686761.767748183,10686761.767748183,10686761.767748183,10686761.767748183,10686761.767748183,10686761.767748183,10686761.767748183
2019-02-18,10689306.234835742,10689306.234835742,10689306.234835742,10689306.234835742,10689306.234835742,10689306.234835742,10689306.234835742
2019-02-19,10691851.307748798,10691851.307748798,10691851.307748798,10691851.307748798,10691851.307748798,10691851.307748798,10691851.307748798
2019-02-20,10694396.986631596,10694396.986631596,10694396.986631596,10694396.986631596,10694396.986631596,10694396.986631596,10694396.986631596
2019-02-21,10696943.271628413,10696943.271628413,10696943.271628413,10696943.271628413,10696943.271628413,10696943.271628413,10696943.271628413
2019-02-22,10699490.162883563,10699490.162883563,10699490.162883563,10699490.162883563,10699490.162883563,10699490.162883563,10699490.162883563
2019-02-25,10702037.660541393,10702037.660541393,10702037.660541393,10702037.660541393,10702037.660541393,10702037.660541393,10702037.660541393
2019-02-26,10704585.764746284,10704585.764746284,10704585.764746284,10704585.764746284,10704585.764746284,10704585.764746284,10704585.764746284
2019-02-27,10707134.475642653,10707134.475642653,10707134.475642653,10707134.475642653,10707134.475642653,10707134.475642653,10707134.475642653
2019-02-28,10709683.793374948,10709683.793374948,10709683.793374948,10709683.793374948,10709683.793374948,10709683.793374948,10709683.793374948
2019-03-01,10712233.718087656,10712233.718087656,10712233.718087656,10712233.718087656,10712233.718087656,10712233.718087656,10712233.718087656
2019-03-05,10714784.249925297,10714784.249925297,10714784.249925297,10714784.249925297,10714784.249925297,10714784.249925297,10714784.249925297
2019-03-06,10717335.389032422,10717335.389032422,10717335.389032422,10717335.389032422,10717335.389032422,10717335.389032422,10717335.389032422
2019-03-07,10719887.13555362,10719887.13555362,10719887.13555362,10719887.13555362,10719887.13555362,10719887.13555362,10719887.13555362
2019-03-08,10722439.489633514,10722439.489633514,10722439.489633514,10722439.489633514,10722439.489633514,10722439.489633514,10722439.489633514
2019-03-11,10724992.451416759,10724992.451416759,10724992.451416759,10724992.451416759,10724992.451416759,10724992.451416759,10724992.451416759
2019-03-12,10727546.021048049,10727546.021048049,10727546.021048049,10727546.021048049,10727546.021048049,10727546.021048049,10727546.021048049
2019-03-13,10730100.198672108,10730100.198672108,10730100.198672108,10730100.198672108,10730100.198672108,10730100.198672108,10730100.198672108
2019-03-14,10732654.984433698,10732654.984433698,10732654.984433698,10732654.984433698,10732654.984433698,10732654.984433698,10732654.984433698
2019-03-15,10735210.37847761,10735210.37847761,10735210.37847761,10735210.37847761,10735210.37847761,10735210.37847761,10735210.37847761
2019-03-18,10737766.380948678,10737766.380948678,10737766.380948678,10737766.380948678,10737766.380948678,10737766.380948678,10737766.380948678
2019-03-19,10740322.99199176,10740322.99199176,10740322.99199176,10740322.99199176,10740322.99199176,10740322.99199176,10740322.99199176
2019-03-20,10742880.211751759,10742880.211751759,10742880.211751759,10742880.211751759,10742880.211751759,10742880.211751759,10742880.211751759
2019-03-22,10745438.040373605,10745438.040373605,10745438.040373605,10745438.040373605,10745438.040373605,10745438.040373605,10745438.040373605
2019-03-25,10747996.478002265,10747996.478002265,10747996.478002265,10747996.478002265,10747996.478002265,10747996.478002265,10747996.478002265
2019-03-26,10750555.524782741,10750555.524782741,10750555.524782741,10750555.524782741,10750555.524782741,10750555.524782741,10750555.524782741
2019-03-27,10753115.18086007,10753115.18086007,10753115.18086007,10753115.18086007,10753115.18086007,10753115.18086007,10753115.18086007
2019-03-28,10755675.446379323,10755675.446379323,10755675.446379323,10755675.446379323,10755675.446379323,10755675.446379323,10755675.446379323
2019-04-01,10758236.321485603,10758236.321485603,10758236.321485603,10758236.321485603,10758236.321485603,10758236.321485603,10758236.321485603
2019-04-02,10760797.806324052,10760797.806324052,10760797.806324052,10760797.806324052,10760797.806324052,10760797.806324052,10760797.806324052
2019-04-03,10763359.901039843,10763359.901039843,10763359.901039843,10763359.901039843,10763359.901039843,10763359.901039843,10763359.901039843
2019-04-04,10765922.605778186,10765922.605778186,10765922.605778186,10765922.605778186,10765922.605778186,10765922.605778186,10765922.605778186
2019-04-05,10768485.920684323,10768485.920684323,10768485.920684323,10768485.920684323,10768485.920684323,10768485.920684323,10768485.920684323
2019-04-08,10771049.845903533,10771049.845903533,10771049.845903533,10771049.845903533,10771049.845903533,10771049.845903533,10771049.845903533
2019-04-09,10773614.38158113,10773614.38158113,10773614.38158113,10773614.38158113,10773614.38158113,10773614.38158113,10773614.38158113
2019-04-10,10776179.527862458,10776179.527862458,10776179.527862458,10776179.527862458,10776179.527862458,10776179.527862458,10776179.527862458
2019-04-11,10778745.284892902,10778745.284892902,10778745.284892902,10778745.284892902,10778745.284892902,10778745.284892902,10778745.284892902
2019-04-12,10781311.652817877,10781311.652817877,10781311.652817877,10781311.652817877,10781311.652817877,10781311.652817877,10781311.652817877
2019-04-15,10780900.285100106,10780219.872903548,10779539.46070699,10778859.048510432,10778178.636313874,10776817.811920756,10775456.98752764
2019-04-16,10803630.724433316,10808055.214286216,10812479.704139113,10816904.193992013,10821328.683844911,10830177.66355071,10839026.643256508
2019-04-18,10813700.914173003,10820065.106127506,10826429.29808201,10832793.490036514,10839157.681991016,10851886.065900022,10864614.449809028
2019-04-22,10796084.101019567,10797466.10677017,10798848.112520775,10800230.118271379,10801612.124021983,10804376.13552319,10807140.147024397
2019-04-23,10788911.795036662,10787922.603761021,10786933.412485378,10785944.221209735,10784955.029934091,10782976.647382807,10780998.264831522
2019-04-24,10805332.711789671,10807870.491524016,10810408.271258362,10812946.050992705,10815483.83072705,10820559.390195739,10825634.949664427
2019-04-25,10805862.981665684,10807954.933010248,10810046.884354811,10812138.835699376,10814230.787043938,10818414.689733068,10822598.592422195
2019-04-26,10808572.41271079,10810763.188244546,10812953.963778302,10815144.739312058,10817335.514845816,10821717.065913329,10826098.616980841
2019-04-30,10821500.990782585,10826345.239516117,10831189.48824965,10836033.736983182,10840877.985716715,10850566.48318378,10860254.980650846
2019-05-02,10803661.984758446,10803467.672888886,10803273.361019326,10803079.049149767,10802884.737280209,10802496.113541089,10802107.48980197
2019-05-03,10807237.356646443,10807357.940840136,10807478.525033828,10807599.10922752,10807719.693421213,10807960.861808596,10808202.030195981
2019-05-06,10790000.205932338,10785232.417694254,10780464.629456172,10775696.841218088,10770929.052980004,10761393.476503838,10751857.90002767
2019-05-07,10773327.2630744,10763812.016491259,10754296.769908119,10744781.52332498,10735266.27674184,10716235.78357556,10697205.290409282
2019-05-08,10773860.823448645,10763899.606418347,10753938.389388047,10743977.172357747,10734015.955327448,10714093.521266848,10694171.087206248
2019-05-09,10752304.85063541,10736375.141918093,10720445.433200777,10704515.72448346,10688586.015766144,10656726.598331511,10624867.18089688
2019-05-10,10744537.150331292,10726085.88007841,10707634.609825527,10689183.339572646,10670732.069319762,10633829.528813997,10596926.988308232
2019-05-13,10732703.14762077,10710857.442423519,10689017.757391473,10667184.092524638,10645356.447823003,10601719.218915354,10558106.070668526
2019-05-14,10643130.849940643,10598755.640674809,10554460.768774768,10510246.222611908,10466111.990557598,10378084.422260173,10290377.97085354
2019-05-15,10640752.649974182,10595446.07538057,10550214.052575096,10505056.568702225,10459973.610906404,10370031.222123764,10280386.78338283
2019-05-16,10687056.737540148,10652892.329057729,10618757.928869259,10584653.53667247,10550579.152165089,10482520.405009493,10414581.684984324
2019-05-17,10737905.493197594,10716049.51990182,10694191.056971202,10672330.103674917,10650466.659282133,10606732.2942838,10562987.956129614
2019-05-20,10886036.827877117,10900626.8214376,10915108.689211719,10929482.468188254,10943748.195355965,10971955.642220028,10999731.325714098
2019-05-21,10906096.777486075,10925311.098215189,10944364.55225006,10963257.293962006,10981989.477673797,11018972.788145347,11055315.717276122
2019-05-22,10909235.303112343,10929015.277604884,10948650.010888722,10968139.60921926,10987484.178822912,11025738.656610284,11063414.293482354
2019-05-23,10912604.609862836,10932902.255373077,10953028.341892164,10972983.079127213,10992766.676716119,11031821.291161101,11070193.860946136
2019-05-24,10977274.724236181,11013431.819482803,11049397.207508877,11085170.958787331,11120753.143797226,11191343.096958289,11261167.630947303
2019-05-27,10838710.328058193,10840246.355248645,10841702.116269099,10843077.702541424,10844373.205464518,10846724.32674382,10848756.210838936
2019-05-28,10800145.341773247,10791887.744329672,10783592.247396873,10775258.89574819,10766887.734153543,10750032.160188979,10733025.883594252
2019-05-29,10776890.026026458,10762599.040808422,10748285.799783498,10733950.363365123,10719592.791950684,10690811.485643055,10661942.363719076
2019-05-30,10802812.772368196,10794731.034747493,10786621.855170008,10778485.25854641,10770321.269791268,10753911.21556422,10737391.891883677
2019-05-31,10897819.939561129,10913091.66960757,10928280.059256762,10943385.106477287,10958406.80925819,10988200.17355978,11017660.136483572
2019-06-03,10983224.681274453,11019431.729968982,11055492.833036851,11091408.104198623,11127177.6571424,11198280.062966205,11268800.959364189
2019-06-04,10975352.579534065,11009333.608274233,11043168.869914427,11076858.399181617,11110402.230803754,11177052.940029714,11243121.275435962
2019-06-06,10956301.343843305,10985285.150394995,11014133.119290262,11042845.353022356,11071421.954049071,11128168.667640364,11184374.079017576
2019-06-07,10924971.544846367,10945994.704927148,10966934.05737849,10987789.567273878,11008561.199706012,11049852.692647679,11090808.257330151
2019-06-10,10999370.332675235,11038517.585605046,11077494.620942794,11116301.5153237,11154938.345360015,11231702.11873312,11307786.55350094
2019-06-11,11000523.482685192,11039687.311797315,11078675.935540877,11117489.46236297,11156128.000673505,11232880.545213755,11308934.435697567
2019-06-12,10958582.540930102,10987077.45817703,11015427.439282678,11043632.633675195,11071693.190721806,11127380.989941722,11182492.030662097
2019-06-13,11008314.684081137,11048960.23041947,11089451.305368919,11129787.930963058,11169970.129235389,11249871.331948362,11329155.08977466
2019-06-14,10952779.32849462,10979401.738020236,11005917.584163638,11032326.849006958,11058629.514644662,11110914.97674282,11162773.827460626
2019-06-17,10888039.022089804,10898219.554446008,10908295.015203178,10918265.626346746,10928131.60976236,10947550.580453575,10966553.700366784
2019-06-18,10846873.944920795,10846536.867327275,10846108.02014202,10845587.666199349,10844976.068215806,10843480.190403666,10841622.486083144
2019-06-19,10837915.1173379,10835098.74779539,10832198.585808076,10829214.909166932,10826147.995533347,10819765.567286609,10813053.519767538
2019-06-20,10933984.45347638,10954767.769549219,10975403.88147984,10995892.988018002,11016235.287832605,11056480.261562612,11096140.39040437
2019-06-21,10922894.572775442,10940786.042402172,10958585.910110753,10976294.13587605,10993910.679694029,11028868.561577525,11063459.236151291
2019-06-24,10891730.090671826,10901570.44697654,10911293.575226262,10920899.610601354,10930388.688438063,10949016.51362046,10967178.136578515
2019-06-25,10905355.094929324,10918153.65674861,10930734.457305588,10943097.954557242,10955244.606662003,10978889.20907109,11001671.933824133
2019-06-26,10922627.68799395,10939524.931079853,10956194.648004318,10972637.278506733,10988853.262489192,11020607.051315416,11051459.536948996
2019-06-27,10990136.82136743,11023745.261386124,11057137.318561768,11090313.182876065,11123273.044298546,11188545.518285308,11252956.260034341
2019-06-28,10964105.77042334,10990995.333435183,11017662.393572278,11044107.255967796,11070330.225743102,11122111.70785943,11173009.28065493
2019-07-01,10982271.727407554,11013599.967701718,11044742.304651432,11075698.848547181,11106469.709658584,11167454.824502556,11227698.530922981
2019-07-02,11067078.264401391,11119368.25115837,11171479.43071799,11223411.53801122,11275164.308055948,11378130.776906192,11480376.71915096
2019-07-03,11069712.560200086,11122368.349478036,11174832.164126823,11227103.796061082,11279183.037253758,11382763.515597982,11485571.93611048
2019-07-04,11055183.28467355,11104120.320659257,11152934.293316036,11201624.810855249,11250191.481353024,11346951.712853456,11443211.84972659
2019-07-05,11041522.345858794,11086914.696837753,11132235.785883838,11177485.0735606,11222662.020212665,11312796.730727721,11402635.595814366
2019-07-08,10954024.845765004,10977609.762693467,11001253.728151703,11024956.018881856,11048715.911274657,11096405.604855618,11144317.013001814
2019-07-09,10922289.151059799,10937584.617789732,10952901.306026164,10968238.72162473,10983596.37027003,11014370.388584994,11045219.403032918
2019-07-10,10919164.00621353,10933580.419349706,10948082.439966312,10962669.344782975,10977340.410215858,11006932.127079133,11036851.795825312
2019-07-11,10809388.629175877,10796035.754173426,10782716.46512922,10769430.06598537,10756175.863559226,10729761.290515909,10703467.258107228
2019-07-12,10894585.802091343,10902551.764263274,10910635.52597048,10918835.525462834,10927150.204986256,10944117.393106619,10961524.708323497
2019-07-15,10854941.59675075,10852711.777361084,10850564.80037213,10848499.495646361,10846514.696519263,10842781.965781737,10839357.344389636
2019-07-16,10960587.654584093,10984364.705447597,11008141.08903033,11031915.723699939,11055687.530587843,11103218.359374385,11150724.999788
2019-07-17,10938100.31865594,10956025.392818997,10973936.3556943,10991832.338028844,11009712.472990269,11045421.745577903,11081057.287276475
2019-07-18,10845577.385543616,10840196.82762245,10834810.991232242,10829419.300536912,10824021.182186587,10813203.381561946,10802353.052343266
2019-07-19,10682946.113593938,10636783.525874797,10590644.064678533,10544527.092054147,10498431.975514036,10406304.808071611,10314257.611834407
2019-07-22,10674305.024347346,10625682.268561715,10577040.799597953,10528379.91989376,10479698.938825663,10382273.944821244,10284760.431520596
2019-07-23,10716336.122874878,10678230.711200599,10640187.92729974,10602206.698237266,10564285.957361432,10488621.705001088,10413186.762809407
2019-07-24,10656292.725416971,10603108.010912158,10550036.08321833,10497075.50311894,10444224.83975646,10338847.581636053,10233893.029359393
2019-07-25,10612021.767301215,10547392.701641748,10482804.005083598,10418254.20709623,10353741.848171726,10224823.66462917,10096037.999075416
2019-07-26,10719852.374535315,10682049.464802291,10644313.277421474,10606642.651210295,10569036.431610519,10494012.627156816,10419232.7602258
2019-07-29,10666871.578943212,10615821.05756706,10564914.293804744,10514149.958935553,10463526.731074145,10362698.343034044,10262418.691460097
2019-07-30,10594562.49308237,10525151.466939747,10455849.92805565,10386656.882358875,10317571.342944508,10179718.871197976,10042284.76104908
2019-07-31,10566839.07617321,10490195.142869124,10413618.778392693,10337109.253461102,10260665.846047653,10107974.531971479,9955539.20521539
2019-08-01,10571248.289337466,10495607.567907324,10420072.593658604,10344642.34974106,10269315.827157106,10118969.949287644,9969027.04527916
2019-08-02,10535797.843018536,10450887.139205728,10366024.184005326,10281208.350886382,10196439.021070201,10027037.43501558,9857814.630802268
2019-08-05,10447973.590167558,10340629.812878765,10233247.910080148,10125827.626523046,10018368.716468513,9803334.081487017,9588142.229589485
2019-08-06,10607792.29078552,10540114.195490185,10472386.434704106,10404608.668369427,10336780.563499741,10200972.04158781,10064958.34663743
2019-08-07,10548533.786030373,10465615.397111667,10382582.223088218,10299434.376406237,10216171.97682225,10049304.034546291,9881979.500648035
2019-08-08,10569563.170500157,10491457.135433827,10413163.437178822,10334682.611657284,10256015.20099663,10098122.823809396,9939490.76683893
2019-08-09,10608921.898492403,10540307.695111066,10471471.489310842,10402414.068514416,10333136.224902278,10193922.46175114,10053836.632516298
2019-08-13,10295663.284173705,10148683.168804057,10001565.048050309,9854309.807751715,9706918.342537038,9411730.35984329,9116008.43292375
2019-08-14,10426090.517503045,10311462.186900847,10196697.775314882,10081797.961593824,9966763.43185921,9736293.005217426,9505292.129930824
2019-08-16,10502268.180144502,10406392.040738823,10310367.22812609,10214194.384491108,10117874.158278262,9924794.183209341,9731132.61576078
2019-08-19,10574907.28231239,10497088.923285639,10419184.422029223,10341193.889201649,10263117.441749975,10106707.30222197,9949955.06489767
2019-08-20,10556047.785307305,10473285.800314086,10390450.322766496,10307541.331366178,10224558.81189688,10058373.167315412,9891893.417051697
2019-08-21,10468960.70056344,10364038.36535037,10258992.384767955,10153823.157162331,10048531.08864849,9837580.092220578,9626142.799908934
2019-08-22,10461978.606839938,10355115.243737493,10248153.235779768,10141092.354220372,10033932.381026207,9819314.341197658,9604297.586484943
2019-08-23,10493289.228127845,10393839.43359799,10294230.529197058,10194462.623301845,10094535.833919693,9894206.124902438,9693242.53897789
2019-08-26,10623547.32890308,10556408.2367031,10489113.134241793,10421662.180767782,10354055.54216328,10218375.906276165,10082075.68641461
2019-08-27,10778001.74606129,10749397.887403622,10720709.857998427,10691937.138570778,10663079.215495171,10605105.732161187,10546785.412081879
2019-08-28,10617491.172739739,10548360.994491613,10479093.192474255,10409687.974105133,10340145.553082628,10200649.989292836,10060608.336419173
2019-08-29,10645058.318499101,10582566.17943891,10519939.091472393,10457177.054202696,10394280.074031867,10268081.344608748,10141343.090518933
2019-08-30,10707052.577274874,10659837.510740478,10612503.152852029,10565049.321305389,10517475.839986796,10421969.254547816,10325982.111541653
2019-09-03,10686586.631575061,10633935.488573596,10581141.636969188,10528204.786010258,10475124.652665917,10368533.445322782,10261365.905244984
2019-09-04,10668798.561072117,10611477.718525425,10554029.721911067,10496454.261429377,10438751.035152923,10322960.116889786,10206654.709289683
2019-09-05,10652404.698786108,10590807.589955533,10529117.055584183,10467332.863396961,10405454.788157996,10281416.122797307,10156999.398525251
2019-09-06,10653799.5749202,10592279.92374513,10530663.741098998,10468951.13316884,10407142.211487943,10283235.899753226,10158945.805180185
2019-09-09,10729434.355943892,10686493.444837732,10643428.921425005,10600240.969866734,10556929.778359717,10469938.448476471,10382456.518134434
2019-09-11,10838257.882273564,10822503.839584142,10806721.802175846,10790911.182724979,10775071.397893958,10743302.018685836,10711409.077662433
2019-09-12,10859082.248736298,10848304.142457096,10837510.233369436,10826699.667107824,10815871.594011959,10794159.552218754,10772367.404915655
2019-09-13,10828215.67204066,10809433.430984674,10790625.813044809,10771792.265820049,10752932.240843458,10715130.583450627,10677216.531895792
2019-09-16,10870918.125806056,10862565.561106304,10854193.686270978,10845801.749625793,10837389.00353598,10820498.11269505,10803515.113549544
2019-09-17,10778652.648678454,10747016.919115692,10715380.213512402,10683741.87536994,10652101.253225073,10588810.576269545,10525503.07175738
2019-09-18,10837031.589719418,10819859.594844833,10802738.592734577,10785667.664550345,10768645.895549748,10734746.19662439,10701032.260031754
2019-09-19,10789590.192028746,10760412.402821623,10731331.950150007,10702347.720093966,10673458.603831146,10615961.302902061,10558831.27885181
2019-09-20,11146646.115145681,11206275.254839893,11265924.451874083,11325592.880742015,11385279.714073073,11504705.275317788,11624194.479340335
2019-09-23,11348691.77720714,11458549.380774416,11568419.8580752,11678302.888039961,11788198.14121217,12008023.957395304,12227894.503089968
2019-09-24,11475573.449766072,11616971.142916331,11758387.931008345,11899823.162675759,12041276.178824058,12324232.889441643,12607252.634890558
2019-09-25,11401444.938888678,11524048.6623212,11646645.695491806,11769235.347118294,11891816.91906702,12136952.997119492,12382048.207425028
2019-09-26,11443064.478453826,11575809.502490913,11708522.493812617,11841203.277087554,11973851.6683645,12239050.495929398,12504117.33192491
2019-09-27,11484251.522231711,11627217.98007645,11770201.824970549,11913203.118432984,12056221.911946975,12342312.154690407,12628472.763126887
2019-09-30,11320798.779679434,11422310.678138325,11523683.578645082,11624918.081526825,11726014.778257722,11927797.074851446,12129035.022859853
2019-10-01,11308614.740157625,11406938.509622708,11505144.956211116,11603234.388535704,11701207.107382191,11896803.56862549,12091936.589541063
2019-10-03,11251900.632973498,11335570.793709513,11419012.031677729,11502224.310539657,11585207.587832278,11750486.937417813,11914849.619398905
2019-10-04,11130508.176224865,11183260.283888925,11235635.291010577,11287633.489726484,11339255.167954525,11441370.093822503,11541982.289468873
2019-10-07,11132100.968954332,11184910.329855515,11237285.773752727,11289227.790519089,11340736.865866678,11442458.114655914,11542453.324542996
2019-10-09,11188658.759669267,11254993.729786387,11320729.170669634,11385865.938070823,11450404.8818099,11577692.668351857,11702599.212939883
2019-10-10,11113481.158944545,11161043.409757487,11208094.119242813,11254634.200827386,11300664.5630486,11391199.73944082,11479706.821068492
2019-10-11,11141482.635898301,11195895.031104961,11249815.079786828,11303243.725309076,11356181.90554867,11460590.59455306,11563048.541992709
2019-10-14,11172140.848181048,11234036.103671456,11295444.452809012,11356366.280158157,11416801.966736143,11536216.424241452,11653690.804608047
2019-10-15,11164421.238699185,11224380.67994036,11283930.176824665,11343070.14644318,11401801.001986964,11518037.004371166,11632641.413131954
2019-10-16,11154664.38136594,11211852.69049375,11268578.3011812,11324841.993562419,11380644.541735465,11490869.271998199,11599258.56611861
2019-10-17,11245305.020469902,11324838.021187538,11403861.60717802,11482376.642180312,11560383.982328031,11714878.964908294,11867353.25403994
2019-10-18,11390962.380392093,11506639.14863634,11621776.724652994,11736375.538532719,11850436.01230387,12076943.587688006,12301302.668102404
2019-10-22,11426015.531914745,11550238.032218754,11673912.775553707,11797039.755929692,11919618.96109619,12163133.965875607,12404457.569083175
2019-10-23,11398637.365919607,11515579.61811434,11631879.148722688,11747535.934450405,11862549.946427459,12090649.506260458,12316177.488849679
2019-10-24,11451916.814620918,11582357.81016051,11712306.651354149,11841763.134629097,11970727.050363295,12227176.310802033,12481652.636781618
2019-10-25,11358524.223250285,11465204.062680878,11571306.0437423,11676830.018706737,11781775.835291449,11989932.361852042,12195774.31682558
2019-10-27,11363526.94250136,11471332.990826737,11578590.956988908,11685300.76948107,11791462.35208322,12002140.499555562,12210624.697815422
2019-10-29,11494740.769599717,11635085.613229366,11774856.004180942,11914051.900128968,12052673.25254335,12328192.101966484,12601412.042263303
2019-10-30,11477688.521127826,11613651.131353816,11749070.747036187,11883947.166040264,12018280.180930778,12285315.142450994,12550173.868154723
2019-10-31,11609375.826126002,11778454.566735726,11947146.964631326,12115452.54567263,12283370.82871197,12618043.54132073,12951161.114166195
2019-11-01,11623832.046580106,11796543.27479116,11968954.26571744,12141064.166707154,12312872.117483575,12655578.68934372,12997066.947718311
2019-11-04,11576736.622319,11737474.13130036,11897911.69446134,12058048.822877679,12217885.019121673,12536652.58303513,12854210.237791661
2019-11-05,11507255.324937534,11650434.76608933,11793319.581793573,11935909.725955216,12078205.141995098,12361911.511183223,12644438.028378056
2019-11-06,11467699.768699488,11600619.073394582,11733174.6012297,11865366.210215963,11997193.749255884,12259755.967855446,12520859.86792469
2019-11-07,11537608.416348632,11687966.244883342,11838023.923977764,11987781.070225919,12137237.290393382,12435245.330646213,12732044.70381197
2019-11-08,11423967.484706957,11545496.83597733,11666638.221882258,11787391.212637741,11907755.370775308,12147315.401270088,12385314.66227121
2019-11-11,11434004.82793582,11557586.151202545,11680675.67186656,11803272.714987328,11925376.598636689,12168102.125385584,12408846.660199039
2019-11-13,11302534.248594336,11393150.610181257,11483316.368860954,11573031.104001308,11662294.388562573,11839464.866255153,12014824.260664415
2019-11-14,11539444.310086714,11689137.444486694,11838398.585889125,11987226.944855759,12135621.723878244,12431107.312119506,12724848.811758082
2019-11-15,11546576.766843036,11697403.918883484,11847619.338607913,11997222.359055856,12146212.306209747,12442350.249816447,12736027.63954687
2019-11-18,11533240.606668154,11680441.101788046,11826992.036484914,11972892.516923357,12118141.643467039,12406682.207909716,12692606.420439092
2019-11-19,11500145.022775907,11638909.906402696,11777014.182186613,11914456.950080212,12051237.304740837,12322807.127142748,12591716.304714326
2019-11-20,11560055.999312712,11714360.346949432,11868280.301473577,12021813.888967019,12174959.12764448,12480076.59248614,12783616.686986357
2019-11-21,11453197.388038697,11580605.901815578,11707610.861127064,11834210.108719267,11960401.479716115,12211551.894820202,12461044.638235994
2019-11-22,11368520.148558017,11474322.188130219,11579600.996717783,11684355.169479493,11788583.29593644,11995455.740400199,12200206.937128361
2019-11-25,11418243.938308317,11536415.036068989,11654066.008474534,11771195.550455406,11887802.349702064,12119442.435110455,12348975.624949353
2019-11-26,11441171.535139645,11564977.925806563,11688253.269629953,11810996.293580936,11933205.719060244,12176018.632931286,12416681.674694855
2019-11-27,11495554.188081492,11633011.222338505,11769986.15325977,11906477.344401425,12042483.151201755,12313031.993434114,12581619.36422684
2019-11-28,11508014.213297218,11648639.330803901,11788830.3840102,11928585.303000985,12067902.00995594,12345212.437438965,12620744.888889574
2019-11-29,11469590.191043824,11600097.166884106,11729995.105833935,11859283.046647104,11987960.025372,12243477.227893481,12496538.95191821
2019-12-02,11444224.960839292,11568413.092768034,11692028.563853092,11815070.266903764,11937537.093907138,12180741.68421704,12421633.458081668
2019-12-03,11479279.375973035,11612038.605561085,11744176.339961447,11875691.709517641,12006583.844524544,12266494.932458159,12523902.649142992
2019-12-04,11549087.367860056,11699488.753656428,11849370.845494991,11998731.987219136,12147570.520145379,12443673.112811442,12737665.307132896
2019-12-05,11609436.82625017,11774601.409922682,11939144.986265406,12103066.022313997,12266362.983158363,12591078.530498825,12913279.314101964
2019-12-06,11532488.620460711,11678074.686648037,11822932.686180655,11967061.996225677,12110461.994499413,12395071.570029398,12676756.44981863
2019-12-09,11552845.154210458,11703942.581004763,11854506.695264235,12004535.942826005,12154028.768957824,12451398.935724575,12746604.749920258
2019-12-10,11540309.700959967,11687864.74824422,11834752.306638028,11980971.571709028,12126521.737914085,12415611.546631267,12702015.270223485
2019-12-11,11645926.261651194,11819657.025728956,11992657.553621802,12164927.48664292,12336466.466360707,12677350.13410325,13015305.698718123
2019-12-12,11663186.171286337,11841038.026649414,12018110.392089695,12194403.187977856,12369916.334746728,12718603.363642905,13064170.847744234
2019-12-13,11762760.349742347,11965607.924804369,12167742.997877486,12369164.67227095,12569872.050353492,12969140.32302744,13365540.620269999
2019-12-16,11700594.770053435,11887355.560884401,12073215.484361589,12258174.66787293,12442233.241596146,12807649.095144687,13169464.147319961
2019-12-17,11729457.70967985,11923506.204341356,12116711.072370032,12309072.785206908,12500591.81613155,12881103.735340256,13258250.65796033
2019-12-18,11723741.806934614,11916505.029659696,12108511.026970934,12299760.848959373,12490255.549223797,12868983.817207986,13244704.334240325
2019-12-19,11782418.280944366,11990001.60903269,12196914.721242018,12403158.085423946,12608732.17168053,13017874.40267987,13424345.22385846
2019-12-20,11771670.902935343,11976119.137755163,12179747.830379177,12382558.54633515,12584552.854488011,12986098.540205816,13384397.509452766
2019-12-23,11812050.224354474,12026546.574104708,12240232.14314618,12453108.324727815,12665176.514278475,13086894.51055793,13505397.343146374
2019-12-24,11839283.024110947,12060701.727409558,12281381.76638493,12501323.863977052,12720528.745077915,13156729.767750546,13589990.676465528
2019-12-26,11902993.803996146,12140587.813226374,12377569.081511624,12613937.86693155,12849694.427405875,13319371.904913643,13786603.577449929
2019-12-27,12013532.238251746,12278931.022915766,12543812.139940862,12808175.442694455,13072020.78209906,13598156.962788362,14122219.443398623
2019-12-30,12060486.65504294,12337410.025168363,12613758.423789637,12889531.950019049,13164730.701238824,13713404.25997136,14259779.847234834
2019-12-31,12011760.44101823,12276131.92591175,12539808.911943452,12802791.893589335,13065081.365537677,13587581.760729838,14107314.062885117
2020-01-01,12042056.781565113,12314356.832594343,12586130.86657087,12857378.806050926,13128100.572245162,13667965.263349732,14205724.285547266
2020-01-02,12065802.110074176,12344041.20170143,12621782.271209309,12899024.777665492,13175768.177645396,13727755.472454168,14277739.761150373
2020-01-03,12045044.126158418,12318008.29398097,12590467.812307369,12862421.993819427,13133870.150031952,13675245.627226502,14214588.715467513
2020-01-06,11903294.146294223,12140639.516138077,12377435.127430381,12613680.083337933,12849373.490622647,13319102.104855347,13786613.899333356
2020-01-07,11965266.468910398,12218536.972539486,12471456.348343728,12724022.672919631,12976234.024081513,13479584.123889476,13981491.297035653
2020-01-08,12029421.754755653,12298815.214642167,12567918.332430735,12836728.818368696,13105244.382926345,13641381.591250952,14176311.647861341
2020-01-09,12106780.411352918,12395811.416777683,12684697.894303845,12973436.945569739,13262025.669212148,13838740.513408227,14414819.157485448
2020-01-10,12125722.362012165,12419378.562413549,12712874.054726813,13006205.969735082,13299371.433992274,13885191.495546235,14470311.168645838
2020-01-13,12213700.893557373,12529577.572829157,12845410.454998467,13161196.01153815,13476930.70673545,14108233.334453125,14739289.909555523
2020-01-14,12298870.218240997,12636200.405214356,12973577.54364895,13310997.296495877,13648455.317386579,14323468.731286485,14998582.828388594
2020-01-15,12363792.147623979,12717765.256098507,13071975.669738378,13426417.788984329,13781086.002402823,14491078.206595913,15201907.153018499
2020-01-16,12494493.51230193,12881416.902606122,13268713.819856554,13656377.83133342,14044402.489265883,14821507.87793959,15599978.101314407
2020-01-17,12483643.413189935,12867886.482598584,13252543.231881618,13637606.907999322,14023070.741569908,14795171.721591834,15568791.688546345
2020-01-20,12375373.098673578,12732275.749775175,13089511.421740675,13447073.646127542,13804955.940017715,14521654.732057761,15239555.643754039
2020-01-21,12306026.397301557,12645318.355873728,12984861.668989208,13324649.880154263,13664676.51961616,14345419.13803799,15027037.500521936
2020-01-22,12275251.279582841,12606822.639060516,12938663.538858186,13270768.017016588,13603130.09913938,14268603.115413202,14935034.543184645
2020-01-23,12337240.900014391,12684527.376798425,13032196.99298467,13380243.073829643,13728658.93049624,14426573.145244407,15125885.843200754
2020-01-24,12414778.773754569,12782449.82878364,13150927.154748913,13520201.63751401,13890264.141436642,14632716.562106254,15378210.898056095
2020-01-27,12484356.014696326,12870817.447186396,13258664.53784515,13647884.668787422,14038465.194678377,14823656.711781278,15614137.37159984
2020-01-28,12470985.542493707,12853721.090888077,13237717.876084756,13622963.745743902,14009446.520127635,14786073.92627332,15567502.103304457
2020-01-29,12645826.751343923,13072791.150154598,13501251.671964793,13931195.906393073,14362611.40923917,15229806.273230633,16102736.027310211
2020-01-30,12662934.57824435,13094326.60196923,13527302.52631827,13961849.714995993,14397955.499348726,15274792.017521638,16157710.077203486
2020-01-31,12535008.928815449,12933985.197288098,13334401.898072835,13736247.546648877,14139510.628665484,14950242.885431502,15766505.950453822
2020-02-03,12506139.024341399,12898559.09875013,13292710.587709691,13688581.235141452,14086158.745923866,14886384.980373267,15693290.1400019
2020-02-04,12569280.025773887,12977152.439698223,13386652.72691904,13797769.446544522,14210491.117128922,15040703.181220885,15877196.247738808
2020-02-05,12632928.728106776,13057309.725353552,13483581.259182684,13911729.936518736,14341742.320689771,15207304.243350117,16080158.65232421
2020-02-06,12814054.932032688,13283723.826389149,13755313.491925169,14228810.37945161,14704200.893994369,15660608.193819255,16624425.706549793
2020-02-07,12878360.909411227,13364110.138664234,13851809.117689999,14341444.01469618,14833000.952030329,15821825.206244078,16818169.932299703
2020-02-10,12808505.904120924,13276667.483610831,13746759.280176375,14218768.466723792,14692682.169355236,15646171.39168257,16607123.009979587
2020-02-11,12823437.906166526,13295708.398218993,13770085.710359965,14246556.12029368,14725105.856628325,15688387.975754451,16659820.903998166
2020-02-12,13075007.448748367,13611073.702506429,14149630.378832662,14690660.855505522,15234148.454141853,16328428.021073233,17432334.51743537
2020-02-13,13179989.095862702,13742302.418750225,14307133.168838965,14874463.8760679,15444277.013267104,16591280.18148306,17748001.302196622
2020-02-14,13157569.411845334,13714152.962732445,14273232.719958477,14834791.556487393,15398812.290246114,16534170.444132963,17679168.61270619
2020-02-17,13325551.888385065,13923284.78865442,14523204.671342537,15125295.027546365,15729539.29323821,16944423.019531824,18167722.22406337
2020-02-18,13209498.792944444,13777783.16941034,14348110.67404315,14920465.896781623,15494833.374169713,16649542.970308412,17812114.675669074
2020-02-19,13418540.272061456,14039683.180443868,14663133.320786327,15288873.661312439,15916887.11062514,17179664.66995527,18451328.062837787
2020-02-20,13567489.85503618,14226306.6162606,14887628.66687007,15551436.676358659,16217711.253262322,17557582.236642875,18907085.25340636
2020-02-24,13428963.935906501,14051637.703839172,14676246.44561897,15302773.954434633,15931203.971657142,17193706.236067284,18463622.123086065
2020-02-25,13335958.971394729,13935023.357552594,14535909.777366588,15138603.1418241,15743088.31020058,16957373.235651243,18178642.383615717
2020-02-26,13167162.052925762,13723527.382678077,14281544.724414812,14841199.901658345,15402478.687247928,16529849.919907136,17663543.582020823
2020-02-27,13110489.220987039,13653115.559537355,14197591.970645554,14743903.413601162,15292034.794627436,16393696.728763662,17502455.95089294
2020-02-28,12833734.309947854,13307164.04830128,13782466.669543877,14259626.077393644,14738626.131236445,15702083.391269542,16672708.428578932
2020-03-02,12866412.96642654,13348469.650144514,13832607.938685624,14318810.590192907,14807060.320440307,15789631.666795764,16780182.84644874
2020-03-03,13084734.143617019,13622158.783606948,14162028.94448396,14704324.825174969,15249026.576135263,16345568.046499569,17451493.5783105
2020-03-04,12874754.676546285,13358344.659452971,13843906.448562626,14331424.377953881,14820882.741920542,15805557.750143776,16797805.02127446
2020-03-05,13042582.02175754,13568860.639404133,14097454.896087585,14628347.685250498,15161521.854604919,16234645.494049251,17316687.668704696
2020-03-06,12948036.270085935,13450540.3522708,13955360.199203532,14462479.400338972,14971881.503511403,15997468.39715219,17031988.417487357
2020-03-09,12683514.390443837,13118995.29842368,13556492.860851057,13995992.672864033,14437480.299469016,15326361.104094483,16223019.181263985
2020-03-11,12666838.15472291,13098843.704574294,13533196.719907306,13969882.447410049,14408886.09931696,15293787.85093898,16187782.970508568
2020-03-12,11836831.761058956,12058252.86316151,12280856.129636351,12504633.755002737,12729577.92325816,13182934.57084892,13640863.327847872
2020-03-13,11973629.237336295,12227387.845395697,12481643.203758666,12736390.157043634,12991623.541633394,13503528.90858095,14017317.827802556
2020-03-16,11354165.442806553,11450579.428607566,11546565.41615065,11642124.623418644,11737258.282453606,11926253.954615325,12113562.572198823
2020-03-17,11258089.140307834,11331860.219307655,11405804.04484983,11479919.939480482,11554207.238578036,11703293.455728805,11853057.63519499
2020-03-18,10688254.662784472,10617305.931628928,10545688.501370039,10473406.207087142,10400462.917335588,10252608.993650755,10102158.352175286
2020-03-19,10455306.136695761,10325591.154468363,10195048.64025026,10063681.808758218,9931493.918069508,9664668.209088048,9394598.450623808
2020-03-20,11158936.175963888,11208040.941232562,11257520.403105233,11307369.345094513,11357582.567215117,11459081.134280723,11561974.833583023
2020-03-23,10037202.529096043,9799902.903079778,9560664.292789795,9319491.860846747,9076390.833536359,8584424.21827556,8084807.543154543
2020-03-24,10297818.416429982,10127175.807545906,9955240.874275103,9782014.40371735,9607497.228173487,9254594.318833908,8896539.718133414
2020-03-25,10536028.499340018,10424680.744636733,10311990.177121924,10197956.78974757,10082580.61350293,9847800.209904583,9607649.983562501
2020-03-26,10757502.634879064,10703342.570143985,10648611.51794812,10593304.444210108,10537416.33487563,10423877.054182533,10307953.969347807
2020-03-27,10634126.222698942,10548795.25920794,10462818.285191294,10376191.043617433,10288909.304964196,10112365.556692276,9933153.759544032
2020-03-30,10552529.177090751,10445877.80592668,10338267.117849087,10229693.355605045,10120152.797412053,9898156.584419154,9672249.420458397
2020-03-31,10912658.424793713,10898131.719680127,10883526.50055965,10868833.822362762,10854044.762788875,10824141.924436279,10793747.064293198
2020-04-01,10745829.64958637,10688838.036406947,10631523.500888012,10573879.34982702,10515898.922119614,10398902.753387656,10280482.351299182
2020-04-03,10734163.344190003,10673564.273679618,10612550.76958084,10551116.75257275,10489256.177181724,10364231.339193111,10237428.572574416
2020-04-07,11171722.857061137,11221921.97828832,11272440.183083748,11323264.62263875,11374382.462531649,11477447.077601988,11581531.640842423
2020-04-08,11354465.169236578,11449998.66171343,11545892.34374142,11642132.306195209,11738704.653632753,11932790.99009915,12128040.463258142
2020-04-09,11384012.711581826,11485634.841362897,11587285.334915835,11688952.155137729,11790623.284701208,11993930.501590217,12197111.243574124
2020-04-13,11331263.826871712,11418919.799342172,11506478.261755299,11593928.132922769,11681258.35304501,11855515.70812058,12029162.277787525
2020-04-15,11406513.383984452,11513270.708453715,11620225.190880718,11727363.3553949,11834671.737682883,12049745.356054034,12265338.56230351
2020-04-16,11374205.815079166,11472090.57077058,11570040.12814181,11668042.033735808,11766083.84922594,11962237.532284863,12158401.973634178
2020-04-17,11285774.897837954,11360827.700735632,11435841.78923825,11510805.839753253,11585708.547307953,11735284.80689249,11884480.501571808
2020-04-20,11273921.182239523,11345230.369165476,11416374.505049082,11487343.156547155,11558125.912338264,11699092.201867457,11839190.525074694
2020-04-21,11418654.33029649,11525640.812501304,11632442.97564654,11739049.947100222,11845450.87798949,12057591.341662865,12268778.052685644
2020-04-22,11398555.94735404,11500460.250394154,11602339.299038526,11704181.23268228,11805974.209621899,12009366.021229468,12212420.379227921
2020-04-23,11350445.079664927,11439306.486621285,11527923.816170422,11616286.789655237,11704385.151979616,11879747.140853211,12053928.215072267
2020-04-24,11432852.803757098,11541777.171465382,11650425.938177152,11758788.789858289,11866855.43876734,12082059.10912167,12295955.1754269
2020-04-27,11519873.166925257,11650438.20562736,11780863.68469115,11911138.096392307,12041249.956979783,12300940.209957577,12559843.054887094
2020-04-28,11433328.572873201,11541653.392385697,11649782.8428857,11757706.213403985,11865412.818984227,12080133.12591314,12293858.80647174
2020-04-29,11344752.589153398,11429980.885446146,11514820.242203346,11599261.53715188,11683295.677872222,11850106.276678279,12015179.899260972
2020-04-30,11331690.087189307,11413065.93586053,11494003.380859625,11574493.776813762,11654528.510878593,11813196.70513955,11969939.714845605
2020-05-04,11235358.156151945,11291532.239602124,11347009.130516872,11401782.377024807,11455845.567551525,11561816.336607397,11664870.955824748
2020-05-05,11166375.845923016,11204504.515553411,11241802.729498785,11278265.172292154,11313886.571483776,11382585.365190674,11447857.796681695
2020-05-06,11123865.739254173,11150637.737223258,11176473.75102194,11201369.307618994,11225319.979090314,11270369.181399839,11311586.84241183
2020-05-07,11089972.878614582,11107739.66147457,11124542.899543218,11140378.493778506,11155242.391521774,11182039.119756408,11204901.596589211
2020-05-08,11178745.295725916,11218808.334006347,11258129.853320805,11296703.855877468,11334524.383606344,11407881.381659038,11478153.98209076
2020-05-11,11176873.070895651,11215697.763166105,11253658.978118634,11290751.50995016,11326970.195484022,11396765.588916741,11463004.710790027
2020-05-12,11171025.794083804,11207609.790369768,11243204.979097184,11277806.955248656,11311411.358946282,11375610.236071931,11435767.639959816
2020-05-13,11134834.722377958,11161824.079945154,11187791.348377965,11212732.52211686,11236643.641824769,11281360.113850055,11321910.020128384
2020-05-14,11229357.148709036,11279650.54546792,11328974.538472958,11377324.419800937,11424695.527314126,11516483.002191532,11604300.587512556
2020-05-15,11220784.935143234,11268685.689673007,11315701.017189397,11361825.733063573,11407054.696680142,11494805.025614053,11578911.764817206
2020-05-18,11210115.951430717,11254731.017953845,11298399.028292768,11341115.27320303,11382875.089363547,11463507.012690235,11540258.415993063
2020-05-19,11154874.681582771,11184980.099478036,11214045.234055245,11242066.20838902,11269039.193445507,11319826.120031357,11366376.345570719
2020-05-20,11235373.256630503,11285213.94534222,11334042.396783976,11381854.184328014,11428644.928345738,11519146.003236666,11605511.530424533
2020-05-21,11220810.707735825,11266452.338977836,11311043.988181323,11354581.575089088,11397061.067874115,11478829.886912521,11556319.165552335
2020-05-22,11194121.521068774,11232777.0318393,11270441.542816192,11307110.737783149,11342780.34777509,11411103.974190472,11475379.22142804
2020-05-26,11202640.903045911,11242985.531305324,11282347.847810615,11320723.515594922,11358108.245774204,11429887.979177427,11497653.704798311
2020-05-27,11127977.204636706,11149190.408944713,11169420.650495412,11188663.82998258,11206915.89453511,11240430.700469768,11269933.579979606
2020-05-28,11134716.83781726,11157239.120716333,11178812.742297348,11199433.362698838,11219096.687722128,11255534.504073061,11288092.756821368
2020-05-29,11165585.68873962,11195378.43915576,11224228.22847919,11252130.332087487,11279080.067564273,11330103.916314399,11377263.164739091
2020-06-01,11272279.00336678,11328288.186369516,11383355.77930588,11437476.52082595,11490645.190920644,11594105.644299338,11693696.211225409
2020-06-02,11261987.635434765,11315068.086945467,11367275.344785122,11418603.87797967,11469048.197019422,11567262.442715423,11661875.00012356
2020-06-03,11213426.449287541,11253834.355416019,11293367.959253099,11332021.954020672,11369791.074308215,11442653.837437037,11511914.95774885
2020-06-04,11225124.585122408,11267836.877732974,11309638.456505967,11350524.142055145,11390488.796317844,11467634.666149259,11541035.793013513
2020-06-05,11234378.294528935,11278779.783994485,11322232.601107469,11364731.711812995,11406272.123327555,11486457.08480504,11562748.373743702
2020-06-08,11219698.472559076,11260004.837572433,11299403.710673945,11337889.935333645,11375458.39635213,11447821.774119113,11516453.754035957
2020-06-09,11261887.204279207,11312255.431637263,11361733.06926136,11410314.704281738,11457994.965286525,11550630.08769004,11639596.299381314
2020-06-10,11308443.416619884,11370072.57032127,11430870.526269356,11490831.396370402,11549949.334211268,11665633.236661838,11777876.300975706
2020-06-11,11241164.712732187,11285436.42501673,11328874.106062721,11371472.181737423,11413225.119449753,11494173.65913026,11571676.30025731
2020-06-12,11291659.567970663,11347999.501668597,11403494.577235373,11458139.05838757,11511927.250471566,11616912.19776881,11718404.699544376
2020-06-15,11276603.51585195,11328789.357421217,11380185.679170016,11430786.557402931,11480586.110141518,11577757.92060627,11671654.894127429
2020-06-16,11262714.349338269,11310913.318095429,11358328.80878819,11404954.937069949,11450785.860300476,11540038.930378461,11626042.117080275
2020-06-17,11213975.70417882,11249432.382163018,11284094.916489676,11317957.692747094,11351015.138113393,11414691.953634053,11475081.617326632
2020-06-18,11264519.528122399,11312135.495017935,11358977.926849235,11405040.899001515,11450318.528601946,11538494.438165834,11623459.432452474
2020-06-19,11281343.661415659,11332677.085706986,11383253.206050675,11433065.955297826,11482109.30811508,11577863.93300441,11670469.719418705
2020-06-22,11339134.467445245,11404355.684185179,11468807.256588448,11532482.930660263,11595376.494321542,11718792.65247516,11839006.877788194
2020-06-23,11400531.837487541,11480586.56554242,11559876.794408957,11638395.985279968,11716137.641407132,11869262.573531607,12019200.463031689
2020-06-24,11352206.983409066,11419674.321283827,11486387.12997692,11552339.041767525,11617523.730919918,11745566.349093527,11870465.223373791
2020-06-25,11364540.858275183,11434609.544484401,11503942.729660928,11572533.909987554,11640376.62370215,11773791.015323205,11904135.056589847
2020-06-26,11418772.474693976,11501900.09626023,11584304.25609621,11665978.164408997,11746915.073603114,11906551.11604194,12063159.251660153
2020-06-29,11376335.191557992,11448344.125229985,11519638.40210715,11590211.38328702,11660056.472000612,11797536.796421897,11932027.448952384
2020-06-30,11343735.431865886,11407111.299032787,11469791.677646464,11531769.988046931,11593039.69268512,11713427.345834572,11830903.18398526
2020-07-01,11290515.900068156,11340068.948129006,11388932.110326294,11437099.019984808,11484563.352447513,11577359.198050018,11667269.895306803
2020-07-02,11272601.979704177,11317236.991667056,11361218.52485576,11404540.126707146,11447195.386719044,11530481.45032261,11611026.277935777
2020-07-03,11275978.60952422,11320946.79675597,11365269.474220311,11408940.14435067,11451952.351670459,11535975.767224126,11617288.92393677
2020-07-06,11276253.05163918,11320838.029407118,11364808.987550005,11408159.286407433,11450882.328479387,11534420.463871166,11615371.462002601
2020-07-07,11252687.444950908,11290742.19447938,11328140.5658068,11364876.22848798,11400942.894109186,11471044.291476704,11538395.296299653
2020-07-08,11231467.342887169,11263705.723021794,11295295.913765298,11326231.645927057,11356506.692326548,11415050.029969972,11470876.954525512
2020-07-09,11254070.715509444,11291427.591980552,11328135.816142038,11364189.02959961,11399580.916020676,11468355.653534576,11534410.344330698
2020-07-10,11291579.213128828,11337829.159226436,11383422.978424484,11428354.247604437,11472616.586773485,11559109.171489606,11642850.559902692
2020-07-13,11294190.421163311,11340553.310989734,11386230.390117321,11431215.197344605,11475501.311553951,11561951.977770958,11645531.827214502
2020-07-14,11325172.366435146,11378971.15196536,11432144.32533391,11484684.234490082,11536583.254153397,11638428.259311281,11737618.88397517
2020-07-15,11336021.122338794,11392099.681099117,11447564.919414105,11502408.59232707,11556622.473137585,11663128.044941086,11767016.199079119
2020-07-16,11509536.188003367,11608956.068889676,11707928.946885286,11806443.96366469,11904490.261123348,12099133.269714523,12291771.130934458
2020-07-17,11573155.697116591,11687929.949690962,11802223.892251713,11916026.87281414,12029328.245248258,12254383.613156017,12477304.960953714
2020-07-20,11569463.638729773,11682721.925886955,11795450.280509837,11907638.56384682,12019276.647362443,12240861.754315546,12460124.792913396
2020-07-21,11507181.79840357,11604299.98532975,11700848.981122285,11796819.666925795,11892202.943561735,12081170.972963814,12267680.681869667
2020-07-22,11487522.590541458,11579300.8209284,11670525.968954945,11761188.675341895,11851279.596033374,12029708.782409208,12205739.093951412
2020-07-23,11647331.584685232,11778531.26215137,11909149.864709238,12039176.837983456,12168601.632073004,12425602.50820508,12680068.200742839
2020-07-24,11590910.014502443,11707528.922956586,11823565.032436665,11939008.65808262,12053850.129954413,12281688.009425592,12507001.623731174
2020-07-27,11533429.39602947,11635040.434839765,11736002.42485078,11836306.729099099,11935944.73360448,12133187.504174989,12327662.295742283
2020-07-28,11525309.371589417,11624489.16324971,11723045.430259254,11820969.129184466,11918251.233925693,12110854.645206075,12300783.815150399
2020-07-29,11704046.651055874,11847691.258273773,11990804.424946686,12133373.550278906,12275386.010605417,12557690.33135728,12837615.966631461
2020-07-30,11822333.458878178,11995045.095846288,12167205.597877719,12338799.938818835,12509813.035032377,12850034.877177866,13187749.34275585
2020-07-31,12012319.203814736,12232227.56624771,12451649.533206213,12670568.916807555,12888969.471610539,13324148.831162933,13757056.53456939
2020-08-03,12047981.50195332,12276329.255851392,12504186.766835216,12731537.662681296,12958365.512756836,13410386.066963876,13860115.853908192
2020-08-04,12227385.69173354,12500355.636581931,12772926.476727666,13045079.632522568,13316796.449086338,13858846.07565552,14398924.655980714
2020-08-05,12173499.750630429,12432476.617308034,12691034.127548112,12949154.363917504,13206819.339250242,13720711.216011804,14232564.507284429
2020-08-06,12227073.582071893,12498854.352187624,12770167.408875545,13040995.009988133,13311319.346701512,13850386.664635183,14387225.599028647
2020-08-07,12240191.404419642,12514665.633047324,12788625.444259798,13062053.361396644,13334931.842736335,13878970.012130547,14420598.35738584
2020-08-10,12663032.68602512,13042611.398102712,13421615.335474461,13800024.370750636,14177818.293223055,14931479.547582857,15682435.79250558
2020-08-11,12535434.227250427,12882322.476303162,13228510.918240802,13573981.476541031,13918716.006455919,14605904.067478951,15289928.619838044
2020-08-12,12504370.970705492,12842954.808277123,13180812.66356206,13517927.462749192,13854282.07648335,14524641.958279787,15191754.200185003
2020-08-13,12486306.854002794,12819838.116495373,13152616.84973797,13484626.34631859,13815849.845908102,14475871.553903809,15132546.86884381
2020-08-14,12497296.300551787,12833233.744609961,13168468.726315051,13502984.10693989,13836762.692295961,14502040.428967448,15164163.310540494
2020-08-17,12510868.074450992,12849638.852809384,13187671.014826609,13524947.548261441,13861451.385533245,14532072.430386543,15199396.538848482
2020-08-18,12529346.116833966,12872237.373690553,13214377.839790957,13555750.481106719,13896338.208206339,14575090.29083874,15250496.301098304
2020-08-19,12516975.027425176,12856234.431883117,13194715.897304326,13532402.877410393,13869278.775642993,14540530.694417287,15208337.91083291
2020-08-20,12574927.675916184,12928208.32973051,13280711.606795507,13632420.843265656,13983319.327422816,14682616.958010599,15378469.881907176
2020-08-21,12627524.32717703,12994829.595258195,13361865.164151829,13728612.492547639,14095052.935499635,14826938.071560163,15557369.36836147
2020-08-24,12624796.608689433,12990979.928184154,13356879.081090448,13722475.755993789,14087751.542289797,14817266.31502828,15545274.158249611
2020-08-25,12669389.136533767,13046884.915452985,13424322.487198694,13801683.0630159,14178947.74082474,14933113.230990285,15686665.49698043
2020-08-26,12601073.89596521,12961072.265944377,13321006.651239533,13680858.508521808,14040609.181624573,14759731.790038222,15478222.993350754
2020-08-27,12650085.926503152,13021647.21712353,13393030.093040092,13764216.219063018,14135187.153679658,14876409.154782332,15616546.461695334
2020-08-28,12634925.975356884,13002765.668426443,13370615.8614391,13738458.353209447,14106274.824249625,14841755.837453403,15576909.996854113
2020-08-31,12286580.765198732,12563827.130391918,12839855.058346566,13114652.869353974,13388208.896652458,13931549.00203422,14469782.32606545
2020-09-01,12501240.975711675,12830776.724328542,13158703.784216141,13485009.872350175,13809682.74866367,14454080.12617341,15091798.89217379
2020-09-02,12643928.4270643,13009630.624267697,13374080.073898852,13737262.799220756,14099164.829229334,14819070.953010501,15533686.823866077
2020-09-03,12625815.024101129,12988238.158228574,13350036.410203855,13711192.363703143,14071688.54567719,14790631.424660783,15506724.162742719
2020-09-04,12525369.414907876,12860826.856963329,13195059.38870429,13528053.145078836,13859794.277917951,14519463.370242782,15173956.25287945
2020-09-07,12529756.20120038,12864973.92236492,13198568.471566776,13530526.741484975,13860835.66624285,14516453.430574503,15165318.108035631
2020-09-08,12343296.478955872,12630614.588056106,12915936.562871568,13199252.368891781,13480552.053615784,14037063.665458418,14585393.457960121
2020-09-09,12422994.20488734,12728037.330040373,13030342.539139997,13329901.423752472,13626705.71699948,14212018.17756975,14786216.666777628
2020-09-10,12471372.341358408,12790093.46442753,13106840.096729811,13421601.256074347,13734366.039692448,14353863.27229043,14965246.201876357
2020-09-11,12488753.818490919,12813564.224329904,13137225.738518843,13459723.761354841,13781043.696554057,14420090.94194914,15054250.810457714
2020-09-14,12781358.86676113,13183970.882246954,13587411.622206578,13991657.432499822,14396684.50457247,15208986.43181119,16024123.873046756
2020-09-15,12850416.000873268,13270708.574680625,13692127.994291393,14114648.80718267,14538245.366204206,15388562.16477754,16242869.345103603
2020-09-16,13051702.658179628,13524029.66948426,13998292.079828478,14474458.4469085,14952497.041519847,15914062.566817548,16882729.114890702
2020-09-17,13025374.203178152,13491027.028710134,13958708.805541996,14428385.659621187,14900023.398323528,15849043.1729672,16805488.260058228
2020-09-18,13273157.806943998,13800632.365180423,14330208.682444058,14861846.411942074,15395504.816252336,16468718.757709505,17549516.866464876
2020-09-21,12908139.400890877,13340788.28775938,13774263.973750975,14208535.478076529,14643571.56046781,15515811.210791912,16390727.87541744
2020-09-22,12949010.29698466,13389486.05939193,13829974.6867548,14270448.887188952,14710881.16677621,15591508.98732064,16471634.218304995
2020-09-23,12883702.383472221,13307107.131874518,13730364.537743112,14153448.437417585,14576332.496773958,15421394.915592548,16265337.774605567
2020-09-24,12693396.683676524,13068627.468298594,13443611.956329698,13818326.398858838,14192746.893625513,14940609.672867114,15687006.064737432
2020-09-25,12760667.085582044,13153107.83436599,13545589.14341123,13938084.499472193,14330567.203391675,15115386.93848202,15899831.099815667
2020-09-28,12872224.879214209,13294674.354877422,13718137.696530372,14142583.363545436,14567979.54594769,15421494.879958449,16278423.893422652
2020-09-29,12851591.299625391,13268054.130168488,13690623.600090744,14109573.365423415,14529259.039805759,15260281.01020099,16074796.719404712
2020-09-30,12891737.839655835,13316693.387247236,13750567.189147735,14177510.380689373,14604656.665216673,15348462.071949694,16173943.098344855
2020-10-01,13006129.468096651,13460406.81040394,13932931.470715001,14391650.903572582,14851007.548674844,15704021.309023023,16608479.779235646
2020-10-05,12953784.818079052,13395230.889178738,13848875.158650886,14293762.866881747,14739376.55698631,15493915.359048523,16352422.015227318
2020-10-06,12980716.86916675,13429575.413282264,13892593.948399547,14345816.019448094,14800098.063511655,15575943.881663471,16454812.662755795
2020-10-07,13073797.775591988,13549609.134985154,14026542.569269763,14506720.848371541,14989294.335094664,15864958.272042932,16819985.17813005
2020-10-08,13143464.020104842,13636792.420254588,14079095.882956289,14566355.337067142,15055577.40000398,15793555.579452448,16718898.54070923
2020-10-09,12925597.812145222,13358686.055408115,13737357.497801814,14159591.483021144,14581527.929227483,15260055.210059151,16056816.85205875
2020-10-12,13085966.84969826,13563539.529531486,13936496.438600732,14396220.476395447,14856899.49924086,15594566.644665211,16471517.777326867
2020-10-13,12991293.827044513,13443496.663848437,13785572.137287624,14217637.496793032,14649986.008343065,15345074.201143388,16164906.484389514
2020-10-14,12947264.156485572,13388270.319837691,13726068.986612447,14148280.315660391,14570851.057037253,15258984.021538008,16063119.917240724
2020-10-15,12798114.758971907,13198200.047548395,13504345.773946166,13884928.484036814,14264565.04850931,14972421.674340688,15710635.142727388
2020-10-16,12997155.256604243,13450213.108803984,13762131.916864298,14188498.428886004,14614774.927573692,15235783.454615057,16024526.815932326
2020-10-19,12979089.124967031,13431334.143486539,13744849.934731375,14173606.191422515,14603821.37130681,15033572.47833709,15786626.864932649
2020-10-20,13028184.758319123,13495669.295617897,13809144.940203208,14252239.897182737,14697878.580622219,14972711.089067481,15713771.050192438
2020-10-21,12990349.337872578,13446714.596232893,13772372.153372295,14207875.720842762,14645519.894785153,15065092.14948003,15830318.42783108
2020-10-22,13102412.193362733,13587233.230624294,13973568.700543148,14444403.999941926,14917925.893053953,15415732.265533024,16257706.612112168
2020-10-23,13207436.816779671,13722126.814754918,14117261.298610821,14616315.99788035,15119303.578824157,15708261.755343273,16625330.36786022
2020-10-26,13139166.799387384,13637635.372901706,14059329.638640279,14551518.207511555,15048496.181740442,15413945.516707774,16267933.815678425
2020-10-27,13498049.365378862,14085399.751094239,14575288.533099294,15151595.073505212,15732186.939300278,16465356.715970848,17536797.43052665
2020-10-28,13391146.528222527,13950606.34888896,14417258.719563931,14965822.077277113,15518307.811358359,16247265.719954778,17274032.635993257
2020-10-29,13388653.164017117,13947447.512744423,14381448.40137716,14922862.316727147,15467890.672132943,16275766.315492783,17310603.421343744
2020-10-30,13424099.903840251,13994271.32827015,14452165.558152098,15009366.7271294,15571377.120623957,16219590.754346348,17244145.894653402
2020-11-02,13346488.979048355,13897617.203952953,14344423.512895238,14884515.964812249,15429711.018769862,15933900.911701832,16897189.44773097
2020-11-03,13437053.425294034,14012188.621444285,14488714.38124727,15054986.106941102,15627002.048598684,16139852.225750089,17148647.33587301
2020-11-04,13600809.56267685,14217448.564328123,14711980.630820505,15315437.122176081,15924664.737458196,16556203.939354353,17651288.17121537
2020-11-05,13823178.189676424,14503544.007215641,14855428.796959609,15486698.041758798,16124895.423755141,16769781.221020317,17918012.493530765
2020-11-06,13876680.173248367,14573587.72232826,14894470.885410853,15534979.189501448,16183240.573786547,16730313.44684946,17872279.69192475
2020-11-09,13946172.584605746,14661649.49341511,14958512.242417749,15609891.577177314,16269134.809183953,16752525.868777838,17894305.659354568
2020-11-10,13392415.880827574,13963395.244140899,14149196.924151603,14658619.348633137,15173970.651026076,15168022.708062004,15956456.603474148
2020-11-11,13438747.0143505,14019411.411466518,14204826.456133207,14720540.507008273,15241352.909427656,15471583.884751834,16325686.167320106
2020-11-12,13521002.804507017,14123214.555926176,14291781.348899754,14822007.46632315,15357372.675037313,15699188.04925191,16604543.155671455
2020-11-13,13673755.13870433,14318023.64266824,14504961.582338896,15075271.017934736,15652059.268308662,15979284.029497996,16949717.16428134
2020-11-14,13731936.454620162,14391749.806532672,14596256.468165644,15183283.578383166,15777257.973109283,16102966.310925942,17101024.209634297
2020-11-17,13687118.161861487,14334646.779633703,14563626.051415704,15145077.27318217,15733472.845190242,16143721.025130507,17156029.80013819
2020-11-18,13606496.630777836,14231844.856308438,14455494.015864639,15016771.658558048,15584421.437247453,15982782.380028948,16957889.613502525
2020-11-19,13574844.7441155,14192356.12517963,14396180.123403378,14947311.841670625,15504792.862243757,15771947.105054643,16696996.575849447
2020-11-20,13798626.910117438,14476522.020214621,14726723.426232684,15338622.314694537,15958523.335267045,16274147.132951489,17313783.71830022
2020-11-23,14035139.091420654,14774659.524120029,15052551.810734574,15720992.24145519,16398085.269246118,16960837.07813262,18154053.91224469
2020-11-24,14245409.261695625,15044497.852669489,15299390.06604775,16015757.795436174,16742761.89246127,17200721.109069012,18451429.16839397
2020-11-25,13863290.777579948,14558518.943963576,14819614.97802773,15448482.601754364,16085877.432140995,16479301.071577592,17568260.085226834
2020-11-26,14027881.837792395,14767118.541015327,15088874.610108912,15767241.14581862,16455503.679460727,16750999.951389745,17896894.342194702
2020-11-27,14217199.765036292,15008574.974710219,15356599.153915433,16085351.812434651,16825679.35196948,17272418.274705224,18545285.338984173
2020-12-01,14267532.320636164,15068088.297338706,15442404.4527462,16181387.549575169,16930813.898581527,17499298.04097853,18810844.799742714
2020-12-02,14304054.797639221,15115014.976439092,15444072.24166783,16183166.629751675,16932710.25777181,17445911.6909976,18742923.062220484
2020-12-03,14315778.673530316,15128879.58121666,15433784.497503417,16169165.630396316,16914462.891141724,17542786.977633364,18860881.365711942
2020-12-04,14357820.10291292,15182335.749325745,15466914.5483485,16207982.779368762,16959058.886464495,17648806.464861736,18992273.872700687
2020-12-07,14410879.386883343,15250781.219706828,15535305.319137987,16290210.896856382,17055866.2168075,17656588.05298303,19002242.082040347
2020-12-08,14399060.826431328,15234712.013154097,15525969.411617018,16277956.709752835,17040341.18804928,17655881.281626437,18998412.319744214
2020-12-09,14423630.40782997,15264997.022943337,15523539.914594345,16273201.055247879,17032754.214036312,17678062.3084186,19021194.31897357
2020-12-10,14405485.21287931,15242757.155259416,15552775.920916673,16309973.606967494,17077870.12053001,17725141.69479447,19085986.503869317
2020-12-11,14299301.883593375,15109081.474000338,15415046.781999877,16148866.617258249,16893305.362204842,17472994.36127496,18780846.85104446
2020-12-14,14280211.886232955,15084755.668063777,15364316.16602679,16088327.295182081,16822613.087040715,17408775.66369099,18701269.042264573
2020-12-15,14288032.983417561,15093163.881464353,15420977.87338663,16154288.810948227,16897870.11626862,17464381.056273002,18765146.42841635
2020-12-16,14461949.350653,15314446.983431183,15629022.710179288,16400268.619187262,17182760.039840225,17785708.45044809,19159240.455824405
2020-12-17,14459438.962680448,15311776.99153189,15534556.006883346,16287455.529008664,17050895.792389963,17649161.87475325,18989053.93778842
2020-12-18,14511641.412450716,15373913.937755123,15591406.373771884,16348929.444495078,17115629.28873004,17915512.846912287,19305329.340422586
2020-12-21,14126731.005914696,14885071.19027018,15135497.670691565,15811306.937447898,16494687.883268613,17319982.0557789,18584315.18247764
2020-12-22,14315169.39336859,15125508.19908474,15375806.331598205,16096642.730269954,16826528.746336155,17529122.177528225,18838105.133872334
2020-12-23,14509250.127292402,15378023.89609249,15620675.791184187,16393747.597336294,17179180.442970783,17806058.202915862,19196791.233631235
2020-12-24,14610878.575058952,15507006.110898413,15803118.876987284,16610270.87697487,17430868.83391843,18020043.04505434,19458914.54913558
2020-12-28,14718619.494201075,15644907.300951973,15962024.690867953,16799820.518537097,17652275.89784286,18337762.82034055,19856401.665124573
2020-12-29,14726726.347041357,15654903.528352883,15984343.846249137,16826086.05879233,17682590.885095924,18354417.804836705,19875905.63280261
2020-12-30,14679354.790545583,15593250.90471673,15892761.937781872,16715358.45082895,17551656.74541697,18152919.44151754,19619351.01213065
2020-12-31,14785499.030447446,15727907.591919508,16029237.294979457,16876407.61515973,17737843.870507535,18276050.443320647,19765961.70439229
2021-01-01,14911140.67035975,15889472.10749716,16176039.82952112,17052132.379109308,17943791.116909273,18576007.021397088,20143221.75615925
2021-01-04,14941941.337336043,15929175.42033808,16222984.736403633,17108557.023705587,18010210.788648345,18606776.07640071,20182269.140666846
2021-01-05,14960221.129576162,15952593.322743349,16248511.379110914,17139069.056218673,18045961.424189936,18627489.97620039,20208171.158777982
2021-01-06,14848932.859827146,15809098.341467086,16068759.522363422,16923173.8685577,17792191.605174936,18475832.954431243,20017372.719627097
2021-01-07,14779391.616464356,15722998.275508977,15963167.124803398,16801059.342609674,17653897.87871647,18281094.451326415,19785874.196055118
2021-01-08,14939970.792694598,15926475.14972084,16108491.720803509,16970821.690792322,17848193.25409885,18612020.418728396,20189693.18487916
2021-01-11,14922016.802307982,15905064.826462027,16082796.231203696,16942306.961741094,17817327.6283568,18575946.30004453,20151660.786336944
2021-01-12,14951146.467480391,15944479.443133418,16130345.9731576,17001926.99519835,17890251.976084083,18446386.020460032,19995233.95412606
2021-01-13,14844981.151700865,15810244.611720314,15928719.418738086,16763196.455813548,17613449.953869253,18245491.27601248,19752633.893663526
2021-01-14,14872067.43720423,15842438.983317668,15980741.371346038,16822166.22583004,17678920.6425025,18279025.602117572,19784368.468727857
2021-01-15,14667489.765172496,15583452.70030663,15741492.76855567,16541236.404745294,17355838.145969786,17835991.780527927,19244551.829569627
2021-01-18,14503679.40256483,15375017.6347402,15533853.866644839,16295602.732025653,17071295.415867306,17362441.56633359,18657867.567733623
2021-01-19,14614433.619243171,15516449.173607804,15662243.839912131,16447993.632356267,17248463.277747303,17547874.2081955,18886530.280517235
2021-01-20,14542844.016845103,15424848.681482762,15531895.337788546,16292331.889997162,17066485.2775129,17675234.402873017,19051401.03942065
2021-01-21,14432746.057093356,15285207.032055676,15409028.396842048,16147893.871232353,16900201.45009655,17517535.464597285,18862159.12128146
2021-01-22,14196144.717131987,14982035.771083888,15219440.885447767,15922942.168423804,16638848.081193164,17217680.846846413,18492137.29549475
2021-01-25,14112821.264145728,14876081.204097401,15099830.955823343,15781263.013253313,16474526.088003322,17015428.955244757,18242908.610249937
2021-01-27,13894172.18498639,14599729.132922731,14778071.490169672,15402129.942985177,16036977.729227792,16684761.890454724,17848481.538069382
2021-01-28,13692275.497740466,14343329.62896246,14461959.930463508,15027626.501266312,15602502.936182842,16173576.89581944,17219081.769357372
2021-01-29,13594618.902037233,14223659.67888749,14312867.33577247,14856811.733196456,15410911.52922776,15787987.98985602,16757133.510178357
2021-02-01,13691589.2545979,14347382.295000628,14404858.799433952,14965565.343793841,15536881.267262183,16057657.93924061,17093139.479007043
2021-02-02,13897748.146700203,14613010.079282485,14805539.490274083,15445970.2248637,16101000.735581743,16788278.62410538,18011309.48505183
2021-02-03,14081204.68129586,14844673.53818094,15051808.124350263,15735787.3247828,16435188.938442,17139010.104833126,18435546.047259755
2021-02-04,14268773.343010116,15086417.867873726,15366567.768474707,16114422.622665048,16881057.850954436,17465916.006976582,18849098.448499672
2021-02-05,14283408.503864184,15100363.444257379,15432073.764991878,16186481.36499312,16958468.03420911,17622396.699736975,19026869.340530127
2021-02-08,14329447.62335021,15160132.166654486,15487862.510476613,16254162.416884568,17038826.167537525,17788440.055045284,19238709.774698056
2021-02-09,14298388.813859103,15121886.23801018,15465369.024285141,16229300.174871396,17012001.484896164,17650666.901387196,19071255.079818718
2021-02-10,14252093.02845415,15060867.942710105,15480198.945634333,16246763.86339499,17032216.625138443,17765261.933219265,19215013.126402233
2021-02-11,14329758.547769839,15160647.764348889,15465806.658355149,16228361.0359554,17009287.456276625,17736671.625612106,19176199.96417836
2021-02-12,14243576.614987258,15050832.213231394,15317238.887231369,16051181.447423998,16802391.691198617,17539502.079080015,18931555.692357734
2021-02-15,14278805.958900355,15097786.665275397,15481494.280137822,16251460.700456794,17041352.894840427,17945681.1703182,19453098.644249782
2021-02-16,14414901.376542566,15274395.199952746,15569706.742272519,16358309.168740056,17167972.43306327,17852239.275468238,19337511.60672582
2021-02-17,14425574.177634377,15289709.008033298,15618404.818000428,16419092.5991881,17241893.614918713,17934395.26193808,19448724.04039919
2021-02-18,14282057.190541008,15104673.780964525,15395088.780179994,16151285.924852666,16927506.84474894,17535723.67368767,18947012.461468827
2021-02-19,14029483.265655573,14779656.002671592,15070651.603245642,15762692.574692052,16471868.872808114,17186542.294319626,18510322.20140226
2021-02-22,13890101.03276105,14602999.885285208,14918522.002928713,15583941.682298725,16266175.474280303,16856127.56391223,18105238.27773197
2021-02-23,13858966.652170902,14563782.682022482,14824601.378012216,15472406.17702768,16136466.580782546,16559103.980311034,17734258.693684556
2021-02-24,13965387.531707702,14702134.783380719,14958029.801112747,15633500.33949801,16326921.3465745,16789846.03271211,18027514.28626526
2021-02-25,14087945.231582692,14860668.518528368,15093219.552663654,15796290.896865979,16518759.662616739,16831801.700956717,18081480.661009695
2021-02-26,13831059.348601567,14530445.460173652,14710584.812024986,15338479.681463521,15982394.492037347,16208489.037493413,17300805.503959015
2021-03-01,14052809.003389942,14813828.476982737,15100614.153920585,15803933.298568718,16526352.696347386,16759459.6946804,17986755.688087113
2021-03-02,14276448.445407592,15100924.137321753,15449775.772110036,16222135.877007132,17016806.94830431,16988754.24896001,18271589.526661128
2021-03-03,14469999.355644057,15351299.02666545,15638563.298749493,16449299.233238736,17162741.659957655,17209328.478945825,18549395.963269025
2021-03-04,14479680.402581353,15363543.94957934,15612110.078347519,16417231.117985774,17099020.893887985,17099065.089031853,18409286.749696612
2021-03-05,14294457.745319903,15123724.845947934,15343237.03067495,16093375.012920085,16863454.67757132,16573871.878233768,17745767.144429743
2021-03-08,14390571.589878235,15246803.376149867,15423147.236226125,16187936.662663002,17006017.17887802,16339946.854458824,17445992.081044905
2021-03-09,14397016.505475217,15255945.391730119,15447896.065619309,16218368.248260856,17025101.699463703,16540131.637027247,17700743.161727965
2021-03-10,14435649.311700996,15305693.600846197,15516918.205137305,16301499.324778087,17063536.99184622,16709053.329291414,17914110.34049028
2021-03-12,14375455.725070104,15228104.335001092,15539829.461044345,16330210.337290175,17111904.323824145,16749225.785276186,17968198.77204876
2021-03-15,14296860.940641185,15128873.402583502,15607361.115239108,16416108.241854485,17210085.834997974,16885047.688515913,18153368.737552457
2021-03-16,14238649.96706806,15054032.579226969,15490892.943606023,16276216.526839532,17022749.38883704,17040966.99920679,18351378.555557135
2021-03-17,13941552.935045999,14669419.076215314,15018840.018900437,15707099.059894094,16430350.573676424,16509569.496979114,17676517.963288415
2021-03-18,13769047.416085172,14448748.335137231,14825271.671871241,15477445.950141896,16241438.997925324,16057272.552955378,17114853.740340978
2021-03-19,13955179.492452342,14685852.379901245,15144419.29189124,15857487.165033462,16682867.703822136,16588416.597819183,17775184.158151243
2021-03-22,14022030.483912064,14770670.936638894,15306923.42580138,16051651.393112607,16879133.309700385,16951509.560544956,18230591.867750876
2021-03-23,14081716.708517263,14845709.382751253,15333654.578677993,16080617.854533428,16881377.392263442,17205084.292180777,18541900.83193017
2021-03-24,13923144.47554404,14640703.376871625,15028919.203545464,15713496.439728394,16444766.65261123,16722003.932385463,17930057.823449694
2021-03-25,13747829.644999601,14413665.995168146,14682475.832519487,15295455.776450984,16033838.031750353,16198223.787032098,17265190.269421794
2021-03-26,13984623.831459608,14719383.77268263,15068037.33226877,15759099.343504928,16623067.794905126,16700041.028638117,17899232.101611365
2021-03-30,14228985.954742432,15033606.874405168,15382020.158606512,16134275.717907893,16948062.427885048,17379367.017475754,18749308.799062237
2021-03-31,14236495.200308777,15040160.99005613,15464787.138513321,16231126.791031122,17090544.122319397,17659329.243573025,19096125.210132066
2021-04-01,14430769.827447487,15291292.942534447,15626610.831657792,16426462.624595987,17329068.291526753,17684215.14673557,19129667.276582867
2021-04-05,14464558.389162727,15334709.337926224,15700046.962194884,16514532.419028979,17267040.0787383,17867328.276261747,19360015.127424207
2021-04-06,14833553.539390562,15808235.483585117,16030548.456769682,16908159.30322001,17783550.016582403,18459549.690664727,20098002.14371762
2021-04-07,14855955.113628667,15838103.516790997,16058812.24885288,16943562.839774486,17759597.085318483,18498666.37208645,20150348.90580245
2021-04-08,14983809.860732764,16002073.059752736,16275827.46052656,17203453.34042225,18035809.139272403,18972471.436500214,20746100.113515206
2021-04-09,15107032.144112628,16160458.759542316,16505197.231343409,17479045.88971821,18303359.124385837,19319194.665745452,21183010.944913134
2021-04-12,14962124.671878494,15969034.6244395,16189322.12103095,17092876.336582243,17762222.598077737,18916571.60040795,20657815.2006241
2021-04-13,14647752.206410464,15565417.606317585,15742722.331939917,16559002.3516103,17344789.388746284,17987405.57444136,19493602.290478483
2021-04-15,14730150.241099061,15671671.794568006,15876799.217572086,16719523.816441486,17394312.34097268,18158440.297326755,19706379.821172487
2021-04-16,14953586.929617422,15962856.584707694,16152001.685090408,17053408.816232227,17480045.423909776,18684641.52793472,20376865.71511986
2021-04-19,14989154.753722917,16008989.328288632,16096775.788131561,16986897.120384283,17342276.941868257,18577074.096884154,20240577.966514233
2021-04-20,14923977.412617285,15925088.186649239,16016769.813608289,16891184.378028024,17264022.01159456,18351732.09140355,19957948.244356472
2021-04-22,14914906.6943657,15916358.476021215,15994347.229852442,16867379.971770413,17105086.722066056,18330957.330475084,19939218.95688737
2021-04-23,14929618.080198403,15933150.301169787,15967953.90963794,16832949.540990703,17153034.199257094,18211146.929725695,19781049.49655779
2021-04-26,14940995.413432997,15948119.44266909,15994605.591419656,16865739.006391887,17137908.99338799,18179302.61551023,19742594.162397545
2021-04-27,15131899.409494765,16192049.434426337,16216440.098038042,17129291.025289264,17497776.22539556,18573508.702099483,20230647.92774917
2021-04-28,15183192.45843516,16259910.227914069,16333290.549910739,17271895.973254934,17605804.662891056,18824134.853288796,20553156.521922164
2021-04-29,15198363.158550043,16278157.972280104,16364045.536502218,17307389.457706116,17607666.955646217,19050462.353944145,20834930.692719817
2021-04-30,15239298.688596558,16325599.744805189,16417549.9014977,17365180.318399273,17583353.34428694,19172802.432053708,20970262.39058157
2021-05-03,15271589.131847452,16366345.029592417,16422113.282459006,17369638.5857606,17677740.04006278,19161137.609489154,20953176.361876853
2021-05-04,15077029.530224465,16116679.60164494,16046442.747038431,16920490.543356676,17135276.863148212,18528498.642395582,20161494.15108103
2021-05-05,15176131.590373162,16244188.898738204,16128372.42167805,17018241.77357998,17215839.944366112,18705320.428409386,20382053.27583451
2021-05-06,15314338.657941304,16423835.680891685,16314434.387593444,17243233.248765495,17337358.06961195,18963109.285262216,20709784.343918987
2021-05-07,15058771.53344682,16095135.561136141,16199177.507813323,17106206.880631715,17138723.277128495,18831849.649947487,20548034.440958723
2021-05-10,15211966.06033273,16290616.786920313,16419927.889554288,17368528.650329486,17368624.4424175,19219845.39023162,21028365.69620623
2021-05-11,15090995.88202466,16135207.376378251,16229831.090964723,17141329.727259167,17241842.150990877,18917492.094193783,20651508.01197764
2021-05-12,14994964.221185703,16010342.08053148,16125457.540877901,17015413.618996777,17110374.18104936,18708641.688157108,20387367.905486733
2021-05-14,14894757.888061507,15880885.126513783,15897355.166226627,16740645.813904446,16827226.68746676,18295711.99424088,19865541.227849066
2021-05-17,15020175.743325438,16042921.906053375,16036556.630004836,16907773.054158147,17119178.452469565,18613214.523613498,20266075.623352315
2021-05-18,15117212.178321797,16169904.917945828,16223665.063808536,17135278.204662446,17454959.7574685,18968750.926032305,20721944.995676346
2021-05-19,15109341.482408496,16159050.807084784,16377439.170503862,17321079.02558452,17654219.49337586,19303474.202298164,21147083.469834354
2021-05-20,15127132.692482319,16180775.13497014,16439262.224482521,17394659.361532822,17761876.79461302,19308524.949862737,21151591.81597113
2021-05-21,15207348.65443151,16284706.939346235,16612886.028438434,17603952.696869697,17831031.067648537,19688584.398130227,21632779.503830895
2021-05-24,15151612.577372147,16212639.26599184,16451301.80976927,17408605.62474968,17540587.438874777,19432536.898061827,21306091.819976
2021-05-25,15137356.74270202,16193732.849820377,16339800.048858048,17273511.758712225,17293552.281318665,19271999.582470194,21100738.25290355
2021-05-26,15182560.992313934,16252774.533926051,16457509.062237334,17416456.803050503,17389184.844267104,19427582.287354734,21300482.481131967
2021-05-27,15239815.29272196,16328578.067232374,16547322.22815061,17527069.95542314,17487378.33047819,19632166.75982831,21565700.223944783
2021-05-28,15308170.84346385,16415479.637593951,16634344.724505315,17629838.678666376,17618628.293867745,19807728.738698788,21782515.607771464
2021-05-31,15534682.472199533,16705304.448154263,17069196.099171303,18150114.994837128,18266259.050929897,20484370.03241904,22630035.192553535
2021-06-01,15614059.68602342,16807315.679400083,17170450.227205686,18271419.31297925,18373907.577528935,20440842.431359768,22573395.92219638
2021-06-02,15642246.82385645,16843478.616649322,17227310.799487494,18339698.480495915,18508171.599876463,20483816.769864738,22627795.396110427
2021-06-03,15658574.489185128,16863724.50229942,17454712.5384986,18614330.46507709,18948245.155799832,20974968.745243356,23251920.070841216
2021-06-04,15702492.279008105,16919316.534501065,17475889.211150426,18638390.854949668,18906867.37269458,20919887.419043526,23178366.52453113
2021-06-07,15954666.491964167,17245938.253137454,17823845.519023463,19058060.278987706,19325859.665335745,21187913.446558468,23520661.679439154
2021-06-08,16086814.868978493,17415874.56893491,17886970.42055707,19133443.16786418,19356840.92994,21302988.288679264,23664788.82165041
2021-06-09,16073756.02922974,17397257.329745818,17832826.443368405,19065933.310304485,19288778.302596275,21165939.267825462,23485281.57832969
2021-06-10,16402545.940797903,17818911.48974852,18394166.420577783,19738104.62757978,19984454.87690634,22055977.11097639,24600998.546455793
2021-06-11,16465070.869521867,17900480.21575524,18459994.261216275,19818097.895884164,20057551.54944835,22054537.076427728,24602113.70020768
2021-06-14,16569293.916965898,18033898.034472972,18674277.496872876,20074521.222463682,20306556.388600096,22210575.417381622,24794982.763548538
2021-06-15,16548662.816556437,18009062.71561355,18553055.307926536,19931117.658709638,20165387.54205534,22050508.621530473,24600352.00495016
2021-06-16,16498181.140562022,17943767.159936056,18432478.217316836,19785808.818557892,19980171.697182257,21943447.95114652,24465033.565418348
2021-06-17,16482944.6794128,17923848.399764568,18375519.330852732,19716886.62292327,19852234.091726556,21915498.923144743,24428725.021833338
2021-06-18,16353435.575196123,17758652.758706916,18142585.683882892,19438925.305356402,19595395.066519286,21584494.844428737,24017967.90054142
2021-06-21,16326883.78149994,17722706.991944972,18185703.021648277,19488908.37134277,19670284.892125394,21585764.201570142,24017444.836342223
2021-06-22,16447143.950672448,17877481.425685048,18314606.790740382,19642926.34242826,19788188.803990964,21813192.176048785,24307559.498221375
2021-06-23,16410012.154002726,17829476.679554828,18298583.01017446,19623564.119482256,19894080.790950947,21771521.560609985,24240430.330966674
2021-06-24,16483583.192557042,17926178.092200577,18325890.47809388,19656412.85428186,19838354.33083999,21852683.415404417,24269502.949715033
2021-06-25,16509418.653928434,17959743.27990138,18309472.522816073,19636685.697901554,19852982.87101945,21800781.69700291,24191729.66584002
2021-06-28,16586253.88893538,18057279.309243876,18391872.901044317,19733202.708209157,19941791.749116946,21958744.216543227,24355105.336417314
2021-06-29,16579731.46345711,18046290.861738235,18424977.78595896,19770637.806612913,19978433.162084267,21994813.308767356,24430929.0022466
2021-06-30,16729170.213633088,18237419.219858624,18643651.611399136,20032118.584044788,20264507.69968734,22388426.972536355,24930061.14955622
2021-07-01,16788950.286616564,18312863.399749327,18723071.633511394,20125748.276475366,20452090.049467083,22382165.857566904,24913720.915463835
2021-07-02,16969426.612663332,18543274.69087592,18973033.93432931,20422998.96642324,20793231.72964051,22806377.19071725,25414633.805630006
2021-07-05,17062934.906610448,18661982.428999014,19130714.753103707,20610741.314610675,21149384.73454368,22907389.357077997,25579452.035385977
2021-07-06,17246520.11784254,18906366.129068583,19244806.282240123,20748716.181374703,21339977.84826735,23454029.510896906,25861306.90053881
2021-07-07,17278416.81574829,18947626.158397548,19281288.691183604,20791721.154492103,21393357.47520701,23576524.526108745,25954162.487266906
2021-07-08,17200515.69463849,18847434.087382957,19222886.73355244,20722874.125148125,21346180.742373332,23510300.776618704,25887750.2102499
2021-07-09,17261415.123385333,18923595.09482407,19279172.714798402,20786214.61891076,21441345.696276046,23733752.659412876,26080278.839682497
2021-07-12,17404508.641692635,19114499.352539167,19460163.727673993,21004682.043668624,21761024.77787038,24295286.09333653,26392533.756918445
2021-07-13,17374698.03214374,19075041.37742029,19445873.580694605,20987367.612125523,21716522.388319436,24199238.844068877,26316810.743928485
2021-07-14,17567587.99861974,19327114.28527951,19713296.94161912,21312067.87493795,21772293.85456611,24477979.464395687,26681594.349607334
2021-07-15,17620125.754739683,19397261.280828353,19867873.89140468,21501711.088733837,21940493.551713526,24828064.72082386,27133877.141254447
2021-07-16,17639018.082919806,19415070.734948114,19868445.11506443,21496534.1937774,22035189.32393422,24818043.91090019,27253142.675584882
2021-07-19,17717970.54341975,19514981.996572815,19946033.957923293,21586601.281665936,22208343.87724282,24890828.4879762,27270789.008564763
2021-07-20,17547647.064725228,19293607.26229962,19653089.47369361,21233436.138005115,21882689.076671965,24321633.66389492,26614518.267878752
2021-07-22,17622276.56477229,19389561.73539678,19665719.716858085,21248008.698228065,21923378.55998632,24414498.436673865,26765979.577664047
2021-07-23,17741308.413602132,19542040.799703836,19997118.370858595,21649026.1366134,22252923.46492061,24822384.622130536,27456097.32962888
2021-07-26,17795483.738910638,19609047.2683153,20104646.903614286,21773160.868249524,22523673.680548944,25185329.546911187,27814350.428329624
2021-07-27,17652310.311404362,19424549.878303092,20053295.007244255,21716016.77170845,22444112.411228027,24965054.203988064,27748688.848506883
2021-07-28,17809853.13490002,19624759.612740703,20240941.774446815,21937313.714708097,22689883.670342572,24939792.414881893,27691165.432331257
2021-07-29,17980126.476496525,19850669.515944734,20247859.7722514,21946244.477401294,22781597.027274523,25222571.261932347,27713807.419920813
2021-07-30,18211608.06137573,20151027.58125838,20101151.647481505,21767069.137813367,22577872.600379683,25020292.66064665,27256695.498380378
2021-08-02,18523928.81509792,20552985.830136508,20705751.79256271,22495531.24529929,23432879.204868175,25939596.09890399,28444784.592107825
2021-08-03,18829776.3181741,20947009.213289548,21063145.504363865,22921741.795710616,24022109.696249314,26489998.920796935,29057056.67606642
2021-08-04,18783108.26123093,20891526.086036082,20912599.449318424,22742505.672297716,23842195.89397341,26429935.01672989,28786368.30137664
2021-08-05,18892883.57619234,21035125.424140766,21033398.871915795,22888747.59526865,23925656.49375976,26710662.954761103,29112354.824620236
2021-08-06,18869316.150879025,21004358.926023055,21020122.33382204,22872427.06159686,23983388.29297109,26748142.324152887,29173491.419714943
2021-08-09,18859687.047507726,20998172.801925644,20848170.52120044,22666271.714796834,23759630.79666864,26769876.974100813,28840463.880320735
2021-08-10,18701968.037937872,20787471.8357851,20793746.251370564,22599713.940654844,23585427.222091272,26661131.725230396,29097748.997057438
2021-08-11,18443052.493492473,20449082.221787564,20519879.01521483,22271230.777406845,23262515.280923493,25989296.717059545,28555316.00315338
2021-08-12,18433526.771340147,20433595.61256399,20565279.95535937,22326398.748370096,23275240.835249476,25987972.48158686,28793263.98795701
2021-08-13,18690353.752500266,20764810.817408368,20967346.789059646,22809973.355309203,23799699.954030234,26422575.890637077,29378938.247285485
2021-08-16,18561590.199764382,20599877.085227992,20803263.754496403,22614210.362920098,23529598.118180312,26377960.3630888,29316179.98868935
2021-08-17,18901305.551339228,21042270.541868728,21120925.891289428,22997343.736221656,23809026.729602553,26997002.460817836,29916691.339332826
2021-08-18,18962928.684389573,21119282.92193,21265598.678810924,23169205.248825222,24084943.153598092,27172994.274393495,30209059.57922051
2021-08-20,18702710.833310835,20783476.671965297,20835198.715614483,22653426.560469367,23562410.569775492,26353216.020224538,29300404.147102293
2021-08-23,18685923.196505234,20758052.337953188,20873985.11355687,22699499.394941118,23618994.655900314,26257879.330160763,29380741.933580454
2021-08-24,18790282.91696692,20894804.96216417,21056343.92302665,22920445.05847174,23864024.941338822,26568678.975449037,29728816.546842806
2021-08-25,18807619.806644987,20921440.076288827,21003936.383799296,22857372.93538798,23606439.508187953,26723664.40762938,29649305.461315997
2021-08-26,18835731.99274627,20957136.92289087,20961778.1061268,22806220.673930727,23602340.297780983,26671278.744528517,29611070.422899067
2021-08-27,18983286.99382005,21144911.688079722,21092721.752265304,22962112.804255366,23800316.19424983,26860831.571495973,29918375.42218497
2021-08-30,19414205.970762484,21695893.652953513,21684007.972504765,23665790.05046558,24742572.206218954,27777234.40478699,31006462.93697672
2021-08-31,19765916.858765557,22153482.17978449,21933928.574097022,23964587.713217743,25029962.111020587,28502230.35298077,31613808.55925528
2021-09-01,19829880.21745843,22239369.15489378,22330081.31820987,24442101.81773166,25831381.949303795,29630391.76722446,32749655.455448058
2021-09-02,19920626.504710805,22361577.177347228,22201055.262942612,24288879.5943978,25730770.5808608,29575618.654324748,32511951.2614739
2021-09-03,19983564.588440035,22443040.851096645,22207952.754170857,24296037.32232575,25832008.260450296,29679974.100175966,32556218.5613602
2021-09-06,20075670.973811917,22567253.278028544,22584355.54725167,24754486.20628722,26124770.553061225,30497274.62378311,33462038.017801538
2021-09-07,20007475.88334378,22477199.256843172,22418715.70452833,24552554.921653897,26029079.817875467,30115672.73731945,33007859.822921358
2021-09-08,19875174.808662765,22306076.65387199,22198267.60209819,24289964.413029574,25780945.446116664,29631296.770341553,32570358.86043898
2021-09-09,19902112.800253317,22342091.853586122,22144606.358920895,24226125.06293771,25774268.825507417,29633075.034331217,32526935.861278206
2021-09-13,20068322.992848583,22555094.870344393,22194693.83975319,24285062.553869233,25761788.598087534,29720735.32349611,32697963.335571993
2021-09-14,20023419.832738608,22493777.792798415,22251679.73186606,24353889.490663122,25871348.73250819,29605943.3632539,32752920.932940394
2021-09-15,20287437.64808242,22832532.8809532,22415013.460122995,24547660.840660803,26045280.92645642,29818482.42333006,33007479.72352436
2021-09-16,20273551.65135415,22815951.122402973,22280089.400686998,24384718.1455798,25909085.819624953,29631802.858108975,32660574.72070464
2021-09-17,20108877.050709262,22602572.355653703,22068906.414637744,24131643.933382116,25694013.191217385,29016189.26960896,32037711.55219198
2021-09-20,19768418.221697044,22158590.989412803,21774222.18524708,23776158.25781749,25087318.565011002,28318155.79845748,31409001.549662028
2021-09-21,19870000.316843294,22286117.39625293,21976733.01018679,24017638.440135255,25340703.50566163,28464264.055793375,31701153.872881405
2021-09-22,19887984.82548004,22309403.003387503,22094110.38163259,24160818.700563036,25537383.022191346,28534498.735253014,31830993.525056794
2021-09-23,20109951.363471426,22594052.204259917,22721356.18892307,24916990.964080453,26437765.004414313,29589328.384437814,33218853.339025967
2021-09-24,19863970.294928856,22278272.107724562,22729900.18671163,24935715.88652812,26376319.472701497,29634271.075045206,33448648.610383127
2021-09-27,19634708.226727985,21985050.872320805,22398636.267108507,24542485.4004877,26016896.044336088,29077602.430869665,32795539.739925213
2021-09-28,19208819.933176503,21437018.63851501,21605998.522467535,23591126.755701903,24954170.487515643,27721720.371626213,31162591.91619394
2021-09-29,19350530.928781252,21617284.133593768,21921798.942877978,23971202.01042828,25386282.88932941,28170842.814443924,31815638.48177416
2021-09-30,19290416.59390293,21541098.8983434,21859400.64987163,23896833.66435327,25370416.524750292,28235802.755533636,31782343.244699866
2021-10-01,19325955.447709516,21589634.970781606,21720155.952651225,23726032.229552925,25102850.008461263,28073347.027774293,31324096.45734315
2021-10-04,19907141.369451642,22332843.82160184,22300862.03744349,24409925.82501822,25952285.06508895,29178004.733064823,32433787.943679273
2021-10-05,19941074.412655182,22378580.603994355,22234634.554668,24329835.97005842,25809758.223023687,29013996.883585386,32146636.803451028
2021-10-06,19883114.83821872,22305610.15772117,22067650.50494466,24130092.620112278,25600430.45200281,28613249.221894104,31630260.85020063
2021-10-07,19953881.33289624,22401089.72786552,22361771.02903922,24489087.666256104,26051170.912281565,29318904.052832663,32385301.107268736
2021-10-08,20048805.94823709,22525417.721787512,22270235.873829454,24381284.726343405,25706029.883375987,29177688.74088877,32254374.578695457
2021-10-11,20129785.990987107,22629357.442895476,22476961.933024198,24628027.45144087,26096767.914873824,29765571.656674337,32865917.446222633
2021-10-12,20245953.52387149,22776400.970863312,22537642.502687186,24699012.699067812,26250471.38302444,29999033.69458715,33217552.466031037
2021-10-13,20384602.39139179,22953606.775959738,22975476.348175474,25225484.653962888,26726805.535934575,30398477.30798077,33866630.14481844
2021-10-14,20609692.690584306,23248969.94268585,23195806.976374194,25490789.106000263,26959518.72798524,31029595.52460281,34440935.24820803
2021-10-18,20417107.488711998,23000911.117624026,23132797.685704593,25416660.848367535,26799310.074965663,30813277.990510024,34186219.7889739
2021-10-19,20350782.732102174,22915145.622042567,22935369.26619462,25182268.12678641,26412119.118740264,30075789.630374208,33551007.374844976
2021-10-20,19779172.73640132,22173795.564525917,22317913.237837404,24441138.845570214,25563679.319965336,28970871.557704337,32456122.23507181
2021-10-21,19863845.217659503,22281482.567295935,22282361.042705946,24394789.200395085,25159926.544196337,29026235.753962032,32435547.597513154
2021-10-22,19412704.895618726,21698626.48288934,21886038.30238947,23922675.065975454,24733297.317613006,28356258.76337752,31779881.025310703
2021-10-25,19040540.092590764,21215048.812984332,21621257.827498425,23604019.8532468,24507848.778006203,27991377.652862873,31497248.395512283
2021-10-26,19228519.07171631,21458764.888174318,21978079.527817354,24033060.067375503,24965792.549238857,28645415.687819347,32192644.496985134
2021-10-27,19339236.095775552,21598997.107700355,22001221.108479217,24055839.64914807,24944354.966640133,28816692.685804427,32335811.442221127
2021-10-28,19174473.97334339,21385282.46898799,21617836.024171792,23591391.87173508,24466589.655490715,28291901.029902183,31605100.080714636
2021-10-29,19159120.9165447,21367574.501392264,21553498.641303375,23512175.439340897,24450888.54703536,28374352.82978213,31444186.9997807
2021-11-01,19382369.859083377,21657100.73439159,22063296.261337817,24125126.405473385,25183816.089100108,29648087.61089089,32872791.269741513
2021-11-02,19403506.316379502,21687855.64959055,22087457.32655237,24155244.026588142,25242309.041373417,29759289.101203933,32832583.644436195
2021-11-03,19293222.72784891,21548235.000817146,22209464.29138274,24306107.13376201,25435072.468194574,30109365.71953839,33181093.276074883
2021-11-04,19449224.873090364,21747617.605227616,22396073.309405863,24527881.885289274,25695685.970376782,30277983.988172196,33398308.37901537
2021-11-08,19456120.019893244,21776576.744776085,21993650.730945807,24055142.624226637,25217286.137751795,30256726.603442777,32735437.542300045
2021-11-09,19429241.273903526,21734687.26141471,21990734.124352407,24049371.47293011,25209162.076163817,30056544.74291894,32789349.11406222
2021-11-10,19251444.06039341,21503023.907441054,21698900.037173264,23697784.1672544,24907155.657831825,29536621.484896723,32281868.539036088
2021-11-11,19064704.668183416,21262872.0078095,21358368.16457597,23288778.350541618,24509558.25645433,28937688.25224328,31525179.64966258
2021-11-12,19281487.151970815,21547211.670136377,21624918.132110223,23611430.59150158,24831381.59773135,29640125.69804106,32221458.789721068
2021-11-15,19307233.09137521,21572082.843613315,21670767.76380965,23663315.875797912,24951632.442760658,29449730.34289638,32362403.8648982
2021-11-16,19159716.254665717,21383365.94963287,21476369.270056814,23432186.3154595,24693259.71454119,29136588.37338443,31975232.275574986
2021-11-17,19158869.83620266,21385868.545650057,21471518.663154718,23428660.781245913,24612320.872341484,29042105.424763292,31761638.23813206
2021-11-18,19140579.739868455,21358842.91321959,21263503.06190155,23175205.512604237,24386515.8064268,28499433.13168508,31184262.502210975
2021-11-22,18591099.852626476,20646271.190614417,20615310.858108826,22397560.778661925,23547763.352151588,27232888.958725855,29924965.94508559
2021-11-23,18822862.211138576,20944989.11235169,20699200.580591172,22495325.606845602,23717528.70381531,27420908.71259371,30026688.90169208
2021-11-24,18610022.03299929,20669553.357289482,20499564.95217094,22256902.156949833,23425672.787874132,26902484.731149234,29512765.538005937
2021-11-25,18845748.92708214,20969696.70688499,20782724.18919657,22593054.62676002,23869720.652076155,27138669.962277576,29851071.190773938
2021-11-26,18705278.9454323,20776787.594112083,20718788.14584648,22505650.221249063,23676515.387492735,26751221.40794095,29605240.176850088
2021-11-29,18781221.87240417,20873236.688330427,20936815.38811329,22768077.90574845,23921045.375422075,27110813.689200826,30205558.87508219
2021-11-30,18706644.17511192,20780870.519475587,20920022.607332796,22750692.345980182,23948053.579635978,27112021.914780565,30092798.661048673
2021-12-01,18548288.113963194,20580994.30212773,20638633.306236275,22417076.659942776,23582675.417418104,26778549.172473736,29616603.609885667
2021-12-02,18808338.742246162,20919459.15816553,20858968.06596946,22682522.62903859,23857529.76920385,27315153.2751478,30247261.943717286
2021-12-03,18748985.672071,20842603.544448264,20806899.559992958,22620323.258895144,23847099.92323008,27084381.779854152,29954963.148112774
2021-12-06,18399679.240251064,20391361.26675323,20312908.458003297,22028131.884266503,23242100.167920798,26150672.839692064,28692308.778099336
2021-12-07,18575324.81781029,20622628.04107832,20537044.781244453,22300449.41965222,23632940.39096897,26494394.43576461,29177183.396862447
2021-12-08,18734175.22571877,20830777.52989394,20720491.039543502,22523302.153530687,23845663.981134184,26845805.721746076,29825845.637355484
2021-12-09,18745353.048854604,20845704.88278159,20715421.040991195,22518235.686024226,23734937.609524034,26773805.590127088,29815418.72149735
2021-12-10,18702321.199806847,20792191.455093846,20716764.22358112,22523009.421808604,23794646.561972648,26719600.37296074,29726956.51924078
2021-12-13,18752268.68739958,20856439.456910536,20731122.176535264,22539710.011712864,23683915.494380057,26418408.691110805,29369667.807419237
2021-12-14,18866483.430886544,21002794.760139428,20813502.747766078,22633715.443993166,23719969.009997416,26734167.55885459,29541305.263814114
2021-12-15,18756122.39271918,20860519.46804183,20547111.267595403,22313425.72634718,23424374.83642079,26382478.833290093,29076155.169028394
2021-12-16,18885795.18224995,21031824.33895743,20525631.323122572,22287687.407787383,23361633.82158751,26730900.954972513,29285072.40876409
2021-12-17,18628932.91449753,20701522.55236099,20241149.634394888,21951468.57524519,22624733.00188834,26086276.669729464,28533685.99986151
2021-12-20,18184084.525949303,20123589.052862428,19758995.805665225,21373438.27783421,21887632.685449295,25119972.681993645,27269976.245822035
2021-12-21,18577900.751549166,20640009.688913282,20083400.319622822,21767134.72280204,22313155.84136115,25782320.335674994,27989346.67416119
2021-12-22,18996968.89912212,21178526.173015527,20462478.348392084,22217343.72710486,22984761.088248514,26416290.4891648,28869409.751000933
2021-12-23,19062687.09200958,21264966.62795814,20637745.062949102,22432559.11681976,23175531.740020752,26689039.024996493,29323933.106866427
2021-12-24,18982736.304483414,21160493.968582362,20484521.720807195,22248647.010486923,22889792.44404726,26392427.42416315,29042465.148156133
2021-12-27,19007268.670066774,21188927.384669263,20593820.30507917,22379740.537948266,23078791.97862179,26530167.816746958,29378057.22909109
2021-12-28,19193966.501552474,21428533.08526079,20785282.76927283,22608432.963626225,23380520.74212246,26790614.34190555,29982356.005091254
2021-12-29,19255944.08448039,21498309.652920287,21037725.746922612,22907530.6537117,23722184.353378274,26806720.96744344,30253863.20745352
2021-12-30,19419472.016390584,21713930.72017695,21092239.208174825,22972836.60284197,23692933.077676095,27121978.282496035,30215657.14795141
2021-12-31,19744507.276877448,22135226.39707991,21542724.70730777,23512802.39529489,24348607.169089064,27809123.36476797,30841454.31799668
2022-01-03,19806023.470682077,22220204.293046456,21653983.026615363,23648647.432110596,24513496.622372285,28348794.5287091,31378801.958732124
2022-01-04,19740218.92878003,22136362.173173457,21538482.531513534,23511416.193237167,24315555.401589956,28257416.755055625,31286496.96904914
2022-01-05,19735625.892864056,22129567.497770015,21718906.14557705,23730721.79434014,24637253.30571436,28144556.53632284,31170394.769076265
2022-01-06,19574441.751301553,21921562.37198917,21448450.57761188,23406471.420067105,24274498.77271457,27709334.036004797,30708918.359465197
2022-01-07,19757290.347678054,22160180.271150388,21439082.617760777,23394942.78824334,24156357.916422516,27910891.710610982,30980458.96987524
2022-01-10,19701993.201321095,22089293.80261448,21386736.676311992,23332890.07025134,24175611.39846757,27769931.311200645,30879779.769071154
2022-01-11,19687449.12836431,22066240.737456836,21387331.776344888,23331364.37407469,24186370.82912314,27655106.504449822,30777366.64420157
2022-01-12,19943353.589253277,22397772.476459704,21704269.746424206,23714402.273375787,24655702.323277175,27931501.194904402,31053699.927349865
2022-01-13,19894674.264230516,22326241.449619412,21454449.950097647,23403651.822171748,24521005.256802067,27455756.88098927,30568425.503601238
2022-01-14,19896350.439227343,22326708.072303735,21578304.062122833,23551636.04879743,24832957.319537133,27690077.907319747,31235017.392585386
2022-01-17,19893077.914109908,22327197.988918837,21511043.812434625,23471560.876109947,24633096.907508362,27740157.63047331,30978249.813323025
2022-01-18,19364557.551894538,21640805.99245406,20739271.969370164,22544766.8263672,23607529.48831832,26347730.040684476,29192504.20088262
2022-01-19,19149724.683162566,21363140.61563871,20590249.817344964,22366379.233803004,23475132.67832155,25880680.62437865,28794791.498398177
2022-01-20,18899779.973070357,21044921.43893512,20099374.94822284,21780635.97177533,22843929.928338066,25382209.110532135,28183216.88293089
2022-01-21,18356108.940685637,20344463.161478695,19509318.894728802,21076055.64033346,21871529.2370528,24559663.964782566,27097493.145413887
2022-01-24,17613955.25350311,19382304.3496516,18545454.190812446,19916483.49267463,20568075.70046507,22959594.225848533,24782115.850704968
2022-01-25,17886479.073953018,19736032.015056252,18682093.944149457,20079502.49039825,20854417.169577695,23384268.534459975,25327764.621143483
2022-01-27,17363984.683342017,19057517.54345041,18225175.606078453,19531728.322534047,20230090.932309166,22359808.809033602,24201937.38457936
2022-01-28,17483599.28443941,19213258.77764354,18298029.341282587,19620357.78767523,20265971.023430534,22582035.316410024,24775029.017906357
2022-01-31,17809811.201627024,19635242.353187546,18837287.49038569,20267716.47509616,20997765.091297973,23593276.589974053,26166735.914714597
2022-02-01,17981336.514681503,19858621.81108342,19177999.994792335,20679464.20812433,21461357.350600544,24254174.403879315,26760987.777708836
2022-02-02,18020447.991638094,19910237.558740582,19125334.590354778,20615078.06535354,21384284.89829425,24240933.519896507,26673291.76389974
2022-02-03,17975867.98750472,19849830.91185685,19107402.025112238,20592790.734787215,21357161.941120006,24094668.650417298,26621416.430446975
2022-02-04,17965700.899491575,19835612.444982704,19096173.540882826,20578629.1484011,21339679.904975962,24048360.43189095,26534457.57034586
2022-02-07,17940390.122604508,19797950.57063578,18907344.683724917,20345950.391572256,21063129.08521389,23660946.463330626,25829451.205327168
2022-02-08,18032327.187031265,19913181.91673052,18846435.829906367,20270061.433393028,20972540.975529116,23489164.58621446,25691512.677590314
2022-02-09,18172618.74104298,20098826.196382605,19060924.39018645,20533908.84702885,21284820.037793323,23892793.406463552,26364101.099289354
2022-02-10,18188089.023307607,20119362.18392038,19091658.83793892,20571714.239127368,21329029.137086555,23944453.29342814,26395875.43956601
2022-02-11,17876707.929826222,19705211.557230666,18845870.28884133,20267047.098119058,20967176.41545261,23260667.831227176,25584023.16266416
2022-02-14,17530406.205251146,19246518.51493172,18558634.79928751,19913673.9993013,20547476.49531712,22440783.175781228,24498397.605261922
2022-02-15,17862307.98866009,19682041.760595053,18778232.361284234,20182788.37579326,20866039.267473154,23030423.4237077,25287198.218568377
2022-02-16,17798611.943660855,19598612.65888682,18831327.944907557,20248302.829161957,20943101.203556467,23002160.35455692,25471240.91538511
2022-02-17,17703507.699694693,19471543.13285418,18763348.304629013,20163679.638822753,20842517.82161882,22793633.22110585,25279008.604877457
2022-02-18,17528401.747626673,19237110.412383422,18643145.708666895,20013292.705867674,20663810.24734447,22418145.973024692,24890504.176549625
2022-02-21,17424347.872703623,19094824.332921997,18563377.44224576,19912268.281365387,20543597.74784365,22116912.844194587,24518496.63196375
2022-02-22,17382233.945506774,19036108.084778644,18493897.786172364,19824553.7120485,20439221.169408306,21969048.333175212,24170048.621023327
2022-02-23,17465655.668539796,19147707.20374514,18739098.89279526,20124842.296004545,20794912.17375835,22444589.43687877,25050833.153492622
2022-02-24,16950367.964966647,18455472.464346148,18045857.601619713,19266930.049654596,19777934.087996397,20827676.796941593,22416428.963612974
2022-02-25,17380997.193424646,19027244.00513709,18508441.359117437,19839979.635173827,20456085.90489667,21754405.43494165,24295286.641846288
2022-02-28,17412020.70780343,19074365.967476793,18643143.1798591,20007218.86048185,20653668.137819044,22126197.819873657,24749832.845596243
2022-03-02,17443866.94898144,19122326.028414126,18708248.293750882,20091439.789698858,20752697.00300061,22261918.738067582,24964707.655186754
2022-03-03,17416628.722508576,19085411.81538092,18576592.266615316,19929839.78832157,20561209.911647312,22013368.565105997,24580008.92150839
2022-03-04,17231022.872075148,18843902.552507486,18389250.865166005,19698914.34041224,20287504.74913948,21650757.088932928,23694527.995413035
2022-03-07,16971568.15939951,18497225.057326935,17861075.951078005,19044555.487679135,19512911.251638837,20614983.874790564,22328596.32597227
2022-03-08,17221295.207240026,18835497.744136684,18418930.791156963,19737878.734047204,20332812.879151538,21720124.714942753,23495957.555548016
2022-03-09,17327295.387686722,18976128.1134289,18710978.110451475,20096340.529638734,20756954.890491858,22277690.534434307,24317653.404523566
2022-03-10,17571238.550658517,19303255.305493347,19094398.772144746,20572222.07059383,21320026.939680535,23038835.06386076,25489649.444986627
2022-03-11,17633456.40884941,19392545.556640945,19372765.347188685,20918808.290080987,21729450.234562986,23589930.396106068,26094661.119830325
2022-03-14,17746287.97441695,19533537.38652429,19255877.792091526,20775055.782533873,21558780.360859763,23363495.741663404,25636700.940545294
2022-03-15,17750927.97460006,19530538.796398036,19038367.721379314,20503107.451668344,21236516.28844534,22920377.35648855,25166641.955425758
2022-03-16,17843982.257340185,19651381.05451302,19283308.484939266,20803428.851275105,21591642.06251584,23383916.286519635,25712098.74044826
2022-03-17,18167708.70290691,20080411.912031356,19467665.130480085,21036790.77072154,21866996.539536722,23768266.718173,26196916.10460097
2022-03-21,18239416.507859908,20176410.44533141,19515479.167182744,21097067.07148506,21938238.656369694,23871192.00735457,26373909.103376754
2022-03-22,18319657.6239855,20283110.98616126,19603564.381381124,21206894.372487124,22067923.21197626,24048969.451283455,26517762.145382892
2022-03-23,18186181.294028267,20103348.456252903,19505473.040232792,21081634.012114774,21919303.232942596,23834109.733856354,26259563.955946505
2022-03-24,18259110.007920057,20201332.443823542,19623934.416371472,21228501.436675467,22092638.62303953,24065710.95019793,26619058.79096972
2022-03-25,18189009.990415663,20103870.54105843,19449464.565175246,21011197.820859432,21835437.93693481,23720498.524254177,26145654.134058952
2022-03-28,18102713.325923596,19986465.84212945,19466966.460720144,21029326.8309407,21857498.937761933,23746784.47612171,26009807.92246695
2022-03-29,18142826.01075379,20039469.563355725,19479246.546781078,21045107.943052102,21876241.167046934,23779522.311019674,26074592.617698323
2022-03-30,18286567.51041086,20225302.833948903,19471012.16972512,21035375.35674699,21864076.37593714,23761939.360845916,26295176.495167993
2022-03-31,18248055.575146213,20175142.159338687,19483791.32334968,21050269.792354476,21881394.123015553,23781687.962137103,26180403.442905687
2022-04-01,18240016.215813234,20171407.038155127,19955265.149705328,21633352.34152716,22571122.234961804,24702179.554399133,27228959.565826073
2022-04-04,18560131.160240367,20609399.885871254,20418849.064559348,22215984.773059227,23259770.43538083,25653921.38632433,28830928.1840403
2022-04-05,18934187.293121587,21113226.738800265,20848572.576376755,22754451.01248445,23895386.17234612,26516853.59051647,29811883.005072128
2022-04-06,19066886.42060286,21298607.540474866,21226593.031515114,23226393.45975484,24453061.2714871,27274230.491977237,30313557.297278076
2022-04-07,18772043.05926793,20892679.38328335,20694201.591471754,22560127.288128838,23665463.67285028,26205691.84106323,28884655.620177187
2022-04-08,18788638.920164376,20908053.525443744,20502207.72974329,22323358.485902302,23385466.603634953,25842269.249377027,28375133.760524526
2022-04-11,18795484.885653112,20923672.856069915,20779492.529682897,22663762.597661134,23788894.053378806,26381235.989184916,29270484.068006355
2022-04-12,18489061.610123806,20510016.067230187,20367317.914565355,22147287.97410299,23177980.910424337,25546078.70858169,28122000.219521306
2022-04-13,18542802.643035024,20586774.053538088,20533056.238659166,22354875.09940785,23423309.179203577,25884404.908441164,28493824.294841714
2022-04-18,18562179.697569553,20612933.136274155,20441593.072858185,22240886.973148298,23289503.301776607,25719227.419379286,28409856.45562806
2022-04-19,18084170.4671012,19965246.804554213,19756077.652322967,21385383.736367293,22275388.28406312,24324712.345465098,26402227.569930375
2022-04-20,18110616.26752617,19999624.009317026,19751903.539035656,21379939.988721255,22269216.26290073,24315934.076804493,26384450.85050668
2022-04-21,18383350.613833103,20373463.0558154,20308778.363120317,22074760.401136015,23090200.570218578,25431874.77277184,27828969.257796004
2022-04-22,18082216.76399464,19965436.84676221,19842273.913469322,21489967.75340862,22395759.229902364,24487062.435871474,26690820.549250796
2022-04-25,17762542.273634803,19531521.916957848,19194965.381951023,20684627.663145542,21440346.72363514,23196306.30672858,25065456.795919888
2022-04-26,17982991.44462719,19823650.93720235,19600740.709447276,21186362.090629477,22033607.065840706,23987314.04135141,26017735.276311845
2022-04-27,17905490.421773717,19720904.865353405,19561307.66350253,21134391.071470268,21972478.191063304,23902102.000979066,25889443.002785645
2022-04-28,17992543.039671738,19836098.912150837,19626807.836701714,21216696.3221967,22068806.089920085,24032185.491804678,26112486.08023539
2022-04-29,17927990.885083914,19746165.784285244,19455075.058741774,21001213.000365734,21812912.055111177,23679512.089279078,25641587.56207902
2022-05-02,17968198.885264337,19802401.774675425,19492673.00636817,21050382.534118026,21870898.73531687,23766917.65823797,25664147.850367405
2022-05-04,17597789.05683519,19304840.135000896,18928053.613301277,20345658.062309638,21034560.37191549,22635406.487279747,24230310.84119788
2022-05-05,17567830.87474617,19264622.498777747,18875578.37094014,20281737.451254867,20958648.229258124,22539966.251084767,23993433.067769982
2022-05-06,17346030.60851508,18970434.36255531,18562500.79418773,19892258.676902927,20495535.001741443,21918013.515429087,23222745.0291876
2022-05-09,17035470.84461107,18552377.685889333,17996220.0014722,19183054.71452863,19656913.023020275,20773998.426609583,22164614.348685026
2022-05-10,16665393.998638378,18056766.855611235,17556758.309883967,18634086.498396248,19005131.44270637,19892639.056561362,20925138.17463116
2022-05-11,16787377.022663914,18207746.8268585,17518711.342793196,18583961.041600823,18945182.58317635,19797649.512767658,20472396.13100823
2022-05-12,16626506.501221595,17990620.08735413,17119245.46397677,18086506.967872098,18355016.17538127,19008347.724052977,19353376.010066826
2022-05-13,16619902.65877434,17974456.3716457,17006669.26663424,17943248.429003168,18182463.813620236,18756644.70454351,19348325.651096422
2022-05-16,16655253.869109388,18020973.863679957,17046986.54043203,17995290.02076717,18243367.896400474,18839078.669122066,19332421.28623709
2022-05-17,17141760.894190628,18679683.37368838,17756206.78394206,18884171.51523285,19298495.202505775,20282626.325207274,21392543.57462663
2022-05-18,17201102.649584215,18759259.320701264,17683946.85817342,18796583.408440597,19195400.009429567,20152215.297259737,21292090.68039412
2022-05-19,16963427.57970386,18433061.437717523,17100826.49390992,18068051.798772074,18331550.761136897,18982294.19584331,19903960.651250355
2022-05-20,17096117.564295877,18614321.308679804,17424063.717853405,18472436.39266844,18809960.88512992,19624192.181788716,20584862.042399313
2022-05-23,17016390.006288767,18507683.164109915,17276382.351972688,18287742.085298017,18589698.3059954,19330119.67747431,20226616.003016893
2022-05-24,16966914.88750881,18434176.65350877,17097749.22637724,18062366.556735724,18321745.499537695,18962374.882690165,19744182.962919325
2022-05-25,16556927.941550914,17882332.55969769,16555292.720301062,17384766.196345035,17518450.373569634,17856332.818391014,18364620.47317695
2022-05-26,16572936.507829182,17899595.196100503,16639327.082165644,17489422.309929103,17642519.026883934,18015295.65321656,18160241.88417572
2022-05-27,16772048.64546454,18160999.15312281,16707834.559713868,17577220.62171689,17745849.854309663,18161916.909545634,18426189.40782258
2022-05-30,17016909.579004377,18486458.872208122,17177212.674638618,18159661.78278335,18435702.228812657,19090283.794079795,19739103.797083434
2022-05-31,17024247.642185517,18494840.477028996,17143200.069946475,18115789.36848647,18384828.640274167,19023488.78995849,19751357.29137783
2022-06-01,16854530.691846915,18269854.695512783,17060962.10732162,18011157.143239584,18261004.070668355,18853747.666762915,19519748.99961068
2022-06-02,16893902.26667755,18324348.270431623,17149617.493111387,18121558.557464227,18390731.544517,19027237.685094688,19751025.41218741
2022-06-03,16862321.822152436,18281803.874986954,17132520.472953282,18099419.986960337,18363930.72583062,18988333.18005365,19698731.90965459
2022-06-06,16873640.590733327,18295672.15680771,17131088.85267742,18097022.232083812,18360570.622924224,18983451.09939199,19690663.40692619
2022-06-07,16792118.35638947,18189489.094448432,17124110.278965898,18087717.462092016,18349106.7133943,18968503.58421385,19668652.731065616
2022-06-08,16666414.55115639,18025252.77774246,17101655.78985388,18058911.740687165,18314488.27304767,18919976.868205983,19602978.296229716
2022-06-09,16751826.652203575,18136831.861145888,17143806.596657027,18111046.300397728,18375424.19252106,19000498.098997895,19709926.513026882
2022-06-10,16713486.880450912,18082686.51050595,17067341.48944119,18014586.6547384,18260952.038109973,18844401.614982083,19500209.852981333
2022-06-13,16534125.540598763,17840803.960751235,16884433.767616145,17784624.72275444,17988700.026087407,18472207.058597106,19003063.124994203
2022-06-14,16540273.002010254,17847940.938276898,16882270.53398997,17781301.262728572,17984236.56141944,18465664.28995155,18992863.397194464
2022-06-15,16575957.288780814,17893103.90185556,16878668.66938824,17776158.936264075,17977606.35330277,18455858.055409577,18978481.075664565
2022-06-16,16328196.64846026,17565318.206087843,16743121.88425572,17605538.53848553,17775417.09503469,18178409.226886548,18608003.518786687
2022-06-17,16278661.145449335,17497531.34820371,16679207.193720307,17524888.40653568,17679710.72542606,18049440.765731093,18433603.405702103
2022-06-20,16114723.866319353,17277117.538936492,16534190.986524658,17342227.15063664,17463096.952395402,17748862.24388665,18034168.039770342
2022-06-21,16357616.671302246,17598390.051060393,16730060.469302956,17586183.719899625,17700209.2037896,18071159.671170667,18462438.565576397
2022-06-22,16226183.889768213,17424577.942128967,16589788.794380778,17412017.869249035,17602329.64043366,17936992.467819728,18282313.119095556
2022-06-23,16333760.525662135,17566482.756485894,16634227.196309589,17468004.70882575,17712273.949243546,18084115.562489513,18478122.71317722
2022-06-24,16483416.263642669,17762238.39985967,16686567.87314323,17533365.295737684,17801946.46563586,18206105.284025915,18639092.47898967
2022-06-27,16548098.94290517,17847093.642823637,16803306.686196722,17676861.222087383,17863745.533316683,18287901.463988133,18747681.849755704
2022-06-28,16532517.971111365,17825488.531678334,16845875.600350525,17727945.329336997,17839129.633907396,18254129.863521136,18701061.762042295
2022-06-29,16526391.365426494,17817720.838618375,16897011.10388763,17790472.10396301,17867257.023085155,18289858.970623463,18748350.079873435
2022-06-30,16417608.69880301,17671945.45977607,16765689.885664178,17626569.45889082,17736216.244333502,18110154.687631622,18507717.497531734
2022-07-01,16377379.36319375,17619221.52581187,16731793.71917914,17584494.640971936,17733368.702566206,18105374.670492705,18500098.37682803
2022-07-04,16381278.739232605,17623416.57855611,16718570.502093337,17567694.368426777,17737590.933209676,18109685.47398568,18504503.162155844
2022-07-05,16385179.043694327,17627612.63012243,16727131.816365018,17577551.29583567,17741814.169146154,18113997.303860437,18508908.996242072
2022-07-06,16389080.276799968,17631809.68074865,16720036.553860016,17568249.398479223,17746038.410614997,18118310.160361357,18513315.879336417
2022-07-07,16392982.438770635,17636007.730672635,16781694.426265616,17643079.354055468,17750263.65785562,18122624.04373287,18517723.81168864
2022-07-08,16396885.529827485,17640206.78013232,16836545.796311866,17709580.16501045,17754489.911107488,18126938.95421947,18522132.793548565
2022-07-11,16400789.55019173,17644406.829365686,16887994.01268266,17771916.449160397,17758717.170610134,18131254.892065715,18526542.825166076
2022-07-12,16404694.500084633,17648607.87861077,16898600.532152444,17784275.320419386,17762945.436603136,18135571.857516207,18530953.906791117
2022-07-13,16408600.37972751,17652809.92810568,16895594.42280661,17779976.509863336,17767174.709326137,18139889.850815617,18535366.038673688
2022-07-14,16412507.189341731,17657012.97808856,16878973.974892695,17759017.9252631,17771404.989018835,18144208.872208666,18539779.22106385
2022-07-15,16416414.929148717,17661217.02879763,16901155.657284413,17785540.676488053,17775636.275920983,18148528.921940144,18544193.45421172
2022-07-18,16420323.599369943,17665422.080471154,16934229.276586138,17825391.551344484,17779868.570272394,18152850.00025489,18548608.738367483
2022-07-19,16424233.200226936,17669628.133347455,16973428.948130663,17872738.62065738,17784101.872312933,18157172.10739781,18553025.07378138
2022-07-20,16428143.731941277,17673835.18766492,16971106.938169546,17869276.191682175,17788336.18228253,18161495.243613858,18557442.46070371
2022-07-21,16432055.194734596,17678043.24366198,16984441.89556278,17884972.77007524,17792571.50042117,18165819.409148052,18561860.899384826
2022-07-22,16435967.58882858,17682252.30157714,16967146.058009867,17863186.836203694,17796807.82696889,18170144.60424547,18566280.390075155
2022-07-25,16439880.914444968,17686462.361648943,17022005.566144396,17929695.980257366,17801045.162165787,18174470.829151243,18570700.933025174
2022-07-26,16443795.17180555,17690673.424116004,17044192.32760586,17956223.911606614,17805283.506252017,18178798.084110565,18575122.528485417
2022-07-27,16447710.36113217,17694885.489216983,17062975.367651895,17978586.62099521,17809522.85946779,18183126.369368687,18579545.176706485
2022-07-28,16451626.482646724,17699098.55719061,17057934.595484164,17971796.402876645,17813763.22205338,18187455.68517092,18583968.877939034
2022-07-29,16455543.536571164,17703312.628275655,17175423.1163585,18114942.974832878,17818004.594249107,18191786.031762626,18588393.632433783
2022-08-01,16459461.52312749,17707527.70271096,17198974.058514576,18143139.637846295,17822246.976295356,18196117.409389235,18592819.440441504
2022-08-02,16463380.442537758,17711743.780735414,17236139.732429914,18187996.26021223,17826490.36843257,18200449.81829623,18597246.30221304
2022-08-03,16467300.295024076,17715960.86258797,17196386.280427862,18138728.154561568,17830734.770901244,18204783.25872916,18601674.21799928
2022-08-04,16471221.080808606,17720178.948507633,17132127.891464166,18059473.64086808,17834980.183941934,18209117.730933618,18606103.188051183
2022-08-05,16475142.80011356,17724398.038733467,17152959.11310686,18084341.636990875,17839226.607795253,18213453.23515527,18610533.212619767
2022-08-08,16479065.453161206,17728618.133504596,17250710.99718165,18203335.944869295,17843474.04270187,18217789.77163983,18614964.291956104
2022-08-10,16482989.040173864,17732839.233060192,17314429.025047146,18280683.47392032,17847722.488902513,18222127.34063308,18619396.426311333
2022-08-11,16486913.561373906,17737061.337639492,17341718.427386016,18313453.787067,17851971.946637966,18226465.94238085,18623829.615936644
2022-08-12,16490839.016983757,17741284.44748179,17386951.843235884,18368181.7251599,17856222.41614907,18230805.577129036,18628263.861083295
2022-08-16,16494765.407225896,17745508.56282643,17407341.47034537,18392508.60804366,17860473.897676725,18235146.24512359,18632699.1620026
2022-08-17,16498692.732322855,17749733.683912817,17390465.17238286,18371233.686208293,17864726.391461886,18239487.946610525,18637135.518945936
2022-08-18,16502620.992497217,17753959.810980417,17397744.241743155,18379517.11349043,17868979.89774557,18243830.68183591,18641572.932164732
2022-08-19,16506550.187971622,17758186.944268744,17337391.720486823,18305040.80579642,17873234.41676884,18248174.45104587,18646011.401910488
2022-08-22,16510480.318968758,17762415.08401738,17356404.505886395,18327682.277661733,17877489.948772833,18252519.254486594,18650450.928434752
2022-08-23,16514411.38571137,17766644.230465956,17422346.19613685,18407749.675368603,17881746.493998732,18256865.09240433,18654891.511989143
2022-08-24,16518343.388422254,17770874.383854162,17436529.08966135,18424480.596356653,17886004.05268778,18261211.965045378,18659333.15282533
2022-08-25,16522276.32732426,17775105.544421747,17456923.82204632,18448812.686492264,17890262.625081275,18265559.872656103,18663775.85119505
2022-08-26,16526210.20264029,17779337.712408513,17529769.422706638,18537327.83176376,17894522.21142058,18269908.815482926,18668219.607350096
2022-08-29,16530145.0145933,17783570.888054326,17541885.03248371,18551528.607903086,17898782.81194711,18274258.793772325,18672664.421542324
2022-08-30,16534080.763406297,17787805.0715991,17602999.999133788,18625688.88538568,17903044.426902335,18278609.80777084,18677110.294023644
2022-09-01,16538017.449302346,17792040.263282813,17544033.564172644,18552907.51753827,17907307.05652779,18282961.857725073,18681557.22504603
2022-09-02,16541955.07250456,17796276.463345498,17533376.52609258,18539241.359071407,17911570.70106506,18287314.943881676,18686005.21486152
2022-09-05,16545893.633236108,17800513.672027245,17568269.613589987,18581313.93824628,17915835.36075579,18291669.06648736,18690454.2637222
2022-09-06,16549833.131720211,17804751.889568202,17586599.57934905,18603118.36810399,17920101.035841685,18296024.225788906,18694904.37188023
2022-09-07,16553773.568180144,17808991.116208576,17674632.843772817,18710217.348100998,17924367.726564504,18300380.422033142,18699355.53958782
2022-09-08,16557714.942839235,17813231.352188624,17644655.72858849,18672908.955745198,17928635.433166068,18304737.65546696,18703807.767097246
2022-09-09,16561657.255920863,17817472.59774867,17663678.256583482,18695560.414832525,17932904.155888252,18309095.92633731,18708261.05466084
2022-09-12,16565600.507648462,17821714.85312909,17582634.504727133,18595762.380372066,17937173.894972987,18313455.2348912,18712715.402530998
2022-09-13,16569544.698245522,17825958.11857031,17583024.80349055,18595613.610497363,17941444.650662266,18317815.581375696,18717170.810960174
2022-09-14,16573489.82793558,17830202.394312825,17595148.336440906,18609822.443538375,17945716.423198137,18322176.96603793,18721627.28020088
2022-09-15,16577435.896942232,17834447.680597186,17630047.034560215,18651900.695953406,17949989.21282271,18326539.389125083,18726084.81050569
2022-09-16,16581382.905489122,17838693.977663994,17589032.626292706,18601085.26770877,17954263.019778144,18330902.850884397,18730543.402127236
2022-09-19,16585330.853799954,17842941.285753913,17576313.921483133,18584894.64425444,17958537.844306663,18335267.351563178,18735003.055318218
2022-09-20,16589279.742098479,17847189.605107665,17578778.823433105,18587283.78372963,17962813.686650544,18339632.89140879,18739463.77033139
2022-09-21,16593229.570608502,17851438.935966022,17605399.382021345,18619231.625537213,17967090.547052126,18343999.470668647,18743925.547419563
2022-09-22,16597180.339553885,17855689.278569825,17546444.539929174,18546462.207169317,17971368.425753806,18348367.089590237,18748388.386835616
2022-09-23,16601132.049158541,17859940.63315996,17491631.94434844,18478761.4335275,17975647.322998032,18352735.74842109,18752852.288832482
2022-09-26,16605084.699646436,17864192.99997738,17393341.790535666,18357857.788098365,17979927.239027318,18357105.44740881,18757317.253663156
2022-09-27,16609038.29124159,17868446.379263088,17374416.94808399,18334071.92709935,17984208.174084228,18361476.18680105,18761783.281580694
2022-09-28,16612992.824168077,17872700.77125815,17334788.65472271,18284951.46831934,17988490.12841139,18365847.966845527,18766250.372838214
2022-09-29,16614769.406807382,17874345.19412671,17351626.155678634,18304870.373222414,17989339.401574753,18366166.58442216,18766015.50784731
2022-09-30,16762710.305030854,18072548.776068863,17541743.872436225,18538484.805439774,18306720.37332153,18770449.79195024,19261106.42608124
2022-10-03,16666987.255741302,17943185.788918942,17447528.64622745,18421934.902462028,18096867.63203778,18501984.70332588,18931400.47346072
2022-10-04,16786961.78218005,18104239.083998088,17728941.692538105,18767295.036390755,18355610.15162224,18832005.054066963,19335956.814163722
2022-10-06,16951674.652343135,18325505.278424624,18073943.603230584,19190845.18665465,18711556.9579445,19286283.60264011,19893123.97316249
2022-10-07,17063588.412535798,18475871.702435486,18205152.908678893,19352582.217941485,18953572.725141633,19595258.717640325,20272200.968883466
2022-10-10,16932365.39611838,18299057.089300063,18002962.32176306,19103215.210370883,18667669.386445876,19229608.01325286,19822993.32764186
2022-10-11,16807647.541443396,18131055.018278558,17780261.604526777,18829299.035304807,18396270.220287733,18882735.05382756,19397138.91695221
2022-10-12,16917554.291924853,18278587.647472616,18049799.96265266,19160112.040418934,18633070.722167227,19184498.90262231,19766691.763223637
2022-10-13,16845611.689701814,18181588.177843336,18015148.923092026,19117047.826269243,18476162.970538672,18983870.905367233,19520314.599885
2022-10-14,16887403.85460219,18237516.54992156,18053943.679271154,19164268.81627155,18565424.172746915,19097322.906795073,19658943.989298727
2022-10-17,17005630.697400063,18396460.962396633,18216362.633342896,19364054.44890804,18821680.79594658,19424836.293134257,20061198.108980756
2022-10-18,17173717.171301626,18622904.865484204,18497580.786269553,19710705.537019227,19188550.06220147,19895036.249591503,20640229.763340015
2022-10-19,17083259.665187996,18500755.75402089,18320178.744525596,19491953.718670588,18989671.93004975,19639484.201813262,20324793.61397375
2022-10-20,17103540.377275858,18528115.8040971,18401504.506842412,19592104.82884581,19034411.41302684,19697271.58786853,20396542.573821507
2022-10-21,17007933.022722922,18399035.233180575,18161749.06111761,19296458.013747144,18824341.448990367,19427410.41812126,20063528.766999204
2022-10-24,17161698.73803151,18605951.336106725,18369940.8429905,19552847.464533493,19158460.829413272,19854704.32911545,20588588.385363966
2022-10-25,17212492.202819835,18674460.457089104,18446653.536324948,19647683.543611947,19270024.676436003,19998248.880671173,20766069.765540205
2022-10-27,17305409.332090493,18799530.49490048,18608002.134443503,19846552.67891643,19472256.036501396,20257151.78105515,21084566.226221908
2022-10-28,17249833.639213793,18724889.84689484,18619996.386364628,19861238.285212975,19352783.065140408,20105405.394271214,20899437.873452716
2022-10-31,17360911.68922761,18874592.52137564,18814790.571879994,20101561.06385351,19595697.338790935,20417092.731051546,21283716.07436414
2022-11-01,17604697.73662905,19203058.899688907,19195023.658669475,20570707.953061264,20127940.260796353,21099268.14852532,22123797.10983505
2022-11-02,17554185.520243123,19134915.39998643,19129128.251866523,20489361.11083267,20017422.349098478,20957667.717441868,21949536.614449464
2022-11-03,17686093.308474924,19312068.941994607,19328560.200991735,20734572.815813538,20301833.976819996,21320010.089497413,22393099.676659115
2022-11-04,17688377.588669825,19315671.48730453,19343167.80713756,20753607.57380511,20310462.654144343,21333542.422533512,22412832.147354223
2022-11-07,17831816.477466993,19509023.92661181,19581699.7224714,21047817.14072196,20624306.105483577,21736295.190468322,22909440.264881793
2022-11-09,17687392.761675943,19314660.12000196,19462937.879853055,20900976.933901913,20310867.838105377,21336013.703992542,22418351.660184246
2022-11-10,17612187.396888055,19213204.93774325,19312846.61088452,20715914.883496497,20146200.016523138,21124875.454848167,22158298.5541604
2022-11-11,17569938.418160826,19156410.749274556,19254979.213618662,20644939.437721975,20055104.50082731,21009037.68764822,22016823.575640224
2022-11-14,17545242.5691052,19123542.480823934,19170262.667336836,20542131.840644535,20004088.19543665,20945668.480381265,21941300.363739103
2022-11-15,17582269.03074593,19173170.514580727,19175845.521689013,20548739.20518009,20083472.842997894,21046637.128838073,22064728.456389308
2022-11-16,17469108.775370605,19020311.00930616,19030279.669143572,20368163.384548496,19834269.11697265,20726116.48101502,21668719.063932307
2022-11-17,17524552.668096125,19094655.927255776,19060654.686209176,20405453.5327093,19953213.23067013,20877364.91658975,21853545.11136346
2022-11-18,17348260.764459193,18857330.880862903,18740305.22028981,20011127.777020697,19570082.123034984,20387705.892586045,21252332.478841398
2022-11-21,17265472.030139808,18745666.09310235,18604674.01794463,19843682.557775468,19388917.212612107,20155466.108873818,20966346.995833527
2022-11-22,17320061.502232965,18819217.000989065,18678726.535834845,19935216.21361066,19508297.49127696,20308729.806423374,21155432.170831844
2022-11-23,17359926.76144994,18872427.166672714,18749924.919750974,20022035.261228934,19592310.82329677,20414633.03428351,21283715.344810255
2022-11-24,17415852.20078684,18947708.264966257,18772466.12605935,20050201.928903915,19714156.452902757,20570769.841297682,21475988.16134347
2022-11-25,17433845.15260287,18971954.83537307,18869962.73654268,20170291.345742755,19753703.482112736,20621777.41088482,21539234.782412216
2022-11-28,17478712.37583189,19032264.89118217,18895925.449212212,20202447.179064788,19850956.038765498,20746115.458747298,21692010.769498885
2022-11-29,17368036.130907554,18883141.484390773,18654089.650503114,19904641.91645358,19609682.36111231,20437345.360297732,21312409.935096942
2022-11-30,17413303.38174012,18944124.921901233,18707693.642166033,19970969.272389345,19708674.634708807,20564462.26794738,21469279.165875778
2022-12-01,17382819.02031244,18902957.71392242,18681069.938667126,19938179.358164348,19641808.08348353,20478749.465848416,21363765.274380967
2022-12-02,17340984.077712722,18846262.28888197,18650392.11310936,19899811.23351703,19548916.49400843,20359065.50854611,21215713.369512305
2022-12-05,17469456.839981873,19019051.474272978,18911136.765286323,20220472.60222561,19827790.232125085,20715718.19445335,21654034.39336038
2022-12-06,17387229.797496084,18908421.572950643,18821901.054243945,20110827.961383637,19649902.141195443,20489142.24026002,21376857.65883299
2022-12-07,17285889.538864028,18771624.996245645,18635165.53727646,19880547.846772578,19427634.56298844,20204018.661515925,21025548.299623422
2022-12-08,17333801.10641174,18835641.266482484,18688747.210364494,19945808.50909522,19528963.770759933,20331930.209763825,21180688.860888787
2022-12-09,17266154.493018787,18744521.76333413,18565482.638182577,19794097.73542101,19381777.464646894,20143826.913572326,20949780.68194148
2022-12-12,17278183.375407822,18760717.347536825,18635690.45639197,19880328.778507322,19408214.35693627,20177982.227576356,20992218.07859477
2022-12-13,17336800.403331105,18839533.72317976,18707097.9809643,19968402.101581212,19535345.283939116,20340516.501561616,21191907.91593974
2022-12-14,17377387.013366967,18894108.8688566,18813746.801879685,20099759.3193969,19623458.065861017,20453261.78593974,21330547.502235178
2022-12-15,17262158.48226632,18738924.335553993,18613414.17211055,19853297.239861514,19372729.01746856,20132696.664832503,20936829.814826753
2022-12-16,16998552.209937446,18383697.488104112,18165898.314573612,19301672.68532328,18797400.469598297,19395766.42019929,20029988.88443204
2022-12-19,17220043.730335657,18682472.115064386,18542562.526259825,19766797.931911364,19283245.773397923,20019951.83937309,20800482.560935188
2022-12-20,17246071.890323192,18717682.237146236,18557420.922663484,19785806.64277699,19341213.49369066,20095121.469645564,20894158.414133824
2022-12-21,16819329.872138165,18141986.531906713,17900883.714647163,18974788.00035935,18405569.667129245,18893824.465009473,19412349.292255685
2022-12-22,16696352.393966325,17976376.772532657,17695511.577825963,18721878.26989401,18138024.91388112,18551769.825379405,18992240.776572056
2022-12-23,16211498.966446247,17322307.12932693,16850352.583081603,17678852.661312785,17075069.150572907,17187050.9726599,17308886.61390078
2022-12-26,16563035.723389145,17795750.576549068,17444529.846904036,18410916.394209415,17841149.161475595,18167974.324181046,18515676.75467472
2022-12-27,16718846.437738245,18006010.765248396,17676596.80992488,18697917.08880477,18183559.31922262,18608357.844338037,19059897.853278205
2022-12-28,16834433.70666182,18162434.144901752,17895835.410765093,18969464.741620325,18440515.797883485,18940753.2650446,19473031.560629178
2022-12-29,16928511.583111744,18289341.987648085,17994475.404695667,19091815.154717255,18647067.216750734,19206350.006605618,19801205.15217773
2022-12-30,16905517.52298737,18258016.99557981,18059272.47906,19170682.406077404,18594919.902324457,19138442.584311347,19716304.459539015
2023-01-02,16924019.987476904,18282783.575949375,18048459.951915994,19157318.00605066,18634493.40900203,19188779.315634426,19777849.773996614
2023-01-03,16862055.352526937,18198310.86973656,17941418.47749074,19024089.474039797,18493932.48810154,19005939.488222636,19549566.115133494
2023-01-04,16771252.352130283,18075346.735268984,17701383.810644563,18728369.949362352,18292804.500248373,18747027.798012257,19229526.46162598
2023-01-05,16800723.06842023,18114742.221148957,17822462.784938395,18877343.501495,18356143.441887926,18828221.10446601,19329708.120786767
2023-01-06,16713658.638145937,17997026.42530408,17654654.393716652,18670613.223887794,18164546.625564467,18582405.07895231,19026881.401863426
2023-01-09,16777215.422004795,18082158.20894506,17754044.33860172,18792718.07162085,18301035.78464165,18756517.562942367,19240451.833948523
2023-01-10,16592199.71980497,17832003.170167632,17522051.95889402,18505031.904831614,17892702.257811427,18231150.138675332,18591233.61026029
2023-01-11,16581324.024237782,17816836.861155357,17439528.47570294,18403338.35058736,17866698.11494764,18197055.652527142,18548493.044815816
2023-01-12,16552424.150778102,17777358.621624764,17417170.67268564,18375176.722779207,17801180.72604933,18112216.741111584,18443134.689853508
2023-01-13,16687768.009333497,17959196.046434168,17608069.381967742,18610133.486164216,18094212.662517972,18486804.101589225,18903368.6140498
2023-01-16,16639785.752640689,17893571.510056507,17534181.684557956,18517847.16115363,17984242.466268912,18343228.902376097,18723524.911580097
2023-01-17,16643395.443212725,17898077.07262446,17529964.126445547,18512567.06465248,17990846.651567865,18351541.14008599,18733752.29005366
2023-01-18,16650669.987194415,17907659.894308344,17582974.711141087,18577469.773853242,18006365.256814435,18371878.48953801,18759539.230330206
2023-01-19,16578977.361941531,17810587.891009897,17582960.751219407,18575954.865747746,17847897.774584096,18168265.4884039,18508384.734287247
2023-01-20,16466599.488992449,17658067.250464816,17434204.605969876,18390537.16012043,17596521.002057865,17842936.22766878,18104067.011417657
2023-01-23,16480338.869792594,17676230.107772853,17496789.585589383,18467166.980919346,17625303.973399296,17879728.002296615,18149444.932396166
2023-01-24,16446643.659109611,17630504.750058398,17409427.14923083,18359668.772979014,17550715.040384345,17784167.392548297,18032002.912813526
2023-01-25,16411745.031396244,17584036.204075143,17382954.278540473,18328556.46268913,17479215.990168612,17696259.77678874,17928554.59169249
2023-01-27,15955022.03473812,16967427.34455875,16717137.02911243,17505387.327551305,16475621.919699445,16406853.011819849,16337175.135336662
2023-01-30,15960754.21300222,16974790.07102233,16757302.653265152,17554335.727945317,16486827.672068877,16421022.73292702,16354550.403963115
2023-01-31,16166622.744522026,17251714.881012563,17040741.27784515,17903874.005979043,16934188.552461978,16993601.28372531,17058828.796167288
2023-02-01,16041501.883623412,17082611.905451205,16748917.0482969,17544130.733395364,16658817.347913072,16639987.46177787,16622727.637829388
2023-02-02,16055116.07784497,17099972.29230603,16722962.752104172,17511644.47471255,16683734.31427511,16669847.17533775,16657217.929540755
2023-02-03,16156822.236557493,17236905.27832019,16901389.348832496,17732123.780872248,16906611.79988967,16957002.310164157,17012954.554840617
2023-02-06,16202300.61884251,17297894.879157893,16982564.605173104,17832428.920778394,17005588.753315106,17084653.621255893,17171408.12299647
2023-02-07,16154998.238904737,17233471.812785223,16907156.34806828,17738968.43007808,16899468.78187311,16947852.653026618,17002252.251037184
2023-02-08,16172307.050660534,17255898.168839235,16947008.126376726,17787169.717414293,16933016.59087659,16989130.355825093,17051237.62298868
2023-02-09,16170127.076380057,17252544.38341344,16927943.479060378,17763831.93707521,16927141.885145433,16981903.23998273,17042989.816532195
2023-02-10,16242277.322636336,17349445.226903997,16994968.919751216,17847217.865245305,17084164.66701463,17183822.904344834,17292745.210329503
2023-02-13,16221575.340172583,17320889.144545164,16983131.149731353,17831943.13382486,17036265.445869338,17121718.42498899,17215662.8734369
2023-02-14,16208092.565507162,17302245.35651115,16940924.303856783,17780039.772122372,17005332.454364143,17082139.778076243,17167290.154373415
2023-02-15,16252568.492717518,17361992.528645147,17028036.661680363,17887802.913616523,17102829.27421862,17208354.273211807,17324544.789988838
2023-02-16,16359643.93193349,17505799.893222675,17233618.933787655,18140973.13440199,17335089.51426619,17506029.7332775,17691379.11691997
2023-02-17,16266292.86717659,17379190.19033543,17114317.361376654,17992798.683302697,17127552.07815555,17238698.003711447,17360807.338632837
2023-02-20,16269861.945543233,17383968.462072983,17132112.896641158,18015262.685592595,17136472.50993508,17251710.208087146,17379016.12346285
2023-02-21,16339427.646508146,17477148.704702556,17174724.771166835,18067959.899789155,17286029.69357647,17442702.020360686,17613574.500362895
2023-02-22,16225809.125523591,17323705.581332177,16960234.13155562,17803531.5054156,17037072.262417573,17123935.366560593,17221650.196921047
2023-02-23,16244719.364287,17348842.386820663,17033658.713346757,17893504.415698163,17077437.70904074,17175910.58713208,17286174.117453337
2023-02-24,16226560.24367642,17323692.04177294,17034551.613464702,17893694.67605005,17034693.98638133,17119990.080290135,17216137.949177098
2023-02-27,16217672.65872759,17310944.82556425,17015245.254418336,17869031.525906794,17011600.85471364,17088863.887560036,17176145.742676556
2023-02-28,16172494.503106073,17249575.88774325,16918424.99256839,17749530.77748268,16911102.256216098,16959729.844881356,17016953.218911868
2023-03-01,16294799.086094972,17413092.649597157,17157222.856635097,18042142.63086863,17171083.149133816,17289211.865269423,17418321.878569353
2023-03-02,16282954.396099566,17396492.318060264,17198820.64249462,18092573.014397893,17142409.34900225,17251523.36956093,17370997.944528382
2023-03-03,16291177.634871462,17407270.453060485,17211262.736642018,18107851.285091907,17159717.1853739,17274128.491530128,17399579.411965244
2023-03-06,16397936.929622583,17550980.023203377,17408424.38883956,18351191.61827229,17393158.871148005,17574355.557476148,17770790.823240034
2023-03-08,16471546.992102936,17649607.69015592,17522045.727239396,18491137.38282568,17551550.964443885,17776696.27233816,18019374.440188713
2023-03-09,16386005.1087554,17533712.72461483,17383087.587204076,18319077.49891574,17362040.16247837,17532915.837694366,17718301.41609234
2023-03-10,16327418.233798333,17454393.966382824,17303079.518032778,18219909.787389383,17232762.604462594,17367038.690722883,17513979.93745428
2023-03-13,16134375.222313212,17194239.60936344,16945633.39295719,17779395.772180736,16812163.656419244,16829268.95829494,16853524.850656044
2023-03-14,16069291.68734951,17106365.771543995,16854724.530204054,17667138.590112004,16670001.385923777,16647722.863006512,16630956.128840912
2023-03-15,16022155.030716427,17042311.299654454,16791091.02749291,17588090.144582678,16564659.268230442,16511843.63183631,16462743.968955938
2023-03-16,16087428.826462211,17130022.039442345,16868120.508594546,17683359.506180376,16706646.699148102,16694154.777724484,16687850.154323976
2023-03-17,16130648.316177249,17187154.24977453,16916267.81831255,17741765.910858385,16794912.079811104,16804057.759973194,16819420.32881517
2023-03-20,16073387.383356782,17109878.7298663,16773691.032658365,17566391.569218326,16670194.611261852,16645093.406212283,16624927.491319697
2023-03-21,16064434.987776916,17098060.71862458,16799265.403379343,17598203.970513597,16653287.87952918,16625781.188183848,16604217.853325982
2023-03-22,16033257.409477962,17055602.613477506,16714795.546588492,17494130.117133066,16583394.109248755,16535731.435058847,16492941.486545265
2023-03-23,15959351.356257062,16955847.191859342,16589197.47731788,17339195.65206424,16422012.27829886,16329579.807526924,16240103.430053681
2023-03-24,15901769.681416623,16878013.898856375,16448885.797665853,17166520.000212416,16295785.173613513,16168167.463557582,16041968.389191328
2023-03-27,15867292.533727128,16831365.566573944,16384612.360568162,17087346.36201354,16220344.461844534,16072067.90118884,15924543.291151645
2023-03-28,15815122.351860799,16760676.72768195,16316936.81597875,17003312.761046134,16104974.735003985,15923954.04033284,15742023.449571276
2023-03-29,16023892.314728498,17041689.010965306,16663005.970988154,17430195.437344804,16559873.481907388,16507022.350996416,16460284.27320481
2023-03-31,16220885.467959015,17305896.84740193,16954512.565728206,17788551.21303797,16982982.77856855,17045438.17332808,17118730.311476488
2023-04-03,16276988.781320345,17380969.645190924,17139030.103314154,18014891.078686424,17103125.462049913,17198580.994895857,17306470.654617045
2023-04-05,16226452.779379455,17312532.391760338,17092589.061034583,17957292.467904203,16991922.40797956,17056377.240378052,17131990.910419103
2023-04-06,16209451.196561612,17289371.073093414,17069924.21518509,17929427.074191224,16954499.93425353,17009076.904910695,17074791.975916684
2023-04-10,16256073.333915573,17351895.634927336,17167710.80232334,18049821.31875356,17055670.93410424,17139169.936855365,17235740.33380105
2023-04-11,16321855.068268575,17440247.769089267,17289009.976260148,18199374.590854168,17198749.966460824,17323033.229828674,17462987.74802178
2023-04-12,16304303.80035072,17416202.603547473,17325472.55508097,18243640.380716246,17159205.094454523,17272428.55087748,17401005.656940535
2023-04-13,16359415.98716204,17490082.822786234,17340738.526162583,18263204.23705319,17278391.504823476,17425309.97027407,17589674.044187266
2023-04-17,16418389.037796084,17568679.73498651,17449406.926139165,18396261.636889927,17402854.17058524,17582927.07993724,17781675.017251242
2023-04-18,16398845.11621505,17541473.139260005,17476880.491235938,18428558.83605344,17355854.086393632,17520756.59314571,17702956.71989892
2023-04-19,16380711.789643148,17516979.303360883,17426953.492069703,18367713.959426843,17317222.920667566,17472733.080866385,17645896.908200208
2023-04-20,16357036.68259358,17483913.473916437,17395025.449417885,18326689.21479834,17259300.60438621,17395337.202859916,17546911.678476933
2023-04-21,16306303.290497107,17414206.096181642,17276104.682804782,18178591.046317432,17141158.213576846,17240068.647375263,17351207.188357633
2023-04-24,16327766.860766664,17442781.178770773,17341951.424108922,18259441.889846295,17187097.922175936,17299199.459097996,17424563.30312788
2023-04-25,16389149.46195689,17524727.313785587,17363141.629922904,18285629.567594294,17317486.237180907,17464837.09179808,17626965.18573119
2023-04-26,16432024.43983802,17582096.62617869,17421287.79405055,18357355.61084983,17409805.155056927,17583174.102110844,17772944.611914776
2023-04-27,16441046.242210532,17593831.85859472,17458491.820035502,18402855.265069187,17428103.04050022,17606581.87044834,17801951.001386624
2023-04-28,16560497.402947491,17753724.641735874,17582683.128977656,18555489.678075355,17683321.75684253,17930939.818316374,18198242.7964805
2023-05-02,16654362.83771251,17880065.677555826,17801069.47514964,18824462.907996856,17888651.159295756,18195159.67700943,18525133.886851083
2023-05-03,16720031.197976224,17967824.975593884,17905254.168319013,18952281.120792877,18028627.383115448,18373210.668341935,18742957.702462394
2023-05-04,16802827.33059308,18078718.092545792,18007080.825124614,19077629.855176866,18206360.544601303,18599893.483376496,19020975.64056604
2023-05-05,16684610.384839844,17919975.536060404,17800551.306637842,18824720.424453646,17953221.768333904,18279570.774519507,18631851.269428536
2023-05-08,16758856.106070995,18019765.47795142,17865178.195575446,18905051.532138653,18114984.65464458,18487496.721459888,18888861.961517494
2023-05-09,16749440.548697492,18006540.419125695,17903906.437942814,18951940.27550289,18092278.86929764,18457878.671850316,18851988.106606573
2023-05-10,16801744.402502198,18076578.221120205,17982795.31930977,19049100.022360377,18204943.857902285,18602133.125384666,19029684.188551493
2023-05-11,16826044.282023173,18108685.414025813,17995583.951233793,19064570.651693363,18255202.83572392,18665603.231464725,19106913.406795643
2023-05-12,16716201.77507079,17960263.329512835,17816601.55113577,18843737.820622414,18014079.482069556,18356636.05245839,18726773.26878865
2023-05-15,16757058.68135413,18014594.331443127,17910493.70745296,18958567.42442708,18099922.920058686,18465343.67887348,18859252.285036977
2023-05-16,16785338.286024664,18052404.762525138,18017869.130175292,19090435.032183282,18161074.767454352,18544180.2988609,18957130.018367823
2023-05-17,16799673.393521268,18071184.13844824,18034523.122441612,19110718.54803201,18190233.59555185,18581041.867667835,19002136.16630643
2023-05-18,16724475.810329169,17969423.14564342,17925032.48356456,18975325.977008447,18024584.126473043,18368665.997484982,18740750.338786315
2023-05-19,16657797.893046528,17879310.323028307,17862550.784356214,18897914.037186958,17878628.71554601,18182234.54347689,18512183.811340008
2023-05-22,16722687.707578443,17966085.864910424,17945678.207259685,19000063.065934848,18017329.193855073,18358920.463016175,18728655.976131935
2023-05-23,16735647.436744185,17983402.865565777,17962887.412659474,19021756.08880536,18045780.382990506,18396208.667946503,18775808.776153237
2023-05-24,16735982.583029598,17983731.752470143,17989629.87298833,19054578.78899528,18046774.084466387,18398317.328934424,18779604.791250817
2023-05-25,16819992.605099846,18096382.687780134,18083213.28472381,19170407.898674373,18227487.42013746,18628775.77239985,19062193.268463284
2023-05-26,16940273.20014233,18257863.247850385,18275739.92501028,19407703.905838683,18487081.491358712,18960101.19254826,19468690.558581345
2023-05-29,16987117.369911894,18320772.740687765,18431227.33169513,19598744.93741509,18588785.86183197,19090591.762506694,19629698.130816348
2023-05-30,16975130.8400629,18303948.947909497,18385226.256969184,19541617.07508477,18559090.68906081,19050823.950098686,19578787.672957413
2023-05-31,17011704.268105913,18352932.126195587,18346657.858509097,19494826.782405097,18637814.35136241,19151512.274518177,19702669.45077879
2023-06-01,16932486.198752917,18245694.070065606,18066985.50237135,19150278.52042436,18462166.65314459,18924978.92568019,19422011.894710034
2023-06-02,17048420.003768515,18401925.921946283,18249665.331256106,19376517.448389284,18716218.030800197,19251736.367736243,19826011.091426343
2023-06-05,17083763.199400023,18448878.613523424,18268728.286041416,19399645.96363885,18789835.511073627,19344327.344878126,19938009.2416796
2023-06-06,17239974.932440467,18659369.28887339,18475151.365030404,19655439.85954348,19131708.32347925,19783533.820887573,20480332.492199305
2023-06-07,17422685.637756534,18904546.726192627,18695759.818309043,19927615.75706326,19524876.67577208,20284344.874754217,21093482.929396942
2023-06-08,17368236.28241565,18830720.4888116,18577277.674631722,19780675.6952755,19403778.37702679,20128157.347952623,20900004.246133283
2023-06-09,17380622.321849465,18847413.519270077,18585341.52432101,19790454.922790945,19431575.501737714,20164689.415610213,20946172.328228984
2023-06-12,17362726.617957637,18823299.59907019,18562607.018855423,19762158.155182734,19393267.713568535,20116544.021688536,20888148.606401566
2023-06-13,17481695.00926644,18982970.303531848,18726397.64773258,19964241.694883328,19649732.531736907,20443698.21664717,21289319.14333033
2023-06-14,17508087.91543825,19018141.847598296,18766862.194164533,20014000.43775466,19705636.68913882,20514781.301523518,21376318.403061736
2023-06-15,17503075.727638185,19010665.756450243,18731532.93058608,19969797.125632394,19690821.780043107,20493833.891496167,21348253.369601585
2023-06-16,17670268.364246383,19235416.835534025,18953894.937043913,20244402.563884363,20053199.078629084,20957101.045773108,21917479.98015441
2023-06-19,17611441.657773662,19155609.382487178,18852988.35308772,20119489.16023908,19922090.233446136,20787899.956749123,21707836.966094133
2023-06-20,17678235.903604306,19245202.458110582,18938667.19628013,20225218.70404184,20066083.74136097,20971802.485711448,21933673.168109007
2023-06-21,17643551.236031402,19198394.011005584,18893738.877226423,20169757.043455534,19990697.951867245,20875920.550654896,21816640.57287177
2023-06-22,17447055.977399647,18933447.38876202,18605186.51792176,19812533.13292601,19561274.495717913,20325694.04114406,21139255.801605802
2023-06-23,17303810.28616778,18739992.149510205,18368824.106264547,19519934.39275287,19246466.36677154,19921368.205883697,20640372.132405795
2023-06-26,17322978.650417026,18765014.88294441,18350879.318559647,19497480.361703746,19283924.880179897,19967111.590358052,20694084.54969599
2023-06-27,17267448.39285482,18690466.43206488,18309075.937245056,19446033.130748063,19165279.456511397,19817218.291608892,20512289.273411617
2023-06-28,17437748.40134579,18919726.6591593,18588305.351312134,19790802.049615912,19536530.244243145,20293197.93705739,21098821.435895287
2023-06-30,17542684.460951723,19060538.527398467,18789784.007813297,20038448.009023134,19762635.221230514,20581563.5265656,21452327.536037352
2023-07-03,17496013.793011896,18997380.179524068,18733949.938930992,19969017.279264554,19659776.0628125,20449616.566705145,21289813.785321824
2023-07-04,17465211.220767755,18955295.02039396,18684223.604896456,19906952.087716766,19589832.03797866,20358923.837974556,21177011.502734564
2023-07-05,17525712.20130686,19036321.33533582,18722308.080465198,19954292.607477617,19719794.521256022,20524834.2544498,21380730.44784638
2023-07-06,17675025.57617093,19236602.363499172,18958814.711118545,20245276.978409596,20040950.52492382,20934041.654070787,21881917.96085636
2023-07-07,17585338.107359182,19116008.240485705,18880392.93056218,20148757.1859739,19847889.481064487,20689076.828389682,21583485.85493581
2023-07-10,17458848.37873267,18945069.112830013,18686568.116296854,19908538.126943324,19569520.97249328,20331520.881277926,21142318.95661926
2023-07-11,17680653.34068778,19243494.610807218,19011617.50738616,20310217.501557864,20051981.248706,20949434.81037799,21902979.50663331
2023-07-12,17706570.353777543,19277823.701982386,19065252.402949184,20376193.4062195,20105851.360916607,21017498.02130703,21985842.392093204
2023-07-13,17546137.60741967,19061222.670522798,18730248.439405788,19962646.495147824,19753858.55084823,20565886.132403955,21429214.416463263
2023-07-14,17605398.463669207,19140856.177692465,18814869.622876957,20067089.018018484,19882876.126060005,20731661.164235987,21634045.433249354
2023-07-17,17597888.75078641,19130106.104872767,18783046.230912484,20027510.88816445,19863484.66643763,20705601.524513923,21600675.177790843
2023-07-18,17612677.259888735,19150341.383103237,18825663.23102113,20080719.016514085,19898332.35621933,20752274.72230943,21660742.41297125
2023-07-19,17645301.045978505,19193910.45730703,18879494.6510771,20146519.85057022,19967555.48832463,20840034.118350647,21767711.874536898
2023-07-20,17599148.975852948,19131842.7553367,18830719.746981062,20086119.550939832,19868076.163033836,20713652.4316463,21613492.14753123
2023-07-21,17525320.64054313,19031638.965495583,18703474.03853796,19928086.55426566,19702699.111668028,20499297.89454089,21346597.050555818
2023-07-24,17485102.113570508,18976445.198469028,18714706.721383825,19940186.537774168,19608983.48566288,20375795.590139426,21190457.95985611
2023-07-25,17616259.289887454,19154182.217324663,18960139.637010235,20244613.59173616,19902348.694753632,20756542.608224273,21665231.101548452
2023-07-26,17685215.954143655,19246360.574617714,19018582.886452213,20316613.67139868,20048722.343941595,20941892.509248868,21890884.418301553
2023-07-27,17595653.701882172,19125406.531142298,18918822.886464972,20192576.36741683,19851923.595861632,20689155.757015474,21579057.21992588
2023-07-28,17794015.015366066,19392019.41158554,19184669.077928856,20520606.14963906,20281196.353584282,21237243.773673054,22251562.77722042
2023-07-31,17977261.825942725,19639565.57880235,19575176.78908173,21003081.89464915,20685923.54252285,21759328.979491245,22898794.348116085
2023-08-01,18053535.110155802,19742746.703604538,19846656.00585381,21336660.495689318,20855580.406748407,21979067.14880714,23172283.373039268
2023-08-02,17812191.528697964,19417723.23078557,19380621.092279326,20762266.695039723,20330323.198749665,21307239.952944346,22346651.995341048
2023-08-03,17754581.310668793,19339595.212747708,19225952.961609423,20571285.932681993,20201832.095028087,21141152.452473234,22140458.95542331
2023-08-04,17801308.113617674,19402638.53982877,19355206.09807506,20730380.393318757,20304924.20301836,21274324.47060321,22305849.30333652
2023-08-07,17800667.44194035,19402140.437625565,19426025.140054967,20817916.85660605,20306481.627901454,21278619.64202074,22314110.839063928
2023-08-08,17776771.27807778,19370482.113433097,19350092.393722974,20724403.254029963,20216134.403678466,21164119.357963413,22174765.736907326
2023-08-09,17870947.62411194,19497964.545382682,19539646.395403266,20957899.341694415,20383053.390719734,21379492.76038627,22441846.66506152
2023-08-10,17722041.546933476,19297174.176737495,19384458.211095724,20766158.03129688,20118127.69975651,21041178.29329219,22026772.89701285
2023-08-11,17749052.184519034,19333679.50552416,19484636.952047702,20890190.231338724,20234558.90119792,21192639.75846345,22216154.951677624
2023-08-14,17654323.601461805,19205820.44901212,19288113.56054416,20646740.30105564,19974634.16552861,20857344.29044979,21800616.98868024
2023-08-16,17693117.757447544,19257396.641304303,19438634.112257626,20832925.20188759,20201305.188200127,21149197.97049925,22161793.949311823
2023-08-17,17626374.018237267,19167453.149774484,19319404.58435658,20685844.527064648,20055314.396187253,20962291.6263087,21931969.850149572
2023-08-18,17591174.290324826,19119336.51532482,19237712.18879557,20584724.324543532,19984304.30272918,20868966.563462652,21814297.86322435
2023-08-21,17679136.87959039,19237699.32437652,19438226.237132426,20831574.33940363,20184271.08234345,21125020.96992556,22129427.834771305
2023-08-22,17788315.017422587,19384583.401047632,19593703.703571577,21022689.12442963,20384915.01710391,21380387.82871167,22441770.01877944
2023-08-23,17845795.726027593,19462195.372598745,19661242.70974971,21106137.036157895,20474155.097488716,21494693.41177661,22582585.490692202
2023-08-24,17883387.136170793,19512116.177196965,19695274.770532425,21148158.31787192,20576770.644447755,21624143.231597446,22739586.663192414
2023-08-25,17706196.346925296,19272162.877021432,19427203.445081614,20816032.169616506,20222956.542627916,21167029.79787235,22172231.999438237
2023-08-28,17802883.56129501,19402483.853877645,19590972.901299126,21017917.754408725,20396610.352282777,21389002.88937087,22444994.29833036
2023-08-29,17951442.903595716,19603579.031413645,19822356.428828422,21304998.34827764,20724063.81812861,21812691.046309456,22971832.295154177
2023-08-30,18005124.118063997,19676180.24176443,19913777.019106507,21419150.44575586,20893426.915363163,22032482.483815625,23245968.272000145
2023-08-31,17929530.730081804,19573917.180130012,19887785.625272505,21386413.893779263,20759214.522825785,21859957.359357674,23032977.537523028
2023-09-01,18216509.179466892,19961288.850533776,20443042.851777483,22071462.786650278,21385402.09169765,22665307.578561716,24028255.940788522
2023-09-04,18410473.48344282,20223356.385684323,20898557.771473024,22632683.510758437,21788921.08418776,23185316.393824987,24672303.13339884
2023-09-05,18392427.51858084,20198783.61467787,20991955.9983084,22746789.236282285,21758178.308809746,23145723.323728647,24623468.19326473
2023-09-06,18416046.895948466,20230821.169088718,21025475.349739045,22788835.407580253,21793985.19622991,23192678.663358927,24682798.840556283
2023-09-07,18499361.29032921,20343186.338279083,21452881.671189927,23313844.283370588,22002873.459876135,23462102.626255877,25016839.48440363
2023-09-08,18670504.193344872,20573940.891706247,21816572.14574056,23761253.526604958,22336142.88110983,23889213.273432307,25542915.261271145
2023-09-11,18805091.415934794,20755894.51601154,21951202.884027522,23928524.214021623,22591873.62360847,24218890.48151283,25951430.2869619
2023-09-12,18388708.80881036,20194338.472022794,21173750.730937146,22969578.45991098,21693736.528307486,23066696.65567851,24531279.322906084
2023-09-13,18394504.839844566,20201193.870352216,21368679.793331463,23208152.18379065,21775486.08691522,23170115.378244523,24657112.8055708
2023-09-14,18479065.169506855,20315479.9452762,21451588.860280775,23311294.47494278,21936352.474408485,23377585.428723436,24914363.785408735
2023-09-15,18480761.90528493,20317711.41918827,21565367.179357708,23452904.776836693,22058837.717628434,23538192.14735918,25116778.322349686
2023-09-18,18605699.21709836,20486027.27833493,21781005.37842205,23718437.40234864,22318543.041089296,23870951.41749516,25526513.736413818
2023-09-20,18449170.1916696,20274035.00135504,21575657.686506685,23462944.549769796,21969441.323174737,23419542.826859206,24965795.38778592
2023-09-21,18277576.399793677,20041729.129952125,21259138.37598207,23071602.14406395,21613165.12504266,22959601.735270802,24395395.1757354
2023-09-22,18195173.729006168,19929874.274292484,21206116.80776397,23004913.028576415,21480351.406145766,22787888.518976532,24182188.024994653
2023-09-25,18247684.746556066,20000664.69693287,21335267.348634068,23163496.650459677,21559744.046041384,22889319.88515761,24306817.268609405
2023-09-26,18312631.87012462,20088506.58948033,21389667.547986247,23231099.517152056,21664362.378134847,23024223.635127842,24474088.82456135
2023-09-27,18324091.54510573,20103933.00075136,21492052.9657069,23356996.145045757,21717163.836642068,23092984.40124575,24537853.07039264
2023-09-28,18119468.494653206,19826762.063826248,21220875.118757308,23021435.488324244,21335473.245632175,22599767.34422403,23986950.436597712
2023-09-29,18316717.48884199,20093201.543568246,21536666.24644126,23409841.20410393,21710103.71677392,23081310.45650935,24511553.261314727
2023-10-03,18247559.479840428,20000512.301221345,21339857.31075728,23167292.231969178,21501921.79644487,22814982.280325625,24203162.966415126
2023-10-04,18034995.72472581,19712504.44554353,21017487.659986727,22768936.587797605,21084363.232072107,22275079.131351963,23530916.310217664
2023-10-05,18106096.098788682,19808933.71615338,21054707.786780793,22814566.926870428,21103804.036720604,22299374.27083204,23663455.532776713
2023-10-06,18233353.66900927,19981315.15081989,21138955.164196715,22918980.514788814,21290308.956712764,22540316.663481474,23942017.20760616
2023-10-09,18149550.558929928,19867454.45579589,21122827.723264,22899911.83746158,21201627.22402177,22425789.425875187,23781516.464156777
2023-10-10,18375434.109150026,20172667.444248747,21640409.83750549,23536585.325085536,21643818.085840654,22995383.851233467,24534803.13193842
2023-10-11,18409753.21346405,20219899.663949534,21597303.74948678,23483624.21327531,21691236.87800996,23060193.198143166,24497559.090739794
2023-10-12,18630709.039210107,20518591.810984287,21959606.350250363,23931074.645450205,22103644.24597682,23591438.117508695,25129972.034954563
2023-10-13,18679596.617141984,20584764.06315141,22047729.977679454,24040421.814044785,22172968.828918,23680876.78457736,25330995.520278748
2023-10-16,18738078.899334095,20663771.248291507,22197447.468021374,24224791.860731106,22326552.308659676,23879990.056055807,25479887.668469295
2023-10-17,18804020.51379532,20753368.6678436,22328768.749562543,24385716.07658148,22468686.890902836,24065878.841807432,25591892.249771643
2023-10-18,18606139.70187994,20485841.78688539,22057675.35623493,24050410.85100037,22076843.26881696,23561567.49283889,25013953.417355426
2023-10-19,18524157.61247341,20374399.615098312,21962543.138947036,23933123.439879153,21963611.733124554,23414806.014019337,24843936.472801976
2023-10-20,18353752.589758396,20142496.298822522,21837215.466267586,23778593.540019892,21718765.78725483,23095320.814603325,24499046.45691369
2023-10-23,18107910.02482012,19808878.620196816,21476715.649266932,23333529.338723242,21244310.24439349,22479581.194028374,23663443.187148277
2023-10-25,18016124.205687284,19684794.472711522,21369658.61763211,23200107.961504754,20981933.349544495,22140494.530669164,23149665.480803467
2023-10-26,17921398.967776027,19556272.969042692,21205897.195032224,22998778.790528458,20797244.51544609,21901126.523865663,22999453.22042912
2023-10-27,18207972.35901836,19944447.83042469,21670542.44537448,23571703.184537064,21344291.751413133,22609135.687383026,23863525.22933039
2023-10-30,18216318.226556525,19956364.960813202,21634957.437861424,23527671.483554557,21331105.56929393,22594809.028392214,23693094.273835037
2023-10-31,18163837.04331746,19885222.577544812,21578655.272339355,23457508.283748515,21281763.60330618,22532203.854436327,23542569.93624481
2023-11-01,17984475.640718892,19641628.245591845,21249036.676101025,23050470.523511704,20935161.795794457,22081952.17671758,23063012.57041868
2023-11-02,18187235.85703658,19916521.468537908,21462687.14377561,23313973.736106135,21276381.579608966,22524501.15238613,23581437.429999683
2023-11-03,18263792.012530647,20019535.122225814,21633985.504682392,23525160.563729763,21414947.933054473,22701448.99106573,24024212.573817987
2023-11-06,18461158.748575326,20287893.198383704,21831037.98994533,23767751.46672053,21785640.788788255,23186293.343526114,24427164.93458446
2023-11-07,18540125.827697907,20394288.573777854,21887927.22103641,23838051.787717983,21918064.03944631,23355804.349414572,24934047.33647232
2023-11-08,18573822.73042856,20439374.369968615,22019367.261386108,24000138.495388288,22004407.158656992,23466253.42550073,25220548.382652193
2023-11-09,18552838.81702305,20411220.054013576,22051540.65988306,24038568.927813042,21957030.169937793,23407045.807687838,25033205.194846712
2023-11-10,18518992.229454238,20363863.708158612,22087681.228209287,24082044.044017576,21999764.34155727,23458835.30625739,25214120.785853483
2023-11-13,18706372.031396043,20617245.17809689,22697336.708689567,24830142.613152005,22355013.905491736,23917315.92528908,25684939.15356588
2023-11-15,18811021.083835695,20758742.989692442,22876426.65782284,25051933.96861949,22584599.329243995,24214500.668437913,26155219.549484845
2023-11-16,19025565.175597344,21048605.1886056,23121740.28049711,25356935.856454164,23021908.553800102,24778211.557637244,26945072.020837635
2023-11-17,19273722.50188776,21385470.34130506,23365756.8190455,25659460.935048312,23520604.734830897,25427610.203736506,27548051.360023156
2023-11-20,19223235.912484396,21317359.85656634,23286645.708158433,25560792.589362055,23372545.534313954,25237510.76550343,27366731.96717915
2023-11-21,19239279.81142969,21339328.143956132,23305958.090698414,25584405.451026015,23421335.355393834,25303034.905403286,27339443.990372248
2023-11-22,19267260.01589128,21376373.176382676,23370531.961397655,25664687.815672703,23514182.69381626,25420971.71155705,27433955.77981338
2023-11-23,19314908.409799207,21441030.15921335,23479627.847333156,25800139.34481038,23620641.873763487,25560290.809940815,27722854.436467327
2023-11-24,19343902.469843738,21481103.728291735,23576856.23578193,25924479.99092791,23752335.83318402,25735589.800797775,28358827.702786863
2023-11-28,19574140.559314985,21794218.004906956,23996473.79459501,26444773.242081262,24157177.762767106,26264176.171460282,29146245.397046536
2023-11-29,19721842.80609986,21993623.964101464,24160134.53966241,26648240.60205827,24408785.28328697,26586794.201821696,29704752.07023923
2023-11-30,19843655.13424641,22157417.860954165,24364311.873375762,26861170.46089956,24648885.698155023,26892865.27997745,30224259.682900745
2023-12-01,20127862.777236722,22541846.989495497,24745641.80465675,27356914.19766876,25218591.829187468,27628451.052936763,31253951.453880936
2023-12-04,20341273.51556151,22830114.349100053,25131198.318892382,27792088.36640726,25570643.72575113,28079960.84766344,31957625.363489814
2023-12-05,20393180.87587971,22900297.966817193,25252438.129019056,27914602.192465216,25661605.999529906,28197329.950856093,32272928.65805942
2023-12-06,20411007.10971524,22923788.554801915,25140218.333404846,27848228.91218105,25640850.874426976,28167408.329537302,32874624.96365626
2023-12-07,20626475.178796746,23216141.54696671,25487197.031281862,28215863.5408939,26117059.742747247,28786915.58308941,33446203.732623436
2023-12-08,20601656.71259667,23181740.041856542,25451560.998656347,28186416.70210855,26026057.93812076,28665608.241019607,33595271.32336176
2023-12-11,20774989.18358421,23415519.701706357,25644354.42776733,28486188.530222334,26364133.210296944,29099323.568456717,34250615.9685094
2023-12-12,20702264.19692633,23317286.749797333,25475900.112232834,28295821.045733422,26203267.44852949,28892465.63136908,33936095.969517045
2023-12-13,21018201.45580798,23743862.816956088,25948767.505398244,28816142.056859046,26812381.249194883,29674577.865386736,35057331.66159729
2023-12-14,21263441.529422306,24077783.53989657,26246440.406357594,29232186.21982085,27375577.213041387,30412453.519859,35738683.09198794
2023-12-15,21405437.59258361,24267466.444142453,26585153.47198683,29639456.606506836,27781914.172979698,30929516.33572015,36345534.17196804
2023-12-18,21532703.354122654,24439373.77746105,26590625.993800677,29608733.405766837,27968254.554043997,31168654.51899609,36554413.24665742
2023-12-19,21515946.351092756,24415311.582448583,26919595.61307758,29935229.070021756,27909169.714784116,31086793.00033965,36357124.33797825
2023-12-20,20870604.470823236,23537818.348429173,25980190.427122492,28776523.972278137,26647783.107276328,29441490.57606645,34341302.26964089
2023-12-21,21044825.14866753,23774505.24208886,26177038.73063288,29075458.91677869,27006371.96172224,29909364.516412884,34904740.3707674
2023-12-22,21228727.70031038,24023524.228368476,26653482.99453818,29615444.26560351,27435688.31553472,30465849.160587944,35594825.60474384
2023-12-26,21552882.887461603,24461716.40242698,27152130.415602118,30198345.59580984,28075262.72863461,31290031.866471104,36967946.10641619
2023-12-27,21597830.49144256,24524170.92768425,27146831.27459905,30215024.07462863,28178246.885309212,31430804.386951216,36973074.87037197
2023-12-28,21751845.3461774,24731864.200869303,27621334.500652794,30720016.057787932,28519449.696805336,31869813.95278441,37321376.84459805
2023-12-29,21915383.968065564,24955731.152825847,27607409.41014524,30762134.327208832,28838950.295651793,32293840.447799645,37565441.50729482
2024-01-01,21990965.938635215,25058562.472906128,27776438.788401067,30954612.457710117,28994813.55973378,32498279.62661568,37789383.68544763
2024-01-02,21708220.42956106,24674073.989983074,27637865.176937968,30664878.648148112,28441208.976761833,31776916.325555705,36752460.12654726
2024-01-03,21766209.423069447,24752691.1246939,27537267.27317683,30473532.91086191,28469696.459461108,31813366.539494872,36980583.493193015
2024-01-04,21915181.18958481,24952163.354510326,27769125.33252198,30772277.312063552,28779585.550491683,32205384.879230313,37621866.03453642
2024-01-05,21971259.463033497,25030453.160269216,27829220.356379054,30889616.108865824,28988193.09435922,32487372.19116857,38210515.75218256
2024-01-08,21977322.30640114,25037600.17726395,27795802.68188476,30905982.620709054,28999697.80468764,32497897.727887496,38369961.85743155
2024-01-09,22172892.033952355,25304465.295747563,28141799.837393135,31273562.908999793,29353889.90449102,32964452.49164947,38911365.84914503
2024-01-10,22227430.941739492,25379850.37881062,28216704.157691605,31223082.126626246,29376301.410981707,32998893.726909973,38972176.089068525
2024-01-11,22412048.095165044,25631440.765315577,28452659.489950564,31531555.06548523,29850129.35408973,33620916.396533854,39455793.751365
2024-01-12,22471071.106380716,25710685.60902012,28426756.998515137,31565904.32271889,29945702.919476107,33741764.306499645,39567158.515727855
2024-01-15,22572899.757300533,25847219.33338425,28746585.81231247,31944523.36317201,30087964.67711108,33919095.26826689,40226772.371416315
2024-01-16,22314748.553098284,25495810.872951224,28321171.703661613,31455834.005923428,29611796.874588646,33297217.587361015,39303208.286946215
2024-01-17,22176612.04475583,25306926.769998394,28094341.33573304,31204982.08006469,29281373.387015812,32861832.428419597,38801199.74634718
2024-01-18,22073975.760317177,25168107.477443103,27965097.97904262,30940476.95020366,29065567.27765766,32584011.819736727,38501072.5817055
2024-01-19,22431749.67617865,25654101.141312607,28618021.303325348,31734079.983893342,29912538.057907388,33688431.196189836,39882809.33629424
2024-01-23,21909254.46308903,24944305.425943818,28168947.216103803,30879118.898353554,28922441.97388159,32400179.439784992,38111564.75696797
2024-01-24,22160432.61136905,25286524.063533846,28719770.695642896,31535488.599041447,29499977.700807735,33157189.28700866,39202055.94945265
2024-01-25,21908680.66941639,24938485.50411695,28354867.057546187,31246796.94874978,28969161.102816887,32441498.586739734,38310001.095147856
2024-01-29,22198738.5473843,25330525.112082142,28996829.299791496,32157830.447492056,29560183.6021439,33203437.27400996,39388546.07604952
2024-01-30,22067547.30151405,25152275.444399133,28490716.406682193,31605736.628197324,29213688.96596659,32752520.615530297,38880998.77925408
2024-01-31,22268887.36397001,25427613.915715452,28744772.929312907,31796271.516946822,29632877.834489785,33307172.73436085,39056760.740685664
2024-02-01,22331652.812113706,25512374.3309979,28849797.64350532,31790435.709415805,29604103.692698352,33266925.200615026,39017279.8890992
2024-02-02,22706332.346025355,26020726.67341599,29503116.748945873,32580191.285397768,30351460.34290704,34238021.08129905,39870547.838409185
2024-02-05,22657304.249997642,25953456.25245195,29775906.83663258,32758414.529275134,30168519.340437204,33997324.95253002,39317088.07808505
2024-02-06,22874026.319499306,26245854.546328243,30248563.73134419,33373770.15232727,30699618.251832966,34681766.3837768,40221882.601935215
2024-02-07,22801267.586595934,26146201.383466717,30277311.19534356,33359193.863320995,30569121.240262553,34509209.88565692,40016769.12791656
2024-02-08,22809077.53263162,26154914.257983312,30329781.07965332,33489628.635769516,30547233.018713668,34473127.84706175,40564324.7280789
2024-02-09,22622091.76349903,25900973.106851697,30146848.369999576,33192947.105475675,30169024.723302457,33981397.25340378,39645410.8347833
2024-02-12,22389617.495515317,25587497.89348451,29561458.05654282,32498558.205574237,29728775.26524382,33418268.891368203,38796829.84968298
2024-02-13,22569881.983107604,25829582.99837615,30223032.045796376,33226949.830436625,30153895.88988877,33961425.23741858,39683149.989748254
2024-02-14,23014696.935022656,26432178.00453382,30937322.218905866,34231437.7028951,31064410.872757442,35140821.922261566,41107926.899576165
2024-02-15,23181395.831119504,26654834.017974406,31454323.89159782,34878909.43696222,31521802.652061503,35721986.01232499,42129540.851039365
2024-02-16,23350978.123635083,26884572.000725295,31789569.992026273,35227530.98012163,31875969.351703685,36181155.05515343,42848751.70945899
2024-02-19,23416540.83269603,26972336.083106853,31646382.2977838,34944804.75155264,31980819.738110103,36312796.80147892,42785713.29943392
2024-02-20,23482694.7766603,27059510.749832958,31552466.351883173,34898415.54131492,32037953.589254007,36375673.75257695,43003171.688876875
2024-02-21,23085534.7780336,26521092.923647866,30746872.52248554,33919441.852457225,31181453.854917113,35265235.02110811,41557693.39248279
2024-02-22,23476689.34884397,27051237.51187267,31487880.124112733,34814627.41550429,32006129.87773618,36334774.537082,42946447.98865259
2024-02-23,23641194.813200362,27273525.844564024,31743551.881272063,35085385.22819586,32289467.865695875,36698856.96592899,43614816.70190032
2024-02-26,23674690.57964014,27317356.302829925,31791156.32025381,35131422.92950445,32347456.241411097,36767809.412315935,43761077.93972888
2024-02-27,23633105.580482624,27260332.952149957,31784851.912642017,35059418.33550705,32253386.177210562,36643666.0663151,43832867.76761548
2024-02-28,23335880.893548094,26854918.58652576,31304094.890885614,34501520.85920319,31664166.96256204,35870134.54881405,43045991.229681924
2024-02-29,23503640.675137922,27082376.215986133,31565444.283636637,34814298.41613722,31994659.16983079,36299091.296901315,43514457.4198376
2024-03-01,23807361.34202716,27493736.816774055,32135771.26875337,35555963.28980905,32670803.95969994,37175229.78791499,44762473.17472999
2024-03-04,24132938.14438942,27941907.557436474,32579896.45479738,36348539.29809258,33417874.309564527,37800998.79335329,45632078.55971511
2024-03-05,24307163.736716095,28176523.44222146,32969752.657079853,36822164.628101625,33774027.90786612,38259197.35654028,46369132.81225396
2024-03-06,24189597.658175457,28018766.975161448,32968756.382596742,36841885.7852044,33708142.46594027,38088675.613364376,46229063.64235453
2024-03-07,24255505.86829541,28109746.573283225,32876283.27375877,36779639.16968775,33810587.19466716,38162252.70716903,46478928.88578779
2024-03-11,24273990.43076513,28140668.12025997,32730914.752922278,36679861.82989767,33706277.01250521,37816839.21534027,46397688.97570647
2024-03-12,24041312.972273543,27825923.508237667,32193261.674886193,36148827.97916039,33152705.031143267,37117892.61046737,45242582.98346986
2024-03-13,22870833.16485855,26224577.863934867,30481546.503647637,33530998.156438384,30659197.73339192,34559424.41145379,41738103.597096205
2024-03-14,23292879.63537103,26803461.958121963,31141652.64582691,34471024.71668795,31541910.13904112,35404603.565347314,43120109.14655116
2024-03-15,22869904.964586727,26222646.79954192,30366836.87453714,33300426.566967044,30513123.551414594,34410259.584278606,41648240.39635022
2024-03-18,22841750.737185605,26179187.456714123,30446674.96886658,33249152.063954942,30347664.78514876,34394692.543121845,41663521.31973518
2024-03-19,22553227.448480926,25784115.095301278,29985557.808541797,32774243.85890907,29704970.508067578,33698109.345977955,40855668.1316642
2024-03-20,22557943.224699013,25787333.473195992,29961999.541935064,32727221.264748447,29730825.774037234,33848960.78951472,40607054.08700363
2024-03-21,23133992.054622058,26578981.387218993,30806536.17790136,34030338.477707684,30959764.102887407,34919876.24960959,42338000.37379219
2024-03-22,23155337.718602866,26611909.747657225,30840688.646736093,34087470.96412976,31037660.132346094,34835052.2094657,42376981.00944477
2024-03-26,23473049.37258999,27042718.99446159,31175039.54383079,34551241.11472306,31420856.84706516,35304375.574953645,43519734.73659772
2024-03-27,23463657.45167254,27022609.037578333,31101675.035298936,34274389.95330815,31271541.70421079,35412407.850180835,43579531.05879271
2024-03-28,23611609.931974035,27227158.909606773,31425484.344868284,34687731.253250174,31623544.74942112,35679564.280964956,44082689.55939868
2024-04-01,23959854.575085215,27701832.96805533,31960020.62194552,35472742.23466044,32418453.528173316,36523341.34575212,45243550.25411182
2024-04-02,24242166.516291786,28083910.917272016,32307367.785073012,35979827.61524904,33016990.074953437,37231615.579258054,46535871.74450138
2024-04-03,24240915.91056534,28085651.356623866,32292033.91059225,36168649.61646811,33158109.74545139,37217270.795769416,46707867.58300038
2024-04-04,24265622.29709834,28119288.033466168,32292511.142167315,36209518.81812716,33228317.290917445,37315932.596284255,46485907.74475978
2024-04-05,24328014.059096724,28202123.228895027,32304557.40155779,36228489.51353048,33334816.188980784,37498552.446250185,46812931.80433897
2024-04-08,24898137.877040304,28972068.68119315,32681792.548370607,36392233.75556903,34449180.392699875,39318913.075544246,47476477.53827852
2024-04-09,24820082.355565257,28860806.05982712,32385592.26444605,35892830.75231166,34191892.882970564,39231604.7331245,47096486.24204641
2024-04-10,24945681.44344534,29035226.069661934,32527400.821499333,36271181.32101452,34240541.646708556,39152550.37466903,47073174.743929684
2024-04-12,24886550.084275607,28950505.935027562,32372985.027340226,36045141.48035093,34250097.12451163,39346653.95362627,47190650.558790624
2024-04-15,24738599.66924475,28745294.729085483,32088526.73618075,35606452.35017214,34053007.73585605,39292114.74658885,46786009.41544217
2024-04-16,24972810.19439378,29068099.356525093,31934896.663708188,35440999.39308961,34664290.56578484,40109042.99128896,46749685.31175595
2024-04-18,24699704.09019672,28697219.042283,31279419.340695813,34726024.23097104,34017337.54756694,39284316.33974472,45838018.909428425
2024-04-19,24539400.03273782,28477084.936021984,31082236.78760998,34445501.707162574,33690235.5013982,38913144.66308008,45800172.76782183
2024-04-22,24811438.366801754,28854241.21611202,31164708.885071643,34635924.68139927,34088938.561888345,39281590.872802384,45795350.416946664
2024-04-23,24893315.223689985,28964452.838656723,31305336.32087985,34858185.62994912,34306688.62063934,39536783.18387564,46273282.6125224
2024-04-24,24874699.36895711,28938678.04145987,31586484.732741456,35069324.35303113,34195090.95232104,39306574.39984482,47019566.94765724
2024-04-25,25217885.319298804,29409071.42608046,32087951.174781464,35818994.51020722,34881898.30335057,39979020.85227833,47978523.14033519
2024-04-26,25423977.353380837,29693558.97438199,32077053.094085358,35873658.66085322,35182942.95058809,40271407.2014491,47748114.133462444
2024-04-29,25324567.030405127,29559424.699681904,31956862.028921172,35812448.262416266,34974583.55996649,39879761.830539495,47688703.79143873
2024-04-30,25704381.77228488,30097213.342975162,31927985.067983504,36426533.779229105,35875577.433418766,40214512.83875934,47345106.85355187
2024-05-02,26192666.046469167,30779092.986005478,32314463.413755573,37487077.761849925,36879719.12175195,40612930.25394806,48095474.246697806
2024-05-03,26091906.31872257,30574555.945641946,32527356.0411434,37663056.45804744,36698230.31530969,40513212.324881,47771699.37912686
2024-05-06,25693391.838381898,29978921.212900594,32143920.8126207,36556881.92441756,35667960.41636702,40071722.91916525,47088086.5477169
2024-05-07,25240153.507139042,29338887.019621305,31463467.30080435,35678365.675638065,34673847.27311548,39031448.30334827,45631371.51881806
2024-05-08,25723061.455726974,30019264.465958916,31906073.11446158,36633029.61451529,35646534.25145413,39739345.17929886,46835673.391343
2024-05-09,25367959.73886641,29568577.43622896,31280318.134519096,35711381.63749148,34908347.90995779,39104757.3341144,46314230.49856085
2024-05-10,25563519.862691663,29825035.02178566,31599336.168958005,36195878.870828465,35373966.650931954,39683505.51572719,47036255.21034107
2024-05-13,25665707.181678146,29885846.0145846,31771766.262615733,36055993.656711355,35389213.61198205,39859270.79199052,47384451.98169635
2024-05-14,26166691.30195152,30529513.68056854,32315694.636460826,36933671.55522852,36350111.67768975,41131583.279317714,49403150.74407468
2024-05-15,26245871.419235382,30665437.441115905,32646619.926406417,37289035.99112085,36353509.3168629,40939696.603981785,49503955.34883562
2024-05-16,26559624.634175394,31044520.68277622,32992801.473728742,37749002.1442951,37014765.43656185,41713773.0070232,51797737.544343695
2024-05-17,26920717.746050533,31586112.043026455,33377506.221264996,38432705.22471444,37787190.705556005,42508585.988198794,52395243.31310658
2024-05-21,27292664.31586989,32143580.75935016,34457229.0643886,39737054.406064816,38768050.718000434,43540949.762164086,54618492.950116865
2024-05-22,27362286.035140462,32238990.50906209,34994782.51302343,40112399.072501376,38826677.737955436,43789154.70126041,55648995.03824425
2024-05-23,27486443.832531855,32421044.565378983,35102748.21927467,40260314.12394207,39054729.48375123,44022644.40955752,56094867.479926884
2024-05-24,27791278.097602107,32883152.486638907,35538755.20767967,41113948.83275635,40077376.00484535,44910217.82826158,57715761.76989594
2024-05-27,28059529.826144602,33235872.927625097,35416350.678876,41301474.65431029,40730695.642247364,45367030.17894781,57666475.889081955
2024-05-28,27938513.64059262,33096405.909833044,34991989.419353254,40827526.67785264,40610749.24034317,45145671.16433419,56496115.18467301
2024-05-29,27783631.931695044,32882144.53627547,35090334.776086435,40739867.530561306,40498330.32174662,45210094.79948543,56778705.93110116
2024-05-30,27486834.848018914,32534755.077543393,34584254.75784707,40027041.75830494,39669961.25833688,44355788.689521305,55647060.76946418
2024-05-31,27367111.420406707,32350997.768237673,34646067.64996897,40005061.88870933,39293965.061042435,44096233.501669236,55585991.693652585
2024-06-03,28782070.173464544,34245991.49750154,36372035.00317222,42964306.99919656,42360471.3509419,46925646.87136695,59773342.11301516
2024-06-04,25517202.58915468,29889543.428946212,32186295.370243937,35856581.44905318,35273641.882077545,40316742.66848728,49380569.58450502
2024-06-05,26700925.328845695,31291460.090866804,33750859.62730709,37411016.5642307,37181948.15399505,43262948.27315475,52279706.71417286
2024-06-06,27624239.661497317,32347205.912677724,34774770.143496424,38819699.310166106,39072429.8808127,45743985.57647962,55581180.00706336
2024-06-07,28077159.68954512,32850682.881501608,35543907.88680471,39598191.43181375,39789589.800756216,46856069.21067044,57327681.989678614
2024-06-10,28394459.629957154,33289150.94038108,35811785.679787986,39996902.96290417,40232821.424872875,47151707.481745236,57982019.0301569
2024-06-11,28405218.701749593,33287669.799418353,35989479.560181685,40198405.067424566,40538463.30038305,47600421.52710834,58624349.76007967
2024-06-12,28677919.52455952,33514660.18061345,36575338.24855775,40716072.55016293,41036231.78613174,48552345.730433635,59670733.935152724
2024-06-13,29330242.43184948,33960952.88195655,37632173.453253806,41339838.01112393,41769451.75831154,50654196.68592988,63247203.12282167
2024-06-14,29535953.604941335,34315754.1875987,37932532.341203466,41914397.10762,42422505.34175986,51079957.716069944,64117204.14651376
2024-06-18,29936631.82318426,34795120.06392801,38398713.066523135,42280663.73184331,43159150.14179634,52306822.41822391,66302091.512650155
2024-06-19,29521992.33139107,34137877.481037065,37770460.14358203,41234610.242477186,42176679.860701166,51538735.31692358,64684134.96785362
2024-06-20,29435339.14636702,34065888.09245798,37602961.39012252,41036417.63776862,42049419.27555974,51417080.35981124,64093025.854796536
2024-06-21,29445198.385547288,34081566.97924887,37470613.62656864,40938828.97825557,41957070.643038034,51229772.56968631,63489495.67525168
2024-06-24,29708888.24487199,34423817.508145764,37529982.92617469,41271635.04042074,42531401.70436532,51819131.94191685,64693954.33957061
2024-06-25,29681404.980967578,34413949.53653248,37423203.42784433,41204427.96045888,42647500.5580852,51893796.967037246,64786204.85180227
2024-06-26,29442574.99311717,34199806.177316695,37140772.47047861,41039055.9343525,42285331.666798815,51207564.34756374,63867718.95145811
2024-06-27,29698305.96808543,34376414.22129166,37503807.04719253,41318047.94518415,42594716.50922892,51923137.43380286,64876289.85680221
2024-06-28,29736726.716038056,34419109.54426359,37629364.53736106,41530080.93523241,42665390.82074317,51943908.650623046,64892002.70036697
2024-07-01,29944171.414494112,34564526.191005886,37745247.29479347,41786290.375960745,42970242.93078284,52282658.820595264,65743435.053836554
2024-07-02,29868666.23331087,34437895.085493505,37852237.94295879,41688211.6102902,42692379.402398676,52195402.74230604,65590500.992577665
2024-07-03,30230224.806574292,34844837.50783484,38238994.11378516,42351485.72431768,43357722.902266644,52876353.85465967,66789641.12994444
2024-07-04,30495065.228052206,35207657.34822069,38634051.92762034,43037558.85832873,43961481.473767206,53403147.18196434,67727364.12981747
2024-07-05,30827692.501660638,35666400.27219047,39180708.775398135,43683761.4916189,44668481.96289969,54205872.03135022,68807336.84914018
2024-07-08,30950209.08979787,35876628.00606463,39145783.16881907,44162112.82072236,45199928.186435066,54276639.66212605,69039427.34295042
2024-07-09,31248721.227889307,36280832.86986626,39518496.40764949,44587815.38539366,45771491.35750719,54945752.32729022,69367588.8888386
2024-07-10,31221530.1272529,36309126.41686913,39413346.37562844,44805311.59866424,45882969.02115571,54574607.22503519,68978390.84494956
2024-07-11,31329654.02072172,36511603.04835464,39571891.28669214,45334610.76667294,46184291.04396772,54518972.14773438,69227050.56372899
2024-07-12,31256446.011725254,36215183.045295805,39556906.921483345,44846805.76663545,45660802.9824577,54558694.59051335,69277831.71370968
2024-07-15,31506874.305878505,36378631.2420997,39959105.99651675,44978172.676910594,45838690.9743289,55360795.68288499,70320773.60585928
2024-07-16,31329854.465999216,36051449.00988063,40070915.31421913,44775343.22032563,45198164.62342662,55075129.83553515,69519209.1464655
2024-07-18,30897967.593284458,35537810.875890434,39337353.8579167,43899136.8443743,44367849.043283716,53947017.84970015,66931335.37901973
2024-07-19,30228867.92961477,34684436.560598984,38346078.80273065,42689389.870335996,43155142.24400343,52438431.87021547,64645724.25105092
2024-07-22,30669604.651763033,35300997.455519855,38775732.63069967,43508201.75215029,44123275.27301128,53270760.81850798,66177384.701344565
2024-07-23,30576225.834124066,35075875.827796586,38832843.79095253,43068019.47939352,43744843.818429366,53495215.94637148,65979629.75701352
2024-07-24,30716007.9054339,35213063.05187385,39120753.3613235,43438603.584092215,43885525.63386185,53652087.40669255,66365454.84248283
2024-07-25,30840216.60432472,35395574.03669137,39217396.54614444,43640932.821708426,44101744.88211536,53829172.65945478,66501975.497054234
2024-07-26,31381051.442791514,36133968.32403964,40180362.75262831,44798486.48536717,45260634.12383076,54998488.330917954,67850986.03360859
2024-07-29,31628257.083243854,36380484.58817147,40482267.58225376,45351454.20578942,45779889.18105011,55576901.57359156,69130844.46604092
2024-07-30,31535622.17671571,36343352.569538265,40567983.09637381,45669492.087726034,45641685.98938706,55169651.377252854,68847326.6710003
2024-07-31,31590189.2492567,36446914.9179363,40821406.41561824,46004660.35803552,45811573.33277899,55261012.069036804,69061115.62955774
2024-08-01,31345908.33520679,36171370.762498185,41081901.48212345,46156357.88942152,45422610.890157074,54937282.77067928,68508420.32894482
2024-08-02,30741653.58217459,35598055.95363473,40073067.11989208,45152322.43537544,44600848.7253023,53434364.091831975,66185077.43043539
2024-08-05,29595621.340034112,34274287.815903686,38518178.8438933,43242937.27786578,42499401.932487935,50631447.23527925,62845638.259704426
2024-08-06,29468665.34193714,34136698.86725706,38357981.87309875,42858563.93883971,42178605.71471661,50362397.04517602,62303567.993749216
2024-08-07,30233038.70204961,35070833.72660723,39733075.546802014,44633626.33275753,43680509.3761262,52153532.34313586,65027559.092374176
2024-08-08,29825163.219347302,34504771.77122183,39246826.173530295,43857145.46987878,42828749.21877769,51212855.45249243,63873930.113593206
2024-08-09,30315408.87570259,34932410.93482628,40015432.1635705,44480392.368212365,43496435.930566706,52635092.387815945,65776971.73642088
2024-08-12,30174913.258532636,34659089.56430007,39796473.94222758,43915737.27352619,43101188.58263267,52521605.72886351,65528351.45365731
2024-08-13,30009434.809137456,34433022.20782361,39682064.08567077,43650034.09776042,42749551.1350325,52255313.87665081,65290875.88420566
2024-08-14,29752127.774214294,34130578.250234485,39062409.049045965,42967216.16659711,42266219.20399733,51591539.60506569,64467352.88441501
2024-08-16,30306942.77871042,34762595.31545585,39890322.135590136,43954587.3732786,43229059.84795306,52890066.24917331,66280066.45339658
2024-08-19,30340200.33191251,34789021.81265683,40100257.011632815,44244828.778933994,43355240.06882138,53025658.94506476,66508856.14447852
2024-08-20,30655940.091633238,35171349.398213804,40401754.213113114,44797683.46980758,43903504.26660617,53584407.43857245,67008088.999531746
2024-08-21,30807659.606992252,35327227.161993265,40802852.98552048,45010727.964432135,44157435.607560754,54165489.50387794,67484141.21021776
2024-08-22,31027077.044503536,35653374.464530915,40807414.21001005,45111976.034883544,44415096.71379385,54410208.85015092,67796654.69060872
2024-08-23,31102992.34920145,35836755.058828816,41012808.35879605,45426362.50917925,44332082.47427611,54223263.796534866,68088192.39823659
2024-08-26,31330643.494653795,36110057.09336293,41404636.25586816,45822635.21168597,44766406.218283854,54822170.77067445,68806765.35671605
2024-08-27,31220305.97593127,36004267.87076785,40850254.412450254,45563793.9112468,44613353.52347373,54016402.899686486,67471594.66514768
2024-08-28,31215694.370934755,35966142.78211765,40769643.09137694,45351147.413065,44371446.240542285,53773177.23828869,67244058.87012668
2024-08-29,31049160.75598024,35847495.42039189,40569376.998010114,45386283.75304819,44351666.620242655,53306889.26758869,66342195.46470772
2024-08-30,31431166.644858554,36275785.390970044,41210996.61496988,45807071.80860035,44930302.50850004,54427317.32348576,67993919.40605126
2024-09-02,31199545.147412494,35986645.41741006,40838507.714097396,45383746.00404244,44509565.844665304,53863981.48734146,67380769.0415666
2024-09-03,31406627.606871143,36026001.7834222,41105412.5575685,45446336.07726331,44566754.56271355,54409659.4089958,68776400.85538255
2024-09-04,31271496.03083722,35951984.656653665,40696740.68166576,45069808.70764721,44428334.67759046,54000609.01769504,68451043.35659063
2024-09-05,31343233.45746917,36034556.86314437,40443023.03646977,44900450.0154834,44567154.34595846,54132365.91968897,68047335.58495611
2024-09-06,30587487.68056926,35202631.99358976,39408613.9633988,43696599.925907314,43224158.08739081,52268923.04735466,65652811.300886124
2024-09-09,30476762.99518995,35009002.2498764,39421208.050190136,43372484.09944612,42826882.00846452,52190895.46617189,65627728.35748481
2024-09-10,30733439.382610545,35190070.66850713,40043581.10873929,43641034.78006331,43058633.892861605,53196940.53003973,66948414.50877215
2024-09-11,30632167.592858307,34996459.42751889,39887831.86639911,43173852.301701345,42599917.185965925,53024186.03215653,66615854.99655859
2024-09-12,31302414.093752474,35807702.301682755,40974238.03150477,44379410.591046736,43803646.60635812,54675629.84007996,68661850.59222771
2024-09-13,31480508.523302875,35719066.59992507,41282771.153888695,44125644.24943106,43736573.138925694,55634330.00640017,69881266.31362963
2024-09-16,31576008.671096507,35857100.339708984,41482951.76396244,44292909.019931465,43943075.95125319,56005525.10112673,70027709.16132167
2024-09-17,31418625.06099616,35616549.07873139,41437260.7624664,43932720.33936915,43530743.01319389,55831189.82237131,69508070.49696697
2024-09-18,30840463.380490966,35324174.77782336,40457534.566962995,43642441.423644684,43060442.53679847,53791753.295598716,66937673.16190657
2024-09-19,30473920.210590355,34923278.71529326,39996525.58113392,43069089.95088559,42442512.87717122,53008278.545767516,65462770.58414875
2024-09-20,30980530.18709894,35458151.87529734,40857976.11508905,44011070.68914845,43295548.33378822,54361709.43252982,67427234.99448693
2024-09-23,31388247.954326153,35983116.44358531,41621861.59113303,44870018.885594964,44117068.609351516,55451164.39989658,69046987.19955048
2024-09-24,31606559.975496404,36186545.16986197,41988160.3858457,45322494.595247954,44626911.18185359,56269985.87072243,69821209.96109395
2024-09-25,31461699.06997756,36200958.66660611,41863308.734667435,45459252.621272,44710453.36846222,55830670.20102549,69197430.12194248
2024-09-26,31576185.779023267,36312953.95919888,41946561.56004035,45555707.548644364,44757197.01426824,56033714.568643704,69450352.48640434
2024-09-27,32189335.888630956,37100831.927244514,42730061.4242678,46473823.1259094,45979368.72951057,57469231.45246033,70946766.81884146
2024-09-30,31822548.6716099,36570894.28775436,42163330.82048238,45707544.14203662,45351372.90588125,56860983.9220375,69859758.73941378
2024-10-01,31932265.511244446,36731514.94013487,42090747.06865063,45625504.15174199,45443533.06330191,56919121.89481818,69700161.22432563
2024-10-03,31091179.144327857,35711284.87808949,41147053.40412578,44435481.54495034,44016235.61394273,55067320.360012114,67157502.59487906
2024-10-04,30721772.64276839,35312966.38673249,40524400.15665747,43777014.956589594,43510623.15664142,54377220.58262401,66038770.56538564
2024-10-07,29931104.577066146,34233834.066003114,39594898.68135153,42292670.97739711,41876914.99983925,52713235.312198214,64242730.3872777
2024-10-08,30889285.055743452,35422100.581511304,40888871.7389837,43970232.44126005,43693908.53666024,54943991.5992531,67462172.10034436
2024-10-09,31485472.214737684,36020267.22465101,41446220.45430427,44262577.917294376,44547508.95359963,56526804.09530887,68900251.59160876
2024-10-10,31505480.422640454,36141915.27267539,41317595.00466058,44654205.6836448,44830672.500027746,56399276.76223727,69252614.19567975
2024-10-11,31656809.765179947,36304241.38913162,41394353.048800364,44672662.61915609,45055047.36802813,56945952.47559959,69308933.96420573
2024-10-14,31826367.052891333,36452037.989536405,41775055.20516266,45027393.653171696,45325627.77487471,57487645.90395293,70260043.35991931
2024-10-15,31961389.346065126,36597169.68815289,41798403.803542905,45187234.11579621,45447524.36796999,57620517.16181154,70926046.02837752
2024-10-16,31567749.896262765,36184324.0089034,41273166.57096322,44840901.91708431,44862552.076090164,56428973.712150835,69964698.1244604
2024-10-17,30903556.61794842,35313332.20823108,40445414.293663904,43747639.27758655,43522811.53816308,54783100.71077343,67823316.3135884
2024-10-18,31188540.149702664,35662660.02972282,40853459.08933696,44269226.447410114,44039180.66286872,55482221.47127856,68749659.71263152
2024-10-21,30818098.942019105,35340447.72890786,40337121.886089884,43856370.19646244,43591950.516687326,54635939.337648846,67815383.04747242
2024-10-22,29860391.750090253,34178194.29334767,39047299.50670642,42215070.79093611,41726488.92192478,52269346.264390565,64725245.483659275
2024-10-23,29736015.36956638,33855895.10165833,38824163.80330551,41734512.84384131,41207542.696496926,52093403.30836515,64086134.363463245
2024-10-24,29541838.294297233,33855507.834017694,38428411.235424645,41872182.122190565,41232093.43465826,51085622.558004856,62635513.53968834
2024-10-25,29116490.002231546,33173252.15191318,37976868.295984775,40974453.67696522,40315545.80591632,50432241.86998493,62227905.65655296
2024-10-28,29145322.31554019,33171643.721696995,37854444.793262124,40916183.70820744,40907763.264272004,51042270.09753539,62554571.32251679
2024-10-29,29625773.477272853,33832665.750127,38345461.76816326,41957554.272167675,42014380.00002062,52000943.36236461,64123509.44545847
2024-10-30,29695864.455804333,33789293.266295105,38462748.35108258,41910864.805528745,41865129.569003046,52441824.72560375,64642687.94583852
2024-10-31,29343210.105974093,33489638.231196456,38535223.13006657,41645178.31455777,41354788.37610889,51482788.926824324,63672591.59130935
2024-11-01,29491320.394605316,33723850.869227216,38752821.7335321,41997674.91465782,41760668.73972207,51836576.89668532,64151380.7862442
2024-11-04,29010772.028919537,33059323.39877545,38297257.990398146,41203865.81574586,40641952.60447439,50575388.420943595,62675602.320073485
2024-11-05,29238042.69509145,33325492.497774594,38670594.08672711,41637222.67730756,41090384.57097726,51135185.75235137,63636695.50428339
2024-11-06,29989891.078551374,34047502.34177063,39742815.54168624,42854060.01591021,42282651.96662058,53393621.51528759,66826171.1553224
2024-11-07,29706832.44395939,33729772.61277886,39311642.48586809,42412316.69965324,41751439.419255674,52598284.508473136,66094574.24622567
2024-11-08,29450745.69528839,33333155.0729615,39174593.20971307,41981132.54239316,41072672.33990975,52044226.92289827,65604958.31352099
2024-11-11,29620339.093801957,33371796.464874376,39247390.048483364,42203466.202019125,41162791.504086286,52459681.664491,66397736.54790612
2024-11-12,28986151.336562414,32546675.299439415,38325375.324858434,41052108.516670495,39786895.72541784,50852889.508293904,63772277.25638812
2024-11-13,28592393.61474164,32055710.03046509,37836029.19611637,40474104.947426274,38959215.4312437,49766657.042545184,62105515.00437144
2024-11-14,28525503.235645354,31960512.099552907,37775332.25464037,40304041.81372992,38790383.071867675,49677141.0569072,62083305.40062667
2024-11-18,28227434.30704499,31795901.213626735,37207789.75998475,40015437.42788911,38517080.630667284,48669390.0643415,60778349.497113004
2024-11-19,28410401.235096805,32102422.55383837,37295339.88902177,40348111.63624088,39055109.48879179,48920686.950901,60791180.567746535
2024-11-21,27948976.2582956,31479440.480261818,36837017.58102637,39520750.56210227,37977316.8419247,47990625.94766535,59525330.94192058
2024-11-22,28484129.9187985,32032685.39402352,37552693.95171669,40497271.756859064,38916417.47348146,49419199.68517879,61626922.74705278
2024-11-25,29110696.90319959,32675241.467587233,38477258.33116667,41379768.12863178,39991749.624372825,51153785.58627892,64436061.28943238
2024-11-26,28973821.488802746,32594049.22115188,38229758.43339578,41327699.41822463,39853550.8177847,50661591.06981003,64120729.067568846
2024-11-27,29450734.566895023,33183970.678325027,38719479.238221616,41889760.64293373,40841183.511556275,51992804.431171544,65679341.61353167
2024-11-28,29298866.160678186,33083543.077650275,38312995.39743053,41371804.243141234,40691156.07406314,51481252.77607082,64632903.874570414
2024-11-29,29417966.328106612,33228596.65751071,38643775.34153749,41687021.53649816,40930875.78322486,51753612.2452136,65138738.81784744
2024-12-02,29675230.588588856,33304588.45451078,39051715.034519084,41913800.477279246,41054115.30027765,52710096.5460763,66611735.18982711
2024-12-03,30031821.99042499,33668436.45440774,39606794.51215662,42483749.17903598,41667660.41315774,53706064.52570313,67844231.76145725
2024-12-04,29982976.21882111,33656073.40216529,39393889.36716522,42514011.66997376,41650469.75684966,53455965.871098205,67537010.09968215
2024-12-05,30099134.2119897,33802851.27272685,39577650.65662201,42858700.66649879,41887712.23257371,53763719.74594491,68134751.26765403
2024-12-06,30301685.545994945,34019759.78503917,39623479.833528385,43077507.678232394,42278921.63144428,54189316.85790298,68406401.44151643
2024-12-09,30325711.721700706,34055491.29994145,39561864.33487343,43042256.19368699,42368278.50867863,54259373.26858429,68648760.11662924
2024-12-10,30303671.124938123,34193777.834753804,39433345.09139651,43412733.38702548,42615847.77206177,54003034.18615767,68368743.9460132
2024-12-11,30393639.279080033,34317896.91892954,39554047.98336827,43538127.79387106,42837216.54517914,54331072.00722133,68808096.55141167
2024-12-12,30224499.087471932,34157734.00504653,39415685.17651169,43397256.70095414,42554290.869604036,53965749.505066395,68559865.15909865
2024-12-13,30237764.44325266,34081198.93858251,39534731.746630855,43476462.181885496,42387876.106043205,54006956.405971035,68798522.58177708
2024-12-16,30430382.236077975,34265558.147172526,39810747.19096873,43658592.02157107,42729155.9214393,54685640.75098967,69664273.29780194
2024-12-17,30003972.395226978,33696068.067693695,39305209.12104955,42893325.23427336,41761081.20256132,53561045.51204095,68273442.60731976
2024-12-18,29702994.56340491,33304568.671632364,39046369.29373251,42378742.25012499,41044572.845340244,52742806.62224881,66786496.17505477
2024-12-19,29802121.57680618,33226427.016149662,39538551.641166486,42277145.4714196,40976878.90821947,53577380.802406356,67906605.97985563
2024-12-20,29053467.957849476,32483884.053703096,38468387.78227578,41229170.374150045,39704644.931210265,51414643.243976735,64684331.19134759
2024-12-23,29042085.57742656,32457261.309317064,38581263.520966664,41288090.788302325,39650342.767664135,51387844.15675922,65060067.59677041
2024-12-24,29046523.939727947,32447832.23259818,38617943.88576732,41212778.73555646,39622301.76794706,51484846.08899747,65103180.239130385
2024-12-26,29173785.628543045,32637613.503977343,38768342.32531339,41543831.94485718,39967591.74212983,51695152.28281054,65432985.327043414
2024-12-27,29222668.666178282,32527305.766623612,39058668.759100944,41345304.86111211,39799625.63917781,52276085.53507513,66351757.52745659
2024-12-30,29016836.18613483,32103847.272318743,39002189.96515761,40974222.29681028,39106673.69970415,52054071.04249804,65848151.70410766
2024-12-31,29277805.411270037,32537816.023477342,39352806.84426169,41521108.46465169,39856259.6067889,52780010.00669742,67004277.32627635
2025-01-01,29236598.35195349,32559476.64074761,39228636.16551421,41470296.17126615,39889891.76420428,52603720.43623297,66609088.53800282
2025-01-02,29433609.95187546,32822907.175801363,39605603.69771285,42144073.11133023,40367184.71221218,53327469.79106537,67634500.17206782
2025-01-03,29272390.36959383,32667791.64060946,39248260.674968585,41802673.36107722,40104475.850683235,52791447.83094871,66917131.91963048
2025-01-06,28819583.230302848,32303618.07560125,38407002.536826834,41281756.0908996,39496180.89131337,51269388.619396225,64867412.36892137
2025-01-07,28940672.59324228,32399775.547252502,38638218.67651546,41276464.14636488,39666153.33294329,51712498.79696351,65492442.0224888
2025-01-08,28720425.04696465,32178928.546931993,38232213.02919714,40982900.843944,39262543.7236049,50885850.61544958,64323133.2613248
2025-01-09,28536237.01330484,32048645.037326854,37868824.62206514,40771012.32639847,39015659.28279117,50160134.62313388,63281208.06754108
2025-01-10,28102499.477000803,31593475.638304632,37070604.89218279,40325968.14389241,38245628.86799607,48737352.6275831,61381615.834549665
2025-01-13,27522229.86739384,31095283.458679765,35962312.6888378,39528123.36551961,37382215.105777726,46702076.31466865,58583632.47174873
2025-01-14,27739556.384341978,31437277.33539497,36326224.48300221,39304897.25912995,37941454.39925231,47291539.22303091,59303149.07904058
2025-01-15,27576320.5537266,31309557.833442885,36027333.884424835,39145172.621940546,37708605.76251751,46677726.87182951,58437606.64919784
2025-01-16,27548937.01105742,31443590.088879112,35922001.04626653,39181412.54973289,37906008.551295325,46402366.83177349,57963280.305730335
2025-01-17,27583972.180825204,31568315.703569975,35949036.53134093,39411473.742109224,38097307.09545194,46406000.095736094,57905494.39327669
2025-01-20,27626551.934909802,31631415.367243074,36023477.221678026,39530817.08072858,38200281.76005024,46526400.34673108,58059347.90411918
2025-01-21,27372117.32317596,31409495.768637385,35540045.39972797,39229369.733113006,37837486.90087892,45709553.98102493,56984409.04706672
2025-01-22,27190994.917728476,31250467.954448488,35280564.278810725,39114811.67314871,37592524.33749397,45179208.671393536,56321228.4189989
2025-01-23,27504719.35615521,31455439.812998217,35872861.02828891,39345390.54751784,37947070.45541461,46309061.27143303,57894190.340707704
2025-01-24,27156984.731147368,31099955.056258846,35122759.60565889,38703711.407470584,37298173.7610515,45006073.756651565,56050509.58325499
2025-01-27,26648346.65299377,30649137.55033145,34163965.75162645,37642257.179738365,36489473.47078022,43137619.60741741,53430173.3822498
2025-01-28,26440122.074045535,30387850.191785365,33856190.92849635,37129156.888564296,36001986.77807372,42328948.6834043,52267852.98507566
2025-01-29,26662847.805860825,30556746.277544245,34282434.24731519,37522324.95313261,36333860.67404313,43254947.875242814,53634628.53000185
2025-01-30,26730417.99826409,30908288.271726154,34444003.98466799,38012991.72014731,36911326.271275364,43265601.871946216,53533373.784945816
2025-01-31,27002001.351215564,31212532.311180487,34938188.30788246,38487977.02251115,37387784.21724378,44024209.72612308,54468371.815150954
2025-02-01,26768311.351058315,30912216.441129427,34539125.5300216,37898166.72445598,36873262.604914784,43267853.35181998,53462771.28139445
2025-02-03,26665686.967656743,30774441.700718295,34385257.88561624,37698695.11300088,36660044.910487,43014589.254668884,53180345.5067416
2025-02-04,26923423.27813022,31124887.760717567,34819490.06963367,38404509.08478835,37264574.23986052,43857827.226351485,54317217.64862015
2025-02-05,27049317.71082341,31296046.024641294,35034036.792273365,38587076.62919898,37562765.54059264,44280295.21900471,54895923.06172185
2025-02-06,26945162.38472575,31157628.927923903,34887387.69093853,38450813.03293832,37361446.43018557,44064488.85194197,54691052.35638687
2025-02-07,26887892.487066124,31078689.772993915,34789827.46705475,38335208.48229147,37223127.16370512,43872469.16374877,54434928.13493212
2025-02-10,26711302.81194752,30833174.571727198,34464162.345574886,37956288.188353464,36761231.60575872,43172715.557206705,53421756.259629555
2025-02-11,26516793.635132767,30567178.26232625,34135009.80951116,37499274.60788351,36299423.57346912,42530073.338693015,52559557.22927964
2025-02-12,26420796.687272366,30437000.78935867,33982593.038968824,37283741.55433009,36086425.05818816,42256385.01282325,52222688.59751457
2025-02-13,26608314.214832835,30696630.978438117,34331527.93099743,37661592.07718,36577962.148601934,43012947.41582553,53335017.640475385
2025-02-14,26368715.10901417,30370077.956405923,33932400.21298714,37196637.61799144,36019544.994483896,42248754.76028907,52326288.992724985
2025-02-17,26367119.86963536,30368443.149182305,33938431.571239434,37197057.350166395,36027706.7154951,42281324.82704375,52398962.86338961
2025-02-18,26297589.011296894,30273461.92518551,33824731.899988,37118015.80718305,35867684.411383465,42068771.81562183,52127845.35141686
2025-02-19,26439167.488815717,30462398.622968644,34041342.357365236,37325990.13119851,36164230.06263151,42436968.096771136,52565920.17283112
2025-02-20,26616527.881984264,30703446.458476875,34340998.46845609,37593197.17749173,36580974.617366344,43020882.79796123,53356957.12378237
2025-02-21,26445895.949481692,30466824.46834473,34030640.854458176,37254782.96750243,36141430.470222294,42363462.56167905,52415296.5568931
2025-02-24,26441199.713608418,30458794.603105903,34016734.54268189,36998132.052058265,36119015.11836901,42322116.43506754,52347797.83927685
2025-02-25,26407000.068933763,30409311.45292075,33944628.465935275,36869940.35297795,36013746.46079232,42147434.25109472,52077646.0831534
2025-02-27,26241778.952121265,30180330.619694598,33645211.391814366,36462149.92790956,35589818.18860923,41515624.24942269,51175450.80637305
2025-02-28,26113915.170756638,30005720.505507752,33432260.281384427,35969661.62290294,35291007.52053304,41108007.27272497,50639727.51473556
2025-03-03,26118494.608408056,30010074.955588434,33432258.517185114,35956964.79129365,35287688.15091892,41089540.38745193,50598159.12560204
2025-03-04,26124713.297600534,30017220.211530242,33440218.578736827,35965525.97338682,35296089.981431045,41099323.6113537,50610206.30634623
2025-03-05,26130933.467433296,30024367.168723464,33448180.53554129,35974089.19385667,35304493.812379,41109109.1645945,50622256.35546679
2025-03-06,26137155.118258875,30031515.82757316,33456144.38804975,35982654.45318854,35312899.64423909,41118897.047728926,50634309.27364666
2025-03-07,26143378.250429887,30038666.18848449,33464110.13671357,35991221.75186787,35321307.47748772,41128687.26131172,50646365.06156896
2025-03-10,26149602.864299037,30045818.2518627,33472077.781984217,35999791.090380214,35329717.31260141,41138479.80589774,50658423.719916955
2025-03-11,26155828.960219108,30052972.018113144,33480047.32431326,36008362.46921126,35338129.150056794,41148274.682042,50670485.24937408
2025-03-12,26162056.53854297,30060127.487641267,33488018.76415238,36016935.888846785,35346542.990330614,41158071.89029963,50682549.650623925
2025-03-13,26168285.599623576,30067284.66085261,33495992.10195337,36025511.3497727,35354958.833899744,41167871.431225896,50694616.92435026
2025-03-17,26174516.143813964,30074443.538152814,33503967.33816812,36034088.852475025,35363376.68124115,41177673.30537619,50706687.07123701
2025-03-18,26180748.171467252,30081604.119947612,33511944.473248634,36042668.3974399,35371796.53283192,41187477.51330604,50718760.09196826
2025-03-19,26186981.68293665,30088766.40664284,33519923.507647026,36051249.98515357,35380218.38914926,41197284.05557111,50730835.98722825
2025-03-20,26193216.678575445,30095930.39864442,33527904.441815514,36059833.61610242,35388642.25067049,41207092.932727195,50742914.757701404
2025-03-21,26199453.15873701,30103096.096358385,33535887.276206423,36068419.29077292,35397068.117873035,41216904.14533023,50754996.404072285
2025-03-24,26205691.123774804,30110263.50019085,33543872.011272185,36077007.009651676,35405495.99123444,41226717.69393626,50767080.92702564
2025-03-25,26211930.57404237,30117432.610548038,33551858.647465345,36085596.773225404,35413925.87123235,41236533.57910148,50779168.32724636
2025-03-26,26218171.50989333,30124603.427836265,33559847.18523855,36094188.581980936,35422357.75834455,41246351.80138222,50791258.60541952
2025-03-27,26224413.931681402,30131775.95246194,33567837.625044554,36102782.43640522,35430791.65304892,41256172.361334935,50803351.76223033
2025-03-28,26230657.839760374,30138950.184831575,33575829.96733623,36111378.33698531,35439227.55582345,41265995.2595162,50815447.79836419
2025-04-01,26236903.234484125,30146126.12535177,33583824.21256655,36119976.2842084,35447665.46714627,41275820.49648275,50827546.71450666
2025-04-02,26243150.11620662,30153303.774429236,33591820.36118858,36128576.278561786,35456105.38749559,41285648.07279144,50839648.51134345
2025-04-03,26249398.485281907,30160483.132470768,33599818.413655534,36137178.32053287,35464547.317349754,41295477.98899925,50851753.189560436
2025-04-04,26255648.342064116,30167664.19988326,33607818.37042069,36145782.41060919,35472991.25718722,41305310.24566329,50863860.749843664
2025-04-07,26261899.686907467,30174846.977073707,33615820.23193745,36154388.549278386,35481437.20748655,41315144.84334083,50875971.19287934
2025-04-08,26268152.520166256,30182031.4644492,33623823.99865934,36162996.73702821,35489885.16872642,41324981.78258924,50888084.51935384
2025-04-09,26274406.842194866,30189217.662416928,33631829.671039976,36171606.97434655,35498335.141385645,41334821.06396605,50900200.729953684
2025-04-11,26453127.656520016,30444287.50798225,33971376.232979305,36596367.9427022,35973653.91868556,42024442.545563556,51917069.21545894
2025-04-15,26515137.410109706,30531731.128375668,34086832.77641931,36739947.18948427,36133603.282176375,42255037.103449255,52255635.58628085
2025-04-16,26505444.25453641,30516191.31889594,34064616.46538999,36710778.3723873,36099800.77797773,42203621.47247518,52177476.511204146
2025-04-17,26509437.19642915,30520307.732297935,34068677.06327111,36714580.72238396,36102977.975958824,42206029.99926631,52178852.582464375
2025-04-21,26551540.911945805,30579160.221542995,34145910.76926135,36810198.17939369,36209133.34676161,42358324.75828503,52401714.206306495
2025-04-22,26543086.73188504,30565398.73015021,34126070.7571681,36784010.14731197,36178673.269078195,42311772.51215021,52330740.16934387
2025-04-23,26534538.654722158,30551501.993857943,34106049.600505196,36757594.51252552,36147957.65661014,42264847.80224296,52259215.22467662
2025-04-24,26575695.605029397,30608993.53840957,34181462.90853208,36850926.8650891,36251549.3117903,42413409.4390788,52476558.8740932
2025-04-25,26513930.584592085,30518663.38792116,34059261.713013045,36696298.17527603,36077031.36275844,42157176.53843539,52095739.31092613
2025-04-28,26587687.279319614,30622975.42632791,34197265.90738388,36868167.07286168,36268707.8975133,42433946.396952346,52502534.51345183
2025-04-29,26574012.489237208,30601713.924073722,34167397.85159824,36829394.6127513,36224132.02035447,42366845.68596835,52401193.520161
2025-04-30,26568131.645346597,30591646.06294712,34152493.57454066,36809397.943723984,36200614.52640724,42330395.3382397,52345143.881769694
2025-05-02,26538113.03875107,30546910.04110337,34091243.12135147,36731247.17871421,36111872.02084263,42199008.1721628,52148806.1011142
2025-05-05,26551527.665283438,30564554.45754523,34113385.07562345,36757734.38946063,36140489.62268057,42238440.426375285,52204886.730377875
2025-05-06,26506781.0558207,30498664.62226631,34023854.64073676,36644098.13715681,36011946.61365853,42049121.78560344,51922942.88192482
2025-05-07,26633194.750079162,30678602.76962756,34262956.88274133,36942819.97306654,36345897.923777245,42532972.21128324,52635736.79040832
2025-05-08,26540552.95937327,30543922.88020851,34081464.36774486,36713791.85181325,36087932.625086956,42155275.81939225,52075427.1185623
2025-05-09,26594647.496722843,30619992.126271896,34181709.674795136,36838279.565489024,36226465.066414334,42354689.17225598,52367908.86478259
2025-05-12,26609493.197118837,30639689.985169217,34206595.033878654,36868207.574653864,36258940.51728293,42399733.95617554,52432280.49251122
2025-05-13,26532630.840980012,30527672.091859933,34055396.979467504,36677191.1047183,36043607.73095116,42084088.43803652,51963661.49574089
2025-05-14,26494449.426580124,30471209.174822204,33978466.77183929,36579363.38577637,35932793.774711646,41920571.60712914,51719841.71316471
2025-05-15,26493903.071873855,30468799.08964794,33973796.2820983,36572204.67802602,35923672.54654985,41905070.01615385,51694742.725896284
2025-05-16,26535458.872426294,30526857.68614143,34049962.48371209,36666477.109682664,36028314.68621331,42055152.71900157,51914326.22944706
2025-05-19,26599634.500615805,30617403.541419882,34169558.65242818,36815243.84837401,36194076.554201856,42294195.86085592,52265365.56905732
2025-05-20,26579419.985478207,30586743.97048631,34127122.04601706,36760696.42594014,36131804.081975214,42201329.996748224,52125944.24867234
2025-05-21,26585531.24334774,30593894.30882695,34135230.94600527,36769571.67504936,36140665.256192625,42212000.026551574,52139516.834749565
2025-05-22,26546881.85505151,30536756.943159804,34057397.0373851,36670608.163886234,36028575.851877734,42046623.57546691,51892945.9684479
2025-05-23,26547293.752665848,30535720.821064003,34054561.24770748,36665749.726738796,36022033.01122802,42034871.697198465,51873384.77748449
2025-05-26,26544095.403098084,30529499.106922302,34044792.79857306,36652192.087492585,36005733.0170164,42008917.55901612,51832836.46134377
2025-05-27,26538712.33146539,30520139.205951307,34030828.74592866,36633369.62153806,35983527.812539965,41974367.740168944,51779585.83164617
2025-05-28,26560130.753415532,30549272.465754617,34068323.59815539,36679115.93168316,36033741.707688704,42045224.81703759,51882093.87700677
2025-05-29,26560452.522464912,30548105.34608005,34065311.30341962,36674034.78259566,36026948.03472145,42033105.724111095,51861987.963231735
2025-05-30,26535876.083948504,30511177.87765656,34014492.74874705,36608967.46681824,35952874.52617479,41923058.97354428,51697174.35770831
2025-06-02,26577065.329381652,30568705.747634385,34089945.65384415,36702341.470246136,36056506.13793046,42071664.99618028,51914570.028788455
2025-06-03,26634887.80787373,30650122.65050777,34197334.06091721,36835786.8708414,36205080.96033113,42285686.21617468,52228628.8586906
2025-06-04,26728063.76437199,30782315.470482055,34372601.46945082,37054404.4904078,36449183.3911406,42638749.221164376,52748148.45647239
2025-06-05,26790069.951561596,30869740.433400746,34488021.00782222,37197926.492721796,36609059.45549126,42869218.55836372,53086511.53260307
2025-06-06,26811212.19470109,30898474.31565749,34524979.534394845,37242997.66751654,36658514.303644314,42938967.107654504,53187377.848370224
2025-06-09,26819050.48503781,30908100.05520372,34536393.15874961,37256015.55716361,36672018.412208684,42956388.115132734,53210919.51545343
2025-06-10,26815533.675716948,30901705.190383654,34526694.367424294,37242866.64160229,36656497.59373207,42932397.9940788,53174380.44329566
2025-06-11,26764527.542327907,30826782.521131355,34424955.218691535,37113689.375477366,36510236.81569437,42716354.2859451,52851445.7961507
2025-06-12,26744235.898579977,30795994.595107738,34382245.67388601,37058616.49246256,36447130.63348716,42621461.083764955,52707708.23958
2025-06-13,26696352.221602812,30725567.32623142,34286530.886449635,36937017.10979494,36309390.21874881,42417880.83111328,52403282.70671942
2025-06-16,26720212.993499115,30758474.31484983,34329347.52331781,36989732.15154418,36367707.155991115,42501264.097509645,52525263.4640936
2025-06-17,26703692.19087672,30733209.504605602,34294165.35851523,36944285.22889611,36315600.353902,42422972.4019831,52406932.903675966
2025-06-18,26739055.331174802,30782770.871894598,34359425.89494903,37025387.82463852,36406009.552617855,42553804.1016112,52600118.240804546
2025-06-19,26614841.84057605,30602609.801969703,34116874.15892948,36719366.301882304,36061227.473025545,42048299.159002036,51848696.7110101
2025-06-20,26656594.54676731,30661214.78388245,34194046.57906388,36815192.44979602,36167900.29029613,42202075.2477065,52074712.101906486
2025-06-23,26706056.89961528,30730985.605717648,34286270.28652407,36930060.6169143,36296105.52315487,42387702.337831564,52348547.618590936
2025-06-24,26846172.554255046,30931254.888271417,34553266.65338114,37264567.15108262,36670992.354642466,42933254.267141476,53155404.384658106
2025-06-25,26898722.39039301,31005541.946448315,34651556.60959539,37387025.285112366,36807645.36381617,43130881.5389067,53446412.90641956
2025-06-26,27055007.5147184,31229013.77055858,34949543.71082058,37760384.08744115,37226070.55893786,43739695.82118412,54346593.91363842
2025-06-27,27162675.352731995,31382614.8623697,35154065.97674209,38016392.88203032,37512796.328343056,44156584.43366969,54962825.57960927
2025-06-30,27206273.631140698,31443810.589975655,35234541.46935864,38116104.84965865,37623496.74117378,44315153.829734944,55194221.52975112
2025-07-01,27116183.64866683,31312925.396880753,35058139.80151934,37893375.67839794,37372418.48468115,43946759.7860703,54646356.51608473
2025-07-02,27091042.117387284,31275200.379975572,35006115.81575371,37826507.82870766,37295923.126894295,43831808.72627045,54472019.06559355
2025-07-03,27000602.69846772,31143776.796464767,34828946.00661548,37602754.461820446,37043628.7929654,43461449.82345954,53920964.83317492
2025-07-04,26988093.416163106,31124500.150439516,34801993.093965694,37567857.90996457,37003567.396470375,43401204.92365854,53829943.77772037
2025-07-07,27001227.20142806,31142043.211497508,34824248.71345796,37594689.46991514,37032719.63091762,43441643.06113571,53887611.62302152
2025-07-08,27053642.76002632,31216158.34172731,34922257.19998688,37716672.67936672,37168663.610138506,43637621.160309985,54175153.04966504
2025-07-09,27105581.65529194,31289919.523502957,35020234.611578286,37839171.641285405,37305808.220438875,43837157.75878283,54470628.3366118
2025-07-10,27059804.318971895,31222949.652391594,34929560.30617221,37724307.83195744,37176003.183792055,43646026.679619126,54185686.600714885
2025-07-11,26963721.095275804,31083816.70085576,34742533.85273375,37488692.85540927,36910932.098823436,43258497.94659579,53611244.64744187
2025-07-14,26946308.218331914,31057668.537533216,34706543.36038945,37442584.92906606,36858400.06934818,43180297.90333955,53493858.58598453
2025-07-15,27055334.06025663,31213326.719086602,34913878.865679935,37702146.22746327,37149095.80826738,43602819.0526638,54118079.5276076
2025-07-16,27067890.67813913,31230354.18488479,34935783.86021325,37728905.16756918,37178538.1883325,43644655.225710265,54179132.907109804
2025-07-17,27051594.73879624,31205759.83209277,34901803.824224696,37685236.74399067,37128649.55566781,43570034.933939695,54066644.77355789
2025-07-18,26865469.35488388,30936471.03342346,34539668.19253122,37228507.99033159,36614022.02970324,42814746.19969859,52942100.25420796
2025-07-21,26860473.34901375,30928365.82447278,34528078.48175238,37213369.2924477,36596619.37446122,42788826.7947525,52903666.43469636
2025-07-22,26791214.601619974,30827582.984978717,34392085.53130425,37041496.63598378,36402713.290408425,42503931.474934064,52479491.474995896
2025-07-23,26847054.781706396,30906698.577694066,34496889.23324235,37172145.2981085,36548532.41353752,42714737.113219276,52789612.34631586
2025-07-24,26761203.438190192,30782102.464551073,34329085.61174862,36960387.58985581,36309925.50042982,42364876.448880956,52269581.76455965
2025-07-25,26529047.822952397,30447046.993615,33879489.74167943,36394491.679413,35673501.61695553,41434178.39051566,50888581.85667585
2025-07-28,26369130.780132137,30216244.373887923,33569855.612543315,36004905.84697492,35235563.89920619,40794452.76963354,49940540.62317526
2025-07-29,26425878.491903123,30296767.217316832,33676599.10268099,36138004.638964325,35384109.26136054,41009059.77327389,50255916.16810064
2025-07-30,26366137.088987883,30210171.84141554,33560186.2347547,35991414.61457533,35219322.33044023,40768670.62277504,49900540.06976322
2025-07-31,26120507.261997443,29856561.55864423,33086694.29254903,35396564.617587596,34551504.31272778,39795237.753973186,48460575.54329267
2025-08-01,25936054.745512817,29590898.281209953,32730880.965322167,34949507.34825869,34049595.851920985,39063710.721316434,47378680.5072254
2025-08-04,26470263.232938208,30354642.303701926,33747578.51128969,36220090.395534575,35469074.81766407,41113933.75465848,50385221.6200226
2025-08-05,26397883.096992638,30249429.483305376,33605653.63755353,36040704.5231697,35266623.07743006,40816148.39585894,49941211.62348496
2025-08-06,26282788.214495458,30083877.563378982,33384417.84539073,35763502.84352528,34956374.521978624,40367045.01168571,49281880.77488928
2025-08-07,26236707.738630824,30016399.7047765,33292884.961545236,35647276.00235789,34824676.48799699,40171977.25650707,48989224.14446003
2025-08-08,26022839.87660136,29709109.289641064,32882336.959082823,35132749.01368196,34248497.515686676,39336558.98092824,47760196.382509835
2025-08-11,26194755.871954326,29954896.469594,33209729.083723325,35542287.49933622,34706566.87197594,39999997.90748857,48736102.26500464
2025-08-12,26236505.816981,30013648.735026356,33286972.590588845,35637805.951076366,34812278.09899945,40150113.36237575,48952795.31632923
2025-08-13,26288602.52264004,30087310.45590477,33384217.196344133,35758513.50013765,34946350.28099725,40341851.69786891,49231550.36021
2025-08-14,26230106.22319506,30002239.297532067,33269405.80794186,35613324.91952933,34782409.49865328,40100461.90603919,48871248.906580254
2025-08-18,26554010.166929524,30465381.533576675,33886030.54650102,36384045.034625344,35643579.97142418,41344692.84344197,50696472.69331967
2025-08-19,26657021.743024662,30613095.379574735,34083274.73376853,36631325.84197129,35920736.20585108,41747696.757426776,51291603.49514056
2025-08-20,26537733.472934015,30442374.159960102,33855954.64924045,36347306.2886755,35603607.55871256,41290445.68868621,50622622.34744431
2025-08-21,26502303.788243584,30390573.90527903,33785563.92429233,36257605.39094233,35501494.17865086,41137525.40782817,50390402.36697189
2025-08-22,26364136.317841686,30192669.642708223,33521807.79553291,35927738.25662478,35132790.741993085,40604724.03410379,49608994.229689926
2025-08-25,26307681.354450267,30111495.870961815,33413260.30670651,35791565.27370225,34980145.0917128,40382940.08937275,49282055.563945316
2025-08-26,25853387.530227974,29460487.216063753,32545042.39786668,34704855.47972185,33764424.42176562,38622799.94433107,46695431.29065688
2025-08-28,25502298.803344496,28957486.427091643,31874403.400429886,33865717.97360303,32826005.85640511,37265261.098491974,44702351.319799505
2025-08-29,25529990.680199966,28996849.42008868,31926551.051266197,33930602.40283282,32898190.464359116,37368656.73616427,44852664.6478991
2025-09-01,25944939.259708796,29591097.26482266,32718712.291343275,34921767.47612579,34006698.337622955,38972770.48370068,47208924.95999036
2025-09-02,25826556.15626929,29421479.067773245,32492681.969888333,34639189.81885807,33691026.92042153,38517269.76407711,46542082.58002562
2025-09-03,26070349.240985867,29770366.048130635,32957536.842011113,35220607.11913154,34341078.42930054,39457467.49589584,47922462.12540638
2025-09-04,25814704.711861692,29404292.51106251,32469806.71335091,34610839.29178385,33659780.2995353,38473783.915328234,46481184.98739025
2025-09-05,25823029.853951167,29415485.552462436,32483915.948505946,34627593.18340313,33677592.967829175,38497100.30987748,46512073.87305888
2025-09-08,25979540.71753835,29639067.53579093,32781356.763067104,34999102.29984415,34092429.94133197,39095732.85535068,47389230.069398105
2025-09-09,26138827.979309477,29867208.13593482,33085643.281747527,35380129.26512244,34518965.96219868,39714299.67520531,48299988.13791581
2025-09-10,26283965.534094445,30074640.183196247,33361733.358231213,35725137.957939975,34904393.91326646,40270987.8358583,49116332.800310954
2025-09-11,26300228.224235024,30097630.118132047,33392142.527063526,35763007.545738935,34946631.849358104,40332009.780642845,49206108.482991405
2025-09-12,26444917.747693826,30304347.91356932,33667175.5340345,36106551.94643989,35330251.917125344,40885536.82287663,50016904.499729946
2025-09-15,26463434.29861883,30330718.138121836,33702294.02698679,36150568.25112018,35379648.874766454,40957743.304856196,50124323.24888646
2025-09-16,26564927.658474624,30476235.490108393,33896635.883410536,36394275.925818026,35652879.04777409,41355217.857915565,50711363.928713344
2025-09-17,26703155.321014427,30674477.000323918,34161419.56189696,36726325.775866255,36025148.22421857,41896749.77496601,51511201.43671339
2025-09-18,26832992.526705984,30859871.627421208,34407887.85593255,37033909.55839288,36368277.28403912,42390842.5939047,52233447.93910093
2025-09-19,26872220.324204836,30916212.444142018,34483295.684882,37128708.098460056,36474853.25585101,42546845.92054745,52465476.24215976
2025-09-22,26989082.010018777,31084031.99794542,34707678.688395515,37410338.023771204,36790832.397201285,43007071.20951384,53145916.130164
2025-09-23,27123343.09178456,31275838.513600513,34962798.734515265,37728881.24471325,37146372.859575056,43519591.90563324,53895959.892866455
2025-09-24,26966188.208335806,31050352.586020943,34661767.35273607,37351753.34960766,36724133.255004905,42907412.18316801,52995275.353165165
2025-09-25,26805285.48767455,30819533.418152023,34353661.98269256,36965805.737507924,36292049.81531448,42280977.992814444,52073501.752594136
2025-09-26,26318527.30765439,30122080.129580595,33423619.572231393,35801879.39878858,34990157.50333772,40396810.0997726,49305936.96497186
2025-09-29,26607978.051157508,30535758.068140384,33973959.829516545,36489085.60088773,35757164.79119325,41502198.64034298,50922851.222795464
2025-09-30,26767623.720447578,30764311.30516866,34278584.21308983,36870214.94419354,36183419.61460337,42119120.27037724,51829276.43623575
2025-10-01,27109882.74135939,31253789.985516667,34930198.52389671,37684422.828080125,37092787.93095088,43431482.60052302,53751693.9858423
2025-10-03,27334061.053524554,31574722.480893895,35357898.56206417,38219440.30669874,37691014.3005458,44296810.22808185,55022225.293534264
2025-10-06,27459704.873169944,31754536.213363614,35597481.9579029,38519088.91403813,38026011.46824826,44781208.99936436,55733125.43018962
2025-10-07,27426743.13753086,31707517.912730187,35535148.009376615,38441598.06345829,37939963.01134115,44658634.07335814,55556158.02019448
2025-10-08,27151824.221156985,31314069.131115258,35011153.012670055,37786685.6398012,37208395.57517121,43602743.37343451,54009492.33821801
2025-10-09,27487341.760495592,31794146.846227,35650578.65442556,38586078.26361047,38101687.8065515,44893295.252142735,55902057.438132726
2025-10-10,27392713.469047286,31658851.20348927,35470631.87515353,38361525.95824069,37851291.1381132,44533304.04021877,55377048.56768294
2025-10-13,27664108.532314688,32047336.738613766,35988295.97896809,39009004.53207838,38575186.72981909,45580231.0394968,56914066.13917887
2025-10-14,27683306.893809438,32074615.076631922,36024455.13443692,39054054.506758496,38625401.01593118,45652542.054769285,57019947.64130962
2025-10-15,27909481.50800753,32398183.61736665,36455383.26352072,39592767.76302245,39227393.332863964,46522329.82025622,58295725.68093352
2025-10-16,27751342.672230173,32172464.659521274,36155612.89472625,39219188.475233726,38811331.186702,45925501.59662755,57427048.35183069
2025-10-17,27713508.01920726,32118044.3274628,36082835.849014774,39127895.8012049,38709007.61400371,45776869.871041246,57207973.057759844
2025-10-20,27746565.198149506,32164807.132248685,36144473.31117067,39204191.24430248,38793443.62748245,45896549.28776535,57380149.26319998
2025-10-21,27731986.96887685,32143719.639306165,36116169.72572782,39168599.47977783,38753484.99411654,45838407.115942724,57294432.81470752
2025-10-23,27567053.770476047,31906528.12633247,35798780.35473505,38770061.202570274,38306245.31371484,45186993.331853904,56331617.86577636
2025-10-24,27338577.684751447,31578778.37837953,35361262.23171745,38221948.2390271,37692531.79381899,44296960.4690488,55021525.88161925
2025-10-27,27622694.078210868,31985820.83291108,35904108.76559927,38901485.61549397,38452889.77375321,45398382.856250554,56641077.449733034
2025-10-28,27633825.249571953,32001500.772104457,35924737.727453634,38927005.933963306,38481138.81689978,45438487.70899417,56698905.7123581
2025-10-29,27606104.19609552,31962162.077512924,35872878.04226118,38862923.257035375,38410431.54727175,45339146.24548188,56557651.721750945
2025-10-30,27805279.515443936,32245871.7577567,36249087.085766084,39331191.35736246,38931427.25188481,46085329.558511704,57642478.74366334
2025-10-31,27918331.476721194,32407551.64720659,36464382.52832435,39600330.87532602,39232195.7997914,46519998.034459405,58280262.87825085
2025-11-03,28027413.32638263,32562524.417499878,36669381.57129387,39854899.16289325,39514788.73480455,46922964.11439305,58863623.74193069
2025-11-04,27883069.484790858,32355244.493758872,36392505.431294344,39507901.559536874,39126174.53006458,46359306.42709518,58034066.10337752
2025-11-06,27696858.059501663,32088399.98861871,36036762.41253093,39062903.08553046,38628723.27900711,45640392.00988257,56979783.43490171
2025-11-07,28033210.77429244,32568912.271947,36675830.35958287,39860730.61777563,39519052.60189338,46923239.25358784,58856106.898776755
2025-11-10,28121947.023341276,32695983.74778792,36845350.14333045,40073090.42598033,39756899.653986305,47268572.28458675,59365172.75789322
2025-11-11,28241755.40131138,32867490.45731761,37074018.19284876,40359350.861996956,40077280.13256863,47733021.611341394,60048785.9085732
2025-11-12,28403922.891928624,33099384.022047576,37382740.9484134,40745173.65736972,40508308.34137418,48355519.14458711,60961535.91603036
2025-11-13,28530507.685300685,33280950.740109928,37625209.52486989,41049128.18652129,40848910.541645385,48850361.87432317,61691301.06541693
2025-11-14,28899236.543470036,33809602.61321484,38330715.5879908,41932841.2935922,41838315.47976165,50285134.906342186,63803064.44822824
2025-11-17,29115297.315698914,34119497.53321066,38744486.460146725,42451412.16597313,42419245.80113368,51128606.9587125,65046145.45569834
2025-11-18,28899877.088393845,33810853.96498802,38332993.32658752,41936571.67555138,41843554.60396193,50296020.75517182,63824158.45917971
2025-11-19,28986150.502969544,33934054.032310605,38496820.87031102,42141096.452368416,42071812.26557245,50625024.9688624,64305605.98694374
2025-11-20,28943332.36637415,33872461.40706499,38414440.28295821,42037739.709019326,41955948.266359404,50456683.00467613,64057453.34195835
2025-11-21,28656491.782215267,33462284.654880174,37868603.87082238,41356067.290746324,41195082.42522822,49360188.31012443,62453718.79244614
2025-11-24,28703867.341329366,33529520.998644587,37957504.59888708,41466457.194997564,41317651.12238648,49535152.93159124,62707455.41836814
2025-11-25,29018643.85549269,33979028.27308408,38555018.884968415,42211952.14129048,42149025.68227942,50731315.855951995,64454245.152024835
2025-11-26,29601207.884037588,34814524.666029535,39670342.92300174,43609389.52666324,43714028.5948659,53002070.74774011,67798452.35839094
2025-11-27,29631925.919613782,34857349.66214908,39725962.209629774,43677211.3243295,43787953.10762933,53103634.869968005,67939932.81369911
2025-11-28,29483013.636321306,34643659.608746715,39440640.31764113,43319716.17869852,43387639.70980014,52523074.039724134,67085488.519328445
2025-12-01,29656520.315585185,34892900.57270474,39773945.78434014,43738096.84702816,43857065.80675733,53206765.67129849,68096161.55396777
2025-12-02,29595182.262754064,34805406.04099925,39657952.1350551,43593893.78304987,43696922.1095319,52978542.31544606,67766393.37219134
2025-12-03,29177076.62655043,34205698.95683076,38857506.56284703,42591276.7352753,42574511.723529726,51351451.240249984,65372526.41639624
2025-12-04,29197389.626021612,34233886.97199284,38894044.42071064,42635815.81011762,42623094.833011635,51418444.79705633,65466383.35032961
2025-12-05,29544173.064166743,34731068.124457516,39557632.524634995,43467191.53276229,43554141.701699995,52769425.98325667,67456237.739048
2025-12-08,29108306.72842573,34105724.10753497,38722745.04617105,42421147.71995136,42382791.62518397,51070436.40520756,64955167.18627907
2025-12-09,29266157.967308138,34329863.44464786,39019042.818218224,42788821.902136594,42877694.73259179,51781872.917735316,65993604.89138755
2025-12-10,29014466.874249376,33968781.40546036,38536984.162165895,42184852.296887755,42261953.269410595,50891815.15648819,64687884.034890294
2025-12-11,29156623.06284306,34176271.80920868,38818837.671385296,42544122.35957715,42419903.87768613,51126697.17947862,65042404.25979075
2025-12-12,29498835.86892873,34665911.18407437,39470967.05978808,43359348.71949625,43432799.34440845,52595787.445881866,67205241.40411703
2025-12-15,29349460.94569213,34451154.28971339,39183687.62508271,42998738.845560715,43121958.53276698,52147820.93444027,66550266.18764631
2025-12-16,29125889.176729687,34129661.28000969,38753498.29781507,42458543.40699999,42617687.784326375,51417947.82602549,65478265.96053028
2025-12-17,28978175.10080275,33916948.14208768,38468499.982603654,42100236.980190724,42321230.895731255,50989781.73043321,64850921.062303066
2025-12-18,29019737.69726571,33976593.138357066,38548252.62741161,42200387.508027904,42386641.03029855,51082774.00122422,64985381.86429983
2025-12-19,29206048.591084138,34243561.00740759,38904371.50053242,42646285.87162195,42846923.66019521,51747286.791246414,65959254.975020126
2025-12-22,29536104.484901015,34718188.49299159,39539696.8434205,43444511.843721196,43667325.46105037,52940411.635860026,67720720.59944595
2025-12-23,29530598.09881626,34709730.35732601,39527737.37807999,43428745.354363486,43637661.10633991,52894100.309610195,67647910.1817618
2025-12-24,29532024.065655615,34712848.44564655,39533407.72701356,43437789.29051064,43587770.11009131,52824422.12739769,67549493.56584345
2025-12-26,29532692.666324977,34712285.79235883,39530721.09447394,43432073.32412944,43655937.50240605,52920010.68778004,67685718.65817173
2025-12-29,29300590.18205703,34379618.39387807,39087024.81572361,42876713.72931224,43011087.04774568,51984875.41057058,66309548.149606474
2025-12-30,29495843.522727165,34661511.73221713,39465869.58047494,43354593.9696977,43400729.08686085,52552176.02434535,67148115.03515413
2025-12-31,29880831.551605795,35213994.40130345,40203876.1170288,44279896.69921397,44271984.03253515,53808932.66532445,68988330.79155417
2026-01-01,29890968.911809605,35228090.672675714,40222184.55948213,44302256.66341036,44312847.83016674,53867166.933924526,69072764.19564694
2026-01-02,30052979.720587183,35462690.66631099,40538407.72693422,44702315.40905297,44617432.172019735,54313185.2544121,69735821.08946364
2026-01-05,30245334.338296697,35736920.19398336,40902340.82944857,45155646.885845184,45254500.041151814,55235978.063276045,71092519.0783071
2026-01-06,30370290.37508352,35917224.36740677,41144547.37383966,45461043.93149719,45485415.261712715,55570753.561507314,71585285.27510759
2026-01-07,30358452.58623282,35897458.203312285,41114541.662067555,45418997.66603225,45480200.04533678,55551423.56076534,71539921.54190998
2026-01-08,29881967.220008757,35211620.54985038,40195860.13727188,44264133.07775406,44428171.33222403,54026415.43621042,69296443.23829469
2026-01-09,29603529.31430126,34810701.0636937,39658661.476563245,43588634.39291846,43780668.54923755,53085258.6078132,67908150.55661878
2026-01-12,29742436.80288881,35009760.65139441,39924244.74054021,43921258.17273369,44183289.66639058,53670546.99936496,68771946.47344849
2026-01-13,29722272.487361345,34980651.31896989,39885224.4389143,43872235.021333694,44108849.76424675,53561027.148643345,68608771.6760742
2026-01-14,30129990.376170795,35564843.97153059,40664392.278320454,44847668.85805243,45029146.26241136,54884149.86799313,70539917.49212998
2026-01-15,30125608.704255313,35558352.72285243,40655534.69251656,44836390.3593129,45018993.63401076,54868906.20403014,70516961.14102083
2026-01-16,30282827.719277874,35785955.616993174,40962261.99177053,45224370.554889776,45112554.109359816,54997353.49234399,70695836.30934076
2026-01-19,30076344.132955197,35484402.41242255,40552605.57304542,44702294.05973457,45120965.08189338,55014458.912885696,70728269.69315216
2026-01-20,29550267.848772947,34726720.82411675,39537052.64994421,43424840.17775791,43939941.2575705,53298798.72653104,68198771.16371128
2026-01-21,29259496.060122952,34311418.7788693,38985060.309850015,42736315.234502345,43070139.62206366,52041087.25709678,66353165.76746601
2026-01-22,29547015.406978223,34722330.828922994,39531735.40271368,43418989.563926235,43870684.48839234,53197369.028004326,68048664.8406994
2026-01-23,28866474.989639826,33743122.203170046,38220469.75835718,41771033.4658176,42231959.61343015,50815179.144395515,64533863.158147335
2026-01-27,29365125.597143352,34459228.01108867,39177728.55190313,42972107.13122929,43395343.069171965,52498498.70091983,67006599.901800424
2026-01-28,30119688.254490983,35538397.273682244,40614322.95279017,44767053.398922384,45347354.692326725,55311359.32335849,71120900.51279126
2026-01-29,30057075.95083067,35447631.70430346,40491970.43286558,44612348.06920169,45206970.17139727,55105089.49064178,70813722.98703182
2026-01-30,29551058.986293413,34723202.49454262,39526770.24232461,43405428.053122416,43790369.83246027,53053758.34409418,67798934.08632599
2026-02-02,28696064.018412456,33495944.560556326,37887285.85719281,41349913.54896427,41539315.74152708,49786450.67959028,62985884.32054369
2026-02-03,29493278.509069666,34640474.12514068,39416812.28938912,43268485.63577759,43477824.66064494,52594575.83296409,67115509.93525624
2026-02-04,29922398.785956744,35255283.80452871,40236821.818973176,44295105.370216474,44600382.40989565,54219397.4263236,69503049.90866478
2026-02-05,29538113.74700644,34706040.41264164,39423644.501782864,43276862.43560854,43624597.285179,52816931.36836622,67457409.65012202
2026-02-06,29520214.37837977,34678708.68583411,39413469.50345271,43262207.53486004,43630545.63980408,52820513.21124795,67455360.31162113
2026-02-09,29972253.57702452,35327793.38454038,40253609.05473,44315136.057930805,44686612.11965427,54347685.87418945,69697041.6765829
2026-02-10,30067094.052969396,35462884.69436389,40440154.749198474,44547506.71288941,44977505.90625013,54767369.75742016,70311764.5206904
2026-02-11,29826266.118039537,35119433.15781595,39968550.13476339,43959350.99700322,44290365.60732569,53778172.910066076,68866500.89266741
2026-02-12,30272638.137574643,35759719.484928414,40853994.953260645,45069734.2225767,45266550.85761577,55182362.95435402,70916621.83448917
2026-02-13,29345368.31150069,34428652.76332144,39128436.38756573,42907654.64254832,42858775.800063655,51689272.43074432,65773611.33409378
2026-02-16,29596495.731200032,34789963.8722499,39506988.21485544,43380489.91307193,43530288.648479566,52669436.83683649,67225915.54028969
2026-02-17,29925248.428995844,35267567.020614125,39929346.717022866,43912667.05095197,44244775.00779183,53726914.57084491,68813692.9181014
2026-02-18,30045239.88405287,35441121.25261543,40125124.22076282,44159171.99909672,44483357.04777226,54076082.68303183,69332598.69128655
2026-02-19,29810130.851675473,35105822.099477105,39697009.23311642,43626472.31030556,43682812.35232199,52915105.85813818,67623910.31911178
2026-02-20,30104919.942298934,35528706.16195972,40166888.15687068,44212294.536118805,44576809.6951174,54218503.62794745,69552708.03617744
2026-02-23,30261918.02922553,35753124.68644625,40377053.674157456,44471570.079642646,45220084.1567692,55160925.71400516,70954175.01458031
2026-02-24,30287335.641574197,35790955.21344988,40436850.92992416,44548998.77294957,45161031.71790033,55075434.877596155,70828852.96703911
2026-02-25,30526737.989327066,36135318.90634823,40842112.0050357,45056601.645528644,45710034.70532736,55871846.60429753,72001592.43335602
2026-02-26,30677998.975933082,36354241.82503249,40957951.8615461,45199339.81967071,46216413.45198947,56622197.3131275,73129591.69316223
2026-02-27,30161213.630103618,35611194.36439657,40018484.20943089,44020969.94330581,45013409.62792945,54878703.873382576,70565228.33826613
2026-03-02,30030508.648143202,35418555.92636284,39898869.18845574,43867016.8459898,44808302.12441957,54563773.85475244,70076146.43926455
2026-03-04,29089612.059605934,34062435.80950651,38417022.69218427,42010106.37850891,42429248.07748841,51088611.417381704,64924871.55276367
2026-03-05,29561043.931777503,34739954.31773905,39271743.2922587,43081632.980183154,43597555.26130137,52785496.68834525,67426832.55579445
2026-03-06,29210377.862156328,34232574.38543131,38727712.66937121,42397046.96533166,42799002.13047685,51613511.21380799,65681675.68771498
2026-03-09,28808399.335270032,33650970.18582929,38100612.58671858,41607850.83978444,41846740.22505383,50214391.37525634,63595908.270242184
2026-03-10,29237670.39660752,34270879.42266761,38802128.79840261,42489571.90038933,42745190.612249896,51524673.28925482,65535343.99905771
2026-03-11,28630905.335029334,33396399.4080752,37738844.28352452,41153868.65865186,41381920.75352438,49541545.02846743,62607773.34171574
2026-03-12,28603207.757154867,33357560.98617271,37692479.948294826,41097355.872557506,41259285.36388314,49365632.211150095,62351838.596834466
2026-03-13,28013013.062274277,32507927.59295071,36728062.23731193,39889315.80960469,39792284.03591299,47228885.31919961,59193390.35284943
2026-03-16,28148592.900185812,32701765.686912004,37011387.05518918,40244068.38636058,40119145.870785564,47698500.61696719,59878562.159563124
2026-03-17,28597867.24849401,33346532.67003608,37805272.58423144,41237207.88035187,41286810.75328553,49392537.28791555,62373230.14690736
2026-03-18,28764582.779153224,33585891.87694846,38129434.46367877,41643874.603011176,41638923.90363896,49899672.084631704,63114841.96236747
2026-03-19,27810706.062620122,32212682.92673812,36514065.906973556,39618633.41947732,39296146.25187048,46488525.29272911,58074326.39847891
2026-03-20,27823878.133039527,32236380.56522492,36399403.2928761,39478094.41463673,39228986.19509431,46409434.17115365,57984778.81619508
2026-03-23,26531821.935966436,30377708.372323696,34209178.6427723,36734261.788096584,35938462.93236779,41619181.1248351,50907568.59938505
2026-03-24,27184309.589669444,31316201.89221415,35370797.36430354,38191057.19294804,37513196.462700665,43907466.26919125,54282832.710687645
2026-03-25,27768973.13213591,32156644.004963152,36451063.36833705,39546220.52160621,38898313.11176172,45916289.18561277,57240121.04772259
2026-03-27,26982151.62296544,31021756.98512976,35191113.96136883,37965368.84837236,36968317.5003839,43095519.615319,53056476.41226669
2026-03-30,26180838.87989895,29867252.5380476,33912861.72752567,36363752.60185966,34941930.15360748,40137693.30455943,48675252.55987285
2026-04-01,26996476.981608164,31040845.11291733,35379750.04642203,38204493.808664374,36836114.73015235,42888020.69500007,52728678.77605924
2026-04-02,26949302.264400426,30971607.650478024,35286055.3058782,38085747.63685971,36722271.919147946,42721058.62876693,52481240.03970543
2026-04-06,27293104.320932504,31467802.414569587,35953378.59951369,38928233.11093116,37202297.82074689,43413398.40780854,53495935.41740313
2026-04-07,27232329.06952795,31377582.27451496,35829713.85784517,38769494.89548992,37176172.3478365,43373358.47616173,53434917.6930642
2026-04-08,27424306.733433142,31654210.845505714,36201526.17572775,39238729.81250451,37425278.10898604,43731565.720137276,53958841.2283307
2026-04-09,27481736.837071307,31733411.462965205,36303873.45257711,39362977.306474574,37704816.20202852,44133806.70111475,54547440.585413165
2026-04-10,27547557.95837702,31827573.794505317,36430080.14335198,39521962.246344164,37763724.977548756,44216806.05569561,54667140.254834384
2026-04-13,27655091.736072477,31978258.339057554,36627352.84017641,39764520.40139018,38199901.22382891,44845694.613045715,55588636.43372789
2026-04-15,27836150.926206253,32237208.209533155,36972885.428260766,40197489.388245076,38588192.68463274,45405295.42072481,56408362.87770373
2026-04-16,27822452.452350963,32214948.01866031,36940527.9252209,40153882.18654574,38643525.26779604,45483118.57968458,56520458.22040404
2026-04-17,27812637.42373746,32199307.560283184,36918401.571494736,40124831.400220975,38621886.035956874,45449566.31327307,56468965.83733769
2026-04-20,27839863.19382573,32237423.532953463,36968873.84487156,40187785.02434476,38640972.46361407,45474941.78357187,56504025.44498944
2026-04-21,27814949.561596278,32201154.202503625,36920572.54681441,40127637.83711685,38496713.17240214,45263962.5198665,56191928.868696004
2026-04-22,27721584.768043164,32065113.096631803,36736964.409512706,39895321.391371265,38312624.791014835,44995351.749027416,55795183.13858667
2026-04-23,27689766.47936598,32016469.84486463,36668864.26681881,39806279.747182146,38354986.61500731,45054404.11090881,55879705.474430874
2026-04-24,27727214.363585852,32071371.693732914,36744566.64541507,39904361.87930678,38224157.35909652,44862855.92621251,55596147.50759635
2026-04-27,27765194.383207686,32121653.173399787,36806952.9287322,39976852.075740315,38539066.2408273,45316271.04084998,56259905.17003798
2026-04-28,27958170.114760924,32399001.31552225,37178783.10224402,40444935.27149767,38849053.310792826,45762563.97204815,56913201.307802245
2026-04-29,28273457.324928712,32855362.32381423,37794346.66590297,41224334.574000634,39169335.12219109,46223752.41494954,57588375.3086883
2026-04-30,28238479.55674452,32802360.829356167,37720659.598474205,41128581.099297635,39189327.70449987,46250434.778301224,57625350.252646595
2026-05-01,28242208.84556542,32806222.95110395,37724671.547021955,41132409.43594954,39195001.077438965,46256397.329374775,57631891.59949568
2026-05-04,28087598.794877958,32581356.92384451,37421183.567685574,40748267.004098624,38938424.96521859,45882895.66716215,57081078.875603884
2026-05-05,28099969.378576797,32598438.143197954,37443938.345159456,40776944.93162029,38897558.86483025,45821516.54046073,56988708.33055113
2026-05-06,28249616.518916413,32812178.383190043,37728913.914696075,41133785.46655564,39219637.42961361,46285302.13341437,57667694.36296034
2026-05-07,28463423.757083487,33119957.867900982,38142104.43998918,41654608.43035757,39535900.44341155,46740672.33998673,58334319.42523723
2026-05-08,28537829.817675218,33224339.18510539,38279176.09735044,41823747.17864252,39788615.253992446,47104090.50576273,58865885.648311466
2026-05-11,28636109.992366444,33361794.317738086,38458848.74338663,42044329.94889592,40197517.75669801,47693504.980711475,59729392.64137645
2026-05-12,28471827.74161071,33121263.84033405,38132071.44055019,41628044.19991126,40064467.874598496,47498737.22627901,59441099.46684545
2026-05-13,28559537.700677,33245557.215927027,38296828.2173521,41833246.15185508,40281832.79455083,47811004.02009852,59897533.44030182
2026-05-14,28897760.733297743,33732003.936017595,38948825.08559509,42653647.24294151,40891232.68978219,48690527.95511374,61187148.95171052
2026-05-15,28996968.562818654,33872887.01905291,39135859.64424081,42886925.788689576,41129186.00806021,49032584.20012668,61687336.339267075
2026-05-18,28810889.25116238,33601059.78496142,38767258.61133154,42418182.50142637,40872866.71188951,48656654.71126612,61128906.96676278
2026-05-19,28907213.00428968,33736937.434655234,38946457.86369867,42640206.76659355,41299472.50244639,49277344.873494744,62046227.07691008
2026-05-20,29002144.978169303,33872906.764756404,39128551.97531215,42869313.10616388,41416568.81702478,49444408.95988491,62289117.016948566
2026-05-21,28809081.250857152,33594985.214968845,38757025.203197725,42403396.493141666,40883984.90806721,48671554.28324442,61151661.17868829
2026-05-22,28777277.81505771,33549667.950718567,38697757.19747038,42330895.398368284,40640610.874113664,48316907.04889619,60628088.66479832
2026-05-25,28940018.334007435,33784027.25182226,39012703.35754346,42728335.15688565,40860225.655180156,48633452.6595364,61092146.10890627
2026-05-26,28941236.79110465,33784563.27719052,39012643.80574645,42727522.4762576,40757062.51037238,48478786.356639706,60858217.80610031
2026-05-27,28733626.574391004,33486956.23932457,38616403.02261382,42232591.216621004,40131955.7538071,47573838.45108583,59529259.914744884
2026-05-28,28737373.75528123,33490837.29781823,38620435.08475811,42236439.34562302,40135105.76070903,47576321.74634183,59530831.687435776
2026-05-29,28368591.988774925,32960169.33499755,37910551.21283955,41345392.817886345,39193795.65535008,46210849.07636685,57521240.77575393
2026-06-01,28206376.464478567,32724449.374611378,37592649.95749054,40943287.3841276,38893147.68984556,45772997.14728727,56874991.37080915
2026-06-02,28241059.34467145,32774277.529644124,37660113.45600154,41029221.57365458,38796050.9507665,45628374.734381795,56657601.56854557
2026-06-03,28207641.487682745,32726169.85320079,37596491.417032994,40950481.75901173,38638655.41452888,45400338.89588792,56323104.22293854
2026-06-04,28364329.971391678,32950800.309526827,37897059.34684768,41328173.80483674,38868593.11298664,45729186.43422214,56801517.11942602
2026-06-05,28180336.581923928,32685053.11313055,37540678.22141887,40879855.550272554,38495758.92736512,45190437.11736743,56012080.94489385
2026-06-08,28171684.538249567,32669210.26568718,37515805.26806341,40844279.3773353,38579999.450469,45308184.251811914,56180033.05769793
2026-06-09,28329213.64804785,32898263.738859694,37826550.26624197,41240047.147775754,38622760.04489694,45369497.49700038,56270151.64786093
2026-06-10,28158902.0435844,32651605.112146914,37494941.86330141,40821883.65112199,38201857.20590803,44755727.94734888,55362818.77061571
2026-06-11,28241663.581917573,32769309.748319842,37651582.54965967,41017764.56078341,38456170.9787955,45125716.86389874,55909937.660744525
2026-06-12,28433684.38611194,33044910.562557016,38020585.15967,41481689.96139236,38863824.509992704,45716625.99012275,56780194.67346431
2026-06-15,28573245.076327052,33245390.715753905,38289466.89824336,41820370.82421983,38984478.53450601,45885963.211554155,57022373.73853643
2026-06-16,28531962.009668175,33183868.238204546,38205105.11107816,41712117.08348229,38959011.985159606,45847769.22115293,56965230.488651946
2026-06-17,28483912.522878442,33113405.593764033,38109824.247285865,41591448.0046528,38815415.45217886,45637001.40805661,56652293.41982414
2026-06-18,28420973.919049695,33021786.435142316,37986564.31428254,41436051.54839433,38838664.824694045,45677189.26836634,56721404.65541081
2026-06-19,28493264.79881978,33126777.166304678,38129292.848755196,41618315.2199122,38870586.744222075,45725133.23356882,56795150.61151746
2026-06-22,28605275.88021159,33285605.081524987,38339732.31559401,41880234.13989147,39129794.2992893,46096295.738824315,57335665.25154782
2026-06-23,28474334.132065024,33094349.10357558,38080672.08339275,41551210.82344804,39021097.8065482,45939720.71508233,57107535.22289352
2026-06-24,28549144.96494934,33201782.57627335,38225106.56053376,41733674.3446711,39102718.4027799,46057272.963864066,57280273.841004804
2026-06-25,28481142.5081074,33101053.590902194,38087234.17576202,41556914.90205076,38978778.10098241,45872078.03319939,57000854.22121966
2026-06-26,28484909.562985368,33104955.685403846,38091288.582951605,41560785.02149813,38981946.87199678,45874578.14958696,57002440.39363317
2026-06-29,28558674.786395058,33206888.403275747,38223067.817236595,41720772.81973599,39593962.31248686,46768357.28721118,58327657.82816461
2026-06-30,28482706.60253131,33098199.605091754,38079171.181606725,41542199.92370435,39286322.945200555,46322649.534568824,57673061.27363834
2026-07-01,28626830.38975392,33300902.18200705,38345282.99237864,41870262.00058318,39770145.791241996,47017266.83409003,58686473.89922089
2026-07-02,28505902.8306519,33124277.81390797,38106113.18149633,41566606.70458651,39607283.08309635,46779853.48233257,58336139.12815942
2026-07-03,28379817.07118033,32943914.740043003,37866811.74307069,41268842.04955713,39398438.19144268,46487541.180402786,57921574.9376548
2026-07-06,28302393.02255138,32833829.385883357,37721969.81436852,41090230.237705246,39051306.714249454,45985612.07247438,57185701.8152163
2026-07-07,28233919.703907847,32736256.624061257,37593399.97731794,40931468.65915495,38691837.55646747,45463168.07007268,56415942.32386021
2026-07-08,28258207.505934652,32764854.425443497,37624134.213609934,40960932.08374702,39024179.83987312,45937077.99950511,57103037.683742926
2026-07-09,28363114.26750201,32914529.98756709,37823735.506380305,41210991.48710581,39382013.74559941,46459696.42243846,57878346.26536062
2026-07-10,28511423.231470708,33130921.834825553,38118329.44397925,41587460.726636864,39294055.502664536,46329238.5304755,57683094.37397312
2026-07-13,28533824.22318643,33161493.025872312,38157912.20912414,41635754.8124847,39334853.42456595,46385601.533885464,57762971.447325096
2026-07-14,28695416.195609972,33390621.79690704,38461125.27756722,42012575.657636024,39741988.4306016,46968952.82002082,58612533.56740829
2026-07-15,28652568.767454006,33326176.61976617,38371964.47870435,41897191.931532286,39837178.119995505,47108324.02861694,58820403.615258925
2026-07-16,28432428.791660793,33006317.7035871,37940341.704586685,41350856.775109276,39522477.40185081,46652048.35750433,58149793.31933539
2026-07-17,28372525.742974803,32920648.79542125,37827148.99948814,41210721.89043899,39077985.38142158,46000595.9888857,57182111.93372983
2026-07-20,28497723.254807845,33098570.469387107,38063321.77145568,41505188.45500529,39525439.983759366,46651518.88845883,58143938.76295966
2026-07-21,28461518.16851468,33044833.361357342,37990024.8260279,41411636.82004801,39585852.46711586,46742565.80468561,58283646.81956503
2026-07-22,28358948.919080038,32892841.516963147,37781486.00634124,41143554.605869316,39207528.84796731,46176033.69467903,57425436.60920848
2026-07-23,28261162.586776435,32750781.71266944,37590285.20434311,40902279.36449668,38942469.025794595,45788737.19561438,56852126.20465185
2026-07-24,28218087.371308234,32687295.844561983,37504114.010240085,40792771.4736895,38750402.52507917,45504660.68469011,56427043.178893924
2026-07-27,28358213.068211764,32889540.613908008,37776624.45971791,41137586.94433969,39010005.41038001,45884430.29283504,56991534.195665404
2026-07-28,28311573.640964046,32821869.23382308,37686096.475204706,41024153.94159379,38774776.86060498,45539728.98553592,56479985.03097641
2026-07-29,28381459.527291022,32922378.10765648,37821476.67995039,41195510.759903446,38983079.37248341,45847113.74424788,56940759.059467755
2026-07-30,28382794.161798287,32924903.913305383,37826503.54101896,41204101.97905044,38710909.69022449,45447129.4065448,56345429.706443496
2026-07-31,28387882.108885683,32929906.93596685,37830978.90629837,41207194.028705925,38759508.92807795,45514375.092884466,56440722.299621195
2026-08-03,28349920.1638374,32875398.433047827,37758975.541135676,41118158.92686964,38458240.75758842,45072884.93239779,55785273.76012152
2026-08-04,28422886.669858262,32978585.346518457,37895620.68557377,41288222.11049549,38693057.434605055,45413237.81074354,56286862.623818055
2026-08-05,28377981.58582268,32915603.902320158,37814279.0983178,41189945.18077777,38251715.09034839,44769065.37810562,55333715.23857347
2026-08-06,28471976.041761994,33049397.932484824,37992377.543247476,41412687.74233143,38429242.220428556,45023366.93570474,55704463.49796428
2026-08-07,28451572.70058059,33017996.7773217,37948464.99169964,41355414.23647575,38345061.06903564,44896069.20090461,55510607.12524777
2026-08-10,28669937.460766856,33329611.915877014,38363202.80111803,41873726.851583295,38659476.04953846,45338897.21820493,56144804.43827148
2026-08-11,28888733.561716147,33641077.78610287,38776721.89145704,42389242.139682695,39192999.06631198,46105452.82355769,57263919.57403342
2026-08-12,29019283.391708188,33826582.52724327,39022896.78730998,42696091.08288344,39539950.902485,46605707.122885294,57997053.29294044
2026-08-13,28998750.037104886,33794886.40638911,38978447.22142164,42637966.43683302,39430716.911610916,46440705.81080057,57745770.09685869
2026-08-14,28866210.31874461,33602720.097971454,38718838.293817006,42310143.21646477,39045265.17709069,45876939.48598534,56910051.09810428
2026-08-17,28910676.421589836,33664949.719669975,38802205.442423046,42413536.31903745,39336237.39370298,46302539.96148154,57542240.989425205
2026-08-18,29114773.807498254,33956593.53951747,39191156.066750035,42900269.73603727,39739249.31748321,46880097.742309526,58383407.881504245
2026-08-19,28949223.484168343,33716668.50791128,38866560.44177873,42490180.757221915,39301439.82922044,46240753.09244778,57436993.40267247
2026-08-20,29300949.543536127,34222171.404491015,39543067.59681011,43340538.985187635,39874694.10178598,47063961.422928445,58638070.08710531
2026-08-21,29405636.969166078,34370868.26062468,39740421.24797848,43586541.19479706,40144376.21605072,47452433.02574166,59206942.44071553
2026-08-24,29473855.414797224,34465102.93665112,39860872.98417816,43732311.87534752,40382959.647218265,47791481.42392816,59697095.92134985
