date,gfs_us_zero_cash,gfs_us_tbills,gfs_us_gold,sp500_index
2018-01-02,1000000.0,1000178.57,999001.0,1000000.0
2018-01-03,1000000.0,1000357.17,996366.78,1006398.8187687816
2018-01-04,1000807.5,1001325.73,1001668.98,1010453.2333614503
2018-01-05,1005020.38,1005665.29,1004943.82,1017560.5264173154
2018-01-08,1007988.08,1008741.2,1007701.78,1019252.0619834852
2018-01-09,1006834.99,1007676.49,1004134.4,1020580.0776994247
2018-01-10,1002714.26,1003642.75,1001210.72,1019444.9611566269
2018-01-11,1010316.37,1011337.8,1010440.01,1026615.3766179758
2018-01-12,1018669.4,1019767.02,1023502.96,1033544.6228314012
2018-01-16,1013431.39,1014576.84,1018649.18,1029901.9076007528
2018-01-17,1028329.47,1029537.64,1031116.58,1039598.48716333
2018-01-18,1025507.21,1026766.49,1027634.71,1037918.0908451864
2018-01-19,1033143.1,1034461.03,1036603.27,1042469.6057014114
2018-01-22,1033690.85,1035045.19,1037419.62,1050878.9228944874
2018-01-23,1032459.21,1033847.47,1037160.21,1053163.9177477926
2018-01-24,1029604.98,1031025.72,1036693.29,1052574.1715433327
2018-01-25,1030129.83,1031584.25,1035874.94,1053208.4747398987
2018-01-26,1051477.93,1052986.36,1057428.88,1065679.7232539863
2018-01-29,1046247.97,1047788.04,1051098.8,1058505.594709962
2018-01-30,1036704.7,1038272.63,1040701.2,1046969.1374001793
2018-01-31,1022957.11,1024551.54,1028270.38,1047481.0899944375
2018-02-01,1020569.4,1022195.87,1026529.08,1046802.229805766
2018-02-02,1005925.17,1007513.52,1011510.43,1024601.0745480136
2018-02-05,968346.09,969880.41,973765.67,982613.7167794568
2018-02-06,977518.22,979087.56,983110.49,999751.4045867258
2018-02-07,978059.16,979619.98,983606.8,994751.0595417259
2018-02-08,935818.27,937320.71,941181.5,957411.6662159648
2018-02-09,946884.26,948396.19,952256.25,971711.6532292318
2018-02-12,959890.16,961416.91,965307.37,985232.6173845807
2018-02-13,959823.78,961360.57,965286.35,987806.9609975985
2018-02-14,982748.15,984325.71,988361.39,1001046.0025585857
2018-02-15,996124.67,997713.23,1001745.6,1013127.7396437144
2018-02-16,999019.87,1000603.47,1004600.93,1013506.1118246469
2018-02-20,1000067.84,1001646.56,1005617.68,1007585.8279060441
2018-02-21,999511.26,1001065.26,1004917.61,1002047.6292510494
2018-02-22,1002182.74,1003732.44,1007543.57,1003023.1738017928
2018-02-23,1015477.36,1017053.06,1020950.6,1019100.006719774
2018-02-26,1021350.16,1022930.41,1026828.23,1031081.5811356565
2018-02-27,1007081.36,1008644.29,1012518.12,1017979.7425076785
2018-02-28,988663.08,990184.78,993917.16,1006684.4544458189
2018-03-01,973730.04,975254.19,978698.57,993270.9885620752
2018-03-02,982997.28,984602.61,989956.22,998308.46443383
2018-03-05,992256.76,993942.39,998672.96,1009321.829901328
2018-03-06,996811.51,998515.09,1002959.0,1011985.2874985577
2018-03-07,999916.59,1001615.14,1006016.04,1011495.6134003523
2018-03-08,1004162.16,1005872.59,1010314.57,1016009.9974298222
2018-03-09,1022015.54,1023761.56,1028310.46,1033667.0639967007
2018-03-12,1018495.85,1020229.18,1024721.96,1032350.1875287878
2018-03-13,1010164.69,1011887.42,1016367.5,1025780.7480829173
2018-03-14,1006934.98,1008655.76,1013136.67,1019908.643676104
2018-03-15,1001225.35,1002930.75,1007354.29,1019111.1459678006
2018-03-16,1001717.15,1003438.16,1007938.27,1020847.1479630843
2018-03-19,990067.48,991774.18,996253.9,1006346.8356113245
2018-03-20,999363.59,1001107.01,1005731.26,1007838.0458390018
2018-03-21,999666.49,1001420.99,1006097.41,1005979.6026784186
2018-03-22,971864.19,973578.27,978171.98,980666.2501976538
2018-03-23,953080.64,954772.17,959329.73,960104.7379116066
2018-03-26,984560.73,986308.05,991025.17,986178.547836912
2018-03-27,967581.88,969313.05,974021.83,969141.0226988895
2018-03-28,954360.37,956053.82,960620.66,966314.3705899218
2018-03-29,978956.7,980692.19,985375.45,979620.247639068
2018-04-02,944078.89,945765.37,950333.33,957738.0552394404
2018-04-03,953590.07,955303.64,959966.7,969819.7923245691
2018-04-04,963948.35,965691.88,970461.53,981037.1962132353
2018-04-05,981349.42,983135.67,988042.95,987769.9207338355
2018-04-06,954368.49,956124.89,960993.28,966117.7583341047
2018-04-09,958319.19,960090.72,965020.32,969341.2574743902
2018-04-10,977364.63,979172.72,984208.32,985555.3838883728
2018-04-11,975289.68,977104.81,982182.41,980109.8311742814
2018-04-12,988455.33,990276.02,995332.88,988196.4724265574
2018-04-13,985461.93,987304.2,992476.87,985343.9193018535
2018-04-16,1000082.55,1001962.14,1007258.38,993334.1109675587
2018-04-17,1013954.91,1015855.54,1021202.3,1003924.5472620182
2018-04-18,1024022.68,1025939.28,1031316.5,1004759.1757970767
2018-04-19,1005680.28,1007587.43,1013004.25,999005.7994728872
2018-04-20,996115.12,998016.79,1003447.09,990477.7541971873
2018-04-23,1001633.94,1003554.92,1009056.62,990533.4504373197
2018-04-24,994728.35,996664.95,1002278.17,977279.5565456304
2018-04-25,993261.13,995179.44,1000701.92,979074.8773007302
2018-04-26,1013868.84,1015845.46,1021574.06,989290.7450599247
2018-04-27,1006176.3,1008118.66,1013697.34,990392.4438586428
2018-04-30,992022.79,993959.91,999575.76,982283.6146733059
2018-05-01,995230.99,997168.96,1002696.43,984787.5002784812
2018-05-02,1005206.09,1007240.22,1013061.19,977691.2559076503
2018-05-03,999887.69,1001952.33,1008301.3,975487.8583102141
2018-05-04,1010905.06,1013002.26,1019563.49,987985.0078400382
2018-05-07,1016709.98,1018818.81,1025340.12,991401.4061534655
2018-05-08,1026058.48,1028193.53,1034709.68,991138.0489724814
2018-05-09,1038058.29,1040221.81,1046832.11,1000734.4658658121
2018-05-10,1051453.93,1053621.32,1060192.74,1010111.9920072726
2018-05-11,1051070.66,1053235.23,1059784.92,1011836.85475453
2018-05-14,1054378.02,1056568.33,1063233.34,1012730.8020494044
2018-05-15,1056157.52,1058350.3,1065017.84,1005801.5558359787
2018-05-16,1065419.75,1067624.65,1074316.18,1009885.6750900514
2018-05-17,1077679.91,1079948.98,1086903.46,1009021.3418935889
2018-05-18,1078601.18,1080875.28,1087839.64,1006365.4010247021
2018-05-21,1095469.87,1097798.03,1104963.44,1013799.1736670351
2018-05-22,1074306.29,1076615.0,1083773.05,1010620.1409558635
2018-05-23,1080871.07,1083195.82,1090405.21,1013903.049418957
2018-05-24,1091851.82,1094217.97,1101577.95,1011851.707085232
2018-05-25,1091413.59,1093732.88,1100866.89,1009466.5495626804
2018-05-29,1093055.8,1095410.11,1102703.56,997792.8893198882
2018-05-30,1111784.51,1114199.02,1121710.88,1010460.6595268011
2018-05-31,1106649.2,1109054.36,1116540.4,1003509.1348173226
2018-06-01,1121928.32,1124420.36,1132136.82,1014396.436599838
2018-06-04,1125967.47,1128477.24,1135952.37,1018940.5252907118
2018-06-05,1126375.45,1128881.34,1136748.76,1019656.4257431465
2018-06-06,1126838.13,1129325.39,1137032.21,1028392.2225226901
2018-06-07,1117022.48,1119536.8,1127185.01,1027657.756656878
2018-06-08,1122556.59,1125111.21,1132951.71,1030870.1165491369
2018-06-11,1121222.36,1123787.32,1131787.56,1031971.8153478552
2018-06-12,1125400.13,1127926.74,1135448.87,1033770.9397486226
2018-06-13,1130114.16,1132651.3,1140268.0,1029608.8457583645
2018-06-14,1136443.52,1138993.88,1146667.61,1032153.5752729705
2018-06-15,1130807.69,1133346.79,1140368.1,1031103.7690687173
2018-06-18,1140467.9,1143053.04,1150139.03,1028911.5107193075
2018-06-19,1129338.79,1131922.36,1138921.72,1024771.7857880945
2018-06-20,1129118.91,1131709.21,1138559.05,1026526.3531967559
2018-06-21,1111044.74,1113578.43,1120124.59,1020012.5194280258
2018-06-22,1107500.8,1110026.19,1116596.44,1021911.7159350475
2018-06-25,1074972.19,1077397.48,1083430.1,1007886.3159137834
2018-06-26,1081503.79,1083948.81,1089824.55,1010108.278924597
2018-06-27,1057781.9,1060179.57,1065682.36,1001416.9485741673
2018-06-28,1060305.12,1062719.79,1068159.47,1007604.3933194217
2018-06-29,1066159.26,1068612.08,1074305.0,1008368.5638466377
2018-07-02,1059203.96,1061651.73,1066973.25,1011462.1956562728
2018-07-03,1059654.31,1062119.56,1067818.77,1006458.1375285975
2018-07-05,1065384.72,1067839.78,1073547.28,1015134.6155483254
2018-07-06,1076832.13,1079328.48,1085099.32,1023744.2580798944
2018-07-09,1088373.69,1090914.71,1096905.93,1032776.7392215097
2018-07-10,1087287.66,1089814.71,1095640.22,1036363.8487750178
2018-07-11,1072610.41,1075099.91,1080391.88,1029011.6733885539
2018-07-12,1089270.53,1091796.02,1097296.33,1038014.5404317573
2018-07-13,1091614.92,1094161.28,1099566.41,1039134.8046438529
2018-07-16,1088318.22,1090870.42,1096266.59,1038066.4330262222
2018-07-17,1101041.63,1103641.55,1108818.86,1042191.3961897251
2018-07-18,1104899.31,1107524.94,1112780.84,1044443.0638619429
2018-07-19,1104154.46,1106788.05,1111905.12,1040314.3876157643
2018-07-20,1101572.0,1104192.74,1109426.17,1039327.7038169946
2018-07-23,1104112.38,1106735.94,1111948.64,1041238.0395720429
2018-07-24,1098218.21,1100830.97,1106052.18,1046216.1061209895
2018-07-25,1113718.68,1116369.21,1121702.58,1055738.3519238024
2018-07-26,1105482.82,1108161.1,1113647.98,1052537.040716578
2018-07-27,1093798.86,1096452.3,1101917.63,1045630.0729992054
2018-07-30,1084158.91,1086807.44,1092224.8,1039613.3394940319
2018-07-31,1102106.73,1104775.71,1110211.9,1044691.5687122252
2018-08-01,1097006.82,1099660.24,1104950.72,1043604.7222442089
2018-08-02,1110757.14,1113354.11,1118173.43,1048745.9833048936
2018-08-03,1106959.27,1109534.44,1114206.26,1053616.5515822351
2018-08-06,1115260.76,1117856.74,1122535.16,1057344.486588436
2018-08-07,1117383.75,1120002.19,1124799.52,1060330.6201264658
2018-08-08,1118091.37,1120716.67,1125575.08,1060052.4106147797
2018-08-09,1119855.45,1122469.4,1127251.09,1058524.1601233394
2018-08-10,1116376.79,1118999.0,1123828.37,1050993.9378944358
2018-08-13,1105971.79,1108572.13,1113245.9,1046783.6643923884
2018-08-14,1116133.3,1118756.25,1123467.75,1053471.8319208827
2018-08-15,1091928.58,1094497.9,1098920.99,1045463.1654047921
2018-08-16,1098858.57,1101447.35,1105879.75,1053742.6152672179
2018-08-17,1103849.09,1106454.05,1110942.35,1057244.3239191896
2018-08-20,1109520.49,1112164.15,1116867.46,1059811.3319298485
2018-08-21,1114685.8,1117346.38,1122136.39,1062003.590279258
2018-08-22,1114978.19,1117644.67,1122567.18,1061580.7516692118
2018-08-23,1121901.32,1124601.62,1129584.12,1059785.3403511199
2018-08-24,1130568.69,1133295.81,1138437.33,1066354.7797969903
2018-08-27,1142921.44,1145665.3,1150890.38,1074534.1575531617
2018-08-28,1142036.83,1144782.2,1149918.13,1074823.5063128746
2018-08-29,1148851.5,1151617.37,1156847.89,1080951.541735321
2018-08-30,1147290.12,1150053.93,1155261.59,1076162.5707138483
2018-08-31,1151033.19,1153803.22,1158996.92,1076307.2903752006
2018-09-04,1149197.53,1151992.95,1157133.67,1074526.7313878108
2018-09-05,1132146.64,1134917.46,1140463.57,1071514.6968340445
2018-09-06,1131285.31,1134066.91,1139827.75,1067601.1982570607
2018-09-07,1121638.79,1124386.51,1129882.42,1065238.2286675703
2018-09-10,1134971.48,1137745.95,1143257.91,1067259.8663398915
2018-09-11,1145924.48,1148724.99,1154332.79,1071251.2490900683
2018-09-12,1152683.17,1155479.73,1161003.41,1071633.3343536763
2018-09-13,1153963.67,1156788.6,1162462.95,1077293.9741739705
2018-09-14,1159561.38,1162367.57,1167981.75,1077590.7490990341
2018-09-17,1140173.98,1142925.53,1148366.44,1071588.8679245624
2018-09-18,1147624.07,1150393.25,1155938.89,1077342.244248752
2018-09-19,1127518.7,1130195.99,1135412.44,1078692.4478977523
2018-09-20,1132590.0,1135280.45,1140528.08,1087150.0351656098
2018-09-21,1132898.94,1135601.66,1140928.93,1086749.3844886243
2018-09-24,1139151.8,1141899.75,1147452.69,1082928.712978528
2018-09-25,1153863.89,1156652.41,1162308.98,1081515.3869240445
2018-09-26,1152926.61,1155722.99,1161465.71,1077957.98203194
2018-09-27,1148528.51,1151296.27,1156969.24,1080936.6894046192
2018-09-28,1159936.06,1162721.75,1168389.14,1080929.263239268
2018-10-01,1154688.56,1157458.82,1163088.75,1084865.0403123046
2018-10-02,1142548.05,1145281.38,1150819.43,1084434.684973915
2018-10-03,1150060.86,1152847.49,1158628.89,1085206.2816664823
2018-10-04,1129584.41,1132323.49,1138020.11,1076340.7081192802
2018-10-05,1120736.23,1123447.31,1129037.79,1070390.7195392735
2018-10-08,1108009.97,1110678.28,1116136.53,1069967.790366235
2018-10-09,1112772.04,1115467.09,1121016.87,1068450.6791228214
2018-10-10,1069672.4,1072268.12,1077600.47,1033336.8713275575
2018-10-11,1057873.1,1060449.95,1065767.0,1012078.0240024532
2018-10-12,1078688.81,1081304.25,1086730.38,1026455.8046259213
2018-10-15,1068657.7,1071235.91,1076537.65,1020394.604691634
2018-10-16,1108082.97,1110756.09,1116315.72,1042328.5991227345
2018-10-17,1105758.42,1108431.24,1113987.86,1042065.2419417502
2018-10-18,1090901.12,1093570.77,1099157.4,1027067.9198894261
2018-10-19,1071696.11,1074264.61,1079481.61,1026696.9738738447
2018-10-22,1074589.8,1077189.39,1082545.28,1022282.6619506291
2018-10-23,1060159.46,1062734.18,1068059.9,1016648.0137090634
2018-10-24,1020721.7,1023192.85,1028264.25,985269.7482113356
2018-10-25,1011468.32,1013989.96,1019331.64,1003620.4367345956
2018-10-26,1004661.65,1007147.84,1012393.03,986230.4404313769
2018-10-29,995479.33,997960.69,1003231.59,979761.1636547529
2018-10-30,1016317.4,1018841.98,1024397.89,995110.866309281
2018-10-31,1041512.97,1044153.36,1050163.09,1005909.1446705761
2018-11-01,1060906.49,1063570.49,1069357.82,1016529.3761894316
2018-11-02,1058076.62,1060771.33,1066496.26,1010108.278924597
2018-11-05,1063930.17,1066651.08,1071671.72,1015765.2056622155
2018-11-06,1084286.68,1087078.12,1091481.25,1022123.1805215667
2018-11-07,1101238.71,1104146.84,1108736.39,1043801.2439370342
2018-11-08,1104733.88,1107659.28,1111543.3,1041182.4338949022
2018-11-09,1084515.63,1087432.78,1088438.13,1031604.5824149491
2018-11-12,1072090.75,1075010.16,1074168.44,1011280.4357311575
2018-11-13,1057061.58,1059961.95,1058917.92,1009781.7993381295
2018-11-14,1040904.75,1043840.39,1044700.41,1002140.3657549449
2018-11-15,1053321.56,1056337.05,1057555.92,1012756.7936281328
2018-11-16,1053924.66,1056994.59,1059971.12,1015008.4613003505
2018-11-19,1032284.02,1035336.56,1038181.98,998115.5652606883
2018-11-20,1008339.75,1011358.2,1013877.32,979998.5292570086
2018-11-21,1012732.96,1015809.91,1018741.72,982980.9497123628
2018-11-23,1006229.73,1009304.54,1011809.93,976537.6645144674
2018-11-26,1020547.66,1023732.06,1026210.26,991705.6072438802
2018-11-27,1010200.0,1013406.89,1014381.08,994940.2456321922
2018-11-28,1019547.89,1022836.39,1024782.88,1017797.9825825632
2018-11-29,1021696.0,1025030.25,1027661.67,1015576.0195717494
2018-11-30,1025160.82,1028557.95,1030814.9,1023874.0348475525
2018-12-03,1017547.29,1020918.05,1024294.93,1035076.6769685089
2018-12-04,1006392.67,1009849.05,1016532.08,1001576.5205662214
2018-12-06,1005427.73,1008982.53,1015660.57,1000051.8925944648
2018-12-07,999155.04,1002798.15,1013938.18,976730.5636876092
2018-12-10,1000563.94,1004307.46,1013385.96,978451.7133521909
2018-12-11,1003020.17,1006868.08,1015177.71,978103.0458326624
2018-12-12,1004898.33,1008848.09,1018269.58,983403.8788854014
2018-12-13,1002595.74,1006643.36,1014710.19,983207.2666295841
2018-12-14,995706.04,999838.11,1005526.4,964441.0750986367
2018-12-17,982002.62,986220.15,995645.54,944406.2771745578
2018-12-18,979764.76,984075.45,994738.48,944487.8744304267
2018-12-19,976899.26,981309.85,988407.1,929946.8087322286
2018-12-20,975357.98,979866.39,995569.57,915279.5887860557
2018-12-21,965931.56,970525.55,983599.42,896435.6036449068
2018-12-24,957662.27,962346.24,981534.95,872131.2134589647
2018-12-26,975269.69,980082.94,997501.19,915383.4645379775
2018-12-27,975724.24,980640.23,1002346.93,923221.6009399714
2018-12-28,975113.99,980128.02,1004086.33,922075.3451491472
2018-12-31,979640.92,984760.73,1009546.68,929906.0553857902
2019-01-02,974128.05,979339.61,1004179.79,931085.6383577017
2019-01-03,973618.06,978965.32,1010826.66,908035.002234189
2019-01-04,979118.37,984608.73,1009917.9,939213.0329564163
2019-01-07,981144.92,986776.03,1014692.88,945797.3247329886
2019-01-08,983301.05,989069.09,1014712.7,954967.0993706053
2019-01-09,986002.35,991914.4,1022512.29,958880.5979475891
2019-01-10,987039.04,993085.62,1018865.73,963213.2220519437
2019-01-11,990932.89,997125.22,1024155.4,963072.3060362589
2019-01-14,985528.97,991850.39,1020602.95,958008.9291487677
2019-01-15,989102.2,995563.23,1022830.97,968280.4025851025
2019-01-16,988042.48,994636.84,1024301.09,970431.9075880739
2019-01-17,987968.36,994699.9,1023185.16,977798.8447422477
2019-01-18,990281.41,997154.78,1018419.38,990689.2187837064
2019-01-22,990055.82,997064.8,1020990.45,976663.7281994502
2019-01-23,991467.43,998613.0,1021302.74,978815.2332024215
2019-01-24,990956.39,998237.38,1019550.6,980161.8143317384
2019-01-25,990483.99,997901.3,1030596.96,988482.1081035946
2019-01-28,990422.07,997976.57,1033333.84,980725.6595204618
2019-01-29,992259.5,999953.27,1039674.73,979297.4811352759
2019-01-30,994417.89,1002250.2,1046467.88,994524.8331874968
2019-01-31,999084.45,1007061.8,1051557.14,1003075.1569592498
2019-02-01,1000846.5,1008960.97,1051701.31,1003976.5304194752
2019-02-04,1001584.57,1009835.84,1048927.8,1010779.7129479176
2019-02-05,1002035.61,1010423.46,1051463.75,1015538.8887449943
2019-02-06,1002272.82,1010798.15,1046234.3,1013279.8854704177
2019-02-07,1003333.95,1011997.25,1049254.6,1003798.4835770353
2019-02-08,1007057.69,1015865.85,1056064.56,1004477.2532027148
2019-02-11,1008674.0,1017624.5,1053722.97,1005189.5311354662
2019-02-12,1009396.3,1018485.73,1056142.99,1018146.6501020917
2019-02-13,1009118.96,1018347.37,1052675.67,1021225.5201440168
2019-02-14,1006804.7,1016164.63,1054835.29,1018517.5961176731
2019-02-15,1007473.22,1016974.5,1060327.84,1029597.7970733301
2019-02-19,1008749.15,1018387.09,1073978.26,1031140.8998954721
2019-02-20,1008561.73,1018337.26,1072357.74,1032973.3514773269
2019-02-21,1009623.83,1019536.94,1064116.88,1029330.6362466783
2019-02-22,1007501.09,1017543.34,1064904.68,1035929.7803539527
2019-02-25,1003862.15,1014036.23,1060394.64,1037205.9034754273
2019-02-26,1001282.7,1011569.95,1058874.93,1036386.0367080786
2019-02-27,1003345.16,1013766.27,1055960.15,1035822.1915193553
2019-02-28,996567.16,1007103.14,1045248.6,1032895.4673041335
2019-03-01,1002099.05,1012761.11,1038851.05,1040017.6126907008
2019-03-04,1000746.13,1011536.36,1035718.39,1035981.7635114098
2019-03-05,1003980.81,1014906.36,1039958.14,1034809.5161418571
2019-03-06,1006929.14,1017974.63,1042274.95,1028058.3167708714
2019-03-07,1007297.45,1018459.53,1042061.83,1019704.6052549357
2019-03-08,1006511.11,1017769.84,1047550.41,1017530.9123189034
2019-03-11,1014203.52,1025607.86,1052554.98,1032454.0632807096
2019-03-12,1018783.3,1030313.79,1060791.53,1035503.2286612309
2019-03-13,1020255.64,1031898.82,1066443.69,1042699.5451383159
2019-03-14,1022524.62,1034288.34,1061923.58,1041794.4585954151
2019-03-15,1025466.85,1037342.77,1067586.3,1046987.7028135568
2019-03-18,1024036.92,1036003.98,1066437.37,1050867.7836464609
2019-03-19,1019451.81,1031505.67,1063422.91,1050730.5807134516
2019-03-20,1020283.3,1032430.32,1068083.5,1047636.8583408244
2019-03-21,1026909.48,1039193.91,1072467.81,1059006.317493202
2019-03-22,1022668.07,1035036.73,1069556.37,1038912.200809307
2019-03-25,1024518.29,1036953.93,1074142.17,1038040.5320104858
2019-03-26,1031360.33,1043912.69,1079279.54,1045496.4925858796
2019-03-27,1029276.69,1041893.03,1075175.55,1040640.867202232
2019-03-28,1033471.41,1046188.97,1075626.99,1044376.2283737839
2019-03-29,1034193.7,1046969.28,1076612.9,1051409.3503391312
2019-04-01,1033924.38,1046767.86,1075336.14,1063572.6846801287
2019-04-02,1033417.53,1046308.47,1075851.18,1063591.2500935064
2019-04-03,1034417.74,1047352.29,1076447.22,1065876.2449468116
2019-04-04,1031777.38,1044742.84,1074408.09,1068098.2079576252
2019-04-05,1035522.07,1048554.67,1077967.68,1073050.3734908355
2019-04-08,1033881.31,1046950.14,1077416.25,1074174.3507856068
2019-04-09,1034031.64,1047096.87,1077618.71,1067656.8039342014
2019-04-10,1038837.57,1051952.92,1082757.63,1071369.977172692
2019-04-11,1033499.48,1046615.54,1076678.74,1071410.8210821226
2019-04-12,1034169.79,1047322.23,1077400.5,1078492.1225592594
2019-04-15,1032077.84,1045262.01,1075248.7,1077813.3529335798
2019-04-16,1018675.09,1031692.77,1061253.69,1078362.345791601
2019-04-17,1010190.37,1023076.5,1052371.12,1075910.3527808907
2019-04-18,1015090.34,1027985.03,1057376.35,1077609.3145124116
2019-04-22,1010719.67,1023533.54,1052713.0,1078699.8740631032
2019-04-23,1021577.42,1034534.12,1064032.8,1088236.8816336258
2019-04-24,1026341.31,1039266.24,1068855.48,1085851.7241110743
2019-04-25,1031045.97,1044003.02,1073724.2,1085451.073434089
2019-04-26,1042823.46,1055941.33,1086011.1,1090536.7288176331
2019-04-29,1040262.92,1053658.02,1083919.43,1091705.2631045103
2019-04-30,1050595.42,1064088.74,1094613.69,1092743.9300607368
2019-05-01,1039588.62,1053083.1,1083409.1,1084545.986891188
2019-05-02,1044929.95,1058493.77,1088836.8,1082242.4266245053
2019-05-03,1050555.78,1064309.49,1094915.2,1092673.3814899025
2019-05-06,1052014.53,1065850.21,1096529.98,1087788.051444851
2019-05-07,1032796.52,1046244.95,1076216.69,1069826.8743505501
2019-05-08,1027816.59,1041182.21,1071018.23,1068109.3472056517
2019-05-09,1026147.98,1039524.95,1069420.14,1064882.1349826907
2019-05-10,1039528.76,1053151.87,1083434.62,1068843.8130714637
2019-05-13,1030128.89,1043560.98,1073552.71,1043052.0163035122
2019-05-14,1037741.27,1051323.53,1081557.88,1051413.0634218066
2019-05-15,1042393.2,1056106.02,1086538.4,1057552.2380922798
2019-05-16,1045638.69,1059554.42,1090277.19,1066959.4688951443
2019-05-17,1043868.18,1057667.0,1088189.91,1060731.2708034513
2019-05-20,1037442.44,1051135.37,1081456.82,1053571.9945901292
2019-05-21,1044793.55,1058676.42,1089317.01,1062522.9690388676
2019-05-22,1048466.43,1062568.68,1093439.14,1059521.9831701359
2019-05-23,1043720.9,1057718.32,1088412.4,1046898.6793923368
2019-05-24,1051331.38,1065390.98,1096291.63,1048315.718529496
2019-05-28,1044359.75,1058502.86,1089349.94,1039535.3647578462
2019-05-29,1031048.31,1044889.44,1075263.32,1032350.1875287878
2019-05-30,1036864.8,1051050.45,1081875.94,1034516.5448624612
2019-05-31,1035831.06,1049965.9,1080791.15,1020865.7133764618
2019-06-03,1034951.86,1048950.3,1079626.19,1018042.7743501699
2019-06-04,1041488.87,1055481.15,1086261.49,1039861.844344314
2019-06-05,1061938.57,1076225.71,1107652.11,1048349.0457105836
2019-06-06,1067899.84,1082227.07,1113752.66,1054781.2822234447
2019-06-07,1076538.85,1091182.98,1123190.9,1065854.0570137505
2019-06-10,1078242.42,1093010.2,1125148.45,1070820.984314671
2019-06-11,1071984.35,1086594.12,1118509.94,1070446.3252164137
2019-06-12,1077871.41,1092491.8,1124480.34,1068265.2061150307
2019-06-13,1078594.5,1093152.54,1125079.74,1072642.296648499
2019-06-14,1081877.36,1096428.7,1128393.07,1070913.7208185662
2019-06-17,1086925.76,1101575.24,1133649.52,1071911.5438653626
2019-06-18,1088982.69,1103617.78,1135704.72,1082327.7369630497
2019-06-19,1097234.75,1112058.59,1144479.12,1085558.6622686863
2019-06-20,1106388.73,1121271.35,1153843.95,1095841.2749530475
2019-06-21,1096647.41,1111486.97,1143843.99,1094461.3666426432
2019-06-24,1089117.53,1103734.04,1135795.92,1092565.8832182973
2019-06-25,1079357.6,1093856.97,1125636.71,1082190.4434670485
2019-06-26,1059953.07,1074164.77,1105385.55,1080855.09214875
2019-06-27,1067632.13,1081991.6,1113487.4,1084987.390914612
2019-06-28,1077837.12,1092384.46,1124223.08,1091234.1544196825
2019-07-01,1082570.42,1096871.89,1128529.42,1099606.4313489955
2019-07-02,1092422.2,1106830.47,1138764.35,1102826.2174066054
2019-07-03,1104612.56,1119111.76,1151298.49,1111287.5177571387
2019-07-05,1101895.65,1116335.3,1148444.41,1109280.6418525276
2019-07-08,1101434.47,1115867.98,1147994.97,1103916.7769572972
2019-07-09,1101915.75,1116394.65,1148651.86,1105281.8329369996
2019-07-10,1105590.79,1120217.87,1152711.33,1110267.4162142894
2019-07-11,1105817.09,1120464.48,1152981.45,1112804.6290005522
2019-07-12,1103366.62,1117844.54,1150173.09,1117945.980624229
2019-07-15,1103185.79,1117557.84,1149820.88,1118142.5928800462
2019-07-16,1098108.36,1112394.11,1144474.35,1114336.68313766
2019-07-17,1097147.39,1111420.01,1143470.43,1107058.6788417138
2019-07-18,1101479.1,1115831.12,1148036.26,1111024.1605761547
2019-07-19,1087480.24,1101671.95,1133476.84,1104161.659287896
2019-07-22,1085666.79,1099822.52,1131574.82,1107284.995758935
2019-07-23,1090428.71,1104663.58,1136625.72,1114867.1105823037
2019-07-24,1092982.28,1107271.23,1139316.54,1120093.7725445249
2019-07-25,1088540.79,1102737.78,1134570.6,1114199.3896416584
2019-07-26,1092580.64,1106971.25,1139057.04,1122430.750555287
2019-07-29,1096062.45,1110515.82,1142744.21,1120616.7738238177
2019-07-30,1098910.37,1113403.68,1145729.37,1117727.0898723588
2019-07-31,1090457.21,1104822.89,1136916.0,1105560.0424486855
2019-08-01,1092825.63,1107212.32,1139239.44,1095611.335516143
2019-08-02,1083824.46,1098135.68,1129877.4,1087632.2830984641
2019-08-05,1058809.2,1072798.33,1103834.81,1055244.9647429215
2019-08-06,1061635.65,1075589.47,1106724.59,1068981.1065674652
2019-08-07,1061456.24,1075136.75,1106091.21,1069800.8827718217
2019-08-08,1086999.63,1101075.53,1132759.9,1089872.8115226554
2019-08-09,1085098.34,1099258.44,1131009.24,1082661.5521518763
2019-08-12,1070242.62,1083981.58,1115149.93,1069326.0610043183
2019-08-13,1075370.24,1089100.87,1120364.61,1085506.7696742213
2019-08-14,1049237.4,1062683.0,1093298.88,1053709.2880861305
2019-08-15,1058477.71,1072022.39,1102920.41,1056305.9101952012
2019-08-16,1069961.44,1083636.85,1114814.52,1071544.3109324565
2019-08-19,1080258.87,1094112.48,1125650.01,1084516.282229784
2019-08-20,1071964.02,1085619.05,1116835.25,1075932.6312769437
2019-08-21,1076984.5,1090683.29,1122023.78,1084805.6309894966
2019-08-22,1077987.32,1091705.01,1123124.5,1084256.6381314753
2019-08-23,1057669.99,1071231.15,1102200.65,1056124.150270086
2019-08-26,1062592.3,1076262.84,1107417.45,1067723.548859368
2019-08-27,1058298.75,1071969.52,1103053.28,1064303.4374632654
2019-08-28,1060710.83,1074352.65,1105430.63,1071269.8145034458
2019-08-29,1070473.5,1084260.76,1115594.15,1084861.3272296293
2019-08-30,1074120.29,1087975.36,1119428.07,1085558.6622686863
2019-09-03,1061087.67,1074646.15,1105420.47,1078069.2839492129
2019-09-04,1069236.03,1082910.57,1115294.12,1089757.7965227072
2019-09-05,1071145.83,1084862.52,1114206.39,1103935.3423706745
2019-09-06,1068364.87,1082085.23,1110341.04,1104940.591582822
2019-09-09,1057516.79,1071134.11,1098600.32,1104836.7158309
2019-09-10,1045379.71,1058839.05,1085695.66,1105192.8095157796
2019-09-11,1058437.33,1072001.91,1099174.49,1113183.0011814847
2019-09-12,1055877.66,1069488.57,1096596.73,1116388.0254713849
2019-09-13,1051662.14,1065217.07,1092219.42,1115579.297952063
2019-09-16,1050558.09,1064144.03,1091115.31,1112081.3023827667
2019-09-17,1060868.63,1074631.14,1101755.64,1114952.4209208481
2019-09-18,1063587.99,1077332.75,1104571.15,1115334.5061844562
2019-09-19,1061985.09,1075809.81,1102941.54,1115356.7846805092
2019-09-20,1057930.53,1071749.79,1098758.11,1109896.470198708
2019-09-23,1059590.44,1073449.16,1100512.4,1109788.8813641106
2019-09-24,1056413.55,1070133.57,1097249.91,1100448.486049405
2019-09-25,1059394.57,1073082.51,1100352.73,1107225.676999119
2019-09-26,1063083.55,1076779.97,1104169.23,1104536.3183861529
2019-09-27,1049665.45,1063193.32,1090184.47,1098664.2139793397
2019-09-30,1053910.25,1067518.27,1094551.84,1104209.8387996852
2019-10-01,1046781.19,1060314.66,1087059.61,1090674.0223136344
2019-10-02,1030835.34,1044200.66,1071727.36,1071147.4639011384
2019-10-03,1039812.66,1053343.21,1081500.43,1079686.557861873
2019-10-04,1051511.45,1065135.04,1093624.84,1095036.3510793932
2019-10-07,1046462.66,1059954.85,1088272.24,1090132.455620964
2019-10-08,1028283.9,1041565.13,1069389.61,1073169.1015734596
2019-10-09,1034898.0,1048253.33,1076261.18,1082939.7616635626
2019-10-10,1039054.12,1052380.32,1080482.98,1089887.5732903655
2019-10-11,1044558.82,1058025.38,1086205.91,1101809.8289464319
2019-10-14,1038675.32,1052105.67,1080116.06,1100281.4878919998
2019-10-15,1044064.21,1057591.74,1085694.23,1111235.5345996816
2019-10-16,1042861.39,1056317.95,1084424.8,1109013.5715888678
2019-10-17,1042923.65,1056461.78,1084496.05,1112077.5893000911
2019-10-18,1040300.64,1053772.32,1081743.09,1107718.9736170082
2019-10-21,1045025.11,1058575.18,1086719.03,1115330.7931017806
2019-10-22,1039508.03,1052924.28,1080986.34,1111350.54959963
2019-10-23,1044914.21,1058353.64,1086625.14,1114514.7299800997
2019-10-24,1046745.32,1060223.1,1088517.7,1116655.0957350445
2019-10-25,1040398.48,1053807.07,1081917.36,1121202.897508594
2019-10-28,1040432.28,1053845.89,1081943.4,1127460.7096986987
2019-10-29,1044141.17,1057639.88,1085845.28,1126522.2054117182
2019-10-30,1049175.35,1062762.56,1090977.65,1130187.19913842
2019-10-31,1051634.37,1065278.23,1093521.23,1126770.8008249926
2019-11-01,1053391.16,1067060.58,1095333.22,1137658.0120445157
2019-11-04,1046442.74,1059994.2,1088152.07,1141871.9986292385
2019-11-05,1038888.9,1052288.77,1080207.43,1140518.0818975626
2019-11-06,1044368.7,1057770.3,1085933.03,1141319.2926885418
2019-11-07,1048302.96,1061689.45,1089634.73,1144435.20299423
2019-11-08,1042626.64,1055976.72,1083813.54,1147365.7308551192
2019-11-11,1034945.14,1048230.93,1075827.0,1145114.0631829016
2019-11-12,1040732.0,1054071.49,1081823.49,1146905.7614183177
2019-11-13,1046014.56,1059365.36,1087254.68,1147721.824539999
2019-11-14,1054681.93,1068225.66,1096226.33,1148682.51676004
2019-11-15,1058278.88,1071880.35,1099979.8,1157522.1892915058
2019-11-18,1059358.04,1072982.8,1101036.22,1158104.5998936065
2019-11-19,1062208.47,1075896.55,1104049.98,1157418.313539584
2019-11-20,1065365.85,1079066.0,1107253.52,1153070.8371045273
2019-11-21,1059870.32,1073507.06,1101493.64,1151245.8116880236
2019-11-22,1056059.45,1069599.05,1097606.65,1153749.697293199
2019-11-25,1059928.06,1073508.02,1101566.03,1162411.2324192328
2019-11-26,1070553.73,1084211.19,1112615.92,1164963.3880991896
2019-11-27,1070728.35,1084403.31,1112755.78,1169826.4396481882
2019-11-29,1066436.25,1079997.87,1108327.76,1165134.0087762785
2019-12-02,1055346.16,1068705.51,1096586.23,1155077.7130091384
2019-12-03,1049713.54,1063071.7,1091793.84,1147410.1972842333
2019-12-04,1054434.6,1067878.57,1096554.72,1154665.9230841263
2019-12-05,1049379.92,1062800.8,1091314.09,1156398.2119967346
2019-12-06,1056515.67,1070022.68,1098669.32,1166962.7472754575
2019-12-09,1053712.85,1067169.79,1095761.87,1163271.8525330196
2019-12-10,1053163.8,1066627.11,1095224.43,1161995.8199745372
2019-12-11,1054420.51,1067906.9,1096664.47,1165375.0874612096
2019-12-12,1052214.3,1065730.15,1094322.0,1175368.4419488504
2019-12-13,1056657.18,1070252.11,1098919.56,1175453.7522873946
2019-12-16,1062155.47,1075824.95,1104623.8,1183855.64331512
2019-12-17,1060661.54,1074327.39,1103064.32,1184252.58090943
2019-12-18,1060342.18,1074081.84,1102784.0,1183740.6283151715
2019-12-19,1064945.61,1078736.11,1107594.0,1189019.2734348497
2019-12-20,1070775.78,1084666.07,1113634.63,1194898.7134440218
2019-12-23,1071906.07,1085813.41,1114846.91,1195933.6673175732
2019-12-24,1073902.73,1087849.87,1117012.42,1195699.9242350007
2019-12-26,1074501.77,1088464.56,1117659.52,1201831.6727401228
2019-12-27,1070638.26,1084373.27,1113651.19,1201872.516649553
2019-12-30,1066101.61,1079635.76,1108934.41,1194924.7050227502
2019-12-31,1068488.18,1081944.03,1111429.34,1198444.9790880994
2020-01-02,1069803.09,1083242.97,1112891.1,1208486.5130875297
2020-01-03,1065427.28,1078811.61,1108460.49,1199954.7547291543
2020-01-06,1068342.54,1081754.69,1111629.54,1204194.6423296134
2020-01-07,1061581.99,1074947.81,1104694.9,1200818.9973626246
2020-01-08,1064361.95,1077775.63,1107661.08,1206705.95410014
2020-01-09,1067462.19,1080915.5,1110890.64,1214736.8991122833
2020-01-10,1065789.12,1079222.98,1109135.31,1211268.6082043913
2020-01-13,1071074.42,1084594.58,1114673.35,1219718.6787439059
2020-01-14,1060479.61,1073888.44,1103650.56,1217871.374831349
2020-01-15,1059008.34,1072388.98,1102081.26,1220149.0340822954
2020-01-16,1065277.71,1078750.47,1108656.81,1230357.475676139
2020-01-17,1072692.09,1086250.53,1116367.69,1235109.3158708564
2020-01-21,1069986.56,1083540.02,1113646.9,1231833.8335731141
2020-01-22,1081121.55,1094769.38,1125095.53,1232189.9272579935
2020-01-23,1082028.23,1095708.44,1126103.95,1233595.8271471264
2020-01-24,1082360.09,1096024.14,1126366.6,1222441.4551009515
2020-01-27,1076328.59,1089912.66,1120026.32,1203211.581050527
2020-01-28,1090527.62,1104266.04,1134745.47,1215308.1704663578
2020-01-29,1085883.38,1099564.58,1129913.32,1214254.651179429
2020-01-30,1086708.96,1100391.51,1130733.32,1218060.5609218155
2020-01-31,1075254.17,1088798.71,1118759.08,1196493.7994236208
2020-02-03,1084980.26,1098638.44,1128739.86,1205173.8999630322
2020-02-04,1093767.68,1107556.79,1136585.82,1223227.9041242204
2020-02-05,1093178.12,1106977.31,1135896.39,1236989.9469645005
2020-02-06,1096278.18,1110113.59,1139121.9,1241103.770879977
2020-02-07,1094699.12,1108509.2,1137453.34,1234400.7510207808
2020-02-10,1099160.38,1113021.05,1142073.89,1243444.4619734145
2020-02-11,1101770.28,1115665.65,1144808.67,1245543.983818929
2020-02-12,1103485.2,1117406.09,1146602.54,1253593.4942444502
2020-02-13,1103648.87,1117575.54,1146775.65,1251549.5780760762
2020-02-14,1116506.47,1130576.88,1160100.45,1253856.8514254342
2020-02-18,1110126.0,1124116.67,1153449.82,1250195.6613444004
2020-02-19,1116302.54,1130360.4,1159874.14,1256078.814436248
2020-02-20,1111819.94,1125809.21,1155142.65,1251286.220895092
2020-02-21,1104442.13,1118321.86,1147422.61,1238125.0635072982
2020-02-24,1077929.15,1091474.72,1119841.33,1196631.0023566303
2020-02-25,1059574.31,1072850.86,1100667.62,1160397.0209122626
2020-02-26,1050378.76,1063569.03,1091142.55,1156012.413650451
2020-02-27,1014718.99,1027452.17,1054042.15,1104959.1569961994
2020-02-28,997484.37,1010003.93,1036141.97,1095856.1272837496
2020-03-02,1029151.69,1042084.13,1068487.95,1146308.4984855151
2020-03-03,1013292.43,1026080.73,1060768.84,1114088.1782873778
2020-03-04,1047531.91,1060792.6,1096852.95,1161105.5857623385
2020-03-05,1035159.67,1048323.18,1090469.44,1121718.4726225357
2020-03-06,1008396.89,1021275.48,1062780.12,1102588.8518043498
2020-03-09,938000.19,950075.53,990219.8,1018825.5102907633
2020-03-10,979226.2,991867.85,1026605.89,1069151.7272445539
2020-03-11,949539.47,961855.16,994673.18,1016903.9447246966
2020-03-12,889925.78,901549.88,920826.39,920183.4842444846
2020-03-13,934051.25,946279.95,957980.0,1005642.0744069165
2020-03-16,866196.32,877624.71,884258.61,885125.3726893532
2020-03-17,892386.43,904202.23,915233.2,938192.9314135669
2020-03-18,853825.78,865212.93,869621.67,889565.6761912974
2020-03-19,864452.99,876031.19,875575.58,893753.5806342995
2020-03-20,856242.24,867767.86,871029.74,855000.8612540547
2020-03-23,857403.4,868997.28,884214.7,829954.5790369494
2020-03-24,911729.9,924041.13,954395.79,907827.3412933373
2020-03-25,912739.22,925116.34,951379.33,918299.1400681649
2020-03-26,933188.32,945872.94,976417.12,975614.012558189
2020-03-27,905483.96,917869.65,945694.84,942748.1593524674
2020-03-30,916581.42,929152.66,958521.47,974345.3156020655
2020-03-31,910163.96,922711.09,942450.21,958743.3950145798
2020-04-01,877649.69,889847.76,911086.53,916422.1314942043
2020-04-02,877140.48,889434.83,920164.87,937343.4505478065
2020-04-03,872180.97,884514.6,917935.61,923154.7654518124
2020-04-06,903726.43,916560.73,967305.66,988081.4574266091
2020-04-07,898421.51,911290.95,958494.95,986497.5106950365
2020-04-08,915377.0,928562.5,970672.62,1020094.1166838948
2020-04-09,914033.98,927304.22,985081.92,1034872.6385473405
2020-04-13,922093.64,935567.83,1004110.74,1024415.6015402228
2020-04-14,952269.53,966226.36,1040442.07,1055734.638841127
2020-04-15,941426.65,955349.17,1025922.48,1032476.3417767626
2020-04-16,958154.48,972390.13,1042754.83,1038481.9360339097
2020-04-17,974967.74,989517.35,1047919.59,1066306.600285201
2020-04-20,980830.75,995556.09,1058422.05,1047239.9207465143
2020-04-21,960107.3,974673.85,1032615.37,1015116.0501349479
2020-04-22,979139.55,994048.48,1064613.91,1038392.9126126899
2020-04-23,975209.94,990171.94,1066838.3,1037832.7805066421
2020-04-24,986094.13,1001296.26,1075418.86,1052277.3966182692
2020-04-27,987867.91,1003195.31,1073042.2,1067760.6796861233
2020-04-28,985107.84,1000503.38,1067363.92,1062163.0717083206
2020-04-29,999239.25,1014916.33,1085557.79,1090399.5258846236
2020-04-30,992425.85,1008119.11,1066987.62,1080354.2788025183
2020-05-01,971623.84,987156.88,1049191.12,1050040.5812767535
2020-05-04,989253.49,1005111.07,1069697.58,1054503.0727117583
2020-05-05,1000038.91,1016134.86,1083563.75,1064036.3671996058
2020-05-06,1012894.58,1029254.63,1088800.42,1056610.020722624
2020-05-07,1007507.03,1023901.75,1092754.84,1068765.9288982705
2020-05-08,1010795.75,1027336.0,1092409.85,1086797.6545634058
2020-05-11,1013559.19,1030236.01,1091339.45,1086942.2836617662
2020-05-12,1005227.74,1021901.32,1085083.76,1064659.621711137
2020-05-13,1001206.6,1017931.94,1086928.22,1046067.7639399539
2020-05-14,1000075.53,1016889.15,1091346.98,1058123.509446354
2020-05-15,1006349.04,1023344.0,1101455.65,1062278.0867082688
2020-05-18,1009923.36,1027067.57,1100350.16,1095741.1122838012
2020-05-19,1012408.75,1029687.16,1109083.25,1084252.9250487997
2020-05-20,1026313.63,1043870.54,1125071.1,1102306.9292099883
2020-05-21,1029005.97,1046699.3,1118459.58,1093738.0400248577
2020-05-22,1035635.1,1053514.68,1129103.43,1096312.3836378756
2020-05-26,1031934.14,1049870.19,1116176.48,1109785.168281435
2020-05-27,1025752.52,1043713.97,1110898.74,1126240.2828173568
2020-05-28,1021212.64,1039219.23,1108280.06,1123866.2645428316
2020-05-29,1030999.0,1049231.75,1123107.31,1129274.686430168
2020-06-01,1040367.72,1058820.97,1135765.66,1133510.860947952
2020-06-02,1040645.41,1059204.86,1131895.34,1142817.92908157
2020-06-03,1039305.5,1057951.5,1118764.45,1158416.2271493722
2020-06-04,1034118.98,1052802.01,1119937.63,1154513.867820415
2020-06-05,1038856.6,1057702.91,1112067.52,1184775.5821887227
2020-06-08,1041489.26,1060470.79,1121473.69,1199042.1514579102
2020-06-09,1046915.25,1066069.14,1133166.92,1189690.616895178
2020-06-10,1069877.98,1089422.94,1166038.96,1183369.68229959
2020-06-11,1031187.92,1050349.02,1121227.51,1113617.0696025498
2020-06-12,1052678.26,1072212.17,1144430.04,1128161.8483834234
2020-06-15,1070704.94,1090568.86,1162018.25,1137539.374524884
2020-06-16,1075750.38,1095762.97,1166888.71,1159109.849105754
2020-06-17,1072243.17,1092291.8,1164210.43,1154936.7064304615
2020-06-18,1086694.08,1107009.43,1178195.38,1155622.992784484
2020-06-19,1084302.28,1104671.84,1181431.67,1149094.306685052
2020-06-22,1092089.69,1112634.83,1192850.91,1156557.783988789
2020-06-23,1097609.83,1118310.85,1203044.86,1161539.5636204113
2020-06-24,1083595.64,1104202.17,1186607.98,1131507.7886890084
2020-06-25,1090728.96,1111465.83,1193441.61,1143908.4886322615
2020-06-26,1081187.64,1101856.47,1185276.31,1116195.126298243
2020-06-29,1105554.69,1126581.75,1210687.37,1132587.2089916735
2020-06-30,1134976.52,1156549.34,1243720.24,1150040.2371373835
2020-07-01,1158418.81,1180346.87,1266786.11,1155815.891957626
2020-07-02,1179273.51,1201548.94,1289480.61,1161064.741852908
2020-07-06,1201494.65,1224121.11,1314896.86,1179504.453797388
2020-07-07,1200620.74,1223282.87,1316248.0,1166743.9470865794
2020-07-08,1211104.79,1233969.38,1329578.93,1175876.5908974411
2020-07-09,1227166.69,1250311.18,1345412.64,1169240.406526404
2020-07-10,1221259.22,1244367.12,1338126.62,1181477.9119579194
2020-07-13,1171740.06,1194243.9,1286837.53,1170416.2764156398
2020-07-14,1189232.46,1212037.03,1306416.61,1186107.3109873377
2020-07-15,1211413.35,1234611.3,1330349.82,1196879.5977699044
2020-07-16,1195883.0,1218952.84,1313462.02,1192802.904681183
2020-07-17,1205370.31,1228602.25,1324511.47,1196200.7375812328
2020-07-20,1235456.71,1259157.65,1356979.85,1206257.123911365
2020-07-21,1229848.54,1253423.46,1350477.66,1208282.4746663615
2020-07-22,1245366.48,1269263.66,1367704.65,1215226.5732104888
2020-07-23,1211252.38,1234533.15,1330538.46,1200255.1521739014
2020-07-24,1225517.67,1249031.82,1345775.73,1192825.0926142437
2020-07-27,1224547.02,1248070.28,1344991.64,1201646.199732332
2020-07-28,1223079.7,1246480.96,1342507.44,1193867.4726531461
2020-07-29,1238418.1,1262119.95,1359454.58,1208705.3132764078
2020-07-30,1222016.3,1245400.16,1341411.32,1204172.3638335604
2020-07-31,1203969.66,1227059.0,1322069.05,1213408.973959336
2020-08-03,1233808.97,1257455.86,1354625.39,1222122.4922428268
2020-08-04,1242727.35,1266844.59,1369831.02,1226536.7136030504
2020-08-05,1254656.67,1279156.29,1385442.07,1234423.0295168336
2020-08-06,1249239.72,1273811.89,1380978.15,1242357.5249424065
2020-08-07,1233179.82,1257259.95,1361614.0,1243143.9739656756
2020-08-10,1220169.22,1244069.55,1348022.5,1246552.946113752
2020-08-11,1193196.54,1216654.27,1319007.95,1236619.000948919
2020-08-12,1201863.26,1225507.01,1328792.2,1253927.3999962688
2020-08-13,1210018.12,1233829.71,1337887.91,1251360.39198561
2020-08-14,1182536.41,1205817.7,1307644.6,1251145.3048794072
2020-08-17,1218994.9,1242960.01,1347571.49,1254535.711614106
2020-08-18,1228915.57,1252989.63,1357720.49,1257425.395565565
2020-08-19,1212758.89,1236541.34,1340170.42,1251887.1969105704
2020-08-20,1221451.87,1245470.27,1350360.05,1255841.4488339925
2020-08-21,1224665.49,1248681.84,1353275.1,1260162.9336903207
2020-08-24,1215692.75,1239576.81,1343688.74,1272819.655212199
2020-08-25,1221285.22,1245267.78,1349807.74,1277397.1616471524
2020-08-26,1249853.44,1274361.29,1381051.14,1290421.025538945
2020-08-27,1230544.86,1254742.63,1360449.4,1292579.9567072673
2020-08-28,1243718.72,1268163.14,1374948.4,1301282.3357427313
2020-08-31,1254078.55,1278518.15,1384470.82,1298426.069535352
2020-09-01,1268878.33,1293532.2,1400098.08,1308196.729625455
2020-09-02,1249645.69,1274029.03,1380014.73,1328298.3630376928
2020-09-03,1193939.18,1217175.06,1317964.69,1281640.7623302871
2020-09-04,1167608.01,1190365.36,1289148.74,1271217.1430672489
2020-09-08,1149831.23,1172349.42,1270581.47,1235932.8051578884
2020-09-09,1182950.16,1206009.75,1306237.87,1260830.6546309658
2020-09-10,1170429.95,1193161.0,1291592.06,1238659.2040346176
2020-09-11,1167786.81,1190477.29,1288902.7,1239319.4988099115
2020-09-14,1199442.18,1222714.09,1323421.84,1255110.6960508558
2020-09-15,1214341.77,1237845.31,1339361.8,1261661.5700833488
2020-09-16,1199465.42,1222694.11,1323161.36,1255834.0226686415
2020-09-17,1193408.57,1216527.55,1316482.01,1245269.4873899184
2020-09-18,1197926.83,1221040.03,1320505.77,1231344.1594749086
2020-09-21,1194865.08,1217787.22,1315949.63,1217096.1556190986
2020-09-22,1201907.83,1224990.78,1324187.28,1229897.5062393374
2020-09-23,1169487.79,1192041.1,1289405.24,1200722.5477760537
2020-09-24,1156604.32,1178984.05,1275759.44,1204309.6573295617
2020-09-25,1187088.94,1210015.27,1308971.23,1223550.5800650206
2020-09-28,1208322.57,1231618.83,1332112.18,1243262.7020482994
2020-09-29,1221593.84,1244954.39,1344968.44,1237279.2957242131
2020-09-30,1216515.11,1239822.23,1339835.99,1247491.4504007322
2020-10-01,1244199.6,1268064.66,1370643.16,1254094.307590682
2020-10-02,1222998.66,1246519.5,1347901.0,1242083.028513396
2020-10-05,1276323.02,1300861.07,1406581.3,1264406.6249364475
2020-10-06,1261132.08,1285500.54,1390904.45,1246738.4191215427
2020-10-07,1289648.7,1314493.74,1421582.8,1268427.6217850363
2020-10-08,1287082.43,1311983.55,1419791.28,1278587.8838670906
2020-10-09,1324096.13,1349626.45,1459702.0,1289831.188771493
2020-10-12,1325893.8,1351513.46,1462176.66,1311004.816321045
2020-10-13,1328546.53,1354234.94,1465289.55,1302736.4151436538
2020-10-14,1327284.55,1352883.64,1463316.5,1294108.2071987074
2020-10-15,1319482.77,1344957.03,1455094.34,1292131.1265184924
2020-10-16,1307533.79,1332809.75,1442216.32,1292305.4602782566
2020-10-19,1295019.34,1320025.46,1428318.2,1271202.290736547
2020-10-20,1292888.38,1317900.29,1426353.52,1277211.6886393616
2020-10-21,1317385.58,1342970.52,1455441.58,1274407.3150264472
2020-10-22,1323384.2,1348937.18,1461014.38,1281058.3517281865
2020-10-23,1353595.61,1379772.41,1495280.62,1285472.57308841
2020-10-26,1327636.91,1353398.98,1467240.16,1261576.2597448044
2020-10-27,1341852.26,1367903.49,1483071.47,1257759.2107543915
2020-10-28,1297755.99,1322857.27,1433840.77,1213375.5562152567
2020-10-29,1310883.59,1336293.44,1448668.41,1227872.1554843409
2020-10-30,1279730.22,1304543.05,1413984.7,1212978.6186209465
2020-11-02,1293158.77,1318197.97,1428648.81,1227920.3349961303
2020-11-03,1326725.5,1352514.01,1466592.33,1249776.4452540374
2020-11-04,1358666.79,1385088.66,1502020.92,1277330.3261589934
2020-11-05,1385642.43,1412570.17,1531504.96,1302187.4222856325
2020-11-06,1400828.85,1428165.06,1549865.83,1301812.7631873752
2020-11-09,1322169.38,1347795.89,1460874.24,1317043.8283222716
2020-11-10,1279542.42,1304595.67,1415909.1,1315200.2374923904
2020-11-11,1315903.24,1341409.1,1453590.83,1325263.9594248817
2020-11-12,1314749.01,1340168.27,1451991.36,1312039.7701945964
2020-11-13,1314657.8,1340054.38,1451723.32,1329897.0715369754
2020-11-16,1307727.04,1332956.85,1443596.44,1345387.7807701803
2020-11-17,1306213.22,1331455.15,1442357.92,1338940.7824896094
2020-11-18,1308138.82,1333317.62,1443743.27,1323457.4994217553
2020-11-19,1342173.49,1368022.93,1481597.4,1328680.4483013009
2020-11-20,1368084.08,1394374.18,1509873.44,1319655.3027620446
2020-11-23,1380561.11,1406821.18,1521248.85,1327092.788487053
2020-11-24,1346978.68,1372678.37,1484979.21,1348540.8219026234
2020-11-25,1381194.48,1407576.62,1523032.26,1346404.169230354
2020-11-27,1401054.66,1427920.84,1545901.14,1349631.4720163073
2020-11-30,1409010.72,1436115.8,1555235.41,1343429.1749403507
2020-12-01,1405346.56,1432335.84,1550631.22,1358571.216654027
2020-12-02,1412597.66,1439811.97,1560566.15,1361004.64425136
2020-12-03,1417690.29,1445141.2,1568271.75,1360155.1633855996
2020-12-04,1434715.54,1462523.62,1586765.01,1372173.868628237
2020-12-07,1456743.63,1485056.49,1613573.13,1369517.837196358
2020-12-08,1479216.83,1507821.9,1637319.32,1373334.8861867709
2020-12-09,1438117.62,1466139.72,1591632.04,1362417.970305844
2020-12-10,1466198.8,1494864.2,1623962.28,1360667.115979858
2020-12-11,1460046.79,1488559.4,1616880.39,1358945.8757522842
2020-12-14,1453041.99,1481489.04,1609555.26,1353021.878751006
2020-12-15,1475023.34,1503833.42,1633129.4,1370504.6115581198
2020-12-16,1499764.8,1528888.8,1658888.31,1372934.2355097854
2020-12-17,1525780.02,1555336.28,1687110.75,1380839.1168369462
2020-12-18,1535315.74,1565010.64,1697133.89,1375990.8270556575
2020-12-21,1519545.49,1548803.13,1678453.81,1370615.8229124008
2020-12-22,1559449.71,1589582.73,1723360.1,1367774.4090357234
2020-12-23,1551546.15,1581597.51,1715261.81,1368794.5105785725
2020-12-24,1547625.36,1577513.88,1709897.91,1373635.3741945103
2020-12-28,1515920.6,1545435.5,1676940.83,1385616.9486103924
2020-12-29,1529891.47,1559611.13,1692141.37,1382530.6524031162
2020-12-30,1535416.49,1565120.21,1696793.07,1384385.382481024
2020-12-31,1533194.52,1562924.84,1695097.21,1393299.2261030076
2021-01-04,1503853.05,1533088.6,1663405.49,1372741.3363366437
2021-01-05,1524772.93,1554369.46,1686134.47,1382463.9074779493
2021-01-06,1536469.32,1566199.79,1698062.01,1390357.5589940916
2021-01-07,1612788.92,1643618.5,1778983.05,1411000.7590989997
2021-01-08,1625126.36,1656047.68,1791245.95,1418749.7815167815
2021-01-11,1620463.38,1651018.44,1783779.03,1409450.2301115065
2021-01-12,1688409.66,1719833.79,1854768.34,1410036.2632332908
2021-01-13,1691090.98,1722271.74,1854517.63,1413245.0006058663
2021-01-14,1632427.97,1662685.98,1791249.9,1407940.454470452
2021-01-15,1596708.04,1626536.38,1754524.78,1397817.3232151528
2021-01-19,1648597.36,1679118.35,1808787.68,1409190.4954502059
2021-01-20,1662062.16,1692899.86,1824420.19,1428828.4463429668
2021-01-21,1678831.85,1709920.82,1842538.72,1429280.989614417
2021-01-22,1687579.27,1718774.15,1851466.2,1424977.9796084745
2021-01-25,1667170.35,1698051.22,1829765.18,1430130.4704801776
2021-01-26,1671625.31,1702509.57,1833861.78,1428001.243973259
2021-01-27,1585358.3,1615077.2,1742953.42,1391333.1941078268
2021-01-28,1618980.74,1649192.52,1779098.6,1404913.4770229915
2021-01-29,1606637.93,1636533.66,1764750.62,1377782.525291074
2021-02-01,1664373.62,1695284.28,1827943.31,1399898.3702102818
2021-02-02,1714140.52,1745856.97,1881584.53,1419354.4706149355
2021-02-03,1717223.13,1748952.42,1884609.81,1420786.2715198046
2021-02-04,1735376.52,1767395.1,1903879.97,1436206.5227451671
2021-02-05,1782979.34,1815763.04,1955613.86,1441804.1307229698
2021-02-08,1831429.35,1865128.03,2008790.27,1452472.5417536146
2021-02-09,1854502.36,1888683.11,2034393.28,1450855.1772779624
2021-02-10,1800270.97,1833877.1,1979073.89,1450354.3639317306
2021-02-11,1814590.92,1848428.13,1994363.63,1452765.5130330108
2021-02-12,1809037.29,1842828.3,1988772.21,1459609.5394708838
2021-02-16,1785487.14,1818639.44,1961254.38,1458778.624018501
2021-02-17,1754084.12,1786919.97,1929371.08,1458311.2284163483
2021-02-18,1723262.06,1755669.68,1897012.71,1451871.5657381364
2021-02-19,1764605.78,1797702.48,1941922.98,1449178.4940424948
2021-02-22,1714105.6,1746161.93,1885401.6,1437972.2294018548
2021-02-23,1727121.87,1759599.95,1902360.17,1439778.7799679732
2021-02-24,1738391.02,1771244.34,1916102.92,1456122.592586622
2021-02-25,1645025.84,1676276.9,1814281.08,1420478.4479097065
2021-02-26,1670803.75,1702411.39,1841687.25,1413730.8710584042
2021-03-01,1720383.25,1752706.21,1894022.4,1447364.6078740174
2021-03-02,1673876.0,1704763.89,1837337.64,1435668.6691351724
2021-03-03,1592708.69,1622305.03,1749928.95,1416909.9037695758
2021-03-04,1537942.35,1566740.32,1691754.87,1397898.9204710217
2021-03-05,1525526.88,1554347.48,1680496.27,1425152.3133682387
2021-03-08,1459466.61,1487201.98,1608928.2,1417514.5928677297
2021-03-09,1531660.9,1560650.67,1687563.72,1437579.0048902205
2021-03-10,1520515.48,1549296.62,1675168.93,1446248.0567445972
2021-03-11,1602218.7,1632345.19,1763575.0,1461282.5096236763
2021-03-12,1618104.43,1648441.37,1780617.72,1462766.2936860027
2021-03-15,1650009.76,1680973.04,1815979.0,1472262.4573470948
2021-03-16,1619842.7,1650271.56,1783009.98,1469951.4709150612
2021-03-17,1639079.81,1669875.28,1804391.43,1474184.0229131614
2021-03-18,1572334.43,1601854.93,1730279.2,1452424.271678833
2021-03-19,1573404.35,1602927.76,1731266.71,1451548.8897973364
2021-03-22,1602432.29,1632519.55,1763202.88,1461746.1921431534
2021-03-23,1553400.19,1582654.01,1709889.25,1450591.8200969785
2021-03-24,1485995.84,1514046.41,1635934.01,1442660.9471910892
2021-03-25,1486347.84,1514490.15,1637260.0,1450220.874081397
2021-03-26,1511853.6,1540458.74,1665025.42,1474339.7912595484
2021-03-29,1467479.07,1495292.81,1616481.01,1473060.0456183904
2021-03-30,1485198.12,1513257.88,1635101.0,1468408.368092919
2021-03-31,1532847.99,1561693.84,1686679.74,1473727.6759960435
2021-04-01,1561506.14,1590867.33,1718043.4,1491154.803126017
2021-04-05,1573602.71,1603137.31,1730614.46,1512684.4337974566
2021-04-06,1583631.95,1613258.64,1741122.26,1511211.788983157
2021-04-07,1583391.7,1613040.82,1741618.35,1513441.178159322
2021-04-08,1628229.99,1658456.62,1788682.09,1519828.857680077
2021-04-09,1624276.74,1654453.62,1784580.14,1531561.836682685
2021-04-12,1601379.08,1631109.23,1759212.33,1531261.5298009298
2021-04-13,1614932.98,1644940.21,1774265.62,1536306.2507120515
2021-04-14,1598122.55,1627953.6,1757099.32,1530026.2505888857
2021-04-15,1605777.21,1635686.12,1765122.79,1547000.653321425
2021-04-16,1605838.89,1635622.99,1763608.49,1552583.4995315177
2021-04-19,1565728.14,1594809.47,1720005.57,1544344.621889546
2021-04-20,1529073.14,1557390.06,1678860.87,1533839.495933631
2021-04-21,1544805.75,1573560.73,1697404.69,1548113.4913681697
2021-04-22,1531725.1,1560302.95,1683512.15,1533854.348264333
2021-04-23,1583408.44,1612830.96,1739584.74,1550617.376973345
2021-04-26,1597817.81,1627394.05,1754092.12,1553380.9972398211
2021-04-27,1604830.11,1634668.21,1763072.72,1553047.1820509946
2021-04-28,1643831.36,1674277.62,1804870.52,1551734.018665757
2021-04-29,1618372.23,1648356.17,1777170.63,1562228.0959366376
2021-04-30,1592091.07,1621839.61,1750718.68,1550988.3229889264
2021-05-03,1545755.23,1574947.34,1702265.91,1555250.579648431
2021-05-04,1509631.37,1537982.88,1660124.24,1544864.0912121476
2021-05-05,1502791.9,1530991.7,1652098.87,1545950.8471171716
2021-05-06,1487289.54,1515090.39,1633895.27,1558574.2414579627
2021-05-07,1513846.91,1542217.08,1663917.09,1570066.1417756397
2021-05-10,1482288.77,1509925.89,1627665.99,1553681.4852475603
2021-05-11,1481713.2,1509377.92,1627575.79,1540204.9875213252
2021-05-12,1440930.22,1467885.83,1583227.9,1507168.5136385148
2021-05-13,1434146.01,1460956.09,1575528.08,1525515.4890790994
2021-05-14,1471314.66,1498768.55,1616006.34,1548273.063360224
2021-05-17,1475313.33,1502895.11,1621069.57,1544355.8517005646
2021-05-18,1476772.62,1504336.85,1622163.16,1531202.1204781218
2021-05-19,1478543.75,1506013.3,1622998.2,1526695.162614003
2021-05-20,1522828.3,1551054.46,1671292.55,1542809.035795747
2021-05-21,1539266.51,1567809.14,1689344.51,1541599.6575994396
2021-05-24,1569554.95,1598639.34,1722769.3,1556878.902246125
2021-05-25,1555273.26,1584017.73,1706315.69,1553570.0927672952
2021-05-26,1583933.21,1613211.58,1737916.44,1556485.8588604748
2021-05-27,1602804.66,1632425.66,1758555.54,1558299.6544659599
2021-05-28,1604172.16,1633790.36,1759911.02,1559497.802851249
2021-06-01,1612334.67,1642057.72,1768484.59,1558730.0098043494
2021-06-02,1604997.99,1634653.27,1760784.13,1560985.3905592428
2021-06-03,1599674.94,1629284.47,1755213.17,1555321.0376562732
2021-06-04,1610037.96,1639865.57,1766842.06,1569060.8925634923
2021-06-07,1614637.55,1644503.68,1771469.7,1567810.7610207463
2021-06-08,1602072.01,1631661.7,1757144.99,1568085.166886765
2021-06-09,1602797.72,1632448.56,1758668.63,1565225.18759671
2021-06-10,1619997.0,1649926.62,1777174.18,1572506.9955383237
2021-06-11,1634233.44,1664362.09,1792345.51,1575570.922686555
2021-06-14,1646751.09,1676949.53,1804397.81,1578430.9019766098
2021-06-15,1641692.72,1671695.51,1797735.63,1575255.5823481136
2021-06-16,1640438.91,1670373.85,1795645.5,1566764.7584621606
2021-06-17,1658629.57,1688826.98,1815199.81,1566082.0946278214
2021-06-18,1660831.13,1691080.72,1817888.53,1545528.0990701173
2021-06-21,1671773.08,1702268.16,1830318.54,1567169.0316588297
2021-06-22,1686187.05,1716836.94,1844908.07,1575199.9766709732
2021-06-23,1719146.35,1750596.29,1883218.4,1573493.5887741013
2021-06-24,1728382.69,1760098.85,1894341.63,1582637.5529589737
2021-06-25,1725051.58,1756692.56,1890579.33,1587908.6813503087
2021-06-28,1728673.75,1760342.24,1893924.82,1591584.6331990527
2021-06-29,1734679.21,1766455.19,1900673.96,1592026.0372224767
2021-06-30,1720480.82,1751962.56,1884956.12,1594140.501961685
2021-07-01,1725804.5,1757479.43,1891547.26,1602464.5088162168
2021-07-02,1736711.74,1768571.76,1903444.54,1614483.123495862
2021-07-06,1745118.9,1776928.76,1910793.34,1611218.871009138
2021-07-07,1720457.62,1751846.84,1883572.09,1616630.9154161578
2021-07-08,1681694.79,1712453.3,1841597.17,1602790.8978396924
2021-07-09,1722286.12,1753753.83,1886104.08,1620867.0899339414
2021-07-12,1718506.99,1749814.56,1880971.75,1626460.9848290686
2021-07-13,1714029.73,1745218.55,1875640.52,1620741.0262489587
2021-07-14,1690712.5,1721432.68,1849558.59,1622629.083507954
2021-07-15,1669598.01,1699996.59,1826867.67,1617335.676620566
2021-07-16,1651709.89,1681685.59,1806328.14,1605142.8187441486
2021-07-19,1643742.02,1673540.17,1797444.26,1579669.9848343213
2021-07-20,1688434.7,1719009.78,1846231.78,1603621.9038550674
2021-07-21,1710161.61,1741039.95,1869181.5,1616838.6669200014
2021-07-22,1713892.76,1744741.12,1872264.1,1620099.296887042
2021-07-23,1810833.49,1843415.4,1979864.18,1636535.9365725785
2021-07-26,1790779.19,1823014.57,1957899.09,1640434.492255868
2021-07-27,1767155.51,1798917.67,1931388.3,1632704.0352514635
2021-07-28,1782242.5,1814356.25,1948828.34,1632399.924724041
2021-07-29,1782373.61,1814485.37,1948734.23,1639266.048531983
2021-07-30,1775080.24,1807118.47,1941241.46,1630404.0975044642
2021-08-02,1778185.77,1810277.64,1944250.47,1627399.579679041
2021-08-03,1783700.46,1815929.5,1950209.28,1640749.832594309
2021-08-04,1809085.68,1841761.35,1978260.69,1633149.242920555
2021-08-05,1824489.81,1857513.98,1995520.28,1642957.0338374132
2021-08-06,1817363.12,1850339.1,1987879.9,1645709.4242928706
2021-08-09,1827330.23,1860358.29,1998164.18,1644162.608388053
2021-08-10,1810689.29,1843438.92,1979684.44,1645794.734631415
2021-08-11,1806385.74,1839091.15,1975510.86,1647894.3470399214
2021-08-12,1809315.99,1842039.96,1978227.09,1654727.1436667761
2021-08-13,1802908.83,1835489.25,1970994.03,1657386.7976183384
2021-08-16,1786498.85,1818770.93,1952846.16,1661730.5609707194
2021-08-17,1768676.28,1800646.47,1933636.48,1649997.5819681115
2021-08-18,1762490.5,1794341.53,1926777.06,1632262.6312280395
2021-08-19,1747304.89,1778893.36,1910393.6,1634313.8829987724
2021-08-20,1763484.18,1795440.19,1928796.29,1647619.760047919
2021-08-23,1795231.26,1827734.52,1963486.78,1661663.7254825605
2021-08-24,1813920.55,1846714.95,1983016.82,1664149.1362373503
2021-08-25,1823456.22,1856417.11,1993108.64,1667843.7440624638
2021-08-26,1788691.74,1821031.2,1955140.51,1658128.6896495013
2021-08-27,1814206.98,1847045.48,1983231.45,1672732.877753183
2021-08-30,1826495.49,1859508.56,1996717.3,1679936.620395619
2021-08-31,1829243.82,1862334.43,2000257.74,1677670.1909556913
2021-09-01,1830486.04,1863616.74,2001578.56,1678193.1016719919
2021-09-02,1832588.94,1865770.42,2003899.33,1682963.5978430794
2021-09-03,1841292.64,1874601.14,2013372.39,1682399.752654356
2021-09-07,1841627.31,1875031.1,2014678.55,1676687.0391136128
2021-09-08,1814235.15,1847205.73,1985153.58,1674476.2153508258
2021-09-09,1818534.77,1851553.27,1989268.63,1666764.2331968066
2021-09-10,1812368.37,1845301.51,1982734.16,1653892.5151317173
2021-09-13,1786564.23,1818972.58,1953621.33,1657657.5809646733
2021-09-14,1778730.26,1811054.48,1945644.4,1648131.622079185
2021-09-15,1806451.99,1839259.15,1976039.41,1662097.8844666174
2021-09-16,1804904.95,1837684.96,1974197.77,1659519.737207932
2021-09-17,1818202.71,1851259.47,1989615.71,1644400.0645533009
2021-09-20,1757488.9,1789419.29,1922997.84,1616482.573235122
2021-09-21,1783974.63,1816427.18,1952845.65,1615169.4098498845
2021-09-22,1812263.93,1845267.82,1984334.58,1630545.1946461333
2021-09-23,1833750.31,1867076.65,2007117.31,1650331.3971569377
2021-09-24,1842616.61,1876154.03,2017810.82,1652742.546258218
2021-09-27,1815211.75,1848205.5,1986833.48,1648153.9005752378
2021-09-28,1745271.32,1777013.41,1910252.54,1614590.7123304592
2021-09-29,1724206.62,1755576.38,1886987.42,1617124.3025970387
2021-09-30,1733495.55,1765015.49,1897162.24,1597864.8144482025
2021-10-01,1748297.0,1780177.59,1914010.13,1616226.642219489
2021-10-04,1707441.09,1738664.5,1869558.23,1595238.4876777276
2021-10-05,1732016.96,1763740.51,1896492.18,1612027.59852846
2021-10-06,1733040.31,1764700.91,1896923.07,1618641.4138404524
2021-10-07,1780843.85,1813373.72,1949507.06,1632073.3545745814
2021-10-08,1767084.34,1799314.56,1933842.86,1628950.018103542
2021-10-11,1748112.42,1779991.6,1912977.35,1617766.0319589553
2021-10-12,1767952.01,1800211.36,1935069.17,1613856.2464646471
2021-10-13,1780711.07,1813181.96,1948672.71,1618734.1503443478
2021-10-14,1800772.4,1833545.35,1970345.01,1646354.7761744708
2021-10-15,1817475.65,1850506.49,1988302.55,1658636.9291610844
2021-10-18,1830536.6,1863824.68,2001987.81,1664234.4465758947
2021-10-19,1843792.19,1877266.42,2016116.98,1676538.696932577
2021-10-20,1852055.01,1885718.6,2025438.68,1682681.5846857254
2021-10-21,1863772.18,1897696.65,2038683.57,1687722.683077164
2021-10-22,1731177.24,1762590.12,1890322.75,1685912.509991362
2021-10-25,1732073.9,1763521.9,1891285.63,1693917.5539877694
2021-10-26,1726647.41,1758115.11,1886534.71,1697000.13711237
2021-10-27,1693685.02,1724501.15,1849724.03,1688427.625407556
2021-10-28,1761173.4,1793214.11,1923605.81,1705023.6559591626
2021-10-29,1766687.52,1798896.29,1929537.54,1708347.3177686946
2021-11-01,1793224.5,1825810.01,1957530.38,1711422.4747279442
2021-11-02,1776988.42,1809383.32,1941540.29,1717721.1308274795
2021-11-03,1806500.48,1839432.51,1968172.59,1728819.8066335218
2021-11-04,1827679.89,1860981.89,1993789.8,1736049.6314176784
2021-11-05,1808094.18,1841055.01,1974323.27,1742529.9568793369
2021-11-08,1825923.54,1859233.71,1998974.18,1744076.9539101387
2021-11-09,1814197.5,1847268.87,2007076.17,1737974.8195034286
2021-11-10,1772698.37,1805063.62,1964530.47,1723678.545572837
2021-11-11,1777735.3,1810152.81,1971168.21,1724628.1891078441
2021-11-12,1818649.62,1851553.45,2016195.92,1737084.58529123
2021-11-15,1820648.87,1853627.8,2022337.96,1737065.9293148601
2021-11-16,1833246.25,1866434.48,2032728.72,1743780.0884220828
2021-11-17,1829739.35,1862924.04,2032839.37,1739243.42589656
2021-11-18,1832583.36,1865787.71,2034177.37,1745130.3826340754
2021-11-19,1833130.62,1866352.27,2034143.15,1742689.5288713912
2021-11-22,1813282.0,1846258.66,2013107.21,1737117.912472317
2021-11-23,1794888.02,1827566.43,1991668.5,1739996.5477387419
2021-11-24,1799743.83,1832374.29,1995286.19,1743987.8399259269
2021-11-26,1769784.34,1801952.63,1965192.42,1704356.0255815096
2021-11-29,1775385.9,1807623.26,1971382.56,1726853.8652013333
2021-11-30,1744960.34,1776722.46,1940064.28,1694110.453160911
2021-12-01,1723526.17,1754975.33,1919940.55,1674094.2206502096
2021-12-02,1731195.47,1762805.86,1926152.1,1697857.0441434814
2021-12-03,1682667.33,1713498.75,1874845.74,1683512.5907011006
2021-12-06,1696766.86,1727922.98,1889744.86,1703261.66238515
2021-12-07,1740925.72,1772706.89,1936583.41,1738531.238526801
2021-12-08,1747642.08,1779598.56,1943403.08,1743895.1034220313
2021-12-09,1721554.15,1753083.12,1913859.78,1731372.0528764708
2021-12-10,1744441.52,1776430.54,1941278.92,1747905.0515855858
2021-12-13,1714089.86,1745561.37,1908525.2,1731935.8980651943
2021-12-14,1676300.99,1707212.56,1870565.15,1718997.163385962
2021-12-15,1707818.19,1739206.61,1904393.15,1747100.1277119312
2021-12-16,1683381.0,1714434.64,1881720.46,1731824.5055849291
2021-12-17,1663528.81,1694242.51,1862144.66,1714008.0481519806
2021-12-20,1637728.0,1668013.88,1835295.67,1694488.8253418435
2021-12-21,1675092.81,1705993.83,1872486.34,1724613.336777142
2021-12-22,1692686.14,1723842.98,1891647.48,1742170.240674774
2021-12-23,1713980.26,1745404.09,1912723.97,1753012.9854651832
2021-12-27,1730551.95,1762361.21,1930230.99,1777272.8186590192
2021-12-28,1711531.17,1742996.33,1908399.71,1775477.4979039195
2021-12-29,1717989.25,1749630.31,1915085.12,1777966.531178393
2021-12-30,1721078.38,1752786.42,1920512.32,1772650.845794952
2021-12-31,1718264.75,1749935.04,1917350.67,1767995.5457497973
2022-01-03,1724195.34,1755972.14,1921376.85,1779264.8422329284
2022-01-04,1717624.48,1749503.8,1914402.1,1778144.5780208327
2022-01-05,1679137.69,1710241.95,1871165.39,1743661.450902451
2022-01-06,1678597.99,1709639.79,1860315.83,1741980.9640213156
2022-01-07,1658614.14,1689244.51,1844189.36,1734925.5635599152
2022-01-10,1643056.55,1673404.64,1828947.95,1732425.4816004075
2022-01-11,1668558.92,1699375.9,1858147.16,1748294.4724515527
2022-01-12,1669832.58,1700636.67,1860084.91,1753220.736969027
2022-01-13,1632507.74,1662685.61,1818138.44,1728248.5352794474
2022-01-14,1638199.29,1668438.64,1823735.93,1729665.664979599
2022-01-18,1581440.81,1610554.94,1764099.05,1697860.6666631647
2022-01-19,1533196.98,1561419.39,1712792.49,1681409.1746469266
2022-01-20,1496112.1,1523678.01,1673217.91,1662850.8251828148
2022-01-21,1434105.7,1460695.1,1606787.04,1631398.2980315771
2022-01-24,1448695.77,1475589.9,1619122.77,1635920.108226398
2022-01-25,1416154.25,1442388.42,1584900.06,1616007.8420306107
2022-01-26,1405358.9,1431375.19,1571413.16,1613589.2667639796
2022-01-27,1377355.21,1402932.5,1541109.98,1604901.5589332331
2022-01-28,1417405.4,1443719.6,1586853.13,1643977.135380262
2022-01-31,1473960.28,1501224.34,1648090.94,1675025.208208847
2022-02-01,1493284.06,1520884.91,1667325.37,1686520.9121721913
2022-02-02,1493910.83,1521597.05,1674275.98,1702412.1815193899
2022-02-03,1466398.07,1493684.25,1644725.59,1660888.50627031
2022-02-04,1433639.58,1460386.56,1614531.44,1669453.591809773
2022-02-07,1437609.2,1464497.98,1622090.41,1663273.7543558537
2022-02-08,1421313.96,1447979.18,1601705.4,1677247.261782653
2022-02-09,1440874.86,1467996.72,1621443.45,1701596.2089607008
2022-02-10,1421079.35,1447883.07,1600562.8,1670770.5588406778
2022-02-11,1402432.46,1428995.36,1583967.46,1639076.9530045087
2022-02-14,1394493.38,1421017.01,1576368.01,1632781.9194246568
2022-02-15,1429495.9,1456712.93,1609202.45,1658525.5366808192
2022-02-16,1435449.95,1462849.34,1619786.94,1659987.0422470924
2022-02-17,1402362.97,1429229.08,1588895.64,1624839.9072707412
2022-02-18,1402937.27,1429884.24,1590384.69,1613196.042252345
2022-02-22,1387070.64,1413776.88,1570260.9,1596833.4830943344
2022-02-23,1373124.1,1399591.04,1556138.41,1567432.3888398139
2022-02-24,1384499.81,1411347.65,1566011.39,1590876.249474961
2022-02-25,1419711.23,1447225.19,1601137.47,1626468.4109944196
2022-02-28,1415848.38,1443415.01,1595311.5,1622495.5936576203
2022-03-01,1385836.4,1412968.11,1570019.85,1597389.9021177068
2022-03-02,1425961.78,1453940.43,1605186.31,1627169.5496791443
2022-03-03,1421281.59,1449261.37,1603890.41,1618619.3164703834
2022-03-04,1409856.9,1437711.5,1601194.65,1605777.1219407143
2022-03-07,1385261.68,1412742.23,1584735.25,1558377.5386391534
2022-03-08,1389859.34,1417512.27,1608555.53,1547104.619636339
2022-03-09,1404361.67,1432375.7,1603452.91,1586862.497665739
2022-03-10,1402043.33,1430102.92,1603051.76,1580051.9795349373
2022-03-11,1398580.17,1426666.89,1593529.76,1559572.0645047592
2022-03-14,1389918.92,1417940.37,1571556.3,1547998.476368221
2022-03-15,1410250.8,1438738.61,1581531.71,1581138.9165659456
2022-03-16,1434145.87,1463171.9,1610892.66,1616530.7527469115
2022-03-17,1439079.32,1468282.39,1620237.15,1636491.3795804724
2022-03-18,1442974.22,1472247.11,1624559.17,1655576.6245325366
2022-03-21,1439911.47,1469185.95,1623557.74,1654857.0109974262
2022-03-22,1449442.34,1478938.62,1637429.13,1673563.7026425737
2022-03-23,1443227.22,1472651.63,1633077.77,1653024.5594155716
2022-03-24,1465113.03,1495016.43,1661176.37,1676735.3997513866
2022-03-25,1469366.21,1499413.24,1671600.67,1685230.027283007
2022-03-28,1462190.04,1492043.32,1660642.44,1697270.9204587052
2022-03-29,1485755.18,1516052.41,1685183.68,1718073.6019926756
2022-03-30,1464883.14,1494843.17,1666542.42,1707260.5618636706
2022-03-31,1441285.08,1470809.88,1642652.18,1680537.5964110973
2022-04-01,1447595.83,1477247.24,1651642.87,1686268.6036762416
2022-04-04,1447047.55,1476736.24,1657149.07,1699912.099559882
2022-04-05,1424676.7,1453915.68,1630186.68,1678575.2774985922
2022-04-06,1414972.75,1443936.89,1614311.07,1662264.7014980388
2022-04-07,1406940.04,1435781.83,1609631.88,1669334.9542901411
2022-04-08,1410496.14,1439440.79,1616188.18,1664909.503118899
2022-04-11,1399329.03,1427994.68,1599290.29,1636810.342438597
2022-04-12,1414943.64,1443985.8,1620073.85,1631216.628669454
2022-04-13,1421775.06,1450946.67,1624980.45,1649444.7854644225
2022-04-14,1424437.62,1453681.41,1628703.86,1629413.7006230191
2022-04-18,1435351.22,1464810.13,1641393.13,1629079.8854341926
2022-04-19,1458104.81,1487958.43,1661229.86,1655239.0056980425
2022-04-20,1467488.24,1497580.62,1674370.96,1654215.2816355096
2022-04-21,1440122.83,1469653.88,1642650.19,1629810.728780321
2022-04-22,1404340.67,1433121.31,1599023.47,1584599.6907454946
2022-04-25,1400195.99,1428869.43,1593578.84,1593628.6399304187
2022-04-26,1382278.15,1410610.32,1575902.25,1548773.8767064558
2022-04-27,1400654.68,1429360.06,1592412.26,1552023.2768624777
2022-04-28,1422050.12,1451237.97,1616634.61,1590431.0418058697
2022-04-29,1391308.22,1419844.13,1582215.19,1532723.035367203
2022-05-02,1377697.41,1405953.79,1565875.33,1541421.6107569998
2022-05-03,1393286.7,1421953.16,1584613.47,1548877.6618953857
2022-05-04,1421119.53,1450515.29,1625033.65,1595130.8988431303
2022-05-05,1402281.31,1431331.07,1603123.14,1538264.9471048734
2022-05-06,1404779.71,1433939.33,1607626.19,1529536.4859276884
2022-05-09,1365805.4,1394205.8,1553921.14,1480534.5716071615
2022-05-10,1351848.36,1379982.8,1532747.89,1484173.5737551346
2022-05-11,1365298.27,1393687.96,1547975.57,1459739.316238542
2022-05-12,1362612.33,1390990.42,1538080.3,1457847.5458968717
2022-05-13,1387088.03,1416078.52,1566820.77,1492645.9227907022
2022-05-16,1401244.39,1430601.91,1588518.72,1486755.3435335034
2022-05-17,1419381.28,1449109.58,1600807.69,1516742.6520357928
2022-05-18,1396693.37,1425998.45,1578392.55,1455473.4370593545
2022-05-19,1388827.39,1418021.01,1573278.53,1446982.5226104094
2022-05-20,1412154.81,1441881.86,1601474.33,1447193.9871969286
2022-05-23,1436325.67,1466617.18,1631415.43,1474046.7294171602
2022-05-24,1442329.13,1472801.44,1640371.09,1462076.2942493043
2022-05-25,1461158.95,1492120.37,1662236.03,1475894.033329717
2022-05-26,1461376.05,1492380.56,1660212.67,1505239.6124700892
2022-05-27,1489471.27,1521117.85,1693173.21,1542482.6467722717
2022-05-31,1472453.15,1503796.13,1667996.98,1532804.5420600798
2022-06-01,1495278.86,1527153.82,1695306.41,1521334.920238456
2022-06-02,1496675.45,1528674.08,1701599.16,1549374.67159595
2022-06-03,1500971.34,1533098.46,1699832.79,1524046.557347475
2022-06-06,1507473.51,1539845.03,1703900.76,1528828.1022035968
2022-06-07,1527725.11,1560608.04,1734385.23,1543387.7333151724
2022-06-08,1532658.04,1565703.53,1735613.84,1526728.4897950904
2022-06-09,1519726.26,1552611.09,1717795.15,1490394.3456814766
2022-06-10,1494936.76,1527357.57,1694962.57,1447008.514189138
2022-06-13,1447757.88,1479241.34,1624521.93,1390910.2649347882
2022-06-14,1456480.58,1488218.46,1627852.52,1385661.4150395063
2022-06-15,1451733.9,1483411.68,1625113.48,1405881.6859713758
2022-06-16,1417878.09,1448918.88,1595119.15,1360173.7287989773
2022-06-17,1396945.47,1427628.84,1566424.13,1363167.2885023581
2022-06-21,1426007.16,1457439.97,1600276.47,1396533.8644913195
2022-06-22,1413623.08,1444784.49,1580965.81,1394716.1746771745
2022-06-23,1382633.7,1413231.67,1544431.92,1408010.9124782942
2022-06-24,1401985.66,1433061.46,1566058.96,1451044.363368429
2022-06-27,1427239.75,1458911.52,1590630.77,1446730.3046774517
2022-06-28,1420367.99,1452048.72,1588542.14,1417588.7639582476
2022-06-29,1411017.8,1442569.27,1575593.63,1416579.8016634248
2022-06-30,1397526.15,1428854.54,1555758.47,1404171.5849918285
2022-07-01,1407163.33,1438751.85,1560788.46,1418990.950764705
2022-07-05,1382858.93,1414062.41,1517371.42,1421238.814791255
2022-07-06,1372655.03,1403763.65,1493353.14,1426317.1345724403
2022-07-07,1394694.14,1426363.04,1515599.38,1447661.3827990813
2022-07-08,1390336.16,1422032.06,1511008.4,1446459.4307681245
2022-07-11,1389602.32,1421397.18,1506653.49,1429785.4254803327
2022-07-12,1383308.21,1415094.42,1496314.02,1416568.6624153983
2022-07-13,1380465.91,1412310.29,1497823.71,1410255.153985161
2022-07-14,1376460.29,1408333.93,1483437.82,1406026.3150697362
2022-07-15,1384617.44,1416762.94,1488742.51,1433023.77695132
2022-07-18,1387122.58,1419445.13,1493668.07,1421038.5800157543
2022-07-19,1421859.79,1454991.75,1531258.82,1460299.44834459
2022-07-20,1428638.96,1462032.7,1530745.08,1468909.0908761588
2022-07-21,1428824.67,1462330.87,1541396.42,1483394.5508972167
2022-07-22,1426727.13,1460302.02,1541887.86,1469550.8202380757
2022-07-25,1449417.82,1483558.77,1565259.21,1471483.5250521686
2022-07-26,1444902.23,1479068.08,1558192.75,1454497.892508611
2022-07-27,1454017.98,1488472.53,1580996.46,1492542.1376017726
2022-07-28,1470875.58,1505780.26,1606847.64,1510651.656877109
2022-07-29,1473056.25,1508118.08,1610895.43,1532114.6331863739
2022-08-01,1464915.7,1499934.7,1604408.78,1527789.344684378
2022-08-02,1455206.41,1490151.35,1590465.7,1517610.6077519385
2022-08-03,1439290.1,1474037.85,1573490.33,1541343.7265838063
2022-08-04,1416690.59,1451108.62,1561535.04,1540145.5781985174
2022-08-05,1419813.13,1454414.27,1555349.83,1537641.692593342
2022-08-08,1432246.32,1467207.13,1575204.54,1535738.7830036448
2022-08-09,1434913.42,1470041.37,1580917.92,1529213.9005498805
2022-08-10,1443727.33,1479144.31,1587297.35,1561771.8395825117
2022-08-11,1454281.23,1490030.28,1596831.56,1560670.0502208017
2022-08-12,1452066.92,1487872.42,1599211.22,1587704.5523661484
2022-08-15,1448833.13,1484656.52,1586577.48,1594007.0121113511
2022-08-16,1449550.27,1485467.51,1582795.31,1596996.8587320563
2022-08-17,1462235.38,1498492.81,1594262.52,1585438.1229262208
2022-08-18,1470123.65,1506639.68,1600930.72,1589036.3717277553
2022-08-19,1452184.41,1488414.19,1577797.2,1568537.8007212074
2022-08-22,1441250.94,1477304.44,1565133.87,1534970.9899567454
2022-08-23,1447366.1,1483674.37,1576144.27,1531535.9356669486
2022-08-24,1447851.99,1484226.74,1578655.98,1536002.1401846288
2022-08-25,1457646.35,1494284.6,1589287.65,1557646.8764190087
2022-08-26,1436870.94,1473140.15,1564204.05,1505172.7769819302
2022-08-29,1434487.7,1470783.08,1562690.75,1495138.7597108432
2022-08-30,1394407.71,1429837.69,1518170.54,1478650.1368678499
2022-08-31,1372599.94,1407568.64,1494681.7,1467091.491625006
2022-09-01,1374297.07,1409355.12,1492784.28,1471487.2381348442
2022-09-02,1371682.33,1406806.05,1496335.39,1455688.6147285493
2022-09-06,1376297.59,1411613.16,1497456.57,1449727.486900516
2022-09-07,1375072.97,1410464.77,1500771.66,1476316.9625027555
2022-09-08,1375928.59,1411439.79,1497952.62,1486076.483344832
2022-09-09,1388275.06,1424141.33,1512914.38,1508771.025783465
2022-09-12,1396300.88,1432437.93,1525075.67,1524740.2698668488
2022-09-13,1370931.51,1406679.98,1492610.64,1458815.6642822637
2022-09-14,1383154.36,1419257.47,1503551.83,1463756.6905674478
2022-09-15,1369640.54,1405578.89,1475547.16,1447190.2741142532
2022-09-16,1359025.45,1394853.18,1468881.01,1436796.359512619
2022-09-19,1362392.07,1398402.84,1471242.42,1446648.6168585909
2022-09-20,1360021.03,1396100.72,1464830.19,1430341.844503705
2022-09-21,1347638.9,1383585.71,1455444.28,1405859.407475323
2022-09-22,1348943.06,1385008.95,1457718.73,1394011.4134727665
2022-09-23,1324663.89,1360339.81,1421025.15,1369988.945881186
2022-09-26,1303094.33,1338453.85,1389299.9,1355822.539281245
2022-09-27,1313121.69,1348790.0,1401939.37,1352947.707660488
2022-09-28,1350453.38,1386952.75,1454896.85,1379563.0842784639
2022-09-29,1336040.59,1372369.34,1439987.62,1350417.8304765841
2022-09-30,1337704.45,1374184.56,1441949.47,1330071.4958597317
2022-10-03,1360518.13,1397577.53,1479255.34,1364498.9267379807
2022-10-04,1370606.22,1408030.79,1504935.18,1406230.3534909044
2022-10-05,1368074.18,1405617.11,1496420.96,1403392.6526969024
2022-10-06,1376856.66,1414748.61,1505156.28,1389014.781510442
2022-10-07,1375262.4,1413303.53,1492318.98,1350117.342468845
2022-10-10,1367966.06,1406035.64,1468905.5,1340001.637378897
2022-10-11,1366149.23,1404349.19,1464795.36,1331265.9311623452
2022-10-12,1364921.69,1403273.69,1468706.81,1326885.036983209
2022-10-13,1380235.91,1419060.51,1479027.33,1361338.4594401866
2022-10-14,1370981.98,1409792.48,1456372.03,1329125.5654074003
2022-10-17,1371607.3,1410601.22,1459854.42,1364320.8798955411
2022-10-18,1374458.64,1413679.89,1465136.83,1379911.7517979925
2022-10-19,1375298.46,1414717.74,1453068.41,1370704.8463336206
2022-10-20,1377530.61,1417168.3,1454061.13,1359806.4958660712
2022-10-21,1389078.88,1429106.95,1484081.19,1392067.659973639
2022-10-24,1396949.31,1437299.72,1489703.89,1408608.175411097
2022-10-25,1405833.9,1446532.59,1501895.27,1431521.5180386086
2022-10-26,1426822.8,1468110.94,1531681.69,1420945.843511859
2022-10-27,1423356.49,1464749.41,1526270.95,1412302.7832362105
2022-10-28,1426896.36,1468528.97,1520200.21,1447082.685279656
2022-10-31,1429474.48,1471329.27,1515152.95,1436295.5461663872
2022-11-01,1427590.48,1469593.72,1522953.31,1430404.9669091883
2022-11-02,1430532.22,1472764.81,1519455.46,1394642.0035866566
2022-11-03,1439520.51,1482098.95,1525833.07,1379878.334053913
2022-11-04,1436509.07,1479205.65,1552043.44,1398670.517163589
2022-11-07,1438925.68,1481833.47,1550759.6,1412117.3102284197
2022-11-08,1449348.85,1492639.08,1585316.72,1420022.1915555806
2022-11-09,1434211.15,1477372.27,1563230.29,1390517.130986146
2022-11-10,1437710.42,1481107.98,1597758.38,1467599.731136589
2022-11-11,1429459.9,1472886.87,1595473.97,1481161.4486383763
2022-11-14,1439128.3,1482917.96,1608598.66,1467926.1201600647
2022-11-15,1435496.06,1479394.15,1608245.8,1480716.331532277
2022-11-16,1439900.35,1484056.9,1610765.97,1468497.391514139
2022-11-17,1443377.97,1487767.23,1606995.56,1463960.728988616
2022-11-18,1414961.26,1458946.0,1567824.93,1470927.1060287964
2022-11-21,1421268.03,1465554.94,1569157.77,1465214.4830510453
2022-11-22,1422326.08,1466808.38,1571557.03,1485112.078042115
2022-11-23,1422805.37,1467469.71,1578495.71,1493896.0543334484
2022-11-25,1435177.82,1480261.72,1593280.62,1493473.2157234019
2022-11-28,1426703.18,1471787.95,1575551.05,1470407.727269187
2022-11-29,1427157.08,1472427.3,1581154.02,1468067.0361757495
2022-11-30,1433813.89,1479382.59,1601776.49,1513500.5874821297
2022-12-01,1435704.68,1481486.52,1623133.28,1512187.4240968921
2022-12-02,1442757.89,1488850.21,1627353.53,1510380.873530774
2022-12-05,1438543.53,1484731.93,1604454.04,1483353.7975507781
2022-12-06,1438589.55,1484953.75,1607367.47,1461994.6969934355
2022-12-07,1444474.23,1491126.72,1623412.67,1459271.9206363899
2022-12-08,1449996.6,1496935.25,1630519.99,1470248.2458401248
2022-12-09,1439821.82,1486743.41,1622908.41,1459442.5413134787
2022-12-12,1452204.89,1499542.66,1628037.43,1480282.353674204
2022-12-13,1448666.21,1496118.45,1642086.15,1491073.1153071562
2022-12-14,1457162.38,1504954.04,1649005.65,1482048.060330892
2022-12-15,1450428.04,1498262.06,1624011.57,1445112.9402017996
2022-12-16,1450559.66,1498570.58,1633295.7,1429017.6324334329
2022-12-19,1438589.33,1486534.4,1616856.73,1416145.7332423597
2022-12-20,1446822.8,1495106.36,1643617.35,1417614.755536976
2022-12-21,1466001.75,1514836.59,1663355.9,1438691.8429369652
2022-12-22,1458211.97,1507066.77,1641669.96,1417900.300651021
2022-12-23,1482065.83,1531575.14,1671674.11,1426220.6849858693
2022-12-27,1475663.93,1525221.89,1673439.08,1420445.0301656271
2022-12-28,1468179.28,1517759.11,1660187.98,1403370.3742008493
2022-12-29,1473124.69,1522976.56,1671701.99,1427875.0897252844
2022-12-30,1486379.2,1536676.05,1691647.48,1424247.2268253379
2023-01-03,1453904.44,1503717.85,1664100.45,1418549.4561782887
2023-01-04,1444252.87,1494047.5,1663464.74,1429243.8587876621
2023-01-05,1423858.42,1473419.6,1626903.6,1412599.5581612743
2023-01-06,1433861.72,1483794.55,1658364.35,1444864.4353515175
2023-01-09,1436022.64,1486192.63,1663394.32,1443755.3103874484
2023-01-10,1433353.0,1483639.11,1664421.07,1453830.171567966
2023-01-11,1449279.45,1500052.27,1681519.23,1472511.0527603691
2023-01-12,1456912.99,1508017.12,1702939.81,1477541.0119037807
2023-01-13,1471961.63,1523542.13,1733307.66,1483446.5340546737
2023-01-17,1475724.23,1527509.2,1733148.14,1480434.4089379152
2023-01-18,1453642.97,1504820.31,1705677.25,1457395.0026254212
2023-01-19,1433714.27,1484181.52,1691490.41,1446262.9090752995
2023-01-20,1431032.92,1481603.0,1686659.13,1473623.8908071138
2023-01-23,1430747.04,1481469.83,1687750.13,1491132.524629964
2023-01-24,1457238.44,1508832.51,1719945.46,1490071.5791776844
2023-01-25,1639230.49,1697179.02,1935994.16,1489800.7958313492
2023-01-26,1581312.69,1637370.58,1865639.98,1506200.3046901308
2023-01-27,1444548.3,1496150.42,1705483.28,1509958.0349207276
2023-01-30,1393305.2,1443161.9,1645255.64,1490375.780268099
2023-01-31,1399928.55,1450204.43,1653773.47,1512198.5633449187
2023-02-01,1390166.17,1440231.83,1642517.53,1528004.5223535728
2023-02-02,1388914.19,1439493.5,1637852.78,1550465.2311466415
2023-02-03,1403790.05,1454956.96,1653430.48,1534410.7672877053
2023-02-06,1389687.15,1440166.12,1636231.62,1524988.7747171312
2023-02-07,1410785.3,1461988.68,1660801.43,1544619.2088815488
2023-02-08,1405292.61,1456415.23,1654831.62,1527503.709007341
2023-02-09,1404955.9,1456075.75,1654362.87,1514016.1625960716
2023-02-10,1431066.14,1482465.16,1682557.28,1517339.8244056033
2023-02-13,1438109.7,1489902.03,1691353.99,1534711.2552954445
2023-02-14,1448970.48,1501133.47,1703969.11,1534280.899957055
2023-02-15,1442756.92,1495021.7,1697872.18,1538535.7304512083
2023-02-16,1448270.88,1500914.34,1705143.88,1517321.2589922259
2023-02-17,1423901.04,1475829.85,1677138.12,1513122.2153011973
2023-02-21,1404690.46,1455730.43,1653661.37,1482797.378527406
2023-02-22,1392833.66,1443593.26,1640296.16,1480464.1135993192
2023-02-23,1417242.03,1468852.77,1668886.72,1488354.142595778
2023-02-24,1417365.5,1468809.16,1668506.12,1472670.5341894312
2023-02-27,1416964.12,1468280.86,1667666.05,1477196.057466928
2023-02-28,1411974.76,1463201.82,1662180.95,1472711.2875358697
2023-03-01,1422336.39,1473630.1,1672993.84,1465752.3366610403
2023-03-02,1412646.59,1463589.04,1661205.71,1476865.9553607767
2023-03-03,1417541.11,1468672.17,1669504.11,1500713.9986296007
2023-03-06,1413384.65,1464333.27,1662961.83,1501745.2394204764
2023-03-07,1402767.26,1453337.02,1650281.36,1478728.1116040354
2023-03-08,1418790.51,1469985.66,1669432.95,1480820.2072841986
2023-03-09,1399231.53,1449771.38,1646649.55,1453485.217131113
2023-03-10,1369324.31,1419065.52,1612277.84,1432441.4569122111
2023-03-13,1321884.81,1370030.74,1556871.05,1430278.8126612133
2023-03-14,1350699.6,1399976.25,1591159.21,1453845.023898668
2023-03-15,1307846.34,1355730.11,1541356.54,1443695.9010646404
2023-03-16,1342539.88,1391807.5,1582854.55,1469050.0974548357
2023-03-17,1314972.64,1363357.44,1550799.44,1452861.9626195815
2023-03-20,1327544.61,1376434.06,1565733.3,1465819.1721491993
2023-03-21,1363942.08,1414139.99,1608488.62,1484848.7208611309
2023-03-22,1342709.95,1392103.09,1583328.03,1460403.324096512
2023-03-23,1335147.9,1384188.9,1574267.75,1464761.939779595
2023-03-24,1337807.83,1386897.93,1577408.83,1473022.9147916355
2023-03-27,1357143.53,1406862.71,1599852.81,1475448.9162236175
2023-03-28,1346507.2,1395796.53,1587065.67,1473126.7905435571
2023-03-29,1351641.67,1401074.5,1592933.6,1494100.0927546164
2023-03-30,1357186.05,1406886.25,1599648.89,1502639.277278343
2023-03-31,1341573.01,1391099.0,1582735.01,1524332.1930245124
2023-04-03,1382023.72,1432547.72,1628101.9,1529970.4637857613
2023-04-04,1359149.13,1408835.22,1606380.69,1521101.2677188758
2023-04-05,1358031.22,1407888.09,1605355.89,1517310.1197441993
2023-04-06,1340701.43,1389974.84,1582765.0,1522740.8201275887
2023-04-10,1371420.17,1421882.42,1619037.97,1524257.9313710022
2023-04-11,1359229.13,1409085.33,1603951.64,1524194.899528511
2023-04-12,1368732.91,1419063.4,1615656.18,1517892.5303463002
2023-04-13,1358720.18,1408970.96,1604826.87,1538023.8684199422
2023-04-14,1356572.41,1406732.43,1602126.84,1534841.1226260948
2023-04-17,1397136.83,1448264.71,1648456.51,1539915.5481986206
2023-04-18,1411105.3,1462493.48,1664154.42,1541232.5152295257
2023-04-19,1389046.28,1438486.83,1633804.58,1541102.6478988752
2023-04-20,1365589.47,1414103.76,1605704.04,1531929.1601785829
2023-04-21,1357774.28,1405924.21,1596128.94,1533312.7815716628
2023-04-24,1343505.72,1391735.53,1581425.29,1534618.5187915491
2023-04-25,1296554.37,1343204.95,1526415.19,1510354.8819520455
2023-04-26,1275261.32,1321620.43,1502934.58,1504553.3261160667
2023-04-27,1294429.57,1341758.98,1526711.27,1533991.6417603346
2023-04-28,1324194.21,1372755.59,1562369.55,1546651.9858018963
2023-05-01,1318111.05,1366353.06,1554493.29,1546054.8134320858
2023-05-02,1297411.7,1344739.37,1533738.66,1528141.815849574
2023-05-03,1329694.76,1378002.79,1571068.29,1517447.4132402006
2023-05-04,1336363.12,1384805.08,1578452.67,1506493.3665325185
2023-05-05,1362293.66,1411492.15,1608262.95,1534325.4569491611
2023-05-08,1359647.02,1408927.74,1605799.28,1535019.1694685346
2023-05-09,1378203.26,1427702.68,1626499.06,1527989.6700228709
2023-05-10,1386553.06,1436649.14,1637279.5,1534841.1226260948
2023-05-11,1387432.32,1437797.41,1639338.38,1532237.074351673
2023-05-12,1375129.11,1425140.74,1624981.39,1529811.072919691
2023-05-15,1376302.32,1426522.08,1626695.77,1534336.5056341954
2023-05-16,1376457.7,1426763.89,1627340.1,1524550.9932133905
2023-05-17,1389623.79,1440628.39,1643752.2,1542679.1684650967
2023-05-18,1405503.36,1457346.17,1663653.2,1557249.8482617068
2023-05-19,1415432.89,1467733.57,1675754.1,1554998.271152481
2023-05-22,1426215.58,1478965.14,1688672.17,1555239.3498374121
2023-05-23,1408883.4,1460898.22,1667526.88,1537786.4122546942
2023-05-24,1412539.89,1464710.15,1671896.9,1526531.9681022651
2023-05-25,1469509.29,1523771.05,1739288.87,1539900.6958679187
2023-05-26,1502237.45,1557967.87,1778976.85,1559994.9936777975
2023-05-30,1530466.71,1587606.31,1813860.72,1560020.894693534
2023-05-31,1496177.41,1552590.14,1775436.33,1550491.3132883622
2023-06-01,1524691.14,1582033.27,1808394.43,1565770.557935048
2023-06-02,1519410.02,1577059.66,1803382.04,1588528.1322161723
2023-06-05,1505938.61,1563037.76,1787088.13,1585345.3864223252
2023-06-06,1522845.61,1580759.43,1807684.96,1589077.1250741938
2023-06-07,1542201.36,1601027.56,1831447.99,1583019.5476595897
2023-06-08,1569779.5,1629804.06,1864677.46,1592816.2898914132
2023-06-09,1586228.23,1647202.92,1885420.26,1594644.9378276002
2023-06-12,1596047.43,1657849.54,1898880.64,1609508.8605925827
2023-06-13,1575720.85,1636914.39,1875224.22,1620666.7645954487
2023-06-14,1597720.59,1659855.7,1901738.66,1621994.7803113882
2023-06-15,1600928.01,1663217.46,1905754.43,1641747.6556411055
2023-06-16,1573032.03,1634453.93,1873219.86,1635719.7828879054
2023-06-20,1546314.42,1606653.26,1841275.07,1627974.4735527989
2023-06-21,1547827.3,1607890.9,1841536.07,1619435.2890290725
2023-06-22,1557797.4,1618303.49,1853349.05,1625444.686931887
2023-06-23,1512539.23,1571254.1,1799460.04,1612995.7169138521
2023-06-26,1486337.41,1543812.27,1767219.5,1605758.4659643448
2023-06-27,1500303.08,1558177.88,1783280.99,1624153.8020427027
2023-06-28,1544541.53,1604386.7,1836515.67,1623578.7270429607
2023-06-29,1560110.21,1621131.34,1857104.8,1630841.879008205
2023-06-30,1599368.32,1661928.04,1903810.87,1650850.6853535553
2023-07-03,1598676.2,1661368.61,1903511.56,1652783.2996046564
2023-07-05,1606479.61,1669528.14,1913250.46,1649530.0958029667
2023-07-06,1584936.9,1647140.04,1887130.59,1636461.6749190683
2023-07-07,1613013.31,1676731.62,1921961.06,1631773.0476928263
2023-07-10,1641960.89,1706632.37,1956146.71,1635697.5043918523
2023-07-11,1647315.67,1711883.59,1961609.84,1646725.7221900523
2023-07-12,1667989.45,1733374.14,1986506.59,1658929.9910034724
2023-07-13,1708786.57,1775596.94,2034533.48,1672981.3826034649
2023-07-14,1680412.53,1745945.9,2000307.74,1671267.568541242
2023-07-17,1704219.9,1770816.03,2028905.98,1677710.9443021296
2023-07-18,1732509.04,1800576.73,2063960.66,1689651.6748085814
2023-07-19,1701534.49,1768127.66,2026208.16,1693635.7219563997
2023-07-20,1687542.72,1753675.26,2009998.89,1682192.0011505124
2023-07-21,1678165.47,1743906.02,1998592.19,1682737.190362866
2023-07-24,1688236.4,1754370.79,2010555.51,1689525.6111235989
2023-07-25,1724037.75,1791550.48,2053260.23,1694281.073838
2023-07-26,1709166.27,1776110.58,2035068.52,1694017.7166570157
2023-07-27,1732146.59,1799903.65,2062380.77,1683134.218520168
2023-07-28,1768602.11,1837465.75,2104479.9,1699759.9537331788
2023-07-31,1774790.6,1843515.75,2110538.1,1702256.4131730031
2023-08-01,1785295.93,1855013.24,2125190.53,1697719.7506474801
2023-08-02,1740120.55,1809584.24,2077290.13,1674224.0879808601
2023-08-03,1747034.24,1816517.97,2084303.16,1669958.2088016723
2023-08-04,1774563.4,1845399.4,2118035.04,1661107.3064591882
2023-08-07,1808505.04,1880590.88,2158983.1,1676097.292909153
2023-08-08,1796464.52,1868018.19,2143789.3,1669027.0401170508
2023-08-09,1651694.86,1718472.61,1973661.48,1657279.2087837409
2023-08-10,1664361.85,1731916.97,1989640.76,1657694.7117914285
2023-08-11,1628997.13,1695516.68,1948783.29,1655921.4884063976
2023-08-14,1657250.94,1724528.5,1980956.49,1665443.8247722024
2023-08-15,1643812.46,1710588.02,1964656.78,1646206.4339934348
2023-08-16,1616477.81,1680995.03,1928230.51,1633768.6937864188
2023-08-17,1580165.47,1643215.53,1884089.38,1621167.5779416808
2023-08-18,1590971.34,1654502.05,1896612.15,1620926.4992567496
2023-08-21,1586858.64,1650365.06,1892178.23,1632077.158220249
2023-08-22,1593755.94,1657607.61,1900708.82,1627544.1182144093
2023-08-23,1619612.95,1684440.72,1931491.72,1645520.1476394122
2023-08-24,1572323.58,1635591.48,1876199.01,1623374.7791847845
2023-08-25,1554159.53,1615504.72,1849935.55,1634280.555817685
2023-08-28,1558667.55,1620196.5,1855160.97,1644518.7020729326
2023-08-29,1594399.16,1657486.67,1898373.2,1668377.8845897831
2023-08-30,1609955.38,1673656.87,1917061.97,1674773.0808388814
2023-08-31,1618461.82,1682921.89,1929051.56,1672098.5745566173
2023-09-01,1635021.74,1699757.37,1946969.58,1675106.896027708
2023-09-05,1605598.46,1669168.29,1908685.59,1668081.2002277116
2023-09-06,1593029.31,1656264.82,1893690.28,1656452.0064140332
2023-09-07,1580574.44,1642978.2,1877398.7,1651132.698510909
2023-09-08,1614833.43,1678534.76,1918373.02,1653488.2419350485
2023-09-11,1611000.03,1674508.85,1913170.28,1664605.3925914764
2023-09-12,1591996.97,1654791.23,1890528.78,1655123.990698094
2023-09-13,1585922.95,1648123.95,1881658.92,1657179.0461144943
2023-09-14,1595724.07,1658132.02,1892718.29,1671148.9310216103
2023-09-15,1546022.14,1606885.43,1834551.27,1650828.4068575024
2023-09-18,1550317.19,1611795.81,1841629.12,1652019.1290774401
2023-09-19,1554653.84,1616342.58,1846674.67,1648465.6183939956
2023-09-20,1554022.99,1615637.17,1845146.14,1632978.6222434663
2023-09-21,1504759.82,1564101.71,1784752.36,1606196.247468085
2023-09-22,1518395.7,1578672.93,1802861.51,1602509.0658083227
2023-09-25,1546732.99,1607967.13,1835452.58,1608956.0640888938
2023-09-26,1542019.56,1602974.67,1829352.32,1585248.8462727624
2023-09-27,1557822.81,1619373.54,1847720.53,1585612.366122993
2023-09-28,1592763.43,1655510.99,1888191.04,1594956.6556463582
2023-09-29,1600774.17,1663717.58,1896722.35,1590634.9896640456
2023-10-02,1609013.9,1672497.15,1905734.97,1590761.2344750126
2023-10-03,1565770.85,1627488.26,1853026.36,1568897.6980517546
2023-10-04,1583782.93,1646465.37,1874959.01,1581621.073935808
2023-10-05,1601108.5,1663713.89,1892147.51,1579558.5923540564
2023-10-06,1610353.95,1673813.19,1906718.97,1598220.908133082
2023-10-09,1619799.21,1683916.73,1926707.78,1608295.8598765915
2023-10-10,1663955.16,1729946.31,1979067.66,1616671.8498885804
2023-10-11,1665615.97,1731785.4,1984392.14,1623612.2353500323
2023-10-12,1636493.36,1701582.84,1948644.86,1613470.4481183637
2023-10-13,1623687.24,1687644.08,1945144.54,1605372.6676180612
2023-10-16,1641402.61,1706160.37,1964093.38,1622380.5786576718
2023-10-17,1658944.26,1724210.92,1984728.16,1622221.1877916015
2023-10-18,1622380.43,1686126.36,1947615.79,1600483.7150533262
2023-10-19,1580750.88,1642652.47,1902481.57,1586907.0546578448
2023-10-20,1550571.42,1611261.7,1867210.17,1566935.3791392494
2023-10-23,1564006.94,1625222.45,1881401.01,1564294.2000380727
2023-10-24,1599322.61,1661971.88,1923252.11,1575660.0366707668
2023-10-25,1587894.15,1650023.13,1911552.08,1553065.6569013798
2023-10-26,1560193.83,1621239.63,1879239.42,1534688.9767993917
2023-10-27,1570187.69,1631865.47,1897669.3,1527322.0396452176
2023-10-30,1555857.69,1616734.49,1876664.85,1545665.2114401346
2023-10-31,1568730.55,1630545.19,1890964.55,1555673.3276954852
2023-11-01,1600311.33,1661924.68,1921448.77,1572017.230877126
2023-11-02,1592726.73,1654201.07,1915072.91,1601663.2074622456
2023-11-03,1616694.24,1679085.07,1944798.1,1616708.7995893513
2023-11-06,1595380.12,1656999.45,1918145.11,1619542.8778636698
2023-11-07,1567647.6,1628449.17,1888616.03,1624142.572231684
2023-11-08,1566535.67,1627335.74,1888049.03,1625774.698475046
2023-11-09,1583582.22,1645026.43,1908355.82,1612632.1970636216
2023-11-10,1603151.6,1665379.84,1932217.83,1637815.7727767285
2023-11-13,1584332.12,1645940.9,1910476.11,1636446.8225883665
2023-11-14,1670003.62,1734786.38,2012668.2,1667662.0747003406
2023-11-15,1655251.86,1719410.47,1994075.32,1670325.3511715864
2023-11-16,1632791.73,1696135.02,1967252.26,1672313.752225812
2023-11-17,1659596.24,1723958.06,1999655.79,1674457.7405004401
2023-11-20,1714945.05,1781291.39,2064821.99,1686832.4488649648
2023-11-21,1681112.7,1746267.85,2025008.29,1683423.4767168888
2023-11-22,1682569.33,1747802.32,2026994.92,1690260.076989411
2023-11-24,1706224.6,1772392.4,2055703.93,1691268.9487212417
2023-11-27,1712855.16,1779175.19,2062654.01,1687963.9428880792
2023-11-28,1679924.69,1745077.34,2024098.27,1689618.3476274943
2023-11-29,1673891.65,1738766.45,2016152.03,1688019.5485652196
2023-11-30,1651421.02,1715555.06,1990252.02,1694407.1375229827
2023-12-01,1668176.35,1732984.24,2010587.32,1704359.648101193
2023-12-04,1652625.4,1716840.78,1991781.23,1695141.6033887947
2023-12-05,1646212.97,1710245.27,1984714.17,1694177.28864907
2023-12-06,1605015.46,1667587.13,1936358.57,1687559.488565426
2023-12-07,1618778.29,1681844.7,1952266.74,1701006.2816302571
2023-12-08,1650354.49,1714613.31,1990245.92,1707972.7492334296
2023-12-11,1629236.15,1692680.79,1964399.55,1714675.6785296337
2023-12-12,1621472.24,1684541.02,1954124.19,1722562.085006409
2023-12-13,1648451.79,1712531.41,1986235.2,1746076.2225234145
2023-12-14,1691074.04,1756616.51,2035616.6,1750698.195387482
2023-12-15,1723897.43,1790528.61,2073611.93,1750564.705537148
2023-12-18,1777732.17,1846323.82,2137571.77,1758491.8653603618
2023-12-19,1792683.61,1861906.67,2155779.59,1768807.8957888028
2023-12-20,1751655.94,1819384.11,2107273.1,1742834.2485327437
2023-12-21,1766946.72,1835176.56,2124635.24,1760787.9994616935
2023-12-22,1755937.5,1823853.25,2112280.4,1763711.01059424
2023-12-26,1748202.85,1815771.46,2102156.56,1771174.4878979768
2023-12-27,1741566.69,1808832.16,2093695.32,1773708.0781645563
2023-12-28,1722438.62,1789005.65,2070953.78,1774364.6598571748
2023-12-29,1710353.9,1776550.66,2057369.06,1769349.462481473
2024-01-02,1711036.77,1777132.38,2057199.89,1759333.9200607713
2024-01-03,1719361.15,1785725.75,2066882.35,1745230.5453033217
2024-01-04,1736937.69,1803922.27,2087626.59,1739247.2295422277
2024-01-05,1764300.14,1832256.29,2119834.85,1742422.5491707237
2024-01-08,1814493.38,1884138.63,2177643.23,1767016.1975533864
2024-01-09,1841743.31,1912170.26,2208265.85,1764404.7231136137
2024-01-10,1826775.16,1896737.63,2191649.74,1774401.79068393
2024-01-11,1827596.49,1897668.78,2193665.24,1773211.0684639919
2024-01-12,1846038.1,1916903.7,2216811.97,1774542.7066996146
2024-01-16,1819193.42,1889091.65,2184876.6,1767921.2840962873
2024-01-17,1813743.87,1883460.92,2178669.4,1757991.05201413
2024-01-18,1808902.1,1878479.01,2173212.12,1773470.6219993085
2024-01-19,2025397.64,2102608.84,2428793.73,1795308.25740683
2024-01-22,2039305.66,2117100.66,2445952.19,1799247.7475625423
2024-01-23,2078420.53,2157534.96,2491351.41,1804504.0236231752
2024-01-24,2109057.36,2189200.61,2526961.53,1805969.151709132
2024-01-25,2123527.7,2204158.96,2543279.9,1815469.2095788838
2024-01-26,2137441.17,2218608.25,2560059.81,1814285.9135242968
2024-01-29,2168046.6,2250209.89,2595200.71,1827996.063770112
2024-01-30,2217662.77,2301635.82,2654742.3,1826898.0780540693
2024-01-31,2235391.15,2319918.33,2675310.98,1797474.5241775115
2024-02-01,2334361.23,2422472.9,2792660.56,1819931.610450897
2024-02-02,2317875.61,2405492.35,2773558.43,1839376.5716075238
2024-02-05,2467786.33,2560806.23,2951340.34,1833515.6970117292
2024-02-06,2475552.96,2568244.0,2954729.42,1837751.8715295128
2024-02-07,2478136.65,2570494.9,2953403.85,1852897.6263258648
2024-02-08,2507960.83,2601239.8,2986901.8,1853954.858695469
2024-02-09,2580581.29,2676427.43,3072694.67,1864600.900667069
2024-02-12,2659952.8,2758698.71,3167214.87,1862831.4809277055
2024-02-13,2676537.63,2775872.92,3187306.04,1837358.6470178785
2024-02-14,2851128.77,2956547.7,3392225.88,1854960.1079076163
2024-02-15,3098987.79,3213146.06,3684387.73,1865758.2957059196
2024-02-16,2732041.05,2833355.74,3252620.52,1856796.1820091545
2024-02-20,2710043.06,2811202.01,3232695.68,1845645.523045655
2024-02-21,2639460.08,2739012.28,3157994.23,1847978.7879737418
2024-02-22,3084981.88,3200288.47,3683624.62,1887013.4299483483
2024-02-23,2892743.26,3001471.79,3458534.46,1887670.011640967
2024-02-26,2944053.03,3054732.65,3520004.34,1880521.8746756713
2024-02-27,2865785.11,2972662.75,3417612.04,1883730.702611239
2024-02-28,2800937.56,2905132.17,3337523.14,1880607.1850142155
2024-02-29,2880876.5,2987082.95,3424049.68,1890441.0580727942
2024-03-01,2976671.87,3086434.18,3537969.66,1905579.386703795
2024-03-04,3268605.32,3388614.15,3882163.3,1903305.5310985164
2024-03-05,3317536.3,3439413.24,3941095.27,1883904.9458080113
2024-03-06,3391671.6,3516167.08,4028211.97,1893590.2955595697
2024-03-07,3450189.03,3576760.91,4097485.43,1913102.0922043559
2024-03-08,3412728.87,3537984.66,4053322.69,1900612.3688398825
2024-03-11,3287476.62,3408359.3,3906617.01,1898479.4292502888
2024-03-12,3450483.6,3577099.3,4098542.12,1919745.793303736
2024-03-13,3516493.2,3645516.4,4177070.14,1916051.1854786226
2024-03-14,3414184.47,3539604.07,4056750.77,1910550.027087391
2024-03-15,3319283.23,3441437.58,3945388.86,1898164.0889118477
2024-03-18,3194400.16,3312156.26,3798183.13,1910156.8025757566
2024-03-19,3026576.41,3138473.97,3600822.87,1920947.5642087087
2024-03-20,3006168.47,3117382.1,3577086.11,1938052.015397882
2024-03-21,3162490.09,3279296.47,3762077.01,1944324.589355697
2024-03-22,3156322.0,3272814.18,3754010.79,1941598.2810419598
2024-03-25,3280972.56,3401882.58,3901465.59,1935666.7673123383
2024-03-26,3242342.14,3361865.36,3855680.05,1930247.2967399678
2024-03-27,3255153.02,3375220.73,3871432.64,1946906.5402600497
2024-03-28,3233880.86,3353243.05,3846857.6,1949080.233196082
2024-04-01,3290954.31,3412326.17,3914308.24,1945155.595371072
2024-04-02,3222331.92,3341124.86,3832070.05,1931074.4991096754
2024-04-03,3239444.3,3358957.98,3853989.05,1933181.5376835326
2024-04-04,3120721.73,3236011.14,3713529.66,1909337.0263714
2024-04-05,3108521.98,3223399.5,3699188.75,1930529.1287713372
2024-04-08,3073531.02,3187183.82,3657868.83,1929805.8927165437
2024-04-09,3005168.73,3116351.23,3576879.68,1932595.4139987566
2024-04-10,3012516.74,3123862.16,3584734.06,1914318.8965660143
2024-04-11,3088898.05,3202974.71,3675108.44,1928570.6135044997
2024-04-12,3000117.73,3111031.74,3570241.48,1900508.5836509527
2024-04-15,2961422.5,3070959.67,3524618.86,1877661.8953856162
2024-04-16,3137045.01,3252787.34,3731940.13,1873800.4705290815
2024-04-17,3097236.28,3211562.11,3685029.28,1862968.7744237068
2024-04-18,3022454.04,3134154.13,3597105.29,1858855.0410712226
2024-04-19,2645225.8,2743803.33,3153960.45,1842574.169732073
2024-04-22,2665181.77,2764549.87,3178107.51,1858662.141898081
2024-04-23,2768172.91,2871335.0,3300916.04,1880900.2468566038
2024-04-24,2750558.95,2853182.4,3281051.38,1881300.8975335895
2024-04-25,2816955.46,2921901.61,3359281.4,1872691.2550020204
2024-04-26,2955980.74,3065845.13,3523401.46,1891809.827135172
2024-04-29,3029096.99,3141639.6,3610391.17,1897822.8475576702
2024-04-30,2938563.92,3047740.86,3502608.64,1867969.1194687067
2024-05-01,2707557.68,2808616.28,3230416.28,1861551.8258495398
2024-05-02,2818313.84,2923671.45,3364305.95,1878544.8845584483
2024-05-03,2857734.81,2964407.59,3410089.79,1902133.2837289637
2024-05-06,2964950.23,3075445.29,3536700.3,1921774.9477044002
2024-05-07,2962741.5,3073287.33,3535047.05,1924356.717482769
2024-05-08,2977993.0,3089055.21,3552921.17,1924345.4876717506
2024-05-09,2967546.25,3078368.91,3541849.22,1934142.2299035739
2024-05-10,2966361.3,3077110.92,3540035.25,1937332.401862772
2024-05-13,2937202.34,3046946.58,3506004.14,1936864.9156976277
2024-05-14,3031374.88,3144512.12,3617585.66,1946235.106236729
2024-05-15,3279933.67,3401731.06,3909725.94,1969037.0563839753
2024-05-16,3196772.46,3315713.84,3812534.26,1964938.175362193
2024-05-17,3175885.28,3294181.63,3788670.39,1967226.8832981738
2024-05-20,3225891.98,3346036.3,3848360.45,1969029.6302186246
2024-05-21,3235423.35,3356026.95,3860667.22,1973955.8947360984
2024-05-22,3163001.73,3280943.29,3774317.01,1968614.127210937
2024-05-23,3118120.34,3234535.04,3721960.55,1954084.2007607652
2024-05-24,3201282.31,3320670.87,3820342.18,1967764.8274711608
2024-05-28,3180472.47,3299062.33,3795350.8,1968254.411006374
2024-05-29,3106057.01,3222011.55,3707651.12,1953754.1892176066
2024-05-30,3098502.74,3214280.2,3699560.27,1942080.4384118223
2024-05-31,3026226.78,3139539.23,3614862.01,1957671.2197512814
2024-06-03,2980856.41,3092550.92,3561598.7,1959856.1424983323
2024-06-04,2941795.15,3052010.03,3514833.55,1962801.4321269316
2024-06-05,3020138.7,3133195.2,3607710.31,1986056.0161086204
2024-06-06,2961201.75,3072179.74,3538339.25,1985659.1690773026
2024-06-07,2926604.29,3036295.17,3497067.84,1983444.722794832
2024-06-10,2968125.44,3079249.04,3545616.73,1988563.7053594636
2024-06-11,2903913.69,3012640.32,3468863.6,1993953.4712704304
2024-06-12,2926527.09,3036022.76,3495083.19,2010909.3991525841
2024-06-13,3087789.46,3202885.43,3684575.14,2015624.2896465305
2024-06-14,3013162.84,3125552.97,3596115.69,2014830.4144579105
2024-06-17,3095940.04,3211270.88,3693812.26,2030272.853616334
2024-06-18,3166782.89,3284596.47,3777150.74,2035391.8361809659
2024-06-20,3170774.45,3288657.06,3781167.33,2030250.5751202812
2024-06-21,3153903.41,3271229.9,3761734.56,2027079.0591374529
2024-06-24,3036996.55,3150333.11,3624796.75,2020865.713376462
2024-06-25,3082014.58,3196991.62,3678387.18,2028814.9705697442
2024-06-26,3057175.06,3171197.91,3648510.87,2032005.1425289428
2024-06-27,3159407.57,3276953.31,3768370.49,2033848.823921816
2024-06-28,3024418.34,3137255.8,3609632.76,2025543.2919176694
2024-07-01,2988110.36,3099557.5,3566107.26,2030962.7624900402
2024-07-02,3039291.71,3152549.4,3626476.15,2043545.2223584088
2024-07-03,3061308.79,3175350.76,3652494.78,2053935.5144403598
2024-07-05,3038301.92,3151499.6,3625172.85,2065126.9267502972
2024-07-08,3127989.84,3244364.04,3731044.43,2067226.539158804
2024-07-09,3094468.52,3209524.22,3690334.9,2068758.5027329195
2024-07-10,3113881.78,3229611.85,3713075.07,2089876.524605331
2024-07-11,3114492.41,3230395.31,3714899.57,2071562.8763458338
2024-07-12,3156263.06,3273652.73,3764178.29,2082991.7448210192
2024-07-15,3146445.85,3263546.01,3752885.57,2088878.7015585345
2024-07-16,3135321.71,3252193.81,3740887.65,2102225.3319541197
2024-07-17,3007714.34,3120148.62,3591070.73,2072946.4977389136
2024-07-18,2983666.28,3095251.77,3562607.97,2056743.5105729576
2024-07-19,2973510.64,3084708.91,3550489.78,2042057.815776399
2024-07-22,2990478.83,3102389.31,3571256.48,2064095.7765224136
2024-07-23,2954821.72,3065309.83,3528470.12,2060879.7035474794
2024-07-24,2788187.13,2892649.44,3330700.92,2013172.206072828
2024-07-25,2744476.94,2847403.43,3279278.69,2002819.2259436164
2024-07-26,2797709.07,2902682.07,3343398.39,2025031.4298864033
2024-07-29,2762202.91,2865915.94,3301604.26,2026678.4084604671
2024-07-30,2740087.84,2843129.92,3276281.56,2016625.7352130103
2024-07-31,2854248.39,2961457.4,3411891.27,2048475.1093955662
2024-08-01,2776269.54,2880796.31,3320497.81,2020424.309353038
2024-08-02,2624905.74,2723829.39,3139729.96,1983285.1508027776
2024-08-05,2563202.35,2659886.69,3066767.12,1923848.4779711862
2024-08-06,2598155.07,2696102.86,3108016.27,1943768.1703323247
2024-08-07,2362931.01,2452571.52,2830500.28,1928733.8080162376
2024-08-08,2430209.72,2522482.44,2911829.14,1973176.8718781804
2024-08-09,2441101.72,2533802.14,2924851.91,1982394.9165905789
2024-08-12,2519492.85,2614956.16,3017113.46,1982480.226929123
2024-08-13,2572154.51,2669518.86,3079476.17,2015880.2206621643
2024-08-14,2592548.1,2690537.77,3102457.03,2023588.3991705154
2024-08-15,2727715.7,2830666.29,3263260.51,2056235.4521873586
2024-08-16,2739722.47,2843122.35,3277651.6,2060326.9070437902
2024-08-19,2726971.9,2829931.16,3262596.73,2080357.9918851939
2024-08-20,2692634.8,2794360.59,3222013.37,2076229.4062020073
2024-08-21,2711976.41,2814393.31,3244767.68,2085031.947906718
2024-08-22,2654006.19,2754286.27,3175757.45,2066406.7629544474
2024-08-23,2699729.28,2801793.89,3230985.99,2090136.0781406476
2024-08-26,2630459.13,2730177.1,3150040.13,2083544.360198724
2024-08-27,2607274.37,2706216.63,3123079.55,2086868.022008256
2024-08-28,2401073.76,2492703.73,2879592.06,2074396.9546201525
2024-08-29,2401983.44,2493649.69,2881307.65,2074315.2668012916
2024-08-30,2407511.89,2499449.27,2888281.14,2095251.438185596
2024-09-03,2350454.6,2440182.11,2818614.49,2050934.6191346198
2024-09-04,2333351.34,2422507.22,2797861.05,2047647.9070258588
2024-09-05,2346354.67,2436102.1,2818502.58,2041468.0695719393
2024-09-06,2328200.76,2417331.59,2792350.62,2006231.8206113763
2024-09-09,2341136.59,2430842.15,2810170.49,2029464.1260970123
2024-09-10,2335936.21,2425512.43,2806291.1,2038541.2547937257
2024-09-11,2354186.79,2444536.63,2827575.61,2060282.3500516845
2024-09-12,2386865.81,2478504.46,2867206.97,2075724.7892101076
2024-09-13,2408349.39,2500900.83,2893996.87,2086949.7098271172
2024-09-16,2451341.6,2545606.05,2946043.08,2089572.2329519244
2024-09-17,2454824.68,2549239.46,2950036.81,2090125.029455613
2024-09-18,2435927.44,2529627.32,2927167.65,2084071.0745606925
2024-09-19,2455793.79,2550256.57,2951261.08,2119452.043182608
2024-09-20,2448866.8,2543152.81,2944105.44,2115338.12870414
2024-09-23,2472871.66,2568037.89,2972499.86,2121280.691118795
2024-09-24,2491286.68,2587219.2,2995505.94,2126607.606313255
2024-09-25,2466891.92,2561918.07,2966532.78,2122649.4601811734
2024-09-26,2469904.07,2565121.36,2970720.55,2131222.153011971
2024-09-27,2459924.98,2554799.82,2958977.66,2128551.2692493903
2024-09-30,2468879.26,2564093.2,2969303.89,2137568.988623296
2024-10-01,2470279.64,2565536.6,2971236.63,2117638.066451139
2024-10-02,2469328.57,2564489.74,2969360.95,2117931.128293527
2024-10-03,2481609.75,2577171.75,2983419.57,2114370.0103187473
2024-10-04,2500739.07,2597119.96,3007007.22,2133336.4366251957
2024-10-07,2493235.91,2589297.66,2997459.19,2112886.2262564213
2024-10-08,2513901.95,2610818.51,3022513.96,2133358.7151212483
2024-10-09,2515485.45,2612449.16,3024058.34,2148534.1745790043
2024-10-10,2501635.14,2598028.16,3007313.54,2144086.4449117095
2024-10-11,2544574.47,2642745.55,3060204.96,2157062.1292917123
2024-10-14,2526671.5,2624170.42,3038735.53,2173688.045630707
2024-10-15,2513954.95,2610983.76,3023802.48,2157147.439630257
2024-10-16,2536884.35,2634840.73,3051812.14,2167241.047350136
2024-10-17,2539841.49,2637917.7,3055459.7,2166870.1013345546
2024-10-18,2534077.87,2631954.25,3048958.72,2175475.9402204556
2024-10-21,2517916.05,2615099.37,3028876.07,2171510.5490490072
2024-10-22,2488152.15,2584059.82,2992444.43,2170479.3988211234
2024-10-23,2469717.45,2564906.52,2969847.98,2150529.820672597
2024-10-24,2470944.65,2566152.31,2971194.24,2155144.3673713133
2024-10-25,2491377.0,2587395.22,2996024.61,2154499.015489713
2024-10-28,2497238.61,2593520.07,3003315.64,2160211.547904472
2024-10-29,2490053.79,2585966.45,2993619.51,2163698.4042257415
2024-10-30,2470425.25,2565570.2,2970142.64,2156557.693425797
2024-10-31,2510948.33,2608065.78,3022460.24,2116414.0170501135
2024-11-01,2517146.9,2614334.7,3027838.92,2125075.461613155
2024-11-04,2524852.58,2622479.6,3038179.57,2119099.572017412
2024-11-05,2560025.9,2658978.72,3080099.15,2145091.6941238563
2024-11-06,2619608.59,2720985.36,3152353.41,2199353.7787136757
2024-11-07,2629369.78,2731269.89,3165357.48,2215697.6818953166
2024-11-08,2668441.83,2771801.85,3212158.45,2224021.688749849
2024-11-11,2665022.54,2768320.76,3208487.37,2226176.9068354955
2024-11-12,2622119.68,2723893.5,3157968.48,2219737.3347202754
2024-11-13,2600050.72,2701051.08,3132117.58,2220252.819271225
2024-11-14,2571387.24,2671414.43,3098776.67,2206820.878537096
2024-11-15,2518115.74,2616224.46,3035699.34,2177683.1414635596
2024-11-18,2525271.98,2623703.36,3044687.64,2186214.8998219348
2024-11-19,2544022.69,2643183.03,3067250.26,2194880.1480306443
2024-11-20,2543234.53,2642243.63,3065002.53,2194928.3275424335
2024-11-21,2585058.87,2685615.55,3114608.33,2206650.257860007
2024-11-22,2640535.14,2743356.18,3182659.67,2214302.8306912184
2024-11-25,2681566.77,2785985.22,3232165.65,2220991.088782705
2024-11-26,2691016.15,2795737.41,3242793.04,2233699.6123360563
2024-11-27,2668224.92,2771939.27,3214643.84,2225208.7884501033
2024-11-29,2677382.97,2781486.6,3225993.7,2237687.282003558
2024-12-02,2674082.78,2778223.34,3223343.85,2243166.161898737
2024-12-03,2675304.93,2779528.62,3225035.65,2244178.8372762348
2024-12-04,2709078.49,2814528.14,3264884.51,2257759.3013173835
2024-12-05,2686892.54,2791494.3,3238100.81,2253537.798004318
2024-12-06,2688494.34,2792985.12,3238557.62,2259161.397560849
2024-12-09,2644769.77,2747538.72,3185690.21,2245280.626637945
2024-12-10,2666395.07,2770030.55,3212126.13,2238625.8768535303
2024-12-11,2708563.2,2813850.77,3263109.83,2256906.0168059557
2024-12-12,2686277.52,2790793.76,3236912.54,2244687.0767878178
2024-12-13,2678887.44,2783103.88,3227952.33,2244627.6674650093
2024-12-16,2679219.58,2783441.53,3228142.95,2253155.803303702
2024-12-17,2649212.86,2752163.66,3191171.71,2244449.6206225697
2024-12-18,2561496.65,2661116.99,3086226.72,2178254.4128176337
2024-12-19,2563923.98,2663653.84,3089457.85,2176369.978078322
2024-12-20,2556557.99,2656054.27,3081070.21,2200025.2127369964
2024-12-23,2538475.41,2637226.18,3058901.32,2216057.3980998797
2024-12-24,2553186.67,2652509.23,3076488.69,2240528.7864432274
2024-12-26,2553884.34,2653242.15,3077408.63,2239619.8962546587
2024-12-27,2513614.2,2611494.1,3029460.75,2214859.249714591
2024-12-30,2482834.86,2579518.63,2992473.15,2191155.835544127
2024-12-31,2477723.36,2574223.73,2986469.08,2181767.17015464
2025-01-02,2503308.38,2600757.63,3016560.09,2176915.167290676
2025-01-03,2505942.35,2603634.44,3016699.65,2204335.64890829
2025-01-06,2531325.32,2630086.51,3046780.11,2216543.3591154097
2025-01-07,2528860.99,2627587.54,3043992.43,2191931.0547563774
2025-01-08,2541841.6,2641110.36,3059950.32,2195351.2567154723
2025-01-10,2521736.81,2620251.36,3036134.37,2161517.2851243583
2025-01-13,2525511.57,2624049.83,3039512.77,2164922.634752751
2025-01-14,2522440.05,2620790.86,3034971.74,2167404.2418618733
2025-01-15,2551135.07,2650607.09,3069471.52,2207095.465529099
2025-01-16,2563200.44,2663094.39,3083455.42,2202432.558192609
2025-01-17,2565992.23,2666025.93,3087021.37,2224437.191757536
2025-01-21,2667873.05,2771934.8,3210296.57,2243941.562236971
2025-01-22,2664617.59,2768555.82,3206393.36,2257714.744325278
2025-01-23,2694215.83,2799255.83,3241650.83,2269711.0805088696
2025-01-24,2705848.62,2811273.38,3255030.82,2263230.7550472114
2025-01-27,2696858.22,2801946.69,3244667.27,2230231.2308651716
2025-01-28,2709747.99,2815383.22,3260597.79,2250789.211194528
2025-01-29,2722974.62,2829187.81,3277156.21,2240258.003096892
2025-01-30,2754669.68,2862196.08,3315963.7,2252076.2924380447
2025-01-31,2730639.59,2837085.68,3285610.23,2240710.4558053506
2025-02-03,2697009.58,2801987.96,3243731.63,2223661.7914193016
2025-02-04,2736621.63,2843119.29,3291158.41,2239727.485089256
2025-02-05,2770211.8,2877928.81,3330723.63,2248481.8472821773
2025-02-06,2789670.97,2898056.62,3353256.73,2256675.986806059
2025-02-07,2747085.24,2853791.6,3301784.01,2235317.0673747
2025-02-10,2743892.12,2850444.05,3297643.7,2250321.7250293833
2025-02-11,2698254.44,2802925.25,3241746.91,2251085.8955565994
2025-02-12,2708600.01,2813613.81,3253663.3,2244954.237614469
2025-02-13,2770565.48,2878049.27,3328806.67,2268360.7862968775
2025-02-14,2767856.81,2875236.58,3325474.91,2268197.59178514
2025-02-18,2745844.19,2852494.64,3299999.4,2273743.307168477
2025-02-19,2782938.57,2891215.58,3346514.71,2279147.9254101464
2025-02-20,2754154.66,2861400.85,3312806.3,2269269.676485446
2025-02-21,2601852.97,2703245.47,3129838.53,2230546.5712036127
2025-02-24,2595548.02,2696616.43,3121449.18,2219462.747728273
2025-02-25,2543996.65,2642552.87,3054477.46,2209076.2592919893
2025-02-26,2547332.6,2645715.72,3055510.65,2209376.7472997284
2025-02-27,2465011.78,2560186.84,2956461.52,2174325.971346956
2025-02-28,2490802.9,2586811.46,2986678.21,2208798.049780303
2025-03-03,2452579.54,2547062.71,2940059.97,2169930.4059631024
2025-03-04,2413006.61,2506120.59,2897572.79,2143381.683707301
2025-03-05,2414514.67,2507758.96,2900314.12,2167300.27554696
2025-03-06,2365238.31,2456666.92,2838769.91,2128681.1365800407
2025-03-07,2348393.48,2439254.29,2818829.43,2140432.7715590186
2025-03-10,2266472.69,2354328.98,2716896.05,2082698.6829786312
2025-03-11,2281490.95,2370001.52,2740539.95,2066937.0998360992
2025-03-12,2343438.99,2434397.21,2817194.46,2077037.952595345
2025-03-13,2296445.39,2385730.28,2770115.21,2048185.8511988458
2025-03-14,2340447.86,2431432.74,2822435.96,2091742.3033682732
2025-03-17,2379254.92,2471766.35,2871343.0,2105163.195417368
2025-03-18,2314427.2,2404519.59,2799350.73,2082735.8138053862
2025-03-19,2383135.48,2475873.72,2883252.43,2105226.227259859
2025-03-20,2366104.02,2458260.37,2862217.69,2100626.532891845
2025-03-21,2416229.01,2510423.09,2918814.81,2102358.821804453
2025-03-24,2453424.14,2549076.47,2960731.67,2139457.045882291
2025-03-25,2470646.05,2566994.11,2983258.06,2142825.264683929
2025-03-26,2467866.53,2564197.39,2979745.53,2118917.902655289
2025-03-27,2483379.01,2580393.58,3005272.38,2111910.681705678
2025-03-28,2464047.29,2560462.96,2986632.48,2070227.4344645436
2025-03-31,2500343.23,2598216.1,3037442.86,2081693.433766484
2025-04-01,2504427.67,2602549.54,3041046.73,2089564.8067865733
2025-04-02,2543377.09,2643113.29,3089460.25,2103623.805677901
2025-04-03,2491879.33,2589953.05,3024686.68,2001817.5992511527
2025-04-04,2384335.5,2478545.95,2877355.58,1882209.7877221578
2025-04-07,2374119.56,2468065.92,2847509.74,1877821.4673776708
2025-04-08,2339141.22,2431912.11,2810345.11,1848338.685304289
2025-04-09,2458085.05,2555397.29,2981299.8,2024215.2762017304
2025-04-10,2437653.47,2534432.87,2978645.89,1954162.0849339587
2025-04-11,2478299.86,2576745.73,3043672.3,1989516.971414154
2025-04-14,2497474.01,2596745.18,3061390.75,2005323.111548792
2025-04-15,2492196.2,2591346.49,3059214.03,2001858.352597591
2025-04-16,2465349.65,2563597.0,3055616.19,1956999.9668539448
2025-04-17,2483910.19,2582970.25,3073721.02,1959596.5889630157
2025-04-21,2446492.38,2544279.06,3057161.13,1913413.8100231136
2025-04-22,2498482.58,2598288.88,3105359.42,1961473.4164109922
2025-04-23,2516597.63,2617193.63,3104814.18,1994153.796608923
2025-04-24,2502565.75,2602816.29,3101494.61,2034553.5851262242
2025-04-25,2517352.66,2618345.36,3109933.4,2049554.6202612233
2025-04-28,2535445.46,2637226.0,3144176.51,2050867.7836464609
2025-04-29,2550209.25,2652624.44,3152560.89,2062767.7608064744
2025-04-30,2552636.81,2655253.07,3148555.73,2065820.639269671
2025-05-01,2543950.49,2646336.31,3119288.49,2078833.454476429
2025-05-02,2576108.65,2679846.88,3159239.78,2109447.549446941
2025-05-05,2594009.41,2698587.65,3211184.99,2095985.9040514077
2025-05-06,2570604.66,2674428.59,3212406.62,2079860.9821846292
2025-05-07,2571600.5,2675608.24,3197473.02,2088900.7989286035
2025-05-08,2507059.06,2608711.26,3098719.54,2101015.953757812
2025-05-09,2508495.31,2610346.09,3107877.54,2099521.121010451
2025-05-12,2533611.53,2636485.05,3125558.2,2167878.9730663854
2025-05-13,2528039.51,2630683.26,3118602.87,2183592.1955711436
2025-05-14,2513088.66,2615143.15,3098173.91,2185829.1014756514
2025-05-15,2553934.52,2657570.42,3148847.67,2194861.673180259
2025-05-16,2622253.38,2728535.19,3229964.81,2210237.2768505234
2025-05-19,2636294.27,2743168.45,3247477.04,2212173.694747292
2025-05-20,2614965.76,2721078.86,3222650.23,2203589.9532314595
2025-05-21,2580447.15,2685248.77,3181351.14,2168034.741412772
2025-05-22,2551356.52,2655006.2,3145871.85,2167070.245547063
2025-05-23,2560869.84,2664992.78,3158845.02,2152532.89293154
2025-05-27,2577565.41,2682283.51,3178305.44,2196571.6835968145
2025-05-28,2572319.94,2676822.05,3171757.31,2184334.087602307
2025-05-29,2564903.86,2669150.01,3163345.88,2193095.875960579
2025-05-30,2599953.84,2705549.21,3205479.5,2192917.829118139
2025-06-02,2628068.14,2734826.8,3240352.7,2201913.2699959916
2025-06-03,2600980.55,2706670.78,3207464.02,2214685.0065178187
2025-06-04,2607727.64,2713688.21,3215680.93,2214848.2010295563
2025-06-05,2604040.86,2709825.69,3210722.81,2203159.59789307
2025-06-06,2618220.65,2724540.9,3227665.3,2225809.5833395976
2025-06-09,2603322.65,2709082.56,3209995.12,2227857.2125906465
2025-06-10,2617134.12,2723439.06,3226844.86,2240072.5300891013
2025-06-11,2602945.89,2708680.75,3209417.72,2233926.019816269
2025-06-12,2599786.59,2705439.95,3206196.68,2242465.023214012
2025-06-13,2585876.25,2691016.32,3189741.29,2217133.2864458538
2025-06-16,2624521.82,2731121.93,3235821.98,2237958.0653498927
2025-06-17,2617414.2,2723766.6,3227595.01,2219266.2260354473
2025-06-18,2637464.96,2744574.3,3251478.0,2218579.9396814248
2025-06-20,2648657.96,2756223.07,3265266.41,2213746.411667846
2025-06-23,2712361.59,2822397.62,3342125.31,2235012.775721294
2025-06-24,2704347.1,2814020.1,3331840.6,2259869.9624109245
2025-06-25,2688623.69,2797692.48,3312954.33,2259862.5362455733
2025-06-26,2686785.32,2795801.48,3311055.01,2277986.907851612
2025-06-27,2701271.77,2810769.94,3327371.82,2289875.655200607
2025-06-30,2726960.84,2837528.5,3359407.42,2301701.5518330946
2025-07-01,2709134.6,2819034.72,3338247.84,2299127.0270940927
2025-07-02,2710419.78,2820391.29,3340146.34,2310036.6073726607
2025-07-03,2730797.5,2841544.2,3364542.63,2329299.8991671647
2025-07-07,2716989.35,2827180.07,3347572.18,2310986.250907668
2025-07-08,2668336.06,2776600.67,3288321.05,2309331.8461682526
2025-07-09,2681650.77,2790450.72,3304662.85,2323331.2546107885
2025-07-10,2685277.45,2794226.37,3309204.64,2329711.5985291847
2025-07-11,2679312.66,2788081.43,3302750.39,2322029.3210365693
2025-07-14,2721037.89,2831422.01,3353000.97,2325297.377168961
2025-07-15,2686594.61,2795639.82,3311390.13,2316097.807306948
2025-07-16,2723024.0,2833475.91,3355230.29,2323494.6302485103
2025-07-17,2756474.08,2868199.36,3395259.6,2335980.549967316
2025-07-18,2722438.02,2832839.09,3354091.85,2335769.175943789
2025-07-21,2727653.14,2838285.73,3360778.02,2339037.23207618
2025-07-22,2733148.95,2843978.96,3367164.03,2340528.4423038573
2025-07-23,2737324.11,2848327.49,3372371.57,2358812.3859019503
2025-07-24,2730549.9,2841245.3,3363497.22,2360459.3644760144
2025-07-25,2724043.37,2834461.3,3355316.62,2369840.6037001503
2025-07-28,2720985.16,2831251.67,3351163.64,2370259.7292275215
2025-07-29,2698714.44,2808116.89,3324291.12,2363245.0821125596
2025-07-30,2706313.59,2815922.95,3332189.19,2360292.366318609
2025-07-31,2735018.62,2845769.24,3367465.2,2351571.512432759
2025-08-01,2752533.12,2864039.0,3389329.89,2313964.867717354
2025-08-04,2795769.7,2908982.11,3441625.92,2348066.00013512
2025-08-05,2778709.16,2891303.15,3421738.29,2336659.4101559874
2025-08-06,2821192.88,2935597.31,3475549.08,2353674.747360949
2025-08-07,2822225.25,2936657.63,3476589.88,2351797.7387869884
2025-08-08,2816728.91,2930993.7,3470535.53,2370141.0917078895
2025-08-11,2825316.43,2939902.86,3480763.52,2364205.9554585847
2025-08-12,2840566.25,2955764.64,3499497.91,2391028.90245442
2025-08-13,2852230.11,2967896.84,3513834.67,2398752.114419458
2025-08-14,2830330.88,2945140.7,3487227.09,2399479.154119919
2025-08-15,2846682.28,2962133.07,3507065.63,2392527.5388474483
2025-08-18,2852076.54,2967725.32,3513396.84,2392286.4601625167
2025-08-19,2869557.39,2985843.0,3533851.01,2378272.1993892794
2025-08-20,2888001.36,3005044.59,3556695.6,2372489.027840694
2025-08-21,2886787.53,3003782.58,3555225.01,2362989.1510969265
2025-08-22,2878309.45,2995026.77,3545738.73,2398874.555584757
2025-08-25,2856480.28,2972376.73,3519752.49,2388640.0318491934
2025-08-26,2874746.36,2991366.5,3542045.21,2398514.65825421
2025-08-27,2880500.48,2997363.38,3549270.18,2404249.469165022
2025-08-28,2868430.45,2984851.99,3535073.3,2411839.0101537416
2025-08-29,2843976.99,2959486.85,3506051.89,2396407.6196803525
2025-09-02,2836150.61,2951408.88,3496699.71,2379819.015294097
2025-09-03,2831682.41,2946836.22,3493685.29,2391956.267493374
2025-09-04,2865025.87,2981548.49,3532961.96,2411920.6979726027
2025-09-05,2861340.07,2977763.5,3532564.15,2404286.599991777
2025-09-08,2905750.04,3023887.62,3585708.2,2409349.9768792684
2025-09-09,2909665.51,3027887.13,3589348.52,2415826.6798212435
2025-09-10,2922503.61,3041161.53,3603966.25,2423034.226109347
2025-09-11,2957294.11,3077347.08,3646630.93,2443595.828958386
2025-09-12,2939601.82,3058976.0,3625357.88,2442416.155423483
2025-09-15,2952901.43,3072808.49,3641723.83,2453911.678260843
2025-09-16,2939079.61,3058462.86,3625236.3,2450751.2109630485
2025-09-17,2934118.13,3053313.22,3619285.24,2448373.5701688402
2025-09-18,2931707.9,3050827.02,3616789.77,2460099.1230060975
2025-09-19,2925451.61,3044309.19,3608960.81,2472117.737685743
2025-09-22,2940445.08,3059923.74,3627647.58,2483019.8917989596
2025-09-23,2931710.74,3050894.84,3617710.49,2469357.9210649338
2025-09-24,2937397.64,3056777.63,3624244.01,2462328.602745254
2025-09-25,2922421.66,3041307.63,3607388.75,2449994.6477271677
2025-09-26,2929824.03,3049030.05,3616853.84,2464454.116169497
2025-09-29,2946287.44,3066183.0,3637456.21,2470949.2939618574
2025-09-30,2955378.4,3075603.05,3648116.52,2481057.5728864544
2025-10-01,2924795.57,3043832.65,3611127.8,2489492.972221251
2025-10-02,2928991.13,3048187.05,3616196.68,2491032.361960718
2025-10-03,2931474.35,3050800.79,3619679.33,2491195.5564724556
2025-10-06,2919411.1,3038281.31,3605299.48,2500279.930208536
2025-10-07,2918234.69,3037071.47,3604066.74,2490750.348803364
2025-10-08,2931563.74,3050903.95,3620078.31,2505265.604048818
2025-10-09,2900153.46,3018150.3,3580374.94,2498362.1682881364
2025-10-10,2886272.04,3003798.11,3564486.96,2430627.38961775
2025-10-13,2951084.3,3071108.79,3642604.84,2468541.948506245
2025-10-14,2939232.17,3058820.51,3628691.97,2464680.342523726
2025-10-15,2926901.05,3046107.97,3615083.87,2474603.1484405324
2025-10-16,2894725.67,3012700.11,3576432.52,2459027.0383057906
2025-10-17,2909584.85,3028102.79,3593870.74,2471987.870355092
2025-10-20,2902801.59,3021114.24,3586519.97,2498369.5944534875
2025-10-21,2855973.58,2972363.44,3528365.91,2498451.2822723486
2025-10-22,2836689.28,2952368.02,3505592.9,2485115.700561798
2025-10-23,2846507.95,2962580.67,3517744.71,2499597.4475001805
2025-10-24,2829240.21,2944670.67,3497286.47,2519350.3228298975
2025-10-27,2863519.2,2980162.63,3537031.27,2550313.266445922
2025-10-28,2846341.57,2962311.18,3516179.11,2556148.240025981
2025-10-29,2824847.42,2939927.0,3489425.8,2556036.8475457155
2025-10-30,2797061.32,2911181.09,3457595.46,2530719.781982275
2025-10-31,2827142.11,2942456.43,3494289.84,2537345.0082312706
2025-11-03,2815592.75,2930483.17,3480668.05,2541711.0500797047
2025-11-04,2795703.78,2909817.98,3456509.13,2511879.41936081
2025-11-05,2796646.77,2910833.35,3458416.67,2521056.7107267696
2025-11-06,2775075.98,2888416.88,3432105.01,2492875.862227607
2025-11-07,2803024.02,2917421.28,3465372.7,2496021.477194699
2025-11-10,2824856.87,2940184.98,3492896.39,2534462.7504451624
2025-11-11,2828550.27,2944028.63,3497436.3,2539722.649025479
2025-11-12,2838317.13,2954225.67,3509992.25,2541321.4480877537
2025-11-13,2802916.87,2917447.96,3467137.79,2499245.157460969
2025-11-14,2806387.33,2920972.85,3470268.81,2497991.2222725553
2025-11-17,2788521.61,2902349.27,3447858.4,2475103.961786764
2025-11-18,2788801.31,2902718.91,3449319.53,2454668.4226227077
2025-11-19,2798841.28,2913077.73,3460494.6,2463882.844815423
2025-11-20,2758928.28,2871679.73,3413162.18,2425526.8819035036
2025-11-21,2773406.8,2886749.55,3431093.23,2449352.9183652513
2025-11-24,2760131.1,2872980.47,3415449.05,2487237.591466358
2025-11-25,2806026.98,2920709.69,3471637.31,2509776.18443262
2025-11-26,2849078.2,2965420.82,3523531.14,2527110.4844957064
2025-11-28,2857293.67,2973991.08,3533977.03,2540642.5878990814
2025-12-01,2837904.78,2953896.5,3510592.29,2527117.910661057
2025-12-02,2862244.51,2979227.48,3535464.78,2533327.633902365
2025-12-03,2858574.04,2975516.12,3530564.67,2540876.4215446464
2025-12-04,2876823.28,2994445.78,3551519.47,2543621.3858347526
2025-12-05,2873109.69,2990580.0,3547167.27,2548547.4692262425
2025-12-08,2837681.92,2953814.84,3504829.47,2539685.518198724
2025-12-09,2807513.83,2922486.07,3468607.09,2537459.8421052345
2025-12-10,2837639.39,2953662.4,3503466.58,2554586.5717904614
2025-12-11,2859146.98,2976069.43,3530206.38,2559898.4535282347
2025-12-12,2821504.99,2937039.43,3485437.5,2532600.594201904
2025-12-15,2806883.75,2921814.16,3467198.4,2528557.137731278
2025-12-16,2792516.76,2906881.33,3449797.54,2522529.2649780773
2025-12-17,2749277.75,2862102.22,3399584.26,2493287.7427156107
2025-12-18,2759323.85,2872486.0,3410712.03,2513070.141580748
2025-12-19,2777674.91,2891505.46,3432077.85,2535230.543492062
2025-12-22,2821234.78,2936793.34,3485055.69,2551548.5456579663
2025-12-23,2813395.79,2928688.08,3476144.9,2563159.0834952747
2025-12-24,2831352.85,2947339.72,3497774.82,2571416.2548616477
2025-12-26,2821397.97,2936982.27,3485534.89,2570633.609484046
2025-12-29,2809338.22,2924385.44,3470100.86,2561656.8245825632
2025-12-30,2790901.89,2905248.77,3448022.54,2558132.8374345386
2025-12-31,2764766.87,2878076.42,3416220.91,2539310.949663459
2026-01-02,2808481.91,2923473.3,3467871.14,2544122.1991809844
2026-01-05,2832776.5,2948843.34,3506122.29,2560287.8743942017
2026-01-06,2869157.18,2986733.39,3554232.23,2576153.242725664
2026-01-07,2862062.49,2979405.43,3542591.77,2567291.4728241293
2026-01-08,2814044.16,2929599.79,3485415.18,2567487.9945169543
2026-01-09,2819227.18,2935038.83,3492124.49,2584113.729729965
2026-01-12,2826057.14,2942179.27,3500996.76,2588190.5133816786
2026-01-13,2831221.96,2947516.25,3506715.39,2583171.693486293
2026-01-14,2836767.74,2953334.09,3514455.85,2569394.707752319
2026-01-15,2829195.29,2945437.82,3504794.76,2576023.5565209975
2026-01-16,2865213.13,2982801.79,3547389.97,2574368.970655598
2026-01-20,2833091.25,2949465.82,3509410.6,2521268.084750297
2026-01-21,2835178.02,2951661.43,3512200.55,2550483.8871230115
2026-01-22,2854649.37,2972014.18,3538161.41,2564479.6730458634
2026-01-23,2819309.49,2935258.33,3494885.47,2565317.9241006053
2026-01-26,2825578.48,2941753.17,3502255.14,2578160.1186302747
2026-01-27,2833176.33,2949599.94,3510795.84,2588683.9005625593
2026-01-28,2804001.77,2919216.92,3474509.37,2588472.345413048
2026-01-29,2803482.59,2918628.56,3473090.44,2585126.405107463
2026-01-30,2802409.95,2917418.29,3470357.01,2574005.450805368
2026-02-02,2831201.27,2947235.23,3503533.71,2587882.5992085882
2026-02-03,2881956.8,3000062.21,3567088.24,2566134.0777852787
2026-02-04,2855886.58,2973047.49,3536288.48,2553117.640058837
2026-02-05,2857293.47,2974499.35,3537485.65,2521839.356104371
2026-02-06,2961691.6,3083035.4,3665292.99,2571508.991365543
2026-02-09,2980263.36,3102349.93,3688534.95,2583572.1630372945
2026-02-10,2942851.01,3063463.24,3642723.8,2575036.7821592353
2026-02-11,2921707.05,3041392.76,3616003.8,2574910.7184742526
2026-02-12,2907081.03,3026082.83,3596082.49,2534585.0104844775
2026-02-13,2917405.27,3036907.67,3610409.71,2535849.9943579254
2026-02-17,2951477.79,3072212.54,3649332.05,2538465.2724433662
2026-02-18,2964727.58,3086107.76,3667417.58,2552594.548216552
2026-02-19,2985063.12,3107242.07,3691868.3,2545390.8055741163
2026-02-20,2994096.06,3116724.4,3704304.75,2563055.1171803614
2026-02-23,3004904.87,3128014.58,3718930.97,2536436.118042702
2026-02-24,3058535.7,3183668.93,3782343.29,2555843.948372574
2026-02-25,3045362.94,3169980.82,3766374.62,2576639.2037411933
2026-02-26,3058841.32,3184043.23,3783673.3,2562814.03849543
2026-02-27,3089453.46,3215932.61,3822249.92,2551693.084193335
2026-03-02,3118868.73,3246558.62,3858693.69,2552709.5632165004
2026-03-03,3062580.58,3188006.82,3789528.05,2528601.6947233835
2026-03-04,3049904.12,3174886.33,3774780.15,2548213.654037416
2026-03-05,2994311.92,3117090.75,3707115.37,2533824.643602929
2026-03-06,2978294.4,3100609.23,3690028.04,2500183.571184957
2026-03-09,3015283.25,3138970.23,3733935.82,2520945.499372489
2026-03-10,3023479.25,3147462.41,3743385.86,2515562.9785008887
2026-03-11,3020454.71,3144309.38,3739614.93,2513455.9399270318
2026-03-12,2989309.06,3111954.06,3702408.52,2475181.8459599577
2026-03-13,2883713.84,3002302.3,3575509.63,2460184.4333446412
2026-03-16,2919366.71,3039302.58,3617985.43,2485108.2743964475
2026-03-17,2960614.28,3082109.76,3667281.58,2491306.7678267364
2026-03-18,2926856.32,3046856.74,3623648.76,2457406.1418734477
2026-03-19,2900400.28,3019090.6,3587957.65,2450651.2294197865
2026-03-20,2885018.41,3002986.67,3567679.28,2413552.8242159644
2026-03-23,2910878.02,3029641.07,3595923.49,2441195.72854214
2026-03-24,2952818.2,3073175.12,3646180.33,2432059.371648603
2026-03-25,2980225.43,3101740.08,3680421.89,2445239.0038867826
2026-03-26,2931680.66,3051227.81,3620968.3,2402676.7522444683
2026-03-27,2884368.88,3002258.04,3566355.46,2362499.567561713
2026-03-30,2856786.89,2973693.87,3534605.93,2353177.7376603847
2026-03-31,2915732.02,3034996.98,3606666.79,2421728.4888894605
2026-04-01,2955038.88,3075930.99,3654874.51,2439088.689968283
2026-04-02,2986768.73,3108914.2,3683742.23,2441822.605573355
2026-04-06,2986436.25,3108620.36,3681114.33,2452632.023182677
2026-04-07,3003557.32,3126536.15,3707054.27,2454494.1794259357
2026-04-08,3038299.77,3162689.53,3751900.89,2516056.3656817703
2026-04-09,3055849.43,3180981.79,3776561.32,2531580.492659054
2026-04-10,3061187.95,3186536.99,3782339.12,2528698.2348729465
2026-04-13,3096386.06,3223201.22,3826204.2,2554423.3772787233
2026-04-14,3107927.3,3235226.81,3841032.17,2584521.806572301
2026-04-15,3098411.44,3225339.72,3829535.17,2605135.392578798
2026-04-16,3104401.98,3231584.18,3837146.78,2611934.6808985802
2026-04-17,3128107.24,3256212.58,3866065.95,2643383.5855301353
2026-04-20,3101666.89,3228775.9,3834377.87,2637107.207926653
2026-04-21,3105223.98,3232259.28,3835645.74,2620366.27658771
2026-04-22,3165166.47,3294318.8,3904939.08,2647775.5283943056
2026-04-23,3214585.87,3345650.41,3964676.22,2636832.62093465
2026-04-24,3214265.88,3345341.27,3964697.69,2657857.9063031664
2026-04-27,3203054.04,3333736.28,3951690.88,2661133.3886009087
2026-04-28,3192117.88,3322365.77,3938292.03,2648109.343583132
2026-04-29,3196630.1,3327075.54,3943773.62,2647052.292339512
2026-04-30,3238810.47,3370876.74,3994451.53,2674153.4488470335
2026-05-01,3256110.89,3388946.5,4016321.07,2681984.249646669
2026-05-04,3277014.79,3410559.13,4039803.86,2671089.5216988022
2026-05-05,3339519.67,3475540.42,4116390.97,2692778.8149252883
2026-05-06,3377032.7,3514624.94,4164096.69,2732061.961750177
2026-05-07,3280793.34,3414742.93,4048636.75,2721671.669668226
2026-05-08,3309030.35,3444132.07,4083794.34,2744603.668272107
2026-05-11,3365403.85,3502666.77,4151567.93,2749763.404183177
2026-05-12,3350289.8,3486953.85,4132770.87,2745356.608988304
2026-05-13,3367177.3,3504517.84,4153471.67,2761414.876492908
2026-05-14,3352110.31,3488770.61,4133427.33,2782555.176861373
2026-05-15,3290228.81,3424483.86,4058316.61,2748153.5564358677
2026-05-18,3289761.31,3424136.92,4059499.4,2746131.828200555
2026-05-19,3253797.05,3386652.38,4014038.3,2727792.2789253215
2026-05-20,3281681.17,3415651.23,4048793.47,2757230.6851325817
2026-05-21,3274053.79,3407690.66,4039196.85,2761960.246831246
2026-05-22,3296282.19,3430805.25,4066429.63,2772253.998763634
2026-05-26,3339167.93,3475321.29,4118435.87,2789187.648149735
2026-05-27,3269961.89,3403426.41,4034748.34,2789647.527023544
2026-05-28,3239117.76,3371468.67,3998522.5,2805698.368362797
2026-05-29,3178388.99,3308455.85,3926265.1,2811793.076604156
2026-06-01,3098063.89,3224903.6,3827633.91,2819174.866089032
2026-06-02,3088823.98,3215181.28,3814987.41,2822817.490756688
2026-06-03,3132261.19,3260304.14,3867774.68,2802007.5641833507
2026-06-04,3130643.25,3258671.82,3866423.33,2813369.597170377
2026-06-05,3064439.52,3189762.95,3783873.07,2738969.020030542
2026-06-08,3046674.54,3171267.23,3761988.44,2747126.028727668
2026-06-09,3074209.11,3199911.26,3795874.72,2740048.3497702144
2026-06-10,3093748.26,3219936.87,3814882.55,2695661.0727113965
2026-06-11,3175470.79,3304948.04,3915971.27,2742886.0505642164
2026-06-12,3217978.97,3349113.42,3967722.23,2756670.4624635414
2026-06-15,3271881.65,3405198.41,4034799.08,2802233.79053758
2026-06-16,3196812.4,3327165.07,3943092.58,2786305.3903636266
2026-06-17,3199488.12,3329697.3,3942965.21,2752456.5664418107
2026-06-18,3248416.07,3380372.51,4000461.14,2782310.2945307745
2026-06-22,3235763.78,3367097.55,3983448.19,2772001.6902676844
2026-06-23,3185202.87,3314711.33,3923672.24,2732188.0254351594
2026-06-24,3162933.89,3291362.88,3894075.25,2729502.4704678613
2026-06-25,3203192.12,3333173.73,3943152.64,2729231.687121526
2026-06-26,3144803.42,3272645.05,3873789.81,2727944.424752025
2026-06-29,3190105.26,3319527.69,3926440.47,2759997.927918741
2026-06-30,3289466.98,3422665.92,4045655.63,2781857.6606963314
2026-07-01,3249246.13,3381064.89,3998337.18,2775874.3449352374
2026-07-02,3219259.82,3350052.05,3970410.25,2775878.148580905
2026-07-06,3250444.95,3382290.92,4005861.54,2795979.691430151
2026-07-07,3191725.44,3321507.79,3937125.9,2783523.295246765
2026-07-08,3154426.04,3282633.21,3890023.05,2775681.445762096
2026-07-09,3192566.89,3322331.25,3937484.01,2798283.251696834
2026-07-10,3189347.52,3318948.62,3932979.79,2810060.7876915475
2026-07-13,3160977.82,3289479.32,3898133.45,2787785.370780285
2026-07-14,3157223.48,3285514.86,3892569.51,2798264.595720464
2026-07-15,3141436.05,3269246.89,3875282.01,2808951.5721644866
2026-07-16,3136009.62,3263625.63,3868499.16,2794621.9710528073
2026-07-17,3157690.05,3286090.09,3893803.14,2766400.369207206
2026-07-20,3175617.81,3304617.64,3914267.74,2761054.979162361
2026-07-21,3213187.4,3343697.85,3960996.41,2785507.8926553233
2026-07-22,3176593.02,3305905.22,3919603.54,2781709.3185152956
2026-07-23,3192546.56,3322470.15,3938307.38,2748079.294782358
2026-07-24,3158670.18,3287394.78,3898438.66,2749444.4413250526
2026-07-27,3155308.19,3284055.43,3896656.6,2749889.648994144
2026-07-28,3135161.09,3263452.07,3876428.39,2755676.261936429
2026-07-29,3084298.31,3210602.35,3814842.7,2713896.6556717157
2026-07-30,3133832.13,3261684.51,3870244.04,2758959.1703995224
2026-07-31,3132896.57,3260394.77,3865193.71,2778281.871516834
2026-08-03,3123982.82,3251057.14,3853628.05,2819375.1914275247
2026-08-04,3156632.13,3284896.95,3892756.2,2869831.2757119653
2026-08-05,3125504.13,3252636.4,3855936.45,2865020.0261944397
2026-08-06,3084519.28,3210089.73,3806453.48,2859978.9278030014
2026-08-07,3046856.82,3170845.71,3759307.35,2877665.699031284
2026-08-10,3043666.76,3167422.76,3753623.75,2875985.2121501486
2026-08-11,3035681.55,3159039.93,3742859.94,2866745.0700676814
2026-08-12,3122639.84,3249338.84,3847838.58,2874275.201733593
2026-08-13,3146201.02,3273869.53,3877010.16,2893004.3530007773
2026-08-14,3178133.27,3307059.65,3915887.16,2888096.5633336892
2026-08-17,3206952.6,3336836.32,3948810.82,2872999.1691751103
2026-08-18,3131419.34,3258472.08,3858370.9,2853227.6378690237
2026-08-19,3077105.37,3202170.24,3793947.11,2859244.461937189
2026-08-20,3062145.38,3186608.73,3775668.91,2834457.914381385
2026-08-21,3147011.72,3275008.75,3881662.66,2846777.0170687693
2026-08-24,3193378.88,3323241.5,3938845.5,2838797.8740880988
2026-08-25,3160888.13,3289594.11,3900909.07,2847396.467934633
