symbol,sector,entry_date,exit_date,sim_entry_price,raw_entry_price,sim_exit_price,raw_exit_price,return_pct,holding_days,exit_reason,max_favorable_pct,max_adverse_pct,model
RGL,Diamond  &  Jewellery,2018-03-09,2018-03-09,61.835163589309715,61.68096118634386,58.4504208442091,58.59691312702666,-5.473815461346629,0,STOP_LOSS_INTRADAY,0.8540301387139971,-5.108696952755925,Model 0 Baseline
STARCEMENT,Construction Materials,2018-03-09,2018-03-09,121.37104524540246,121.0683743096284,114.72741820516161,115.01495559414697,-5.473815461346622,0,STOP_LOSS_INTRADAY,0.2810104099119482,-6.6238456827429,Model 0 Baseline
ALKALI,Chemicals,2018-03-12,2018-03-15,69.0044811474922,68.83240014712439,65.22730318941875,65.39078013976817,-5.473815461346635,3,STOP_LOSS_INTRADAY,1.2500134255924455,-5.000015446526287,Model 0 Baseline
CARERATING,Miscellaneous,2018-03-12,2018-03-16,1064.1616732702819,1061.5079035115032,1005.9114270650882,1008.432508335928,-5.473815461346627,4,STOP_LOSS_INTRADAY,0.36289964603188124,-5.417888007621254,Model 0 Baseline
KELLTONTEC,Diversified / Other,2018-03-16,2018-03-16,11.077580571711046,11.049955682504784,10.471214253633596,10.497457898379544,-5.473815461346635,0,STOP_LOSS_INTRADAY,0.9008957149438338,-5.045048651994294,Model 0 Baseline
SURYAROSNI,Diversified,2018-03-09,2018-03-19,91.9970140635852,91.76759507589546,95.16813970404677,95.40665634490904,3.4469875709985485,6,DAILY_CLOSE_BELOW_EMA21,7.573901019370181,-3.6453171903863892,Model 0 Baseline
DELTACORP,Services,2018-03-13,2018-03-19,297.6885365085782,296.946171080876,281.39361537051514,282.0988625268322,-5.473815461346625,4,STOP_LOSS_INTRADAY,1.5949979995357573,-7.896790757839395,Model 0 Baseline
ARVIND,Textiles,2018-03-09,2018-03-20,135.85616483711289,135.5173714085914,127.59184399524173,127.9116230528739,-6.083140100252208,7,STOP_LOSS_GAP_DOWN,1.633827133358098,-5.6123788977472095,Model 0 Baseline
MANINDS,Infrastructure,2018-03-09,2018-03-20,106.08786517690902,105.82330690963494,107.3862209347967,107.65535933312951,1.2238494532080337,7,DAILY_CLOSE_BELOW_EMA21,9.851604977319012,-0.08244526051079919,Model 0 Baseline
NDTV,Media & Entertainment,2018-03-12,2018-03-20,44.11,44.0,43.141875,43.25,-2.1947970981636833,6,DAILY_CLOSE_BELOW_EMA21,6.590912558815696,-4.545454545454546,Model 0 Baseline
IFBIND,Consumer Durables,2018-03-09,2018-03-20,1342.2973260498047,1338.949951171875,1268.822447479248,1272.0024536132812,-5.473815461346638,7,STOP_LOSS_INTRADAY,3.0658389278999714,-5.448295592230896,Model 0 Baseline
LALPATHLAB,Healthcare,2018-03-09,2018-03-20,420.67763090376224,419.62855950499977,397.6505137009254,398.64713152974974,-5.47381546134663,7,STOP_LOSS_INTRADAY,3.8590629587918985,-5.307623759348594,Model 0 Baseline
KABRAEXTRU,Capital Goods,2018-03-09,2018-03-21,113.72114430252446,113.43755042645833,107.49625872287257,107.7656729051354,-5.47381546134663,8,STOP_LOSS_INTRADAY,1.6406757629036077,-5.202078586005397,Model 0 Baseline
MOREPENLAB,Healthcare,2018-03-22,2018-03-23,32.59219487462332,32.51091758067164,29.99617495853542,30.071353341890145,-7.965158302699001,1,STOP_LOSS_GAP_DOWN,1.3782448000362681,-7.503830775394235,Model 0 Baseline
ASAHIINDIA,Construction Materials,2018-03-09,2018-03-23,336.66325348963096,335.823694253996,318.23492826744297,319.0325095412962,-5.473815461346622,10,STOP_LOSS_INTRADAY,3.381994211369964,-5.188620449709017,Model 0 Baseline
SALZERELEC,Electricals,2018-03-09,2018-03-23,193.09359410585154,192.6120639459866,182.52400709681555,182.98146074868725,-5.473815461346619,10,STOP_LOSS_INTRADAY,4.504057646213452,-5.439324902193535,Model 0 Baseline
ARVIND,Textiles,2018-03-21,2018-03-23,132.50127058059107,132.1708434719113,125.24839554506995,125.56230129831573,-5.47381546134662,2,STOP_LOSS_INTRADAY,1.5217365995764072,-5.0639481067556105,Model 0 Baseline
IFBIND,Consumer Durables,2018-03-21,2018-03-23,1291.2701739501952,1288.050048828125,1220.588427520752,1223.6475463867187,-5.473815461346617,2,STOP_LOSS_INTRADAY,3.7226776409426114,-6.707815778794443,Model 0 Baseline
POLYPLEX,Plastic Products,2018-03-21,2018-03-23,294.8954833762609,294.16008316834007,278.7534488123983,279.45207900992307,-5.473815461346625,2,STOP_LOSS_INTRADAY,2.005347543234602,-5.388717490676905,Model 0 Baseline
DOLLAR,Textiles,2018-03-22,2018-03-23,393.8182743490011,392.83618388927795,372.26138875807703,373.19437469481403,-5.473815461346622,1,STOP_LOSS_INTRADAY,0.26072674079857244,-8.746149556098038,Model 0 Baseline
LALPATHLAB,Healthcare,2018-03-22,2018-03-23,413.61928877153946,412.5878192234808,390.97853219165097,391.9584282623067,-5.4738154613466286,1,STOP_LOSS_INTRADAY,2.030713946067981,-6.410692875160078,Model 0 Baseline
5PAISA,Finance,2018-03-12,2018-03-26,198.0454077529907,197.55152893066406,204.03474678039552,204.54611206054688,3.0242251488481506,10,DAILY_CLOSE_BELOW_EMA21,13.608370974091773,-2.709362212270165,Model 0 Baseline
IFGLEXPOR,Capital Goods,2018-03-23,2018-03-26,112.94953555856507,112.66786589383051,111.73780950685932,112.01785414221486,-1.0728030405025129,1,DAILY_CLOSE_BELOW_EMA21,6.519235464242783,-3.384616558368397,Model 0 Baseline
NAVINFLUOR,Chemicals,2018-03-22,2018-03-26,737.6918374172674,735.8522069000173,697.311947563629,699.0595965550165,-5.4738154613466214,2,STOP_LOSS_INTRADAY,1.2936610608020818,-6.300129352831772,Model 0 Baseline
DENORA,Capital Goods,2018-03-28,2018-03-28,440.5559796564649,439.4573363156757,416.4407583261422,417.48446949989193,-5.473815461346632,0,STOP_LOSS_INTRADAY,0.1576604069890264,-7.184683310018998,Model 0 Baseline
DBCORP,Media & Entertainment,2018-03-28,2018-04-02,208.70826112500697,208.18779164589225,211.43089552285528,211.9607975166469,1.304516832813615,1,DAILY_CLOSE_BELOW_EMA21,5.145629092713391,-0.9708737864077679,Model 0 Baseline
ENIL,Media & Entertainment,2018-03-27,2018-04-04,671.9786646680849,670.3029073995859,671.2422077202161,672.9245190177605,-0.1095952872599792,4,DAILY_CLOSE_BELOW_EMA21,8.51941534747611,-1.7351659217038067,Model 0 Baseline
ZYDUSWELL,FMCG,2018-03-27,2018-04-05,226.84886615864136,226.2831582629839,233.3802350472902,233.9651479170829,2.8791719347106124,5,DAILY_CLOSE_BELOW_EMA21,6.909880604061079,-1.459218643327886,Model 0 Baseline
ICICIPRULI,Insurance,2018-03-22,2018-04-17,374.5554289667323,373.6213755279125,380.4314917641963,381.3849541495702,1.5688099392055406,16,DAILY_CLOSE_BELOW_EMA21,5.1428627608096615,-4.311681781111152,Model 0 Baseline
CENTURYPLY,Construction Materials,2018-03-27,2018-04-26,318.7317718719488,317.93692954807864,329.8064382811844,330.63302083326755,3.4746038476781855,20,DAILY_CLOSE_BELOW_EMA21,11.230097365826852,-2.983476243633385,Model 0 Baseline
NCC,Infrastructure,2018-03-27,2018-04-26,105.95146216511236,105.68724405497493,111.94586872975923,112.22643481680123,5.657691212703906,20,DAILY_CLOSE_BELOW_EMA21,13.879611543448803,-2.46654027568616,Model 0 Baseline
KELLTONTEC,Diversified / Other,2018-03-20,2018-04-27,11.910893668680021,11.881190691950147,13.921898560526088,13.956790536868258,16.883744811978737,26,DAILY_CLOSE_BELOW_EMA21,43.024712518880996,-5.907002331805885,Model 0 Baseline
INDIGO,Aviation,2018-03-21,2018-04-30,1230.5865295771812,1227.5177352390835,1341.3214930935599,1344.6832010963005,8.998551573161317,26,DAILY_CLOSE_BELOW_EMA21,22.43254527481128,-0.9263049587775108,Model 0 Baseline
COALINDIA,Metals & Mining,2018-03-27,2018-05-02,141.4722099104857,141.11941138203062,145.38868076044957,145.75306341899707,2.7683676196490867,23,DAILY_CLOSE_BELOW_EMA21,7.606718792653928,-0.6749383664066525,Model 0 Baseline
WELCORP,Metals & Mining,2018-05-02,2018-05-02,122.29034342881279,121.98537997886564,115.59639570247255,115.88611097992235,-5.473815461346625,0,STOP_LOSS_INTRADAY,1.8616043434218947,-7.516692482085527,Model 0 Baseline
ARVIND,Textiles,2018-03-27,2018-05-03,132.78929745751145,132.45815207731818,138.14582115180556,138.49205128000557,4.033851972150117,24,DAILY_CLOSE_BELOW_EMA21,10.57802801720115,-2.998598936102977,Model 0 Baseline
MAYURUNIQ,Textiles,2018-04-18,2018-05-03,450.5755573485876,449.4519275297632,449.50137468857815,450.627944549953,-0.23840233729731913,10,DAILY_CLOSE_BELOW_EMA21,7.378354815226625,-3.171106363648643,Model 0 Baseline
ENIL,Media & Entertainment,2018-04-30,2018-05-03,649.9011470467603,648.2804459319306,614.3267575762457,615.866423635334,-5.473815461346634,2,STOP_LOSS_INTRADAY,1.4779393813189454,-7.77942101978991,Model 0 Baseline
CEREBRAINT,Consumer Durables,2018-03-27,2018-05-04,53.0322515296936,52.900001525878906,63.6404992389679,63.79999923706055,20.00338926461489,25,DAILY_CLOSE_BELOW_EMA21,37.61814924739414,-2.8355386705729937,Model 0 Baseline
HEG,Capital Goods,2018-04-30,2018-05-04,455.32997075619903,454.19448454483694,473.5645169729927,474.7513954616468,4.0046883332784455,3,DAILY_CLOSE_BELOW_EMA21,8.178427785909886,-0.297393231586891,Model 0 Baseline
KEI,Electricals,2018-03-12,2018-05-07,360.1304667837644,359.2323858192164,415.5994923451754,416.6410950828826,15.40248067784741,37,DAILY_CLOSE_BELOW_EMA21,28.583119774916472,-4.332412886419009,Model 0 Baseline
LALPATHLAB,Healthcare,2018-04-06,2018-05-07,410.3254913641413,409.30223577470457,387.8650311760044,388.8371239859693,-5.473815461346642,20,STOP_LOSS_INTRADAY,4.013761467889907,-5.2523161081033924,Model 0 Baseline
RML,Automobile & Ancillaries,2018-05-04,2018-05-07,872.7405999023471,870.5641894287752,824.9683900074431,827.0359799573364,-5.4738154613466286,1,STOP_LOSS_INTRADAY,0.0,-6.157084949609466,Model 0 Baseline
TVTODAY,Media & Entertainment,2018-05-09,2018-05-10,302.7552016220376,302.00020111923953,286.18294058561935,286.90019106327753,-5.473815461346625,1,STOP_LOSS_INTRADAY,0.5923759376671008,-5.221578178686611,Model 0 Baseline
SRF,Diversified,2018-03-09,2018-05-11,359.2115877388518,358.3157982432437,436.19850792236,437.2917372655238,21.432192838800628,42,DAILY_CLOSE_BELOW_EMA21,32.23438407791805,-1.362017195043396,Model 0 Baseline
NELCO,Telecom,2018-03-27,2018-05-11,152.9507678437874,152.56934448258093,182.54792166873392,183.0054352568761,19.350771651682635,30,DAILY_CLOSE_BELOW_EMA21,40.63098612536143,-2.0713750114778664,Model 0 Baseline
AARVI,Diversified / Other,2018-04-06,2018-05-11,65.62326665878295,65.4596176147461,75.67440690994263,75.86406707763672,15.31642778989035,24,DAILY_CLOSE_BELOW_EMA21,22.265126661442704,-2.0592062498354204,Model 0 Baseline
KAMDHENU,Metals & Mining,2018-04-30,2018-05-11,12.057570569688227,12.027501815150352,12.066955109107855,12.097198104368777,0.0778310967818003,8,DAILY_CLOSE_BELOW_EMA21,7.077804846172568,-3.9735138004406694,Model 0 Baseline
21STCENMGM,Diversified / Other,2018-04-02,2018-05-14,32.86350376419906,32.78154988947537,37.789205917874526,37.88391570714238,14.988365784178626,29,DAILY_CLOSE_BELOW_EMA21,27.961439064851113,-3.581265408561308,Model 0 Baseline
ROML,Diversified / Other,2018-05-10,2018-05-14,44.11,44.0,39.900000000000006,40.0,-9.544321015642696,2,STOP_LOSS_GAP_DOWN,2.272727272727273,-9.090909090909092,Model 0 Baseline
CELEBRITY,Diversified / Other,2018-05-08,2018-05-14,15.538749999999999,15.5,14.6881875,14.725,-5.473815461346626,4,STOP_LOSS_INTRADAY,3.225806451612903,-6.451612903225806,Model 0 Baseline
MAITHANALL,Metals & Mining,2018-05-08,2018-05-14,746.477690457926,744.6161500827192,705.6168792221367,707.3853425785832,-5.473815461346637,4,STOP_LOSS_INTRADAY,0.5754980710473454,-6.157179360021941,Model 0 Baseline
MOREPENLAB,Healthcare,2018-05-15,2018-05-16,34.28918094619764,34.20367176678069,32.41225445799555,32.49348817844165,-5.473815461346626,1,STOP_LOSS_INTRADAY,2.911208280703095,-15.574956090217254,Model 0 Baseline
DYNPRO,Chemicals,2018-05-16,2018-05-16,173.66644391858446,173.23336051729123,164.1602632601981,164.57169249142666,-5.473815461346641,0,STOP_LOSS_INTRADAY,0.0,-6.085021546371875,Model 0 Baseline
POLYPLEX,Plastic Products,2018-05-02,2018-05-21,291.1350165147717,290.40899402969745,275.19882296739206,275.88854432821256,-5.473815461346623,13,STOP_LOSS_INTRADAY,2.4999821262172555,-8.312519986422592,Model 0 Baseline
ENIL,Media & Entertainment,2018-05-09,2018-05-21,645.265761376951,643.6566198273825,609.9451043639233,611.4737888360133,-5.473815461346646,8,STOP_LOSS_INTRADAY,2.1995207786065443,-6.687384718462054,Model 0 Baseline
MANINDS,Infrastructure,2018-05-16,2018-05-21,110.59199101782679,110.31620051653545,104.53838951448189,104.80039049070866,-5.473815461346643,3,STOP_LOSS_INTRADAY,3.9936804557659773,-16.567797732095613,Model 0 Baseline
GAEL,Agri,2018-05-18,2018-05-21,60.97414503637674,60.82208981184713,57.636532857951636,57.78098532125477,-5.473815461346622,1,STOP_LOSS_INTRADAY,3.3194178732128448,-6.340684674137275,Model 0 Baseline
HIMATSEIDE,Textiles,2018-05-21,2018-05-21,341.65695433610887,340.804941981156,322.955283144893,323.7646948820982,-5.473815461346622,0,STOP_LOSS_INTRADAY,2.1829218098146836,-5.49875496880402,Model 0 Baseline
SURYAROSNI,Diversified,2018-05-21,2018-05-21,89.23258169354332,89.01005655216292,84.3481548402434,84.55955372455477,-5.47381546134662,0,STOP_LOSS_INTRADAY,0.4190006260055962,-5.789738064937501,Model 0 Baseline
CANTABIL,Retailing,2018-05-21,2018-05-22,24.109040474511172,24.048918179063513,23.891282183339605,23.951160083548476,-0.9032225542189768,1,DAILY_CLOSE_BELOW_EMA21,5.243898325913943,-1.6260146842582095,Model 0 Baseline
ASIANHOTNR,Hospitality,2018-05-23,2018-05-23,290.72499999999997,290.0,274.81125000000003,275.5,-5.473815461346613,0,STOP_LOSS_INTRADAY,1.7241379310344827,-5.137928929822198,Model 0 Baseline
GAEL,Agri,2018-05-23,2018-05-23,60.02880998637326,59.87911220585862,56.74294370407677,56.88515659556568,-5.4738154613466286,0,STOP_LOSS_INTRADAY,0.0,-5.431050789310398,Model 0 Baseline
AARVI,Diversified / Other,2018-05-17,2018-05-24,75.16692562103272,74.97947692871094,70.59024061203003,70.76715850830078,-6.088695222253536,5,STOP_LOSS_GAP_DOWN,3.3707895554734844,-5.617961864971596,Model 0 Baseline
INVENTURE,Finance,2018-05-14,2018-05-30,1.6326549171702507,1.628583458523941,1.6391471172890797,1.6432552554276487,0.3976468052465988,12,DAILY_CLOSE_BELOW_EMA21,8.40840300583273,-3.6036002495018176,Model 0 Baseline
GOLDENTOBC,FMCG,2018-05-16,2018-05-31,61.152499999999996,61.0,57.6554992389679,57.79999923706055,-5.7184919030818,11,DAILY_CLOSE_BELOW_EMA21,6.557377049180328,-0.3278701031794313,Model 0 Baseline
SALZERELEC,Electricals,2018-05-15,2018-05-31,193.90151418534518,193.4179692621897,183.28770312208252,183.7470707990802,-5.473815461346633,12,STOP_LOSS_INTRADAY,0.0,-8.627464441858965,Model 0 Baseline
ACE,Capital Goods,2018-05-23,2018-05-31,165.83510380776474,165.4215499329324,156.75759625519507,157.15047243628578,-5.4738154613466365,6,STOP_LOSS_INTRADAY,2.0760251764665583,-6.374277600070527,Model 0 Baseline
BANDHANBNK,Banks,2018-05-24,2018-05-31,470.53417467409287,469.3607727422373,444.77800226986267,445.89273410512544,-5.473815461346619,5,STOP_LOSS_INTRADAY,1.0820780813876065,-5.451198363077926,Model 0 Baseline
HIRECT,Capital Goods,2018-05-23,2018-06-01,64.31141473993385,64.15103714706619,67.49130358328036,67.66045472008055,4.944517013356833,7,DAILY_CLOSE_BELOW_EMA21,14.690129140554697,-4.361136868124318,Model 0 Baseline
MASTEK,Software & IT Services,2018-05-23,2018-06-01,486.5662660820746,485.35288387239365,459.93252657957703,461.0852396787739,-5.4738154613466286,7,STOP_LOSS_INTRADAY,4.961131695153863,-6.39579614516958,Model 0 Baseline
GTPL,Telecom,2018-05-30,2018-06-04,117.046125292794,116.75423969356011,110.6392363896099,110.9165277088821,-5.4738154613466214,3,STOP_LOSS_INTRADAY,3.68747949199763,-6.462214432171234,Model 0 Baseline
ASIANHOTNR,Hospitality,2018-06-01,2018-06-04,268.46948776245114,267.79998779296875,253.77396343231203,254.4099884033203,-5.473815461346614,1,STOP_LOSS_INTRADAY,0.8215131842097166,-5.899921028070931,Model 0 Baseline
ABBOTINDIA,Healthcare,2018-04-02,2018-06-05,4825.7410463463475,4813.706779397853,5745.8839250601195,5760.284636651749,19.0673902697375,45,DAILY_CLOSE_BELOW_EMA21,34.64217640692668,-0.3715596330275282,Model 0 Baseline
TVTODAY,Media & Entertainment,2018-05-15,2018-06-05,295.58152760214205,294.8444165607402,296.2883075913506,297.03088480335896,0.23911507425453193,15,DAILY_CLOSE_BELOW_EMA21,5.1685495536731425,-4.2696564328298265,Model 0 Baseline
ENIL,Media & Entertainment,2018-05-24,2018-06-05,621.6113342787626,620.061181325449,635.1529566947719,636.7448187416259,2.1784709623612746,8,DAILY_CLOSE_BELOW_EMA21,6.549806248386612,-2.905907703661188,Model 0 Baseline
TFCILTD,Finance,2018-05-18,2018-06-05,27.117411110911185,27.049786644300436,25.6330540688052,25.697297312085414,-5.473815461346624,12,STOP_LOSS_INTRADAY,1.6462344913977676,-8.327950761473724,Model 0 Baseline
HIMATSEIDE,Textiles,2018-05-23,2018-06-05,339.8632291679993,339.01568994314147,321.25974318236945,322.0649054459844,-5.4738154613466214,9,STOP_LOSS_INTRADAY,4.611111011501121,-8.05554171216554,Model 0 Baseline
BDL,Aviation,2018-05-23,2018-06-06,162.50110006822425,162.0958604171813,169.5143348143835,169.93918277131175,4.315807550358007,10,DAILY_CLOSE_BELOW_EMA21,14.247293264826538,0.0,Model 0 Baseline
STARCEMENT,Construction Materials,2018-06-07,2018-06-08,123.75851438403129,123.44988965988159,124.40176664222395,124.71355051852024,0.5197640432209811,1,DAILY_CLOSE_BELOW_EMA21,5.511811023622047,-0.6692901371032235,Model 0 Baseline
ALKALI,Chemicals,2018-06-08,2018-06-08,64.43292113388456,64.27224053255318,60.90598193466071,61.05862850592552,-5.47381546134663,0,STOP_LOSS_INTRADAY,0.0,-8.433729156278815,Model 0 Baseline
5PAISA,Finance,2018-06-07,2018-06-11,224.41691246032713,223.85726928710938,233.61160503387453,234.1970977783203,4.097147791912901,2,DAILY_CLOSE_BELOW_EMA21,9.482404055427446,0.0,Model 0 Baseline
ARMANFIN,Finance,2018-06-07,2018-06-11,353.7294682599353,352.84734988522223,366.837002427001,367.75639341052727,3.70552508151052,2,DAILY_CLOSE_BELOW_EMA21,8.450704225352105,0.0,Model 0 Baseline
CELEBRITY,Diversified / Other,2018-06-07,2018-06-12,14.3858753824234,14.350000381469727,14.214375,14.25,-1.1921442238609825,3,DAILY_CLOSE_BELOW_EMA21,5.9233408027850745,-1.3937335025977822,Model 0 Baseline
KAMDHENU,Metals & Mining,2018-06-11,2018-06-12,10.979575808820215,10.952195320518918,11.292285824942397,11.320587293175334,2.848106534962605,1,DAILY_CLOSE_BELOW_EMA21,7.272726242762897,-0.8409077832221992,Model 0 Baseline
GTPL,Telecom,2018-06-08,2018-06-12,108.58496150655066,108.3141760663847,102.6412210949078,102.89846726306547,-5.473815461346624,2,STOP_LOSS_INTRADAY,4.014156780846456,-5.509643270462985,Model 0 Baseline
COALINDIA,Metals & Mining,2018-05-18,2018-06-13,140.1302750702116,139.78082301267992,145.90223344295663,146.267903200959,4.118994535515617,18,DAILY_CLOSE_BELOW_EMA21,11.767946128865331,-2.541431995083187,Model 0 Baseline
WELCORP,Metals & Mining,2018-06-07,2018-06-14,113.05521783429992,112.77328462274308,114.15820186339734,114.44431264500986,0.9756153234024182,5,DAILY_CLOSE_BELOW_EMA21,6.800919624362834,-1.139824437042515,Model 0 Baseline
EIHAHOTELS,Hospitality,2018-06-12,2018-06-14,219.18677021445689,218.64016978998194,225.67597824644054,226.2415822019454,2.960583809704607,2,DAILY_CLOSE_BELOW_EMA21,7.894735068473131,-0.2781317522346101,Model 0 Baseline
JAMNAAUTO,Automobile & Ancillaries,2018-06-07,2018-06-18,77.42950875035832,77.23641770609309,79.9489708912631,80.14934425189283,3.2538785039019364,7,DAILY_CLOSE_BELOW_EMA21,9.714269682880364,-0.45714460100446264,Model 0 Baseline
CEREBRAINT,Consumer Durables,2018-06-13,2018-06-18,57.3430007648468,57.20000076293945,61.346250000000005,61.5,6.981234294957464,3,DAILY_CLOSE_BELOW_EMA21,9.265732808336741,0.0,Model 0 Baseline
ASHOKLEY,Automobile & Ancillaries,2018-05-24,2018-06-18,61.9071509394338,61.75276901689157,58.51846773963187,58.66513056604699,-5.473815461346633,17,STOP_LOSS_INTRADAY,3.542232162426979,-5.688002361596975,Model 0 Baseline
DVL,Chemicals,2018-06-12,2018-06-19,100.39780368307531,100.14743509533697,104.71738615080524,104.97983574015562,4.302467095162271,5,DAILY_CLOSE_BELOW_EMA21,6.156400766072244,-2.7038270237223534,Model 0 Baseline
ASIANHOTNR,Hospitality,2018-06-15,2018-06-19,254.635,254.0,249.375,250.0,-2.065701887014743,2,DAILY_CLOSE_BELOW_EMA21,5.708661417322835,-1.496064193605438,Model 0 Baseline
KHADIM,Footwear,2018-06-06,2018-06-20,780.9526970867679,779.0051841264518,785.5373298774174,787.5060951152053,0.5870564001829828,10,DAILY_CLOSE_BELOW_EMA21,10.108490515589732,-3.2482488167132035,Model 0 Baseline
MASTEK,Software & IT Services,2018-06-07,2018-06-20,468.3717924448142,467.2037829873459,472.3989632927959,473.5829205942816,0.8598235233083908,9,DAILY_CLOSE_BELOW_EMA21,7.499993960036981,-1.3653829691819699,Model 0 Baseline
GAEL,Agri,2018-06-14,2018-06-20,52.4176471718474,52.28692984722933,53.096831559371864,53.22990632518482,1.295717042197276,4,DAILY_CLOSE_BELOW_EMA21,5.803472631846642,-5.156072906365266,Model 0 Baseline
ASIANHOTNR,Hospitality,2018-06-20,2018-06-20,274.13363723754884,273.45001220703125,259.128067817688,259.7775115966797,-5.473815461346625,0,STOP_LOSS_INTRADAY,0.0,-8.48418766551977,Model 0 Baseline
ARMANFIN,Finance,2018-06-21,2018-06-25,358.7613747870375,357.866708016995,339.1234391846049,339.97337261614524,-5.473815461346635,2,STOP_LOSS_INTRADAY,2.7635110611882,-6.263012040415676,Model 0 Baseline
KDDL,Consumer Durables,2018-06-11,2018-06-26,464.6353069708602,463.4766154322795,470.95448389118684,472.13482094354566,1.3600294307214476,11,DAILY_CLOSE_BELOW_EMA21,14.791743899667734,-4.450794652124119,Model 0 Baseline
BHARATRAS,Chemicals,2018-06-07,2018-06-27,1389.1586070219878,1385.6943710942523,1493.804440340301,1497.548311118096,7.533037105291235,14,DAILY_CLOSE_BELOW_EMA21,18.900884063684938,-1.3333492755552148,Model 0 Baseline
SAKSOFT,Software & IT Services,2018-06-11,2018-06-27,16.667169368260563,16.62560535487338,15.754839274411886,15.794325087129709,-5.473815461346636,12,STOP_LOSS_INTRADAY,4.8245673199440295,-11.16225341697245,Model 0 Baseline
SONATSOFTW,Software & IT Services,2018-06-21,2018-06-27,94.36151158048442,94.12619609025877,89.19633657003148,89.41988628574583,-5.473815461346624,4,STOP_LOSS_INTRADAY,1.2466810210283226,-6.498365621002962,Model 0 Baseline
ZYDUSWELL,FMCG,2018-06-07,2018-06-28,231.91159661208786,231.33326345345424,261.5610191623515,262.2165605637609,12.784795147548145,15,DAILY_CLOSE_BELOW_EMA21,24.17714528557613,0.0,Model 0 Baseline
DVL,Chemicals,2018-06-27,2018-06-28,101.90126733675649,101.64714946309874,96.32338000996894,96.5647919899438,-5.4738154613466365,1,STOP_LOSS_INTRADAY,0.9426242015400824,-6.147535824365585,Model 0 Baseline
BANDHANBNK,Banks,2018-06-04,2018-06-29,460.1590234871053,459.01149475022976,492.22767403146713,493.4613273498417,6.969036552047639,19,DAILY_CLOSE_BELOW_EMA21,16.910215066167968,-4.770355426204826,Model 0 Baseline
MUTHOOTCAP,Finance,2018-06-06,2018-06-29,890.5207377624512,888.2999877929688,1003.485,1006.0,12.685191646562458,17,DAILY_CLOSE_BELOW_EMA21,27.096703311351376,-2.0601134801809575,Model 0 Baseline
ASIANHOTNR,Hospitality,2018-07-02,2018-07-02,260.65,260.0,246.38250000000002,247.0,-5.473815461346617,0,STOP_LOSS_INTRADAY,0.0,-7.634617732121394,Model 0 Baseline
EXCELINDUS,Chemicals,2018-07-02,2018-07-02,1171.9112875293622,1168.9888154906357,1107.7630262793136,1110.5393747161038,-5.473815461346628,0,STOP_LOSS_INTRADAY,1.6872129748892586,-7.8428388927677135,Model 0 Baseline
ORIENTLTD,Paper,2018-06-28,2018-07-03,340.2808994050629,339.43231860854155,343.86331536283086,344.7251281832891,1.0527819704342407,3,DAILY_CLOSE_BELOW_EMA21,11.920719125436914,-0.6995027262576876,Model 0 Baseline
JSWSTEEL,Metals & Mining,2018-06-29,2018-07-03,295.7019173033367,294.9645060382411,279.51574003448826,280.21628073632905,-5.47381546134662,2,STOP_LOSS_INTRADAY,1.1538631819575291,-5.8461489167429175,Model 0 Baseline
FSL,Software & IT Services,2018-07-02,2018-07-04,54.85894952355541,54.72214416314755,51.8560718626027,51.98603695499017,-5.473815461346618,2,STOP_LOSS_INTRADAY,0.5665744115072764,-8.144473097499043,Model 0 Baseline
INTELLECT,Software & IT Services,2018-07-02,2018-07-04,188.9344957225217,188.463337379074,178.592570083845,179.0401705101203,-5.473815461346633,2,STOP_LOSS_INTRADAY,0.7751899016670846,-5.142123588534994,Model 0 Baseline
HIRECT,Capital Goods,2018-06-25,2018-07-05,60.42419209966105,60.27350832883896,57.11668333011602,57.25983291239701,-5.473815461346622,8,STOP_LOSS_INTRADAY,2.6058564300506184,-5.537457901302031,Model 0 Baseline
GAEL,Agri,2018-07-02,2018-07-06,50.99964310126943,50.87246194640342,48.20801675196054,48.32883884908325,-5.4738154613466286,4,STOP_LOSS_INTRADAY,0.950570369780512,-6.796573646274872,Model 0 Baseline
DVL,Chemicals,2018-07-09,2018-07-11,92.71343464918448,92.48222907649325,94.453433018945,94.69015841498246,1.87674890520932,2,DAILY_CLOSE_BELOW_EMA21,6.126133451322411,0.0,Model 0 Baseline
EXCELINDUS,Chemicals,2018-07-04,2018-07-12,1137.4219512765967,1134.5854875577024,1176.8464383515088,1179.7959281719386,3.4661267993521365,6,DAILY_CLOSE_BELOW_EMA21,8.334655189883614,-4.0284175196378165,Model 0 Baseline
COALINDIA,Metals & Mining,2018-07-05,2018-07-12,136.51733337506028,136.1768911471923,137.12034007253118,137.46400007271296,0.44170705841011065,5,DAILY_CLOSE_BELOW_EMA21,5.746698780248474,-1.5122873345935701,Model 0 Baseline
HFCL,Telecom,2018-07-02,2018-07-13,28.611269652800967,28.539919853168048,29.154556979064285,29.22762604417472,1.898857802733447,9,DAILY_CLOSE_BELOW_EMA21,7.9173761198690515,-4.991395882503291,Model 0 Baseline
KAMDHENU,Metals & Mining,2018-07-05,2018-07-13,10.410633219119436,10.384671540268764,10.676522684345306,10.70328088656171,2.5540181815026965,6,DAILY_CLOSE_BELOW_EMA21,5.9443902605819545,-0.9108207819133394,Model 0 Baseline
EIHAHOTELS,Hospitality,2018-07-11,2018-07-13,202.1170177032506,201.61298524015024,191.05350513819738,191.53233597814273,-5.473815461346627,2,STOP_LOSS_INTRADAY,1.8213471237855283,-5.336428695516108,Model 0 Baseline
PIDILITIND,Chemicals,2018-06-25,2018-07-16,502.91599529758867,501.6618406958491,509.1232590423758,510.39925718533914,1.234254587809273,15,DAILY_CLOSE_BELOW_EMA21,5.405902253697717,-2.43171927623285,Model 0 Baseline
ARVIND,Textiles,2018-07-02,2018-07-17,135.21230028817928,134.87511250691202,131.5032097763703,131.8327917557597,-2.7431605733381845,11,DAILY_CLOSE_BELOW_EMA21,5.213027507826678,-3.7218144180418142,Model 0 Baseline
CHOLAFIN,Finance,2018-07-02,2018-07-17,296.10360582959595,295.36519284747726,298.5162165645887,299.2643775083596,0.8147860031063573,11,DAILY_CLOSE_BELOW_EMA21,6.864680635258499,-3.221113455026829,Model 0 Baseline
GMMPFAUDLR,Capital Goods,2018-07-02,2018-07-17,262.1029141697986,261.44929094244253,264.883304177965,265.54717210823554,1.0608008754779197,11,DAILY_CLOSE_BELOW_EMA21,5.454553009015424,-2.821316506458001,Model 0 Baseline
HGINFRA,Infrastructure,2018-07-10,2018-07-17,260.59617209070325,259.94630632489105,263.2749488062751,263.93478577070186,1.0279416977159184,5,DAILY_CLOSE_BELOW_EMA21,5.247181338010274,-0.35992125898677185,Model 0 Baseline
ALBERTDAVD,Healthcare,2018-07-18,2018-07-18,353.21815772587644,352.337314439777,333.8836475959937,334.72044871778814,-5.4738154613466286,0,STOP_LOSS_INTRADAY,2.093174781628921,-7.338864071474149,Model 0 Baseline
BBTC,Agri,2018-07-02,2018-07-19,1421.7912512166567,1418.2456371238472,1430.4037747591485,1433.9887466257128,0.6057516203677477,13,DAILY_CLOSE_BELOW_EMA21,9.60890267414538,-3.498523854555688,Model 0 Baseline
TFCILTD,Finance,2018-06-13,2018-07-19,26.242089570982557,26.176647951104798,24.805646014665683,24.867815553549555,-5.473815461346628,26,STOP_LOSS_INTRADAY,2.06804918214274,-5.1700958181845085,Model 0 Baseline
PGHL,Healthcare,2018-07-17,2018-07-19,1711.1866141489054,1706.9193158592573,1617.5194166911288,1621.5733500662943,-5.473815461346628,2,STOP_LOSS_INTRADAY,2.674616153741867,-6.657249954242254,Model 0 Baseline
EIHAHOTELS,Hospitality,2018-07-18,2018-07-19,196.9585730181758,196.46740450690854,186.1774241958592,186.6440342815631,-5.4738154613466286,1,STOP_LOSS_INTRADAY,0.5833362397693346,-5.749995693284903,Model 0 Baseline
FSL,Software & IT Services,2018-07-06,2018-07-20,53.382573815397414,53.24945018992261,54.04412563568223,54.17957457211251,1.2392654999598367,10,DAILY_CLOSE_BELOW_EMA21,10.989819583313906,-0.6550174210068883,Model 0 Baseline
VMART,Retailing,2018-07-20,2018-07-20,611.2599169146335,609.7355779697093,577.8006770735458,579.2487990712239,-5.4738154613466286,0,STOP_LOSS_INTRADAY,1.4478487666155486,-7.975460122699374,Model 0 Baseline
IVZINGOLD,ETF,2018-07-23,2018-07-23,3000.4824999999996,2993.0,2836.241625,2843.35,-5.473815461346618,0,STOP_LOSS_INTRADAY,0.7016371533578349,-7.617774807885065,Model 0 Baseline
ALBERTDAVD,Healthcare,2018-07-23,2018-07-24,334.5090480751245,333.67486092281746,354.37218359612376,355.2603344322043,5.937996486282899,1,DAILY_CLOSE_BELOW_EMA21,8.881404907555599,0.0,Model 0 Baseline
TECHM,Software & IT Services,2018-07-04,2018-07-25,492.01540655019846,490.7884354615446,465.0833911542462,466.24901368846736,-5.473815461346631,15,STOP_LOSS_INTRADAY,0.6688196432826236,-5.7338092138197485,Model 0 Baseline
INTELLECT,Software & IT Services,2018-07-23,2018-07-27,184.15011284192104,183.69088562785143,187.65214474363282,188.12245087080984,1.9017267204815693,4,DAILY_CLOSE_BELOW_EMA21,12.407213156226865,-1.1930019788079378,Model 0 Baseline
EIHAHOTELS,Hospitality,2018-07-24,2018-07-27,192.26910431902908,191.78963024342053,199.9702679118758,200.47144652819628,4.0054087837577335,3,DAILY_CLOSE_BELOW_EMA21,5.389588702111563,-1.1951204625571679,Model 0 Baseline
HGINFRA,Infrastructure,2018-07-24,2018-07-27,258.6709168893558,258.02585225870905,244.51174824665915,245.1245596457736,-5.473815461346628,3,STOP_LOSS_INTRADAY,0.7824380889193879,-7.633582875236752,Model 0 Baseline
BSHSL,Agri,2018-07-30,2018-08-06,8.020001912117005,8.000001907348633,7.4843683290481575,7.50312614440918,-6.678721388577055,5,STOP_LOSS_GAP_DOWN,1.562499627471059,-6.21094555593835,Model 0 Baseline
KHADIM,Footwear,2018-07-20,2018-08-07,762.5626107992277,760.6609584032198,769.6689036055748,771.5978983514534,0.9318963067044495,12,DAILY_CLOSE_BELOW_EMA21,7.051838634985219,-2.444286321862103,Model 0 Baseline
HDFCLIFE,Insurance,2018-07-06,2018-08-08,452.52934446134293,451.4008423554543,465.96358532470265,467.131413859351,2.9687004893242523,23,DAILY_CLOSE_BELOW_EMA21,10.562767002959347,-1.3961025725797067,Model 0 Baseline
GAEL,Agri,2018-07-24,2018-08-08,48.28984215511758,48.1694186085961,48.158030734153236,48.27872755303582,-0.2729588979415994,11,DAILY_CLOSE_BELOW_EMA21,17.851736997292956,-1.260716067335354,Model 0 Baseline
TECHM,Software & IT Services,2018-07-27,2018-08-10,478.63265733185796,477.43905968265136,488.2474677191405,489.47114558309823,2.008807848774965,10,DAILY_CLOSE_BELOW_EMA21,8.626945713833116,-1.4615262510952878,Model 0 Baseline
FSL,Software & IT Services,2018-08-09,2018-08-10,53.37445022100359,53.241346853868926,50.45283131239754,50.57927951117548,-5.47381546134662,1,STOP_LOSS_INTRADAY,0.22287353593285655,-10.624074981972557,Model 0 Baseline
THOMASCOOK,Hospitality,2018-08-03,2018-08-16,94.69287464594625,94.45673281391147,89.50956143278286,89.7338961732159,-5.4738154613466286,8,STOP_LOSS_INTRADAY,2.5070600961713883,-6.672942860445688,Model 0 Baseline
ENIL,Media & Entertainment,2018-08-17,2018-08-20,660.5098093597813,658.8626527279615,690.0714859999638,691.8009884711416,4.475584801508999,1,DAILY_CLOSE_BELOW_EMA21,5.990453751494084,-1.750828536157694,Model 0 Baseline
KAMDHENU,Metals & Mining,2018-07-25,2018-08-24,10.505457174026661,10.479259026460511,10.944676303097188,10.972106569520989,4.180866399193334,20,DAILY_CLOSE_BELOW_EMA21,12.114016023603845,-4.8218532796970095,Model 0 Baseline
SEAMECLTD,Logistics,2018-08-30,2018-09-04,283.51596555552425,282.8089431975304,267.9968247975598,268.6684960376539,-5.473815461346628,3,STOP_LOSS_INTRADAY,0.0,-8.037904505870697,Model 0 Baseline
BERGEPAINT,Chemicals,2018-09-10,2018-09-10,254.10931808160868,253.47562900908596,240.1998429397351,240.80184755863166,-5.473815461346625,0,STOP_LOSS_INTRADAY,0.40951717026968876,-5.764681806000837,Model 0 Baseline
KAMDHENU,Metals & Mining,2018-09-10,2018-09-12,10.710076877046562,10.683368455906797,10.732821033077151,10.75972033391193,0.21236221076370793,2,DAILY_CLOSE_BELOW_EMA21,6.710158171415495,-0.7455861962962337,Model 0 Baseline
SEAMECLTD,Logistics,2018-09-10,2018-09-12,279.6349314137418,278.937587445129,263.684587077263,264.34545070402305,-5.703988502380272,2,STOP_LOSS_GAP_DOWN,1.316730322786912,-5.231326790612767,Model 0 Baseline
RITES,Infrastructure,2018-09-07,2018-09-12,73.9219395620249,73.73759557309218,69.87558900495148,70.05071579443756,-5.4738154613466214,3,STOP_LOSS_INTRADAY,3.8281367400041217,-6.820899702206891,Model 0 Baseline
TATAELXSI,Software & IT Services,2018-09-10,2018-09-12,1239.3147909786182,1236.2242304026117,1171.476986335275,1174.413018882481,-5.473815461346637,2,STOP_LOSS_INTRADAY,0.8804108584005889,-5.663976082759263,Model 0 Baseline
PERSISTENT,Software & IT Services,2018-09-07,2018-09-14,393.3134167837279,392.33258532042686,389.1036798507168,390.07887704332506,-1.0703262979014891,4,DAILY_CLOSE_BELOW_EMA21,7.268473654367555,-1.8346984636850128,Model 0 Baseline
GODREJCP,FMCG,2018-09-14,2018-09-19,818.8557208773674,816.8136866607157,774.0330698218607,775.9730023276799,-5.473815461346618,3,STOP_LOSS_INTRADAY,0.46702078504600036,-7.483758912097069,Model 0 Baseline
BAJFINANCE,Finance,2018-09-17,2018-09-19,258.57074096696175,257.9259261515828,244.41705576939367,245.02962984400367,-5.473815461346623,2,STOP_LOSS_INTRADAY,0.0,-6.522559449071717,Model 0 Baseline
VIPIND,FMCG,2018-09-17,2018-09-19,540.4018336426063,539.0541981472383,510.82123451927663,512.1014882398763,-5.473815461346635,2,STOP_LOSS_INTRADAY,1.2612612612612568,-7.036032979721366,Model 0 Baseline
TFCILTD,Finance,2018-07-25,2018-09-21,25.428045701130163,25.364634115840563,24.036161404023414,24.096402410048533,-5.473815461346627,38,STOP_LOSS_INTRADAY,4.310746230218456,-7.4499377500896555,Model 0 Baseline
MITTAL,Textiles,2018-08-31,2018-09-21,1.1016401022591003,1.0988928700838907,1.041338356013247,1.0439482265796962,-5.4738154613466135,13,STOP_LOSS_INTRADAY,0.0,-8.496685996576634,Model 0 Baseline
NESTLEIND,FMCG,2018-09-10,2018-09-21,472.6098767850196,471.43129853867293,446.74008427770997,447.8597336117393,-5.473815461346622,7,STOP_LOSS_INTRADAY,2.609563582551031,-11.962200668682424,Model 0 Baseline
BANDHANBNK,Banks,2018-09-17,2018-09-21,600.3215358151716,598.8244746286001,567.4610427699272,568.8832508971701,-5.473815461346632,3,STOP_LOSS_INTRADAY,1.4748391868051909,-12.624250345208123,Model 0 Baseline
BERGEPAINT,Chemicals,2018-09-17,2018-09-21,247.34534019115404,246.72851889391924,233.80611271685024,234.39209294922327,-5.473815461346626,3,STOP_LOSS_INTRADAY,0.8737867531526132,-8.932042004878985,Model 0 Baseline
TATAELXSI,Software & IT Services,2018-09-17,2018-09-21,1222.948079596998,1219.8983337625916,1156.0061585317758,1158.903417074462,-5.473815461346635,3,STOP_LOSS_INTRADAY,2.4535315985130137,-10.063183389515732,Model 0 Baseline
RITES,Infrastructure,2018-09-21,2018-09-21,71.97236781342387,71.79288559942532,68.03273321615542,68.20324131945405,-5.473815461346616,0,STOP_LOSS_INTRADAY,0.0,-14.062501280568519,Model 0 Baseline
MAHLOG,Logistics,2018-09-17,2018-09-24,530.4641913579106,529.1413380128785,501.42756043445394,502.6842711122345,-5.473815461346632,4,STOP_LOSS_INTRADAY,3.4545475643277395,-5.454543526449164,Model 0 Baseline
POWERMECH,Infrastructure,2018-09-17,2018-09-24,471.846871112165,470.67019562310725,446.018844127347,447.1366858419519,-5.47381546134663,4,STOP_LOSS_INTRADAY,0.0,-8.889328615190783,Model 0 Baseline
HAVELLS,Capital Goods,2018-09-14,2018-09-25,619.0015600469923,617.4579152588452,585.1185569471631,586.5850194959029,-5.473815461346633,6,STOP_LOSS_INTRADAY,3.4461570425618273,-6.861546281881459,Model 0 Baseline
HONAUT,Consumer Durables,2018-09-27,2018-09-28,21478.937139814818,21425.37370555094,20303.219757722713,20354.105020273393,-5.4738154613466214,1,STOP_LOSS_INTRADAY,0.00023270721370167584,-5.141402145841477,Model 0 Baseline
ZOTA,Healthcare,2018-09-27,2018-10-01,193.55451065901656,193.0718310813133,181.49763583304727,181.9525171258619,-6.229188245170782,2,STOP_LOSS_GAP_DOWN,0.0,-5.759159113567648,Model 0 Baseline
SIRCA,Chemicals,2018-10-11,2018-10-12,60.60177214287025,60.450645529047634,63.17091709172362,63.329240192204125,4.239389143268843,1,DAILY_CLOSE_BELOW_EMA21,5.879224678174124,0.0,Model 0 Baseline
GSS,Software & IT Services,2018-10-15,2018-10-22,96.59087347030639,96.3499984741211,101.64525152206421,101.9000015258789,5.232769795079678,4,DAILY_CLOSE_BELOW_EMA21,18.214845178717482,0.0,Model 0 Baseline
BSHSL,Agri,2018-10-30,2018-10-31,8.333283162117004,8.312501907348633,7.877134619951248,7.896876811981201,-5.473815461346626,1,STOP_LOSS_INTRADAY,0.0,-9.661662243913408,Model 0 Baseline
GRSE,Ship Building,2018-12-10,2018-12-27,77.00855516438828,76.81651387968907,77.89473239428754,78.08995728750631,1.1507516638996274,12,DAILY_CLOSE_BELOW_EMA21,5.882350434369567,-3.3155063894343124,Model 0 Baseline
VIMTALABS,Healthcare,2019-01-14,2019-01-18,142.90338406541457,142.54701652410432,135.08111653365435,135.4196656978991,-5.473815461346629,4,STOP_LOSS_INTRADAY,4.0404166414322535,-6.885517117253602,Model 0 Baseline
VINDHYATEL,Telecom,2019-01-14,2019-01-22,1652.9779853667983,1648.8558457524173,1562.4970208311345,1566.4130534647963,-5.4738154613466286,6,STOP_LOSS_INTRADAY,3.8026959180348694,-6.27459849615757,Model 0 Baseline
DANGEE,FMCG,2019-01-22,2019-01-24,13.450207695960998,13.416666030883789,12.71396814751625,12.745832729339599,-5.473815461346638,2,STOP_LOSS_INTRADAY,0.0,-7.080744255527674,Model 0 Baseline
GSS,Software & IT Services,2019-01-24,2019-01-24,122.30499999999999,122.0,115.61025,115.89999999999999,-5.473815461346633,0,STOP_LOSS_INTRADAY,5.245896636462603,-5.245902890064677,Model 0 Baseline
RESPONIND,Construction Materials,2019-01-24,2019-01-24,88.75954235034918,88.53819685820368,83.90100879775525,84.11128701529348,-5.473815461346632,0,STOP_LOSS_INTRADAY,0.0,-5.505619691998769,Model 0 Baseline
ATUL,Chemicals,2018-12-14,2019-01-28,3278.975303196213,3270.7983074276444,3304.2256253357564,3312.506892567174,0.7700674693990586,30,DAILY_CLOSE_BELOW_EMA21,8.08056098333259,-4.472753390114658,Model 0 Baseline
RESPONIND,Construction Materials,2019-01-28,2019-01-28,88.75952576945889,88.53818031866224,83.90099312447231,84.11127130272912,-5.473815461346624,0,STOP_LOSS_INTRADAY,1.1235955056179672,-6.966288705890096,Model 0 Baseline
SRF,Diversified,2018-12-28,2019-01-29,391.2911129888891,390.31532467719614,390.0275949887897,391.00510775818515,-0.3229099660475227,22,DAILY_CLOSE_BELOW_EMA21,6.4211304210169144,-3.04876219102755,Model 0 Baseline
IOLCP,Healthcare,2019-01-30,2019-01-31,32.773914252941424,32.69218379345778,35.72494502352334,35.81448122658981,9.004206051820814,1,DAILY_CLOSE_BELOW_EMA21,12.191012187101064,-1.123589124511929,Model 0 Baseline
SIRCA,Chemicals,2019-01-30,2019-02-01,73.91835385467768,73.73401880765853,79.82186165288454,80.02191644399451,7.986524983785574,2,DAILY_CLOSE_BELOW_EMA21,7.0010834820365355,0.0,Model 0 Baseline
SIRCA,Chemicals,2019-02-01,2019-02-06,80.22197123510449,80.02191644399451,74.75277688675703,74.94012720476896,-6.817576611672916,3,STOP_LOSS_GAP_DOWN,3.6977569291567667,-6.350496795190083,Model 0 Baseline
SPLIL,Textiles,2019-02-04,2019-02-06,60.4507492351532,60.29999923706055,56.657999238967896,56.79999923706055,-6.274115778832644,2,STOP_LOSS_GAP_DOWN,1.9900510416622514,-5.804311847899478,Model 0 Baseline
ATUL,Chemicals,2019-01-30,2019-02-26,3385.814159439734,3377.3707326082135,3189.1736959631244,3197.16661249436,-5.807774857588418,18,STOP_LOSS_GAP_DOWN,1.8359074092723995,-5.3356333781778496,Model 0 Baseline
IOLCP,Healthcare,2019-03-01,2019-03-05,34.016750801659484,33.93192099916158,35.35853554174188,35.44715342530514,3.944482375479959,1,DAILY_CLOSE_BELOW_EMA21,5.493907273022155,-0.1894443663839563,Model 0 Baseline
IVZINGOLD,ETF,2019-03-11,2019-03-11,3106.7475,3099.0,2936.689875,2944.0499999999997,-5.473815461346631,0,STOP_LOSS_INTRADAY,0.5485640529202969,-6.515001689052919,Model 0 Baseline
SAKUMA,Trading,2019-02-28,2019-03-18,6.579350049736881,6.562942693004371,6.219208569458267,6.234795558354152,-5.473815461346619,11,STOP_LOSS_INTRADAY,3.0523302910477166,-6.249996460215336,Model 0 Baseline
DANGEE,FMCG,2019-03-06,2019-03-26,13.029157619476317,12.996665954589844,12.758024961948395,12.789999961853027,-2.080968435922715,13,DAILY_CLOSE_BELOW_EMA21,12.516033176421,-6.642724768256395,Model 0 Baseline
GRSE,Ship Building,2019-02-25,2019-04-25,68.44289877597097,68.27221823039498,82.93451970111164,83.14237564021217,21.173300933052243,38,DAILY_CLOSE_BELOW_EMA21,31.16727573774635,-0.902523608857228,Model 0 Baseline
CANTABIL,Retailing,2019-05-03,2019-05-03,51.560024114415064,51.43144550066341,48.737723542566165,48.85987322563024,-5.473815461346623,0,STOP_LOSS_INTRADAY,4.542861360807848,-5.341192436211686,Model 0 Baseline
ASIANPAINT,Chemicals,2019-04-12,2019-05-09,1344.512536347503,1341.1596372543672,1270.9164012531699,1274.1016553916488,-5.473815461346622,15,STOP_LOSS_INTRADAY,3.2908758442164836,-6.0163909430495845,Model 0 Baseline
SEAMECLTD,Logistics,2019-05-13,2019-05-13,422.88563520968705,421.83105756577265,399.7376559257653,400.739504687484,-5.473815461346629,0,STOP_LOSS_INTRADAY,0.24708501301493557,-5.58889265037349,Model 0 Baseline
BALAXI,Trading,2019-03-20,2019-05-24,6.2768018019199365,6.261148929595947,20.03140803572001,20.08161206588472,219.13399001371747,41,DAILY_CLOSE_BELOW_EMA21,347.84691156945473,0.0,Model 0 Baseline
DIVISLAB,Healthcare,2019-05-13,2019-05-28,1572.154170032027,1568.23358606686,1514.3396475492716,1518.134985011801,-3.677407953036667,11,DAILY_CLOSE_BELOW_EMA21,7.332994553052913,-4.522628398332201,Model 0 Baseline
SEAMECLTD,Logistics,2019-05-15,2019-05-30,417.9099143291109,416.8677449666942,430.9258124112004,432.005826978647,3.114522445102672,11,DAILY_CLOSE_BELOW_EMA21,17.847356916817418,-2.7265178888449504,Model 0 Baseline
MARINE,Electricals,2019-05-23,2019-05-30,19.646236063024155,19.597242955635068,20.191608667373657,20.24221420288086,2.7759648341798093,5,DAILY_CLOSE_BELOW_EMA21,11.392391828848153,-0.2531606939774515,Model 0 Baseline
MUTHOOTFIN,Finance,2019-05-13,2019-06-10,510.7882130162825,509.5144269489102,548.486752264897,549.8614057793453,7.380463818066358,19,DAILY_CLOSE_BELOW_EMA21,14.996519445779,-4.914153537638584,Model 0 Baseline
PRESTIGE,Real Estate,2019-05-15,2019-06-10,240.9058474878859,240.30508477594603,264.18482877391705,264.8469461392652,9.663103460866285,17,DAILY_CLOSE_BELOW_EMA21,26.849045060007352,-1.904749301945811,Model 0 Baseline
HGINFRA,Infrastructure,2019-05-06,2019-06-13,243.44187402810556,242.83478706045443,274.6658268898734,275.3542124209257,12.826040296651275,27,DAILY_CLOSE_BELOW_EMA21,25.11685698428235,-4.389359260213192,Model 0 Baseline
SUVEN,Healthcare,2019-05-17,2019-06-17,11.868521718978881,11.838924407958984,12.325999402999878,12.356891632080078,3.854546462087585,20,DAILY_CLOSE_BELOW_EMA21,11.202671626223658,-2.256232715096457,Model 0 Baseline
BALRAMCHIN,Agri,2019-06-21,2019-06-25,132.36865832561384,132.03856192081182,125.1230422402093,125.43663382477122,-5.473815461346624,2,STOP_LOSS_INTRADAY,1.06382978723404,-5.67375494749163,Model 0 Baseline
TRIVENI,Agri,2019-06-24,2019-06-25,62.88908817157098,62.73225752775161,59.446655539735616,59.595644651364026,-5.4738154613466286,1,STOP_LOSS_INTRADAY,0.0,-6.720815878290708,Model 0 Baseline
HEIDELBERG,Cement & Cement Products,2019-06-24,2019-07-01,149.15823068456285,148.78626502200785,153.76115049176033,154.14651678371962,3.085930817275282,5,DAILY_CLOSE_BELOW_EMA21,5.6688802636827065,-1.9867549668874218,Model 0 Baseline
HAVELLS,Capital Goods,2019-05-10,2019-07-08,699.9479012919053,698.2023953036462,721.567237372537,723.3756765639467,3.0887064652567027,40,DAILY_CLOSE_BELOW_EMA21,9.775500906199168,-3.510201023390459,Model 0 Baseline
HONAUT,Consumer Durables,2019-06-27,2019-07-08,24167.253847446424,24106.986381492694,22844.382969762017,22901.63706241806,-5.473815461346614,7,STOP_LOSS_INTRADAY,3.6524771458143936,-5.4072316953218476,Model 0 Baseline
BATAINDIA,Footwear,2019-05-10,2019-07-10,1216.081754671056,1213.0491318414524,1228.2421472067228,1231.3204483275417,0.9999650507836325,42,DAILY_CLOSE_BELOW_EMA21,7.861867945162001,-4.437924751299893,Model 0 Baseline
BAJFINANCE,Finance,2019-07-10,2019-07-10,349.94047214801776,349.06780264141423,330.78537647807013,331.6144125093435,-5.473815461346639,0,STOP_LOSS_INTRADAY,0.0,-5.220901169483769,Model 0 Baseline
RECLTD,Finance,2019-07-12,2019-07-15,63.78724842290377,63.62817797795888,66.08526794591528,66.25089518387496,3.602631528759227,1,DAILY_CLOSE_BELOW_EMA21,5.091795158088871,-1.2469677978760272,Model 0 Baseline
AVADHSUGAR,Agri,2019-07-15,2019-07-15,277.7543585907694,277.0617043299446,262.55059756566374,263.20861911344736,-5.473815461346622,0,STOP_LOSS_INTRADAY,0.5909618832948389,-7.29914597570566,Model 0 Baseline
IPCALAB,Healthcare,2019-05-20,2019-07-18,452.97806425965035,451.84844315177094,457.98845655468153,459.1362972979263,1.1061004252424875,42,DAILY_CLOSE_BELOW_EMA21,5.483852524891455,-4.037644682884421,Model 0 Baseline
MANAPPURAM,Finance,2019-07-12,2019-07-19,112.20304032901609,111.92323224839511,114.97867763389279,115.26684474575717,2.4737630074351085,5,DAILY_CLOSE_BELOW_EMA21,8.136779856640398,-0.9040742780091671,Model 0 Baseline
AARTIIND,Chemicals,2019-07-15,2019-07-19,420.87039519443573,419.820843086719,397.8327264300521,398.829800932383,-5.473815461346615,4,STOP_LOSS_INTRADAY,0.0,-6.976754690211124,Model 0 Baseline
GMMPFAUDLR,Capital Goods,2019-07-12,2019-07-22,420.4310535398008,419.38259704718286,419.63215570042263,420.6838653638322,-0.19001875162452908,6,DAILY_CLOSE_BELOW_EMA21,7.214966384640048,-1.6378017083848144,Model 0 Baseline
MUTHOOTFIN,Finance,2019-07-10,2019-07-24,552.6231191906261,551.2450066739412,522.3735494493936,523.6827563402442,-5.47381546134662,10,STOP_LOSS_INTRADAY,3.424846898699388,-5.311300911984016,Model 0 Baseline
PGHH,FMCG,2019-06-20,2019-08-02,9539.985583434533,9516.195095695295,9617.812499589885,9641.91729282194,0.8157969996358607,31,DAILY_CLOSE_BELOW_EMA21,5.6034106191948645,-2.008924813971569,Model 0 Baseline
POWERGRID,Power,2019-08-08,2019-08-09,76.95655591850222,76.7646443077329,78.6798955377602,78.87708825840622,2.239366872242852,1,DAILY_CLOSE_BELOW_EMA21,5.352183842111899,-0.5049228747566863,Model 0 Baseline
RVNL,Infrastructure,2019-08-02,2019-08-20,19.6131823790243,19.564271699774864,20.089341616001573,20.139690843109346,2.4277510287494803,10,DAILY_CLOSE_BELOW_EMA21,10.924389397341256,-3.781523908423326,Model 0 Baseline
SUPREMEENG,Diversified / Other,2019-08-01,2019-08-22,3.4953235924243926,3.486607074737549,3.30399602919817,3.3122767210006714,-5.4738154613466286,13,STOP_LOSS_INTRADAY,3.943663416505458,-9.859148284074895,Model 0 Baseline
ABBOTINDIA,Healthcare,2019-08-02,2019-08-26,7571.327752531716,7552.446635941862,7958.309370897115,7978.255008418159,5.11114603691537,14,DAILY_CLOSE_BELOW_EMA21,11.103104488589924,-1.9446130321998045,Model 0 Baseline
AGROPHOS,Chemicals,2019-08-26,2019-08-30,79.60797241712417,79.40944879513634,86.73644656650453,86.95383114436544,8.954472690284186,4,DAILY_CLOSE_BELOW_EMA21,14.25092056895535,-0.24360164672259074,Model 0 Baseline
RVNL,Infrastructure,2019-08-26,2019-08-30,19.77800089062144,19.72867919263984,19.925349237196798,19.975287455836387,0.7450113254127261,4,DAILY_CLOSE_BELOW_EMA21,8.125012143698763,-2.91666984558106,Model 0 Baseline
SUPREMEENG,Diversified / Other,2019-08-26,2019-08-30,3.416555959600328,3.408035869925514,3.1839844769239427,3.1919643878936768,-6.80719079173495,4,STOP_LOSS_GAP_DOWN,3.7463943736019405,-6.340058916004305,Model 0 Baseline
PIDILITIND,Chemicals,2019-09-23,2019-10-07,694.1067127919158,692.3757733585195,656.1125922288671,657.7569846905935,-5.473815461346622,9,STOP_LOSS_INTRADAY,4.076643828349452,-5.707306453357003,Model 0 Baseline
GILLETTE,FMCG,2019-07-12,2019-11-07,6407.587363503761,6391.608342647143,6793.892038935682,6810.919337278879,6.028863182298997,77,DAILY_CLOSE_BELOW_EMA21,12.898746024451583,-4.432738345327883,Model 0 Baseline
MARINE,Electricals,2019-11-14,2019-11-18,19.49702341079712,19.448402404785156,19.795693911038914,19.845307178986378,1.5318774253325027,2,DAILY_CLOSE_BELOW_EMA21,6.122443021609975,-1.020412035953522,Model 0 Baseline
EQ30,Unclassified,2019-11-14,2019-11-20,348.4690061187744,347.6000061035156,323.19,324.0,-7.254305454688891,4,STOP_LOSS_GAP_DOWN,0.014380837770717296,-6.789414755213646,Model 0 Baseline
MPSLTD,Miscellaneous,2019-11-25,2019-12-02,424.0417678384718,422.98430707079484,400.83050398796195,401.83509171725507,-5.47381546134663,5,STOP_LOSS_INTRADAY,0.0,-5.876286750771356,Model 0 Baseline
DYNPRO,Chemicals,2019-12-02,2019-12-02,138.10432842560678,137.75992860409656,130.54475234345702,130.87193217389174,-5.473815461346606,0,STOP_LOSS_INTRADAY,0.0,-5.937051716894489,Model 0 Baseline
DMART,Retailing,2019-11-20,2019-12-10,1845.6025,1841.0,1744.577625,1748.9499999999998,-5.473815461346637,14,STOP_LOSS_INTRADAY,1.520912547528517,-5.915264769911054,Model 0 Baseline
FINEORG,Chemicals,2019-12-05,2019-12-11,1859.3509036391613,1854.7141183433032,1757.5734663950727,1761.978412426138,-5.473815461346623,4,STOP_LOSS_INTRADAY,2.124727439220658,-5.037258745564506,Model 0 Baseline
WHIRLPOOL,Consumer Durables,2019-11-28,2019-12-17,2173.3403925962734,2167.920591118477,2202.6924586523915,2208.212991130217,1.3505507998705175,13,DAILY_CLOSE_BELOW_EMA21,10.970092149473688,-4.805077622125736,Model 0 Baseline
HINDUNILVR,Consumer Goods,2019-11-22,2019-12-18,1838.380508194602,1833.796018149229,1737.7509516986631,1742.1062172417674,-5.473815461346632,18,STOP_LOSS_INTRADAY,2.4341470346687295,-6.958533580842784,Model 0 Baseline
SHREDIGCEM,Construction Materials,2019-10-16,2019-12-19,13.246342946522272,13.213309672341419,18.655160384888347,18.701915172820396,40.83253362986589,44,DAILY_CLOSE_BELOW_EMA21,66.46151459425135,-0.6153869628906246,Model 0 Baseline
VSTIND,Consumer Goods,2019-12-16,2019-12-26,288.0566205857482,287.33827489850194,291.7304326187468,292.46158658520983,1.2753784396720753,7,DAILY_CLOSE_BELOW_EMA21,5.638272884986778,-0.445455320870656,Model 0 Baseline
BAJFINANCE,Finance,2019-12-04,2020-01-07,385.41986891259137,384.45872210732307,392.8961012164845,393.88080322454584,1.93976307578182,23,DAILY_CLOSE_BELOW_EMA21,8.533361812854343,-1.9643675034989088,Model 0 Baseline
VADILALIND,FMCG,2019-11-21,2020-01-13,722.031450925469,720.2308737411163,724.6670708450945,726.4832790427012,0.3650284092538136,36,DAILY_CLOSE_BELOW_EMA21,7.344625728948703,-3.727443873854431,Model 0 Baseline
SUVEN,Healthcare,2019-12-05,2020-01-20,12.813904871940611,12.781949996948242,14.114659817218781,14.15003490447998,10.151120663666797,31,DAILY_CLOSE_BELOW_EMA21,17.02707768185951,-4.052333362630593,Model 0 Baseline
HNDFDS,FMCG,2020-01-24,2020-01-28,131.9290061187744,131.60000610351562,124.707455783844,125.02000579833984,-5.473815461346618,2,STOP_LOSS_INTRADAY,1.8237034841750364,-5.015201973717317,Model 0 Baseline
SPANDANA,Finance,2020-01-29,2020-01-29,1092.725,1090.0,1032.91125,1035.5,-5.473815461346616,0,STOP_LOSS_INTRADAY,3.669724770642202,-7.79816513761468,Model 0 Baseline
PFIZER,Healthcare,2020-01-15,2020-02-03,3535.1973190609024,3526.3813656467855,3474.668236979632,3483.3766786763226,-1.7121839778196388,13,DAILY_CLOSE_BELOW_EMA21,7.7561086855492265,-3.1585291578271923,Model 0 Baseline
RVNL,Infrastructure,2019-12-12,2020-02-04,19.43948054014315,19.39100303256175,20.08330525380843,20.1336393521889,3.311944022041945,37,DAILY_CLOSE_BELOW_EMA21,24.680872213044417,-3.4042479876278327,Model 0 Baseline
ICICIPRULI,Insurance,2020-01-03,2020-02-04,482.68780127372986,481.4840910461146,442.25836648319006,443.3667834417945,-8.375897357226243,22,DAILY_CLOSE_BELOW_EMA21,9.641646341584655,-10.25772872199984,Model 0 Baseline
SPANDANA,Finance,2020-02-03,2020-02-04,992.4749999999999,990.0,1031.5147256469727,1034.0999755859375,3.9335726992592046,1,DAILY_CLOSE_BELOW_EMA21,5.757575757575758,0.0,Model 0 Baseline
ICICIPRULI,Insurance,2020-02-05,2020-02-07,465.787016123969,464.62545249273717,483.1899307053954,484.40093303799034,3.7362386625209423,2,DAILY_CLOSE_BELOW_EMA21,6.5226606416663095,-0.21281123919748404,Model 0 Baseline
KOTAKBANK,Financial Services,2020-01-27,2020-02-10,324.63525959442114,323.8256953560311,329.2238329790957,330.04895536751445,1.4134550234645513,10,DAILY_CLOSE_BELOW_EMA21,6.158284414839953,-1.24639211650755,Model 0 Baseline
AVANTIFEED,Consumer Goods,2020-02-07,2020-02-10,577.6677395112562,576.2271715823005,595.5962186251131,597.088940977557,3.103597083165072,1,DAILY_CLOSE_BELOW_EMA21,5.247212825209314,-0.7974481658692236,Model 0 Baseline
VSTIND,Consumer Goods,2020-02-05,2020-02-12,301.4153154423477,300.66365630159373,305.10998432626155,305.87467100377097,1.225773441038208,5,DAILY_CLOSE_BELOW_EMA21,6.174493735484823,-1.42056944463694,Model 0 Baseline
TIINDIA,Automobile & Ancillaries,2020-01-31,2020-02-14,495.33884772441917,494.10358875253786,499.14568641157547,500.39667810684256,0.7685322289266979,10,DAILY_CLOSE_BELOW_EMA21,7.263699033169553,-3.8805944160088903,Model 0 Baseline
SBILIFE,Insurance,2020-02-10,2020-02-17,942.8795151996951,940.5281947129129,891.2680305148241,893.5017849772672,-5.473815461346625,5,STOP_LOSS_INTRADAY,0.8876098483555395,-5.042012526956244,Model 0 Baseline
MITTAL,Textiles,2019-12-23,2020-02-19,8.26362378358841,8.243016242980957,8.226440269947052,8.247057914733887,-0.4499661966122447,41,DAILY_CLOSE_BELOW_EMA21,5.934276778348037,-4.855324200615288,Model 0 Baseline
KIRLFER,Metals & Mining,2020-02-20,2020-02-24,61.90961638037208,61.75522830959809,61.60084123259019,61.755229305854826,-0.4987515120183842,1,DAILY_CLOSE_BELOW_EMA21,6.30499009409214,0.0,Model 0 Baseline
BERGEPAINT,Chemicals,2020-01-08,2020-02-25,388.28256994870975,387.3142842381145,454.2819878884091,455.42053923650036,16.997780237319837,33,DAILY_CLOSE_BELOW_EMA21,23.79470348424283,0.0,Model 0 Baseline
ADSL,Software & IT Services,2020-02-24,2020-02-25,19.957380110381493,19.90761108267481,18.864949952219714,18.912230528541066,-5.4738154613466286,1,STOP_LOSS_INTRADAY,0.0,-6.3084317285411435,Model 0 Baseline
PRINCEPIPE,Plastic Products,2020-02-13,2020-02-26,175.78730898495303,175.34893664334467,170.9286774271914,171.3570701024475,-2.763926238939995,8,DAILY_CLOSE_BELOW_EMA21,9.189343704100454,-2.5541393355694777,Model 0 Baseline
ICICIGI,Insurance,2020-01-24,2020-02-26,1284.5309117364775,1281.327592754591,1214.2180600840693,1217.2612131168614,-5.473815461346635,22,STOP_LOSS_INTRADAY,4.640724976701965,-9.131743230731256,Model 0 Baseline
NPBET,ETF,2020-01-27,2020-02-27,175.1367469406128,174.6999969482422,164.5875,165.0,-6.023434330540545,22,STOP_LOSS_GAP_DOWN,0.24614077966910874,-5.5523738509943845,Model 0 Baseline
HNDFDS,FMCG,2020-02-04,2020-02-27,129.2723719406128,128.9499969482422,136.6575,137.0,5.712843315646669,16,DAILY_CLOSE_BELOW_EMA21,17.86739751081161,-1.47343461919351,Model 0 Baseline
ASTRAZEN,Healthcare,2020-02-10,2020-02-27,2546.440598750544,2540.0903728184976,2612.002417787949,2618.5487897623548,2.5746455295118342,12,DAILY_CLOSE_BELOW_EMA21,13.509644154035868,-1.9208494208494211,Model 0 Baseline
PIIND,Chemicals,2020-01-09,2020-02-28,1421.3733784471212,1417.8288064310436,1483.5145223537947,1487.2326038634533,4.371908525159234,35,DAILY_CLOSE_BELOW_EMA21,12.337083174561453,-2.2205326575386137,Model 0 Baseline
BAJAJFINSV,Finance,2020-02-05,2020-02-28,952.8899411036268,950.5136569612238,900.7305041778797,902.9879741131625,-5.473815461346635,16,STOP_LOSS_INTRADAY,3.154598960168616,-7.494234998808171,Model 0 Baseline
BAJFINANCE,Finance,2020-01-09,2020-03-02,399.8220216418558,398.8249592437465,445.70210484679944,446.81915272862096,11.47512661172053,36,DAILY_CLOSE_BELOW_EMA21,19.910356475138048,-0.6307986948028812,Model 0 Baseline
MCX,Finance,2020-02-05,2020-03-02,237.06629211175306,236.47510435087588,242.63010491309714,243.23820041413245,2.346943866115434,17,DAILY_CLOSE_BELOW_EMA21,10.648724103792361,-4.984189166144039,Model 0 Baseline
NH,Healthcare,2020-02-27,2020-03-03,331.88889430832774,331.06124120531445,313.7219086971861,314.5081791450487,-5.473815461346632,3,STOP_LOSS_INTRADAY,2.6934487479073734,-5.93751896479996,Model 0 Baseline
ESABINDIA,Capital Goods,2020-03-04,2020-03-04,1269.041654589312,1265.8769621838524,1199.5766562894732,1202.5831140746598,-5.47381546134662,0,STOP_LOSS_INTRADAY,0.050847457627122394,-5.084745762711862,Model 0 Baseline
WELCORP,Metals & Mining,2020-03-04,2020-03-04,157.5856499390375,157.1926682683666,148.9597022678109,149.33303485494827,-5.473815461346613,0,STOP_LOSS_INTRADAY,0.4600362736263292,-9.43070412426042,Model 0 Baseline
ALKEM,Healthcare,2019-12-27,2020-03-05,1908.294868680691,1903.5360286091682,2389.8670878118005,2395.85672963589,25.23573411189052,48,DAILY_CLOSE_BELOW_EMA21,34.10138505483751,-4.160548213411652,Model 0 Baseline
SPANDANA,Finance,2020-02-14,2020-03-05,1012.525,1010.0,1054.3575,1057.0,4.131502925853693,13,DAILY_CLOSE_BELOW_EMA21,17.62376237623762,-1.3366336633663367,Model 0 Baseline
CANTABIL,Retailing,2020-03-06,2020-03-06,51.746231277658815,51.61718830689159,48.91373806931814,49.03632889154701,-5.473815461346627,0,STOP_LOSS_INTRADAY,0.0,-11.723482416954658,Model 0 Baseline
GOLDIAM,Diamond  &  Jewellery,2020-03-06,2020-03-09,18.644561898746524,18.598066731916735,17.623992986832594,17.668163395320896,-5.47381546134663,1,STOP_LOSS_INTRADAY,4.666665159625759,-11.888889542235102,Model 0 Baseline
RELAXO,Footwear,2020-03-06,2020-03-09,668.7367810287508,667.0691082581055,632.1313637130872,633.7156528452002,-5.473815461346634,1,STOP_LOSS_INTRADAY,4.029415355009195,-5.124999614578671,Model 0 Baseline
ESABINDIA,Capital Goods,2020-03-09,2020-03-09,1260.4382058647907,1257.2949684436815,1191.4441444714435,1194.4302200214972,-5.473815461346651,0,STOP_LOSS_INTRADAY,0.0,-6.3481228668941805,Model 0 Baseline
ATUL,Chemicals,2019-11-18,2020-03-11,3957.15917721823,3947.290949843621,4831.282425248165,4843.390902504426,22.089666068081158,79,DAILY_CLOSE_BELOW_EMA21,34.56406167011081,-3.4363882608170186,Model 0 Baseline
FINEORG,Chemicals,2020-03-05,2020-03-11,2130.640472301697,2125.3271544156582,2064.900931953702,2070.0761222593505,-3.0854356332102153,3,DAILY_CLOSE_BELOW_EMA21,5.47064996176615,-4.661283307725723,Model 0 Baseline
BHARATRAS,Chemicals,2020-03-12,2020-03-12,1642.5345914567108,1638.4384952186642,1552.6252790315866,1556.516570457731,-5.473815461346634,0,STOP_LOSS_INTRADAY,0.003052153335119897,-11.116530544350063,Model 0 Baseline
MITTAL,Textiles,2020-02-20,2020-03-13,8.693218154907226,8.671539306640625,8.08933367729187,8.109607696533203,-6.94661593502597,14,DAILY_CLOSE_BELOW_EMA21,25.40792858676258,-1.585083882047799,Model 0 Baseline
ARMANFIN,Finance,2020-03-16,2020-03-16,826.8619877624511,824.7999877929688,781.601088432312,783.5599884033203,-5.473815461346622,0,STOP_LOSS_INTRADAY,0.0,-14.755093841924122,Model 0 Baseline
BHARATRAS,Chemicals,2020-03-16,2020-03-16,1547.726272480207,1543.8666059652937,1463.0065924778614,1466.673275667029,-5.473815461346635,0,STOP_LOSS_INTRADAY,0.0,-7.775195085767908,Model 0 Baseline
COROMANDEL,Chemicals,2020-03-16,2020-03-16,534.0341905559324,532.702434469758,504.8021444644044,506.0673127462701,-5.473815461346627,0,STOP_LOSS_INTRADAY,4.013961605584641,-5.759162303664929,Model 0 Baseline
FINEORG,Chemicals,2020-03-16,2020-03-16,2150.3553152193344,2144.992833136493,2032.6488335009694,2037.7431914796684,-5.473815461346631,0,STOP_LOSS_INTRADAY,0.0,-8.039979373707503,Model 0 Baseline
MUTHOOTFIN,Finance,2020-03-16,2020-03-16,693.340500762163,691.6114720819581,655.3883212316656,657.0308984778602,-5.473815461346619,0,STOP_LOSS_INTRADAY,0.025814688975550226,-8.363447188164344,Model 0 Baseline
RATNAMANI,Metals & Mining,2020-03-16,2020-03-16,815.0207777896713,812.9883070221161,770.4080444418328,772.3388916710103,-5.473815461346628,0,STOP_LOSS_INTRADAY,1.6023602438532316,-9.448818670586556,Model 0 Baseline
RGL,Diamond  &  Jewellery,2020-03-16,2020-03-16,64.71568609301332,64.55430034215793,61.17326886173741,61.32658532505003,-5.473815461346617,0,STOP_LOSS_INTRADAY,2.1216621258186708,-15.267063327255862,Model 0 Baseline
ALKEM,Healthcare,2020-03-16,2020-03-17,2287.7827841629046,2282.0775901874363,2162.5537764013693,2167.9737106780644,-5.473815461346622,1,STOP_LOSS_INTRADAY,4.90345845628818,-6.013022672223536,Model 0 Baseline
BHARTIARTL,Telecom,2020-03-16,2020-03-17,446.93487967299274,445.8203288508656,422.4704891273015,423.5293124083223,-5.473815461346629,1,STOP_LOSS_INTRADAY,4.383269895891941,-5.907894476480058,Model 0 Baseline
DMART,Retailing,2020-03-16,2020-03-18,2000.9398260498047,1995.949951171875,2044.9748474121095,2050.10009765625,2.200716922569205,2,DAILY_CLOSE_BELOW_EMA21,5.017668224875789,-4.206014841333359,Model 0 Baseline
FDC,Healthcare,2020-03-16,2020-03-18,201.9411444697894,201.43755059330616,203.84602135588568,204.35691363998563,0.9432831982296934,2,DAILY_CLOSE_BELOW_EMA21,5.289845043808255,-2.1739209914536723,Model 0 Baseline
METROPOLIS,Healthcare,2020-03-18,2020-03-18,433.8109813099152,432.7291584138805,410.0649687419535,411.09270049318644,-5.473815461346625,0,STOP_LOSS_INTRADAY,1.8704045743138058,-14.485000066320037,Model 0 Baseline
SUMICHEM,Chemicals,2020-03-23,2020-03-23,166.62577499386347,166.2102493704374,157.50498755966075,157.89973690191553,-5.473815461346618,0,STOP_LOSS_INTRADAY,11.081869560375548,-7.163742690058486,Model 0 Baseline
VAISHALI,Healthcare,2020-03-23,2020-03-23,4.967387423515319,4.954999923706055,4.69548180270195,4.707249927520752,-5.473815461346619,0,STOP_LOSS_INTRADAY,0.0,-17.255298329732273,Model 0 Baseline
IVZINGOLD,ETF,2020-03-20,2020-03-24,3709.25,3700.0,3691.7475000000004,3701.0,-0.47186088831973044,2,DAILY_CLOSE_BELOW_EMA21,16.216216216216218,-3.3783783783783785,Model 0 Baseline
ABBOTINDIA,Healthcare,2020-03-23,2020-03-24,12133.465649022215,12103.207629947347,12428.877140407838,12460.02720842891,2.434683543274619,1,DAILY_CLOSE_BELOW_EMA21,5.185185185185187,-3.6962962962962855,Model 0 Baseline
ALKEM,Healthcare,2020-03-23,2020-03-24,1771.9975600217274,1767.5786134880075,2153.2707783177157,2158.6674469350532,21.516576935428358,1,DAILY_CLOSE_BELOW_EMA21,24.807310852013508,0.0,Model 0 Baseline
NAVINFLUOR,Chemicals,2020-03-23,2020-03-24,959.851447563152,957.4578030555132,1153.5058244824354,1156.3968165237447,20.175452921483693,1,DAILY_CLOSE_BELOW_EMA21,20.88024564994882,0.0,Model 0 Baseline
VAISHALI,Healthcare,2020-03-30,2020-03-30,4.41100009560585,4.400000095367432,4.169550090372562,4.1800000905990595,-5.473815461346637,0,STOP_LOSS_INTRADAY,0.0,-8.068182076797006,Model 0 Baseline
SUMICHEM,Chemicals,2020-03-31,2020-04-03,179.78042452562474,179.3320942899,191.68197631687823,192.16238227255963,6.620048774863766,2,DAILY_CLOSE_BELOW_EMA21,9.21408328525471,-3.766936015307423,Model 0 Baseline
QGOLDHALF,ETF,2020-03-23,2020-05-06,36.049899082183835,35.959999084472656,41.803230943679814,41.90800094604492,15.959356358751432,27,DAILY_CLOSE_BELOW_EMA21,21.245827542157393,-3.4482700092863907,Model 0 Baseline
ADANIGREEN,Miscellaneous,2020-07-27,2020-07-27,346.8148872375488,345.95001220703125,327.830880317688,328.6525115966797,-5.473815461346623,0,STOP_LOSS_INTRADAY,2.0667708178040223,-5.983526948004117,Model 0 Baseline
GMMPFAUDLR,Capital Goods,2020-07-21,2020-08-03,1358.0362759682669,1354.6496518386703,1343.3532230757987,1346.7200231336328,-1.0811973989427686,9,DAILY_CLOSE_BELOW_EMA21,6.829279002067497,-3.4878098877128103,Model 0 Baseline
DRREDDY,Healthcare,2020-07-09,2020-08-26,749.1182193937851,747.2500941583892,851.2332985841758,853.3667153726072,13.631370396120667,34,DAILY_CLOSE_BELOW_EMA21,22.644227208427857,-1.3047378286051428,Model 0 Baseline
MGEL,Agri,2020-07-29,2020-08-27,3.707426555065655,3.6981811023098805,3.8834797904363496,3.893212822492581,4.7486641409023616,21,DAILY_CLOSE_BELOW_EMA21,12.626469787674289,0.0,Model 0 Baseline
COROMANDEL,Chemicals,2020-08-20,2020-09-01,729.2014541066272,727.3829966150896,718.0262260842914,719.825790560693,-1.5325295855350547,8,DAILY_CLOSE_BELOW_EMA21,7.792213505988468,-4.415573854968638,Model 0 Baseline
APLLTD,Healthcare,2020-09-04,2020-09-09,871.7425943069296,869.5686726253663,824.0250133966127,826.090238994098,-5.473815461346623,3,STOP_LOSS_INTRADAY,1.2872314453124978,-5.015972293947305,Model 0 Baseline
ITI,Telecom,2020-09-11,2020-09-15,138.79612194061278,138.4499969482422,131.19867835807798,131.52749710083006,-5.4738154613466365,2,STOP_LOSS_INTRADAY,1.8418223965083216,-6.1032843152760154,Model 0 Baseline
INVENTURE,Finance,2020-09-17,2020-09-17,1.724300028681755,1.7200000286102295,1.6299150271117686,1.634000027179718,-5.473815461346632,0,STOP_LOSS_INTRADAY,4.6511582776364895,-6.104652170170426,Model 0 Baseline
BHARATRAS,Chemicals,2020-09-11,2020-09-22,2329.1459327650305,2323.337588793048,2326.368440508918,2332.198937853552,-0.11924938738446618,7,DAILY_CLOSE_BELOW_EMA21,9.285069603359746,-1.4364004878507772,Model 0 Baseline
LALPATHLAB,Healthcare,2020-09-02,2020-09-23,866.4846568804802,864.3238472623244,871.9707306630479,874.1561209654615,0.6331414802333228,15,DAILY_CLOSE_BELOW_EMA21,10.994533110931272,-2.3965863700008216,Model 0 Baseline
INVENTURE,Finance,2020-09-21,2020-09-23,1.7443500095605848,1.7400000095367432,1.6488675090372562,1.653000009059906,-5.473815461346625,2,STOP_LOSS_INTRADAY,3.448272554637248,-7.758620099042365,Model 0 Baseline
EPL,Diversified / Other,2020-09-23,2020-09-23,226.27922279229668,225.71493545366255,213.893115709277,214.42918868097942,-5.473815461346612,0,STOP_LOSS_INTRADAY,0.0,-6.695549589863687,Model 0 Baseline
VENKEYS,Consumer Goods,2020-09-24,2020-09-28,1278.2605489937228,1275.072866826656,1370.5089577203812,1373.94381726354,7.216714057183303,2,DAILY_CLOSE_BELOW_EMA21,8.38947199593595,-1.6380912441930313,Model 0 Baseline
ITI,Telecom,2020-09-28,2020-09-30,122.55562499999999,122.25,127.08150152206422,127.4000015258789,3.692916193821559,2,DAILY_CLOSE_BELOW_EMA21,8.425360369536044,-0.408997955010225,Model 0 Baseline
TATACOMM,Telecom,2020-09-28,2020-09-30,761.3781653344713,759.4794666678018,779.5156191581345,781.4692923891073,2.382187282149798,2,DAILY_CLOSE_BELOW_EMA21,7.652066852456114,-0.12165450121653643,Model 0 Baseline
TIINDIA,Automobile & Ancillaries,2020-09-25,2020-10-01,583.6584116970321,582.2029044359423,605.3401853058651,606.8573286274337,3.714805299522989,4,DAILY_CLOSE_BELOW_EMA21,6.785708739894983,-3.9115646258503367,Model 0 Baseline
SUMICHEM,Chemicals,2020-09-11,2020-10-06,263.72618600394105,263.0685147171482,279.02405240175943,279.72336080376886,5.80066266062399,16,DAILY_CLOSE_BELOW_EMA21,15.34616574538609,-0.0740511671645654,Model 0 Baseline
TATACONSUM,Agri,2020-09-28,2020-10-08,491.5669730945344,490.3411202937999,464.65950411841214,465.8240642791099,-5.473815461346626,7,STOP_LOSS_INTRADAY,2.529190679532732,-5.642016868025015,Model 0 Baseline
EPL,Diversified / Other,2020-09-25,2020-10-09,219.06038711293147,218.51410185828576,226.21478361489898,226.78173795979845,3.2659471647328138,9,DAILY_CLOSE_BELOW_EMA21,5.634666364482078,-2.359639738836643,Model 0 Baseline
BRITANNIA,FMCG,2020-09-24,2020-10-12,3267.282631399049,3259.1347944130166,3413.1746803938886,3421.7290029011415,4.465241163797595,11,DAILY_CLOSE_BELOW_EMA21,8.076594439318443,-0.8300849255745115,Model 0 Baseline
ASTEC,Chemicals,2020-09-28,2020-10-12,1089.5026179075992,1086.7856537731664,1132.553553266215,1135.392033349589,3.951430189428599,9,DAILY_CLOSE_BELOW_EMA21,10.091741340360965,-2.2935779816513837,Model 0 Baseline
TORNTPHARM,Healthcare,2020-09-28,2020-10-15,1272.2881035726589,1269.115315284448,1284.4910547977374,1287.7103306242982,0.9591342708315792,12,DAILY_CLOSE_BELOW_EMA21,7.47252451713734,-3.0311355311355377,Model 0 Baseline
VENKEYS,Consumer Goods,2020-09-28,2020-10-16,1377.3786768066989,1373.94381726354,1409.7441879003172,1413.2773813537015,2.349790340057698,13,DAILY_CLOSE_BELOW_EMA21,12.808108542708,-1.1650140592885136,Model 0 Baseline
GLFL,Finance,2020-10-15,2020-10-19,2.205500047802925,2.200000047683716,1.995,2.0,-9.5443229762167,2,STOP_LOSS_GAP_DOWN,4.545450112051311,-9.090911061310528,Model 0 Baseline
COROMANDEL,Chemicals,2020-10-09,2020-10-19,697.3818438147409,695.6427369723102,659.2084486233855,660.8606001236947,-5.473815461346622,6,STOP_LOSS_INTRADAY,0.6246571745563897,-7.387288251083235,Model 0 Baseline
RALLIS,Fertilisers & Pesticides,2020-09-24,2020-10-20,260.9857761946823,260.33493884756336,243.32275188357696,243.93258334193177,-6.767811092482523,17,STOP_LOSS_GAP_DOWN,4.990123411258317,-6.300481824775672,Model 0 Baseline
PAISALO,Finance,2020-10-20,2020-10-22,20.374415582339573,20.323606565924763,19.25915767203445,19.307426237628523,-5.473815461346635,2,STOP_LOSS_INTRADAY,0.24392896588542062,-5.525070990756233,Model 0 Baseline
ROSSELLIND,Agri,2020-10-20,2020-10-22,130.22379923616177,129.89905160714392,123.09558877921975,123.40409902678671,-5.473815461346628,2,STOP_LOSS_INTRADAY,0.0,-5.406443231008915,Model 0 Baseline
DRREDDY,Healthcare,2020-09-02,2020-10-23,840.1025933285166,838.0075743925353,970.340592131723,972.7725234403238,15.502630254621499,36,DAILY_CLOSE_BELOW_EMA21,26.691201744299086,-1.3628212489273277,Model 0 Baseline
CREATIVEYE,Media & Entertainment,2020-10-23,2020-10-26,2.9072500956058502,2.9000000953674316,3.0423749524354937,3.049999952316284,4.647858023424862,1,DAILY_CLOSE_BELOW_EMA21,5.172408690208939,0.0,Model 0 Baseline
ROSSELLIND,Agri,2020-10-26,2020-10-26,134.5071512275968,134.17172192278983,127.1444779870837,127.46313582665033,-5.473815461346642,0,STOP_LOSS_INTRADAY,1.5373285145647742,-5.307466819954557,Model 0 Baseline
ALKYLAMINE,Chemicals,2020-10-29,2020-11-03,1184.0733999991928,1181.1205985029355,1119.2594071563444,1122.0645685777888,-5.473815461346617,3,STOP_LOSS_INTRADAY,0.0033036621497946022,-6.102545356823457,Model 0 Baseline
AARTIDRUGS,Healthcare,2020-11-02,2020-11-03,668.0135420626315,666.3476728804304,631.4477135133179,633.0302892364089,-5.473815461346623,1,STOP_LOSS_INTRADAY,0.0,-5.002965248259997,Model 0 Baseline
ASTEC,Chemicals,2020-10-19,2020-11-04,1044.1732897568072,1041.569366340955,1064.1775839199777,1066.8446956591254,1.9158021335548205,12,DAILY_CLOSE_BELOW_EMA21,13.435129233026347,-3.005786158703474,Model 0 Baseline
DYNPRO,Chemicals,2020-11-04,2020-11-10,222.00660484313963,221.45297241210938,229.78495296478272,230.36085510253906,3.5036561759678,4,DAILY_CLOSE_BELOW_EMA21,5.146066923344373,-2.022470392696495,Model 0 Baseline
STAR,Healthcare,2020-11-06,2020-11-10,657.0037781614253,655.3653647495514,621.0406037707936,622.5970965120738,-5.4738154613466445,2,STOP_LOSS_INTRADAY,0.967018321893742,-10.944532681830012,Model 0 Baseline
BALAXI,Trading,2020-11-06,2020-11-11,154.46739116500675,154.08218570075488,142.67024723052978,143.02781677246094,-7.63730379952808,3,DAILY_CLOSE_BELOW_EMA21,7.576155913754325,-4.4847686533253786,Model 0 Baseline
NUCLEUS,Software & IT Services,2020-11-06,2020-11-11,521.3869929039737,520.0867759640636,524.3549573596708,525.6691301851337,0.5692440540502257,3,DAILY_CLOSE_BELOW_EMA21,10.366740721563863,-0.635060428080265,Model 0 Baseline
CAMLINFINE,Chemicals,2020-10-29,2020-11-14,95.3878765296936,95.1500015258789,101.04675304412842,101.30000305175781,5.93249029154481,12,DAILY_CLOSE_BELOW_EMA21,15.291639715219524,-0.9984283367334854,Model 0 Baseline
LAURUSLABS,Healthcare,2020-11-12,2020-11-18,280.5749273360072,279.8752392379124,265.21677358282676,265.88147727601677,-5.4738154613466286,4,STOP_LOSS_INTRADAY,3.4918340983343796,-5.071076496163667,Model 0 Baseline
NEULANDLAB,Healthcare,2020-11-12,2020-11-18,1092.7707826174878,1090.045668446372,1032.9545265614934,1035.5433850240534,-5.473815461346616,4,STOP_LOSS_INTRADAY,2.6290827740492215,-9.407650447996964,Model 0 Baseline
MCX,Finance,2020-11-06,2020-11-19,325.51210685032896,324.7003559604279,307.69417481700043,308.46533816240645,-5.473815461346649,9,STOP_LOSS_INTRADAY,2.5044013328216668,-5.859235966712905,Model 0 Baseline
BSOFT,Software & IT Services,2020-11-02,2020-11-23,166.4853514016772,166.07017596177278,170.09653808241518,170.52284519540368,2.1690717233285626,15,DAILY_CLOSE_BELOW_EMA21,5.747139675180364,-4.018847142622487,Model 0 Baseline
XELPMOC,Software & IT Services,2020-11-23,2020-11-23,256.53974388122555,255.89999389648438,242.497231716156,243.10499420166013,-5.473815461346624,0,STOP_LOSS_INTRADAY,1.0160242928991114,-6.174282207822208,Model 0 Baseline
KEC,Capital Goods,2020-10-23,2020-11-26,320.0714841408551,319.2733008886335,322.9921562605682,323.8016604115972,0.9125061945311584,24,DAILY_CLOSE_BELOW_EMA21,10.361298550386227,-3.9862620318936246,Model 0 Baseline
VIDHIING,Chemicals,2020-12-02,2020-12-02,118.5473380321633,118.25170876026264,112.05827551394388,112.3391233222495,-5.473815461346634,0,STOP_LOSS_INTRADAY,0.49240745312649553,-6.032005388725644,Model 0 Baseline
VIDHIING,Chemicals,2020-12-07,2020-12-08,125.45490780897426,125.14205267728106,118.58773766830846,118.88495004341699,-5.4738154613466286,1,STOP_LOSS_INTRADAY,1.395895027350269,-5.2733557758417415,Model 0 Baseline
CIPLA,Healthcare,2020-11-12,2020-12-14,710.2042515506974,708.4331686291247,740.8339310455539,742.6906576897783,4.312798667140891,21,DAILY_CLOSE_BELOW_EMA21,5.401402414279357,-2.141711001312787,Model 0 Baseline
VADILALIND,FMCG,2020-11-26,2020-12-15,771.0324514243601,769.109677231282,801.8857388652899,803.8954775591878,4.001554977865485,12,DAILY_CLOSE_BELOW_EMA21,13.29763032063008,0.0,Model 0 Baseline
HUHTAMAKI,Containers & Packaging,2020-11-02,2020-12-16,265.9204095157332,265.2572663498585,283.81256706702015,284.5238767589174,6.728388236115582,31,DAILY_CLOSE_BELOW_EMA21,13.656558274432598,-4.0134847880314055,Model 0 Baseline
ALKYLAMINE,Chemicals,2020-11-05,2020-12-22,1185.0113840358072,1182.0562434272392,1435.2346209735372,1438.8317002240974,21.11568211990857,32,DAILY_CLOSE_BELOW_EMA21,37.588594350225534,-0.8854656403764624,Model 0 Baseline
MGEL,Agri,2020-10-23,2020-12-23,3.9446376264095306,3.934800624847412,3.728715442121029,3.7380605936050415,-5.473815461346634,42,STOP_LOSS_INTRADAY,22.926840289318903,-14.14634536124885,Model 0 Baseline
GLOBUSSPR,Alcohol,2020-12-23,2020-12-23,302.804199687732,302.0490769952439,286.22925658761807,286.94662314548174,-5.473815461346616,0,STOP_LOSS_INTRADAY,2.8185057245071072,-8.781356215517942,Model 0 Baseline
GULPOLY,FMCG,2020-12-23,2020-12-24,59.287665711905255,59.13981617147657,65.1779389266384,65.34129215703098,9.935073584032764,1,DAILY_CLOSE_BELOW_EMA21,10.833333333333341,0.0,Model 0 Baseline
JBCHEPHARM,Healthcare,2020-11-23,2020-12-30,450.9078082609466,449.783349886231,479.122815427525,480.3236244887468,6.25737825995907,25,DAILY_CLOSE_BELOW_EMA21,15.093548684910868,-1.2140055215195404,Model 0 Baseline
ASTRAZEN,Healthcare,2020-12-24,2021-01-07,4318.737899795558,4307.967979845944,4373.549522933481,4384.510799933314,1.2691583608377193,9,DAILY_CLOSE_BELOW_EMA21,11.84509006852268,-1.8223234624145694,Model 0 Baseline
VENKEYS,Consumer Goods,2021-01-08,2021-01-11,1570.4289389232745,1566.5126572800743,1470.1062112890784,1473.7906880091011,-6.388237324700594,1,STOP_LOSS_GAP_DOWN,1.4392508153232093,-5.919005431591326,Model 0 Baseline
INDIGO,Aviation,2020-12-23,2021-01-13,1567.2664925851861,1563.3580973418316,1687.910052261678,1692.1404032698524,7.6977055432029164,14,DAILY_CLOSE_BELOW_EMA21,13.601533367011276,-1.1973180076628462,Model 0 Baseline
AFFLE,Software & IT Services,2020-10-30,2021-01-14,545.36,544.0,757.9004878234864,759.7999877929688,38.972511336270784,52,DAILY_CLOSE_BELOW_EMA21,49.722424675436585,-4.3749977560604325,Model 0 Baseline
ESTER,Containers & Packaging,2020-12-23,2021-01-14,114.01942899633795,113.73509126816754,116.31085972092606,116.60236563501358,2.009684441290884,15,DAILY_CLOSE_BELOW_EMA21,8.82353220850203,-3.3613445378151225,Model 0 Baseline
MARKSANS,Healthcare,2020-12-23,2021-01-14,56.37618883978335,56.2355998401829,58.436369298748644,58.58282636466029,3.654345037086775,15,DAILY_CLOSE_BELOW_EMA21,11.913031299029953,-0.5217378035835651,Model 0 Baseline
AKASH,Infrastructure,2021-01-08,2021-01-15,237.8756233078242,237.28241726466257,224.85475066042588,225.41829640142944,-5.473815461346624,5,STOP_LOSS_INTRADAY,4.60083273475308,-6.575627017041414,Model 0 Baseline
ADANIGREEN,Miscellaneous,2021-01-15,2021-01-15,1019.1916494750976,1016.6500244140625,963.4029793853759,965.8175231933593,-5.473815461346633,0,STOP_LOSS_INTRADAY,0.0,-7.618158692483079,Model 0 Baseline
JUBLFOOD,FMCG,2020-10-28,2021-01-18,430.41776816997736,429.3444071520971,537.6553079316568,539.0028149690795,24.91475670663531,56,DAILY_CLOSE_BELOW_EMA21,37.41233023673133,-3.419109006036268,Model 0 Baseline
DRREDDY,Healthcare,2020-11-12,2021-01-18,941.2238636393093,938.8766719594108,1004.9201146809099,1007.4387114595588,6.767385900662832,45,DAILY_CLOSE_BELOW_EMA21,11.661526409839805,-4.486152083506974,Model 0 Baseline
BALKRISIND,Automobile & Ancillaries,2020-12-23,2021-01-18,1483.1018834183506,1479.4033749808984,1571.863459016241,1575.8029664323217,5.984860284399811,17,DAILY_CLOSE_BELOW_EMA21,12.741921442480713,-0.2838725428427414,Model 0 Baseline
POLYPLEX,Plastic Products,2020-12-23,2021-01-18,567.2946567930038,565.879956900752,536.241994158075,537.5859590557143,-5.473815461346634,17,STOP_LOSS_INTRADAY,3.9671682626539075,-6.244860514321465,Model 0 Baseline
ICIL,Textiles,2021-01-13,2021-01-18,141.067032029009,140.715243919211,133.34528301894233,133.67948172325043,-5.4738154613466135,3,STOP_LOSS_INTRADAY,3.1207641071858614,-5.529180698004016,Model 0 Baseline
ADVENZYMES,Consumer Goods,2020-12-24,2021-01-21,310.7187746972587,309.9439149099838,293.71060236657337,294.4467191644846,-5.473815461346628,19,STOP_LOSS_INTRADAY,4.867661422549794,-5.308806944756997,Model 0 Baseline
ASHAPURMIN,Metals & Mining,2020-11-27,2021-01-22,75.31161794000856,75.12380841896116,113.4646398824316,113.74901241346525,50.66020752975301,38,DAILY_CLOSE_BELOW_EMA21,88.28176118816675,-0.855818199607473,Model 0 Baseline
KOPRAN,Healthcare,2021-01-19,2021-01-22,116.80717294027673,116.51588323219624,120.928918265272,121.23199826092431,3.528674841829033,3,DAILY_CLOSE_BELOW_EMA21,5.9523833889081414,0.0,Model 0 Baseline
AFFLE,Software & IT Services,2021-01-20,2021-01-22,723.564409790039,721.760009765625,746.13,748.0,3.1186705571255198,2,DAILY_CLOSE_BELOW_EMA21,7.210149817560901,-0.23553704611360915,Model 0 Baseline
COFORGE,Software & IT Services,2021-01-20,2021-01-22,474.0144976576189,472.8324166160787,479.5266837209644,480.7285049834229,1.1628728848135257,2,DAILY_CLOSE_BELOW_EMA21,9.059283275792266,-0.1581003543416479,Model 0 Baseline
FINPIPE,Plastic Products,2021-01-20,2021-01-22,116.71117066989027,116.42012036896786,110.32261656464317,110.59911435051946,-5.473815461346621,2,STOP_LOSS_INTRADAY,1.4403229318128106,-5.349793442510195,Model 0 Baseline
SRF,Diversified,2020-09-28,2021-01-25,812.6610085883688,810.6344225320387,1079.270269354495,1081.9752073729273,32.806946309536784,82,DAILY_CLOSE_BELOW_EMA21,46.68004104275055,-1.6793106043105106,Model 0 Baseline
BAJFINANCE,Finance,2021-01-20,2021-01-25,484.88297534766235,483.6737908704862,490.3309194335089,491.55981898096127,1.1235585415100084,3,DAILY_CLOSE_BELOW_EMA21,5.17310973304953,-1.3486275873753137,Model 0 Baseline
KOTAKBANK,Financial Services,2021-01-20,2021-01-25,376.71805718133163,375.7786106546949,356.09720592165525,356.98968012196013,-5.473815461346635,3,STOP_LOSS_INTRADAY,0.7883656208363722,-6.084651281746793,Model 0 Baseline
PERSISTENT,Software & IT Services,2020-11-05,2021-01-27,549.4918550416972,548.1215511637878,727.416864113529,729.2399640235878,32.37991745270368,56,DAILY_CLOSE_BELOW_EMA21,47.82608902525165,-3.9043611789471298,Model 0 Baseline
JSWHL,Finance,2021-01-19,2021-01-27,3482.985798950195,3474.300048828125,3595.887652587891,3604.89990234375,3.241524948844907,5,DAILY_CLOSE_BELOW_EMA21,11.324581804746108,0.0,Model 0 Baseline
WEIZMANIND,Textiles,2021-01-22,2021-01-27,41.329280398185,41.22621486103242,39.06699185768585,39.1649041179808,-5.473815461346622,2,STOP_LOSS_INTRADAY,4.423742404517373,-6.053549300660304,Model 0 Baseline
DIVISLAB,Healthcare,2021-01-20,2021-01-28,3515.5409087323555,3506.773973797861,3323.106686920198,3331.4352751079678,-5.473815461346627,5,STOP_LOSS_INTRADAY,0.9944930483815518,-6.060605942475736,Model 0 Baseline
ADANIGREEN,Miscellaneous,2021-01-20,2021-02-01,997.1366494750976,994.6500244140625,1015.455,1018.0,1.8370953002826085,7,DAILY_CLOSE_BELOW_EMA21,7.118074198964602,-1.6387722744718356,Model 0 Baseline
BAJAJFINSV,Finance,2021-01-20,2021-02-01,893.2609249741531,891.0333416201029,870.1108587101855,872.291587679384,-2.591635390816791,7,DAILY_CLOSE_BELOW_EMA21,5.044195410742477,-2.9363380351771573,Model 0 Baseline
ICIL,Textiles,2021-01-28,2021-02-01,130.6353414418999,130.30956752309217,128.07926714142042,128.40026781094778,-1.956648386467681,2,DAILY_CLOSE_BELOW_EMA21,5.2014810631880275,-1.831501831501836,Model 0 Baseline
SUBEXLTD,Software & IT Services,2021-01-27,2021-02-01,26.503736602552745,26.437642496311966,25.05297097056763,25.115760371496368,-5.473815461346626,3,STOP_LOSS_INTRADAY,2.583021570986632,-8.856081113802261,Model 0 Baseline
ESTER,Containers & Packaging,2021-01-29,2021-02-01,114.78595853910696,114.4997092659421,108.50278699313837,108.77472380264498,-5.4738154613466445,1,STOP_LOSS_INTRADAY,3.255413558848214,-16.52755367322141,Model 0 Baseline
GTPL,Telecom,2021-01-29,2021-02-01,117.26006502022277,116.96764590545912,110.8414654511607,111.11926361018617,-5.473815461346632,1,STOP_LOSS_INTRADAY,6.65640831368355,-6.271642957982025,Model 0 Baseline
AARON,Capital Goods,2021-02-01,2021-02-01,24.653981437852483,24.592500187384026,23.30446799006979,23.362875178014825,-5.473815461346618,0,STOP_LOSS_INTRADAY,0.8982051430039389,-6.487026145676972,Model 0 Baseline
RELIGARE,Finance,2021-01-28,2021-02-02,62.65625,62.5,64.98712652206422,65.1500015258789,3.720102179853112,3,DAILY_CLOSE_BELOW_EMA21,5.6000000000000005,-1.1200012207031251,Model 0 Baseline
BEPL,Chemicals,2021-01-29,2021-02-03,72.63732832522997,72.456187855591,68.6612950166544,68.83337846281144,-5.473815461346647,3,STOP_LOSS_INTRADAY,4.3662032104868995,-5.281698107201292,Model 0 Baseline
SAKAR,Healthcare,2021-02-03,2021-02-05,105.96424694061278,105.69999694824219,100.163959608078,100.41499710083008,-5.473815461346624,2,STOP_LOSS_INTRADAY,3.6423899854990975,-6.622516747495906,Model 0 Baseline
MANAKSIA,Diversified / Other,2021-01-28,2021-02-08,47.03509615366809,46.91780164954424,49.31810954466151,49.441713829234594,4.85385080012295,7,DAILY_CLOSE_BELOW_EMA21,7.012490864062011,-2.593657048816761,Model 0 Baseline
CYBERTECH,Software & IT Services,2021-02-01,2021-02-08,107.03234759960745,106.76543401457103,116.88861018267558,117.18156409290783,9.208676446058144,5,DAILY_CLOSE_BELOW_EMA21,17.886184912258507,-2.276425245331558,Model 0 Baseline
JSL,Metals & Mining,2021-02-04,2021-02-08,75.88153534453662,75.69230458307892,74.77049057642745,74.95788528965157,-1.4641832997507491,2,DAILY_CLOSE_BELOW_EMA21,6.985762517979807,-2.6520081431623277,Model 0 Baseline
ESTER,Containers & Packaging,2021-02-04,2021-02-08,104.72541883188303,104.464258186417,98.9929426639034,99.24104527709615,-5.4738154613466286,2,STOP_LOSS_INTRADAY,0.2287282644279767,-6.129915207534959,Model 0 Baseline
RESPONIND,Construction Materials,2021-02-02,2021-02-09,181.5113370713864,181.05869034552262,171.5757414386759,172.0057558282465,-5.4738154613466135,5,STOP_LOSS_INTRADAY,4.596761430588716,-8.064956834987127,Model 0 Baseline
ARMANFIN,Finance,2021-01-29,2021-02-16,679.6949999999999,678.0,694.26,696.0,2.1428729062300085,12,DAILY_CLOSE_BELOW_EMA21,9.882005899705016,0.0,Model 0 Baseline
SURYAROSNI,Diversified,2021-02-11,2021-02-16,75.92292662187056,75.73359264026989,79.49689602212439,79.69613636303197,4.707365165273151,3,DAILY_CLOSE_BELOW_EMA21,10.882351051543136,0.0,Model 0 Baseline
SAKAR,Healthcare,2021-02-11,2021-02-16,99.24749999999999,99.0,93.814875,94.05,-5.4738154613466214,3,STOP_LOSS_INTRADAY,1.9191934604837437,-6.161614620324337,Model 0 Baseline
RESPONIND,Construction Materials,2021-02-11,2021-02-17,182.7604147880325,182.30465315514465,172.75644694614394,173.1894204973874,-5.473815461346636,4,STOP_LOSS_INTRADAY,0.792769261229826,-5.631499700451719,Model 0 Baseline
BATAINDIA,Footwear,2021-01-29,2021-02-22,1384.3693286547261,1380.9170360645649,1308.5915063006832,1311.8711842613366,-5.473815461346625,16,STOP_LOSS_INTRADAY,4.271449303873905,-5.2701778766487495,Model 0 Baseline
ALKEM,Healthcare,2021-02-04,2021-02-22,2787.2981795454407,2780.3473112672727,2634.726620839649,2641.329945703909,-5.473815461346635,12,STOP_LOSS_INTRADAY,1.987302820481687,-7.0170294710309555,Model 0 Baseline
CGCL,Finance,2021-02-22,2021-02-24,326.31202957118376,325.49828386152996,323.8372211403863,324.64884324850755,-0.7584177739477368,2,DAILY_CLOSE_BELOW_EMA21,9.43751294375204,-2.073075492966131,Model 0 Baseline
IFBIND,Consumer Durables,2021-02-24,2021-02-24,1246.1074999999998,1243.0,1177.8978749999999,1180.85,-5.473815461346631,0,STOP_LOSS_INTRADAY,4.585679806918745,-12.284790922918344,Model 0 Baseline
BERGEPAINT,Chemicals,2021-02-25,2021-02-26,588.4220061762888,586.9546196272208,556.2128714242451,557.6068886458597,-5.47381546134663,1,STOP_LOSS_INTRADAY,0.4258208079639108,-7.273354122975184,Model 0 Baseline
ONWARDTEC,Software & IT Services,2021-01-28,2021-03-01,81.92412933120934,81.7198297568173,91.59047502461179,91.82002508733011,11.799143637306882,22,DAILY_CLOSE_BELOW_EMA21,20.50561280403292,-4.5505675671850865,Model 0 Baseline
PITTIENG,Capital Goods,2021-02-26,2021-03-01,57.12677082738488,56.98431005225425,53.99975681326744,54.135094549641536,-5.473815461346617,1,STOP_LOSS_INTRADAY,4.823425500923008,-8.61326569769714,Model 0 Baseline
BHARATRAS,Chemicals,2021-02-22,2021-03-08,2469.5198355840835,2463.3614320040733,2482.248808137426,2488.4699830951636,0.5154432197679334,10,DAILY_CLOSE_BELOW_EMA21,7.302244312608162,-1.520793055907718,Model 0 Baseline
HCLTECH,Software & IT Services,2021-02-26,2021-03-08,722.8026030055913,721.0001027487195,754.4444238760306,756.3352620311083,4.377657293826108,6,DAILY_CLOSE_BELOW_EMA21,7.048442624950667,-0.31938594868529047,Model 0 Baseline
WIPRO,Software & IT Services,2021-03-02,2021-03-08,192.17020747638205,191.69098002631625,193.67196571845048,194.15735911624108,0.7814729774140464,4,DAILY_CLOSE_BELOW_EMA21,5.861350887266789,-0.6433134745720742,Model 0 Baseline
IFBIND,Consumer Durables,2021-03-04,2021-03-08,1218.0375,1215.0,1151.364375,1154.25,-5.473815461346617,2,STOP_LOSS_INTRADAY,1.2345679012345678,-6.082306536136831,Model 0 Baseline
NEWGEN,Software & IT Services,2021-02-22,2021-03-09,141.35387930965723,141.00137586998227,139.48077385026625,139.83034972457767,-1.32511783089282,11,DAILY_CLOSE_BELOW_EMA21,11.186441746669175,-3.3898305084745903,Model 0 Baseline
ROML,Diversified / Other,2021-02-26,2021-03-10,102.35524847030639,102.0999984741211,108.7275,109.0,6.225622647520831,8,DAILY_CLOSE_BELOW_EMA21,27.57101072142913,0.0,Model 0 Baseline
VISHWARAJ,Agri,2021-03-08,2021-03-10,24.763519186476046,24.701764774539697,23.408009844473177,23.46667653581271,-5.473815461346644,2,STOP_LOSS_INTRADAY,1.5625058433139847,-5.46873992498927,Model 0 Baseline
CAMS,Finance,2021-02-24,2021-03-12,326.04714100496994,325.2340558653067,340.1482753030756,341.00077724619103,4.324875922739866,11,DAILY_CLOSE_BELOW_EMA21,9.300991380360053,-0.7271664771789822,Model 0 Baseline
RAMCOSYS,Software & IT Services,2021-03-12,2021-03-15,585.1592622375488,583.7000122070312,598.2007621765136,599.7000122070312,2.2287094780139705,1,DAILY_CLOSE_BELOW_EMA21,5.19102058579737,-1.1050217701115124,Model 0 Baseline
BRIGADE,Real Estate,2021-02-01,2021-03-16,179.88206530710076,179.43348160309304,211.6512250338404,212.18167923192019,17.66110460901272,30,DAILY_CLOSE_BELOW_EMA21,23.034290674447835,-3.325812361070155,Model 0 Baseline
NIITLTD,Software & IT Services,2021-03-10,2021-03-16,182.04134559175967,181.58737714888747,172.0767382707145,172.50800829144308,-5.473815461346622,3,STOP_LOSS_INTRADAY,1.6609592705775709,-5.035585504889236,Model 0 Baseline
CROMPTON,Consumer Durables,2021-02-26,2021-03-17,362.95810531355033,362.052972881347,382.0543996245983,383.01192944821884,5.261294356424739,12,DAILY_CLOSE_BELOW_EMA21,10.593336426236265,-1.1026468250862014,Model 0 Baseline
SHARDAMOTR,Automobile & Ancillaries,2021-03-15,2021-03-17,411.75191403168816,410.72510127849193,389.21337409903094,390.1888462145673,-5.473815461346626,2,STOP_LOSS_INTRADAY,1.129408892463229,-6.352946082179075,Model 0 Baseline
GOLDENTOBC,FMCG,2021-03-18,2021-03-18,45.413249235153195,45.29999923706055,42.9274117770195,43.03499927520752,-5.473815461346628,0,STOP_LOSS_INTRADAY,0.441502795381572,-10.816772171538771,Model 0 Baseline
KELLTONTEC,Diversified / Other,2021-03-18,2021-03-18,13.832004452153805,13.797510675465144,13.074866053837658,13.107635141691887,-5.473815461346617,0,STOP_LOSS_INTRADAY,3.896103717382668,-5.26695209465348,Model 0 Baseline
BALAMINES,Chemicals,2020-12-24,2021-03-19,895.3567815563388,893.1239716272706,1593.139037424293,1597.131867092023,77.93343058786533,58,DAILY_CLOSE_BELOW_EMA21,108.41627692819664,-0.8202962495381373,Model 0 Baseline
EKC,Capital Goods,2021-01-29,2021-03-19,48.80945435844164,48.68773502088942,69.8258415272486,70.00084363633944,43.05802522287806,34,DAILY_CLOSE_BELOW_EMA21,77.30924467063276,-0.10040007595690473,Model 0 Baseline
PDMJEPAPER,Paper,2021-02-11,2021-03-19,20.550157097402227,20.498909822845114,22.825297732077225,22.882503992057366,11.071159329300704,25,DAILY_CLOSE_BELOW_EMA21,30.930240079923482,-0.9302361066951285,Model 0 Baseline
PITTIENG,Capital Goods,2021-03-03,2021-03-19,57.66802339299972,57.524212860847605,65.2628672809251,65.42643336433594,13.1699396668541,11,DAILY_CLOSE_BELOW_EMA21,30.972709917015205,0.0,Model 0 Baseline
RESPONIND,Construction Materials,2021-03-22,2021-03-24,165.12387197779174,164.7120917484207,155.2028934366924,155.5918731194911,-6.008203672957513,2,DAILY_CLOSE_BELOW_EMA21,6.444776974596371,-2.4810929522031033,Model 0 Baseline
CROMPTON,Consumer Durables,2021-03-22,2021-03-24,382.3495212557295,381.39603117778506,361.4204140448486,362.3262296188958,-5.473815461346616,2,STOP_LOSS_INTRADAY,0.0,-8.822417741725555,Model 0 Baseline
TIINDIA,Automobile & Ancillaries,2021-01-28,2021-03-25,776.225911345305,774.2901858806035,1088.549367379259,1091.277561282465,40.23615438096558,39,DAILY_CLOSE_BELOW_EMA21,58.87677998536398,-4.0792770805763485,Model 0 Baseline
RKFORGE,Automobile & Ancillaries,2021-03-19,2021-03-25,99.42188375250618,99.17394888030542,101.83473175467924,102.08995664629497,2.4268781792340985,4,DAILY_CLOSE_BELOW_EMA21,11.810739587140116,-2.7423069140470644,Model 0 Baseline
BORORENEW,Construction Materials,2021-03-22,2021-03-25,264.65999999999997,264.0,250.173,250.79999999999998,-5.4738154613466214,3,STOP_LOSS_INTRADAY,1.401519775390625,-9.090909090909092,Model 0 Baseline
SUNFLAG,Metals & Mining,2021-03-22,2021-03-25,61.27873329753721,61.125918501284,57.92444851977925,58.06962257621979,-5.473815461346636,3,STOP_LOSS_INTRADAY,0.8156635745674231,-7.667210343955909,Model 0 Baseline
DLF,Real Estate,2021-03-23,2021-03-25,280.9228212741053,280.2222656100801,265.5456244487522,266.2111523295761,-5.473815461346601,2,STOP_LOSS_INTRADAY,2.994222012010778,-8.132019638610121,Model 0 Baseline
RELAXO,Footwear,2021-03-19,2021-03-26,824.595814061433,822.5394653979382,842.6396454739751,844.7515242846868,2.1882031299273383,5,DAILY_CLOSE_BELOW_EMA21,9.798056708920189,-1.3980179072431804,Model 0 Baseline
POWERINDIA,Capital Goods,2021-03-22,2021-03-26,1318.4376020224001,1315.1497277031424,1371.4919261273928,1374.929249250519,4.0240299596742926,4,DAILY_CLOSE_BELOW_EMA21,9.090914119324038,-1.8825739080255595,Model 0 Baseline
GNA,Diversified / Other,2021-03-22,2021-03-26,180.31630056576185,179.86663398080984,170.4461190260649,170.87330228176933,-5.473815461346636,4,STOP_LOSS_INTRADAY,4.764445902387924,-7.687174054159887,Model 0 Baseline
CERA,Construction Materials,2021-03-26,2021-03-30,3544.7068887435794,3535.86722069185,3684.3140401457717,3693.547909920573,3.938468138099737,1,DAILY_CLOSE_BELOW_EMA21,7.901353990709463,-0.2959446262668948,Model 0 Baseline
ASTRAL,Plastic Products,2021-03-30,2021-03-30,1230.914016884213,1227.8444058695393,1163.536055112122,1166.4521855760622,-5.473815461346628,0,STOP_LOSS_INTRADAY,0.0,-6.595170096928504,Model 0 Baseline
JUBLFOOD,FMCG,2021-03-22,2021-04-01,568.6647711286292,567.2466544923983,579.9989578139626,581.4525892871806,1.9931227079248184,7,DAILY_CLOSE_BELOW_EMA21,5.290643892686768,-2.192822426164848,Model 0 Baseline
ARVIND,Textiles,2021-03-30,2021-04-05,62.29875566222765,62.14339716930439,58.88863674256208,59.03622731083917,-5.473815461346622,3,STOP_LOSS_INTRADAY,4.826536624943105,-6.259432932477477,Model 0 Baseline
BAJFINANCE,Finance,2021-03-30,2021-04-05,510.92795380661823,509.6538192584721,482.9607004748096,484.17112829554844,-5.473815461346632,3,STOP_LOSS_INTRADAY,1.0248545175854704,-6.00303926699628,Model 0 Baseline
BUTTERFLY,Consumer Durables,2021-03-30,2021-04-05,553.945643116351,552.5642325350135,523.6236808559921,524.9360209082628,-5.473815461346635,3,STOP_LOSS_INTRADAY,2.499089746625371,-14.101414887216656,Model 0 Baseline
CROMPTON,Consumer Durables,2021-03-30,2021-04-05,370.6765685651313,369.75218809489405,350.386417243424,351.26457869014934,-5.47381546134663,3,STOP_LOSS_INTRADAY,2.5706950598915093,-6.362477553628275,Model 0 Baseline
HONAUT,Consumer Durables,2021-03-23,2021-04-06,44287.73334258055,44177.29011728733,44472.16131885324,44583.62036977769,0.4164312832315939,8,DAILY_CLOSE_BELOW_EMA21,6.6432434329714924,-3.558005816089268,Model 0 Baseline
AMBER,Consumer Durables,2021-03-30,2021-04-06,3119.7799999999997,3112.0,3246.8625,3255.0,4.073444281327544,4,DAILY_CLOSE_BELOW_EMA21,8.913878610017674,-0.2249357326478149,Model 0 Baseline
BORORENEW,Construction Materials,2021-04-07,2021-04-09,248.4696311187744,247.85000610351562,250.3226219558716,250.9499969482422,0.7457614955814948,2,DAILY_CLOSE_BELOW_EMA21,6.899336567445447,-1.7550962261016958,Model 0 Baseline
HAVELLS,Capital Goods,2021-03-22,2021-04-12,1011.7369896002491,1009.2139547134655,1008.6156591971848,1011.1435179921651,-0.30851203772806884,13,DAILY_CLOSE_BELOW_EMA21,5.157725184197924,-2.963676751092219,Model 0 Baseline
MAZDOCK,Ship Building,2021-03-22,2021-04-12,98.04154740720233,97.79705477027665,92.6749340266834,92.90720203176281,-5.47381546134663,13,STOP_LOSS_INTRADAY,4.953777510668462,-5.143383201587678,Model 0 Baseline
MRF,Automobile & Ancillaries,2021-03-22,2021-04-12,83852.0051524665,83642.89790769726,79262.10112978161,79460.75301231239,-5.473815461346635,13,STOP_LOSS_INTRADAY,1.1822485207100442,-6.62719969976796,Model 0 Baseline
ICICIBANK,Banks,2021-03-24,2021-04-12,557.6698161362972,556.2791183404461,527.1439995173653,528.4651624234237,-5.473815461346622,11,STOP_LOSS_INTRADAY,2.775846935410119,-8.422416625562155,Model 0 Baseline
DLF,Real Estate,2021-04-07,2021-04-12,267.58883300583216,266.92152918287496,252.94151409192187,253.5754527237312,-5.473815461346641,3,STOP_LOSS_INTRADAY,2.5539997008260573,-12.841590128742169,Model 0 Baseline
DIXON,Consumer Durables,2021-04-08,2021-04-12,3736.194768706912,3726.877574769987,3531.682361791409,3540.5336960314876,-5.473815461346623,2,STOP_LOSS_INTRADAY,1.7389618995639702,-6.291828710862428,Model 0 Baseline
QUESS,Services,2021-04-08,2021-04-12,580.1890283267606,578.7421728945244,548.4305515891738,549.8050642497982,-5.473815461346608,2,STOP_LOSS_INTRADAY,2.494670333108585,-8.57922774539655,Model 0 Baseline
BORORENEW,Construction Materials,2021-04-09,2021-04-12,251.57737194061278,250.9499969482422,237.806490858078,238.40249710083006,-5.473815461346626,1,STOP_LOSS_INTRADAY,2.8093258168924615,-12.333133024355265,Model 0 Baseline
KAJARIACER,Construction Materials,2021-03-26,2021-04-13,879.0789550811076,876.8867382355188,861.8962019112294,864.0563427681496,-1.9546313866986889,10,DAILY_CLOSE_BELOW_EMA21,8.505042312976748,-3.3044790493401783,Model 0 Baseline
ACE,Capital Goods,2021-03-30,2021-04-13,155.4161280966445,155.0285567048823,149.00870355821482,149.3821589556038,-4.1227539360942504,9,DAILY_CLOSE_BELOW_EMA21,7.987234914054247,-4.56867094485901,Model 0 Baseline
DPWIRES,Metals & Mining,2021-04-15,2021-04-16,92.56515804402042,92.33432223842436,93.75518229097203,93.99015768518498,1.2856071032533418,1,DAILY_CLOSE_BELOW_EMA21,6.654087380555965,-2.3596037031096473,Model 0 Baseline
EQUITASBNK,Banks,2021-04-15,2021-04-16,49.97061865051069,49.84600364140717,53.57235764043729,53.706624200939636,7.207713426797435,1,DAILY_CLOSE_BELOW_EMA21,7.84313725490196,0.0,Model 0 Baseline
CARBORUNIV,Manufacturing,2021-03-30,2021-04-19,480.7471353693719,479.5482647076029,474.63820898473614,475.82777843081317,-1.2707150880768328,12,DAILY_CLOSE_BELOW_EMA21,10.044920982755775,-3.021639069379579,Model 0 Baseline
KEC,Capital Goods,2021-04-15,2021-04-19,387.0676414872908,386.10238552348216,399.30635660045505,400.30712441148376,3.161906034340017,2,DAILY_CLOSE_BELOW_EMA21,5.419756746463008,-0.6790123456790113,Model 0 Baseline
IMPAL,Automobile & Ancillaries,2021-04-16,2021-04-19,578.8068140919431,577.3634055779982,543.7582847358052,545.1210874544413,-6.055306969929777,1,STOP_LOSS_GAP_DOWN,0.09031935623456461,-5.584406252987075,Model 0 Baseline
GOODYEAR,Automobile & Ancillaries,2021-04-08,2021-04-19,740.3379665877204,738.4917372446089,699.8132325064224,701.5671503823784,-5.4738154613466445,6,STOP_LOSS_INTRADAY,0.3152305386625308,-10.136423226283984,Model 0 Baseline
AUBANK,Financial Services,2021-04-15,2021-04-19,538.5321901244055,537.1892170817013,509.0539318370471,510.32975622761614,-5.473815461346634,2,STOP_LOSS_INTRADAY,2.146553490354661,-9.946335288214078,Model 0 Baseline
HAVELLS,Capital Goods,2021-04-15,2021-04-19,997.324890278776,994.8377957893028,942.7331662348381,945.0959059998377,-5.473815461346626,2,STOP_LOSS_INTRADAY,0.6691906291765314,-5.819021501545405,Model 0 Baseline
JKPAPER,Paper,2021-04-15,2021-04-19,124.77567905892751,124.46451776451623,117.94568864659969,118.24129187629042,-5.473815461346625,2,STOP_LOSS_INTRADAY,1.1700283661997577,-7.09322423952764,Model 0 Baseline
NCC,Infrastructure,2021-04-19,2021-04-20,64.3717819993431,64.2112538646814,70.45578608011567,70.6323669976097,9.45135258308471,1,DAILY_CLOSE_BELOW_EMA21,11.21428353445869,-1.1428615025111757,Model 0 Baseline
AAVAS,Finance,2021-04-15,2021-04-22,2276.17625,2270.5,2151.5825625,2156.975,-5.473815461346622,4,STOP_LOSS_INTRADAY,4.089411920557146,-5.08698524554063,Model 0 Baseline
PGEL,Consumer Durables,2021-04-22,2021-04-23,30.58286677810333,30.506600277409806,34.28770116856491,34.37363525670667,12.114084717244882,1,DAILY_CLOSE_BELOW_EMA21,9.629873789500557,-0.7861112535878324,Model 0 Baseline
OLECTRA,Electricals,2021-04-19,2021-04-26,186.39315724378307,185.92833640277613,184.01924985317424,184.4804509806258,-1.2736022210858278,4,DAILY_CLOSE_BELOW_EMA21,5.236298497751438,-4.296458510173387,Model 0 Baseline
VOLTAS,Consumer Durables,2021-04-19,2021-04-29,912.2251094288423,909.9502338442318,940.6464353647084,943.0039452277778,3.115604431636519,7,DAILY_CLOSE_BELOW_EMA21,5.44870635588361,-1.9230769230769305,Model 0 Baseline
ASTRAL,Plastic Products,2021-04-16,2021-04-30,1143.8949559317225,1141.0423500565812,1213.6741870353808,1216.7159769778252,6.100143264188264,9,DAILY_CLOSE_BELOW_EMA21,13.719100611728111,-0.1950585175552622,Model 0 Baseline
ANANTRAJ,Real Estate,2021-04-22,2021-04-30,50.063603445256796,49.93875655387212,49.12342056333307,49.24653690559706,-1.8779768478946783,6,DAILY_CLOSE_BELOW_EMA21,5.346541427726569,-3.3663287054885056,Model 0 Baseline
ORIENTELEC,FMCG,2021-04-26,2021-04-30,275.1991325509252,274.512850424863,260.13523988386083,260.78720790361984,-5.473815461346631,4,STOP_LOSS_INTRADAY,0.6312531471420397,-6.715768534420909,Model 0 Baseline
KAJARIACER,Construction Materials,2021-04-22,2021-05-03,847.8622147012369,845.7478450885156,874.3110708395589,876.5023266561993,3.119475744964269,7,DAILY_CLOSE_BELOW_EMA21,7.5908950457436,-2.14773325684689,Model 0 Baseline
PGEL,Consumer Durables,2021-04-29,2021-05-03,34.10896441783212,34.02390465619164,32.24190264982361,32.32270942338206,-5.47381546134662,2,STOP_LOSS_INTRADAY,3.142423683066274,-6.020566888860076,Model 0 Baseline
HNDFDS,FMCG,2021-04-22,2021-05-04,404.0075,403.0,411.1695121765137,412.20001220703125,1.7727423813948286,8,DAILY_CLOSE_BELOW_EMA21,8.188585607940446,-1.7369727047146404,Model 0 Baseline
TORNTPOWER,Power,2021-04-23,2021-05-04,343.1665269942695,342.31075011897207,351.18554704450406,352.06571132281107,2.3367722139078255,7,DAILY_CLOSE_BELOW_EMA21,7.512950037485779,-0.5051845095935888,Model 0 Baseline
MAHLIFE,Real Estate,2021-04-30,2021-05-06,160.24296611961464,159.8433577253014,151.47156186443874,151.85118983903632,-5.473815461346622,4,STOP_LOSS_INTRADAY,2.226719530417893,-6.467608476287266,Model 0 Baseline
BUTTERFLY,Consumer Durables,2021-04-09,2021-05-07,538.7525957269428,537.409073044332,618.6136765023034,620.1640867191011,14.823331044484988,18,DAILY_CLOSE_BELOW_EMA21,32.142860582333654,-1.391465677179963,Model 0 Baseline
SUNDARMFIN,Finance,2021-04-26,2021-05-07,2226.738000805196,2221.185038209672,2371.8500234775283,2377.794509751908,6.516798232206007,9,DAILY_CLOSE_BELOW_EMA21,10.060179945624549,-1.0941509532190468,Model 0 Baseline
HGINFRA,Infrastructure,2021-04-15,2021-05-11,263.7237093620339,263.0660442514054,275.23287263246976,275.92267933079677,4.364098813215291,17,DAILY_CLOSE_BELOW_EMA21,14.285722068609985,-4.323304270307285,Model 0 Baseline
JUSTDIAL,It,2021-05-07,2021-05-11,834.5311372375488,832.4500122070312,788.850442817688,790.8275115966796,-5.473815461346635,2,STOP_LOSS_INTRADAY,0.5946317658050772,-5.111416561837532,Model 0 Baseline
MAHLOG,Logistics,2021-05-06,2021-05-17,513.4075432329968,512.1272251700716,517.6194208718874,518.9167126535212,0.8203770463456559,6,DAILY_CLOSE_BELOW_EMA21,7.007563895320845,-0.9469696969697042,Model 0 Baseline
LINDEINDIA,Diversified,2021-05-20,2021-05-25,1691.9625700192917,1687.7432119893185,1599.347661261378,1603.3560513898526,-5.473815461346616,3,STOP_LOSS_INTRADAY,0.0,-5.045727948790558,Model 0 Baseline
GREENPANEL,Construction Materials,2021-04-01,2021-06-10,159.86868330937963,159.470008288658,243.71300469230945,244.32381422787913,52.44574462446367,46,DAILY_CLOSE_BELOW_EMA21,65.43212077155496,0.0,Model 0 Baseline
PRSMJOHNSN,Cement & Cement Products,2021-06-03,2021-06-10,131.3275,131.0,135.16125,135.5,2.919228645942403,5,DAILY_CLOSE_BELOW_EMA21,7.251908396946565,-0.03817026851741412,Model 0 Baseline
EQ30,Unclassified,2021-06-07,2021-06-10,413.03,412.0,411.86774391174316,412.8999938964844,-0.28139749854897006,3,DAILY_CLOSE_BELOW_EMA21,5.6310709240367105,-2.1844660194174756,Model 0 Baseline
GSS,Software & IT Services,2021-05-31,2021-06-11,65.11237194061279,64.94999694824219,66.83250000000001,67.0,2.6417837472671137,9,DAILY_CLOSE_BELOW_EMA21,10.854508672842385,-4.234020499637854,Model 0 Baseline
TANLA,Software & IT Services,2021-06-11,2021-06-14,796.4058319098133,794.4197824536791,752.8120463476675,754.698793330995,-5.473815461346646,1,STOP_LOSS_INTRADAY,0.2344665885111371,-7.022277441286462,Model 0 Baseline
BAJAJELEC,Consumer Durables,2021-06-03,2021-06-17,996.0457174315513,993.5618128993032,941.5240129487022,943.883722254338,-5.473815461346622,10,STOP_LOSS_INTRADAY,0.44444324329517887,-6.85184181170184,Model 0 Baseline
ADVENZYMES,Consumer Goods,2021-06-04,2021-06-17,395.6062775460757,394.61972822551195,373.95151995970076,374.8887418142363,-5.47381546134663,9,STOP_LOSS_INTRADAY,7.048988448509497,-6.798087862520583,Model 0 Baseline
DYNPRO,Chemicals,2021-06-17,2021-06-18,480.8313744354248,479.6322937011719,454.511552318573,455.65067901611326,-5.473815461346622,1,STOP_LOSS_INTRADAY,2.500516810547529,-5.488690263683773,Model 0 Baseline
CENTURYPLY,Construction Materials,2021-04-15,2021-06-29,300.08454787039665,299.33620735201663,396.5682102835171,397.5621155724482,32.15215948233053,51,DAILY_CLOSE_BELOW_EMA21,48.14570640150267,-1.39073251888452,Model 0 Baseline
PUNJABCHEM,Chemicals,2021-04-23,2021-06-29,868.7278952765773,866.5614915477081,1287.2505396064887,1290.4767314350763,48.17649422857155,46,DAILY_CLOSE_BELOW_EMA21,64.96016721502947,-2.1558602494981023,Model 0 Baseline
IIFL,Finance,2021-06-21,2021-06-29,247.70389906710764,247.08618360808742,232.88852948565423,233.47221001068093,-5.981080490557659,6,STOP_LOSS_GAP_DOWN,0.9411740770526935,-5.509807711061711,Model 0 Baseline
SJVN,Power,2021-04-12,2021-06-30,21.391601235720966,21.338255596729145,23.31607445449729,23.374510731325604,8.996396284550801,54,DAILY_CLOSE_BELOW_EMA21,22.465225007520026,-2.5844915641722714,Model 0 Baseline
PGHH,FMCG,2021-06-03,2021-06-30,12289.214679691098,12258.56825904349,12282.614033201555,12313.397527019102,-0.05371088927636418,19,DAILY_CLOSE_BELOW_EMA21,7.161305265099356,-3.1536653779091783,Model 0 Baseline
TI,Alcohol,2021-06-03,2021-06-30,37.65629890295324,37.56239292065161,37.76585006713175,37.86050132043283,0.2909238756066933,19,DAILY_CLOSE_BELOW_EMA21,12.830694393547986,-4.232806319322257,Model 0 Baseline
DYNPRO,Chemicals,2021-06-21,2021-07-01,476.94001747131347,475.7506408691406,450.83320105361935,451.96310882568355,-5.473815461346639,8,STOP_LOSS_INTRADAY,4.811719144749473,-5.313803991264062,Model 0 Baseline
BROOKS,Healthcare,2021-06-29,2021-07-02,92.84304000854492,92.61151123046875,87.39048093795776,87.60950469970703,-5.872878645599416,3,DAILY_CLOSE_BELOW_EMA21,5.935829114895933,-0.6951854124336754,Model 0 Baseline
GESHIP,Logistics,2021-06-29,2021-07-08,320.3831136626198,319.58415327942123,302.84593325141157,303.60494561545016,-5.4738154613466286,7,STOP_LOSS_INTRADAY,0.7890064015456264,-6.032071721583524,Model 0 Baseline
SHANTIGEAR,Automobile & Ancillaries,2021-06-17,2021-07-12,136.20755830922457,135.86788858775517,139.06372283736522,139.41225347104282,2.0969207315620904,17,DAILY_CLOSE_BELOW_EMA21,6.3304283774397785,-4.591287289767553,Model 0 Baseline
GREENPANEL,Construction Materials,2021-06-30,2021-07-13,226.33263856323907,225.7682180181936,237.625098644062,238.22065026973632,4.989320211396614,9,DAILY_CLOSE_BELOW_EMA21,12.491824378509635,0.0,Model 0 Baseline
TEXINFRA,Diversified / Other,2021-07-05,2021-07-19,66.33907343982466,66.17363934147099,64.72362708981215,64.88584169404727,-2.4351355336276375,10,DAILY_CLOSE_BELOW_EMA21,5.314382311283347,-4.191604127147785,Model 0 Baseline
BROOKS,Healthcare,2021-07-12,2021-07-19,91.35358499526977,91.12577056884766,88.92191345214844,89.144775390625,-2.661823882715972,5,DAILY_CLOSE_BELOW_EMA21,10.652168944218776,-2.391310408700174,Model 0 Baseline
SUPREMEIND,Plastic Products,2021-06-29,2021-07-19,2103.5797846177175,2098.333949743359,1988.4337091255506,1993.417252256191,-5.473815461346632,14,STOP_LOSS_INTRADAY,1.084148212029652,-6.024511444505254,Model 0 Baseline
DYNPRO,Chemicals,2021-07-05,2021-07-20,504.8779437255859,503.618896484375,520.9253187561036,522.2308959960938,3.178466247129196,11,DAILY_CLOSE_BELOW_EMA21,13.577073747965773,-0.6917037962054913,Model 0 Baseline
GRAPHITE,Industrial Manufacturing,2021-07-09,2021-07-20,570.4427825499258,569.0202319700009,585.6166242486671,587.084335086383,2.660011163768779,7,DAILY_CLOSE_BELOW_EMA21,7.761915791579519,-2.391750417017022e-06,Model 0 Baseline
VAIBHAVGBL,Diamond  &  Jewellery,2021-06-10,2021-07-20,733.5455013312027,731.7162108041922,693.3925742633227,695.1304002639826,-5.473815461346627,28,STOP_LOSS_INTRADAY,4.990767784094114,-7.403920558262844,Model 0 Baseline
HINDALCO,Metals & Mining,2021-06-21,2021-07-22,353.1267437451339,352.24612842407373,373.67908642591635,374.6156254896404,5.820103700674651,22,DAILY_CLOSE_BELOW_EMA21,10.656877027618771,-1.7715999204496755,Model 0 Baseline
TDPOWERSYS,Capital Goods,2021-07-05,2021-07-22,18.294988379217596,18.249364966800595,19.51441212275989,19.563320423819437,6.6653430888620395,12,DAILY_CLOSE_BELOW_EMA21,16.799976240771283,-3.4666646321614656,Model 0 Baseline
PANACEABIO,Healthcare,2021-07-23,2021-07-26,363.8072438812256,362.8999938964844,330.47173782348636,331.29998779296875,-9.162958302342785,1,STOP_LOSS_GAP_DOWN,0.0,-8.707634785061305,Model 0 Baseline
BLUEDART,Logistics,2021-06-22,2021-07-26,5648.264432876708,5634.178985413176,5339.088861052161,5352.470036142517,-5.473815461346628,23,STOP_LOSS_INTRADAY,3.889788386654596,-7.066438936909505,Model 0 Baseline
HUDCO,Finance,2021-07-23,2021-07-26,39.43549689047578,39.33715400546213,37.276870564426055,37.37029630518902,-5.473815461346616,1,STOP_LOSS_INTRADAY,1.674873840632693,-7.7832624402036465,Model 0 Baseline
CONCOR,Logistics,2021-07-22,2021-07-27,625.6341156960864,624.0739308689141,591.3880587396548,592.8702343254683,-5.4738154613466286,3,STOP_LOSS_INTRADAY,3.4364036713323873,-5.869585298106225,Model 0 Baseline
JKCEMENT,Construction Materials,2021-06-18,2021-07-28,2743.2658032124023,2736.424741359005,2935.0398845661693,2942.395874251799,6.990721829769357,27,DAILY_CLOSE_BELOW_EMA21,17.106699586047903,-0.2848378589814138,Model 0 Baseline
ASHAPURMIN,Metals & Mining,2021-07-19,2021-07-28,140.80643988558217,140.4553016315034,133.0989552085534,133.43253654992822,-5.473815461346641,6,STOP_LOSS_INTRADAY,2.1126760563380462,-7.7464778135097845,Model 0 Baseline
INDIGO,Aviation,2021-07-26,2021-07-28,1728.396740612798,1724.086524302043,1633.7874925917235,1637.882198086941,-5.473815461346631,2,STOP_LOSS_INTRADAY,2.1395455224015607,-5.822243377001941,Model 0 Baseline
HCL-INSYS,Consumer Durables,2021-07-28,2021-07-28,16.2405007648468,16.200000762939453,15.351525722980499,15.390000724792479,-5.473815461346625,0,STOP_LOSS_INTRADAY,0.0,-5.2469156878946706,Model 0 Baseline
TRIVENI,Agri,2021-07-28,2021-07-28,172.24917992857894,171.8196308514503,162.8205776856056,163.22864930887778,-5.473815461346636,0,STOP_LOSS_INTRADAY,1.0934937489018823,-5.084739258237619,Model 0 Baseline
DHAMPURSUG,Agri,2021-07-30,2021-08-04,339.62882404824666,338.7818693748097,321.038168966304,321.84277590606916,-5.473815461346627,3,STOP_LOSS_INTRADAY,1.4044973789157282,-8.132026895378445,Model 0 Baseline
SALASAR,Capital Goods,2021-07-29,2021-08-05,6.5547635911518904,6.538417547283681,6.586362636458579,6.602869810986044,0.48207757407670454,5,DAILY_CLOSE_BELOW_EMA21,12.132248735197653,-1.7136778651810478,Model 0 Baseline
MANAKALUCO,Metals & Mining,2021-08-05,2021-08-05,17.527169479297857,17.483460827229784,16.567764566403625,16.609287785868293,-5.473815461346622,0,STOP_LOSS_INTRADAY,0.0,-5.3977314906178355,Model 0 Baseline
ECLERX,Software & IT Services,2021-05-28,2021-08-06,399.94035606152994,398.9429985651172,707.7463818322412,709.5201822879611,76.96298238114186,49,DAILY_CLOSE_BELOW_EMA21,98.33332630823742,-1.6624984741210853,Model 0 Baseline
MARKSANS,Healthcare,2021-07-30,2021-08-06,80.98561324938429,80.78365411409904,81.84993633889452,82.0550740239544,1.0672551022718932,5,DAILY_CLOSE_BELOW_EMA21,6.537533363057182,-1.6949067542218352,Model 0 Baseline
BANCOINDIA,Automobile & Ancillaries,2021-07-02,2021-08-09,64.27760137502244,64.11730810476054,64.98097069182337,65.1438302674921,1.0942681459085253,25,DAILY_CLOSE_BELOW_EMA21,8.99016058159445,-3.9100847537191714,Model 0 Baseline
DHANUKA,Chemicals,2021-08-05,2021-08-09,919.9435962668252,917.6494725853619,869.5875814587035,871.7669989560937,-5.47381546134663,2,STOP_LOSS_INTRADAY,0.0,-6.813880794143011,Model 0 Baseline
BAJAJHIND,Agri,2021-08-09,2021-08-09,17.0425,17.0,16.109625,16.15,-5.4738154613466286,0,STOP_LOSS_INTRADAY,3.823527167825138,-5.588239781996783,Model 0 Baseline
CAMS,Finance,2021-03-31,2021-08-10,332.4798806215042,331.6507537371613,599.9297663694132,601.4333497437726,80.44092329676167,89,DAILY_CLOSE_BELOW_EMA21,106.77995982703278,-2.07297072929613,Model 0 Baseline
ELGIEQUIP,Capital Goods,2021-08-06,2021-08-10,206.7850334539646,206.26936005383,195.46600232101068,195.9558920511385,-5.473815461346628,2,STOP_LOSS_INTRADAY,1.3571457635788708,-5.619038310412205,Model 0 Baseline
BIRLACABLE,Electricals,2021-08-10,2021-08-10,102.85612388540524,102.59962482334687,97.22596947322408,97.46964358217953,-5.473815461346629,0,STOP_LOSS_INTRADAY,0.0,-8.224301917530658,Model 0 Baseline
EIHAHOTELS,Hospitality,2021-07-23,2021-08-11,160.39853238194235,159.99853604183775,151.6186127166465,151.99860923974586,-5.473815461346627,13,STOP_LOSS_INTRADAY,4.448775033633707,-9.751339491666043,Model 0 Baseline
INDRAMEDCO,Healthcare,2021-07-23,2021-08-11,77.49088372080992,77.29763962175554,73.2491757465661,73.43275764066776,-5.473815461346619,13,STOP_LOSS_INTRADAY,3.9109591210860257,-12.39470771387646,Model 0 Baseline
SUNDARMFIN,Finance,2021-07-28,2021-08-11,2541.6967816367674,2535.358385672586,2402.568990222984,2408.5904663889564,-5.473815461346633,10,STOP_LOSS_INTRADAY,1.6365657143701438,-5.459473801658995,Model 0 Baseline
FINPIPE,Plastic Products,2021-08-06,2021-08-11,159.55884660178188,159.16094424117895,150.82488978654723,151.20289702912,-5.4738154613466055,3,STOP_LOSS_INTRADAY,1.2445721653539812,-6.975398181485539,Model 0 Baseline
NEWGEN,Software & IT Services,2021-08-10,2021-08-11,288.80075734965186,288.0805559597525,272.99233684136044,273.67652816176485,-5.473815461346635,1,STOP_LOSS_INTRADAY,2.9764841124891035,-5.219288013754921,Model 0 Baseline
QUESS,Services,2021-07-19,2021-08-12,688.7374823178806,687.019932486664,735.8567775285107,737.7010301037701,6.841401320580763,17,DAILY_CLOSE_BELOW_EMA21,19.948187364268072,-4.4041429526094396,Model 0 Baseline
ADANIENT,Trading,2021-07-23,2021-08-12,1430.3819440492716,1426.8149067823158,1436.783587977264,1440.3845493506406,0.44754787031706744,14,DAILY_CLOSE_BELOW_EMA21,9.440551396724802,-3.625875859114351,Model 0 Baseline
GEOJITFSL,Finance,2021-08-12,2021-08-16,74.78342378616333,74.59693145751953,70.68991717243195,70.86708488464355,-5.473815461346625,2,STOP_LOSS_INTRADAY,1.7657401494816742,-5.70923322557238,Model 0 Baseline
DIXON,Consumer Durables,2021-08-06,2021-08-17,4314.479987963851,4303.720686248231,4078.31331530598,4088.534651935819,-5.4738154613466286,7,STOP_LOSS_INTRADAY,2.4321155964221632,-5.613139101047749,Model 0 Baseline
NDGL,Finance,2021-08-17,2021-08-18,1412.7888542409523,1409.2656900159127,1335.4553995013293,1338.802405515117,-5.473815461346619,1,STOP_LOSS_INTRADAY,0.633797542542931,-6.690145735570753,Model 0 Baseline
SALASAR,Capital Goods,2021-08-18,2021-08-18,6.2525728997514065,6.236980448629832,5.910318597632845,5.92513142619834,-5.473815461346629,0,STOP_LOSS_INTRADAY,0.0,-7.4244834731575615,Model 0 Baseline
AVADHSUGAR,Agri,2021-08-12,2021-08-20,402.5386710568546,401.5348339719248,407.8133974686653,408.8354861841256,1.3103651378293828,5,DAILY_CLOSE_BELOW_EMA21,7.9090839206883965,-0.3863664106889227,Model 0 Baseline
BEL,Aviation,2021-08-12,2021-08-20,53.7053652490189,53.57143665737546,53.43751277998931,53.571441383447926,-0.4987443392063658,5,DAILY_CLOSE_BELOW_EMA21,5.788228494739615,-1.1052968969601065,Model 0 Baseline
DWARKESH,Agri,2021-08-12,2021-08-20,65.4593286938606,65.2960884726789,66.17270446915808,66.33855084627376,1.0898000170973123,5,DAILY_CLOSE_BELOW_EMA21,7.1117692888813435,-1.8867858270415583,Model 0 Baseline
DLINKINDIA,Consumer Durables,2021-08-12,2021-08-20,115.0551850728998,114.76826441187013,108.75727656329843,109.02985119127662,-5.473815461346631,5,STOP_LOSS_INTRADAY,4.2090030512470005,-6.1342647157274035,Model 0 Baseline
BHARATFORG,Metals & Mining,2021-08-12,2021-08-23,760.9693654676362,759.0716862520062,733.1214573755555,734.9588545118349,-3.6595307716451164,6,DAILY_CLOSE_BELOW_EMA21,7.344344065180278,-5.0825922231807406,Model 0 Baseline
INTENTECH,Software & IT Services,2021-08-20,2021-08-23,74.76617579948304,74.57972648327485,74.44159116779805,74.62816157172736,-0.43413298622560986,1,DAILY_CLOSE_BELOW_EMA21,5.12986616654829,-3.181814218496347,Model 0 Baseline
GIPCL,Power,2021-08-12,2021-08-23,78.00523310169899,77.81070633585935,73.73537059151872,73.92017101906637,-5.473815461346625,6,STOP_LOSS_INTRADAY,2.0373642952429756,-7.753248234897912,Model 0 Baseline
HPL,Capital Goods,2021-08-23,2021-08-23,71.12783224099547,70.95045610074362,67.23442596246717,67.40293329570643,-5.473815461346629,0,STOP_LOSS_INTRADAY,0.2087703953576835,-8.350730866279806,Model 0 Baseline
JBMA,Automobile & Ancillaries,2021-08-23,2021-08-23,93.37295362867881,93.14010337025319,88.26189045623617,88.48309820174052,-5.473815461346631,0,STOP_LOSS_INTRADAY,0.0,-5.917409123849767,Model 0 Baseline
KSB,Capital Goods,2021-06-29,2021-08-24,182.63864593431956,182.18318796440855,218.79902215387978,219.3473906304559,19.79886350699523,38,DAILY_CLOSE_BELOW_EMA21,35.271563904053494,-0.5111856753285644,Model 0 Baseline
ABB,Capital Goods,2021-08-06,2021-08-24,1614.5325722334173,1610.5063064672493,1619.5430591149852,1623.6020642756744,0.3103366861553479,11,DAILY_CLOSE_BELOW_EMA21,8.44659211579972,-2.898557033362286,Model 0 Baseline
GODREJAGRO,FMCG,2021-08-23,2021-08-24,592.6380832612668,591.1601828042562,560.1981682298833,561.6021736640434,-5.473815461346627,1,STOP_LOSS_INTRADAY,0.9968885380159654,-6.074768555476813,Model 0 Baseline
GARFIBRES,Textiles,2021-08-20,2021-08-25,648.3304246728358,646.7136405714073,612.8420136464798,614.3779585428368,-5.473815461346629,3,STOP_LOSS_INTRADAY,2.609657848199509,-6.160148554628283,Model 0 Baseline
AVADHSUGAR,Agri,2021-08-25,2021-08-26,384.2414457125683,383.283237618522,395.0236890369122,396.01372334527537,2.8061114813755763,1,DAILY_CLOSE_BELOW_EMA21,6.666666666666678,-0.2023824055989513,Model 0 Baseline
ANDHRSUGAR,Chemicals,2021-08-25,2021-09-01,94.51969463386652,94.28398467218607,97.04343533718546,97.28665196710321,2.6700686170167507,5,DAILY_CLOSE_BELOW_EMA21,6.212647405365235,0.0,Model 0 Baseline
HEXATRADEX,Trading,2021-07-30,2021-09-02,127.81875,127.5,199.5,200.0,56.080387267126305,23,DAILY_CLOSE_BELOW_EMA21,83.56862984451593,0.0,Model 0 Baseline
ASAHIINDIA,Construction Materials,2021-08-20,2021-09-02,334.895499392337,334.0603485210344,344.0378454384804,344.9000956776746,2.72991009515866,9,DAILY_CLOSE_BELOW_EMA21,10.693223864808981,-4.233032184794033,Model 0 Baseline
JAMNAAUTO,Automobile & Ancillaries,2021-08-20,2021-09-06,75.04012206555697,74.85298959157804,79.56723083013615,79.76664744875805,6.032917644542454,11,DAILY_CLOSE_BELOW_EMA21,16.13497288546412,-3.558289318391868,Model 0 Baseline
APCL,Diversified / Other,2021-08-26,2021-09-06,383.159120583022,382.20361155413667,406.0543731348597,407.0720532680298,5.975390202639535,7,DAILY_CLOSE_BELOW_EMA21,8.043216206841969,-2.9291712212379806,Model 0 Baseline
AKSHARCHEM,Diversified / Other,2021-08-25,2021-09-09,410.55360243269365,409.52977798772434,423.1849117606785,424.24552557461504,3.0766529030897125,11,DAILY_CLOSE_BELOW_EMA21,12.486480012588432,-2.1752098289904804,Model 0 Baseline
FORTIS,Healthcare,2021-08-12,2021-09-14,235.7055610069215,235.1177665904454,270.32583366902486,271.00334202408504,14.687932059900247,21,DAILY_CLOSE_BELOW_EMA21,28.266828721466513,-1.4355115337372917,Model 0 Baseline
JBCHEPHARM,Healthcare,2021-08-20,2021-09-15,817.7918613631035,815.7524801626968,832.8269132728111,834.9141987697354,1.8384937072676435,17,DAILY_CLOSE_BELOW_EMA21,5.7478852732487615,-4.652649787503082,Model 0 Baseline
REDINGTON,Trading,2021-09-13,2021-09-20,125.33995377818987,125.02738531490262,118.47907600903459,118.77601604915748,-5.473815461346633,5,STOP_LOSS_INTRADAY,4.083006418250045,-6.634922355642252,Model 0 Baseline
BSE,Unclassified,2021-08-25,2021-09-21,113.72617944530487,113.44257301277294,121.62636068991674,121.93118866157066,6.946668993141866,18,DAILY_CLOSE_BELOW_EMA21,18.958766309284343,-0.6344455798845586,Model 0 Baseline
TTKPRESTIG,Consumer Durables,2021-08-10,2021-09-22,846.4248415101853,844.3140563692622,860.8848821552675,863.042488376208,1.7083667605126924,29,DAILY_CLOSE_BELOW_EMA21,8.406332111516207,-2.172669867886727,Model 0 Baseline
APLAPOLLO,Metals & Mining,2021-08-26,2021-09-22,767.6389072349752,765.7245957456113,876.9108681706355,879.1086397700606,14.234812736271577,18,DAILY_CLOSE_BELOW_EMA21,34.574250269409454,0.0,Model 0 Baseline
ADANIENT,Trading,2021-09-22,2021-09-27,1435.3832420045323,1431.8037326728504,1455.0968573856028,1458.7437166772959,1.3734043149019983,3,DAILY_CLOSE_BELOW_EMA21,5.644599341691311,-0.7421619800740494,Model 0 Baseline
MUTHOOTFIN,Finance,2021-09-22,2021-09-27,1386.8061753967304,1383.3478058820253,1397.5328130300675,1401.0354015339021,0.7734777810798583,3,DAILY_CLOSE_BELOW_EMA21,5.000021740679647,-0.8142648442757351,Model 0 Baseline
NDGL,Finance,2021-09-27,2021-09-27,1386.4260053415146,1382.9685838818102,1310.5356043010004,1313.8201546877197,-5.473815461346627,0,STOP_LOSS_INTRADAY,0.0,-5.10424155283967,Model 0 Baseline
WIPRO,Software & IT Services,2021-07-15,2021-09-28,256.8680056694652,256.2274370767733,297.9113435728737,298.6579885442343,15.978376830714597,50,DAILY_CLOSE_BELOW_EMA21,24.62566810066214,-0.35650623885918103,Model 0 Baseline
EVERESTIND,Construction Materials,2021-09-22,2021-09-28,420.7804488713256,419.731121068654,428.47067201063857,429.5445333439985,1.82760942433061,4,DAILY_CLOSE_BELOW_EMA21,6.78143786926555,-1.80295449341779,Model 0 Baseline
NAVINFLUOR,Chemicals,2021-09-22,2021-09-29,3831.8368179568447,3822.2811151689225,3622.08914176195,3631.167059410476,-5.473815461346635,5,STOP_LOSS_INTRADAY,1.8273151939755161,-6.056692872203079,Model 0 Baseline
CAMS,Finance,2021-09-29,2021-09-29,628.4539604411027,626.8867435821473,594.0535503870324,595.54240640304,-5.473815461346633,0,STOP_LOSS_INTRADAY,0.0,-8.499998204848342,Model 0 Baseline
BALKRISIND,Automobile & Ancillaries,2021-08-24,2021-09-30,2196.801264745482,2191.322957352102,2402.512310974934,2408.533645087653,9.364117252239707,26,DAILY_CLOSE_BELOW_EMA21,19.46493692960429,-1.5087620700408428,Model 0 Baseline
AJMERA,Real Estate,2021-09-22,2021-09-30,68.27698363579455,68.10671684368535,68.62590593364011,68.7979006853535,0.5110394151370173,6,DAILY_CLOSE_BELOW_EMA21,9.00513423115477,-1.3722229017455112,Model 0 Baseline
MACPOWER,Capital Goods,2021-09-30,2021-09-30,174.47759084022903,174.0424846286574,164.92700949623145,165.34036039722452,-5.473815461346636,0,STOP_LOSS_INTRADAY,0.0,-7.082152974504248,Model 0 Baseline
ALKYLAMINE,Chemicals,2021-09-22,2021-10-04,3894.481903320578,3884.7699783746416,3681.30515075727,3690.5314794559094,-5.473815461346625,8,STOP_LOSS_INTRADAY,0.0,-5.572423516279025,Model 0 Baseline
CAPLIPOINT,Healthcare,2021-08-25,2021-10-11,732.0662552866091,730.2406536524779,856.0176611848347,858.163068856977,16.931719636455263,32,DAILY_CLOSE_BELOW_EMA21,35.35571622115228,-4.563754698951947,Model 0 Baseline
AJANTPHARM,Healthcare,2021-09-15,2021-10-18,1389.6895711807254,1386.2240111528433,1384.5647804989126,1388.0348676680826,-0.3687723350660676,22,DAILY_CLOSE_BELOW_EMA21,6.565172056671422,-2.8850578904558066,Model 0 Baseline
CGCL,Finance,2021-09-08,2021-10-19,482.60958849989385,481.4060733166024,489.28874152264143,490.5150290953799,1.3839660839538115,27,DAILY_CLOSE_BELOW_EMA21,11.568612520255929,-2.941181017300442,Model 0 Baseline
NAVINFLUOR,Chemicals,2021-10-01,2021-10-19,3614.567787491,3605.553902734165,3799.9511640866212,3809.4748512146575,5.128784062016505,11,DAILY_CLOSE_BELOW_EMA21,13.55189294196376,-0.554646142844947,Model 0 Baseline
APOLLOHOSP,Healthcare,2021-10-01,2021-10-19,4432.364000468368,4421.3107236592205,4189.744574507568,4200.245187476259,-5.473815461346641,11,STOP_LOSS_INTRADAY,2.1253645623997173,-5.688817539080842,Model 0 Baseline
BERGEPAINT,Chemicals,2021-08-12,2021-10-20,661.5705245329107,659.9207227260955,664.1720018600491,665.8365933434076,0.39322751402432754,46,DAILY_CLOSE_BELOW_EMA21,5.0585745243353415,-4.951380764529275,Model 0 Baseline
INDIAGLYCO,Chemicals,2021-09-22,2021-10-20,332.5878995722972,331.7585033140122,413.86528135221016,414.90253769645125,24.437864962746506,19,DAILY_CLOSE_BELOW_EMA21,46.78941760358975,-3.0946355778566152,Model 0 Baseline
PIIND,Chemicals,2021-09-30,2021-10-20,3193.1506425985517,3185.187673415014,3168.8492190233483,3176.791197015888,-0.761048453242632,13,DAILY_CLOSE_BELOW_EMA21,5.036149356595949,-4.703168635698045,Model 0 Baseline
JKPAPER,Paper,2021-10-01,2021-10-20,211.3234013012915,210.7964102756025,223.7399561998243,224.30070796974866,5.875617571018575,12,DAILY_CLOSE_BELOW_EMA21,11.89117827447865,-1.0750315988841237,Model 0 Baseline
GLAND,Healthcare,2021-10-05,2021-10-20,3789.740596473479,3780.2898717939943,3582.297189758784,3591.2753782042946,-5.47381546134662,10,STOP_LOSS_INTRADAY,4.840372404208821,-9.594486765005865,Model 0 Baseline
GODREJCP,FMCG,2021-10-01,2021-10-21,980.09547212612,977.6513437667032,926.4468546369221,928.768776578368,-5.473815461346632,13,STOP_LOSS_INTRADAY,4.177997273910104,-5.795761308015866,Model 0 Baseline
AMBUJACEM,Construction Materials,2021-10-04,2021-10-21,390.5947322943699,389.6206805928877,369.21429744683525,370.13964656324333,-5.473815461346623,12,STOP_LOSS_INTRADAY,3.235366688594727,-6.594222667423496,Model 0 Baseline
AJANTPHARM,Healthcare,2021-10-21,2021-10-22,1387.4674579251036,1384.0074393267867,1311.5200496920463,1314.8070673604473,-5.473815461346627,1,STOP_LOSS_INTRADAY,0.6090683677755899,-7.347174598062346,Model 0 Baseline
KCP,Construction Materials,2021-10-22,2021-10-22,132.00838418352316,131.6791862179782,124.7824888398116,125.0952269070793,-5.473815461346635,0,STOP_LOSS_INTRADAY,0.3714710084154577,-6.835069955763111,Model 0 Baseline
SHAHALLOYS,Metals & Mining,2021-09-15,2021-10-25,15.6390003824234,15.600000381469727,27.93,28.0,78.59197721735717,27,DAILY_CLOSE_BELOW_EMA21,147.43588160402638,0.0,Model 0 Baseline
UTIAMC,Finance,2021-10-01,2021-10-25,895.4617913227844,893.2287195239745,904.2141909219146,906.4803919016687,0.9774174268453204,15,DAILY_CLOSE_BELOW_EMA21,5.446011386939054,-3.57278397427018,Model 0 Baseline
GANDHITUBE,Metals & Mining,2021-10-18,2021-10-25,404.7182198828936,403.70894751410833,382.5646913880569,383.5235001384029,-5.473815461346644,5,STOP_LOSS_INTRADAY,1.1235955056179738,-6.741565329799494,Model 0 Baseline
ARENTERP,Diversified / Other,2021-10-22,2021-10-25,27.0675,27.0,25.585875,25.65,-5.473815461346625,1,STOP_LOSS_INTRADAY,3.7037037037037033,-5.370373196072049,Model 0 Baseline
FCL,Chemicals,2021-10-22,2021-10-25,12.194674213429089,12.164263554542732,11.527160250873557,11.556050376815595,-5.4738154613466286,1,STOP_LOSS_INTRADAY,0.48621932901515996,-10.494341546040332,Model 0 Baseline
FORTIS,Healthcare,2021-10-22,2021-10-25,265.1625366011212,264.5012833926396,250.6480286749501,251.27621922300762,-5.473815461346631,1,STOP_LOSS_INTRADAY,0.0,-6.943146655303417,Model 0 Baseline
KOTHARIPET,Chemicals,2021-10-22,2021-10-25,49.41586570404881,49.292634118751934,46.710932406782305,46.828002412814335,-5.473815461346622,1,STOP_LOSS_INTRADAY,0.38986504076779976,-7.212471570646469,Model 0 Baseline
OSWALAGRO,Finance,2021-10-22,2021-10-25,17.2430007648468,17.200000762939453,16.2991507229805,16.34000072479248,-5.473815461346629,1,STOP_LOSS_INTRADAY,0.0,-5.81395323048289,Model 0 Baseline
PANAMAPET,Automobile & Ancillaries,2021-10-22,2021-10-25,240.59944693328993,239.99944831250866,227.42947720714102,227.9994758968832,-5.473815461346631,1,STOP_LOSS_INTRADAY,3.183016558714561,-7.123910679172169,Model 0 Baseline
ASHIANA,Real Estate,2021-10-25,2021-10-25,179.10370014975655,178.6570575059916,169.2998941191153,169.72420463069201,-5.473815461346615,0,STOP_LOSS_INTRADAY,0.0,-10.382513661202193,Model 0 Baseline
GLAND,Healthcare,2021-10-25,2021-10-25,3590.691354903194,3581.737012372264,3394.1435363492665,3402.6501617536505,-5.473815461346628,0,STOP_LOSS_INTRADAY,1.9565217391304301,-9.995926566745924,Model 0 Baseline
EKC,Capital Goods,2021-10-25,2021-10-26,113.95834313463747,113.67415774028676,107.72047372863923,107.99044985327241,-5.4738154613466365,1,STOP_LOSS_INTRADAY,0.8620689655172372,-5.1724096909415165,Model 0 Baseline
DEEPAKNTR,Chemicals,2021-10-27,2021-10-28,2457.4401300867453,2451.311850460594,2300.3131022232164,2306.0782979681367,-6.393931064273066,1,STOP_LOSS_GAP_DOWN,0.0,-5.924727711211793,Model 0 Baseline
DYNAMATECH,Capital Goods,2021-10-26,2021-10-28,2740.235141863609,2733.401637769186,2590.2397269910252,2596.731555880727,-5.4738154613466214,2,STOP_LOSS_INTRADAY,1.0909158718886602,-5.454541312554125,Model 0 Baseline
FCL,Chemicals,2021-10-27,2021-10-28,12.120557258958614,12.090331430382658,11.457100321716368,11.485814858863526,-5.473815461346619,1,STOP_LOSS_INTRADAY,2.4052186550043353,-5.1773374057313175,Model 0 Baseline
FLUOROCHEM,Chemicals,2021-10-27,2021-10-29,1824.4003503269225,1819.8507235181273,1808.3460514784024,1812.8782470961426,-0.8799767466413446,2,DAILY_CLOSE_BELOW_EMA21,6.4586767653385655,-1.7515039620654398,Model 0 Baseline
HINDOILEXP,Oil & Gas,2021-10-22,2021-10-29,178.445,178.0,168.67725000000002,169.1,-5.4738154613466214,5,STOP_LOSS_INTRADAY,3.932584269662921,-6.460674157303371,Model 0 Baseline
ATUL,Chemicals,2021-10-27,2021-10-29,9591.542929875484,9567.623870199985,9066.51956999826,9089.242676689984,-5.473815461346639,2,STOP_LOSS_INTRADAY,2.297457448030383,-9.118440389603265,Model 0 Baseline
BASF,Chemicals,2021-10-27,2021-11-02,3252.0062471324313,3243.8965058677622,3073.997426372938,3081.7016805743738,-5.473815461346624,4,STOP_LOSS_INTRADAY,2.6013513688256573,-7.204792524318246,Model 0 Baseline
GALAXYSURF,Chemicals,2021-10-28,2021-11-02,3100.3498135500104,3092.6182678803098,2930.6423861000785,2937.987354486294,-5.4738154613466286,3,STOP_LOSS_INTRADAY,0.0,-6.60910447908358,Model 0 Baseline
DHUNINV,Finance,2021-10-27,2021-11-11,602.8581934911097,601.3548064749224,600.0971772953679,601.6011802459828,-0.45798767032639404,10,DAILY_CLOSE_BELOW_EMA21,5.565107684194369,-3.491516529819769,Model 0 Baseline
BALKRISIND,Automobile & Ancillaries,2021-10-27,2021-11-11,2410.7010114021678,2404.6892881817134,2278.743686713196,2284.4548237726276,-5.473815461346644,10,STOP_LOSS_INTRADAY,3.8768948992518086,-5.383697703296552,Model 0 Baseline
SAKSOFT,Software & IT Services,2021-11-02,2021-11-11,73.08456572972648,72.90230995483938,69.08405147095468,69.25719445709741,-5.47381546134662,6,STOP_LOSS_INTRADAY,4.89378169418846,-7.1420903584844515,Model 0 Baseline
SAGCEM,Construction Materials,2021-11-01,2021-11-12,278.9257737573324,278.23019826167825,277.4358440564265,278.1311719863925,-0.5341670942901708,8,DAILY_CLOSE_BELOW_EMA21,6.049813858826953,-4.626333939446814,Model 0 Baseline
CINELINE,Media & Entertainment,2021-11-11,2021-11-12,111.67850152969359,111.4000015258789,105.565426445961,105.83000144958496,-5.473815461346626,1,STOP_LOSS_INTRADAY,0.0,-5.745064127662643,Model 0 Baseline
JSWENERGY,Power,2021-11-12,2021-11-15,326.3611155437488,325.54724742518584,308.49671034129176,309.26988505392654,-5.473815461346618,1,STOP_LOSS_INTRADAY,0.0,-6.362282721121429,Model 0 Baseline
GREENLAM,Construction Materials,2021-10-11,2021-11-16,138.33478081655375,137.98980630080175,140.3132300555248,140.6648922862404,1.430189304015077,24,DAILY_CLOSE_BELOW_EMA21,14.764990223130766,-3.211957251049042,Model 0 Baseline
GOODLUCK,Metals & Mining,2021-11-03,2021-11-18,96.47026330803337,96.22968908532008,95.04869187998784,95.28690915287001,-1.4735851020810327,10,DAILY_CLOSE_BELOW_EMA21,5.050691687259838,-3.378370270464536,Model 0 Baseline
ERIS,Healthcare,2021-11-15,2021-11-18,770.9608738606464,769.0382781652334,728.7598983463292,730.5863642569716,-5.473815461346633,3,STOP_LOSS_INTRADAY,3.047660975020866,-5.707200992197815,Model 0 Baseline
RELIANCE,Oil & Gas,2021-11-08,2021-11-22,1143.93402908581,1141.0813257713814,1081.3171913341052,1084.0272594828123,-5.4738154613466445,9,STOP_LOSS_INTRADAY,3.2865103394618322,-6.684128676443031,Model 0 Baseline
CGCL,Finance,2021-11-12,2021-11-22,498.0341358704015,496.79215548169725,470.77266633834336,471.9525477076124,-5.473815461346632,5,STOP_LOSS_INTRADAY,1.919047451183935,-6.384193043617893,Model 0 Baseline
CONFIPET,Industrial Gases & Fuels,2021-11-17,2021-11-22,82.28589608931952,82.08069435343593,77.78171798667474,77.97665963576414,-5.473815461346621,2,STOP_LOSS_INTRADAY,1.029677095939243,-9.085405491168865,Model 0 Baseline
FIEMIND,Automobile & Ancillaries,2021-11-22,2021-11-22,540.8299473643682,539.4812442537338,511.22591408594457,512.5071820410471,-5.47381546134663,0,STOP_LOSS_INTRADAY,0.8333291384772308,-6.357388316151212,Model 0 Baseline
SAFARI,FMCG,2021-10-26,2021-11-23,406.67475351382365,405.6606020088017,446.7454633864183,447.8651262019231,9.85325730854167,18,DAILY_CLOSE_BELOW_EMA21,20.807812074790643,-3.74540845047487,Model 0 Baseline
BLUEDART,Logistics,2021-10-27,2021-11-23,6131.214559085382,6115.924747217338,6457.254737780426,6473.438333614462,5.3177094938214164,17,DAILY_CLOSE_BELOW_EMA21,16.655716828741316,-0.566836272823654,Model 0 Baseline
HAL,Aviation,2021-11-01,2021-11-23,608.6435540878268,607.1257397384807,625.9687287743684,627.5375727061337,2.846522331532252,14,DAILY_CLOSE_BELOW_EMA21,10.332287791904408,-1.1707705040241645,Model 0 Baseline
CALSOFT,Diversified / Other,2021-11-16,2021-11-23,30.0248757648468,29.950000762939453,29.07712461948395,29.149999618530273,-3.156553095458534,4,DAILY_CLOSE_BELOW_EMA21,12.520867794568813,-2.838064640457468,Model 0 Baseline
AJANTPHARM,Healthcare,2021-10-25,2021-11-23,1351.4739411182702,1348.1036819134865,1277.4967515732676,1280.698497817812,-5.473815461346636,19,STOP_LOSS_INTRADAY,3.710060907321372,-6.959917727976342,Model 0 Baseline
NTPC,Power,2021-11-02,2021-11-23,115.9532595710242,115.66409932271742,109.6061921206901,109.88089435658155,-5.473815461346625,13,STOP_LOSS_INTRADAY,4.740741035367403,-5.074096152079228,Model 0 Baseline
WIPRO,Software & IT Services,2021-11-15,2021-11-23,302.9073571254674,302.15197718251113,286.3267673775771,287.04437832338556,-5.473815461346639,5,STOP_LOSS_INTRADAY,1.088347524175805,-5.366185429993708,Model 0 Baseline
BSHSL,Agri,2021-11-24,2021-11-25,27.1677503824234,27.100000381469727,28.229249238967896,28.299999237060547,3.907201890485748,1,DAILY_CLOSE_BELOW_EMA21,6.5129127852533095,0.0,Model 0 Baseline
GOODYEAR,Automobile & Ancillaries,2021-10-22,2021-11-26,903.3589948867507,901.1062293134671,853.9107905531743,856.0509178477937,-5.473815461346625,23,STOP_LOSS_INTRADAY,0.231301230092347,-6.004240727029435,Model 0 Baseline
TATACHEM,Chemicals,2021-11-01,2021-11-26,849.9383247199537,847.818777775515,803.4142692895224,805.4278388867392,-5.473815461346624,17,STOP_LOSS_INTRADAY,4.934147433882646,-7.299665836581055,Model 0 Baseline
FINPIPE,Plastic Products,2021-11-24,2021-11-26,202.85755017408553,202.35167099659407,191.75350222814745,192.23408744676436,-5.473815461346623,2,STOP_LOSS_INTRADAY,0.861262019759284,-6.703920891054571,Model 0 Baseline
GODREJPROP,Real Estate,2021-11-24,2021-11-26,2194.341809286503,2188.869635198507,2074.227588054985,2079.4261534385814,-5.473815461346633,2,STOP_LOSS_INTRADAY,3.205348544722802,-5.430904214196032,Model 0 Baseline
KAMDHENU,Metals & Mining,2021-11-24,2021-11-26,12.161746632960194,12.131418087740842,11.496035065395414,11.524847183353799,-5.473815461346637,2,STOP_LOSS_INTRADAY,1.5685438610276339,-5.027932625574636,Model 0 Baseline
KSB,Capital Goods,2021-11-18,2021-11-29,239.78372929813634,239.18576488592154,238.28785118654943,238.88506384616483,-0.6238447103835792,6,DAILY_CLOSE_BELOW_EMA21,6.010713408095966,-3.2649240997370064,Model 0 Baseline
DATAMATICS,Software & IT Services,2021-11-24,2021-11-29,309.3889239898729,308.6173805385266,281.9976797347725,282.70444083686465,-8.853337056111624,3,STOP_LOSS_GAP_DOWN,2.11490292462062,-8.396461552633488,Model 0 Baseline
GRAVITA,Metals & Mining,2021-11-24,2021-11-29,194.8406598271665,194.35477289492917,193.2349853396587,193.71928354853,-0.8240962070915344,3,DAILY_CLOSE_BELOW_EMA21,9.07946886772056,-0.9054341167636721,Model 0 Baseline
HATSUN,FMCG,2021-11-23,2021-11-29,1269.0276186018007,1265.8629611988038,1199.5633886060164,1202.5698131388635,-5.47381546134663,4,STOP_LOSS_INTRADAY,1.1235926798393931,-7.666673929204845,Model 0 Baseline
ANDHRSUGAR,Chemicals,2021-11-24,2021-11-29,117.75527858615625,117.46162452484414,111.30957194035544,111.58854329860193,-5.473815461346624,3,STOP_LOSS_INTRADAY,2.400000000000001,-8.287999239905208,Model 0 Baseline
BAJAJFINSV,Finance,2021-11-24,2021-11-29,1742.5709702189483,1738.225406702193,1647.1858510261654,1651.3141363670832,-5.473815461346637,3,STOP_LOSS_INTRADAY,1.233363962954821,-6.644958857525076,Model 0 Baseline
GOLDIAM,Diamond  &  Jewellery,2021-11-24,2021-11-29,128.94092621472427,128.61937777029854,121.88293785957914,122.1884088817836,-5.47381546134663,3,STOP_LOSS_INTRADAY,3.030637147473194,-15.376448536988512,Model 0 Baseline
JSL,Metals & Mining,2021-11-24,2021-11-29,171.98503297710099,171.55614262054962,162.57088965079834,162.97833548952212,-5.473815461346628,3,STOP_LOSS_INTRADAY,3.881271417144991,-13.127868110800915,Model 0 Baseline
CONFIPET,Industrial Gases & Fuels,2021-11-25,2021-11-29,77.60094547012467,77.40742690286751,73.35321291882983,73.53705555772413,-5.473815461346622,2,STOP_LOSS_INTRADAY,2.3121426936908196,-10.211968262235391,Model 0 Baseline
CENTURYPLY,Construction Materials,2021-09-01,2021-11-30,408.47012538740336,407.4514966457889,572.8721285289353,574.3078982746218,40.248231859210975,60,DAILY_CLOSE_BELOW_EMA21,73.87806640916622,-4.500007811455553,Model 0 Baseline
RAMASTEEL,Automobile & Ancillaries,2021-12-03,2021-12-03,3.2770215434868946,3.268849419937052,3.0976434315678487,3.105406948940199,-5.473815461346637,0,STOP_LOSS_INTRADAY,0.0,-8.552228998938336,Model 0 Baseline
RGL,Diamond  &  Jewellery,2021-12-01,2021-12-06,162.18834953170065,161.7838898071827,167.13052791087037,167.5494014144064,3.0471845810378264,3,DAILY_CLOSE_BELOW_EMA21,5.150244337927,-0.841342516728272,Model 0 Baseline
ECLERX,Software & IT Services,2021-12-01,2021-12-06,716.880139649028,715.0924086274595,677.6394437255963,679.3377881960864,-5.473815461346622,3,STOP_LOSS_INTRADAY,2.5581366234177194,-6.46280016252569,Model 0 Baseline
TATAELXSI,Software & IT Services,2021-12-02,2021-12-07,5629.591011839028,5615.552131510253,5321.437588622403,5334.77452493474,-5.473815461346632,3,STOP_LOSS_INTRADAY,1.4544224589886707,-5.057494326586764,Model 0 Baseline
AMBIKCO,Textiles,2021-12-01,2021-12-09,1734.604651442471,1730.2789540573278,1803.3234730968777,1807.8430807988748,3.961641726099436,6,DAILY_CLOSE_BELOW_EMA21,6.047740719126246,-2.1379336248342176,Model 0 Baseline
MANALIPETC,Chemicals,2021-12-02,2021-12-09,104.77446372246426,104.51318077053793,108.99061612948235,109.26377556840335,4.0240267114954635,5,DAILY_CLOSE_BELOW_EMA21,5.454532460870126,-1.3636363636363569,Model 0 Baseline
GOLDIAM,Diamond  &  Jewellery,2021-12-06,2021-12-16,123.56510550157347,123.25696309383888,116.80137965179907,117.09411493914693,-5.4738154613466286,8,STOP_LOSS_INTRADAY,2.481077441779612,-6.330822127978773,Model 0 Baseline
IRCTC,Software & IT Services,2021-12-01,2021-12-20,775.8081946098729,773.873510832791,770.0303693645473,771.9602700396463,-0.7447491900019306,13,DAILY_CLOSE_BELOW_EMA21,8.553790635252726,-1.5636618558791733,Model 0 Baseline
PRINCEPIPE,Plastic Products,2021-12-01,2021-12-20,734.9214940010725,733.0887720708953,691.7152521733459,693.448874359244,-5.879028192862122,13,STOP_LOSS_GAP_DOWN,2.3038351317983876,-5.407243873026858,Model 0 Baseline
DELTACORP,Services,2021-12-03,2021-12-20,242.40988753324856,241.80537409800357,257.72016509387043,258.36608029460695,6.315863480825194,11,DAILY_CLOSE_BELOW_EMA21,19.10134076044266,-3.8004776847046515,Model 0 Baseline
21STCENMGM,Diversified / Other,2021-12-15,2021-12-20,52.81366732589637,52.681962419846755,49.26586632784369,49.389339677036276,-6.717581220331333,3,STOP_LOSS_GAP_DOWN,1.1029383406095346,-6.250000173816717,Model 0 Baseline
TITAN,Diamond  &  Jewellery,2021-11-30,2021-12-20,2304.33987598824,2298.5933925069726,2178.20456357442,2183.663722881624,-5.473815461346628,14,STOP_LOSS_INTRADAY,4.517646356726159,-5.624032514325709,Model 0 Baseline
TATAELXSI,Software & IT Services,2021-12-08,2021-12-20,5710.516678685581,5696.275988713796,5397.933533804911,5411.462189278106,-5.473815461346629,8,STOP_LOSS_INTRADAY,1.683904974632721,-10.970329428194773,Model 0 Baseline
BAJAJFINSV,Finance,2021-12-17,2021-12-20,1664.399259564272,1660.2486379693487,1573.2931155557042,1577.2362060708813,-5.473815461346619,1,STOP_LOSS_INTRADAY,1.2012012012012114,-7.207204781270522,Model 0 Baseline
USHAMART,Metals & Mining,2021-12-01,2021-12-21,81.30627044435819,81.10351166519521,81.94770746709078,82.15309019257221,0.7889145809136029,14,DAILY_CLOSE_BELOW_EMA21,14.411765995871537,-3.058821734260111,Model 0 Baseline
MPHASIS,Software & IT Services,2021-12-03,2021-12-21,2797.1686211407578,2790.19313829502,2778.7719089244356,2785.736249548306,-0.6576904973579856,12,DAILY_CLOSE_BELOW_EMA21,6.677316523346516,-4.448877905986465,Model 0 Baseline
SRF,Diversified,2021-12-03,2021-12-21,2062.000122263594,2056.8579773202937,2055.10305881157,2060.25369304418,-0.3344841436989271,12,DAILY_CLOSE_BELOW_EMA21,7.2727506474942265,-2.892328169128685,Model 0 Baseline
VRLLOG,Logistics,2021-12-22,2021-12-27,208.13017203616656,207.61114417572725,209.63986118395331,210.165274369878,0.7253581415021468,3,DAILY_CLOSE_BELOW_EMA21,9.480804252101132,-2.821670428893901,Model 0 Baseline
DHUNINV,Finance,2021-12-23,2021-12-27,633.4433148469049,631.8636557076358,614.5514180731199,616.0916471910975,-2.982413158524046,2,DAILY_CLOSE_BELOW_EMA21,6.084243369734785,-6.396260906407559,Model 0 Baseline
SOLARINDS,Chemicals,2021-12-23,2021-12-27,2419.272106816612,2413.239009293379,2286.845616181638,2292.5770588287096,-5.4738154613466286,2,STOP_LOSS_INTRADAY,0.8230452674897252,-5.343630518786712,Model 0 Baseline
AMBIKCO,Textiles,2021-12-24,2021-12-29,1680.3119161603208,1676.121612129996,1753.3303919213972,1757.7247036805986,4.345531032591309,3,DAILY_CLOSE_BELOW_EMA21,5.859803300819812,-2.335704097590924,Model 0 Baseline
CENTURYPLY,Construction Materials,2021-12-22,2021-12-31,575.8433101190986,574.4072918893752,589.8232807500189,591.301534586485,2.4277386548137203,7,DAILY_CLOSE_BELOW_EMA21,9.861567098324972,-2.595155709342557,Model 0 Baseline
ASTRAMICRO,Miscellaneous,2021-12-24,2021-12-31,229.17249187660892,228.60098940310118,230.53801439922347,231.11580390899596,0.5958492275546663,5,DAILY_CLOSE_BELOW_EMA21,5.220012530979231,-2.5237241143047524,Model 0 Baseline
SIYSIL,Textiles,2021-12-24,2022-01-03,384.0073630444497,383.04973869770544,391.91263117560027,392.8948683464664,2.058624102537206,6,DAILY_CLOSE_BELOW_EMA21,5.104847072911747,-3.470321310539958,Model 0 Baseline
NHPC,Power,2021-12-22,2022-01-10,26.16572936545146,26.100478170026395,26.540765709963544,26.60728391976295,1.4333112571563575,13,DAILY_CLOSE_BELOW_EMA21,5.3398072480065775,-2.912620202075612,Model 0 Baseline
SCI,Logistics,2021-12-24,2022-01-10,131.3937975148486,131.0661321843876,129.89559521137798,130.22114808158193,-1.140238224183525,11,DAILY_CLOSE_BELOW_EMA21,5.479918074120035,-4.584526350502141,Model 0 Baseline
HATSUN,FMCG,2021-12-20,2022-01-11,1208.1904255351617,1205.1774818305853,1142.0563112197083,1144.918607739056,-5.473815461346638,16,STOP_LOSS_INTRADAY,4.248623974771293,-5.558623886389198,Model 0 Baseline
PREMIER,Diversified / Other,2022-01-18,2022-01-18,10.024999999999999,10.0,9.47625,9.5,-5.473815461346617,0,STOP_LOSS_INTRADAY,0.0,-8.999996185302734,Model 0 Baseline
ARIHANTSUP,Real Estate,2021-12-22,2022-01-19,168.74659502026617,168.32578056884407,176.2014350128327,176.64304261938113,4.417772098851065,20,DAILY_CLOSE_BELOW_EMA21,11.26469382469411,-4.352947992904965,Model 0 Baseline
GOLDTECH,Software & IT Services,2022-01-17,2022-01-20,86.21499999999999,86.0,82.99199695587158,83.19999694824219,-3.7383321279689206,3,DAILY_CLOSE_BELOW_EMA21,7.034887269485829,-2.3255813953488373,Model 0 Baseline
LAOPALA,Diversified / Other,2022-01-21,2022-01-24,372.1561988580553,371.22812853671354,351.7850553046032,352.66672210987787,-5.473815461346619,1,STOP_LOSS_INTRADAY,1.451222489519812,-9.08537835245083,Model 0 Baseline
PERSISTENT,Software & IT Services,2022-01-24,2022-01-24,2066.7592472048846,2061.605234119586,1953.6286599825726,1958.5249724136065,-5.473815461346621,0,STOP_LOSS_INTRADAY,1.7807099486221345,-6.1186361513311525,Model 0 Baseline
TATAPOWER,Power,2021-12-22,2022-01-25,207.86700934147615,207.3486377471084,218.16014301951623,218.70691029525435,4.951788025742412,24,DAILY_CLOSE_BELOW_EMA21,17.552464782123835,-0.5594391367096538,Model 0 Baseline
SALZERELEC,Electricals,2021-12-23,2022-01-25,184.07494409624158,183.6159043354031,214.45023460928797,214.98770386896035,16.501588883908614,23,DAILY_CLOSE_BELOW_EMA21,41.33689714740821,-2.540100252856412,Model 0 Baseline
BIL,Textiles,2022-01-27,2022-01-27,302.755,302.0,286.18275,286.9,-5.473815461346632,0,STOP_LOSS_INTRADAY,0.6622516556291391,-6.109275565242136,Model 0 Baseline
HITECHCORP,Plastic Products,2022-01-27,2022-01-27,293.55185936693556,292.81980984232973,277.48337230183773,278.17881935021325,-5.473815461346628,0,STOP_LOSS_INTRADAY,0.0,-5.989934934065645,Model 0 Baseline
AROGRANITE,Diversified / Other,2022-01-27,2022-01-28,76.13987194061279,75.94999694824219,71.972115858078,72.15249710083008,-5.473815461346638,1,STOP_LOSS_INTRADAY,4.1474676134951585,-10.006581671491418,Model 0 Baseline
ECLERX,Software & IT Services,2022-01-27,2022-01-28,816.9098885781807,814.8727068111529,772.1937487919187,774.1290714705951,-5.4738154613466365,1,STOP_LOSS_INTRADAY,0.9387705043554052,-6.061221546743574,Model 0 Baseline
EXPLEOSOL,Software & IT Services,2022-01-27,2022-01-28,1331.8727726836794,1328.551394198184,1258.9685149270542,1262.1238244882747,-5.473815461346619,1,STOP_LOSS_INTRADAY,0.3632343651295123,-7.138348350788467,Model 0 Baseline
LAOPALA,Diversified / Other,2022-01-28,2022-01-28,377.6023781496306,376.66072633379616,356.9331207920636,357.82769001710636,-5.473815461346619,0,STOP_LOSS_INTRADAY,1.923076923076935,-6.213943774883553,Model 0 Baseline
BOROLTD,Construction Materials,2022-01-27,2022-01-31,298.5916329193115,297.8470153808594,317.941435546875,318.73828125,6.480356612267305,2,DAILY_CLOSE_BELOW_EMA21,5.633805270182916,-2.8028091822303436,Model 0 Baseline
CGPOWER,Capital Goods,2022-01-27,2022-01-31,178.2563151114936,177.81178564737516,175.3964899335266,175.83608013386123,-1.6043331627147501,2,DAILY_CLOSE_BELOW_EMA21,5.861112806532116,-1.2777794731987864,Model 0 Baseline
ENERGYDEV,Diversified / Other,2022-01-31,2022-01-31,28.5211257648468,28.450000762939453,26.9599319729805,27.02750072479248,-5.473815461346631,0,STOP_LOSS_INTRADAY,1.581718254914825,-6.1511421900545145,Model 0 Baseline
LPDC,Diversified / Other,2022-01-31,2022-01-31,11.428499617576598,11.399999618530273,10.80292463850975,10.829999637603759,-5.473815461346622,0,STOP_LOSS_INTRADAY,0.0,-8.771930118089982,Model 0 Baseline
MINDTECK,Software & IT Services,2022-01-31,2022-01-31,157.4800427136433,157.0873244026367,148.8598757870486,149.23295818250486,-5.473815461346636,0,STOP_LOSS_INTRADAY,1.4603963621386429,-7.920793668509226,Model 0 Baseline
KPRMILL,Textiles,2022-01-31,2022-02-01,651.6096517510971,649.984690026032,668.8342151542541,670.5104913827108,2.6433867817747605,1,DAILY_CLOSE_BELOW_EMA21,7.233079035479325,0.0,Model 0 Baseline
ELECON,Capital Goods,2022-01-31,2022-02-01,88.58969818267046,88.36877624206531,83.74046158638713,83.95033742996203,-5.473815461346634,1,STOP_LOSS_INTRADAY,2.7207072351058232,-6.718491528714769,Model 0 Baseline
ALLCARGO,Logistics,2022-01-27,2022-02-02,79.71888432713247,79.52008411684038,82.32838455774812,82.534721361151,3.273377760666306,4,DAILY_CLOSE_BELOW_EMA21,5.9552226686699266,-2.582087730293837,Model 0 Baseline
GOLDTECH,Software & IT Services,2022-01-31,2022-02-02,83.1072515296936,82.9000015258789,78.558113945961,78.75500144958495,-5.473815461346629,2,STOP_LOSS_INTRADAY,3.0156814885215346,-8.08203191111544,Model 0 Baseline
CALSOFT,Diversified / Other,2022-02-03,2022-02-03,41.5035015296936,41.400001525878906,39.231676445961,39.33000144958496,-5.473815461346624,0,STOP_LOSS_INTRADAY,0.0,-6.521740732912046,Model 0 Baseline
LPDC,Diversified / Other,2022-02-03,2022-02-04,10.0751251912117,10.050000190734863,9.426374809741974,9.449999809265137,-6.439129729480847,1,DAILY_CLOSE_BELOW_EMA21,5.97014344684841,-2.9850764680724553,Model 0 Baseline
MINDTECK,Software & IT Services,2022-02-03,2022-02-04,144.30474124493696,143.94487904731866,136.40576600721536,136.74763509495273,-5.473815461346625,1,STOP_LOSS_INTRADAY,0.0,-5.132364323947176,Model 0 Baseline
PAGEIND,Textiles,2022-01-27,2022-02-07,38856.38943289213,38759.49070612682,39320.27334028867,39418.82039126684,1.1938420274423716,7,DAILY_CLOSE_BELOW_EMA21,6.598388435525537,-4.7351154313487145,Model 0 Baseline
ASAL,Diversified / Other,2022-02-07,2022-02-07,550.0717622375488,548.7000122070312,519.9618490676879,521.2650115966796,-5.47381546134664,0,STOP_LOSS_INTRADAY,0.0,-9.513397311049365,Model 0 Baseline
GOKUL,Agri,2022-01-27,2022-02-08,39.5486257648468,39.45000076293945,39.35137576103211,39.45000076293945,-0.49875311720695814,8,DAILY_CLOSE_BELOW_EMA21,5.830162718833803,-4.94296761781395,Model 0 Baseline
NEOGEN,Chemicals,2022-01-27,2022-02-08,1665.512839290347,1661.3594406886257,1617.2942669308748,1621.347636020927,-2.895118621842484,8,DAILY_CLOSE_BELOW_EMA21,7.70381745712909,-2.5430034234559704,Model 0 Baseline
KEI,Electricals,2022-02-02,2022-02-08,1104.9306244884451,1102.17518652214,1044.4487611280429,1047.066427196033,-5.473815461346619,4,STOP_LOSS_INTRADAY,2.8507087814043297,-5.45492046658493,Model 0 Baseline
ACCURACY,Logistics,2022-02-03,2022-02-08,20.584073197348268,20.5327413439883,19.45733901609691,19.506104276788882,-5.473815461346634,3,STOP_LOSS_INTRADAY,0.0,-11.11651179760553,Model 0 Baseline
CHAMBLFERT,Chemicals,2022-02-04,2022-02-08,367.10668587449396,366.1912078548568,347.0119433434587,347.88164746211396,-5.4738154613466286,2,STOP_LOSS_INTRADAY,1.185482435886147,-5.137080257482108,Model 0 Baseline
ESABINDIA,Capital Goods,2022-01-27,2022-02-09,3018.2921984435798,3010.7652852305037,2853.076453416556,2860.227020968978,-5.47381546134663,9,STOP_LOSS_INTRADAY,4.46154278904053,-5.992311779434971,Model 0 Baseline
CLEDUCATE,Miscellaneous,2022-02-10,2022-02-10,55.137499999999996,55.0,52.119375000000005,52.25,-5.473815461346617,0,STOP_LOSS_INTRADAY,7.090911865234376,-5.227272727272727,Model 0 Baseline
SALZERELEC,Electricals,2022-02-10,2022-02-10,208.58544290930257,208.0652797100275,197.16786068521483,197.66201572452613,-5.473815461346623,0,STOP_LOSS_INTRADAY,0.0,-5.6158538174841315,Model 0 Baseline
SHARDAMOTR,Automobile & Ancillaries,2022-02-10,2022-02-10,786.2643774927884,784.3036184466717,743.2257164305273,745.0884375243381,-5.473815461346632,0,STOP_LOSS_INTRADAY,0.0,-5.703705210744597,Model 0 Baseline
MONTECARLO,Textiles,2022-02-10,2022-02-11,528.9375558495002,527.6185095755613,499.98449013654135,501.2375840967833,-5.473815461346619,1,STOP_LOSS_INTRADAY,0.47699962401511625,-5.281100326174837,Model 0 Baseline
RTNPOWER,Power,2022-02-11,2022-02-11,6.616499904394149,6.599999904632568,6.254324909627438,6.26999990940094,-5.473815461346619,0,STOP_LOSS_INTRADAY,0.0,-5.303028934695922,Model 0 Baseline
SURANASOL,Electricals,2022-02-11,2022-02-11,28.721624617576598,28.649999618530273,27.14945588850975,27.21749963760376,-5.473815461346635,0,STOP_LOSS_INTRADAY,0.17452406657918382,-6.631761409523334,Model 0 Baseline
INGERRAND,Capital Goods,2021-12-31,2022-02-14,1044.441818724829,1041.8372256606774,1247.279679841142,1250.4056940763328,19.420695100466205,30,DAILY_CLOSE_BELOW_EMA21,31.680416711485858,-1.1739989598249252,Model 0 Baseline
DBSTOCKBRO,Finance,2022-01-31,2022-02-14,29.6740003824234,29.600000381469727,32.2192492389679,32.29999923706055,8.577370168304327,10,DAILY_CLOSE_BELOW_EMA21,40.03378455659783,0.0,Model 0 Baseline
TVTODAY,Media & Entertainment,2022-02-01,2022-02-14,286.2749893158596,285.5610865993612,285.75157224963453,286.4677416036436,-0.18283716208528794,9,DAILY_CLOSE_BELOW_EMA21,7.9502081522156045,-3.4544075654953534,Model 0 Baseline
GLOBUSSPR,Alcohol,2022-02-10,2022-02-14,1398.2076496774025,1394.7208475585064,1092.3398225863791,1095.0775163773224,-21.875708315685007,2,STOP_LOSS_GAP_DOWN,0.424028268551238,-21.484107856114516,Model 0 Baseline
HCL-INSYS,Consumer Durables,2022-02-11,2022-02-14,21.7542507648468,21.700000762939453,20.299125380516053,20.350000381469727,-6.688924385675097,1,STOP_LOSS_GAP_DOWN,0.0,-6.221199695878984,Model 0 Baseline
NEOGEN,Chemicals,2022-02-11,2022-02-14,1573.5795122136165,1569.6553737791687,1322.4924235352853,1325.806940887504,-15.956428431450345,1,STOP_LOSS_GAP_DOWN,0.316656111462952,-15.535157396019034,Model 0 Baseline
GOKUL,Agri,2022-02-11,2022-02-14,37.2428765296936,37.150001525878906,35.204270195961,35.29250144958496,-5.473815461346626,1,STOP_LOSS_INTRADAY,2.0188424473618007,-6.729474824539336,Model 0 Baseline
ACCURACY,Logistics,2022-02-14,2022-02-14,20.2843056461675,20.233721342810476,19.17398018748078,19.222035275669953,-5.473815461346611,0,STOP_LOSS_INTRADAY,0.9359632571352295,-6.674874843160504,Model 0 Baseline
SHAREINDIA,Finance,2021-12-23,2022-02-15,179.6504153376401,179.20240931435424,222.84198073532733,223.40048194017777,24.04200698145437,37,DAILY_CLOSE_BELOW_EMA21,46.872335602528246,-1.1480689537971975,Model 0 Baseline
GOLDTECH,Software & IT Services,2022-02-10,2022-02-15,78.5960015296936,78.4000015258789,74.91224847793579,75.0999984741211,-4.686947147516253,3,DAILY_CLOSE_BELOW_EMA21,8.418365236820197,-1.9770446703960523,Model 0 Baseline
BCG,Software & IT Services,2022-02-14,2022-02-16,89.55209543228149,89.32877349853516,84.3860099029541,84.59750366210938,-5.768804743641022,2,STOP_LOSS_GAP_DOWN,4.197207938157475,-5.2964679253134115,Model 0 Baseline
A2ZINFRA,Infrastructure,2022-02-16,2022-02-17,10.2254998087883,10.199999809265137,10.623374619483949,10.649999618530273,3.8910059961440306,1,DAILY_CLOSE_BELOW_EMA21,5.392158833525393,-3.92156496088299,Model 0 Baseline
BORORENEW,Construction Materials,2022-02-16,2022-02-17,639.5949999999999,638.0,604.5847500000001,606.1,-5.4738154613466055,1,STOP_LOSS_INTRADAY,0.0,-5.956112852664576,Model 0 Baseline
GINNIFILA,Textiles,2022-02-16,2022-02-17,48.621249999999996,48.5,45.9598125,46.074999999999996,-5.47381546134663,1,STOP_LOSS_INTRADAY,2.680410798062983,-7.01031242449259,Model 0 Baseline
PITTIENG,Capital Goods,2022-02-16,2022-02-17,256.766028899888,256.1257146133546,242.71113031048014,243.31942888268685,-5.473815461346641,1,STOP_LOSS_INTRADAY,0.0,-5.155818619468395,Model 0 Baseline
INDORAMA,Diversified / Other,2022-02-16,2022-02-18,71.52837347030639,71.3499984741211,74.8125,75.0,4.591361959400558,2,DAILY_CLOSE_BELOW_EMA21,14.576036087304228,-0.07007067054306212,Model 0 Baseline
PRECAM,Automobile & Ancillaries,2022-02-16,2022-02-18,151.07775523415026,150.70100272733194,141.85461251098153,142.21013785562056,-6.1048979109294415,2,STOP_LOSS_GAP_DOWN,1.8029639386578973,-5.634245770132114,Model 0 Baseline
ASAHIINDIA,Construction Materials,2022-02-16,2022-02-18,524.9477015256348,523.638605013102,496.21303307554086,497.45667476244694,-5.473815461346623,2,STOP_LOSS_INTRADAY,0.7737262496772161,-6.548407654303266,Model 0 Baseline
BEML,Capital Goods,2022-02-16,2022-02-18,720.4590754693742,718.6624194208222,681.0224752036567,682.729298449781,-5.47381546134662,2,STOP_LOSS_INTRADAY,2.4822599237482224,-16.156052049471995,Model 0 Baseline
KCPSUGIND,Agri,2022-02-16,2022-02-18,25.436257825859702,25.372825761456063,24.043924012199803,24.10418447338326,-5.473815461346625,2,STOP_LOSS_INTRADAY,3.6821736086519756,-5.038755902168904,Model 0 Baseline
KPITTECH,Software & IT Services,2022-02-16,2022-02-18,577.3455566033392,575.9057921230317,545.7427262605879,547.11050251688,-5.473815461346623,2,STOP_LOSS_INTRADAY,2.5814050072306216,-5.837697224919279,Model 0 Baseline
GREAVESCOT,Industrial Manufacturing,2022-02-16,2022-02-21,178.70258103974524,178.25693869301273,168.9207315289662,169.34409175836208,-5.473815461346615,3,STOP_LOSS_INTRADAY,3.7837837837837824,-5.675678091574143,Model 0 Baseline
LGBBROSLTD,Automobile & Ancillaries,2022-02-16,2022-02-21,606.5210884278756,605.0085670103498,573.3212433131828,574.7581386598323,-5.473815461346616,3,STOP_LOSS_INTRADAY,0.4199114212066911,-9.90227956903773,Model 0 Baseline
CEREBRAINT,Consumer Durables,2022-02-17,2022-02-21,86.91674694061278,86.69999694824219,82.159084608078,82.36499710083008,-5.473815461346621,2,STOP_LOSS_INTRADAY,3.6908935297276244,-6.113028383988584,Model 0 Baseline
JINDALPOLY,Containers & Packaging,2022-02-18,2022-02-21,1086.3962425816642,1083.6870250191164,1026.92891708374,1029.5026737681605,-5.473815461346641,1,STOP_LOSS_INTRADAY,0.0044886841367780235,-6.645738157706424,Model 0 Baseline
TOTAL,Diversified / Other,2022-02-18,2022-02-21,83.29719094013313,83.08946727195325,78.73765642358471,78.9349939083556,-5.4738154613466214,1,STOP_LOSS_INTRADAY,4.404753656298156,-5.476192838279896,Model 0 Baseline
GINNIFILA,Textiles,2022-02-21,2022-02-21,48.220248470306394,48.099998474121094,45.580761054039,45.694998550415036,-5.473815461346629,0,STOP_LOSS_INTRADAY,0.7276555091923104,-6.444903477053049,Model 0 Baseline
KDDL,Consumer Durables,2022-02-21,2022-02-21,945.129068617713,942.772138272033,893.3944475300352,895.6335313584312,-5.473815461346626,0,STOP_LOSS_INTRADAY,0.0,-6.835962786441624,Model 0 Baseline
POLYPLEX,Plastic Products,2022-01-27,2022-02-22,1600.1564886196074,1596.1660734360175,1684.2922197563562,1688.513503515144,5.257968938358607,18,DAILY_CLOSE_BELOW_EMA21,21.945523641143478,-1.616562677254688,Model 0 Baseline
CGPOWER,Capital Goods,2022-02-18,2022-02-22,173.30475387094344,172.87257243984385,159.48271950087363,159.8824255647856,-7.97556562145018,2,STOP_LOSS_GAP_DOWN,3.085710797991066,-7.514290261156706,Model 0 Baseline
OSWALAGRO,Finance,2022-02-21,2022-02-22,30.075,30.0,28.279125380516053,28.350000381469727,-5.971320430536813,1,STOP_LOSS_GAP_DOWN,1.5000025431315103,-5.499998728434244,Model 0 Baseline
BLBLIMITED,Finance,2022-02-21,2022-02-22,20.9021253824234,20.850000381469727,19.75798161149025,19.80750036239624,-5.473815461346619,1,STOP_LOSS_INTRADAY,4.796162981794198,-9.352521473680648,Model 0 Baseline
JINDWORLD,Textiles,2022-02-22,2022-02-23,56.27115329545375,56.130826229879055,59.75506879784302,59.9048308750306,6.191299268555679,1,DAILY_CLOSE_BELOW_EMA21,5.656350473369857,-2.774815616184196,Model 0 Baseline
AURIONPRO,Software & IT Services,2022-02-21,2022-02-24,153.18809120438843,152.80607601435256,141.60687447729683,141.96177892460835,-7.560128620990239,3,STOP_LOSS_GAP_DOWN,2.5806542047030767,-7.096770869717009,Model 0 Baseline
JBMA,Automobile & Ancillaries,2022-02-22,2022-02-24,249.25125591628247,248.62968171200248,228.66348083496095,229.236572265625,-8.259848082064014,2,STOP_LOSS_GAP_DOWN,1.6000059528615298,-7.799997696510459,Model 0 Baseline
KPITTECH,Software & IT Services,2022-02-23,2022-02-24,564.0004505360968,562.5939656220417,515.1971272733792,516.4883481437386,-8.653064588215972,1,STOP_LOSS_GAP_DOWN,3.281519861830727,-8.195185212718311,Model 0 Baseline
NIITLTD,Software & IT Services,2022-02-16,2022-02-24,417.71706237203875,416.6753739371958,394.8520012272352,395.841605240336,-5.473815461346623,6,STOP_LOSS_INTRADAY,4.562956963588481,-8.962544414803752,Model 0 Baseline
AVADHSUGAR,Agri,2022-02-23,2022-02-24,498.8734994738504,497.6294259090777,471.56608472708973,472.7479546136238,-5.473815461346643,1,STOP_LOSS_INTRADAY,4.5296190647282675,-6.381812816311569,Model 0 Baseline
ALLCARGO,Logistics,2022-02-24,2022-02-24,76.14937125900397,75.95947257756008,71.98109520131037,72.16149894868207,-5.473815461346626,0,STOP_LOSS_INTRADAY,3.093748092651357,-7.17187881469727,Model 0 Baseline
GINNIFILA,Textiles,2022-02-24,2022-02-24,44.11,44.0,41.6955,41.8,-5.473815461346626,0,STOP_LOSS_INTRADAY,0.11363462968306108,-9.090909090909092,Model 0 Baseline
INDORAMA,Diversified / Other,2022-02-24,2022-02-24,67.66875,67.5,63.964687500000004,64.125,-5.473815461346632,0,STOP_LOSS_INTRADAY,0.0,-11.11111111111111,Model 0 Baseline
KABRAEXTRU,Capital Goods,2022-02-24,2022-02-24,391.493589895995,390.51729665435914,370.0639532420871,370.9914318216412,-5.473815461346617,0,STOP_LOSS_INTRADAY,2.965263574945718,-5.707196029776674,Model 0 Baseline
SANGAMIND,Textiles,2022-02-24,2022-02-24,296.5415192051791,295.8020141697547,280.3093836776138,281.011913461267,-5.4738154613466286,0,STOP_LOSS_INTRADAY,2.108034837885435,-10.128458294403138,Model 0 Baseline
SUNDARAM,Diversified / Other,2022-02-23,2022-02-25,4.01,4.0,3.740625,3.75,-6.71758104738154,2,STOP_LOSS_GAP_DOWN,1.250004768371582,-6.25,Model 0 Baseline
BEDMUTHA,Metals & Mining,2022-02-24,2022-02-25,72.12987194061279,71.94999694824219,67.48087652206421,67.6500015258789,-6.445312175760233,1,DAILY_CLOSE_BELOW_EMA21,6.8797842774024645,-3.266155071294283,Model 0 Baseline
DWARKESH,Agri,2022-02-24,2022-02-25,76.00503226882721,75.81549353498974,79.40725509533927,79.60627077226994,4.4763125874067295,1,DAILY_CLOSE_BELOW_EMA21,8.37499618530273,-1.2500000000000018,Model 0 Baseline
ELGIEQUIP,Capital Goods,2022-02-24,2022-02-25,329.3790296658367,328.5576355768945,338.0238967895508,338.87107447574016,2.62459547970754,1,DAILY_CLOSE_BELOW_EMA21,10.26906012063248,-4.334828101644236,Model 0 Baseline
KOTHARIPET,Chemicals,2022-02-24,2022-02-25,72.24541837176943,72.06525523368522,74.76049320091259,74.94786285805773,3.4812931890030394,1,DAILY_CLOSE_BELOW_EMA21,8.533335367838554,0.0,Model 0 Baseline
AMDIND,Containers & Packaging,2022-02-28,2022-02-28,45.59770177316148,45.48399179367729,43.10176772348344,43.20979220399342,-5.473815461346634,0,STOP_LOSS_INTRADAY,6.427008388178263,-5.119830524392035,Model 0 Baseline
BEDMUTHA,Metals & Mining,2022-02-28,2022-02-28,75.0872515296936,74.9000015258789,70.977113945961,71.15500144958496,-5.473815461346638,0,STOP_LOSS_INTRADAY,0.0,-6.5420579787116475,Model 0 Baseline
CEREBRAINT,Consumer Durables,2022-02-28,2022-02-28,75.4882530593872,75.30000305175781,71.356165391922,71.53500289916992,-5.47381546134662,0,STOP_LOSS_INTRADAY,2.39043207093371,-7.038516383744142,Model 0 Baseline
ASTEC,Chemicals,2022-02-28,2022-03-02,1450.4304226926474,1446.8133892195985,1513.3896415934942,1517.1825980887158,4.340726581283801,1,DAILY_CLOSE_BELOW_EMA21,8.985857192135207,-0.034494653328739994,Model 0 Baseline
AVADHSUGAR,Agri,2022-02-28,2022-03-03,484.6931528883324,483.48444178387274,511.58729505640366,512.8694687282242,5.54869446944041,2,DAILY_CLOSE_BELOW_EMA21,8.040769404477023,-2.5858838283674794,Model 0 Baseline
BSE,Unclassified,2022-02-28,2022-03-03,203.51447888741606,203.00696148370682,216.96368611112487,217.50745474799484,6.608476850017582,2,DAILY_CLOSE_BELOW_EMA21,5.758604978117835,-1.3634030122185563,Model 0 Baseline
INDOTHAI,Finance,2022-02-21,2022-03-04,31.2423206615448,31.164409637451172,32.43551677318115,32.51680879516907,3.819166074641242,8,DAILY_CLOSE_BELOW_EMA21,12.385181875707275,-1.1719911536438614,Model 0 Baseline
PRECWIRE,Electricals,2022-02-24,2022-03-04,56.634504051208495,56.49327087402344,58.85514325527671,59.002649879976644,3.921000530101452,5,DAILY_CLOSE_BELOW_EMA21,5.9225514552218295,-4.157191337211497,Model 0 Baseline
CANBK,Banks,2022-02-28,2022-03-07,36.7393272173904,36.647707947521596,34.69873481540717,34.78569906306483,-5.554245427274237,4,STOP_LOSS_GAP_DOWN,1.9399541972022316,-5.080833123651562,Model 0 Baseline
CENTURYPLY,Construction Materials,2022-02-16,2022-03-07,602.2444310483709,600.7425746118413,569.2786822665461,570.7054458812491,-5.473815461346635,12,STOP_LOSS_INTRADAY,4.383777044487986,-6.583960898970459,Model 0 Baseline
AGARIND,Industrial Gases & Fuels,2022-02-28,2022-03-07,462.7664989399472,461.61246777052094,437.4355147710399,438.53184438199486,-5.47381546134663,4,STOP_LOSS_INTRADAY,4.721624795068261,-8.822274365565953,Model 0 Baseline
ALLCARGO,Logistics,2022-02-28,2022-03-07,76.149373385649,75.95947469890174,71.98109721154677,72.16150096395666,-5.473815461346632,4,STOP_LOSS_INTRADAY,4.2812510104350485,-9.28123907492844,Model 0 Baseline
BDL,Aviation,2022-02-28,2022-03-08,205.85606355599825,205.3427067890257,218.20894036369154,218.7558299385379,6.00073497681208,5,DAILY_CLOSE_BELOW_EMA21,13.776721384813593,-2.565317765550769,Model 0 Baseline
INDIANCARD,Textiles,2022-03-11,2022-03-11,223.6366399557066,223.0789425992086,211.39518298057504,211.92499546924816,-5.473815461346632,0,STOP_LOSS_INTRADAY,2.7505721471094464,-5.293891528290231,Model 0 Baseline
ESCORTS,Automobile & Ancillaries,2022-02-28,2022-03-28,1768.2720240217259,1763.8623681014724,1671.480076572158,1675.6692496963988,-5.4738154613466135,18,STOP_LOSS_INTRADAY,2.78536093113347,-7.973788001824683,Model 0 Baseline
GRAVITA,Metals & Mining,2022-04-04,2022-04-06,333.81685286289735,332.9843918831894,314.6547296093968,315.44333795428247,-5.740310319614296,2,STOP_LOSS_GAP_DOWN,0.6214874641752591,-5.267830672093579,Model 0 Baseline
JINDWORLD,Textiles,2022-04-04,2022-04-08,61.255687683293,61.1029303573995,57.9026643799307,58.04778383952952,-5.473815461346636,4,STOP_LOSS_INTRADAY,3.970588684448692,-6.486933893764362,Model 0 Baseline
STEELXIND,Metals & Mining,2022-04-21,2022-04-21,23.54872477054596,23.489999771118164,22.25971103310585,22.315499782562256,-5.473815461346628,0,STOP_LOSS_INTRADAY,0.0,-7.386124424253128,Model 0 Baseline
HINDALCO,Metals & Mining,2022-04-18,2022-04-22,528.1214055332821,526.8043945469149,499.2130143825202,500.4641748195691,-5.473815461346619,4,STOP_LOSS_INTRADAY,2.0643946554755024,-5.807872603299413,Model 0 Baseline
KABRAEXTRU,Capital Goods,2022-04-22,2022-04-22,436.18017534092957,435.0924442303537,412.30447746378894,413.337822018836,-5.473815461346625,0,STOP_LOSS_INTRADAY,1.6481055448740185,-5.44543701715619,Model 0 Baseline
BIRLACABLE,Electricals,2022-04-21,2022-04-25,145.430250977484,145.06758202242796,137.4696674140033,137.81420292130656,-5.473815461346608,2,STOP_LOSS_INTRADAY,1.4715698650449436,-6.722404800626521,Model 0 Baseline
SPECIALITY,Hospitality,2022-04-21,2022-04-25,145.12246135009548,144.76055995021994,137.17872562282716,137.52253195270893,-5.473815461346634,2,STOP_LOSS_INTRADAY,3.028263671042701,-5.316295440631462,Model 0 Baseline
SRPL,Textiles,2022-04-21,2022-04-25,11.7041876912117,11.675000190734863,11.063522055745125,11.09125018119812,-5.473815461346634,2,STOP_LOSS_INTRADAY,0.0856550639696948,-8.179870733226462,Model 0 Baseline
KENNAMET,Capital Goods,2022-04-22,2022-04-27,1945.0548875111583,1940.204376569734,1838.5861723468943,1843.1941577412472,-5.473815461346628,3,STOP_LOSS_INTRADAY,0.0,-5.149257585142319,Model 0 Baseline
DWARKESH,Agri,2022-02-28,2022-04-28,81.46789789057773,81.2647360504516,124.54499012874888,124.85713296115175,52.87615533670629,39,DAILY_CLOSE_BELOW_EMA21,75.65052309807592,-3.2069970845481,Model 0 Baseline
BSE,Unclassified,2022-04-27,2022-04-29,262.61645172119137,261.9615478515625,277.8402023404596,278.53654369970883,5.796952368936366,2,DAILY_CLOSE_BELOW_EMA21,5.45453996338038,-1.0909090909090895,Model 0 Baseline
SPECIALITY,Hospitality,2022-04-27,2022-04-29,142.97394272312292,142.61739922506027,141.87216347402372,142.2277328060388,-0.7706154199250507,2,DAILY_CLOSE_BELOW_EMA21,5.874315495402786,-1.980870230455659,Model 0 Baseline
SRPL,Textiles,2022-04-27,2022-04-29,11.70920030593872,11.680000305175781,11.0682602891922,11.096000289916992,-5.473815461346635,2,STOP_LOSS_INTRADAY,1.1558156821939212,-7.363018731861409,Model 0 Baseline
NDL,Textiles,2022-04-28,2022-04-29,5.714249808788299,5.699999809265137,5.401462319254875,5.4149998188018795,-5.473815461346622,1,STOP_LOSS_INTRADAY,2.6315807085398863,-5.263153051515313,Model 0 Baseline
TIMKEN,Automobile & Ancillaries,2022-04-29,2022-05-02,2019.4075312979935,2014.3716022922629,1908.8688896222056,1913.6530221776497,-5.47381546134663,1,STOP_LOSS_INTRADAY,0.0,-6.37009422538535,Model 0 Baseline
CENTURYPLY,Construction Materials,2022-04-22,2022-05-05,635.6193677486847,634.0342820435758,600.8267365215435,602.332567941397,-5.473815461346633,8,STOP_LOSS_INTRADAY,4.874602184108773,-7.460811440879329,Model 0 Baseline
VIPIND,FMCG,2022-04-29,2022-05-05,668.0605151677992,666.394528845685,631.4921153973924,633.0748024034008,-5.473815461346611,3,STOP_LOSS_INTRADAY,3.2536043926768827,-6.5963406040304315,Model 0 Baseline
GREENPANEL,Construction Materials,2022-03-10,2022-05-09,479.94410528485815,478.74723719187847,562.28736934138,563.6966108685514,17.15684454706432,38,DAILY_CLOSE_BELOW_EMA21,29.023600954025387,-0.02062194061208967,Model 0 Baseline
GMDCLTD,Metals & Mining,2022-05-05,2022-05-09,171.5711176419185,171.14325949318555,166.2240655767048,166.64066724481683,-3.1165222554377747,2,DAILY_CLOSE_BELOW_EMA21,5.965093581808999,-2.031773436803154,Model 0 Baseline
DHAMPURSUG,Agri,2022-05-06,2022-05-09,494.01347251201315,492.7815187152251,466.97208667251516,468.1424427794638,-5.4738154613466365,1,STOP_LOSS_INTRADAY,0.0,-10.917970034375774,Model 0 Baseline
DWARKESH,Agri,2022-05-06,2022-05-09,116.20450593467494,115.91471913683287,109.84368572204124,110.11898317999122,-5.4738154613466286,1,STOP_LOSS_INTRADAY,0.37328655068468347,-6.097061861868069,Model 0 Baseline
KHAICHEM,Diversified / Other,2022-05-06,2022-05-09,120.44434988570043,120.14398991092312,113.85144843933853,114.13679041537696,-5.473815461346634,1,STOP_LOSS_INTRADAY,2.314052108890751,-8.88429721967077,Model 0 Baseline
AVADHSUGAR,Agri,2022-05-06,2022-05-10,630.3389360595045,628.7670185132215,595.8353459185915,597.3286675875604,-5.473815461346619,2,STOP_LOSS_INTRADAY,3.7445556854648183,-8.563134865675003,Model 0 Baseline
NH,Healthcare,2022-05-06,2022-05-10,697.6015630199165,695.8619082492933,659.4161408047365,661.0688128368286,-5.473815461346636,2,STOP_LOSS_INTRADAY,0.0,-5.134959282694361,Model 0 Baseline
PRICOLLTD,Automobile & Ancillaries,2022-05-06,2022-05-10,121.69094173183555,121.38747304921253,115.02980414826003,115.3180993967519,-5.473815461346622,2,STOP_LOSS_INTRADAY,3.0377642492093395,-5.295575829651001,Model 0 Baseline
SPECIALITY,Hospitality,2022-05-09,2022-05-10,137.50498309129878,137.1620778965574,129.9782140667252,130.30397400172953,-5.47381546134663,1,STOP_LOSS_INTRADAY,0.0,-11.11505149315815,Model 0 Baseline
GNFC,Chemicals,2022-05-11,2022-05-11,745.9817099596761,744.1214064435673,705.1480477810853,706.9153361213888,-5.4738154613466365,0,STOP_LOSS_INTRADAY,0.04773561026999331,-16.855608591885446,Model 0 Baseline
MADRASFERT,Diversified / Other,2022-05-11,2022-05-11,46.5661257648468,46.45000076293945,44.017181972980495,44.127500724792476,-5.473815461346644,0,STOP_LOSS_INTRADAY,0.0,-10.871903453421972,Model 0 Baseline
POLYPLEX,Plastic Products,2022-05-11,2022-05-11,2285.0206232772507,2279.322317483542,2159.942811105341,2165.3562016093647,-5.473815461346639,0,STOP_LOSS_INTRADAY,0.9103783127655277,-9.736997869461877,Model 0 Baseline
CUMMINSIND,Automobile & Ancillaries,2022-04-27,2022-05-12,957.6084580745551,955.2204070569128,905.190738237307,907.4593867040671,-5.473815461346636,10,STOP_LOSS_INTRADAY,2.7210116517628946,-6.964644412656984,Model 0 Baseline
ZUARI,Chemicals,2022-05-12,2022-05-16,159.39749999999998,159.0,162.5426219558716,162.9499969482422,1.9731312949523152,2,DAILY_CLOSE_BELOW_EMA21,8.11320370848074,-4.088050314465408,Model 0 Baseline
AMBER,Consumer Durables,2022-05-16,2022-05-16,3179.93,3172.0,3005.8664999999996,3013.3999999999996,-5.47381546134664,0,STOP_LOSS_INTRADAY,0.725094577553594,-14.766705622438526,Model 0 Baseline
CUPID,Miscellaneous,2022-05-16,2022-05-16,2.334666145409586,2.328844035321283,2.2068708289713306,2.2124018335552185,-5.473815461346637,0,STOP_LOSS_INTRADAY,1.7284502772646153,-5.789251880041198,Model 0 Baseline
LEMONTREE,Hospitality,2022-05-12,2022-05-18,59.8492507648468,59.70000076293945,62.642999238967896,62.79999923706055,4.667975686275487,4,DAILY_CLOSE_BELOW_EMA21,6.616416603785931,-3.015074060397583,Model 0 Baseline
CONTROLPR,Consumer Durables,2022-05-16,2022-05-18,373.53216405697884,372.60066240097643,392.85406542398454,393.8386620791825,5.172754377333439,2,DAILY_CLOSE_BELOW_EMA21,7.470179192575061,0.0,Model 0 Baseline
GANECOS,Textiles,2022-05-06,2022-05-20,660.1059662920103,658.459816750135,680.5181831663105,682.2237425226169,3.092263654116168,10,DAILY_CLOSE_BELOW_EMA21,8.120294802649266,-1.2030059342770172,Model 0 Baseline
ADANIENT,Trading,2022-05-16,2022-05-20,2083.206043020263,2078.0110154815593,2148.805781450725,2154.191259599724,3.1489798452847433,4,DAILY_CLOSE_BELOW_EMA21,6.446115614545486,-1.2003937854300757,Model 0 Baseline
DPABHUSHAN,Diamond  &  Jewellery,2022-05-16,2022-05-20,399.1979951444935,398.2024889221881,429.03713606774147,430.11241711051775,7.474772239887476,4,DAILY_CLOSE_BELOW_EMA21,13.501685077751159,-1.9252436484600937,Model 0 Baseline
DSSL,Software & IT Services,2022-05-16,2022-05-20,257.0134191822601,256.3724879623542,276.30534914590476,276.997843755293,7.506195600613302,4,DAILY_CLOSE_BELOW_EMA21,14.652147415671166,-2.798282950268326,Model 0 Baseline
GALLANTT,Metals & Mining,2022-05-16,2022-05-20,65.87930387413822,65.71501633330496,69.22554875605822,69.39904637198818,5.079356770850174,4,DAILY_CLOSE_BELOW_EMA21,9.696983765718297,-0.15151283957739883,Model 0 Baseline
GENUSPOWER,Capital Goods,2022-05-16,2022-05-20,80.02527865378013,79.82571436786048,87.19554408196224,87.41407928016264,8.960000575822306,4,DAILY_CLOSE_BELOW_EMA21,18.395054118567522,-4.814816698615937,Model 0 Baseline
NH,Healthcare,2022-05-11,2022-05-23,671.8378226023235,670.1624165609212,635.062659993543,636.6542957328751,-5.473815461346631,8,STOP_LOSS_INTRADAY,3.1784724886550735,-7.079648293690628,Model 0 Baseline
GAEL,Agri,2022-05-12,2022-05-26,144.93889339131997,144.5774497669027,144.7098862916917,145.0725677109691,-0.158002516971043,10,DAILY_CLOSE_BELOW_EMA21,17.328763624033005,-4.708904109589035,Model 0 Baseline
ESABINDIA,Capital Goods,2022-05-16,2022-05-27,3075.91622260019,3068.245608578743,3230.710399996422,3238.8074185427786,5.03245752465191,9,DAILY_CLOSE_BELOW_EMA21,29.102359765587398,-1.195324959181352,Model 0 Baseline
GAIL,Industrial Gases & Fuels,2022-05-12,2022-05-27,86.63730216850858,86.42124904589386,81.89493612711517,82.10018659359916,-5.473815461346616,11,STOP_LOSS_INTRADAY,4.522775476254106,-5.420671072747988,Model 0 Baseline
SATIA,Paper,2022-05-27,2022-05-27,120.49816330264798,120.19766912982342,113.90231620914892,114.18778567333224,-5.473815461346633,0,STOP_LOSS_INTRADAY,3.4369923752253646,-13.625199928226253,Model 0 Baseline
SUNPHARMA,Healthcare,2022-05-09,2022-05-31,834.8232843503463,832.7414307734128,829.8940161559925,831.9739510335764,-0.5904564818397093,16,DAILY_CLOSE_BELOW_EMA21,7.286436895458202,-3.7843463053300908,Model 0 Baseline
ROHLTD,Hospitality,2022-05-27,2022-05-31,119.97541522642501,119.67622466476311,124.12665277677547,124.43774714463706,3.4600735013219057,2,DAILY_CLOSE_BELOW_EMA21,7.670221079142488,-0.9023777361377353,Model 0 Baseline
RIIL,Infrastructure,2022-05-30,2022-06-02,888.3567158894377,886.1413624832297,929.4942478367265,931.8238073551142,4.630744746056332,3,DAILY_CLOSE_BELOW_EMA21,7.527713585417491,-0.3325942350332608,Model 0 Baseline
DANGEE,FMCG,2022-06-02,2022-06-14,22.055,22.0,21.95497522830963,22.010000228881836,-0.4535242425317068,8,DAILY_CLOSE_BELOW_EMA21,11.51514920321378,-2.72727446122603,Model 0 Baseline
BSHSL,Agri,2022-06-10,2022-06-14,40.089976682662964,39.9900016784668,37.89552534055709,37.99050159454345,-5.473815461346648,2,STOP_LOSS_INTRADAY,0.0,-7.476873100700086,Model 0 Baseline
GOKULAGRO,Agri,2022-06-16,2022-06-16,51.10867712020874,50.981224060058594,48.31108244991302,48.43216285705566,-5.473815461346635,0,STOP_LOSS_INTRADAY,1.9990239757469497,-5.802046657910084,Model 0 Baseline
ACCURACY,Logistics,2022-06-13,2022-06-17,23.05686457018291,22.999366154795922,22.65820395514406,22.71499143372838,-1.729032210018689,4,DAILY_CLOSE_BELOW_EMA21,19.045555405231365,-4.5553113744677445,Model 0 Baseline
SHARDACROP,Chemicals,2022-06-17,2022-06-20,612.0633557073127,610.5370131743767,578.5601371093687,580.0101625156578,-5.4738154613466365,1,STOP_LOSS_INTRADAY,2.1261720271125473,-13.707182746260768,Model 0 Baseline
MGEL,Agri,2022-06-20,2022-06-20,19.32994083733772,19.281736496097476,18.271855547114374,18.317649671292603,-5.473815461346618,0,STOP_LOSS_INTRADAY,0.0,-7.309641732501647,Model 0 Baseline
ADANIPOWER,Power,2022-06-22,2022-06-27,50.50595107078552,50.380001068115234,54.054523630142214,54.189998626708984,7.026048384641381,3,DAILY_CLOSE_BELOW_EMA21,5.279872550649039,-2.6994850764548453,Model 0 Baseline
GSS,Software & IT Services,2022-08-01,2022-08-01,225.5625,225.0,213.21562500000002,213.75,-5.473815461346626,0,STOP_LOSS_INTRADAY,0.0,-5.24444580078125,Model 0 Baseline
ASAHIINDIA,Construction Materials,2022-08-12,2022-09-19,558.7289809257816,557.3356418212285,603.1077922935237,604.6193406451365,7.942815368948475,24,DAILY_CLOSE_BELOW_EMA21,23.422628969861126,-3.2978662843702593,Model 0 Baseline
COALINDIA,Metals & Mining,2022-06-20,2022-09-23,132.92245393087177,132.59097648964766,165.86082124909396,166.27651253042,24.780137850413343,66,DAILY_CLOSE_BELOW_EMA21,34.04463650633531,-3.930727947441983,Model 0 Baseline
TCPLPACK,Containers & Packaging,2022-09-23,2022-09-26,1129.231815379933,1126.415775940083,1067.419749675221,1070.0949871430787,-5.473815461346632,1,STOP_LOSS_INTRADAY,0.9842098917857975,-8.956292039794077,Model 0 Baseline
AMDIND,Containers & Packaging,2022-09-26,2022-09-26,83.458125,83.25,78.88978125,79.08749999999999,-5.473815461346629,0,STOP_LOSS_INTRADAY,0.0,-9.489491322377065,Model 0 Baseline
TNPL,Paper,2022-09-26,2022-09-26,231.00626114090656,230.43018567671479,218.36140470189684,218.90867639287904,-5.473815461346629,0,STOP_LOSS_INTRADAY,0.0,-7.798352653597605,Model 0 Baseline
KECL,Capital Goods,2022-09-28,2022-09-29,39.0473757648468,38.95000076293945,40.149375,40.25,2.822210746734224,1,DAILY_CLOSE_BELOW_EMA21,6.290117368291826,-1.7971777900592418,Model 0 Baseline
ARCHIDPLY,Construction Materials,2022-09-28,2022-09-29,84.41049694061279,84.19999694824219,79.790022108078,79.98999710083008,-5.473815461346625,1,STOP_LOSS_INTRADAY,1.7814727486534843,-6.650829782765215,Model 0 Baseline
INSECTICID,Chemicals,2022-09-28,2022-09-29,637.3326921552648,635.743333820713,602.4462767118532,603.9561671296774,-5.473815461346626,1,STOP_LOSS_INTRADAY,1.7525697464138272,-16.48454481522164,Model 0 Baseline
VISHNU,Chemicals,2022-09-29,2022-09-29,390.80498314846864,389.8304071306421,369.41303955717467,370.33888677410994,-5.473815461346629,0,STOP_LOSS_INTRADAY,0.14833416170476682,-8.237849477002083,Model 0 Baseline
JAGSNPHARM,Healthcare,2022-09-30,2022-09-30,143.49251791468987,143.13468121166073,135.63800228320002,135.9779471510777,-5.473815461346609,0,STOP_LOSS_INTRADAY,0.0,-5.244667081309158,Model 0 Baseline
NDTV,Media & Entertainment,2022-09-29,2022-10-03,378.8948872375488,377.95001220703125,367.9777439117432,368.8999938964844,-2.881311860764461,2,DAILY_CLOSE_BELOW_EMA21,5.040345859952946,-2.883985728803667,Model 0 Baseline
MARATHON,Real Estate,2022-09-30,2022-10-03,214.45349576422115,213.91869901667945,216.95600869767398,217.49975809290623,1.166925689196598,1,DAILY_CLOSE_BELOW_EMA21,5.719601430927432,-3.3248123942377172,Model 0 Baseline
FEDERALBNK,Banks,2022-09-28,2022-10-04,110.42995555510437,110.15456913227369,115.82650463038762,116.11679662194247,4.886852528515577,4,DAILY_CLOSE_BELOW_EMA21,7.808334129838556,-1.5084306262311438,Model 0 Baseline
CLEDUCATE,Miscellaneous,2022-10-03,2022-10-04,75.91431097030639,75.7249984741211,71.75890167903901,71.93874855041504,-5.473815461346608,1,STOP_LOSS_INTRADAY,0.9574096912908633,-6.173648750829561,Model 0 Baseline
ARMANFIN,Finance,2022-09-30,2022-10-06,1320.4428994750976,1317.1500244140625,1366.575,1370.0,3.4936838649547686,3,DAILY_CLOSE_BELOW_EMA21,5.6941121823509775,-1.6816629847397977,Model 0 Baseline
LGBBROSLTD,Automobile & Ancillaries,2022-09-28,2022-10-07,669.3417573458992,667.6725759061338,683.4060619253364,685.1188590730189,2.1012142788170864,6,DAILY_CLOSE_BELOW_EMA21,9.562145093111354,-0.543781862420552,Model 0 Baseline
ELECON,Capital Goods,2022-10-06,2022-10-07,170.1615594559183,169.73721641488112,160.84722970515173,161.25035559413706,-5.473815461346619,1,STOP_LOSS_INTRADAY,0.0,-5.377901174279522,Model 0 Baseline
COROMANDEL,Chemicals,2022-09-28,2022-10-10,950.8867680928607,948.5154793943749,951.6210965104311,954.0061117899058,0.07722564265387731,7,DAILY_CLOSE_BELOW_EMA21,5.091960462691568,-0.56349527257459,Model 0 Baseline
GESHIP,Logistics,2022-09-28,2022-10-11,457.00080987561023,455.8611569831524,458.08590431948085,459.2339892927126,0.23743818838438496,8,DAILY_CLOSE_BELOW_EMA21,6.621140850806155,-2.7603848353046585,Model 0 Baseline
ADANIPOWER,Power,2022-10-07,2022-10-11,75.16745336532593,74.9800033569336,71.05292568111419,71.2310031890869,-5.473815461346641,2,STOP_LOSS_INTRADAY,0.7735318427490077,-5.441453252052168,Model 0 Baseline
ASHOKLEY,Automobile & Ancillaries,2022-10-03,2022-10-12,70.77004948952725,70.59356557558829,66.89622757856685,67.06388729680887,-5.473815461346626,6,STOP_LOSS_INTRADAY,3.414946470640449,-5.412361792780532,Model 0 Baseline
20MICRONS,Metals & Mining,2022-10-03,2022-10-17,95.95856610333603,95.71926793350228,90.7059712754851,90.93330453682717,-5.473815461346623,9,STOP_LOSS_INTRADAY,4.083728542231799,-5.053590642791416,Model 0 Baseline
AHLEAST,Diversified / Other,2022-10-17,2022-10-17,139.1463762705113,138.79937782594644,131.5297604123125,131.8594089346491,-5.473815461346625,0,STOP_LOSS_INTRADAY,0.0,-6.7773185602372905,Model 0 Baseline
MAHSEAMLES,Metals & Mining,2022-09-30,2022-10-19,365.7765052370693,364.864344376129,396.3693646922425,397.36277162129574,8.363812059318908,12,DAILY_CLOSE_BELOW_EMA21,19.54807720343141,-2.3646979464552973,Model 0 Baseline
NTPC,Power,2022-09-30,2022-10-20,144.14706280963202,143.78759382506937,147.0138042140581,147.3822598637174,1.9887615803951864,13,DAILY_CLOSE_BELOW_EMA21,5.906230985386294,-1.625003814697272,Model 0 Baseline
ABB,Capital Goods,2022-09-28,2022-10-21,2940.1937883962587,2932.8616343104827,3040.105759855116,3047.725072536457,3.3981423895652387,16,DAILY_CLOSE_BELOW_EMA21,10.175100069276164,-1.783925346754637,Model 0 Baseline
NAVINFLUOR,Chemicals,2022-10-20,2022-10-21,4139.89502458617,4129.57109684406,4376.51509347294,4387.4838029803905,5.715605528196289,1,DAILY_CLOSE_BELOW_EMA21,6.197654941373525,-0.6640344580043188,Model 0 Baseline
SRHHYPOLTD,Chemicals,2022-10-19,2022-10-21,715.8892163987844,714.1039565075156,676.7027617854345,678.3987586821398,-5.473815461346622,2,STOP_LOSS_INTRADAY,2.6029507023204137,-7.0100432209422125,Model 0 Baseline
BEL,Aviation,2022-10-03,2022-10-24,97.6272134315938,97.38375404647762,100.15649560541058,100.40751439138906,2.590755266807875,14,DAILY_CLOSE_BELOW_EMA21,7.639238015478343,-3.3021178658390777,Model 0 Baseline
GOODLUCK,Metals & Mining,2022-10-21,2022-10-27,151.43619758226754,151.0585512042569,143.14685958493394,143.50562364404405,-5.473815461346638,3,STOP_LOSS_INTRADAY,0.7564383752904964,-7.812823844298176,Model 0 Baseline
DBCORP,Media & Entertainment,2022-10-24,2022-10-27,103.63836654658269,103.37991675469596,97.96539361466876,98.21092091696116,-5.473815461346626,2,STOP_LOSS_INTRADAY,0.5380744040262019,-5.215215463410085,Model 0 Baseline
SCHAEFFLER,Automobile & Ancillaries,2022-10-24,2022-10-27,2969.8210419996444,2962.4150044884236,2807.2585186283422,2814.294254264002,-5.473815461346632,2,STOP_LOSS_INTRADAY,1.3071895424836577,-6.826792817468,Model 0 Baseline
PSPPROJECT,Real Estate,2022-10-21,2022-10-28,589.2691622506346,587.7996630929024,557.0136557384116,558.4096799382572,-5.473815461346641,4,STOP_LOSS_INTRADAY,0.0,-5.020342473086242,Model 0 Baseline
SPECIALITY,Hospitality,2022-10-31,2022-10-31,193.4152308302964,192.93289858383682,182.8280380205084,183.28625365464498,-5.473815461346614,0,STOP_LOSS_INTRADAY,3.5092132497599113,-5.478417539170709,Model 0 Baseline
ASHOKLEY,Automobile & Ancillaries,2022-10-17,2022-11-02,67.03092171496726,66.86376230919429,68.10311746990013,68.27380197483721,1.5995539483883512,11,DAILY_CLOSE_BELOW_EMA21,5.033976300612862,-3.6054754526394444,Model 0 Baseline
GOODLUCK,Metals & Mining,2022-10-31,2022-11-04,148.1960364732745,147.82647029753068,140.0840589156975,140.43514678265413,-5.473815461346622,4,STOP_LOSS_INTRADAY,0.2760634386846905,-6.625434078040896,Model 0 Baseline
AURIONPRO,Software & IT Services,2022-11-03,2022-11-04,195.87060556536548,195.38215018989075,185.14901007369522,185.6130426803962,-5.473815461346635,1,STOP_LOSS_INTRADAY,0.0,-6.598989787583644,Model 0 Baseline
STARPAPER,Paper,2022-09-29,2022-11-07,178.9776457380292,178.53131744441816,189.50915079900952,189.98411107670125,5.884257230869691,25,DAILY_CLOSE_BELOW_EMA21,14.994733238463903,-2.243925719755304,Model 0 Baseline
FCL,Chemicals,2022-11-07,2022-11-07,33.76036829609161,33.67617785146296,31.912388036492587,31.99236895888981,-5.473815461346624,0,STOP_LOSS_INTRADAY,2.1554271062779335,-6.451609835878508,Model 0 Baseline
VISHNU,Chemicals,2022-11-07,2022-11-09,357.0218853872842,356.13155649604414,337.4791662245638,338.3249786712419,-5.4738154613466286,1,STOP_LOSS_INTRADAY,1.5929457578261141,-5.246379031383025,Model 0 Baseline
ANDHRAPAP,Paper,2022-09-29,2022-11-10,81.65265706598295,81.44903447978349,85.66851422736464,85.88322228307231,4.918219817557808,27,DAILY_CLOSE_BELOW_EMA21,14.383951349740393,-3.037252434699295,Model 0 Baseline
SCHNEIDER,Capital Goods,2022-11-11,2022-11-16,167.81849388122558,167.39999389648438,158.632419216156,159.02999420166014,-5.473815461346635,3,STOP_LOSS_INTRADAY,0.9259277827192112,-5.555548465981194,Model 0 Baseline
MACPOWER,Capital Goods,2022-11-14,2022-11-17,341.17407921566354,340.3232710380684,356.2976097409652,357.1905862064814,4.432790017362877,3,DAILY_CLOSE_BELOW_EMA21,7.580177162028528,-2.332361516034982,Model 0 Baseline
AUTOIND,Automobile & Ancillaries,2022-11-17,2022-11-18,99.1472515296936,98.9000015258789,93.720113945961,93.95500144958496,-5.47381546134663,1,STOP_LOSS_INTRADAY,0.10111069017013857,-6.976745621256033,Model 0 Baseline
ARIHANTSUP,Real Estate,2022-11-04,2022-11-21,223.2914355326822,222.73459903509448,220.3505619408533,220.9028189883241,-1.3170561534584397,10,DAILY_CLOSE_BELOW_EMA21,7.09046449798308,-4.200935212036738,Model 0 Baseline
PAISALO,Finance,2022-11-21,2022-11-23,42.334421549110886,42.22884942554702,40.017113436883996,40.11740695426967,-5.473815461346627,2,STOP_LOSS_INTRADAY,0.35315251622740046,-6.121239312898035,Model 0 Baseline
FCL,Chemicals,2022-11-14,2022-11-24,33.14159301891621,33.058945654779265,31.3274833761102,31.4059983720403,-5.473815461346625,8,STOP_LOSS_INTRADAY,3.4802120697052166,-5.601189864027786,Model 0 Baseline
KENNAMET,Capital Goods,2022-11-07,2022-11-30,2478.2896702839926,2472.109396792013,2612.3040911695107,2618.8512192175544,5.4075365964044515,16,DAILY_CLOSE_BELOW_EMA21,14.303517138896188,-3.519982503394531,Model 0 Baseline
ORBTEXP,Textiles,2022-11-25,2022-12-01,164.15937499999998,163.75,155.17359375,155.5625,-5.473815461346618,4,STOP_LOSS_INTRADAY,1.4656451276240459,-5.4961832061068705,Model 0 Baseline
ELECON,Capital Goods,2022-10-13,2022-12-08,165.16552865103122,164.75364453968203,212.6254648511289,213.1583607530114,28.73477086152344,38,DAILY_CLOSE_BELOW_EMA21,42.5576394398716,-4.941602251780795,Model 0 Baseline
RANEHOLDIN,Finance,2022-11-24,2022-12-08,820.2733141149214,818.2277447530388,829.7699795715666,831.8496035805179,1.157744046189311,10,DAILY_CLOSE_BELOW_EMA21,9.256975451046971,0.0,Model 0 Baseline
NAVNETEDUL,Diversified / Other,2022-11-14,2022-12-12,117.83526148687675,117.54140796695935,121.2298760348495,121.53371031062605,2.8808138626236315,20,DAILY_CLOSE_BELOW_EMA21,7.2669848338559895,-3.199048555431977,Model 0 Baseline
ROSSELLIND,Agri,2022-11-14,2022-12-12,297.2369899380447,296.4957505616406,313.5970905940935,314.3830482146301,5.504059457559058,20,DAILY_CLOSE_BELOW_EMA21,27.95413777954873,-4.670107370951022,Model 0 Baseline
TOTAL,Diversified / Other,2022-12-08,2022-12-12,164.11529654746948,163.7060314687975,154.9099329557124,155.29817840171668,-5.60908323929115,2,STOP_LOSS_GAP_DOWN,2.05437697672772,-5.135945811919193,Model 0 Baseline
GABRIEL,Automobile & Ancillaries,2022-09-28,2022-12-13,147.59741957736995,147.22934621184035,175.6739612813508,176.1142468985973,19.022379784399458,51,DAILY_CLOSE_BELOW_EMA21,32.84386933283503,-3.190800445098102,Model 0 Baseline
GSS,Software & IT Services,2022-12-14,2022-12-14,301.4517622375488,300.70001220703125,284.950849067688,285.6650115966797,-5.473815461346614,0,STOP_LOSS_INTRADAY,0.764877851546349,-5.4206909374264844,Model 0 Baseline
TOTAL,Diversified / Other,2022-12-13,2022-12-15,173.4366384814672,173.00412816106456,163.29676552216966,163.70603059866633,-5.846442278908131,2,STOP_LOSS_GAP_DOWN,0.0,-5.374494621158299,Model 0 Baseline
TCPLPACK,Containers & Packaging,2022-11-04,2022-12-19,1109.4682463417676,1106.701492610242,1506.7555507296865,1510.5318804307633,35.80880351446635,30,DAILY_CLOSE_BELOW_EMA21,56.96864862289517,-1.0322278384963122,Model 0 Baseline
ANANTRAJ,Real Estate,2022-12-01,2022-12-19,101.5114498692072,101.25830410893487,102.6885838166599,102.94594868838085,1.159607067940991,12,DAILY_CLOSE_BELOW_EMA21,11.764708880437553,-3.3333309794512065,Model 0 Baseline
INDHOTEL,Hospitality,2022-11-18,2022-12-21,314.5744349016243,313.7899600016202,321.17770598493996,321.9826626415438,2.0991124359424527,23,DAILY_CLOSE_BELOW_EMA21,5.662153951216235,-1.7143698628782553,Model 0 Baseline
ADANIENT,Trading,2022-10-06,2022-12-22,3272.2213307949396,3264.061177850314,3930.9777532543617,3940.8298278239213,20.131780703825026,53,DAILY_CLOSE_BELOW_EMA21,28.134560342561617,-4.094802474185536,Model 0 Baseline
BLUESTARCO,Consumer Durables,2022-11-21,2022-12-22,578.6880093258267,577.2448970831189,596.5979693605839,598.0932023665001,3.0949250280168004,23,DAILY_CLOSE_BELOW_EMA21,9.173363025211726,-1.9669310022785116,Model 0 Baseline
SAFARI,FMCG,2022-12-02,2022-12-22,837.3242282596442,835.2361379148571,818.3765783263176,820.4276474449299,-2.2628808881726474,14,DAILY_CLOSE_BELOW_EMA21,5.071992531515499,-3.3198493123557764,Model 0 Baseline
HITECH,Metals & Mining,2022-11-21,2022-12-23,63.11813002711864,62.960728206602134,76.85930896946334,77.0519388165046,21.77057358391451,24,DAILY_CLOSE_BELOW_EMA21,41.984112044495944,-1.1111123221261126,Model 0 Baseline
HERCULES,Capital Goods,2022-11-21,2022-12-26,186.39182386226702,185.92700634640101,193.47955992711454,193.9644711048767,3.8026003061620095,25,DAILY_CLOSE_BELOW_EMA21,28.64583147513914,-4.661457415323457,Model 0 Baseline
TOTAL,Diversified / Other,2022-12-23,2022-12-26,158.6613254529455,158.26566129969626,148.0031061404335,148.37404124354234,-6.717591247952195,1,STOP_LOSS_GAP_DOWN,1.2500000000000062,-6.250010251701334,Model 0 Baseline
UNIVCABLES,Electricals,2022-12-26,2022-12-27,261.6571348147233,261.00462325658185,276.0642370418442,276.7561273602448,5.506099513518873,1,DAILY_CLOSE_BELOW_EMA21,5.658953601119947,-0.7332250864922863,Model 0 Baseline
KTKBANK,Banks,2022-12-27,2022-12-28,135.04937539924407,134.71259391445793,136.59995490480722,136.942310681511,1.1481574801654573,1,DAILY_CLOSE_BELOW_EMA21,5.103444066540941,0.0,Model 0 Baseline
UNIONBANK,Banks,2022-12-27,2022-12-28,73.90124490979933,73.71695252847815,69.85602713979911,70.03110490205424,-5.473815461346611,1,STOP_LOSS_INTRADAY,3.7837856166713606,-6.366378007713097,Model 0 Baseline
VAISHALI,Healthcare,2022-11-18,2022-12-29,10.024999999999999,10.0,13.685700266361238,13.720000267028809,36.51571338016199,29,DAILY_CLOSE_BELOW_EMA21,62.000007629394524,-0.9000015258789064,Model 0 Baseline
MAZDOCK,Ship Building,2022-12-27,2022-12-29,400.8247875636756,399.8252245024196,378.8843783691054,379.8339632772986,-5.473815461346624,2,STOP_LOSS_INTRADAY,2.181046440708529,-5.5892951417582655,Model 0 Baseline
TVSMOTOR,Automobile & Ancillaries,2022-12-09,2023-01-04,1020.1689315298813,1017.6248693564902,1027.1003204220633,1029.6745066887852,0.679435403094214,18,DAILY_CLOSE_BELOW_EMA21,9.757857291061221,-3.5426032565591563,Model 0 Baseline
CANBK,Banks,2022-12-27,2023-01-09,54.16261094223049,54.02754208701296,56.57269121239982,56.7144774059146,4.449712132119887,9,DAILY_CLOSE_BELOW_EMA21,10.707910211779945,-2.478533598967606,Model 0 Baseline
GANECOS,Textiles,2022-12-27,2023-01-09,874.0001307716,871.8205793232918,892.7779944707307,895.0155333039907,2.1484966692800107,9,DAILY_CLOSE_BELOW_EMA21,8.2436064099632,-6.568674012002241,Model 0 Baseline
INSECTICID,Chemicals,2022-12-27,2023-01-12,720.4487195067017,718.652089283493,680.5714009249102,682.2770936590579,-5.535066896793962,12,STOP_LOSS_GAP_DOWN,4.103975062101313,-5.0615584601864185,Model 0 Baseline
SOUTHBANK,Banks,2022-12-27,2023-01-13,17.578697902712744,17.534860750835655,17.395963427550488,17.439562333383947,-1.0395222454676611,13,DAILY_CLOSE_BELOW_EMA21,15.21740135524591,-4.619568254223526,Model 0 Baseline
GODFRYPHLP,FMCG,2022-12-27,2023-01-17,577.5603230433946,576.1200229859298,609.0542786788745,610.5807305051374,5.452929222964233,15,DAILY_CLOSE_BELOW_EMA21,16.85696799591094,-3.746602741384585,Model 0 Baseline
ADANIENT,Trading,2023-01-16,2023-01-18,3722.5269093171837,3713.2437998176397,3518.7626558021907,3527.5816098267574,-5.473815461346635,2,STOP_LOSS_INTRADAY,0.5362890099966368,-5.185480237315486,Model 0 Baseline
JKLAKSHMI,Construction Materials,2023-01-12,2023-01-19,748.6593256333832,746.7923447714546,707.6790957140497,709.4527275328819,-5.473815461346625,5,STOP_LOSS_INTRADAY,2.8062251775897926,-7.634479089050301,Model 0 Baseline
JKLAKSHMI,Construction Materials,2023-01-23,2023-01-25,721.1001211208801,719.3018664547433,681.6284311991761,683.3367731320061,-5.473815461346622,2,STOP_LOSS_INTRADAY,0.8276173618782877,-5.436681677246645,Model 0 Baseline
LINCOLN,Healthcare,2023-01-23,2023-01-25,337.97374457859695,337.13091728538353,319.4736854925616,320.2743714211143,-5.4738154613466214,2,STOP_LOSS_INTRADAY,1.7352923224953964,-7.85294039959913,Model 0 Baseline
NACLIND,Diversified / Other,2022-12-26,2023-01-27,85.8490918811777,85.63500437025208,100.07159582874257,100.32240183332588,16.56686592241419,23,DAILY_CLOSE_BELOW_EMA21,28.779069976105898,0.0,Model 0 Baseline
MAZDOCK,Ship Building,2023-01-23,2023-01-27,376.22988772229536,375.29165857585576,355.6357579579454,356.527075647063,-5.473815461346608,3,STOP_LOSS_INTRADAY,1.7216812676982225,-8.284799184087808,Model 0 Baseline
APARINDS,Capital Goods,2023-01-25,2023-01-27,1570.7090462864155,1566.7920661211128,1484.7313316580196,1488.452462815057,-5.473815461346624,1,STOP_LOSS_INTRADAY,0.5426277619235238,-8.002246650821645,Model 0 Baseline
SOUTHBANK,Banks,2023-01-27,2023-01-27,16.8621771488731,16.82012683179362,15.939172688978429,15.979120490203938,-5.473815461346619,0,STOP_LOSS_INTRADAY,1.4164306255141705,-6.515578716063657,Model 0 Baseline
UNIONBANK,Banks,2023-02-01,2023-02-01,70.30603852475667,70.1307117453932,66.45761571772823,66.62417615812353,-5.47381546134662,0,STOP_LOSS_INTRADAY,0.6313131556390639,-10.479792603764105,Model 0 Baseline
SUNPHARMA,Healthcare,2022-12-12,2023-02-02,959.959208121489,957.5652948842784,969.6202968309949,972.0504228882154,1.0064061709883811,37,DAILY_CLOSE_BELOW_EMA21,7.764582264867208,-2.130861388029739,Model 0 Baseline
SOLARINDS,Chemicals,2023-01-25,2023-02-02,4107.664326032417,4097.420774097174,3882.8183610538345,3892.549735392315,-5.473815461346641,5,STOP_LOSS_INTRADAY,1.294435549796364,-5.197133376189389,Model 0 Baseline
JKLAKSHMI,Construction Materials,2023-01-27,2023-02-06,716.8789230405614,715.0911950529292,724.1175546155686,725.9323855795174,1.0097425579629709,6,DAILY_CLOSE_BELOW_EMA21,9.509297255962746,-4.9610960602945875,Model 0 Baseline
INDOTHAI,Finance,2023-01-12,2023-02-10,29.498462216125326,29.424899966209804,38.01409289431967,38.1093663100949,28.868049513236233,20,DAILY_CLOSE_BELOW_EMA21,62.116092821160095,-4.151193489018615,Model 0 Baseline
KTKBANK,Banks,2023-01-31,2023-02-10,131.32387851179067,130.99638754293335,134.28312806591924,134.6196772590669,2.253397925543971,8,DAILY_CLOSE_BELOW_EMA21,9.787240375729239,-3.5460960293145765,Model 0 Baseline
VERTOZ,Software & IT Services,2023-02-10,2023-02-13,108.00502411412556,107.73568490187088,107.91412149910244,108.18458295649367,-0.08416517265629384,1,DAILY_CLOSE_BELOW_EMA21,5.046293470594616,-2.615737915039062,Model 0 Baseline
GESHIP,Logistics,2023-02-08,2023-02-13,545.8577923873672,544.4965510098426,515.9785441507021,517.2717234593505,-5.47381546134664,3,STOP_LOSS_INTRADAY,3.4382973231809264,-8.929986240038733,Model 0 Baseline
FACT,Chemicals,2023-02-10,2023-02-13,273.48182300322475,272.79982344461325,258.51193269170165,259.1598322723826,-5.473815461346616,1,STOP_LOSS_INTRADAY,3.70843750229969,-5.316066878966489,Model 0 Baseline
SALASAR,Capital Goods,2023-02-10,2023-02-13,8.795028961145134,8.77309622059365,8.31360530604006,8.334441409563969,-5.473815461346601,1,STOP_LOSS_INTRADAY,6.370884501723608,-8.646188310584323,Model 0 Baseline
UNIONBANK,Banks,2023-02-06,2023-02-14,65.95630538076934,65.79182581622877,62.34597893910378,62.50223452541732,-5.473815461346638,6,STOP_LOSS_INTRADAY,1.4804824077259233,-5.854647924396322,Model 0 Baseline
ENGINERSIN,Capital Goods,2023-02-08,2023-02-14,76.91214502593547,76.72034416552167,72.70211613985246,72.88432695724558,-5.473815461346644,4,STOP_LOSS_INTRADAY,1.7459324442631534,-6.605673972105568,Model 0 Baseline
UCOBANK,Banks,2023-02-09,2023-02-16,27.300461099683215,27.232380149309943,25.806084238989833,25.870761141844444,-5.473815461346631,5,STOP_LOSS_INTRADAY,4.255310342112438,-7.4468116728465485,Model 0 Baseline
MOLDTKPAC,Plastic Products,2023-02-10,2023-02-17,928.7707598805889,926.4546233222833,958.3169880486415,960.7187850111694,3.1812186003628424,5,DAILY_CLOSE_BELOW_EMA21,5.185178423455301,-4.010583145157281,Model 0 Baseline
WELENT,Real Estate,2023-02-16,2023-02-24,134.47155785830012,134.1362173150126,127.11083293313881,127.42940644926196,-5.473815461346627,6,STOP_LOSS_INTRADAY,2.0787678467167345,-10.685626260393612,Model 0 Baseline
BHARATFORG,Metals & Mining,2023-02-17,2023-02-27,840.0217313678937,837.9269140826871,794.0404919576063,796.0305683785526,-5.473815461346635,6,STOP_LOSS_INTRADAY,1.899759569016552,-5.2447572612315305,Model 0 Baseline
GPIL,Metals & Mining,2023-02-17,2023-02-27,71.18005209392354,71.00254572959955,67.28378739701178,67.45241844311957,-5.473815461346609,6,STOP_LOSS_INTRADAY,4.6946482642010725,-6.425696816773571,Model 0 Baseline
INDIANB,Banks,2023-02-24,2023-02-27,253.8481460543984,253.21510828368918,239.95296698733094,240.5543528695047,-5.47381546134664,1,STOP_LOSS_INTRADAY,0.840338335349839,-8.027882507857438,Model 0 Baseline
TECHNOE,Infrastructure,2023-02-24,2023-02-27,339.2818487257204,338.4357593274019,320.71018643262926,321.5139713610318,-5.473815461346625,1,STOP_LOSS_INTRADAY,1.0260080326499306,-6.690756788450357,Model 0 Baseline
USHAMART,Metals & Mining,2023-02-24,2023-02-27,176.8967359593119,176.4555969668947,167.2137350757536,167.63281711854995,-5.47381546134662,1,STOP_LOSS_INTRADAY,1.483514806726483,-5.851651119759224,Model 0 Baseline
HINDZINC,Metals & Mining,2023-02-27,2023-02-28,257.80711227899866,257.1642017745623,243.6952267066196,244.30599168583416,-5.473815461346619,1,STOP_LOSS_INTRADAY,0.0,-7.138363986598496,Model 0 Baseline
KAMDHENU,Metals & Mining,2023-02-27,2023-03-08,33.48633889040107,33.40283181087389,31.3639801827065,31.442586649329822,-6.337983721185333,6,STOP_LOSS_GAP_DOWN,0.7354099984646446,-5.868499930314097,Model 0 Baseline
AUTOAXLES,Automobile & Ancillaries,2023-03-02,2023-03-08,2135.1051959532965,2129.780744093064,2144.57763523523,2149.9525165265463,0.44365211137543764,3,DAILY_CLOSE_BELOW_EMA21,5.1386448586285,0.0,Model 0 Baseline
KTKBANK,Banks,2023-02-24,2023-03-14,129.4611295118852,129.13828380237925,132.4296744720787,132.761578418124,2.2930009736404857,11,DAILY_CLOSE_BELOW_EMA21,13.669065982029885,-3.8129463956313683,Model 0 Baseline
SOUTHBANK,Banks,2023-02-24,2023-03-14,16.145650484784422,16.10538701724132,16.730546435015718,16.77247762908844,3.6226223946969416,11,DAILY_CLOSE_BELOW_EMA21,13.313631151867275,-4.1420008869846825,Model 0 Baseline
GRAVITA,Metals & Mining,2023-03-06,2023-03-14,469.1613478930601,467.99136946938665,443.48032149342754,444.5918009959173,-5.4738154613466286,5,STOP_LOSS_INTRADAY,2.6216071524618703,-7.327851944931601,Model 0 Baseline
JBMA,Automobile & Ancillaries,2023-02-13,2023-03-17,262.8680179816905,262.2124867647786,288.60775706749826,289.3310847794469,9.791886926161016,23,DAILY_CLOSE_BELOW_EMA21,27.927760057655128,-3.041825095057047,Model 0 Baseline
INDIANB,Banks,2023-03-16,2023-03-20,235.78423482038798,235.19624420986332,247.25315572261684,247.87283781715973,4.864159349315901,2,DAILY_CLOSE_BELOW_EMA21,6.85273395743069,-1.3666940492661208,Model 0 Baseline
KABRAEXTRU,Capital Goods,2023-03-16,2023-03-20,511.2121576039148,509.93731431811955,483.22934748070804,484.44044860221356,-5.473815461346627,2,STOP_LOSS_INTRADAY,1.6078006892593433,-7.024592617645421,Model 0 Baseline
SUPREMEIND,Plastic Products,2023-03-20,2023-03-21,2454.3935252093365,2448.2728431015826,2491.5373469958745,2497.7818014996233,1.5133604862068701,1,DAILY_CLOSE_BELOW_EMA21,5.908009516256942,-0.027753813317805666,Model 0 Baseline
ATULAUTO,Automobile & Ancillaries,2023-03-17,2023-03-22,326.815,326.0,337.15500000000003,338.0,3.163869467435715,3,DAILY_CLOSE_BELOW_EMA21,6.564415305670053,-2.377300613496933,Model 0 Baseline
MANAKSIA,Diversified / Other,2023-03-16,2023-03-22,107.20882201733495,106.94146834646878,101.34040894182247,101.59439492914534,-5.473815461346637,4,STOP_LOSS_INTRADAY,8.470694693984232,-8.01282202020249,Model 0 Baseline
PERSISTENT,Software & IT Services,2023-03-20,2023-03-23,2261.793152851913,2256.1527709246016,2137.986769547426,2143.3451323783715,-5.473815461346616,3,STOP_LOSS_INTRADAY,0.7846320346320206,-5.475110951528024,Model 0 Baseline
GRPLTD,Automobile & Ancillaries,2023-03-16,2023-03-24,666.8449693725279,665.1820143366862,680.721397601053,682.4274662667198,2.0809076870718908,6,DAILY_CLOSE_BELOW_EMA21,6.666659666668331,-1.851853703432946,Model 0 Baseline
SANGHVIMOV,Infrastructure,2023-03-16,2023-03-27,171.12705040492014,170.7002996557807,161.7598714613092,162.16528467299165,-5.473815461346625,7,STOP_LOSS_INTRADAY,1.8452372276425897,-9.855511108821718,Model 0 Baseline
GRAVITA,Metals & Mining,2023-03-17,2023-03-28,450.4403297787104,449.3170371857461,453.55105936082026,454.68777880783983,0.6905974834975533,7,DAILY_CLOSE_BELOW_EMA21,11.56925635074988,-1.2391762831003146,Model 0 Baseline
SURYAROSNI,Diversified,2023-03-29,2023-04-03,153.33957215022446,152.95717920221892,156.8526052950461,157.24571959403116,2.2910153560230158,2,DAILY_CLOSE_BELOW_EMA21,5.62305926812387,-0.6386254806756116,Model 0 Baseline
BLUESTARCO,Consumer Durables,2023-04-03,2023-04-11,674.8988521038522,673.2158125724211,699.017031237345,700.7689536213985,3.5735990746331248,4,DAILY_CLOSE_BELOW_EMA21,5.786559523542584,-2.2208437990702774,Model 0 Baseline
AIAENG,Capital Goods,2023-04-24,2023-04-28,2751.120635976041,2744.2599860110136,2600.5293692436867,2607.0469867104625,-5.473815461346625,4,STOP_LOSS_INTRADAY,1.4424755251203654,-5.7536917115578685,Model 0 Baseline
IVZINGOLD,ETF,2023-03-13,2023-05-15,5088.69,5076.0,5409.342652587891,5422.89990234375,6.301280930610662,40,DAILY_CLOSE_BELOW_EMA21,9.502562995592001,-1.1515010896867612,Model 0 Baseline
JSL,Metals & Mining,2023-04-24,2023-05-15,264.45640908041827,263.79691678844716,271.4806236035924,272.1610261690149,2.656095402489617,14,DAILY_CLOSE_BELOW_EMA21,12.502423023559913,-1.6332568656905935,Model 0 Baseline
QGOLDHALF,ETF,2023-03-02,2023-05-18,48.28039984703064,48.15999984741211,52.76775152206421,52.900001525878906,9.294354829808965,49,DAILY_CLOSE_BELOW_EMA21,10.963452649555183,-9.36461448468121,Model 0 Baseline
BRITANNIA,FMCG,2023-03-09,2023-05-22,4099.319315096612,4089.096573662456,4302.10771800062,4312.889942857763,4.9468798919175825,47,DAILY_CLOSE_BELOW_EMA21,10.160599617044356,-4.301034839446485,Model 0 Baseline
BANCOINDIA,Automobile & Ancillaries,2023-03-31,2023-05-23,99.5820064973472,99.3336723165558,114.68809611537831,114.97553495276021,15.169497130421385,33,DAILY_CLOSE_BELOW_EMA21,32.01172904367981,-0.9686839045038328,Model 0 Baseline
MARATHON,Real Estate,2023-05-11,2023-05-26,293.08477978841427,292.3538950507873,287.7036350849237,288.4246968269912,-1.8360368994170797,11,DAILY_CLOSE_BELOW_EMA21,5.580131352411231,-7.077234577947931,Model 0 Baseline
INDIANB,Banks,2023-05-12,2023-05-29,262.5170207333562,261.862364821303,248.14732346378727,248.76924658023785,-5.473815461346613,11,STOP_LOSS_INTRADAY,3.6652924188068785,-5.532492094971533,Model 0 Baseline
FINCABLES,Electricals,2023-05-29,2023-05-29,824.189543980635,822.1342084594863,779.0749292914207,781.0274980365119,-5.473815461346626,0,STOP_LOSS_INTRADAY,0.0,-5.648810977027521,Model 0 Baseline
UNIVCABLES,Electricals,2023-05-25,2023-05-30,365.99525624001905,365.0825498653557,345.96135131615773,346.8284223720879,-5.473815461346613,3,STOP_LOSS_INTRADAY,4.731190103344864,-5.887093004983107,Model 0 Baseline
SIEMENS,Capital Goods,2023-05-24,2023-05-31,1982.326783176912,1977.3833248647502,2058.842175300262,2064.0021807521425,3.8598778351128025,5,DAILY_CLOSE_BELOW_EMA21,5.699875524882294,-1.0144841466311616,Model 0 Baseline
LAMBODHARA,Textiles,2023-06-01,2023-06-07,189.530503488656,189.05785884155213,179.15595348472584,179.6049658994745,-5.473815461346623,4,STOP_LOSS_INTRADAY,1.832467041452833,-8.848152109671856,Model 0 Baseline
SRF,Diversified,2023-05-22,2023-06-12,2420.116770650395,2414.0815667335614,2387.720778649672,2393.7050412528038,-1.338612764210422,15,DAILY_CLOSE_BELOW_EMA21,5.58673855268974,-1.2333072380499903,Model 0 Baseline
STEELCITY,Finance,2023-05-25,2023-06-13,53.83145804733953,53.697215009815,55.17030315351538,55.30857458999035,2.4871054114834896,13,DAILY_CLOSE_BELOW_EMA21,11.922165336584996,-3.0818936090415185,Model 0 Baseline
NCC,Infrastructure,2023-05-25,2023-06-20,104.64850551257966,104.3875366709024,114.26786022300887,114.55424583760286,9.192061237102786,18,DAILY_CLOSE_BELOW_EMA21,18.7471621056134,-1.6918139002616646,Model 0 Baseline
TCPLPACK,Containers & Packaging,2023-06-05,2023-06-21,1444.5313918255351,1440.9290691526535,1365.4604091557833,1368.8826156950208,-5.473815461346633,12,STOP_LOSS_INTRADAY,3.3652229717119666,-10.035452677428946,Model 0 Baseline
UNIVCABLES,Electricals,2023-06-01,2023-06-26,371.8984122760543,370.97098481401923,363.09299132565485,364.0029988227116,-2.36769522529268,17,DAILY_CLOSE_BELOW_EMA21,10.978832232023155,-3.9682614797692453,Model 0 Baseline
ORIENTHOT,Hospitality,2023-06-12,2023-06-26,86.18579320558416,85.97086604048296,87.9623461320443,88.18280313989403,2.061305999960368,10,DAILY_CLOSE_BELOW_EMA21,7.9473908810972524,-1.5437375886017424,Model 0 Baseline
BOROLTD,Construction Materials,2023-05-26,2023-07-03,325.84339981079097,325.03082275390625,355.3930735015869,356.2837829589844,9.068673389718708,25,DAILY_CLOSE_BELOW_EMA21,15.462053347179175,-1.703667677250411,Model 0 Baseline
HILTON,Automobile & Ancillaries,2023-04-03,2023-07-04,105.0620030593872,104.80000305175781,165.88425304412843,166.3000030517578,57.89176696960645,61,DAILY_CLOSE_BELOW_EMA21,66.03052951636484,-1.574428891060257,Model 0 Baseline
INGERRAND,Capital Goods,2023-05-12,2023-07-04,2373.9999924982394,2368.0797930157005,2606.6157688402204,2613.1486404413236,9.798474181846634,36,DAILY_CLOSE_BELOW_EMA21,21.646952434752418,-3.5003756789476084,Model 0 Baseline
SALZERELEC,Electricals,2023-05-25,2023-07-10,292.54996606508763,291.82041502751883,347.1381706843826,348.0081911622883,18.65944657370084,31,DAILY_CLOSE_BELOW_EMA21,27.11865197500853,-0.7457668498411045,Model 0 Baseline
BOSCHLTD,Automobile & Ancillaries,2023-05-31,2023-07-24,17736.243014761236,17692.012982305474,18264.51821683694,18310.29395171623,2.9785067876891347,37,DAILY_CLOSE_BELOW_EMA21,7.815690294103231,-0.5442043724910993,Model 0 Baseline
TTKHLTCARE,Healthcare,2023-07-03,2023-07-24,1239.477372247262,1236.386406231683,1241.7677024005282,1244.879902155918,0.18478192539437058,15,DAILY_CLOSE_BELOW_EMA21,5.505091966931359,-3.2341463451938104,Model 0 Baseline
PIIND,Chemicals,2023-07-17,2023-07-31,3605.737023128745,3596.745160228175,3396.172116605797,3404.6838261712246,-5.811985321688988,10,STOP_LOSS_GAP_DOWN,1.669912482016032,-5.339864947361632,Model 0 Baseline
RANEHOLDIN,Finance,2023-07-31,2023-08-01,953.6195259589966,951.2414224029892,901.4201529046326,903.6793512828397,-5.4738154613466365,1,STOP_LOSS_INTRADAY,1.6794708025960587,-5.04827051745131,Model 0 Baseline
HAL,Aviation,2023-03-27,2023-08-03,1222.5357913853663,1219.4870737011136,1801.24385269044,1805.758248311218,47.33669683807678,87,DAILY_CLOSE_BELOW_EMA21,58.37226740195275,0.0,Model 0 Baseline
GRSE,Ship Building,2023-05-29,2023-08-08,450.5396750032157,449.41613466654934,585.1653322964044,586.6319120765958,29.880977139744196,50,DAILY_CLOSE_BELOW_EMA21,38.28446699237244,-2.052123263581414,Model 0 Baseline
HGINFRA,Infrastructure,2023-06-19,2023-08-08,868.9215765246229,866.7546898001226,913.4258191227485,915.7151068899734,5.121778972980136,35,DAILY_CLOSE_BELOW_EMA21,13.088754909480727,-2.821511151116744,Model 0 Baseline
PRESTIGE,Real Estate,2023-07-25,2023-08-11,549.8855262442883,548.5142406426816,557.1595416536579,558.5559314823638,1.3228235809462212,13,DAILY_CLOSE_BELOW_EMA21,11.473626767191222,-1.894145152889421,Model 0 Baseline
KEI,Electricals,2023-08-03,2023-08-11,2354.2879714813835,2348.416929158487,2364.221034258189,2370.146400258836,0.42191366974343586,6,DAILY_CLOSE_BELOW_EMA21,5.004230945035027,-1.772071307300508,Model 0 Baseline
SURYAROSNI,Diversified,2023-07-07,2023-08-14,186.77813375665207,186.31235287446592,184.3493378796166,184.811366295355,-1.3003641423036587,26,DAILY_CLOSE_BELOW_EMA21,7.014054887689225,-2.6662412334075194,Model 0 Baseline
CCL,Agri,2023-07-24,2023-08-14,620.4944453788353,618.9470776846238,586.5297244908916,587.9997238003925,-5.473815461346631,15,STOP_LOSS_INTRADAY,0.09509836150264171,-5.653533307770517,Model 0 Baseline
SWARAJENG,Automobile & Ancillaries,2023-08-03,2023-08-17,1836.7544638476425,1832.1740287757034,1852.3861435024442,1857.0287152906708,0.8510489541458024,9,DAILY_CLOSE_BELOW_EMA21,6.018048678438449,-0.45135406218656743,Model 0 Baseline
ARROWGREEN,Plastic Products,2023-07-05,2023-08-18,322.8880906128568,322.0828834043459,320.7356533678761,321.5395021231841,-0.6666202029611044,31,DAILY_CLOSE_BELOW_EMA21,12.30062165960637,-4.846624642978231,Model 0 Baseline
MARKSANS,Healthcare,2023-05-24,2023-08-21,72.17059323141646,71.99061668969223,110.99169660435965,111.26987128256606,53.790749992122876,61,DAILY_CLOSE_BELOW_EMA21,68.75043908816335,-1.6438314359482176,Model 0 Baseline
LGBBROSLTD,Automobile & Ancillaries,2023-08-09,2023-08-21,972.8145067031166,970.3885353647049,919.5644358249785,921.8691085964697,-5.473815461346625,7,STOP_LOSS_INTRADAY,1.5014461911681318,-5.126338274003659,Model 0 Baseline
KINGFA,Plastic Products,2023-07-20,2023-08-22,1919.2819266940712,1914.495687475383,2216.4565302349138,2222.0115591327453,15.483634759835441,22,DAILY_CLOSE_BELOW_EMA21,35.156256101070944,-3.0651016019790873,Model 0 Baseline
CAPACITE,Real Estate,2023-08-17,2023-08-25,211.8282530593872,211.3000030517578,199.99875,200.5,-5.584478410474707,6,STOP_LOSS_GAP_DOWN,0.9228570374249058,-5.111217650627463,Model 0 Baseline
VENUSREM,Healthcare,2023-08-25,2023-08-28,234.8270066326577,234.24140312484562,222.05973800179555,222.6162786985419,-5.436882586011127,1,DAILY_CLOSE_BELOW_EMA21,6.02332850402638,-1.0816555892928144,Model 0 Baseline
LOKESHMACH,Capital Goods,2023-08-24,2023-08-28,184.86099388122557,184.39999389648438,174.74204421615602,175.17999420166015,-5.473815461346618,2,STOP_LOSS_INTRADAY,1.5726731297515117,-5.043377495006553,Model 0 Baseline
AURIONPRO,Software & IT Services,2023-08-28,2023-08-29,525.9672669636805,524.6556278939456,497.1767893830002,498.4228464992483,-5.473815461346632,1,STOP_LOSS_INTRADAY,3.1190864678017123,-5.009457470081831,Model 0 Baseline
INDOTECH,Capital Goods,2023-08-23,2023-09-05,430.97474388122555,429.8999938964844,438.40125,439.5,1.7231882434440664,9,DAILY_CLOSE_BELOW_EMA21,10.258201146691448,-3.2216809258319197,Model 0 Baseline
CEATLTD,Automobile & Ancillaries,2023-08-17,2023-09-07,2271.001813363053,2265.3384671950653,2146.6913649757234,2152.071543835312,-5.473815461346643,15,STOP_LOSS_INTRADAY,3.684828695414017,-5.629971264132476,Model 0 Baseline
NDRAUTO,Automobile & Ancillaries,2023-08-08,2023-09-11,216.62729961395263,216.0870819091797,253.0868579864502,253.72116088867188,16.830546490433782,23,DAILY_CLOSE_BELOW_EMA21,31.983050090400937,0.0,Model 0 Baseline
NUCLEUS,Software & IT Services,2023-08-31,2023-09-12,968.870709804132,966.4545733707054,1010.2220478992817,1012.7539327311094,4.2679934150872745,8,DAILY_CLOSE_BELOW_EMA21,11.782024723389847,-1.9511974100547458,Model 0 Baseline
MARKSANS,Healthcare,2023-09-12,2023-09-12,109.26140722292058,108.98893488570633,103.28063942106746,103.539488141421,-5.47381546134662,0,STOP_LOSS_INTRADAY,0.0,-6.14194713947345,Model 0 Baseline
JBMA,Automobile & Ancillaries,2023-08-16,2023-09-13,654.1466047206173,652.5153164295435,737.5839880129524,739.4325694365438,12.755150403627145,20,DAILY_CLOSE_BELOW_EMA21,22.819815991797377,-0.6837504492713657,Model 0 Baseline
ABCAPITAL,Finance,2023-08-21,2023-09-13,181.8033811187744,181.35000610351562,180.34800304412843,180.8000030517578,-0.8005231067155792,17,DAILY_CLOSE_BELOW_EMA21,6.1207557050704615,-1.6818323402850361,Model 0 Baseline
NATCOPHARM,Healthcare,2023-09-13,2023-09-14,809.714904427209,807.695665264049,840.0672819419727,842.1727137262884,3.748526468860657,1,DAILY_CLOSE_BELOW_EMA21,7.561436560396744,-0.012200331679304767,Model 0 Baseline
MAXIND,Finance,2023-09-14,2023-09-20,147.6682530593872,147.3000030517578,139.585165391922,139.93500289916992,-5.473815461346632,3,STOP_LOSS_INTRADAY,4.854035131263394,-5.838429005662533,Model 0 Baseline
GREENLAM,Construction Materials,2023-09-14,2023-09-21,220.41467544456904,219.86501291228834,208.34958286100724,208.8717622666739,-5.473815461346627,4,STOP_LOSS_INTRADAY,4.984742344087118,-5.233417195388288,Model 0 Baseline
ROUTE,Software & IT Services,2023-07-19,2023-09-26,1443.1791236084925,1439.5801731755537,1503.1588785349486,1506.9261940199985,4.156085266566497,47,DAILY_CLOSE_BELOW_EMA21,8.01249976215342,-2.043179191151934,Model 0 Baseline
ARMANFIN,Finance,2023-09-14,2023-09-26,2263.7952770996094,2258.14990234375,2139.879301208496,2145.2424072265626,-5.473815461346632,7,STOP_LOSS_INTRADAY,3.8460731754835082,-5.008518406959514,Model 0 Baseline
HCLTECH,Software & IT Services,2023-07-17,2023-09-29,1017.1460308174983,1014.6095070498736,1094.4883345928292,1097.2314131256433,7.6038544547206826,52,DAILY_CLOSE_BELOW_EMA21,14.815160911359722,-4.123695417448637,Model 0 Baseline
IVZINGOLD,ETF,2023-06-19,2023-10-04,5329.8411791992185,5316.5498046875,5038.095508666992,5050.722314453124,-5.473815461346633,73,STOP_LOSS_INTRADAY,0.45988839022899275,-5.859999739169424,Model 0 Baseline
BAJAJ-AUTO,Automobile & Ancillaries,2023-08-18,2023-10-05,4446.732428983234,4435.643320681531,4696.191235283987,4707.96113812931,5.609935166658837,32,DAILY_CLOSE_BELOW_EMA21,13.449689535875498,-1.716290220906173,Model 0 Baseline
KOKUYOCMLN,Miscellaneous,2023-09-29,2023-10-09,138.08037528920767,137.73603520120466,130.52211035754155,130.8492334411444,-5.473815461346641,5,STOP_LOSS_INTRADAY,0.18031014136694784,-5.373242420425223,Model 0 Baseline
5PAISA,Finance,2023-10-06,2023-10-09,434.2830122375488,433.20001220703125,410.511161567688,411.5400115966797,-5.473815461346621,1,STOP_LOSS_INTRADAY,0.8194800768547,-5.11311721835242,Model 0 Baseline
IRCON,Infrastructure,2023-07-17,2023-10-10,77.5141620083886,77.32085985874174,128.80268632347324,129.12550007365738,66.16665004974729,58,DAILY_CLOSE_BELOW_EMA21,117.41097323355771,-0.12345490632234296,Model 0 Baseline
FACT,Chemicals,2023-08-17,2023-10-10,459.6332593790589,458.4870417746224,513.945626361372,515.2337106379669,11.816457115328488,36,DAILY_CLOSE_BELOW_EMA21,25.369565974211945,-4.36956617003229,Model 0 Baseline
JKTYRE,Automobile & Ancillaries,2023-09-14,2023-10-10,249.34034538195212,248.71854900942856,260.9377204268818,261.591699676072,4.651222820424127,16,DAILY_CLOSE_BELOW_EMA21,13.750007185857749,-0.3906310746982278,Model 0 Baseline
FDC,Healthcare,2023-09-22,2023-10-10,361.99279124570927,361.090066080508,362.6730609833279,363.58201602338636,0.18792355927245097,11,DAILY_CLOSE_BELOW_EMA21,6.359945167612056,-1.9756394568250994,Model 0 Baseline
REPRO,Miscellaneous,2023-10-06,2023-10-17,746.8625,745.0,705.980625,707.75,-5.473815461346623,7,STOP_LOSS_INTRADAY,4.892619088192114,-6.577181208053691,Model 0 Baseline
MUNJALSHOW,Diversified / Other,2023-10-11,2023-10-18,127.85315794959348,127.5343221442329,131.46514990570375,131.7946364969461,2.825109691490227,5,DAILY_CLOSE_BELOW_EMA21,5.603446014837544,0.0,Model 0 Baseline
WENDT,Manufacturing,2023-04-24,2023-10-20,9102.892093331831,9080.19161429609,13827.455770411521,13862.1110480316,51.90178713137321,124,DAILY_CLOSE_BELOW_EMA21,69.74666229873702,-4.622631818199302,Model 0 Baseline
GALLANTT,Metals & Mining,2023-10-11,2023-10-20,88.73743268121866,88.51614232540516,89.73497471390408,89.95987439990384,1.1241502064512023,7,DAILY_CLOSE_BELOW_EMA21,7.199106752715894,-2.0247524263633996,Model 0 Baseline
HERITGFOOD,FMCG,2023-09-14,2023-10-23,233.02288475264635,232.44178030189164,232.74301483010035,233.3263306567422,-0.1201040502279766,25,DAILY_CLOSE_BELOW_EMA21,10.782242861899332,-4.3974511103586815,Model 0 Baseline
EXIDEIND,Automobile & Ancillaries,2023-09-26,2023-10-23,256.0116205467259,255.37318757778147,253.8984248369129,254.53476174126607,-0.825429605617183,18,DAILY_CLOSE_BELOW_EMA21,5.83237624138096,-2.2016207519692887,Model 0 Baseline
DREDGECORP,Logistics,2023-10-11,2023-10-23,465.15999999999997,464.0,484.785,486.0,4.218978416028906,8,DAILY_CLOSE_BELOW_EMA21,16.303884571996228,-1.5086206896551724,Model 0 Baseline
KOTARISUG,Agri,2023-10-11,2023-10-23,53.51181412463275,53.378368204122445,50.58267616943153,50.70944979391632,-5.473815461346636,8,STOP_LOSS_INTRADAY,3.1598566986611796,-6.319698392274237,Model 0 Baseline
ADANIPOWER,Power,2023-10-18,2023-10-23,67.5685015296936,67.4000015258789,63.869926445961,64.03000144958496,-5.473815461346636,3,STOP_LOSS_INTRADAY,2.878330516456796,-6.780414823981156,Model 0 Baseline
ENGINERSIN,Capital Goods,2023-10-20,2023-10-23,134.1439368171557,133.80941328394584,126.80114526319919,127.11894261974855,-5.473815461346615,1,STOP_LOSS_INTRADAY,1.5669603295376742,-10.256408873921076,Model 0 Baseline
KKCL,Textiles,2023-09-11,2023-10-25,671.4752956203135,669.800793636223,748.6944251955815,750.5708523263975,11.499921155540415,29,DAILY_CLOSE_BELOW_EMA21,18.676464358738496,-3.154430921280412,Model 0 Baseline
BECTORFOOD,FMCG,2023-09-21,2023-10-25,190.34439124735835,189.86971695497093,212.45526513147195,212.98773446764105,11.616246603967356,22,DAILY_CLOSE_BELOW_EMA21,24.761472141205594,-3.1666676203409794,Model 0 Baseline
BAJAJCON,FMCG,2023-09-27,2023-10-25,225.39982244746267,224.83772812714483,228.65293544773536,229.2260004488575,1.4432633375436412,18,DAILY_CLOSE_BELOW_EMA21,10.065783740654902,-4.6052646504232735,Model 0 Baseline
ITC,Diversified,2023-08-16,2023-10-25,388.0854166766389,387.1176226200887,366.8423371353615,367.7617414890842,-5.473815461346638,47,STOP_LOSS_INTRADAY,1.5964570774432258,-5.310423068339842,Model 0 Baseline
GOODYEAR,Automobile & Ancillaries,2023-09-14,2023-10-25,1303.467270322143,1300.2167285008907,1232.1178773456566,1235.2058920758461,-5.473815461346631,26,STOP_LOSS_INTRADAY,4.533932038534838,-6.394477705386057,Model 0 Baseline
LINCOLN,Healthcare,2023-10-18,2023-10-25,497.9712174354152,496.7293939505389,470.7131919423794,471.8929242530119,-5.473815461346629,4,STOP_LOSS_INTRADAY,2.6426472385819175,-5.105099719255641,Model 0 Baseline
HAVELLS,Capital Goods,2023-10-20,2023-10-25,1306.9826366244374,1303.7233283036783,1235.440818983773,1238.5371618884942,-5.473815461346644,2,STOP_LOSS_INTRADAY,3.3834586466165377,-5.0676680160451,Model 0 Baseline
MMP,Metals & Mining,2023-10-23,2023-10-25,213.38115865971875,212.8490360695449,201.7010678054025,202.20658426606764,-5.473815461346627,1,STOP_LOSS_INTRADAY,2.0901067980562025,-5.782627203018783,Model 0 Baseline
CENTRALBK,Banks,2023-10-26,2023-10-26,41.5483154368059,41.44470367761188,39.27403732249696,39.37246849373128,-5.47381546134661,0,STOP_LOSS_INTRADAY,2.9069767441860415,-5.0000035485556,Model 0 Baseline
AIRAN,Software & IT Services,2023-10-27,2023-10-27,23.308125,23.25,22.03228125,22.0875,-5.473815461346633,0,STOP_LOSS_INTRADAY,0.21505048198084678,-6.881722070837534,Model 0 Baseline
IOB,Banks,2023-10-26,2023-10-30,38.59625,38.5,40.99724847793579,41.099998474121094,6.220807663790636,2,DAILY_CLOSE_BELOW_EMA21,7.792207792207792,-4.805190841872971,Model 0 Baseline
BBL,Capital Goods,2023-10-27,2023-11-01,1791.6923638816468,1787.2243031238372,1811.2610999323622,1815.8006014359519,1.0921928588410317,3,DAILY_CLOSE_BELOW_EMA21,7.8590814624417735,-1.4295392953929504,Model 0 Baseline
CERA,Construction Materials,2023-10-27,2023-11-01,8342.928410037053,8322.12310228135,7886.251904799364,7906.016947167282,-5.473815461346638,3,STOP_LOSS_INTRADAY,1.0491308631619654,-6.421627266286841,Model 0 Baseline
KOKUYOCMLN,Miscellaneous,2023-10-11,2023-11-02,137.43304302141829,137.09031722834743,137.49078412742193,137.83537255881896,0.04201399076541448,15,DAILY_CLOSE_BELOW_EMA21,6.376820801055133,-4.166666739926892,Model 0 Baseline
BIRLACABLE,Electricals,2023-10-27,2023-11-03,302.8026949589634,302.0475760189161,275.8727335130852,276.56414387276715,-8.893567294547294,5,STOP_LOSS_GAP_DOWN,4.6762585916668,-8.436893446399662,Model 0 Baseline
POLYMED,Healthcare,2023-10-26,2023-11-07,1339.387763829199,1336.0476447174055,1367.5170536112291,1370.9444146478486,2.100160277828044,8,DAILY_CLOSE_BELOW_EMA21,10.074630425883763,-4.776119402985084,Model 0 Baseline
SDBL,Alcohol,2023-11-09,2023-11-09,121.50299694061279,121.19999694824219,114.852147108078,115.13999710083007,-5.473815461346632,0,STOP_LOSS_INTRADAY,0.6435696603395987,-5.9405916910351975,Model 0 Baseline
DALMIASUG,Agri,2023-10-26,2023-11-13,396.279425288885,395.29119729564593,428.6975573774818,429.7719873458464,8.18062458452497,12,DAILY_CLOSE_BELOW_EMA21,18.072286435183525,-3.265057299510546,Model 0 Baseline
KIRLOSBROS,Capital Goods,2023-11-10,2023-11-16,824.5228991901521,822.466732359254,856.8534761806245,859.0009786271925,3.9211254195884155,3,DAILY_CLOSE_BELOW_EMA21,6.27181864008807,0.0,Model 0 Baseline
ESABINDIA,Capital Goods,2023-10-11,2023-11-17,4771.62846067569,4759.729137831112,5587.92580768703,5601.930634272711,17.107311554926635,25,DAILY_CLOSE_BELOW_EMA21,30.24702304423031,-1.587690882827404,Model 0 Baseline
TEJASNET,Telecom,2023-10-26,2023-11-28,844.6278301428532,842.5215263270356,798.3944613856571,800.3954500106838,-5.4738154613466365,21,STOP_LOSS_INTRADAY,3.601205453142644,-5.387023871513284,Model 0 Baseline
BECTORFOOD,FMCG,2023-10-27,2023-11-29,213.4407588738234,212.9084876546867,238.1697123427027,238.76662891499015,11.585862793665358,21,DAILY_CLOSE_BELOW_EMA21,27.868785658444768,-2.745460243859452,Model 0 Baseline
APLAPOLLO,Metals & Mining,2023-11-03,2023-11-30,1570.4106670992478,1566.4944310216936,1648.7279427179833,1652.860092950359,4.987057032884122,17,DAILY_CLOSE_BELOW_EMA21,9.144495084924126,-2.693282636248419,Model 0 Baseline
ICEMAKE,Consumer Durables,2023-11-20,2023-11-30,605.8405914813875,604.3297670637282,572.6779955137654,574.1132787105417,-5.473815461346638,7,STOP_LOSS_INTRADAY,1.0526355944181685,-6.217097004913066,Model 0 Baseline
BALKRISIND,Automobile & Ancillaries,2023-11-23,2023-12-04,2465.7194378754693,2459.5705115964784,2540.253660935937,2546.6202114645985,3.022818489223112,6,DAILY_CLOSE_BELOW_EMA21,5.877420208875921,-0.0020003928576404514,Model 0 Baseline
BAJAJHIND,Agri,2023-10-27,2023-12-07,26.165250382423398,26.100000381469727,28.927500000000002,29.0,10.556939365014275,27,DAILY_CLOSE_BELOW_EMA21,37.35631398524268,-3.4482743501001947,Model 0 Baseline
KDDL,Consumer Durables,2023-10-26,2023-12-08,1998.4712944289734,1993.4875754902478,2700.991925845009,2707.7613291679286,35.1529007884383,29,DAILY_CLOSE_BELOW_EMA21,54.82987997903515,-3.2282100817275277,Model 0 Baseline
GENUSPOWER,Capital Goods,2023-12-04,2023-12-12,233.36587637026972,232.78391657882267,220.59185894800683,221.14472074988151,-5.47381546134663,6,STOP_LOSS_INTRADAY,3.0664381834164858,-5.877348700135202,Model 0 Baseline
BAJAJCON,FMCG,2023-11-13,2023-12-13,225.10323567142606,224.54188096900356,212.781499953252,213.31478692055336,-5.473815461346632,20,STOP_LOSS_INTRADAY,0.4830944744218263,-5.8410235256067695,Model 0 Baseline
PITTIENG,Capital Goods,2023-12-01,2023-12-14,654.848573821358,653.2155349838982,682.4207386423516,684.1310663081218,4.210464208556908,9,DAILY_CLOSE_BELOW_EMA21,14.305349281164052,-0.2366393577051469,Model 0 Baseline
MARUTI,Automobile & Ancillaries,2023-12-14,2023-12-15,10155.162854254095,10129.838258607577,9599.287979813005,9623.346345677197,-5.473815461346622,1,STOP_LOSS_INTRADAY,0.5268199233716582,-5.818013093542208,Model 0 Baseline
WONDERLA,Hospitality,2023-12-14,2023-12-15,876.9559783435997,874.7690557043388,828.9530264118241,831.0306029191219,-5.4738154613466286,1,STOP_LOSS_INTRADAY,2.1436665392569276,-5.995472561701205,Model 0 Baseline
INDRAMEDCO,Healthcare,2023-12-15,2023-12-20,183.95630487084114,183.4975609684201,173.8868762126991,174.32268291999907,-5.4738154613466286,3,STOP_LOSS_INTRADAY,2.9411764705882417,-7.887694771555688,Model 0 Baseline
AHLUCONT,Real Estate,2023-10-30,2023-12-21,689.4530926016462,687.7337582061309,790.1945626617801,792.1750001621855,14.611794644358866,36,DAILY_CLOSE_BELOW_EMA21,26.74123064020461,-3.4643134667559186,Model 0 Baseline
BANCOINDIA,Automobile & Ancillaries,2023-10-30,2023-12-21,208.85979680829294,208.3389494347062,253.9463826438744,254.58283974323246,21.587010293304683,36,DAILY_CLOSE_BELOW_EMA21,36.36865175692477,-2.6490066225165667,Model 0 Baseline
KICL,Finance,2023-11-01,2023-12-21,2573.7066437103795,2567.2884226537453,3072.446996422687,3080.1473648347737,19.378290603986603,34,DAILY_CLOSE_BELOW_EMA21,32.970455860024515,-0.7542673159387104,Model 0 Baseline
ANDHRAPAP,Paper,2023-11-03,2023-12-21,107.0573078709556,106.79033204085347,109.44075411479263,109.71504171909035,2.2263274607184957,32,DAILY_CLOSE_BELOW_EMA21,9.675678152899662,-1.8198126199741644,Model 0 Baseline
SSWL,Automobile & Ancillaries,2023-12-18,2023-12-21,267.9926095807005,267.32429883361647,253.32318868220582,253.95808389193564,-5.473815461346624,3,STOP_LOSS_INTRADAY,0.7407407407407337,-7.407411744838114,Model 0 Baseline
DPABHUSHAN,Diamond  &  Jewellery,2023-12-01,2023-12-26,602.4022744750977,600.9000244140625,608.4251371765137,609.9500122070312,0.9998074304523503,16,DAILY_CLOSE_BELOW_EMA21,9.003157495074223,-3.1452860120103856,Model 0 Baseline
ESABINDIA,Capital Goods,2023-12-14,2023-12-26,5581.656604425972,5567.7372612727895,5615.404467053083,5629.478162459231,0.6046209041299847,7,DAILY_CLOSE_BELOW_EMA21,5.195956561519646,-2.0504283141176307,Model 0 Baseline
DALBHARAT,Construction Materials,2023-12-22,2024-01-01,2214.644793735027,2209.1219887631196,2274.0124625556264,2279.7117419104025,2.68068581420115,5,DAILY_CLOSE_BELOW_EMA21,5.6327071085260565,-2.1488807396465597,Model 0 Baseline
TCS,Software & IT Services,2023-10-23,2024-01-04,3181.7455131519073,3173.810985687688,3374.3977476775503,3382.8548848897744,6.0549228003718465,49,DAILY_CLOSE_BELOW_EMA21,13.129860543576886,-4.66454952080952,Model 0 Baseline
GOCLCORP,Diversified / Other,2023-12-22,2024-01-04,508.256883725175,506.98941019967583,480.43583984046785,481.639939689692,-5.473815461346619,8,STOP_LOSS_INTRADAY,1.342994521741131,-6.791125617930123,Model 0 Baseline
BLISSGVS,Healthcare,2023-12-22,2024-01-09,123.65589009259327,123.34752128936985,125.25740241048746,125.57133073733078,1.295136298558024,11,DAILY_CLOSE_BELOW_EMA21,10.216345522184744,-2.724360130399066,Model 0 Baseline
HERCULES,Capital Goods,2023-12-22,2024-01-09,339.114215419947,338.26854405979753,342.39789015092896,343.25603022649517,0.9683093723793196,11,DAILY_CLOSE_BELOW_EMA21,6.822776476665228,-3.078922834462829,Model 0 Baseline
SHREERAMA,Containers & Packaging,2024-01-04,2024-01-09,30.576249999999998,30.5,28.9025625,28.974999999999998,-5.473815461346633,3,STOP_LOSS_INTRADAY,3.9344287309490267,-6.885247152359759,Model 0 Baseline
DRREDDY,Healthcare,2023-12-13,2024-01-12,1095.16941662507,1092.4383208230124,1123.0772366383137,1125.8919665547005,2.548265098494615,21,DAILY_CLOSE_BELOW_EMA21,7.288228361396346,-1.6758225754336071,Model 0 Baseline
CORDSCABLE,Electricals,2023-12-22,2024-01-16,112.06253695122054,111.78307925308782,114.11968516639959,114.40569941493693,1.835714477956631,16,DAILY_CLOSE_BELOW_EMA21,8.897740424297854,-2.4347032978359495,Model 0 Baseline
KHADIM,Footwear,2024-01-01,2024-01-17,360.8498872375488,359.95001220703125,341.097630317688,341.9525115966797,-5.473815461346615,12,STOP_LOSS_INTRADAY,2.792050966007005,-5.973051610186894,Model 0 Baseline
VESUVIUS,Capital Goods,2024-01-08,2024-01-17,354.1505585727501,353.2673900975064,334.7650105411495,335.60402059263106,-5.473815461346629,7,STOP_LOSS_INTRADAY,1.5615258849821005,-5.372865892509267,Model 0 Baseline
ADANIPOWER,Power,2023-10-27,2024-01-18,66.5660015296936,66.4000015258789,104.02927591323854,104.29000091552734,56.27989292226516,56,DAILY_CLOSE_BELOW_EMA21,77.5451757236808,-0.135548140386831,Model 0 Baseline
AUROPHARMA,Healthcare,2023-11-02,2024-01-18,855.2829604636615,853.1500852505352,1079.1670741894557,1081.871753573389,26.176613363654905,52,DAILY_CLOSE_BELOW_EMA21,35.68280315087834,-1.1684065315760856,Model 0 Baseline
GILLETTE,FMCG,2023-12-18,2024-01-18,5854.158691338851,5839.559791859203,6161.590359568778,6177.032941923587,5.251508960369793,22,DAILY_CLOSE_BELOW_EMA21,18.466922241310396,-3.8129105111247394,Model 0 Baseline
DBL,Construction,2023-12-22,2024-01-18,388.43469301661236,387.4660279467455,386.74574962632926,387.7150372193777,-0.4348075546925641,18,DAILY_CLOSE_BELOW_EMA21,6.375314136012286,-3.8431910762672614,Model 0 Baseline
HINDCOMPOS,Diversified / Other,2023-12-22,2024-01-18,441.726717928202,440.62515504060053,452.2935454028184,453.4271131857828,2.3921639886709127,18,DAILY_CLOSE_BELOW_EMA21,11.362614259075,-2.9166694159980233,Model 0 Baseline
COROMANDEL,Chemicals,2024-01-12,2024-01-18,1180.4386590261126,1177.4949217218082,1115.8236251966284,1118.6201756357177,-5.473815461346633,4,STOP_LOSS_INTRADAY,1.939781943639639,-5.8110337671446715,Model 0 Baseline
RAMCOCEM,Cement & Cement Products,2024-01-12,2024-01-18,984.4643449474881,982.0093216433797,930.5765834223076,932.9088555612107,-5.473815461346638,4,STOP_LOSS_INTRADAY,1.040919853187639,-5.406780104356339,Model 0 Baseline
GRAVITA,Metals & Mining,2024-01-17,2024-01-18,1059.9897148369648,1057.3463489645535,1001.967833937535,1004.4790315163258,-5.473815461346625,1,STOP_LOSS_INTRADAY,0.27647152501171396,-8.397372358628914,Model 0 Baseline
IFGLEXPOR,Capital Goods,2024-01-19,2024-01-23,368.6382625792188,367.71896516630306,348.4596843657179,349.3330169079879,-5.473815461346635,1,STOP_LOSS_INTRADAY,0.7788011833355367,-6.276176098411869,Model 0 Baseline
SANGHVIMOV,Infrastructure,2024-01-19,2024-01-23,406.6104633723189,405.5964721918393,384.35335696079176,385.31664858224735,-5.4738154613466286,1,STOP_LOSS_INTRADAY,0.0,-9.090904829731892,Model 0 Baseline
SUNDRMBRAK,Automobile & Ancillaries,2024-01-19,2024-01-23,651.1698930052506,649.5460279354121,615.5260547222949,617.0687265386415,-5.473815461346628,1,STOP_LOSS_INTRADAY,0.0,-7.358335592129847,Model 0 Baseline
BBTC,Agri,2023-12-22,2024-01-24,1301.4302515114516,1298.1847895376077,1516.502483249418,1520.3032413528,16.52583620890834,21,DAILY_CLOSE_BELOW_EMA21,28.59839892098731,-0.9444654325651608,Model 0 Baseline
SANDHAR,Automobile & Ancillaries,2024-01-19,2024-01-24,472.9296607573336,471.7502850447218,447.04236386550446,448.1627707924857,-5.4738154613466365,2,STOP_LOSS_INTRADAY,1.0567042125785349,-5.72296321706586,Model 0 Baseline
NELCAST,Metals & Mining,2024-01-19,2024-01-31,159.60042373234023,159.20241768811994,162.8978118341457,163.30607702671247,2.0660271600126765,6,DAILY_CLOSE_BELOW_EMA21,7.32919894553134,-2.8571379097109437,Model 0 Baseline
GNFC,Chemicals,2024-01-25,2024-02-08,690.7655781605367,689.0429707337025,626.1206309623544,627.6898556013577,-9.358449413522827,9,STOP_LOSS_GAP_DOWN,4.095899575787388,-8.904105801560553,Model 0 Baseline
DEEPAKNTR,Chemicals,2024-01-23,2024-02-08,2298.7204972034415,2292.988027135603,2172.8927792143754,2178.3386257788225,-5.4738154613466286,11,STOP_LOSS_INTRADAY,1.681786001866896,-5.3213719167422875,Model 0 Baseline
AFFLE,Software & IT Services,2024-01-25,2024-02-08,1233.075,1230.0,1165.5787500000001,1168.5,-5.473815461346627,9,STOP_LOSS_INTRADAY,3.2520325203252036,-6.504065040650407,Model 0 Baseline
TVSSRICHAK,Automobile & Ancillaries,2024-01-11,2024-02-09,4409.09415516186,4398.098907892129,4167.748477591279,4178.193962497523,-5.473815461346638,19,STOP_LOSS_INTRADAY,2.9526942706553956,-7.446068586262013,Model 0 Baseline
CONSOFINVT,Finance,2024-02-09,2024-02-09,275.1197874986488,274.43370324054746,260.0602380333238,260.7120180785201,-5.473815461346621,0,STOP_LOSS_INTRADAY,0.7246376811594285,-5.434782608695652,Model 0 Baseline
GABRIEL,Automobile & Ancillaries,2024-01-25,2024-02-12,370.6458914616054,369.72158749287325,363.3470531631137,364.25769740663026,-1.9692214230972505,11,DAILY_CLOSE_BELOW_EMA21,7.761947845783614,-3.128754816023857,Model 0 Baseline
ASHAPURMIN,Metals & Mining,2024-02-08,2024-02-12,405.60823183675103,404.5967399867841,383.4059857299763,384.36690298744486,-5.473815461346624,2,STOP_LOSS_INTRADAY,2.1591592279159864,-8.093771330095292,Model 0 Baseline
DHANUKA,Chemicals,2024-02-09,2024-02-12,1061.4985625537452,1058.8514339688231,1003.394090114706,1005.908862270382,-5.4738154613466286,1,STOP_LOSS_INTRADAY,3.445065176908758,-6.5176829224556965,Model 0 Baseline
HITECH,Metals & Mining,2023-12-26,2024-02-13,100.5167801442164,100.26611485707372,142.0957162581663,142.45184587284842,41.365169133247754,33,DAILY_CLOSE_BELOW_EMA21,58.5244114540753,0.0,Model 0 Baseline
SUMMITSEC,Finance,2024-01-19,2024-02-13,1263.1499999999999,1260.0,1250.1168750000002,1253.25,-1.0317955112219215,15,DAILY_CLOSE_BELOW_EMA21,14.496033683655755,-2.1190437437996033,Model 0 Baseline
BSE,Unclassified,2024-01-31,2024-02-13,729.9624561881752,728.1421009358356,787.4074698168079,789.3809221221131,7.869584680917346,9,DAILY_CLOSE_BELOW_EMA21,17.642127902631348,-1.09542519803685,Model 0 Baseline
TIL,Diversified / Other,2024-01-18,2024-02-14,365.91249999999997,365.0,470.02201217651367,471.20001220703125,28.452023961060014,17,DAILY_CLOSE_BELOW_EMA21,44.75341796875,0.0,Model 0 Baseline
HINDALCO,Metals & Mining,2024-01-25,2024-02-14,557.6591123662366,556.268441263079,504.43432726858055,505.6985737028376,-9.544322672647601,13,DAILY_CLOSE_BELOW_EMA21,7.493377833174003,-12.383053272405677,Model 0 Baseline
FACT,Chemicals,2024-02-13,2024-02-14,775.8088935361459,773.8742080161056,733.3425463712621,735.1804976153003,-5.473815461346636,1,STOP_LOSS_INTRADAY,1.116196302039072,-7.355315605108827,Model 0 Baseline
CESC,Power,2024-02-14,2024-02-15,111.18053705482818,110.90327885768397,116.76940970253645,117.06206486469819,5.0268444421636,1,DAILY_CLOSE_BELOW_EMA21,5.30828922988658,-0.8574891372248128,Model 0 Baseline
DEN,Diversified / Other,2024-02-14,2024-02-15,56.5410015296936,56.400001525878906,59.35125,59.5,4.97028420840855,1,DAILY_CLOSE_BELOW_EMA21,5.851062318759611,-0.7978736715689133,Model 0 Baseline
HINDCOPPER,Metals & Mining,2024-02-14,2024-02-15,237.4023505500425,236.81032473819704,261.312146059242,261.9670637185384,10.07142324151484,1,DAILY_CLOSE_BELOW_EMA21,10.121280247469347,-0.5855328814451359,Model 0 Baseline
JISLDVREQS,Plastic Products,2024-02-14,2024-02-15,33.082499999999996,33.0,34.81275152206421,34.900001525878906,5.2301111526160815,1,DAILY_CLOSE_BELOW_EMA21,5.454543142607718,-0.9090885971531724,Model 0 Baseline
GREENPLY,Diversified / Other,2024-02-14,2024-02-19,231.40051631986475,230.82345767567557,234.71430935104428,235.3025657654579,1.4320594801953144,3,DAILY_CLOSE_BELOW_EMA21,7.373874196143672,-1.0564885781479694,Model 0 Baseline
AURIONPRO,Software & IT Services,2024-02-15,2024-02-21,1033.0918967511097,1030.5156077317804,1082.5368634175895,1085.249988388561,4.786115041844333,4,DAILY_CLOSE_BELOW_EMA21,5.781534586221019,-1.3911370782707428,Model 0 Baseline
GREENLAM,Construction Materials,2024-01-19,2024-02-22,265.0108169426675,264.3499420874489,260.19367952562146,260.8457940106481,-1.817713507931321,22,DAILY_CLOSE_BELOW_EMA21,5.36806215754456,-4.672365109718843,Model 0 Baseline
BEML,Capital Goods,2024-02-15,2024-02-22,1516.3400602517067,1512.558663592725,1433.338403587056,1436.9307304130887,-5.473815461346627,5,STOP_LOSS_INTRADAY,4.27199347584213,-5.7767393434326975,Model 0 Baseline
RPPINFRA,Infrastructure,2024-02-23,2024-02-26,130.9472103692038,130.6206587223978,123.7794017218122,124.08962578627789,-5.473815461346635,1,STOP_LOSS_INTRADAY,2.97482358117129,-5.034326400032713,Model 0 Baseline
ALKEM,Healthcare,2024-01-25,2024-02-27,4879.444267454742,4867.276077261588,4897.484998553757,4909.759397046372,0.36972921730747593,22,DAILY_CLOSE_BELOW_EMA21,11.141335704154725,-6.194290269316449,Model 0 Baseline
WELCORP,Metals & Mining,2024-02-23,2024-02-28,536.4896200537764,535.1517407020214,543.85801355223,545.2210662177744,1.373445677796143,3,DAILY_CLOSE_BELOW_EMA21,5.130798358115187,-0.688389169343723,Model 0 Baseline
DHUNINV,Finance,2024-02-15,2024-02-28,1255.56778718086,1252.4366954422544,1186.8403235184662,1189.8148606701416,-5.473815461346641,9,STOP_LOSS_INTRADAY,4.674851122535255,-5.099132164247842,Model 0 Baseline
SOUTHBANK,Banks,2024-02-23,2024-02-28,32.36621605871312,32.285502302955734,30.59454911983843,30.671227187807947,-5.473815461346621,3,STOP_LOSS_INTRADAY,2.4725228267872215,-7.736888022926647,Model 0 Baseline
ASTRAMICRO,Miscellaneous,2024-01-23,2024-02-29,554.2605987359402,552.8784027291175,606.9090053792996,608.4300805807515,9.498854286851817,26,DAILY_CLOSE_BELOW_EMA21,24.96623757205466,-3.3042158260846977,Model 0 Baseline
IRCON,Infrastructure,2024-02-14,2024-02-29,200.355060917671,199.8554223617666,216.02752246218333,216.5689448242439,7.822343729541413,11,DAILY_CLOSE_BELOW_EMA21,16.720841023492454,-1.9286403653398578,Model 0 Baseline
CENTURYPLY,Construction Materials,2024-02-12,2024-02-29,737.8869434045004,736.0468263386538,697.4963738091668,699.2444850217211,-5.473815461346622,13,STOP_LOSS_INTRADAY,2.8526971942596053,-5.630844219506622,Model 0 Baseline
GEOJITFSL,Finance,2024-02-15,2024-02-29,73.71711586204215,73.53328265540364,69.68197697632688,69.85661852263345,-5.473815461346627,10,STOP_LOSS_INTRADAY,4.269079966408881,-5.04528545791059,Model 0 Baseline
MANINFRA,Infrastructure,2024-03-01,2024-03-04,211.89519938919094,211.36678243310817,200.29644720317413,200.79844331145276,-5.473815461346633,1,STOP_LOSS_INTRADAY,1.3488343704578547,-7.651154366145928,Model 0 Baseline
GOODLUCK,Metals & Mining,2024-03-01,2024-03-05,324.7938301142778,323.98387043818235,307.0152152239825,307.7846769162732,-5.473815461346638,2,STOP_LOSS_INTRADAY,1.8556324956587564,-8.12601169647947,Model 0 Baseline
JPPOWER,Power,2024-03-01,2024-03-05,18.6465003824234,18.600000381469727,17.62582536149025,17.67000036239624,-5.473815461346632,2,STOP_LOSS_INTRADAY,2.956985084841634,-6.451616872733807,Model 0 Baseline
GOLDTECH,Software & IT Services,2024-03-05,2024-03-05,152.32987194061278,151.9499969482422,143.991615858078,144.35249710083008,-5.473815461346621,0,STOP_LOSS_INTRADAY,0.0,-7.206316004054952,Model 0 Baseline
NFL,Chemicals,2024-03-01,2024-03-06,98.35909341595452,98.11380889372022,100.21972724911878,100.47090451039476,1.8916744436589632,3,DAILY_CLOSE_BELOW_EMA21,6.4564571021077,-1.051054089809816,Model 0 Baseline
STCINDIA,Trading,2024-02-29,2024-03-06,156.28974388122558,155.89999389648438,147.734731716156,148.10499420166016,-5.473815461346628,4,STOP_LOSS_INTRADAY,2.437461963135782,-9.813975876822516,Model 0 Baseline
ELECON,Capital Goods,2024-03-01,2024-03-06,496.48423518743766,495.2461198877184,469.3076043585992,470.48381389333247,-5.4738154613466214,3,STOP_LOSS_INTRADAY,1.0911966275403784,-6.597258688848097,Model 0 Baseline
HATHWAY,Media & Entertainment,2024-03-01,2024-03-06,22.957249617576597,22.899999618530273,21.70061213850975,21.75499963760376,-5.473815461346622,3,STOP_LOSS_INTRADAY,0.8733657915767652,-8.515278987222846,Model 0 Baseline
A2ZINFRA,Infrastructure,2024-02-19,2024-03-07,13.433499617576599,13.399999618530273,14.264250190258027,14.300000190734863,6.184170888682356,13,DAILY_CLOSE_BELOW_EMA21,24.62687491308397,-0.7462644077774847,Model 0 Baseline
KKCL,Textiles,2024-01-15,2024-03-11,743.5600973985511,741.7058328165099,702.8589898227452,704.6205411756844,-5.473815461346616,37,STOP_LOSS_INTRADAY,3.7233215527264703,-6.9619103514455745,Model 0 Baseline
MANINFRA,Infrastructure,2024-03-06,2024-03-11,206.96738946462872,206.45126131135035,195.6383765001684,196.12869824578283,-5.473815461346625,2,STOP_LOSS_INTRADAY,0.4761904761904764,-7.28571414484548,Model 0 Baseline
ARVIND,Textiles,2024-03-11,2024-03-11,264.9410045869726,264.2803038274041,250.43862291444384,251.0662886360339,-5.473815461346622,0,STOP_LOSS_INTRADAY,2.1988106264775906,-6.873616291198601,Model 0 Baseline
DREDGECORP,Logistics,2024-03-11,2024-03-11,740.8475,739.0,700.294875,702.05,-5.473815461346622,0,STOP_LOSS_INTRADAY,0.0,-8.525033829499323,Model 0 Baseline
MAGNUM,Paper,2024-03-07,2024-03-12,58.0948757648468,57.95000076293945,54.114375,54.25,-6.851724377480115,2,DAILY_CLOSE_BELOW_EMA21,6.7299355648598915,-3.106124613222945,Model 0 Baseline
ALICON,Automobile & Ancillaries,2024-02-15,2024-03-12,906.6910893759341,904.430014340084,857.0604923390221,859.2085136230797,-5.473815461346626,17,STOP_LOSS_INTRADAY,4.74505869173648,-8.03722534574067,Model 0 Baseline
IMPAL,Automobile & Ancillaries,2024-02-29,2024-03-12,971.8446251429425,969.4210724617881,918.6476437916019,920.9500188386986,-5.473815461346629,7,STOP_LOSS_INTRADAY,1.7569100782944058,-6.874038449159343,Model 0 Baseline
BALAXI,Trading,2024-03-11,2024-03-12,109.99430122375487,109.72000122070312,103.9734161567688,104.23400115966797,-5.473815461346619,1,STOP_LOSS_INTRADAY,0.0,-11.055418107782234,Model 0 Baseline
BIRLACORPN,Cement & Cement Products,2024-03-11,2024-03-12,1510.6959746587008,1506.9286530261356,1428.0032648238916,1431.5822203748287,-5.473815461346634,1,STOP_LOSS_INTRADAY,0.7361503676731742,-7.2032812371336465,Model 0 Baseline
CHAMBLFERT,Chemicals,2024-03-01,2024-03-13,337.5461139945472,336.70435311176783,339.04099018943805,339.89071698189275,0.44286576942046196,7,DAILY_CLOSE_BELOW_EMA21,6.892653318410065,-1.2288152834789894,Model 0 Baseline
KPITTECH,Software & IT Services,2024-03-07,2024-03-13,1493.5492317394223,1489.8246700642617,1411.795102969646,1415.3334365610485,-5.473815461346632,3,STOP_LOSS_INTRADAY,0.10197689658717703,-10.851970821968948,Model 0 Baseline
TITAN,Diamond  &  Jewellery,2024-02-12,2024-03-14,3573.713476923067,3564.8014732399674,3586.468873669919,3595.457517463578,0.35692275917526356,22,DAILY_CLOSE_BELOW_EMA21,6.258686032150142,-2.6590727607848996,Model 0 Baseline
BLUESTARCO,Consumer Durables,2023-12-26,2024-03-15,948.7944252311923,946.4283543453291,1249.43626306057,1252.5676822662354,31.686720519686894,55,DAILY_CLOSE_BELOW_EMA21,41.621509771646615,-3.5014564861176796,Model 0 Baseline
APOLLOTYRE,Automobile & Ancillaries,2024-03-15,2024-03-15,485.21708295590673,484.00706529267507,458.65719524797123,459.8067120280413,-5.473815461346625,0,STOP_LOSS_INTRADAY,0.44901216774984687,-6.066652070685564,Model 0 Baseline
ARCHIES,Diversified / Other,2024-03-15,2024-03-15,31.979749617576598,31.899999618530273,30.22923713850975,30.304999637603757,-5.473815461346635,0,STOP_LOSS_INTRADAY,3.7617519433879787,-5.015675237000028,Model 0 Baseline
ARIES,Chemicals,2024-03-15,2024-03-15,256.7550671696395,256.1147802190918,242.70076860511688,243.30904120813722,-5.473815461346625,0,STOP_LOSS_INTRADAY,1.4158357590744794,-5.159033523170507,Model 0 Baseline
ARIHANTSUP,Real Estate,2024-03-15,2024-03-18,310.59438628714076,309.8198366954023,329.79356643306386,330.620116724876,6.181431794512114,1,DAILY_CLOSE_BELOW_EMA21,8.604392614599114,-0.4806922155674418,Model 0 Baseline
ADANIGREEN,Miscellaneous,2024-03-15,2024-03-18,1906.7549999999999,1902.0,1802.38275,1806.8999999999999,-5.4738154613466286,1,STOP_LOSS_INTRADAY,2.2581467493099368,-7.94689928570255,Model 0 Baseline
ACCELYA,Diversified / Other,2024-03-15,2024-03-19,1534.1610105938169,1530.3351726621615,1450.1838679939808,1453.8184140290534,-5.4738154613466286,2,STOP_LOSS_INTRADAY,0.0,-6.5803314423935095,Model 0 Baseline
AHLEAST,Diversified / Other,2024-03-18,2024-03-19,144.59905529263926,144.23845914477732,136.68396984706962,137.02653618753845,-5.473815461346626,1,STOP_LOSS_INTRADAY,0.06761738177327532,-5.713316707302796,Model 0 Baseline
ADANIPOWER,Power,2024-03-15,2024-03-20,107.48805122375488,107.22000122070312,101.60435365676881,101.85900115966797,-5.473815461346622,3,STOP_LOSS_INTRADAY,0.7274750703381497,-6.444696496398771,Model 0 Baseline
INFY,Software & IT Services,2024-03-07,2024-03-22,1493.4912110101072,1489.7667940250446,1398.163063478667,1401.6672315575609,-6.3829064964477435,10,STOP_LOSS_GAP_DOWN,2.545460851498429,-5.913647882394856,Model 0 Baseline
BPCL,Oil & Gas,2024-03-21,2024-03-26,256.6018441630588,255.96193931477185,260.8377442014999,261.49147288370915,1.6507675742772114,2,DAILY_CLOSE_BELOW_EMA21,5.304896777232916,-0.2526153670786185,Model 0 Baseline
REMSONSIND,Automobile & Ancillaries,2024-03-26,2024-03-27,163.990556211928,163.581602206412,172.6893899309904,173.12219541953922,5.304472354993854,1,DAILY_CLOSE_BELOW_EMA21,6.780065607228401,0.0,Model 0 Baseline
IOC,Oil & Gas,2024-03-21,2024-03-28,144.02042950082333,143.6612763100482,148.4200250232202,148.79200503580972,3.054841273315136,4,DAILY_CLOSE_BELOW_EMA21,6.4906735450621,-0.7453397194050934,Model 0 Baseline
TVSMOTOR,Automobile & Ancillaries,2024-03-20,2024-04-04,2045.1302886307594,2040.0302130980144,2097.493217826466,2102.750093059114,2.560371311637286,9,DAILY_CLOSE_BELOW_EMA21,6.778888669133715,-2.4250167043905977,Model 0 Baseline
ABBOTINDIA,Healthcare,2024-03-14,2024-04-09,26348.160565974762,26282.45442990001,24905.910879134,24968.33170840501,-5.473815461346628,16,STOP_LOSS_INTRADAY,4.098893756808093,-5.074814642160342,Model 0 Baseline
ACC,Construction Materials,2024-03-15,2024-04-10,2457.032855192755,2450.9055912147182,2486.3436565253355,2492.575094260988,1.1929348551703036,16,DAILY_CLOSE_BELOW_EMA21,7.437238643050506,-4.474036106102778,Model 0 Baseline
AMBUJACEM,Construction Materials,2024-03-15,2024-04-15,578.5062247246375,577.0635658101122,591.5939691510193,593.0766608030269,2.2623342441321985,18,DAILY_CLOSE_BELOW_EMA21,9.763616123973348,-2.946205322397454,Model 0 Baseline
APLLTD,Healthcare,2024-03-18,2024-04-15,919.3938036517617,917.1010510242012,932.3988977421184,934.7357370848304,1.4145292298796723,17,DAILY_CLOSE_BELOW_EMA21,10.223804643182989,-2.884316378267482,Model 0 Baseline
BRITANNIA,FMCG,2024-02-12,2024-04-15,4776.697272937118,4764.7853096629615,4515.229679069364,4526.546044179813,-5.473815461346627,41,STOP_LOSS_INTRADAY,1.6473753412915557,-5.604955960056101,Model 0 Baseline
ADANIENT,Trading,2024-03-15,2024-04-16,3114.6210718381185,3106.8539369956297,3089.1253787075952,3096.8675475765363,-0.8185808977230339,19,DAILY_CLOSE_BELOW_EMA21,5.811649701169895,-4.337821642240707,Model 0 Baseline
ADANIPORTS,Infrastructure,2024-03-15,2024-04-16,1260.062310881138,1256.920010854003,1281.5343635928457,1284.74622916576,1.7040468972278555,19,DAILY_CLOSE_BELOW_EMA21,11.866060057071712,-3.6544268794356407,Model 0 Baseline
DLF,Real Estate,2024-03-19,2024-04-16,811.1551631048796,809.1323322741943,850.8684219996334,853.0009243104093,4.895889307138508,17,DAILY_CLOSE_BELOW_EMA21,16.578315939330423,-2.975900775474446,Model 0 Baseline
DHANBANK,Diversified / Other,2024-04-01,2024-04-16,42.606249999999996,42.5,43.89,44.0,3.0130555963033707,10,DAILY_CLOSE_BELOW_EMA21,16.235297707950366,-2.8235312069163605,Model 0 Baseline
DRREDDY,Healthcare,2024-04-01,2024-04-19,1223.2076620085124,1220.1572688364215,1156.2515318811138,1159.1494053946003,-5.473815461346635,12,STOP_LOSS_INTRADAY,1.461797285229701,-5.37731543313957,Model 0 Baseline
PERSISTENT,Software & IT Services,2024-04-10,2024-04-22,3909.8436680221243,3900.0934344360344,3695.826040807447,3705.0887627142324,-5.473815461346632,6,STOP_LOSS_INTRADAY,2.021496044789278,-16.261563892601032,Model 0 Baseline
SUNPHARMA,Healthcare,2024-04-23,2024-04-23,1532.5156867321373,1528.6939518525062,1448.6286061242313,1452.259254259881,-5.473815461346616,0,STOP_LOSS_INTRADAY,0.028806092949744438,-5.396930142645632,Model 0 Baseline
OLECTRA,Electricals,2024-04-18,2024-04-26,1780.2919974232198,1775.8523665069524,1626.1464473333028,1630.2220023391505,-8.658442003504254,6,STOP_LOSS_GAP_DOWN,2.603140725562266,-8.200589582469199,Model 0 Baseline
ADANIPOWER,Power,2024-03-22,2024-05-07,106.02440214157104,105.76000213623047,117.71497713088989,118.01000213623047,11.026305975966542,27,DAILY_CLOSE_BELOW_EMA21,22.333587622432987,-4.254916706793847,Model 0 Baseline
LUPIN,Healthcare,2024-04-23,2024-05-08,1577.6718585914305,1573.7375148044196,1578.6223247330092,1582.5787716621646,0.06024485614057684,10,DAILY_CLOSE_BELOW_EMA21,5.305863880522103,-2.674781784273117,Model 0 Baseline
GULFOILLUB,Automobile & Ancillaries,2024-05-09,2024-05-09,898.4632925459911,896.2227357067243,849.2830699240847,851.4115989213881,-5.473815461346624,0,STOP_LOSS_INTRADAY,0.35306587892653407,-5.238838235413414,Model 0 Baseline
AJMERA,Real Estate,2024-03-15,2024-05-10,134.70759515695883,134.3716659919789,158.67510263292408,159.0727845944101,17.79224656786334,35,DAILY_CLOSE_BELOW_EMA21,30.71880962952349,-4.234791612678043,Model 0 Baseline
OFSS,Software & IT Services,2024-05-02,2024-05-10,6864.914919733961,6847.795431156072,7004.1647345384745,7021.719032118771,2.0284273939684856,6,DAILY_CLOSE_BELOW_EMA21,5.7230614431318925,-0.26198549326986365,Model 0 Baseline
IBREALEST,Diversified / Other,2024-05-09,2024-05-10,121.80375,121.5,115.1364375,115.425,-5.4738154613466286,1,STOP_LOSS_INTRADAY,1.5637872640978652,-6.090536235291281,Model 0 Baseline
KSL,Metals & Mining,2024-05-09,2024-05-10,820.5655178536348,818.5192198041245,775.6492756668836,777.5932588139183,-5.47381546134662,1,STOP_LOSS_INTRADAY,1.8926893669028122,-5.07075273518772,Model 0 Baseline
MRPL,Oil & Gas,2024-05-09,2024-05-10,215.79981945248375,215.2616652892606,203.9873355697356,204.49858202479757,-5.473815461346623,1,STOP_LOSS_INTRADAY,0.2927900434614412,-6.576571556179513,Model 0 Baseline
PNB,Banks,2024-05-09,2024-05-13,117.84976900683178,117.55587930856038,111.39889012977453,111.67808534313235,-5.473815461346632,2,STOP_LOSS_INTRADAY,0.5557797495814055,-5.518056166815095,Model 0 Baseline
ANUP,Capital Goods,2024-03-18,2024-05-14,1401.008810828041,1397.5150232698666,1764.4360189924869,1768.8581644034955,25.94039418993009,36,DAILY_CLOSE_BELOW_EMA21,52.62644169408327,0.0,Model 0 Baseline
RSSOFTWARE,Software & IT Services,2024-05-15,2024-05-22,238.93931873321532,238.3434600830078,222.15350566864015,222.7102813720703,-7.0251364043258,4,STOP_LOSS_GAP_DOWN,2.137462424568024,-6.559096987806141,Model 0 Baseline
ICICIBANK,Banks,2024-04-22,2024-05-23,1055.160376274957,1052.5290536408547,1085.6629983329228,1088.383958228494,2.8908043501073877,21,DAILY_CLOSE_BELOW_EMA21,8.412107880988312,-0.7832844697556851,Model 0 Baseline
ACE,Capital Goods,2024-05-15,2024-05-27,1386.710772470524,1383.2526408683532,1447.5717732784278,1451.1997727102032,4.388874884088164,7,DAILY_CLOSE_BELOW_EMA21,18.769807323446685,-1.318067452199022,Model 0 Baseline
SIMPLEXINF,Infrastructure,2024-05-27,2024-05-28,124.1095030593872,123.80000305175781,117.31597789192199,117.61000289916991,-5.47381546134663,1,STOP_LOSS_INTRADAY,0.0,-9.127627442007052,Model 0 Baseline
GULFOILLUB,Automobile & Ancillaries,2024-05-13,2024-05-29,879.2904967247212,877.0977523438615,895.8388358250885,898.0840459399383,1.8820104575232457,11,DAILY_CLOSE_BELOW_EMA21,14.138681121731228,-3.013425014187786,Model 0 Baseline
APARINDS,Capital Goods,2024-03-18,2024-05-30,6018.348849475137,6003.340498229563,7675.581581502913,7694.818628073095,27.53633552120036,47,DAILY_CLOSE_BELOW_EMA21,38.23240017674147,-3.2916392363396914,Model 0 Baseline
IOC,Oil & Gas,2024-05-13,2024-05-30,142.99172766616897,142.6351398166274,146.59540694192097,146.96281397686312,2.5202012274201024,12,DAILY_CLOSE_BELOW_EMA21,6.631196892519421,-3.1904947818475184,Model 0 Baseline
SUNPHARMA,Healthcare,2024-04-26,2024-05-30,1502.1007678830508,1498.3548806813476,1419.878543805662,1423.43713664728,-5.473815461346622,22,STOP_LOSS_INTRADAY,2.155459216574008,-5.323321206261925,Model 0 Baseline
AMBUJACEM,Construction Materials,2024-05-09,2024-05-31,590.5955800608991,589.122773128079,616.2437330187158,617.7882035275346,4.342760735725791,15,DAILY_CLOSE_BELOW_EMA21,10.22652630855109,-4.463074504445692,Model 0 Baseline
PIDILITIND,Chemicals,2024-05-10,2024-06-03,1409.4304011141107,1405.9156120839011,1485.1224646233939,1488.8445760635527,5.370400939943605,15,DAILY_CLOSE_BELOW_EMA21,7.187839997031372,-0.7275023594567488,Model 0 Baseline
SHILPAMED,Healthcare,2024-06-03,2024-06-03,249.32040236888795,248.69865572956405,235.67306363572814,236.26372294308584,-5.4738154613466286,0,STOP_LOSS_INTRADAY,0.0,-5.722891566265056,Model 0 Baseline
ARVSMART,Real Estate,2024-05-30,2024-06-04,643.2194425994054,641.6154040891824,608.0107973000115,609.5346338847233,-5.473815461346632,3,STOP_LOSS_INTRADAY,2.4577490791932664,-18.433186320970538,Model 0 Baseline
EDELWEISS,Financial Services,2024-06-03,2024-06-04,72.37454922181206,72.19406406165793,68.41289995642859,68.58436085857502,-5.473815461346624,1,STOP_LOSS_INTRADAY,1.4864844244879796,-14.797294662845111,Model 0 Baseline
WEBELSOLAR,Electricals,2024-06-04,2024-06-04,60.15,60.0,56.8575,57.0,-5.4738154613466286,0,STOP_LOSS_INTRADAY,0.0,-7.558333079020183,Model 0 Baseline
ADANIPORTS,Infrastructure,2024-05-13,2024-06-05,1253.335630561971,1250.210105298724,1260.8644607161307,1264.0245220211837,0.6007034325501461,16,DAILY_CLOSE_BELOW_EMA21,27.971590630504796,-6.235198080984687,Model 0 Baseline
ASHOKA,Infrastructure,2024-05-13,2024-06-05,166.36487194061277,165.9499969482422,178.5525,179.0,7.325842238942035,16,DAILY_CLOSE_BELOW_EMA21,20.51823059832752,-1.8379048555867534,Model 0 Baseline
ASTRAMICRO,Miscellaneous,2024-05-13,2024-06-05,697.4790583657331,695.7397090930006,717.9828045304453,719.7822601808974,2.9396934458153674,16,DAILY_CLOSE_BELOW_EMA21,31.50177357830617,-3.6989305986974004,Model 0 Baseline
BEML,Capital Goods,2024-05-13,2024-06-05,1657.0077267961094,1652.8755379512313,1918.7182141982446,1923.5270317776888,15.794162161703545,16,DAILY_CLOSE_BELOW_EMA21,43.309273245223146,-2.90798068858824,Model 0 Baseline
IBREALEST,Diversified / Other,2024-05-13,2024-06-05,121.4528765296936,121.1500015258789,118.7025,119.0,-2.2645626915400117,16,DAILY_CLOSE_BELOW_EMA21,18.40692954312491,-10.028890939207738,Model 0 Baseline
JSWENERGY,Power,2024-05-13,2024-06-05,565.6315528866843,564.22100038572,570.0615469881658,571.4902726698404,0.7831943035838703,16,DAILY_CLOSE_BELOW_EMA21,16.788642057619132,-7.103946114214205,Model 0 Baseline
FORCEMOT,Automobile & Ancillaries,2024-05-30,2024-06-05,8382.396959406382,8361.493226340532,8241.296363495838,8261.951241599836,-1.6832965152313246,4,DAILY_CLOSE_BELOW_EMA21,8.633916135615124,-15.049409520275942,Model 0 Baseline
BFUTILITIE,Power,2024-06-06,2024-06-07,813.8294877624511,811.7999877929688,850.8675000000001,853.0,4.551077688199964,1,DAILY_CLOSE_BELOW_EMA21,6.972165246635642,0.0,Model 0 Baseline
CUMMINSIND,Automobile & Ancillaries,2024-06-06,2024-06-11,3347.7064259952604,3339.3580309179656,3417.5502338041474,3426.115522610674,2.0863181809056854,3,DAILY_CLOSE_BELOW_EMA21,5.368284829520976,-1.2259222491396886,Model 0 Baseline
DOLLAR,Textiles,2024-06-06,2024-06-11,524.4112991502244,523.1035402994758,549.622276069069,550.9997755078385,4.807481638877235,3,DAILY_CLOSE_BELOW_EMA21,5.351480267346004,-0.5873510070118076,Model 0 Baseline
DSSL,Software & IT Services,2024-06-06,2024-06-11,1171.444175373113,1168.5228682026066,1170.632747422629,1173.566664082836,-0.06926731700428301,3,DAILY_CLOSE_BELOW_EMA21,6.401725246927971,-1.2777736044337578,Model 0 Baseline
CONCOR,Logistics,2024-06-06,2024-06-25,983.4734088591332,981.0208567173399,1022.9128114964489,1025.4765027533322,4.0102154549421805,12,DAILY_CLOSE_BELOW_EMA21,13.747535687617837,-0.877714439256657,Model 0 Baseline
CAPACITE,Real Estate,2024-06-06,2024-06-26,300.75,300.0,312.16763717651367,312.95001220703125,3.7963880886163475,13,DAILY_CLOSE_BELOW_EMA21,11.0,0.0,Model 0 Baseline
ANUP,Capital Goods,2024-06-06,2024-06-27,1741.9151475039366,1737.5712194552984,1762.48857100797,1766.9058355969623,1.1810806934834854,14,DAILY_CLOSE_BELOW_EMA21,15.115596736994352,-1.4017263585778437,Model 0 Baseline
ACE,Capital Goods,2024-06-06,2024-07-02,1384.8631783642618,1381.4096542286902,1451.447651416408,1455.0853648284792,4.80801815604577,17,DAILY_CLOSE_BELOW_EMA21,12.509450272414444,-0.7608848189101851,Model 0 Baseline
GEOJITFSL,Finance,2024-06-06,2024-07-03,88.68941979912563,88.46824917618517,93.49436510205427,93.72868681910202,5.417720979358594,18,DAILY_CLOSE_BELOW_EMA21,22.53762487131534,0.0,Model 0 Baseline
ABCAPITAL,Finance,2024-06-06,2024-07-09,217.94349388122558,217.39999389648438,230.92125000000001,231.5,5.954642594583269,22,DAILY_CLOSE_BELOW_EMA21,13.569457602674317,-0.18398983795502463,Model 0 Baseline
AMBUJACEM,Construction Materials,2024-06-06,2024-07-11,602.4868088362459,600.9843479663301,672.4972132776691,674.1826699525504,11.620238553712758,24,DAILY_CLOSE_BELOW_EMA21,16.62569942970634,-0.6990131578947408,Model 0 Baseline
IBREALEST,Diversified / Other,2024-06-06,2024-07-11,128.06937499999998,127.75,141.645,142.0,10.600211799268976,24,DAILY_CLOSE_BELOW_EMA21,28.657534724345645,-0.19569471624266144,Model 0 Baseline
BHEL,Capital Goods,2024-06-07,2024-07-19,277.9800174591545,277.2868004580095,303.31116121166815,304.0713395605696,9.112577221934924,28,DAILY_CLOSE_BELOW_EMA21,20.19713843323127,-1.3082415399585534,Model 0 Baseline
POLYCAB,Electricals,2024-07-12,2024-07-19,6592.216364757855,6575.776922451727,6231.370606138318,6246.98807632914,-5.473815461346615,4,STOP_LOSS_INTRADAY,1.1122878727999737,-5.816576277726608,Model 0 Baseline
SKFINDIA,Automobile & Ancillaries,2024-07-15,2024-07-19,5800.872023045061,5786.406008024998,5483.342993354689,5497.085707623748,-5.473815461346641,3,STOP_LOSS_INTRADAY,0.9663809465368076,-6.272591996537232,Model 0 Baseline
CESC,Power,2024-06-06,2024-07-22,125.29942856185785,124.98696115896045,149.42870159918073,149.8032096232388,19.257288971123067,30,DAILY_CLOSE_BELOW_EMA21,39.637677731309736,-0.7246376811594252,Model 0 Baseline
HDFCAMC,Finance,2024-06-06,2024-07-22,1773.613321184164,1769.190345320862,1935.4995700035986,1940.3504461188957,9.127482686663074,30,DAILY_CLOSE_BELOW_EMA21,16.635020384203415,-1.2776714415510804,Model 0 Baseline
FORCEMOT,Automobile & Ancillaries,2024-07-10,2024-07-22,8524.098425373804,8502.841322068633,8057.505007825288,8077.699255965201,-5.473815461346635,7,STOP_LOSS_INTRADAY,0.7960690513379529,-5.6707955618032955,Model 0 Baseline
ASAL,Diversified / Other,2024-07-23,2024-07-23,962.149375,959.75,909.48309375,911.7624999999999,-5.473815461346633,0,STOP_LOSS_INTRADAY,2.365200542540375,-10.070333359110444,Model 0 Baseline
HAL,Aviation,2024-07-23,2024-07-23,4939.509920803741,4927.191940951363,4669.130263044036,4680.832343903795,-5.473815461346613,0,STOP_LOSS_INTRADAY,0.4757185332011817,-10.604558969276516,Model 0 Baseline
OBEROIRLTY,Real Estate,2024-07-11,2024-07-24,1713.8087407986854,1709.534903539836,1668.292086693912,1672.4732698685834,-2.655877112842898,8,DAILY_CLOSE_BELOW_EMA21,5.050782441801386,-4.830826386378771,Model 0 Baseline
GALLANTT,Metals & Mining,2024-07-23,2024-07-25,310.1817461835522,309.40822561950347,323.9795515502372,324.7915303761776,4.448297018264914,2,DAILY_CLOSE_BELOW_EMA21,6.162510562119097,0.0,Model 0 Baseline
POWERINDIA,Capital Goods,2024-07-23,2024-07-25,11426.50563422016,11398.01060770091,11947.507361104568,11977.450988576007,4.5595892879456414,2,DAILY_CLOSE_BELOW_EMA21,6.966570804904684,-4.314499004994328,Model 0 Baseline
HINDALCO,Metals & Mining,2024-07-23,2024-07-25,661.8079789335054,660.1575849710778,625.5818314582176,627.1497057225239,-5.473815461346621,2,STOP_LOSS_INTRADAY,0.13387244242218976,-5.800978067773459,Model 0 Baseline
BRIGADE,Real Estate,2024-07-26,2024-07-30,909.2299073029658,906.9625010503399,956.2747290415921,958.6714075604932,5.174139275529838,2,DAILY_CLOSE_BELOW_EMA21,5.933523686353148,-0.09848441133224334,Model 0 Baseline
PREMEXPLN,Chemicals,2024-07-25,2024-07-31,659.724580092009,658.0793816379143,695.0186582463294,696.760559645443,5.349820094530682,4,DAILY_CLOSE_BELOW_EMA21,10.322326494664892,-3.2233598786499846,Model 0 Baseline
TEJASNET,Telecom,2024-07-25,2024-07-31,1312.217381274169,1308.9450187273505,1240.3890233715056,1243.497767790983,-5.473815461346633,4,STOP_LOSS_INTRADAY,1.7774821890118844,-6.105135500694525,Model 0 Baseline
HONAUT,Consumer Durables,2024-07-23,2024-08-01,53832.56396353864,53698.31816811835,54547.211080802306,54683.92088300983,1.3275368376429266,7,DAILY_CLOSE_BELOW_EMA21,5.094776420438383,-1.7730114949168156,Model 0 Baseline
GRINDWELL,Manufacturing,2024-07-25,2024-08-01,2552.4830262108208,2546.1177318811183,2524.7832447499563,2531.1110223057203,-1.0852092325951699,5,DAILY_CLOSE_BELOW_EMA21,7.37524317107613,-2.9219714746436702,Model 0 Baseline
MACPOWER,Capital Goods,2024-07-11,2024-08-02,1329.4734933153986,1326.158098070223,1506.9038769055276,1510.680578351406,13.34591358776614,15,DAILY_CLOSE_BELOW_EMA21,30.602655350969798,-3.7557767589571247,Model 0 Baseline
KIRLOSIND,Power,2024-07-23,2024-08-02,5746.0025686380495,5731.673385175112,5784.422152726712,5798.919451355099,0.6686315160796863,8,DAILY_CLOSE_BELOW_EMA21,10.231447123579326,-3.534404360864174,Model 0 Baseline
DIXON,Consumer Durables,2024-07-25,2024-08-02,10868.400512936634,10841.29726976223,11511.884358540821,11540.736199038416,5.920685797677861,6,DAILY_CLOSE_BELOW_EMA21,16.958521334099718,-1.0004590293778806,Model 0 Baseline
HAL,Aviation,2024-07-29,2024-08-02,4843.362857234781,4831.284645620729,4578.246112306344,4589.720413339693,-5.473815461346616,4,STOP_LOSS_INTRADAY,2.7330803343990007,-6.37683527952351,Model 0 Baseline
ELECON,Capital Goods,2024-07-29,2024-08-05,628.70439328444,627.1365519046783,584.5575178370077,586.0225742726894,-7.021881176430601,5,STOP_LOSS_GAP_DOWN,3.2462386864482675,-6.555825442979121,Model 0 Baseline
HINDALCO,Metals & Mining,2024-07-29,2024-08-05,666.1885689501192,664.5272508230616,615.1650339326314,616.7068009349688,-7.659022894658552,5,STOP_LOSS_GAP_DOWN,2.090867931055612,-7.1961608540302935,Model 0 Baseline
SIEMENS,Capital Goods,2024-07-30,2024-08-05,4143.092108576036,4132.760208055896,3877.0566683002494,3886.7736023060143,-6.421180927286252,4,STOP_LOSS_GAP_DOWN,1.1267563719982019,-5.952114165017025,Model 0 Baseline
ANANTRAJ,Real Estate,2024-06-06,2024-08-06,358.4052480889485,357.51146941541,497.33320745278075,498.5796565942664,38.76281391095962,41,DAILY_CLOSE_BELOW_EMA21,57.58795494530482,0.0,Model 0 Baseline
KARURVYSYA,Banks,2024-07-12,2024-08-06,158.7041570757373,158.30838611046116,172.31171581257834,172.74357474945197,8.57416654205674,16,DAILY_CLOSE_BELOW_EMA21,19.1146243617977,-1.2231333244935423,Model 0 Baseline
HINDZINC,Metals & Mining,2024-07-25,2024-08-06,583.699488718306,582.2438790207542,569.6272602033844,571.0548974470018,-2.4108687410060328,8,DAILY_CLOSE_BELOW_EMA21,5.757119808319042,-4.473318139462712,Model 0 Baseline
POLYCAB,Electricals,2024-07-25,2024-08-06,6260.866622595666,6245.253488873483,6438.248943114924,6454.38490537837,2.8331911732327923,8,DAILY_CLOSE_BELOW_EMA21,9.445329636763553,-1.1212361331220329,Model 0 Baseline
ESSARSHPNG,Diversified / Other,2024-08-07,2024-08-07,49.373124999999995,49.25,46.670531249999996,46.787499999999994,-5.473815461346631,0,STOP_LOSS_INTRADAY,0.7106568002458756,-5.583756345177665,Model 0 Baseline
CARBORUNIV,Manufacturing,2024-08-07,2024-08-08,1657.1480672885414,1653.015528467373,1566.4388401638944,1570.3647520440043,-5.473815461346628,1,STOP_LOSS_INTRADAY,0.0,-7.726451295879796,Model 0 Baseline
BHARATFORG,Metals & Mining,2024-08-08,2024-08-09,1548.5968560371675,1544.7350184909403,1606.029994722141,1610.0551325535248,3.7087211213862292,1,DAILY_CLOSE_BELOW_EMA21,5.185659411011522,-1.654928014464629,Model 0 Baseline
CHENNPETRO,Oil & Gas,2024-08-08,2024-08-12,892.8146410995794,890.5881706728971,843.9436152339042,846.0587621392523,-5.473815461346626,2,STOP_LOSS_INTRADAY,0.3284916335528729,-6.045350404432816,Model 0 Baseline
ENDURANCE,Automobile & Ancillaries,2024-08-07,2024-08-13,2465.136649279859,2458.9891763390115,2528.2638063061318,2534.600307073816,2.5607974732238183,4,DAILY_CLOSE_BELOW_EMA21,5.257353145193864,-0.5950964546893897,Model 0 Baseline
CGPOWER,Capital Goods,2024-08-08,2024-08-13,684.6380448972814,682.9307181020263,703.2752426220047,705.0378372150423,2.7221972053159225,3,DAILY_CLOSE_BELOW_EMA21,5.5701328428915495,-1.8008130367108983,Model 0 Baseline
ATULAUTO,Automobile & Ancillaries,2024-08-08,2024-08-13,676.6875,675.0,639.646875,641.25,-5.47381546134663,3,STOP_LOSS_INTRADAY,2.814814814814815,-6.377775969328704,Model 0 Baseline
SUNTECK,Construction,2024-08-07,2024-08-14,559.1235681124705,557.7292449999705,573.2416039861074,574.678299735446,2.5250296497601785,5,DAILY_CLOSE_BELOW_EMA21,5.828365867303012,-1.9695192974821523,Model 0 Baseline
LUMAXTECH,Automobile & Ancillaries,2024-08-07,2024-08-14,551.1360938392695,549.7616896152315,520.9679211216337,522.2736051344699,-5.4738154613466286,5,STOP_LOSS_INTRADAY,2.6599951315707018,-7.846119677458203,Model 0 Baseline
ASTRAMICRO,Miscellaneous,2024-08-08,2024-08-14,849.3306431655865,847.2126116364952,802.8398511020338,804.8519810546704,-5.4738154613466365,4,STOP_LOSS_INTRADAY,0.8578129016414554,-5.229138419087071,Model 0 Baseline
KICL,Finance,2024-08-13,2024-08-14,5691.824487366143,5677.630411337799,5380.264518543982,5393.748890770909,-5.47381546134662,1,STOP_LOSS_INTRADAY,1.9628940402910873,-5.499248541627325,Model 0 Baseline
MAHSCOOTER,Automobile & Ancillaries,2024-08-07,2024-08-20,8631.803061760867,8610.277368340017,8815.695081160107,8837.789555047726,2.130401007570327,8,DAILY_CLOSE_BELOW_EMA21,7.694138347124197,-0.9749784239659353,Model 0 Baseline
ADANIPOWER,Power,2024-08-19,2024-08-26,139.9490061187744,139.60000610351562,132.288455783844,132.62000579833983,-5.473815461346623,5,STOP_LOSS_INTRADAY,1.253581607082701,-5.444130208619117,Model 0 Baseline
HONDAPOWER,Capital Goods,2024-08-21,2024-08-27,3454.3572639816816,3445.7429067148946,3545.0286209390533,3553.9134044501784,2.6248401664412357,4,DAILY_CLOSE_BELOW_EMA21,5.735266080292976,-1.4536073837859513,Model 0 Baseline
AHLUCONT,Real Estate,2024-08-19,2024-09-02,1325.97920518078,1322.6725238711022,1253.3975504333532,1256.538897677547,-5.473815461346629,10,STOP_LOSS_INTRADAY,2.9945992738528466,-7.344890271371159,Model 0 Baseline
HUDCO,Finance,2024-08-29,2024-09-02,271.61561810356807,270.93827242251183,256.7478804043828,257.3913588013862,-5.473815461346615,2,STOP_LOSS_INTRADAY,2.6905893324482353,-5.760588061397725,Model 0 Baseline
PODDARMENT,Diversified / Other,2024-08-16,2024-09-03,391.5240521711527,390.54768296374334,416.896826989974,417.94168119295637,6.480514971716153,12,DAILY_CLOSE_BELOW_EMA21,13.728426840772693,-3.2258049745866235,Model 0 Baseline
FINCABLES,Electricals,2024-08-07,2024-09-06,1469.9299542360723,1466.2642935023166,1389.4687011301328,1392.9510788272007,-5.473815461346624,21,STOP_LOSS_INTRADAY,3.3220172710731335,-5.2769533973898515,Model 0 Baseline
BEL,Aviation,2024-08-08,2024-09-06,296.9182815966162,296.177837004106,280.6655227910159,281.36894515390065,-5.473815461346631,20,STOP_LOSS_INTRADAY,3.0024994286454296,-6.041871734479896,Model 0 Baseline
GODREJCP,FMCG,2024-08-19,2024-09-09,1366.392579899542,1362.985117106775,1391.3535540018747,1394.840655640977,1.8267791021060675,15,DAILY_CLOSE_BELOW_EMA21,6.232515443476282,-2.36552017775148,Model 0 Baseline
HAL,Aviation,2024-09-02,2024-09-09,4613.408322946594,4601.903564036503,4579.750223345271,4591.228294080472,-0.7295712246824503,5,DAILY_CLOSE_BELOW_EMA21,5.341540791067341,-0.7703808323579504,Model 0 Baseline
GPTINFRA,Infrastructure,2024-09-06,2024-09-09,158.76687896105543,158.3709515821002,150.0762729929877,150.45240400299517,-5.473815461346622,1,STOP_LOSS_INTRADAY,1.3485792607250275,-9.114978169214137,Model 0 Baseline
ABSLNN50ET,ETF,2024-08-08,2024-09-12,75.71882377624512,75.52999877929688,78.29377286911011,78.48999786376953,3.400672335421068,24,DAILY_CLOSE_BELOW_EMA21,6.500733141088346,-2.9127459073191684,Model 0 Baseline
MPSLTD,Miscellaneous,2024-08-09,2024-09-12,1921.1711829942055,1916.3802324131727,2230.0349153954144,2235.6239753337486,16.076845995567922,23,DAILY_CLOSE_BELOW_EMA21,24.448704624562335,-1.6104212282675308,Model 0 Baseline
PDMJEPAPER,Paper,2024-08-16,2024-09-12,108.51867124857769,108.24805112077576,117.09236464798737,117.38582922103996,7.900661978960648,19,DAILY_CLOSE_BELOW_EMA21,20.581918571588623,-1.6271247216969957,Model 0 Baseline
BLKASHYAP,Real Estate,2024-09-13,2024-09-16,104.1396972465515,103.87999725341797,106.41330030441284,106.68000030517578,2.1832241863336366,1,DAILY_CLOSE_BELOW_EMA21,5.3619559511886195,-0.2695406109934819,Model 0 Baseline
RECLTD,Finance,2024-09-13,2024-09-17,523.3786307235509,522.0734471057865,494.72985031362094,495.96977475049715,-5.473815461346627,2,STOP_LOSS_INTRADAY,0.5226480836236828,-5.479085742941008,Model 0 Baseline
ASHOKLEY,Automobile & Ancillaries,2024-09-13,2024-09-18,118.20908059846009,117.91429486130683,111.73853366794589,112.01858011824149,-5.473815461346626,3,STOP_LOSS_INTRADAY,0.22177542409588563,-5.322579449453777,Model 0 Baseline
GODREJPROP,Real Estate,2024-08-08,2024-09-19,2951.1801490753464,2943.820597581393,2789.6379937830675,2796.629567702323,-5.473815461346634,29,STOP_LOSS_INTRADAY,1.348855926774531,-5.427565584942152,Model 0 Baseline
KELLTONTEC,Diversified / Other,2024-09-13,2024-09-19,29.228890137672423,29.1560001373291,27.62895463013649,27.698200130462645,-5.473815461346625,4,STOP_LOSS_INTRADAY,3.916861685365849,-8.54712775448035,Model 0 Baseline
MARINE,Electricals,2024-09-19,2024-09-19,245.81785609445708,245.20484398449585,232.3622402808079,232.94460178527106,-5.473815461346625,0,STOP_LOSS_INTRADAY,0.0813657224406394,-7.017900645171145,Model 0 Baseline
ANUP,Capital Goods,2024-08-08,2024-09-20,1672.3732480648139,1668.2027412117845,2141.087561873902,2146.453696114187,28.026896169946546,30,DAILY_CLOSE_BELOW_EMA21,42.49112852314757,-0.47337278106508324,Model 0 Baseline
BLKASHYAP,Real Estate,2024-09-23,2024-09-25,102.75625,102.5,97.1315625,97.375,-5.473815461346627,2,STOP_LOSS_INTRADAY,1.4634146341463417,-7.531708508003049,Model 0 Baseline
DABUR,Consumer Goods,2024-08-19,2024-09-26,599.2582281448603,597.7638185983644,605.0011972947395,606.5174910222953,0.958346315520431,28,DAILY_CLOSE_BELOW_EMA21,8.737880491728339,-0.5097126883596312,Model 0 Baseline
CROMPTON,Consumer Durables,2024-09-26,2024-09-26,437.80524676687935,436.7134631091066,413.8405954787671,414.87778995365125,-5.4738154613466365,0,STOP_LOSS_INTRADAY,0.0,-7.400762604105562,Model 0 Baseline
RPPINFRA,Infrastructure,2024-09-26,2024-09-26,209.45560472644672,208.9332715475778,197.9903914502734,198.4866079701989,-5.473815461346633,0,STOP_LOSS_INTRADAY,1.096806430724693,-5.507869918857739,Model 0 Baseline
MANAKCOAT,Metals & Mining,2024-09-20,2024-09-27,64.44864664807798,64.28792683100049,63.76823873390731,63.92805888111008,-1.0557365430589125,5,DAILY_CLOSE_BELOW_EMA21,11.957709922096722,-1.3839188419521464,Model 0 Baseline
TTKPRESTIG,Consumer Durables,2024-09-11,2024-09-27,887.296864994183,885.0841546076639,838.7278720100875,840.8299468772807,-5.473815461346631,12,STOP_LOSS_INTRADAY,3.9636829719754854,-8.104516586641829,Model 0 Baseline
HIRECT,Capital Goods,2024-09-23,2024-09-30,429.45367774963375,428.3827209472656,450.195935278585,451.3242458933183,4.82991731207009,5,DAILY_CLOSE_BELOW_EMA21,8.265909311009858,-0.22119884268630638,Model 0 Baseline
HEROMOTOCO,Automobile & Ancillaries,2024-08-12,2024-10-01,4856.426118354115,4844.315330029042,5293.296763321274,5306.563171249397,8.995723075371695,35,DAILY_CLOSE_BELOW_EMA21,19.7792788223155,-4.291634195567944,Model 0 Baseline
SUNDRMFAST,Trading,2024-08-14,2024-10-01,1331.8692997572116,1328.5479299323806,1348.8858426726251,1352.2665089449874,1.2776436035064032,33,DAILY_CLOSE_BELOW_EMA21,7.637589135093228,-2.3631402165306006,Model 0 Baseline
FOSECOIND,Chemicals,2024-09-23,2024-10-01,4540.286803594147,4528.964392612616,4684.488799346438,4696.229372778384,3.176054773415164,6,DAILY_CLOSE_BELOW_EMA21,8.842803772793156,0.0,Model 0 Baseline
DABUR,Consumer Goods,2024-09-30,2024-10-03,613.8033503694667,612.2726686977225,559.9432853802118,561.3466520102373,-8.774807918013947,2,STOP_LOSS_GAP_DOWN,0.4423361442288666,-8.317538784770935,Model 0 Baseline
INSECTICID,Chemicals,2024-10-01,2024-10-03,873.129282199613,870.9519024435043,825.3357965530257,827.404307321329,-5.473815461346637,1,STOP_LOSS_INTRADAY,2.952457463974343,-5.681751135264079,Model 0 Baseline
ARCHIDPLY,Construction Materials,2024-09-27,2024-10-04,124.1896972465515,123.87999725341797,125.54535060882569,125.86000061035156,1.0915988945385935,4,DAILY_CLOSE_BELOW_EMA21,5.505327612231642,-4.746526787040056,Model 0 Baseline
AMRUTANJAN,Healthcare,2024-09-30,2024-10-04,764.6280594185725,762.7212562778778,767.2368121887539,769.1597114674224,0.34117931431460474,3,DAILY_CLOSE_BELOW_EMA21,6.597401012073869,-0.12987012987012636,Model 0 Baseline
DSSL,Software & IT Services,2024-09-30,2024-10-04,1407.1850936120222,1403.6759038523912,1330.1583783881224,1333.4921086597717,-5.473815461346623,3,STOP_LOSS_INTRADAY,1.32740387288701,-5.487541505480129,Model 0 Baseline
BPCL,Oil & Gas,2024-09-23,2024-10-07,307.2664940904123,306.5002434817081,313.9970520383921,314.78401206856347,2.190462701735168,9,DAILY_CLOSE_BELOW_EMA21,12.912916358676775,-0.5105141762856613,Model 0 Baseline
PANAMAPET,Automobile & Ancillaries,2024-09-19,2024-10-07,394.76888952954897,393.784428458403,373.1599690178941,374.0952070354828,-5.4738154613466286,11,STOP_LOSS_INTRADAY,1.7376143940939064,-6.888410347354378,Model 0 Baseline
ALEMBICLTD,Healthcare,2024-09-23,2024-10-07,136.24413452817973,135.90437359419425,128.78638202719836,129.10915491448455,-5.4738154613466055,9,STOP_LOSS_INTRADAY,2.1676690988857232,-8.347950940958494,Model 0 Baseline
COROMANDEL,Chemicals,2024-09-30,2024-10-07,1645.3092049908125,1641.20618951702,1555.248015341066,1559.145880041169,-5.473815461346632,4,STOP_LOSS_INTRADAY,4.729513898692328,-6.2498076593095115,Model 0 Baseline
GALLANTT,Metals & Mining,2024-10-07,2024-10-07,361.2659390029507,360.36502643685856,341.49090817722805,342.3467751150156,-5.473815461346641,0,STOP_LOSS_INTRADAY,1.3850415512465362,-5.235455372987354,Model 0 Baseline
BHAGERIA,Chemicals,2024-10-09,2024-10-09,227.53880778794635,226.97137933959738,215.08375334668597,215.6228103726175,-5.473815461346625,0,STOP_LOSS_INTRADAY,0.0,-8.302701383023654,Model 0 Baseline
GLAXO,Pharma,2024-09-23,2024-10-15,2613.8702813281852,2607.35190157425,2599.6866154087147,2606.202120710491,-0.5426308268160641,15,DAILY_CLOSE_BELOW_EMA21,6.207266942984332,-4.959572063310028,Model 0 Baseline
DVL,Chemicals,2024-10-09,2024-10-16,442.0418592288567,440.9395104527249,453.1466081329217,454.28231391771595,2.512148719000788,5,DAILY_CLOSE_BELOW_EMA21,6.22738981083101,-0.0877083449601968,Model 0 Baseline
DEEPAKNTR,Chemicals,2024-09-23,2024-10-18,2827.4442139746493,2820.393230897406,2818.335841271624,2825.399339620675,-0.322141553067866,18,DAILY_CLOSE_BELOW_EMA21,5.840064877984523,-3.347979979344414,Model 0 Baseline
ERIS,Healthcare,2024-10-01,2024-10-18,1321.3982625764925,1318.103005063833,1321.713858831536,1325.0264248937704,0.023883507643505206,12,DAILY_CLOSE_BELOW_EMA21,8.115115299590304,-2.078474026226991,Model 0 Baseline
CAPACITE,Real Estate,2024-10-09,2024-10-18,378.0427561187744,377.1000061035156,368.9752439117432,369.8999938964844,-2.398541450740653,7,DAILY_CLOSE_BELOW_EMA21,7.014049658273537,-2.4529302175245347,Model 0 Baseline
IGL,Industrial Gases & Fuels,2024-10-16,2024-10-18,252.80870739731785,252.17826174296047,230.33756861725578,230.9148557566474,-8.88859367677795,2,STOP_LOSS_GAP_DOWN,0.23845859803344488,-8.431894898215445,Model 0 Baseline
EVEREADY,Diversified / Other,2024-10-09,2024-10-18,433.15121200815435,432.0710344220991,409.4413139942417,410.46748270099414,-5.473815461346628,7,STOP_LOSS_INTRADAY,3.961529687562171,-6.114040551686302,Model 0 Baseline
GILLETTE,FMCG,2024-10-07,2024-10-21,8203.932141641639,8183.473457996648,8313.881162142388,8334.717957034974,1.340199048486381,10,DAILY_CLOSE_BELOW_EMA21,7.29702878518364,-1.6404874312551554,Model 0 Baseline
AFFLE,Software & IT Services,2024-10-09,2024-10-21,1540.6420489501952,1536.800048828125,1564.2296493530275,1568.1500244140625,1.531024057074457,8,DAILY_CLOSE_BELOW_EMA21,8.016654558660392,-1.3111676063146762,Model 0 Baseline
ARROWGREEN,Plastic Products,2024-10-09,2024-10-21,801.4165176224059,799.4179726906792,757.5484563710049,759.4470740561452,-5.473815461346624,8,STOP_LOSS_INTRADAY,3.4782600471041563,-6.211182665928958,Model 0 Baseline
MINDACORP,Automobile & Ancillaries,2024-10-21,2024-10-22,538.7015031425392,537.3581078728571,509.2139769730162,510.4902024792142,-5.473815461346627,1,STOP_LOSS_INTRADAY,1.8518518518518612,-7.824084053227498,Model 0 Baseline
TFL,Finance,2024-10-22,2024-10-22,33.01232530593872,32.93000030517578,31.2052915391922,31.28350028991699,-5.473815461346623,0,STOP_LOSS_INTRADAY,0.0,-5.010627401272554,Model 0 Baseline
ADSL,Software & IT Services,2024-10-09,2024-10-23,280.9974808131282,280.2967389657139,275.72699913565265,276.4180442462683,-1.8756330705258533,10,DAILY_CLOSE_BELOW_EMA21,10.352067891342628,-4.431610992821215,Model 0 Baseline
CAMS,Finance,2024-10-09,2024-10-23,852.0873001509,849.9623941654863,846.4983651354587,848.6199149227656,-0.6559110802908938,10,DAILY_CLOSE_BELOW_EMA21,12.9524409026507,-0.6795509647964659,Model 0 Baseline
WHIRLPOOL,Consumer Durables,2024-09-19,2024-10-24,2042.337068371691,2037.2439584755023,2289.61017241362,2295.348543773053,12.10736013517467,24,DAILY_CLOSE_BELOW_EMA21,19.78386514293901,-2.4448696716129934,Model 0 Baseline
MARICO,FMCG,2024-10-21,2024-10-24,653.7049118228892,652.0747250103634,617.9223112879456,619.4709887598452,-5.473815461346626,3,STOP_LOSS_INTRADAY,0.7517666792266942,-5.0969716275461705,Model 0 Baseline
EDELWEISS,Financial Services,2024-10-24,2024-10-24,111.06321996371379,110.78625432789406,104.98382425747062,105.24694161149935,-5.473815461346624,0,STOP_LOSS_INTRADAY,0.2138065601510256,-5.790645879732743,Model 0 Baseline
GEOJITFSL,Finance,2024-10-24,2024-10-24,126.76551985631727,126.44939636540377,119.82660923076575,120.12692654713358,-5.47381546134662,0,STOP_LOSS_INTRADAY,0.6097584377790862,-5.487802679662073,Model 0 Baseline
DVL,Chemicals,2024-10-24,2024-10-25,425.6609685685466,424.5994698938121,402.3610726581237,403.3694963991215,-5.473815461346622,1,STOP_LOSS_INTRADAY,0.011389801034282726,-8.334285643240031,Model 0 Baseline
HEG,Capital Goods,2024-10-24,2024-10-25,438.10663585586553,437.01410060435467,414.1254870852016,415.1633955741369,-5.473815461346628,1,STOP_LOSS_INTRADAY,0.5895037241756079,-7.040015535609605,Model 0 Baseline
HNDFDS,FMCG,2024-10-24,2024-10-25,594.0814755249023,592.5999755859375,561.5625518646241,562.9699768066406,-5.473815461346619,1,STOP_LOSS_INTRADAY,1.8393562036996411,-6.007421034862137,Model 0 Baseline
HSCL,Chemicals,2024-10-25,2024-10-25,576.9287484568708,575.4900233983749,545.3487334228851,546.7155222284562,-5.473815461346625,0,STOP_LOSS_INTRADAY,0.48526651524588493,-5.199306759098786,Model 0 Baseline
JAYSREETEA,Agri,2024-10-25,2024-10-25,131.43616973833815,131.10839874148445,124.2415963573992,124.55297880441022,-5.473815461346625,0,STOP_LOSS_INTRADAY,0.91115943511661,-8.124523307656,Model 0 Baseline
GODREJAGRO,FMCG,2024-10-24,2024-10-28,721.0785734533109,719.2803725220059,681.6080630111658,683.3163538959055,-5.4738154613466445,2,STOP_LOSS_INTRADAY,2.0188425302826336,-7.40242070937477,Model 0 Baseline
ARROWGREEN,Plastic Products,2024-10-24,2024-10-29,800.4209635344096,798.4249012812066,824.0661354633634,826.1314641236725,2.9540920348392787,3,DAILY_CLOSE_BELOW_EMA21,5.099499956677143,-4.3221416074865155,Model 0 Baseline
INDHOTEL,Hospitality,2024-10-24,2024-10-29,651.7596518981281,650.1343161078586,668.3122620796983,669.987230155086,2.539680100381135,3,DAILY_CLOSE_BELOW_EMA21,6.168407338186929,-0.5954690192187667,Model 0 Baseline
INDRAMEDCO,Healthcare,2024-10-24,2024-10-30,397.246873661535,396.2562330788379,423.37887509582333,424.4399750334068,6.578277430712644,4,DAILY_CLOSE_BELOW_EMA21,7.612504624103851,-3.7499991633673133,Model 0 Baseline
ERIS,Healthcare,2024-10-28,2024-10-30,1263.5432750311672,1260.3922942954287,1285.0627276464636,1288.283436237056,1.7031037274734853,2,DAILY_CLOSE_BELOW_EMA21,5.936357554081613,-0.976964837791158,Model 0 Baseline
AUROPHARMA,Healthcare,2024-10-04,2024-10-30,1456.1788077817914,1452.547439183832,1376.470267056579,1379.9200672246404,-5.473815461346616,18,STOP_LOSS_INTRADAY,4.255833334851776,-5.003423827000311,Model 0 Baseline
OFSS,Software & IT Services,2024-10-28,2024-11-01,10107.169288270965,10081.964377327646,10072.766884937546,10098.011914724357,-0.3403762453384632,4,DAILY_CLOSE_BELOW_EMA21,5.803551695176008,-2.0719062438600626,Model 0 Baseline
GREENPLY,Diversified / Other,2024-11-04,2024-11-04,352.5089941707677,351.6299193723369,333.2133023452107,334.04842340372,-5.473815461346641,0,STOP_LOSS_INTRADAY,0.0,-5.810657797423122,Model 0 Baseline
ALKEM,Healthcare,2024-10-25,2024-11-05,5858.540096000178,5843.9302703243675,5537.854422416129,5551.733756808148,-5.473815461346627,7,STOP_LOSS_INTRADAY,2.1231906230872037,-5.6713647967098355,Model 0 Baseline
NBIFIN,Finance,2024-10-31,2024-11-07,2373.7106009521062,2367.791123144246,2243.7780630695656,2249.401566987033,-5.473815461346638,5,STOP_LOSS_INTRADAY,4.043655982616178,-5.0292244474213055,Model 0 Baseline
ABBOTINDIA,Healthcare,2024-09-23,2024-11-08,27403.133101925792,27334.796111646676,27218.3448244489,27286.561227517694,-0.6743326640409054,33,DAILY_CLOSE_BELOW_EMA21,5.094999997135787,-3.3163436285182293,Model 0 Baseline
SYMPHONY,Consumer Durables,2024-11-01,2024-11-08,1528.7781078534026,1524.9656936193544,1536.0167690301316,1539.8664351179264,0.4734932518685137,5,DAILY_CLOSE_BELOW_EMA21,5.534171335913566,-3.0032999168173657,Model 0 Baseline
HSCL,Chemicals,2024-11-06,2024-11-08,592.926742862661,591.4481225562703,560.4710271373856,561.8757164284567,-5.473815461346637,2,STOP_LOSS_INTRADAY,0.7925813566066158,-7.234404950639875,Model 0 Baseline
GILLETTE,FMCG,2024-10-24,2024-11-13,8149.129828002038,8128.807808480837,9029.166606390396,9051.796096631975,10.79915030147606,14,DAILY_CLOSE_BELOW_EMA21,24.897962147984146,-4.972767307570121,Model 0 Baseline
MAHSCOOTER,Automobile & Ancillaries,2024-11-01,2024-11-13,10533.011695867026,10506.74483378257,10579.415632823368,10605.930458970794,0.44055715778374843,8,DAILY_CLOSE_BELOW_EMA21,5.08552432586729,-4.654625093248538,Model 0 Baseline
ANANTRAJ,Real Estate,2024-10-29,2024-11-14,701.7059038292062,699.9560137947195,670.6041133614787,672.2848254250413,-4.432311356938177,12,DAILY_CLOSE_BELOW_EMA21,11.07628319831975,-4.9718674844568715,Model 0 Baseline
VLSFINANCE,Finance,2024-10-29,2024-11-14,383.2500041125582,382.29426844145456,376.48386757255406,377.42743616296144,-1.7654628747288852,12,DAILY_CLOSE_BELOW_EMA21,11.379582061472892,-2.052479610745075,Model 0 Baseline
SUNPHARMA,Healthcare,2024-11-07,2024-11-18,1815.9140778199198,1811.3856137854564,1716.514292263443,1720.8163330961834,-5.473815461346633,6,STOP_LOSS_INTRADAY,0.0,-5.517622247549333,Model 0 Baseline
DPABHUSHAN,Diamond  &  Jewellery,2024-11-18,2024-11-18,1655.0272744750976,1650.9000244140625,1564.434135635376,1568.3550231933593,-5.473815461346631,0,STOP_LOSS_INTRADAY,0.0,-6.59943495251059,Model 0 Baseline
HEXATRADEX,Trading,2024-11-18,2024-11-18,287.7175,287.0,271.968375,272.65,-5.473815461346631,0,STOP_LOSS_INTRADAY,0.03484533223540941,-7.613242544778963,Model 0 Baseline
VISHNU,Chemicals,2024-11-18,2024-11-19,437.1055210928775,436.01548238691026,413.17917149689583,414.21470826756473,-5.473815461346625,1,STOP_LOSS_INTRADAY,0.7789194654932632,-7.857960441865902,Model 0 Baseline
HCLTECH,Software & IT Services,2024-11-05,2024-11-21,1647.4878319394584,1643.3793834807566,1700.4308131130315,1704.692544474217,3.213558251974917,10,DAILY_CLOSE_BELOW_EMA21,7.235740534379477,-0.42396834369700315,Model 0 Baseline
ASALCBR,Alcohol,2024-11-18,2024-11-21,852.9526616566884,850.8255976625321,902.0689632083129,904.3297876775066,5.758385401626623,2,DAILY_CLOSE_BELOW_EMA21,10.869948250678627,-2.076606051370793,Model 0 Baseline
PCJEWELLER,Diamond  &  Jewellery,2024-11-18,2024-11-21,14.6365003824234,14.600000381469727,13.83532536149025,13.87000036239624,-5.47381546134662,2,STOP_LOSS_INTRADAY,2.7397233430072485,-6.164387319789852,Model 0 Baseline
STAR,Healthcare,2024-11-22,2024-11-25,1492.9870250006165,1489.2638653372735,1411.2636703902338,1414.8006720704097,-5.473815461346628,1,STOP_LOSS_INTRADAY,2.461743180306056,-7.248836727340409,Model 0 Baseline
ARVINDFASN,Retailing,2024-11-18,2024-11-26,548.7589288663877,547.3904527345513,574.1654445165368,575.604455655676,4.62981362374062,5,DAILY_CLOSE_BELOW_EMA21,5.82575914918595,-0.7168806183359813,Model 0 Baseline
SARDAEN,Metals & Mining,2024-11-22,2024-11-26,412.41365585327145,411.38519287109375,441.4804244028279,442.58689163190763,7.047964619265137,2,DAILY_CLOSE_BELOW_EMA21,7.4879259268631415,-1.1714990588202006,Model 0 Baseline
ADSL,Software & IT Services,2024-11-18,2024-12-02,250.9732069903723,250.3473386437629,257.60640229114574,258.2520323720759,2.642989417204168,9,DAILY_CLOSE_BELOW_EMA21,6.099233325598121,-4.667579540665847,Model 0 Baseline
MAHASTEEL,Metals & Mining,2024-12-09,2024-12-09,211.52749999999997,211.0,199.948875,200.45,-5.4738154613466286,0,STOP_LOSS_INTRADAY,2.7962056381442535,-5.213270142180095,Model 0 Baseline
DEEPAKFERT,Chemicals,2024-10-24,2024-12-13,1070.091585223656,1067.4230276545197,1298.0384620337836,1301.2916912619385,21.301623146815533,34,DAILY_CLOSE_BELOW_EMA21,33.32409688356256,-2.0648484844551467,Model 0 Baseline
INDIACEM,Construction Materials,2024-10-29,2024-12-13,358.39374999999995,357.5,338.7759375,339.625,-5.473815461346622,31,STOP_LOSS_INTRADAY,4.475524475524476,-5.314685314685315,Model 0 Baseline
UNICHEMLAB,Healthcare,2024-12-10,2024-12-13,798.2406249999999,796.25,754.54640625,756.4375,-5.473815461346621,3,STOP_LOSS_INTRADAY,2.455257493622449,-8.182106676805336,Model 0 Baseline
MAHASTEEL,Metals & Mining,2024-12-16,2024-12-17,215.5375,215.0,203.49996952056887,204.00999450683594,-5.584889162874732,1,STOP_LOSS_GAP_DOWN,0.0,-5.111630461936773,Model 0 Baseline
UNICHEMLAB,Healthcare,2024-12-16,2024-12-17,786.9625,785.0,805.9301371765138,807.9500122070312,2.4102339281114147,1,DAILY_CLOSE_BELOW_EMA21,6.547773810708598,-0.5286655304538216,Model 0 Baseline
JSWSTEEL,Metals & Mining,2024-11-18,2024-12-18,929.531065303499,927.2130327216947,956.5474709059199,958.9448329883909,2.9064553742052595,21,DAILY_CLOSE_BELOW_EMA21,9.459381115301928,-0.01603800661610915,Model 0 Baseline
IPCALAB,Healthcare,2024-12-06,2024-12-19,1496.969542330751,1493.236451202744,1475.059767218625,1478.7566588657894,-1.463608610099904,9,DAILY_CLOSE_BELOW_EMA21,6.314549867398821,-0.03332222592468753,Model 0 Baseline
MCX,Finance,2024-11-21,2024-12-23,1226.3862237872497,1223.3279040271818,1271.952073324326,1275.1399231321564,3.7154567340427733,22,DAILY_CLOSE_BELOW_EMA21,14.798042764368546,-2.177532808085881,Model 0 Baseline
SKIPPER,Capital Goods,2024-12-30,2024-12-30,562.2487211802388,560.8466046685675,531.4722637490512,532.8042744351391,-5.473815461346631,0,STOP_LOSS_INTRADAY,0.0,-5.339158847540519,Model 0 Baseline
KITEX,Textiles,2025-01-02,2025-01-06,234.95697539198358,234.3710477725522,222.0958641454648,222.6524953839246,-5.4738154613466286,2,STOP_LOSS_INTRADAY,4.822693699833723,-6.2340373294283005,Model 0 Baseline
PANACHE,Software & IT Services,2024-11-06,2025-01-07,174.8359938812256,174.39999389648438,272.0182621765137,272.70001220703125,55.58481759843379,41,DAILY_CLOSE_BELOW_EMA21,80.0458778607387,-1.3704125420251039,Model 0 Baseline
DIVISLAB,Healthcare,2024-12-27,2025-01-07,5863.759768302919,5849.136925987949,5844.40306156495,5859.050688285663,-0.33010743111618346,7,DAILY_CLOSE_BELOW_EMA21,5.913548058264928,-1.0000070326631634,Model 0 Baseline
EPL,Diversified / Other,2025-01-08,2025-01-09,260.2136179801144,259.564706214578,245.97000472658948,246.5864709038491,-5.473815461346619,1,STOP_LOSS_INTRADAY,0.41384731152523,-7.768995969383474,Model 0 Baseline
SUMMITSEC,Finance,2025-01-08,2025-01-09,2967.3999999999996,2960.0,2804.9700000000003,2812.0,-5.473815461346613,1,STOP_LOSS_INTRADAY,0.3733124604096284,-5.574324324324325,Model 0 Baseline
NAVKARCORP,Logistics,2025-01-08,2025-01-10,151.3775,151.0,143.091375,143.45,-5.473815461346632,2,STOP_LOSS_INTRADAY,0.9403961383743791,-9.801326524342922,Model 0 Baseline
TTL,Finance,2025-01-09,2025-01-13,14.52121461387192,14.485002108600419,13.610776170309068,13.644888391287285,-6.269712746295491,2,STOP_LOSS_GAP_DOWN,3.7658076825832247,-5.799886745023802,Model 0 Baseline
EMKAY,Diversified / Other,2025-01-06,2025-01-13,306.43902229309083,305.6748352050781,289.66511571121214,290.3910934448242,-5.473815461346643,5,STOP_LOSS_INTRADAY,1.7577501141848872,-9.252149959171767,Model 0 Baseline
EPL,Diversified / Other,2025-01-13,2025-01-13,240.291319663557,239.69208943995713,227.13821625553936,227.70748496795926,-5.473815461346632,0,STOP_LOSS_INTRADAY,0.3666771914701717,-7.700140204308012,Model 0 Baseline
COROMANDEL,Chemicals,2024-10-10,2025-01-14,1599.392915649945,1595.4044046383492,1776.2351083753947,1780.6868254389922,11.056832314002486,65,DAILY_CLOSE_BELOW_EMA21,22.508523533084386,-3.3756555730910964,Model 0 Baseline
INDRAMEDCO,Healthcare,2025-01-15,2025-01-15,475.05762380046576,473.87294144684864,449.05384613856995,450.1792943745062,-5.473815461346632,0,STOP_LOSS_INTRADAY,0.6480623108521145,-6.355177905005769,Model 0 Baseline
PGEL,Consumer Durables,2025-01-15,2025-01-17,859.7660132464642,857.6219583505878,902.0406471064713,904.3014006079912,4.916992903729542,2,DAILY_CLOSE_BELOW_EMA21,6.515155551756506,-4.038464383923373,Model 0 Baseline
PERSISTENT,Software & IT Services,2025-01-16,2025-01-20,6090.597471258865,6075.408948886648,5757.209405188711,5771.638501442316,-5.473815461346625,2,STOP_LOSS_INTRADAY,0.9715330580643108,-5.120888867903729,Model 0 Baseline
BIL,Textiles,2025-01-16,2025-01-21,798.4912499999999,796.5,754.7833125,756.675,-5.4738154613466286,3,STOP_LOSS_INTRADAY,2.9001852587492154,-6.1770260146931895,Model 0 Baseline
DIXON,Consumer Durables,2025-01-16,2025-01-21,17334.532917493154,17291.30465585352,16385.672574503194,16426.739423060844,-5.473815461346619,3,STOP_LOSS_INTRADAY,2.2481129087264016,-13.127923403807474,Model 0 Baseline
INDHOTEL,Hospitality,2025-01-16,2025-01-21,814.8612072980475,812.8291344618927,770.2572085444511,772.1876777387981,-5.4738154613466286,3,STOP_LOSS_INTRADAY,1.9661794356377726,-7.296818434348477,Model 0 Baseline
ZENTEC,Miscellaneous,2025-01-17,2025-01-21,2251.3216575556835,2245.707389082976,2128.088464579755,2133.422019628827,-5.473815461346638,2,STOP_LOSS_INTRADAY,1.773295035952735,-6.115420857461253,Model 0 Baseline
VIMTALABS,Healthcare,2025-01-21,2025-01-22,430.11051684622436,429.0379220411216,435.7510119246923,436.8431197240023,1.3114059892854406,1,DAILY_CLOSE_BELOW_EMA21,6.454230846701183,-1.9698725376593365,Model 0 Baseline
WOCKPHARMA,Healthcare,2025-01-15,2025-01-22,1370.4175,1367.0,1295.4033749999999,1298.6499999999999,-5.4738154613466445,5,STOP_LOSS_INTRADAY,4.6086320409656185,-9.58302852962692,Model 0 Baseline
FORTIS,Healthcare,2025-01-17,2025-01-22,664.969318230502,663.3110406289297,628.5701248759896,630.1454885974832,-5.473815461346628,3,STOP_LOSS_INTRADAY,0.0,-6.182304705180003,Model 0 Baseline
AJMERA,Real Estate,2025-01-20,2025-01-22,201.49173592016746,200.98926276325932,190.46245012603362,190.93979962509636,-5.473815461346627,2,STOP_LOSS_INTRADAY,2.3019757365352844,-8.311873614059953,Model 0 Baseline
DGCONTENT,Miscellaneous,2025-01-24,2025-01-24,56.64125,56.5,53.5408125,53.675,-5.47381546134663,0,STOP_LOSS_INTRADAY,0.0,-9.008849827589186,Model 0 Baseline
RGL,Diamond  &  Jewellery,2025-01-08,2025-01-27,171.4776280593872,171.0500030517578,174.36300304412842,174.8000030517578,1.6826538933358337,13,DAILY_CLOSE_BELOW_EMA21,21.251090439166763,-3.829291397192115,Model 0 Baseline
FSL,Software & IT Services,2025-01-24,2025-01-27,345.8240069527288,344.96160294536537,346.802562823896,347.67174217934433,0.282963545472123,1,DAILY_CLOSE_BELOW_EMA21,8.052753282416461,-2.595398473179177,Model 0 Baseline
AMBER,Consumer Durables,2025-01-24,2025-01-27,7218.0,7200.0,6822.900000000001,6840.0,-5.473815461346626,1,STOP_LOSS_INTRADAY,0.6666666666666667,-8.817362467447918,Model 0 Baseline
COROMANDEL,Chemicals,2025-01-24,2025-01-27,1831.6987545089107,1827.1309271909336,1731.4349448793084,1735.774380831387,-5.473815461346624,1,STOP_LOSS_INTRADAY,1.1492698756084339,-7.701469942019583,Model 0 Baseline
PGIL,Textiles,2025-01-24,2025-01-27,1330.746968691994,1327.4283976977497,1257.90433536833,1261.0569778128622,-5.473815461346625,1,STOP_LOSS_INTRADAY,0.0,-10.716928007620439,Model 0 Baseline
COFORGE,Software & IT Services,2025-01-24,2025-01-28,1795.3420662130902,1790.8649039532072,1697.0683546086582,1701.3216587555469,-5.473815461346622,2,STOP_LOSS_INTRADAY,3.626373626373621,-7.270880491851668,Model 0 Baseline
DIXON,Consumer Durables,2025-01-27,2025-01-28,15281.324123774843,15243.216083565929,14444.852641189163,14481.055279387632,-5.473815461346625,1,STOP_LOSS_INTRADAY,2.504918032786884,-5.49868283988486,Model 0 Baseline
SALZERELEC,Electricals,2025-01-31,2025-01-31,1256.7491520166861,1253.6151142311085,1187.957022623254,1190.934358519553,-5.473815461346636,0,STOP_LOSS_INTRADAY,0.30618297393562766,-6.397865067862149,Model 0 Baseline
VIMTALABS,Healthcare,2025-01-30,2025-02-01,423.6314510691066,422.57501353526845,433.91616696098293,435.00367615136133,2.427750788077956,2,DAILY_CLOSE_BELOW_EMA21,5.858820874088537,-2.929414636948536,Model 0 Baseline
INDHOTEL,Hospitality,2025-01-24,2025-02-01,771.2746279043215,769.3512497798719,729.0564780726511,730.8836872908782,-5.473815461346627,6,STOP_LOSS_INTRADAY,3.9287761306002116,-6.657635803420801,Model 0 Baseline
SIYSIL,Textiles,2025-02-03,2025-02-04,764.5613638544243,762.6547270368322,722.7106857082781,724.5219906849906,-5.473815461346632,1,STOP_LOSS_INTRADAY,0.5900671894032472,-9.111093950578825,Model 0 Baseline
BANARISUG,Diversified / Other,2025-01-30,2025-02-07,3558.0438777559543,3549.1709503800043,3509.47832544196,3518.27401046813,-1.364950910741004,7,DAILY_CLOSE_BELOW_EMA21,6.149958971381465,-3.8739094602934427,Model 0 Baseline
REPL,Infrastructure,2025-02-10,2025-02-10,285.7125,285.0,270.073125,270.75,-5.473815461346624,0,STOP_LOSS_INTRADAY,1.017541718064693,-6.719296104029605,Model 0 Baseline
ASTERDM,Healthcare,2025-01-31,2025-02-11,478.0650569697308,476.87287478277386,451.8966579660261,453.02923104363515,-5.473815461346625,8,STOP_LOSS_INTRADAY,2.635119427151821,-10.142561813838883,Model 0 Baseline
TERASOFT,Software & IT Services,2025-01-13,2025-02-12,185.17848178863525,184.71669006347656,229.03736068725587,229.61138916015625,23.684651950371656,23,DAILY_CLOSE_BELOW_EMA21,44.90953922915465,-1.7715359910466453,Model 0 Baseline
KIRIINDUS,Diversified / Other,2025-01-29,2025-02-12,538.3425,537.0,563.5875,565.0,4.689393833851128,11,DAILY_CLOSE_BELOW_EMA21,26.17318208435172,0.0,Model 0 Baseline
GOLDIAM,Diamond  &  Jewellery,2025-02-13,2025-02-13,315.7346543835986,314.94728616817815,298.45192205511984,299.19992185976923,-5.473815461346623,0,STOP_LOSS_INTRADAY,0.494121476715691,-5.8588196997549025,Model 0 Baseline
AMBER,Consumer Durables,2025-02-14,2025-02-14,6155.349999999999,6140.0,5818.4175000000005,5833.0,-5.473815461346617,0,STOP_LOSS_INTRADAY,1.1767100977198697,-6.150649875305374,Model 0 Baseline
LAURUSLABS,Healthcare,2025-01-30,2025-02-17,565.5611320732385,564.1507551852753,540.9148324197654,542.2705086914941,-4.357848914249902,13,DAILY_CLOSE_BELOW_EMA21,14.179691407255302,-6.078287069124591,Model 0 Baseline
ZOTA,Healthcare,2025-02-20,2025-02-21,860.5517078969294,858.4056936627726,889.1045740277776,891.3329062935113,3.3179721646974003,1,DAILY_CLOSE_BELOW_EMA21,5.937136204889408,-0.325958998017312,Model 0 Baseline
PGIL,Textiles,2025-02-13,2025-02-25,1367.4266103412679,1364.0165689189705,1377.182510332625,1380.6340955715539,0.7134496226398876,8,DAILY_CLOSE_BELOW_EMA21,7.006004859217367,-3.116188224762731,Model 0 Baseline
IVZINGOLD,ETF,2024-11-14,2025-04-08,6657.6025,6641.0,7731.2235974121095,7750.60009765625,16.12624210310107,98,DAILY_CLOSE_BELOW_EMA21,23.144104803493452,-2.7254931486221956,Model 0 Baseline
AXISCADES,Aviation,2025-04-15,2025-04-24,810.7217622375488,808.7000122070312,816.5036128234864,818.5499877929688,0.7131732309713762,6,DAILY_CLOSE_BELOW_EMA21,10.671446332422649,-0.9521469136641992,Model 0 Baseline
SRF,Diversified,2025-04-09,2025-05-07,2753.50591898726,2746.6393206855464,2894.0525140812106,2901.305778527529,5.104277936168144,16,DAILY_CLOSE_BELOW_EMA21,11.753083826416761,-2.012281894751594,Model 0 Baseline
NORBTEAEXP,Agri,2025-05-02,2025-05-08,40.0498757648468,39.95000076293945,37.49602515220642,37.59000015258789,-6.37667549241685,4,STOP_LOSS_GAP_DOWN,0.12515453343102267,-5.9073856452610425,Model 0 Baseline
RAMANEWS,Paper,2025-05-09,2025-05-12,31.077499999999997,31.0,35.55089939117432,35.63999938964844,14.394334779742007,1,DAILY_CLOSE_BELOW_EMA21,9.58064909904234,-0.8387104157478578,Model 0 Baseline
PANACEABIO,Healthcare,2025-06-06,2025-06-06,472.47823776245116,471.29998779296875,446.615650932312,447.7349884033203,-5.473815461346632,0,STOP_LOSS_INTRADAY,0.8275036102431836,-6.089535844006932,Model 0 Baseline
CHOLAFIN,Finance,2025-06-09,2025-06-19,1621.4694933547537,1617.4259285334201,1532.7132455264823,1536.554632106749,-5.473815461346632,8,STOP_LOSS_INTRADAY,2.4691295720471027,-5.2283939727651285,Model 0 Baseline
HCG,Healthcare,2025-05-29,2025-06-20,553.2797744750976,551.9000244140625,522.994260635376,524.3050231933594,-5.47381546134662,16,STOP_LOSS_INTRADAY,1.6307301326096262,-5.2183452716279985,Model 0 Baseline
ADANIPORTS,Infrastructure,2025-06-23,2025-06-25,1338.7105549964222,1335.3721246847103,1390.3411305608117,1393.8256947978061,3.8567392609022617,2,DAILY_CLOSE_BELOW_EMA21,5.794179651543321,-0.3952310833799418,Model 0 Baseline
CUPID,Miscellaneous,2025-06-23,2025-06-25,18.2455007648468,18.200000762939453,19.45125,19.5,6.608474333991933,2,DAILY_CLOSE_BELOW_EMA21,7.1977989616897515,-0.12088607449013535,Model 0 Baseline
BANARISUG,Diversified / Other,2025-06-09,2025-07-10,3986.487964495085,3976.5465980000854,3768.274969929831,3777.719268100081,-5.47381546134662,23,STOP_LOSS_INTRADAY,4.614263799287922,-6.05794452470992,Model 0 Baseline
BSE,Unclassified,2025-07-10,2025-07-11,2534.2600135868765,2527.940163178929,2395.539297132433,2401.543155019983,-5.47381546134662,1,STOP_LOSS_INTRADAY,0.44582199369238185,-6.679552839192092,Model 0 Baseline
AXISBANK,Banks,2025-07-07,2025-07-18,1179.6342628674286,1176.6925315385822,1086.4370990518426,1089.1599990494663,-7.9005134683901455,9,STOP_LOSS_GAP_DOWN,0.2038039837190145,-7.438861906828198,Model 0 Baseline
KITEX,Textiles,2025-07-24,2025-07-28,268.80077725315704,268.1304511253437,254.08711874765385,254.72392856907652,-5.473815461346617,2,STOP_LOSS_INTRADAY,0.0,-7.904032862763577,Model 0 Baseline
CANBK,Banks,2025-07-25,2025-07-30,110.49951573320338,110.2239558435944,104.45097615628613,104.71275805141467,-5.47381546134664,3,STOP_LOSS_INTRADAY,1.6160164482937407,-5.058841966821843,Model 0 Baseline
CAMLINFINE,Chemicals,2025-08-01,2025-08-01,281.50198776245117,280.79998779296875,266.093088432312,266.7599884033203,-5.473815461346629,0,STOP_LOSS_INTRADAY,0.0,-8.475779497012038,Model 0 Baseline
LUMAXTECH,Automobile & Ancillaries,2025-07-29,2025-08-04,1033.2791716907147,1030.7024156515859,1068.696529407036,1071.3749668240962,3.4276658899810393,4,DAILY_CLOSE_BELOW_EMA21,9.143405632180986,-0.6159792506316228,Model 0 Baseline
AXISCADES,Aviation,2025-07-31,2025-08-11,1318.2875,1315.0,1265.8275,1269.0,-3.979405099418739,7,DAILY_CLOSE_BELOW_EMA21,6.228138738711977,-3.2319391634980987,Model 0 Baseline
JMFINANCIL,Finance,2025-08-05,2025-08-12,154.48053096535176,154.09529273351797,161.9014535688956,162.30722162295297,4.803791492151369,5,DAILY_CLOSE_BELOW_EMA21,5.569631834233913,-3.8037992846704913,Model 0 Baseline
FMGOETZE,Diversified / Other,2025-08-12,2025-08-12,544.3575,543.0,514.560375,515.85,-5.473815461346622,0,STOP_LOSS_INTRADAY,0.009205855058701657,-8.766115304514848,Model 0 Baseline
PRIVISCL,Chemicals,2025-08-06,2025-08-13,2309.1936154868545,2303.435027917062,2436.0403304286997,2442.145694665363,5.493117341531439,5,DAILY_CLOSE_BELOW_EMA21,10.394388294969136,-1.861552526859288,Model 0 Baseline
LUMAXTECH,Automobile & Ancillaries,2025-08-12,2025-08-14,1055.2107604148243,1052.5793121344882,997.4504706614443,999.9503465277637,-5.473815461346629,2,STOP_LOSS_INTRADAY,0.6060629179983473,-5.312498081219459,Model 0 Baseline
MAHASTEEL,Metals & Mining,2025-08-14,2025-08-18,335.33625,334.5,343.93798782348637,344.79998779296875,2.5651082528317057,1,DAILY_CLOSE_BELOW_EMA21,5.5306427503736915,-2.167414050822123,Model 0 Baseline
SCHNEIDER,Capital Goods,2025-08-14,2025-08-18,885.4080122375487,883.2000122070312,836.9424115676879,839.0400115966796,-5.47381546134663,1,STOP_LOSS_INTRADAY,1.2228246879187226,-6.023552023520649,Model 0 Baseline
AXISCADES,Aviation,2025-08-14,2025-08-19,1227.06,1224.0,1147.125,1150.0,-6.514351376460804,2,STOP_LOSS_GAP_DOWN,2.9820261437908497,-6.045751633986928,Model 0 Baseline
MUTHOOTFIN,Finance,2025-08-18,2025-08-20,2783.464581001586,2776.5232728195374,2631.102866405614,2637.6971091785604,-5.473815461346629,2,STOP_LOSS_INTRADAY,0.24999999999998718,-5.110722669812598,Model 0 Baseline
MCX,Finance,2025-07-30,2025-08-22,1575.5267003800402,1571.5977061147535,1581.6359756469728,1585.5999755859375,0.38776082090255787,16,DAILY_CLOSE_BELOW_EMA21,7.400260120436762,-4.481485803450783,Model 0 Baseline
COROMANDEL,Chemicals,2025-08-18,2025-08-26,2367.1871057881344,2361.2838960480144,2372.1563325851507,2378.1015865515296,0.2099211669777083,6,DAILY_CLOSE_BELOW_EMA21,5.356330261340244,-0.45934411797405655,Model 0 Baseline
BEL,Aviation,2025-08-14,2025-08-26,386.6464787514718,385.6822730687998,365.48216401682146,366.3981594153598,-5.473815461346626,7,STOP_LOSS_INTRADAY,0.4898822058165066,-6.084835056643608,Model 0 Baseline
NACLIND,Diversified / Other,2025-08-21,2025-08-28,271.0258811187744,270.3500061035156,255.26024391174317,255.89999389648438,-5.817022766221392,4,STOP_LOSS_GAP_DOWN,4.993526796826082,-5.344927642242558,Model 0 Baseline
ABCAPITAL,Finance,2025-08-01,2025-09-03,257.14125,256.5,274.1628810882568,274.8500061035156,6.619564573267342,21,DAILY_CLOSE_BELOW_EMA21,13.996098984984162,-2.514618693271808,Model 0 Baseline
RALLIS,Fertilisers & Pesticides,2025-09-01,2025-09-04,344.3575500885084,343.4988030808064,362.43616938751484,363.34453071430056,5.249955836414737,3,DAILY_CLOSE_BELOW_EMA21,5.058925551871683,-1.0491503192064986,Model 0 Baseline
GINNIFILA,Textiles,2025-09-08,2025-09-08,47.969623470306395,47.849998474121094,45.343854804039005,45.45749855041504,-5.473815461346624,0,STOP_LOSS_INTRADAY,0.271684581527298,-6.499471044573364,Model 0 Baseline
ERIS,Healthcare,2025-08-18,2025-09-12,1748.1020183937658,1743.7426617394174,1652.4141398308154,1656.5555286524464,-5.473815461346623,18,STOP_LOSS_INTRADAY,3.816098645013244,-5.766929218898138,Model 0 Baseline
NACLIND,Diversified / Other,2025-09-15,2025-09-15,254.53474388122558,253.89999389648438,240.60198171615602,241.20499420166016,-5.473815461346626,0,STOP_LOSS_INTRADAY,0.0,-5.533670000282459,Model 0 Baseline
GLENMARK,Healthcare,2025-08-22,2025-09-18,1940.9913589822804,1936.1509815284594,2042.1659114431395,2047.2841217475082,5.2125194680880975,18,DAILY_CLOSE_BELOW_EMA21,11.128842798609682,-1.901177772718347,Model 0 Baseline
FMGOETZE,Diversified / Other,2025-08-18,2025-09-19,530.2222744750976,528.9000244140625,552.615,554.0,4.223271371816746,23,DAILY_CLOSE_BELOW_EMA21,9.169974997397725,-2.4390288936654305,Model 0 Baseline
FORCEMOT,Automobile & Ancillaries,2025-09-10,2025-09-22,18335.725,18290.0,18542.5275,18589.0,1.127866501051917,8,DAILY_CLOSE_BELOW_EMA21,9.404045926735922,-2.405686167304538,Model 0 Baseline
KRBL,Consumer Goods,2025-09-18,2025-09-22,409.8721311187744,408.8500061035156,387.43648703384395,388.4075057983398,-5.473815461346643,2,STOP_LOSS_INTRADAY,0.0,-5.099671222271345,Model 0 Baseline
INFOBEAN,Software & IT Services,2025-09-24,2025-09-25,133.96657144510786,133.63249021955897,126.63348854430957,126.95086570858102,-5.473815461346626,1,STOP_LOSS_INTRADAY,0.6044262462743998,-6.537104269254825,Model 0 Baseline
SUDARSCHEM,Chemicals,2025-09-16,2025-09-26,1395.0831996487063,1391.604189175767,1410.1506985638596,1413.684910840962,1.080043033917071,8,DAILY_CLOSE_BELOW_EMA21,14.678523949408104,-1.433562223516747,Model 0 Baseline
JKCEMENT,Construction Materials,2025-09-17,2025-09-26,6681.85512362287,6665.192143264709,6316.10270476122,6331.932536101473,-5.473815461346632,7,STOP_LOSS_INTRADAY,4.6337797178713425,-5.941701051635714,Model 0 Baseline
HUBTOWN,Real Estate,2025-09-22,2025-09-26,326.11323776245115,325.29998779296875,308.262400932312,309.0349884033203,-5.4738154613466286,4,STOP_LOSS_INTRADAY,1.6600137155551469,-15.001533853123478,Model 0 Baseline
DATAMATICS,Software & IT Services,2025-09-25,2025-09-26,902.6510244750976,900.4000244140625,853.2415731353759,855.3800231933593,-5.473815461346638,1,STOP_LOSS_INTRADAY,2.1545938308398895,-5.597514776486199,Model 0 Baseline
THANGAMAYL,Diamond  &  Jewellery,2025-09-26,2025-09-29,2059.4895383526455,2054.3536542171028,1946.7568815774819,1951.6359715062474,-5.473815461346638,1,STOP_LOSS_INTRADAY,0.18930720318159816,-5.441487193896431,Model 0 Baseline
BIL,Textiles,2025-10-06,2025-10-07,847.1125,845.0,800.7431250000001,802.75,-5.473815461346619,1,STOP_LOSS_INTRADAY,0.0,-6.7455621301775155,Model 0 Baseline
HCG,Healthcare,2025-10-01,2025-10-08,641.9508505249023,640.3499755859375,655.7066006469727,657.3499755859375,2.142804252198239,4,DAILY_CLOSE_BELOW_EMA21,7.667687747807891,-1.5226048835370825,Model 0 Baseline
SARDAEN,Metals & Mining,2025-10-03,2025-10-08,552.1638572240188,550.7868899990212,569.4327236830992,570.8598733665154,3.1274894640694035,3,DAILY_CLOSE_BELOW_EMA21,6.330262316749194,-0.5245115366265117,Model 0 Baseline
MFSL,Finance,2025-09-19,2025-10-09,1562.7972744750975,1558.9000244140625,1564.0800000000002,1568.0,0.08207881763381308,13,DAILY_CLOSE_BELOW_EMA21,5.709153801152326,-1.5267206655584362,Model 0 Baseline
CCL,Agri,2025-10-03,2025-10-09,861.8272251361685,859.678030061016,814.6523932365703,816.6941285579652,-5.473815461346626,4,STOP_LOSS_INTRADAY,1.0846839426841628,-5.394435784173767,Model 0 Baseline
TERASOFT,Software & IT Services,2025-08-13,2025-10-14,294.2452838897705,293.5115051269531,428.675625,429.75,45.68648962971637,41,DAILY_CLOSE_BELOW_EMA21,68.22168513852202,-3.6879691939646215,Model 0 Baseline
ENDURANCE,Automobile & Ancillaries,2025-09-29,2025-10-14,2735.585437183523,2728.763528362617,2839.561191527584,2846.677886243192,3.800859330904734,10,DAILY_CLOSE_BELOW_EMA21,9.890518407491152,-2.1934316745379454,Model 0 Baseline
APOLLO,Aviation,2025-10-23,2025-10-23,302.9555122375488,302.20001220703125,286.372286567688,287.0900115966797,-5.473815461346633,0,STOP_LOSS_INTRADAY,0.2647212973706613,-5.311058127804219,Model 0 Baseline
HDFCAMC,Finance,2025-10-03,2025-10-24,2739.0707974887796,2732.240196996289,2741.271983728623,2748.142339577567,0.0803625171668296,14,DAILY_CLOSE_BELOW_EMA21,6.276862419240735,-2.7489303755692847,Model 0 Baseline
BOSCHLTD,Automobile & Ancillaries,2025-10-16,2025-11-03,38324.005494291254,38228.43440827058,36226.22015613741,36317.01268785705,-5.473815461346624,11,STOP_LOSS_INTRADAY,2.7027046021761323,-5.093558334948279,Model 0 Baseline
PGHL,Healthcare,2025-10-13,2025-11-06,6074.02758710216,6058.880386136819,5741.546525912903,5755.9363668299775,-5.4738154613466214,16,STOP_LOSS_INTRADAY,2.691881728547176,-6.409222128547448,Model 0 Baseline
APOLLO,Aviation,2025-10-30,2025-11-06,287.3165061187744,286.6000061035156,271.589330783844,272.2700057983398,-5.473815461346625,4,STOP_LOSS_INTRADAY,1.7969273505961736,-7.711097569039631,Model 0 Baseline
TFCILTD,Finance,2025-11-04,2025-11-07,69.7599861769354,69.5860211241251,65.94145326774905,66.10672006791884,-5.473815461346606,2,STOP_LOSS_INTRADAY,0.5289531990341891,-5.217999734108716,Model 0 Baseline
GOODLUCK,Metals & Mining,2025-11-10,2025-11-10,394.91142145302723,393.9266049406756,373.2946990069077,374.2302746936418,-5.473815461346622,0,STOP_LOSS_INTRADAY,0.9875902650701774,-6.811849661242507,Model 0 Baseline
TFCILTD,Finance,2025-11-11,2025-11-19,68.81257040579105,68.64096798582649,65.04589728756882,65.20891958653516,-5.473815461346635,6,STOP_LOSS_INTRADAY,3.550720214843748,-5.7246340909126365,Model 0 Baseline
PENIND,Metals & Mining,2025-11-14,2025-11-20,230.4246311187744,229.85000610351562,217.811612033844,218.35750579833984,-5.473815461346631,4,STOP_LOSS_INTRADAY,0.6961021545529079,-5.634114362911551,Model 0 Baseline
GABRIEL,Automobile & Ancillaries,2025-11-20,2025-11-20,1104.4808647463517,1101.7265483754131,1044.023620404251,1046.6402209566425,-5.473815461346624,0,STOP_LOSS_INTRADAY,0.4520795660036152,-5.334538878842667,Model 0 Baseline
VASWANI,Metals & Mining,2025-11-21,2025-11-24,60.15,60.0,56.8575,57.0,-5.4738154613466286,1,STOP_LOSS_INTRADAY,3.250001271565755,-5.333334604899089,Model 0 Baseline
ZYDUSWELL,FMCG,2025-11-10,2025-11-28,452.6267929177215,451.49804779822597,427.8508375447939,428.92314540831467,-5.4738154613466286,14,STOP_LOSS_INTRADAY,3.0061861298272246,-5.603449747140385,Model 0 Baseline
MCLEODRUSS,Diversified / Other,2025-11-24,2025-12-02,53.94452637672424,53.810001373291016,50.97224847793579,51.099998474121094,-5.509878570499257,6,STOP_LOSS_GAP_DOWN,2.7689980036110953,-5.036243876617054,Model 0 Baseline
ADANIPOWER,Power,2025-11-26,2025-12-08,147.56799694061277,147.1999969482422,139.49039710807799,139.83999710083006,-5.473815461346632,8,STOP_LOSS_INTRADAY,2.336958228753095,-6.107330448883108,Model 0 Baseline
SALSTEEL,Metals & Mining,2025-12-08,2025-12-09,35.87947591781616,35.790000915527344,33.9154996175766,34.00050086975097,-5.473815461346621,1,STOP_LOSS_INTRADAY,2.263195132365409,-7.516072569417576,Model 0 Baseline
HEROMOTOCO,Automobile & Ancillaries,2025-11-11,2025-12-10,5209.283496787303,5196.292764875116,5812.472564221858,5827.040164633441,11.579117700285595,21,DAILY_CLOSE_BELOW_EMA21,18.8447614267833,-0.827829969305188,Model 0 Baseline
IFBAGRO,FMCG,2025-12-10,2025-12-15,1313.8764755249022,1310.5999755859375,1241.957301864624,1245.0699768066406,-5.4738154613466214,3,STOP_LOSS_INTRADAY,1.8541163803441272,-7.904774722708235,Model 0 Baseline
SALSTEEL,Metals & Mining,2025-12-12,2025-12-16,35.007298164367675,34.91999816894531,37.605750761032105,37.70000076293945,7.422602522662762,2,DAILY_CLOSE_BELOW_EMA21,6.128302739284873,-4.066432541248328,Model 0 Baseline
INDOTHAI,Finance,2025-12-15,2025-12-16,363.5065061187744,362.6000061035156,398.0025,399.0,9.489787197908964,1,DAILY_CLOSE_BELOW_EMA21,6.605069301244261,-0.01379434906368857,Model 0 Baseline
BSE,Unclassified,2025-12-12,2025-12-16,2715.0355425921216,2708.264880391144,2566.419507280658,2572.8516363715867,-5.473815461346623,2,STOP_LOSS_INTRADAY,1.0422055625655104,-5.317817638789131,Model 0 Baseline
EICHERMOT,Automobile & Ancillaries,2025-11-18,2025-12-17,6781.076873582698,6764.166457439101,7012.80312146305,7030.379069135889,3.4172485019760965,21,DAILY_CLOSE_BELOW_EMA21,7.220193581578413,-1.1850768105340204,Model 0 Baseline
SKMEGGPROD,Agri,2025-12-10,2025-12-19,210.52499999999998,210.0,205.85906250000002,206.375,-2.216334164588508,7,DAILY_CLOSE_BELOW_EMA21,6.428571428571428,-2.773808070591518,Model 0 Baseline
TVSSRICHAK,Automobile & Ancillaries,2025-12-22,2025-12-24,4261.6275,4251.0,4028.3538750000002,4038.45,-5.473815461346619,2,STOP_LOSS_INTRADAY,0.002354684927075982,-5.316396142084216,Model 0 Baseline
VARROC,Automobile & Ancillaries,2025-12-10,2025-12-26,641.2961144196557,639.6968722390582,606.1927485555375,607.7120286271053,-5.473815461346622,11,STOP_LOSS_INTRADAY,2.605312929681454,-6.521058991980534,Model 0 Baseline
HCG,Healthcare,2025-12-11,2025-12-26,706.9630122375488,705.2000122070312,668.2651615676881,669.9400115966797,-5.473815461346616,10,STOP_LOSS_INTRADAY,3.374927308705377,-5.870678346203483,Model 0 Baseline
NAM-INDIA,Finance,2025-12-05,2025-12-29,827.0056490719096,824.9432908447976,859.4884716630061,861.6425781082767,3.9277630845145564,15,DAILY_CLOSE_BELOW_EMA21,11.997119052401315,-4.4487147331923556,Model 0 Baseline
LUMAXIND,Automobile & Ancillaries,2026-01-01,2026-01-01,5251.925461129,5238.828390153616,4964.444753219321,4976.886970645935,-5.4738154613466214,0,STOP_LOSS_INTRADAY,1.1344299489506422,-5.4641709207789795,Model 0 Baseline
TFCILTD,Finance,2025-12-08,2026-01-05,64.63394940271478,64.47276748400476,50.607791718446336,50.73462828916926,-21.700913860107253,19,DAILY_CLOSE_BELOW_EMA21,9.782448007578614,-14.766233560809125,Model 0 Baseline
RADICO,Alcohol,2025-12-19,2026-01-05,3150.8839691727458,3143.026403164834,3084.4090023943018,3092.1393507712296,-2.1097243639821115,10,DAILY_CLOSE_BELOW_EMA21,7.9015857319542375,-2.0317470857604056,Model 0 Baseline
ORICONENT,Diversified,2025-12-11,2026-01-07,56.93197591781616,56.790000915527344,58.84252667427063,58.9900016784668,3.35584831837285,18,DAILY_CLOSE_BELOW_EMA21,8.998063968959018,-2.7997889187445986,Model 0 Baseline
TVSSRICHAK,Automobile & Ancillaries,2025-12-29,2026-01-08,4081.1775,4071.0,4269.39984741211,4280.10009765625,4.611961802987254,8,DAILY_CLOSE_BELOW_EMA21,9.744539310058954,-0.513384975282486,Model 0 Baseline
HINDPETRO,Oil & Gas,2025-12-08,2026-01-09,430.73834839977354,429.6641879299487,428.7797726547539,429.854408676445,-0.4547019675159853,23,DAILY_CLOSE_BELOW_EMA21,12.538743312599362,-2.102698527565261,Model 0 Baseline
RBLBANK,Banks,2025-12-08,2026-01-09,306.67279212856033,305.9080220733769,307.9290348457825,308.7007868128145,0.4096361821023676,23,DAILY_CLOSE_BELOW_EMA21,5.738496436092582,-4.14085875650675,Model 0 Baseline
UNIVCABLES,Electricals,2025-12-22,2026-01-09,868.6469821521891,866.480780201685,854.7237730380328,856.8659378827397,-1.602861622757231,13,DAILY_CLOSE_BELOW_EMA21,12.815496702435212,-2.3400273131270826,Model 0 Baseline
MARUTI,Automobile & Ancillaries,2025-11-11,2026-01-12,15523.199413094988,15484.488192613455,16251.643007897306,16292.373942754191,4.692612491905639,43,DAILY_CLOSE_BELOW_EMA21,11.0613784517029,-0.8184143222506405,Model 0 Baseline
LUMAXIND,Automobile & Ancillaries,2026-01-05,2026-01-12,5383.496634289699,5370.071455650573,5401.6019388872855,5415.13978835818,0.33631124578525273,5,DAILY_CLOSE_BELOW_EMA21,8.420178917273812,-0.5810159263159965,Model 0 Baseline
AXISBANK,Banks,2025-12-19,2026-01-14,1238.836253170937,1235.746885956047,1250.8978155531088,1254.0328977976028,0.9736203918232877,17,DAILY_CLOSE_BELOW_EMA21,5.490420174011314,-1.4312259544874073,Model 0 Baseline
KIRLOSENG,Capital Goods,2026-01-14,2026-01-20,1148.4204827417032,1145.5565912635443,1085.5580647961162,1088.278761700367,-5.473815461346626,3,STOP_LOSS_INTRADAY,3.6521625404902447,-5.49564660480718,Model 0 Baseline
MFSL,Finance,2026-01-01,2026-01-21,1681.69375,1677.5,1589.6409375,1593.625,-5.473815461346625,14,STOP_LOSS_INTRADAY,4.4530522308122205,-5.472432120901639,Model 0 Baseline
PNB,Banks,2025-12-10,2026-01-22,115.1861890461574,114.89894169192758,120.91222943190839,121.21526760091065,4.97111713927479,30,DAILY_CLOSE_BELOW_EMA21,14.301415541817702,-1.7253086865891238,Model 0 Baseline
ALKEM,Healthcare,2025-12-22,2026-01-22,5514.979879314699,5501.22681228399,5610.943141351189,5625.005655489914,1.7400473643870231,21,DAILY_CLOSE_BELOW_EMA21,6.804066141784938,-3.0870326075192693,Model 0 Baseline
HEROMOTOCO,Automobile & Ancillaries,2025-12-22,2026-01-22,5614.358848990681,5600.357954105418,5307.039206259146,5320.340056400147,-5.473815461346625,22,STOP_LOSS_INTRADAY,4.410111187501795,-5.6615186038008884,Model 0 Baseline
GPPL,Logistics,2026-01-21,2026-01-23,177.18185550689697,176.74000549316406,167.4832477054596,167.90300521850585,-5.473815461346625,2,STOP_LOSS_INTRADAY,1.4824007218268622,-6.6425286456258155,Model 0 Baseline
CUPID,Miscellaneous,2026-01-23,2026-01-23,85.0120030593872,84.80000305175781,80.35860289192199,80.56000289916992,-5.473815461346631,0,STOP_LOSS_INTRADAY,0.542451731035782,-7.783025785373264,Model 0 Baseline
JAMNAAUTO,Automobile & Ancillaries,2026-01-23,2026-01-27,121.15212347030639,120.8499984741211,114.520479804039,114.80749855041503,-5.473815461346632,1,STOP_LOSS_INTRADAY,0.4551121710403584,-5.899873680962264,Model 0 Baseline
LGBBROSLTD,Automobile & Ancillaries,2026-01-23,2026-01-27,1722.0923047957137,1717.7978102700388,1627.8281499571456,1631.9079197565368,-5.473815461346622,1,STOP_LOSS_INTRADAY,0.6200866470058887,-6.987423377656397,Model 0 Baseline
LAURUSLABS,Healthcare,2026-01-27,2026-01-29,1031.5479874020557,1028.975548530729,975.082954176432,977.5267711041924,-5.473815461346623,2,STOP_LOSS_INTRADAY,1.0679611650485514,-6.233012988228321,Model 0 Baseline
MAHASTEEL,Metals & Mining,2026-01-22,2026-01-30,817.1377255249023,815.0999755859375,759.1972256469727,761.0999755859375,-7.090665143468995,5,STOP_LOSS_GAP_DOWN,1.3372622672730397,-6.624954191807196,Model 0 Baseline
SOUTHBANK,Banks,2025-12-31,2026-02-02,37.614903619703234,37.5211008675344,37.09145090371538,37.184411933549256,-1.3916098822958538,22,DAILY_CLOSE_BELOW_EMA21,23.621012075312365,-4.908955029287884,Model 0 Baseline
IDFCFIRSTB,Banks,2026-01-23,2026-02-02,84.30318664573112,84.09295426008092,79.68858578070918,79.88830654707687,-5.473815461346635,5,STOP_LOSS_INTRADAY,0.9366859732390426,-5.880951764492572,Model 0 Baseline
CSBBANK,Banks,2026-01-30,2026-02-02,435.5361372375488,434.45001220703125,411.695692817688,412.7275115966797,-5.473815461346632,1,STOP_LOSS_INTRADAY,3.0498330366453974,-8.435958886933449,Model 0 Baseline
EASTSILK,Diversified / Other,2026-02-03,2026-02-03,80.81152561187744,80.61000061035156,76.38805182838439,76.57950057983398,-5.4738154613466445,0,STOP_LOSS_INTRADAY,0.0,-9.465323403605284,Model 0 Baseline
THANGAMAYL,Diamond  &  Jewellery,2026-02-05,2026-02-09,3281.9270141764687,3273.742657532637,3291.520540981267,3299.769965896007,0.2923138376739809,2,DAILY_CLOSE_BELOW_EMA21,6.369373713148703,-3.7466874915128185,Model 0 Baseline
CUB,Banks,2026-01-14,2026-02-11,204.84650681204218,204.33566764293485,213.49725173171674,214.03233256312456,4.223037558366614,19,DAILY_CLOSE_BELOW_EMA21,17.85454895989613,-3.6181726779527827,Model 0 Baseline
NORBTEAEXP,Agri,2026-02-10,2026-02-11,79.29774847030639,79.0999984741211,76.8174771308899,77.01000213623047,-3.127795413189121,1,DAILY_CLOSE_BELOW_EMA21,9.974714970733894,0.0,Model 0 Baseline
EASTSILK,Diversified / Other,2026-02-11,2026-02-13,69.9745030593872,69.80000305175781,66.144227891922,66.31000289916992,-5.473815461346623,2,STOP_LOSS_INTRADAY,0.2865285666160882,-9.48424420794537,Model 0 Baseline
3MINDIA,Diversified,2026-01-22,2026-02-16,33756.52781611818,33672.346948746315,34320.693829287025,34406.71060580153,1.6712797484445894,16,DAILY_CLOSE_BELOW_EMA21,11.329036498181107,-4.1276403783956175,Model 0 Baseline
MUTHOOTFIN,Finance,2026-02-05,2026-02-16,3609.059829432851,3600.0596802322707,3541.1081258064714,3549.9830835152593,-1.8828090094881573,7,DAILY_CLOSE_BELOW_EMA21,12.461090731287472,-4.409859439543413,Model 0 Baseline
THANGAMAYL,Diamond  &  Jewellery,2026-02-09,2026-02-20,3308.0193908107467,3299.769965896007,3477.5327605147068,3486.2483814683774,5.124316083963911,9,DAILY_CLOSE_BELOW_EMA21,14.656994923351933,0.0,Model 0 Baseline
TAKE,Healthcare,2026-01-29,2026-02-27,38.59625,38.5,44.38875,44.5,15.00793470868285,21,DAILY_CLOSE_BELOW_EMA21,29.71428214729606,-0.10389848188920454,Model 0 Baseline
RBLBANK,Banks,2026-01-22,2026-03-04,300.82328837018537,300.07310560617,304.94425290101475,305.7085242115436,1.3698954469769078,27,DAILY_CLOSE_BELOW_EMA21,13.146090929422465,-4.5371436588989775,Model 0 Baseline
RNAVAL,Power,2026-03-04,2026-03-04,1803.7982989501952,1799.300048828125,1705.061708770752,1709.3350463867187,-5.473815461346629,0,STOP_LOSS_INTRADAY,3.9515352446216268,-5.796701272589589,Model 0 Baseline
IOC,Oil & Gas,2026-01-12,2026-03-05,154.0597226148187,153.67553378036777,166.96063190794027,167.37907960695765,8.373966325628485,36,DAILY_CLOSE_BELOW_EMA21,20.35669300353595,-1.4203794442924018,Model 0 Baseline
FEDERALBNK,Banks,2026-01-19,2026-03-05,271.2021146455953,270.52580014523227,286.0533549767905,286.7702806784867,5.476078367088938,31,DAILY_CLOSE_BELOW_EMA21,11.25437025811277,-0.9209759047621042,Model 0 Baseline
TITAN,Diamond  &  Jewellery,2026-02-02,2026-03-05,3996.885032503398,3986.9177381580034,4213.578896555466,4224.139244667133,5.421568603797044,22,DAILY_CLOSE_BELOW_EMA21,9.459997231944286,-2.667498779296877,Model 0 Baseline
BANKBARODA,Banks,2026-02-04,2026-03-05,277.7320340980547,277.03943550928153,290.88885480797455,291.6178995568667,4.73723557048329,20,DAILY_CLOSE_BELOW_EMA21,13.811190986937962,-1.3111888111887986,Model 0 Baseline
CUB,Banks,2026-03-06,2026-03-09,199.93020136834426,199.43162231256287,188.26002559061484,188.73185522868656,-5.837125005555663,1,STOP_LOSS_GAP_DOWN,0.11176892266053955,-5.365130644681265,Model 0 Baseline
NPBET,ETF,2026-01-23,2026-03-09,293.8227213287353,293.0899963378906,277.7394077796936,278.4354965209961,-5.473815461346634,29,STOP_LOSS_INTRADAY,4.745983771507896,-7.89177562244292,Model 0 Baseline
LT,Infrastructure,2026-03-06,2026-03-09,3986.1036803273146,3976.1632721469473,3767.911720768251,3777.3551085395998,-5.473815461346626,1,STOP_LOSS_INTRADAY,0.0,-6.774589867483016,Model 0 Baseline
PETRONET,Oil & Gas,2026-03-06,2026-03-09,287.26071927042267,286.5443583744865,271.5365976046228,272.21714045576215,-5.473815461346613,1,STOP_LOSS_INTRADAY,2.2942879960159273,-5.485598492260204,Model 0 Baseline
ULTRACEMCO,Construction Materials,2026-03-06,2026-03-09,11946.552036320598,11916.760135980647,11292.61982385866,11320.922129181614,-5.473815461346629,1,STOP_LOSS_INTRADAY,0.3947368421052627,-6.83388455225344,Model 0 Baseline
ASHOKLEY,Automobile & Ancillaries,2026-03-11,2026-03-11,191.60734865009874,191.12952483800373,181.1191159746133,181.57304859610355,-5.47381546134663,0,STOP_LOSS_INTRADAY,0.5092882845169577,-5.406653912153675,Model 0 Baseline
TVSMOTOR,Automobile & Ancillaries,2026-03-11,2026-03-11,3776.250918781816,3766.8338341963254,3569.545912130293,3578.492142486509,-5.473815461346625,0,STOP_LOSS_INTRADAY,0.4629629629629732,-5.0132275132275055,Model 0 Baseline
EICHERMOT,Automobile & Ancillaries,2026-03-11,2026-03-12,7514.246913112325,7495.508142755437,7082.891353410031,7100.642960812061,-5.740502869949359,1,STOP_LOSS_GAP_DOWN,0.0,-5.268024187593226,Model 0 Baseline
BHARATFORG,Metals & Mining,2026-01-23,2026-03-13,1432.598002710363,1429.0254391125816,1754.2675374137752,1758.6641979085466,22.45357972682069,33,DAILY_CLOSE_BELOW_EMA21,35.03226753693923,-3.526127980259769,Model 0 Baseline
CUPID,Miscellaneous,2026-03-06,2026-03-13,82.77642469406128,82.56999969482422,81.046875,81.25,-2.089423045817249,5,DAILY_CLOSE_BELOW_EMA21,16.08332182194414,-3.839164564201905,Model 0 Baseline
KARURVYSYA,Banks,2026-03-11,2026-03-13,303.40280562685274,302.64619015147406,286.7950959422906,287.51388064390034,-5.473815461346643,2,STOP_LOSS_INTRADAY,1.606555375896521,-7.770499852972179,Model 0 Baseline
SBIN,Banks,2026-03-11,2026-03-13,1096.4204264995503,1093.68621097212,1036.4043956724552,1039.001900423514,-5.473815461346641,2,STOP_LOSS_INTRADAY,0.22453744792359517,-6.385838138636628,Model 0 Baseline
TATASTEEL,Metals & Mining,2026-03-11,2026-03-13,193.63945976425484,193.15656834339634,183.03999307641095,183.4987399262265,-5.473815461346639,2,STOP_LOSS_INTRADAY,0.8826242764285085,-7.547938646779436,Model 0 Baseline
HINDALCO,Metals & Mining,2026-02-19,2026-03-16,908.1389605215162,905.8742748344301,899.8883721229306,902.1437314515595,-0.9085160704753305,16,DAILY_CLOSE_BELOW_EMA21,8.00571234862384,-1.5923587437180964,Model 0 Baseline
SALSTEEL,Metals & Mining,2026-03-13,2026-03-17,42.355624999999996,42.25,38.50349847793579,38.599998474121094,-9.094722417776161,2,STOP_LOSS_GAP_DOWN,0.8283987553161983,-8.639056865985577,Model 0 Baseline
KIRLOSENG,Capital Goods,2026-01-23,2026-03-23,1116.1646967974957,1113.3812436882752,1359.90924070222,1363.3175345385662,21.83768619488477,39,DAILY_CLOSE_BELOW_EMA21,37.12930565629502,-3.9545422817414444,Model 0 Baseline
CONSOFINVT,Finance,2026-03-25,2026-03-27,211.01623050689696,210.49000549316406,209.48496952056885,210.00999450683594,-0.7256602881445455,1,DAILY_CLOSE_BELOW_EMA21,7.121473629711991,-1.178208428717375,Model 0 Baseline
KIRLOSENG,Capital Goods,2026-03-25,2026-03-27,1330.5118948307816,1327.1939100556426,1371.654934413255,1375.092666078451,3.092271459001583,1,DAILY_CLOSE_BELOW_EMA21,5.330828903312977,0.0,Model 0 Baseline
MCX,Finance,2026-03-25,2026-03-30,2475.1724999999997,2469.0,2339.6861249999997,2345.5499999999997,-5.473815461346632,2,STOP_LOSS_INTRADAY,1.162411955118469,-5.022276225192385,Model 0 Baseline
VEDL,Metals & Mining,2026-03-27,2026-04-27,657.0886372375488,655.4500122070312,722.439375,724.25,9.945498074231011,18,DAILY_CLOSE_BELOW_EMA21,21.29071404287202,-1.1289990504607879,Model 0 Baseline
AVANTIFEED,Consumer Goods,2026-05-20,2026-05-22,1244.1303922984555,1241.0278227416015,1282.9999267569865,1286.2154654205378,3.1242331751675883,2,DAILY_CLOSE_BELOW_EMA21,5.107155485844143,-2.4699227633661502,Model 0 Baseline
OIL,Oil & Gas,2026-05-11,2026-05-26,458.1425,457.0,483.6877439117432,484.8999938964844,5.575829335139881,11,DAILY_CLOSE_BELOW_EMA21,16.192560175054705,-0.6564551422319475,Model 0 Baseline
UNIVPHOTO,FMCG,2026-05-25,2026-06-02,432.5286372375488,431.45001220703125,402.9401371765137,403.95001220703125,-6.840818737461962,6,STOP_LOSS_GAP_DOWN,1.9932727645423736,-6.373855422862783,Model 0 Baseline
POWERGRID,Power,2026-05-18,2026-06-02,297.04073776245116,296.29998779296875,280.78127593231204,281.4849884033203,-5.473815461346619,11,STOP_LOSS_INTRADAY,2.767469640518776,-6.041172674293692,Model 0 Baseline
MCX,Finance,2026-06-05,2026-06-05,2917.2749999999996,2910.0,2757.5887500000003,2764.5,-5.473815461346609,0,STOP_LOSS_INTRADAY,0.7525739637027492,-5.463917525773196,Model 0 Baseline
SCHNEIDER,Capital Goods,2026-06-08,2026-06-09,1151.8725,1149.0,1088.821125,1091.55,-5.473815461346635,1,STOP_LOSS_INTRADAY,2.33246726093342,-5.335078226990862,Model 0 Baseline
SCHNEIDER,Capital Goods,2026-06-15,2026-06-17,1126.5092010498047,1123.699951171875,1172.2619512939455,1175.199951171875,4.061462631774631,2,DAILY_CLOSE_BELOW_EMA21,11.942696366786706,-2.109099599689311,Model 0 Baseline
SAIL,Metals & Mining,2026-06-15,2026-06-22,186.41487194061278,185.9499969482422,176.210865858078,176.65249710083006,-5.473815461346633,5,STOP_LOSS_INTRADAY,1.032534660099903,-7.313789227171657,Model 0 Baseline
QGOLDHALF,ETF,2026-06-10,2026-06-25,123.08694877624511,122.77999877929688,115.49054878234864,115.77999877929688,-6.17157226612682,11,STOP_LOSS_GAP_DOWN,1.7592471767263074,-5.7012543326237095,Model 0 Baseline
TDPOWERSYS,Capital Goods,2026-06-15,2026-06-30,612.2303853433073,610.7036262776132,619.8396716340269,621.3931545203277,1.2428795552923664,11,DAILY_CLOSE_BELOW_EMA21,12.383444421449703,-4.735816774853668,Model 0 Baseline
INGERRAND,Capital Goods,2026-06-08,2026-07-06,3932.105971584909,3922.3002210323284,4335.520644186375,4346.386610713157,10.259506623593404,20,DAILY_CLOSE_BELOW_EMA21,20.71574486276952,-1.4898481056847146,Model 0 Baseline
NLCINDIA,Power,2026-06-15,2026-07-07,322.4040061187744,321.6000061035156,304.756205783844,305.5200057983398,-5.473815461346635,16,STOP_LOSS_INTRADAY,2.3320895079790276,-6.716419680838899,Model 0 Baseline
MAHABANK,Banks,2026-07-10,2026-07-13,83.1072515296936,82.9000015258789,83.36107469558716,83.56999969482422,0.3054163881269437,1,DAILY_CLOSE_BELOW_EMA21,5.500600090061826,-1.544027449622299,Model 0 Baseline
SUNFLAG,Metals & Mining,2026-07-10,2026-07-14,335.4866188812256,334.6499938964844,343.8382621765137,344.70001220703125,2.4894117455828835,2,DAILY_CLOSE_BELOW_EMA21,6.0510982726220615,0.0,Model 0 Baseline
UNIVCABLES,Electricals,2026-07-10,2026-07-14,1104.0251954797855,1101.2720154411825,1167.2942409919513,1170.2197904681216,5.730761016252934,2,DAILY_CLOSE_BELOW_EMA21,7.274034635451043,-0.47046711412893794,Model 0 Baseline
ADANIPOWER,Power,2026-07-13,2026-07-16,217.6427561187744,217.10000610351562,221.44500000000002,222.0,1.7470114553918896,3,DAILY_CLOSE_BELOW_EMA21,5.453706128522717,-0.9212344282691446,Model 0 Baseline
BSE,Unclassified,2026-07-10,2026-07-17,3824.5375,3815.0,3615.1893750000004,3624.25,-5.4738154613466214,5,STOP_LOSS_INTRADAY,1.3761467889908259,-6.3826998689384,Model 0 Baseline
PRECWIRE,Electricals,2026-07-10,2026-07-17,395.62301359318667,394.6364225368446,373.9673399064773,374.90460141000233,-5.473815461346635,5,STOP_LOSS_INTRADAY,0.6198639359977812,-9.905117758208744,Model 0 Baseline
KEI,Electricals,2026-07-13,2026-07-17,5151.8475,5139.0,4869.844875000001,4882.05,-5.473815461346618,4,STOP_LOSS_INTRADAY,1.8291496400077836,-5.020431990659661,Model 0 Baseline
AUROPHARMA,Healthcare,2026-06-18,2026-07-20,1432.9735244750975,1429.4000244140625,1529.5665243530275,1533.4000244140625,6.740738626926988,22,DAILY_CLOSE_BELOW_EMA21,14.509585901195127,-0.930463733102071,Model 0 Baseline
ARIHANT,Real Estate,2026-07-03,2026-07-20,795.985,794.0,817.1021493530274,819.1500244140625,2.6529582031102774,11,DAILY_CLOSE_BELOW_EMA21,8.564231738035264,-3.7783375314861463,Model 0 Baseline
LUPIN,Healthcare,2026-05-15,2026-07-23,2257.3027141097346,2251.6735302840248,2394.0,2400.0,6.055779981825697,49,DAILY_CLOSE_BELOW_EMA21,12.081077351099696,-2.3765363189012447,Model 0 Baseline
APARINDS,Capital Goods,2026-07-10,2026-07-23,14205.425,14170.0,13427.84625,13461.5,-5.473815461346625,9,STOP_LOSS_INTRADAY,0.6704304869442484,-5.899788285109386,Model 0 Baseline
THERMAX,Capital Goods,2026-07-16,2026-07-24,4586.4375,4575.0,4556.58,4568.0,-0.6509954621642631,6,DAILY_CLOSE_BELOW_EMA21,6.666666666666667,-2.2295081967213117,Model 0 Baseline
STLTECH,Electricals,2026-07-22,2026-07-24,532.3275,531.0,526.9792378234863,528.2999877929688,-1.0046939480890402,2,DAILY_CLOSE_BELOW_EMA21,5.4613935969868175,-3.3239217352283426,Model 0 Baseline
IDEA,Telecom,2026-07-23,2026-07-24,13.52372477054596,13.489999771118164,12.783461033105851,12.815499782562256,-5.473815461346622,1,STOP_LOSS_INTRADAY,0.3706463423514117,-5.411412562061294,Model 0 Baseline
SICAGEN,Diversified / Other,2026-07-23,2026-07-27,51.929499235153195,51.79999923706055,49.0869742770195,49.209999275207515,-5.473815461346628,2,STOP_LOSS_INTRADAY,1.8339783338447828,-5.1930476183953544,Model 0 Baseline
SICAGEN,Diversified / Other,2026-07-28,2026-07-28,51.067348623275755,50.939998626708984,48.27201619863511,48.392998695373535,-5.473815461346619,0,STOP_LOSS_INTRADAY,1.570481101933821,-6.753040281601649,Model 0 Baseline
BHEL,Capital Goods,2026-07-09,2026-07-29,379.72506980615975,378.77812449492245,406.98,408.0,7.177543007037496,14,DAILY_CLOSE_BELOW_EMA21,17.87903554234568,-0.1842137386924229,Model 0 Baseline
MARKSANS,Healthcare,2026-07-24,2026-07-29,244.83652505339376,244.22596015301124,256.84564832543685,257.4893717548239,4.9049557738267024,3,DAILY_CLOSE_BELOW_EMA21,8.4116017005504,-1.0208248519012617,Model 0 Baseline
SKMEGGPROD,Agri,2026-07-30,2026-07-30,268.66999999999996,268.0,253.9635,254.6,-5.473815461346615,0,STOP_LOSS_INTRADAY,1.52985302369986,-8.15298735205807,Model 0 Baseline
VTL,Textiles,2026-07-27,2026-07-31,619.4447744750976,617.9000244140625,602.8890243530274,604.4000244140625,-2.672675725789946,4,DAILY_CLOSE_BELOW_EMA21,5.1950112182593,-3.398608054743762,Model 0 Baseline
BLISSGVS,Healthcare,2026-07-24,2026-08-03,451.125,450.0,472.31625,473.5,4.697423108894436,6,DAILY_CLOSE_BELOW_EMA21,5.333333333333334,-1.5555555555555556,Model 0 Baseline
NRBBEARING,Automobile & Ancillaries,2026-07-27,2026-08-03,400.29823776245115,399.29998779296875,417.3539939117432,418.3999938964844,4.260762236833389,5,DAILY_CLOSE_BELOW_EMA21,8.890558749129298,0.0,Model 0 Baseline
VENUSREM,Healthcare,2026-07-30,2026-08-03,1597.1224680506316,1593.139619003124,1509.6989314578352,1513.4826380529676,-5.473815461346631,2,STOP_LOSS_INTRADAY,0.0,-5.201444719733071,Model 0 Baseline
HFCL,Telecom,2026-07-30,2026-08-04,193.4825,193.0,201.89399391174317,202.39999389648438,4.347418454766286,3,DAILY_CLOSE_BELOW_EMA21,5.497409642669203,-4.715029069179081,Model 0 Baseline
GAYAPROJ,Infrastructure,2026-08-03,2026-08-04,20.049999999999997,20.0,18.9525,19.0,-5.473815461346617,1,STOP_LOSS_INTRADAY,3.950004577636719,-5.0,Model 0 Baseline
J&KBANK,Banks,2026-08-03,2026-08-07,155.3875,155.0,159.60000000000002,160.0,2.7109645241734595,4,DAILY_CLOSE_BELOW_EMA21,6.000001968876008,-1.5806431924143147,Model 0 Baseline
BALAMINES,Chemicals,2026-08-07,2026-08-10,2114.2725,2109.0,1998.541125,2003.55,-5.4738154613466365,1,STOP_LOSS_INTRADAY,0.0,-5.353249142440138,Model 0 Baseline
AHLWEST,Diversified / Other,2026-08-06,2026-08-11,521.1997744750977,519.9000244140625,543.6375,545.0,4.30501443472409,3,DAILY_CLOSE_BELOW_EMA21,5.789569950465142,0.0,Model 0 Baseline
SATIN,Finance,2026-08-05,2026-08-11,236.48974388122556,235.89999389648438,223.544731716156,224.10499420166013,-5.473815461346624,4,STOP_LOSS_INTRADAY,1.3098820163749645,-5.375155999938421,Model 0 Baseline
WELENT,Real Estate,2026-08-10,2026-08-11,591.475,590.0,559.09875,560.5,-5.473815461346638,1,STOP_LOSS_INTRADAY,0.0,-5.355928065413136,Model 0 Baseline
HIRECT,Capital Goods,2026-07-10,2026-08-12,1053.5277080121095,1050.9004568699347,1219.1444512939454,1222.199951171875,15.720207643549914,23,DAILY_CLOSE_BELOW_EMA21,32.984787225933175,-2.3384007210967095,Model 0 Baseline
NAM-INDIA,Finance,2026-07-27,2026-08-12,1126.4089755249022,1123.5999755859375,1177.2494512939454,1180.199951171875,4.5135005911464585,12,DAILY_CLOSE_BELOW_EMA21,8.134569811324445,-0.39160061495800275,Model 0 Baseline
RML,Automobile & Ancillaries,2026-08-10,2026-08-12,1060.3442010498047,1057.699951171875,1093.26,1096.0,3.1042560441794884,2,DAILY_CLOSE_BELOW_EMA21,6.221050568757431,-0.7090857848381671,Model 0 Baseline
PSPPROJECT,Real Estate,2026-08-06,2026-08-13,947.86375,945.5,895.9794374999999,898.2249999999999,-5.473815461346642,5,STOP_LOSS_INTRADAY,3.6488630354309888,-5.013223100376784,Model 0 Baseline
SICAGEN,Diversified / Other,2026-08-04,2026-08-18,50.125,50.0,56.80762576103211,56.95000076293945,13.331921717769788,10,DAILY_CLOSE_BELOW_EMA21,48.1199951171875,-1.7600021362304688,Model 0 Baseline
INDIAGLYCO,Chemicals,2026-08-17,2026-08-21,1071.6725,1069.0,1104.2325,1107.0,3.0382416269896053,4,DAILY_CLOSE_BELOW_EMA21,8.914878281396165,-1.7773620205799812,Model 0 Baseline
SCHNEIDER,Capital Goods,2026-08-19,2026-08-21,1292.1222744750976,1288.9000244140625,1221.393885635376,1224.4550231933592,-5.473815461346633,2,STOP_LOSS_INTRADAY,0.007756659480470503,-5.9663296576490845,Model 0 Baseline
MAYURUNIQ,Textiles,2026-08-14,2026-08-24,755.0146401240136,753.1318105975198,748.125,750.0,-0.9125174212359541,6,DAILY_CLOSE_BELOW_EMA21,5.619240555688857,-4.874829547141872,Model 0 Baseline
TITAN,Diamond  &  Jewellery,2026-05-15,2026-08-24,4151.764388333205,4141.410861180254,5066.302500000001,5079.0,22.02769777198153,71,END_OF_DATA,24.788391522380373,-4.625755061439472,Model 0 Baseline
POLYCAB,Electricals,2026-07-13,2026-08-24,9212.975,9190.0,9031.365,9054.0,-1.9712416456139366,30,END_OF_DATA,4.815016322089227,-4.341675734494015,Model 0 Baseline
KPRMILL,Textiles,2026-07-27,2026-08-24,1078.69,1076.0,1109.5192987060548,1112.300048828125,2.8580313812174687,20,END_OF_DATA,8.503717472118959,-4.962827547775325,Model 0 Baseline
BHARATFORG,Metals & Mining,2026-08-13,2026-08-24,2085.2,2080.0,2035.8975,2041.0,-2.364401496259341,7,END_OF_DATA,1.1057692307692308,-2.822113037109375,Model 0 Baseline
RICOAUTO,Automobile & Ancillaries,2026-08-14,2026-08-24,132.580625,132.25,126.85207317352295,127.16999816894531,-4.320806170944694,6,END_OF_DATA,3.9697542533081283,-4.158790170132325,Model 0 Baseline
AIAENG,Capital Goods,2026-08-17,2026-08-24,4434.0575,4423.0,4338.027652587891,4348.89990234375,-2.165733020198974,4,END_OF_DATA,2.5503008068618582,-2.441781596201673,Model 0 Baseline
APOLLOHOSP,Healthcare,2026-08-17,2026-08-24,8939.793749999999,8917.5,8680.245,8702.0,-2.9032968461939976,5,END_OF_DATA,0.7457246986262966,-3.6557331090552285,Model 0 Baseline
DEEPAKFERT,Chemicals,2026-08-17,2026-08-24,1495.5541275160806,1491.8245661008286,1462.4347256469728,1466.0999755859375,-2.2145237848472137,5,END_OF_DATA,1.7643142476697733,-4.327564166068568,Model 0 Baseline
KIRLOSENG,Capital Goods,2026-08-17,2026-08-24,2105.3503479003907,2100.10009765625,2063.1292987060547,2068.300048828125,-2.0054167818882007,5,END_OF_DATA,3.6617255734415566,-2.142755007259931,Model 0 Baseline
SUNPHARMA,Healthcare,2026-08-20,2026-08-24,1909.7624999999998,1905.0,1905.2250000000001,1910.0,-0.23759498890567188,2,END_OF_DATA,0.9448818897637795,-1.1653517675524936,Model 0 Baseline
SETCO,Diversified / Other,2026-08-21,2026-08-24,17.38335015296936,17.34000015258789,17.94502477169037,17.989999771118164,3.231106856724434,1,END_OF_DATA,4.959634387449602,-1.9607851764473465,Model 0 Baseline
RANEHOLDIN,Finance,2026-08-24,2026-08-24,1630.867048950195,1626.800048828125,1609.3665243530274,1613.4000244140625,-1.3183493167642184,0,END_OF_DATA,0.4917629554881589,-3.596016612007162,Model 0 Baseline
RGL,Diamond  &  Jewellery,2018-03-09,2018-03-09,61.835163589309715,61.68096118634386,58.4504208442091,58.59691312702666,-5.473815461346629,0,STOP_LOSS_INTRADAY,0.8540301387139971,-5.108696952755925,Model 4 Full Adaptive
ARVIND,Textiles,2018-03-09,2018-03-20,135.85616483711289,135.5173714085914,127.59184399524173,127.9116230528739,-6.083140100252208,7,STOP_LOSS_GAP_DOWN,1.633827133358098,-5.6123788977472095,Model 4 Full Adaptive
IFBIND,Consumer Durables,2018-03-09,2018-03-20,1342.2973260498047,1338.949951171875,1268.822447479248,1272.0024536132812,-5.473815461346638,7,STOP_LOSS_INTRADAY,3.0658389278999714,-5.448295592230896,Model 4 Full Adaptive
ARVIND,Textiles,2018-03-21,2018-03-23,132.50127058059107,132.1708434719113,125.24839554506995,125.56230129831573,-5.47381546134662,2,STOP_LOSS_INTRADAY,1.5217365995764072,-5.0639481067556105,Model 4 Full Adaptive
5PAISA,Finance,2018-03-12,2018-03-26,198.0454077529907,197.55152893066406,204.03474678039552,204.54611206054688,3.0242251488481506,10,DAILY_CLOSE_BELOW_EMA21,13.608370974091773,-2.709362212270165,Model 4 Full Adaptive
ICICIPRULI,Insurance,2018-03-26,2018-04-05,370.46935809449815,369.5454943586017,380.91553663940437,381.8702121698289,2.8197145908735695,6,DAILY_CLOSE_BELOW_EMA21,5.291497640414495,-2.0089270330133115,Model 4 Full Adaptive
INVENTURE,Finance,2018-04-12,2018-04-16,1.6326548128496232,1.6285833544634647,1.65866094458702,1.662817989560922,1.5928738599683443,2,DAILY_CLOSE_BELOW_EMA21,5.705709518268066,0.0,Model 4 Full Adaptive
ROML,Diversified / Other,2018-04-23,2018-04-25,48.12,48.0,50.8725,51.0,5.720074812967591,2,DAILY_CLOSE_BELOW_EMA21,6.25,0.0,Model 4 Full Adaptive
CENTURYPLY,Construction Materials,2018-03-27,2018-04-26,318.7317718719488,317.93692954807864,329.8064382811844,330.63302083326755,3.4746038476781855,20,DAILY_CLOSE_BELOW_EMA21,11.230097365826852,-2.983476243633385,Model 4 Full Adaptive
HEG,Capital Goods,2018-04-23,2018-04-26,475.64207190424696,474.4559320740618,449.60630263168287,450.7331354703587,-5.473815461346624,3,STOP_LOSS_INTRADAY,1.7793594306049754,-6.583629081279259,Model 4 Full Adaptive
DYNPRO,Chemicals,2018-04-24,2018-04-26,182.83473837390434,182.37879139541582,172.82670219608093,173.25985182564503,-5.473815461346618,2,STOP_LOSS_INTRADAY,2.929531121913469,-5.252051076613872,Model 4 Full Adaptive
KELLTONTEC,Diversified / Other,2018-03-20,2018-04-27,11.910893668680021,11.881190691950147,13.921898560526088,13.956790536868258,16.883744811978737,26,DAILY_CLOSE_BELOW_EMA21,43.024712518880996,-5.907002331805885,Model 4 Full Adaptive
WELCORP,Metals & Mining,2018-05-02,2018-05-02,122.29034342881279,121.98537997886564,115.59639570247255,115.88611097992235,-5.473815461346625,0,STOP_LOSS_INTRADAY,1.8616043434218947,-7.516692482085527,Model 4 Full Adaptive
MAYURUNIQ,Textiles,2018-04-18,2018-05-03,450.5755573485876,449.4519275297632,449.50137468857815,450.627944549953,-0.23840233729731913,10,DAILY_CLOSE_BELOW_EMA21,7.378354815226625,-3.171106363648643,Model 4 Full Adaptive
ENIL,Media & Entertainment,2018-04-30,2018-05-03,649.9011470467603,648.2804459319306,614.3267575762457,615.866423635334,-5.473815461346634,2,STOP_LOSS_INTRADAY,1.4779393813189454,-7.77942101978991,Model 4 Full Adaptive
HEG,Capital Goods,2018-04-30,2018-05-04,455.32997075619903,454.19448454483694,473.5645169729927,474.7513954616468,4.0046883332784455,3,DAILY_CLOSE_BELOW_EMA21,8.178427785909886,-0.297393231586891,Model 4 Full Adaptive
LALPATHLAB,Healthcare,2018-04-06,2018-05-07,410.3254913641413,409.30223577470457,387.8650311760044,388.8371239859693,-5.473815461346642,20,STOP_LOSS_INTRADAY,4.013761467889907,-5.2523161081033924,Model 4 Full Adaptive
RML,Automobile & Ancillaries,2018-05-04,2018-05-07,872.7405999023471,870.5641894287752,824.9683900074431,827.0359799573364,-5.4738154613466286,1,STOP_LOSS_INTRADAY,0.0,-6.157084949609466,Model 4 Full Adaptive
INFY,Software & IT Services,2018-04-12,2018-05-09,445.2724720025923,444.16206683550354,457.97763900976383,459.12545264136725,2.853346614945823,18,DAILY_CLOSE_BELOW_EMA21,7.521359990361563,-2.4303742691815526,Model 4 Full Adaptive
TVTODAY,Media & Entertainment,2018-05-09,2018-05-10,302.7552016220376,302.00020111923953,286.18294058561935,286.90019106327753,-5.473815461346625,1,STOP_LOSS_INTRADAY,0.5923759376671008,-5.221578178686611,Model 4 Full Adaptive
SRF,Diversified,2018-03-09,2018-05-11,359.2115877388518,358.3157982432437,436.19850792236,437.2917372655238,21.432192838800628,42,DAILY_CLOSE_BELOW_EMA21,32.23438407791805,-1.362017195043396,Model 4 Full Adaptive
KAMDHENU,Metals & Mining,2018-04-30,2018-05-11,12.057570569688227,12.027501815150352,12.066955109107855,12.097198104368777,0.0778310967818003,8,DAILY_CLOSE_BELOW_EMA21,7.077804846172568,-3.9735138004406694,Model 4 Full Adaptive
ROML,Diversified / Other,2018-05-10,2018-05-14,44.11,44.0,39.900000000000006,40.0,-9.544321015642696,2,STOP_LOSS_GAP_DOWN,2.272727272727273,-9.090909090909092,Model 4 Full Adaptive
CELEBRITY,Diversified / Other,2018-05-08,2018-05-14,15.538749999999999,15.5,14.6881875,14.725,-5.473815461346626,4,STOP_LOSS_INTRADAY,3.225806451612903,-6.451612903225806,Model 4 Full Adaptive
MAITHANALL,Metals & Mining,2018-05-08,2018-05-14,746.477690457926,744.6161500827192,705.6168792221367,707.3853425785832,-5.473815461346637,4,STOP_LOSS_INTRADAY,0.5754980710473454,-6.157179360021941,Model 4 Full Adaptive
SANOFI,Healthcare,2018-04-25,2018-05-16,3512.683176829123,3503.923368408103,3480.5456957237525,3489.268867893486,-0.9148983693536781,14,DAILY_CLOSE_BELOW_EMA21,5.077775008346286,-2.2768794691790535,Model 4 Full Adaptive
MOREPENLAB,Healthcare,2018-05-15,2018-05-16,34.28918094619764,34.20367176678069,32.41225445799555,32.49348817844165,-5.473815461346626,1,STOP_LOSS_INTRADAY,2.911208280703095,-15.574956090217254,Model 4 Full Adaptive
DYNPRO,Chemicals,2018-05-16,2018-05-16,173.66644391858446,173.23336051729123,164.1602632601981,164.57169249142666,-5.473815461346641,0,STOP_LOSS_INTRADAY,0.0,-6.085021546371875,Model 4 Full Adaptive
POLYPLEX,Plastic Products,2018-05-02,2018-05-21,291.1350165147717,290.40899402969745,275.19882296739206,275.88854432821256,-5.473815461346623,13,STOP_LOSS_INTRADAY,2.4999821262172555,-8.312519986422592,Model 4 Full Adaptive
ENIL,Media & Entertainment,2018-05-09,2018-05-21,645.265761376951,643.6566198273825,609.9451043639233,611.4737888360133,-5.473815461346646,8,STOP_LOSS_INTRADAY,2.1995207786065443,-6.687384718462054,Model 4 Full Adaptive
MANINDS,Infrastructure,2018-05-16,2018-05-21,110.59199101782679,110.31620051653545,104.53838951448189,104.80039049070866,-5.473815461346643,3,STOP_LOSS_INTRADAY,3.9936804557659773,-16.567797732095613,Model 4 Full Adaptive
GAEL,Agri,2018-05-18,2018-05-21,60.97414503637674,60.82208981184713,57.636532857951636,57.78098532125477,-5.473815461346622,1,STOP_LOSS_INTRADAY,3.3194178732128448,-6.340684674137275,Model 4 Full Adaptive
AARVI,Diversified / Other,2018-05-17,2018-05-24,75.16692562103272,74.97947692871094,70.59024061203003,70.76715850830078,-6.088695222253536,5,STOP_LOSS_GAP_DOWN,3.3707895554734844,-5.617961864971596,Model 4 Full Adaptive
KAMDHENU,Metals & Mining,2018-05-24,2018-05-25,11.972728751664357,11.942871572732527,11.148276447185403,11.176216989659551,-6.886085215656003,1,STOP_LOSS_GAP_DOWN,0.0,-6.419348800696893,Model 4 Full Adaptive
ARMANFIN,Finance,2018-05-25,2018-05-25,390.5472508067263,389.57331751294396,369.16941500820354,370.09465163729675,-5.473815461346625,0,STOP_LOSS_INTRADAY,0.7271273114368747,-7.513716364288695,Model 4 Full Adaptive
CEREBRAINT,Consumer Durables,2018-05-25,2018-05-28,59.24774847030639,59.099998474121094,60.74775152206421,60.900001525878906,2.5317469279184333,1,DAILY_CLOSE_BELOW_EMA21,5.4145530381708555,0.0,Model 4 Full Adaptive
ASIANHOTNR,Hospitality,2018-05-25,2018-05-28,285.76261276245117,285.04998779296875,270.120494682312,270.7974884033203,-5.473815461346627,1,STOP_LOSS_INTRADAY,0.0,-8.437112374281599,Model 4 Full Adaptive
HIMATSEIDE,Textiles,2018-05-28,2018-05-29,349.303868428931,348.4327864627741,330.1836192717863,331.0111471396354,-5.4738154613466286,1,STOP_LOSS_INTRADAY,1.7837854333825947,-5.540529241795907,Model 4 Full Adaptive
KAMDHENU,Metals & Mining,2018-05-29,2018-05-29,12.726325986080077,12.694589512299329,12.029710386592653,12.059860036684363,-5.473815461346625,0,STOP_LOSS_INTRADAY,0.0,-6.8627490681000864,Model 4 Full Adaptive
INVENTURE,Finance,2018-05-14,2018-05-30,1.6326549171702507,1.628583458523941,1.6391471172890797,1.6432552554276487,0.3976468052465988,12,DAILY_CLOSE_BELOW_EMA21,8.40840300583273,-3.6036002495018176,Model 4 Full Adaptive
GOLDENTOBC,FMCG,2018-05-16,2018-05-31,61.152499999999996,61.0,57.6554992389679,57.79999923706055,-5.7184919030818,11,DAILY_CLOSE_BELOW_EMA21,6.557377049180328,-0.3278701031794313,Model 4 Full Adaptive
SALZERELEC,Electricals,2018-05-15,2018-05-31,193.90151418534518,193.4179692621897,183.28770312208252,183.7470707990802,-5.473815461346633,12,STOP_LOSS_INTRADAY,0.0,-8.627464441858965,Model 4 Full Adaptive
BANDHANBNK,Banks,2018-05-24,2018-05-31,470.53417467409287,469.3607727422373,444.77800226986267,445.89273410512544,-5.473815461346619,5,STOP_LOSS_INTRADAY,1.0820780813876065,-5.451198363077926,Model 4 Full Adaptive
WELCORP,Metals & Mining,2018-05-28,2018-05-31,118.89696699475714,118.60046583018169,112.38876643232592,112.6704425386726,-5.473815461346628,3,STOP_LOSS_INTRADAY,1.1560738251999774,-5.491325171655477,Model 4 Full Adaptive
PERSISTENT,Software & IT Services,2018-04-20,2018-06-01,319.30825145122213,318.5119715224161,367.8872874570779,368.80931073391264,15.213836718928869,29,DAILY_CLOSE_BELOW_EMA21,24.892056630006966,0.0,Model 4 Full Adaptive
SAKSOFT,Software & IT Services,2018-05-25,2018-06-04,17.654041647734314,17.610016606218768,16.68769198646806,16.729515775907828,-5.473815461346625,6,STOP_LOSS_INTRADAY,4.30643570029114,-6.169777867537917,Model 4 Full Adaptive
GTPL,Telecom,2018-05-30,2018-06-04,117.046125292794,116.75423969356011,110.6392363896099,110.9165277088821,-5.4738154613466214,3,STOP_LOSS_INTRADAY,3.68747949199763,-6.462214432171234,Model 4 Full Adaptive
ASIANHOTNR,Hospitality,2018-06-01,2018-06-04,268.46948776245114,267.79998779296875,253.77396343231203,254.4099884033203,-5.473815461346614,1,STOP_LOSS_INTRADAY,0.8215131842097166,-5.899921028070931,Model 4 Full Adaptive
TVTODAY,Media & Entertainment,2018-05-15,2018-06-05,295.58152760214205,294.8444165607402,296.2883075913506,297.03088480335896,0.23911507425453193,15,DAILY_CLOSE_BELOW_EMA21,5.1685495536731425,-4.2696564328298265,Model 4 Full Adaptive
ENIL,Media & Entertainment,2018-05-24,2018-06-05,621.6113342787626,620.061181325449,635.1529566947719,636.7448187416259,2.1784709623612746,8,DAILY_CLOSE_BELOW_EMA21,6.549806248386612,-2.905907703661188,Model 4 Full Adaptive
TFCILTD,Finance,2018-05-18,2018-06-05,27.117411110911185,27.049786644300436,25.6330540688052,25.697297312085414,-5.473815461346624,12,STOP_LOSS_INTRADAY,1.6462344913977676,-8.327950761473724,Model 4 Full Adaptive
ICICIPRULI,Insurance,2018-05-28,2018-06-05,411.52456513478796,410.49831933644685,388.9984698612005,389.9734033696245,-5.473815461346625,6,STOP_LOSS_INTRADAY,1.5957510791554472,-5.673753151369755,Model 4 Full Adaptive
ASTRAL,Plastic Products,2018-05-25,2018-06-06,426.8378711693418,425.7734375754033,425.15190174701354,426.21744536041456,-0.39499058921586594,8,DAILY_CLOSE_BELOW_EMA21,10.323268826310832,-3.785179878970759,Model 4 Full Adaptive
STARCEMENT,Construction Materials,2018-06-07,2018-06-08,123.75851438403129,123.44988965988159,124.40176664222395,124.71355051852024,0.5197640432209811,1,DAILY_CLOSE_BELOW_EMA21,5.511811023622047,-0.6692901371032235,Model 4 Full Adaptive
ARMANFIN,Finance,2018-06-07,2018-06-11,353.7294682599353,352.84734988522223,366.837002427001,367.75639341052727,3.70552508151052,2,DAILY_CLOSE_BELOW_EMA21,8.450704225352105,0.0,Model 4 Full Adaptive
5PAISA,Finance,2018-06-07,2018-06-11,224.41691246032713,223.85726928710938,233.61160503387453,234.1970977783203,4.097147791912901,2,DAILY_CLOSE_BELOW_EMA21,9.482404055427446,0.0,Model 4 Full Adaptive
CELEBRITY,Diversified / Other,2018-06-07,2018-06-12,14.3858753824234,14.350000381469727,14.214375,14.25,-1.1921442238609825,3,DAILY_CLOSE_BELOW_EMA21,5.9233408027850745,-1.3937335025977822,Model 4 Full Adaptive
COALINDIA,Metals & Mining,2018-05-18,2018-06-13,140.1302750702116,139.78082301267992,145.90223344295663,146.267903200959,4.118994535515617,18,DAILY_CLOSE_BELOW_EMA21,11.767946128865331,-2.541431995083187,Model 4 Full Adaptive
WELCORP,Metals & Mining,2018-06-07,2018-06-14,113.05521783429992,112.77328462274308,114.15820186339734,114.44431264500986,0.9756153234024182,5,DAILY_CLOSE_BELOW_EMA21,6.800919624362834,-1.139824437042515,Model 4 Full Adaptive
JAMNAAUTO,Automobile & Ancillaries,2018-06-07,2018-06-18,77.42950875035832,77.23641770609309,79.9489708912631,80.14934425189283,3.2538785039019364,7,DAILY_CLOSE_BELOW_EMA21,9.714269682880364,-0.45714460100446264,Model 4 Full Adaptive
HGINFRA,Infrastructure,2018-06-12,2018-06-18,307.4925724073589,306.72575801232813,290.66099643643247,291.3894701117117,-5.473815461346616,4,STOP_LOSS_INTRADAY,0.0,-5.570726702983239,Model 4 Full Adaptive
INTELLECT,Software & IT Services,2018-06-08,2018-06-19,194.30471702806494,193.8201666115361,197.7075193291127,198.20302689635358,1.7512710721048854,7,DAILY_CLOSE_BELOW_EMA21,14.070351077766,-1.4321638711133875,Model 4 Full Adaptive
KHADIM,Footwear,2018-06-06,2018-06-20,780.9526970867679,779.0051841264518,785.5373298774174,787.5060951152053,0.5870564001829828,10,DAILY_CLOSE_BELOW_EMA21,10.108490515589732,-3.2482488167132035,Model 4 Full Adaptive
MASTEK,Software & IT Services,2018-06-07,2018-06-20,468.3717924448142,467.2037829873459,472.3989632927959,473.5829205942816,0.8598235233083908,9,DAILY_CLOSE_BELOW_EMA21,7.499993960036981,-1.3653829691819699,Model 4 Full Adaptive
GAEL,Agri,2018-06-14,2018-06-20,52.4176471718474,52.28692984722933,53.096831559371864,53.22990632518482,1.295717042197276,4,DAILY_CLOSE_BELOW_EMA21,5.803472631846642,-5.156072906365266,Model 4 Full Adaptive
ASIANHOTNR,Hospitality,2018-06-20,2018-06-20,274.13363723754884,273.45001220703125,259.128067817688,259.7775115966797,-5.473815461346625,0,STOP_LOSS_INTRADAY,0.0,-8.48418766551977,Model 4 Full Adaptive
VOLTAMP,Capital Goods,2018-06-11,2018-06-22,900.7635074574246,898.5172144213711,851.4573753160519,853.5913537003025,-5.4738154613466286,9,STOP_LOSS_INTRADAY,2.907632620098281,-5.820109078548867,Model 4 Full Adaptive
ARMANFIN,Finance,2018-06-21,2018-06-25,358.7613747870375,357.866708016995,339.1234391846049,339.97337261614524,-5.473815461346635,2,STOP_LOSS_INTRADAY,2.7635110611882,-6.263012040415676,Model 4 Full Adaptive
BHARATRAS,Chemicals,2018-06-07,2018-06-27,1389.1586070219878,1385.6943710942523,1493.804440340301,1497.548311118096,7.533037105291235,14,DAILY_CLOSE_BELOW_EMA21,18.900884063684938,-1.3333492755552148,Model 4 Full Adaptive
SAKSOFT,Software & IT Services,2018-06-11,2018-06-27,16.667169368260563,16.62560535487338,15.754839274411886,15.794325087129709,-5.473815461346636,12,STOP_LOSS_INTRADAY,4.8245673199440295,-11.16225341697245,Model 4 Full Adaptive
SONATSOFTW,Software & IT Services,2018-06-21,2018-06-27,94.36151158048442,94.12619609025877,89.19633657003148,89.41988628574583,-5.473815461346624,4,STOP_LOSS_INTRADAY,1.2466810210283226,-6.498365621002962,Model 4 Full Adaptive
ZYDUSWELL,FMCG,2018-06-07,2018-06-28,231.91159661208786,231.33326345345424,261.5610191623515,262.2165605637609,12.784795147548145,15,DAILY_CLOSE_BELOW_EMA21,24.17714528557613,0.0,Model 4 Full Adaptive
KEI,Electricals,2018-06-08,2018-06-28,417.0448664344375,416.0048542986908,394.2166000547969,395.2046115837563,-5.473815461346616,14,STOP_LOSS_INTRADAY,4.870590409199513,-5.270592188293606,Model 4 Full Adaptive
DVL,Chemicals,2018-06-27,2018-06-28,101.90126733675649,101.64714946309874,96.32338000996894,96.5647919899438,-5.4738154613466365,1,STOP_LOSS_INTRADAY,0.9426242015400824,-6.147535824365585,Model 4 Full Adaptive
BANDHANBNK,Banks,2018-06-04,2018-06-29,460.1590234871053,459.01149475022976,492.22767403146713,493.4613273498417,6.969036552047639,19,DAILY_CLOSE_BELOW_EMA21,16.910215066167968,-4.770355426204826,Model 4 Full Adaptive
MUTHOOTCAP,Finance,2018-06-06,2018-06-29,890.5207377624512,888.2999877929688,1003.485,1006.0,12.685191646562458,17,DAILY_CLOSE_BELOW_EMA21,27.096703311351376,-2.0601134801809575,Model 4 Full Adaptive
VMART,Retailing,2018-06-08,2018-06-29,584.548376029926,583.09064940641,590.7982216975299,592.2789189950174,1.0691750972008498,15,DAILY_CLOSE_BELOW_EMA21,19.615366618930572,-2.694679971666174,Model 4 Full Adaptive
ORIENTLTD,Paper,2018-06-28,2018-07-03,340.2808994050629,339.43231860854155,343.86331536283086,344.7251281832891,1.0527819704342407,3,DAILY_CLOSE_BELOW_EMA21,11.920719125436914,-0.6995027262576876,Model 4 Full Adaptive
JSWSTEEL,Metals & Mining,2018-06-29,2018-07-03,295.7019173033367,294.9645060382411,279.51574003448826,280.21628073632905,-5.47381546134662,2,STOP_LOSS_INTRADAY,1.1538631819575291,-5.8461489167429175,Model 4 Full Adaptive
KDDL,Consumer Durables,2018-07-02,2018-07-03,448.36632270201824,447.24820219652696,423.82357760648387,424.8857920867006,-5.473815461346624,1,STOP_LOSS_INTRADAY,1.99936839452761,-6.579899176866466,Model 4 Full Adaptive
INTELLECT,Software & IT Services,2018-07-02,2018-07-04,188.9344957225217,188.463337379074,178.592570083845,179.0401705101203,-5.473815461346633,2,STOP_LOSS_INTRADAY,0.7751899016670846,-5.142123588534994,Model 4 Full Adaptive
HIRECT,Capital Goods,2018-06-25,2018-07-05,60.42419209966105,60.27350832883896,57.11668333011602,57.25983291239701,-5.473815461346622,8,STOP_LOSS_INTRADAY,2.6058564300506184,-5.537457901302031,Model 4 Full Adaptive
DVL,Chemicals,2018-07-09,2018-07-11,92.71343464918448,92.48222907649325,94.453433018945,94.69015841498246,1.87674890520932,2,DAILY_CLOSE_BELOW_EMA21,6.126133451322411,0.0,Model 4 Full Adaptive
EXCELINDUS,Chemicals,2018-07-04,2018-07-12,1137.4219512765967,1134.5854875577024,1176.8464383515088,1179.7959281719386,3.4661267993521365,6,DAILY_CLOSE_BELOW_EMA21,8.334655189883614,-4.0284175196378165,Model 4 Full Adaptive
COALINDIA,Metals & Mining,2018-07-05,2018-07-12,136.51733337506028,136.1768911471923,137.12034007253118,137.46400007271296,0.44170705841011065,5,DAILY_CLOSE_BELOW_EMA21,5.746698780248474,-1.5122873345935701,Model 4 Full Adaptive
HFCL,Telecom,2018-07-02,2018-07-13,28.611269652800967,28.539919853168048,29.154556979064285,29.22762604417472,1.898857802733447,9,DAILY_CLOSE_BELOW_EMA21,7.9173761198690515,-4.991395882503291,Model 4 Full Adaptive
KAMDHENU,Metals & Mining,2018-07-05,2018-07-13,10.410633219119436,10.384671540268764,10.676522684345306,10.70328088656171,2.5540181815026965,6,DAILY_CLOSE_BELOW_EMA21,5.9443902605819545,-0.9108207819133394,Model 4 Full Adaptive
EIHAHOTELS,Hospitality,2018-07-11,2018-07-13,202.1170177032506,201.61298524015024,191.05350513819738,191.53233597814273,-5.473815461346627,2,STOP_LOSS_INTRADAY,1.8213471237855283,-5.336428695516108,Model 4 Full Adaptive
PIDILITIND,Chemicals,2018-06-25,2018-07-16,502.91599529758867,501.6618406958491,509.1232590423758,510.39925718533914,1.234254587809273,15,DAILY_CLOSE_BELOW_EMA21,5.405902253697717,-2.43171927623285,Model 4 Full Adaptive
MASTEK,Software & IT Services,2018-07-02,2018-07-16,459.81496531130153,458.6682945748644,453.3416396394657,454.47783422502823,-1.4078110022916035,10,DAILY_CLOSE_BELOW_EMA21,5.324958966383911,-4.201771861314681,Model 4 Full Adaptive
GAEL,Agri,2018-07-11,2018-07-16,49.93310778060738,49.80858631482033,47.19986160658162,47.318156999079314,-5.473815461346619,3,STOP_LOSS_INTRADAY,1.9417475728155356,-9.635925427913554,Model 4 Full Adaptive
ARVIND,Textiles,2018-07-02,2018-07-17,135.21230028817928,134.87511250691202,131.5032097763703,131.8327917557597,-2.7431605733381845,11,DAILY_CLOSE_BELOW_EMA21,5.213027507826678,-3.7218144180418142,Model 4 Full Adaptive
HGINFRA,Infrastructure,2018-07-10,2018-07-17,260.59617209070325,259.94630632489105,263.2749488062751,263.93478577070186,1.0279416977159184,5,DAILY_CLOSE_BELOW_EMA21,5.247181338010274,-0.35992125898677185,Model 4 Full Adaptive
ALBERTDAVD,Healthcare,2018-07-18,2018-07-18,353.21815772587644,352.337314439777,333.8836475959937,334.72044871778814,-5.4738154613466286,0,STOP_LOSS_INTRADAY,2.093174781628921,-7.338864071474149,Model 4 Full Adaptive
TFCILTD,Finance,2018-06-13,2018-07-19,26.242089570982557,26.176647951104798,24.805646014665683,24.867815553549555,-5.473815461346628,26,STOP_LOSS_INTRADAY,2.06804918214274,-5.1700958181845085,Model 4 Full Adaptive
PGHL,Healthcare,2018-07-17,2018-07-19,1711.1866141489054,1706.9193158592573,1617.5194166911288,1621.5733500662943,-5.473815461346628,2,STOP_LOSS_INTRADAY,2.674616153741867,-6.657249954242254,Model 4 Full Adaptive
EIHAHOTELS,Hospitality,2018-07-18,2018-07-19,196.9585730181758,196.46740450690854,186.1774241958592,186.6440342815631,-5.4738154613466286,1,STOP_LOSS_INTRADAY,0.5833362397693346,-5.749995693284903,Model 4 Full Adaptive
FSL,Software & IT Services,2018-07-06,2018-07-20,53.382573815397414,53.24945018992261,54.04412563568223,54.17957457211251,1.2392654999598367,10,DAILY_CLOSE_BELOW_EMA21,10.989819583313906,-0.6550174210068883,Model 4 Full Adaptive
VMART,Retailing,2018-07-20,2018-07-20,611.2599169146335,609.7355779697093,577.8006770735458,579.2487990712239,-5.4738154613466286,0,STOP_LOSS_INTRADAY,1.4478487666155486,-7.975460122699374,Model 4 Full Adaptive
IVZINGOLD,ETF,2018-07-23,2018-07-23,3000.4824999999996,2993.0,2836.241625,2843.35,-5.473815461346618,0,STOP_LOSS_INTRADAY,0.7016371533578349,-7.617774807885065,Model 4 Full Adaptive
ALBERTDAVD,Healthcare,2018-07-23,2018-07-24,334.5090480751245,333.67486092281746,354.37218359612376,355.2603344322043,5.937996486282899,1,DAILY_CLOSE_BELOW_EMA21,8.881404907555599,0.0,Model 4 Full Adaptive
TECHM,Software & IT Services,2018-07-04,2018-07-25,492.01540655019846,490.7884354615446,465.0833911542462,466.24901368846736,-5.473815461346631,15,STOP_LOSS_INTRADAY,0.6688196432826236,-5.7338092138197485,Model 4 Full Adaptive
INTELLECT,Software & IT Services,2018-07-23,2018-07-27,184.15011284192104,183.69088562785143,187.65214474363282,188.12245087080984,1.9017267204815693,4,DAILY_CLOSE_BELOW_EMA21,12.407213156226865,-1.1930019788079378,Model 4 Full Adaptive
EIHAHOTELS,Hospitality,2018-07-24,2018-07-27,192.26910431902908,191.78963024342053,199.9702679118758,200.47144652819628,4.0054087837577335,3,DAILY_CLOSE_BELOW_EMA21,5.389588702111563,-1.1951204625571679,Model 4 Full Adaptive
HGINFRA,Infrastructure,2018-07-24,2018-07-27,258.6709168893558,258.02585225870905,244.51174824665915,245.1245596457736,-5.473815461346628,3,STOP_LOSS_INTRADAY,0.7824380889193879,-7.633582875236752,Model 4 Full Adaptive
BSHSL,Agri,2018-07-30,2018-08-06,8.020001912117005,8.000001907348633,7.4843683290481575,7.50312614440918,-6.678721388577055,5,STOP_LOSS_GAP_DOWN,1.562499627471059,-6.21094555593835,Model 4 Full Adaptive
KHADIM,Footwear,2018-07-20,2018-08-07,762.5626107992277,760.6609584032198,769.6689036055748,771.5978983514534,0.9318963067044495,12,DAILY_CLOSE_BELOW_EMA21,7.051838634985219,-2.444286321862103,Model 4 Full Adaptive
HDFCLIFE,Insurance,2018-07-06,2018-08-08,452.52934446134293,451.4008423554543,465.96358532470265,467.131413859351,2.9687004893242523,23,DAILY_CLOSE_BELOW_EMA21,10.562767002959347,-1.3961025725797067,Model 4 Full Adaptive
GAEL,Agri,2018-07-24,2018-08-08,48.28984215511758,48.1694186085961,48.158030734153236,48.27872755303582,-0.2729588979415994,11,DAILY_CLOSE_BELOW_EMA21,17.851736997292956,-1.260716067335354,Model 4 Full Adaptive
TECHM,Software & IT Services,2018-07-27,2018-08-10,478.63265733185796,477.43905968265136,488.2474677191405,489.47114558309823,2.008807848774965,10,DAILY_CLOSE_BELOW_EMA21,8.626945713833116,-1.4615262510952878,Model 4 Full Adaptive
FSL,Software & IT Services,2018-08-09,2018-08-10,53.37445022100359,53.241346853868926,50.45283131239754,50.57927951117548,-5.47381546134662,1,STOP_LOSS_INTRADAY,0.22287353593285655,-10.624074981972557,Model 4 Full Adaptive
THOMASCOOK,Hospitality,2018-08-03,2018-08-16,94.69287464594625,94.45673281391147,89.50956143278286,89.7338961732159,-5.4738154613466286,8,STOP_LOSS_INTRADAY,2.5070600961713883,-6.672942860445688,Model 4 Full Adaptive
ENIL,Media & Entertainment,2018-08-17,2018-08-20,660.5098093597813,658.8626527279615,690.0714859999638,691.8009884711416,4.475584801508999,1,DAILY_CLOSE_BELOW_EMA21,5.990453751494084,-1.750828536157694,Model 4 Full Adaptive
KAMDHENU,Metals & Mining,2018-07-25,2018-08-24,10.505457174026661,10.479259026460511,10.944676303097188,10.972106569520989,4.180866399193334,20,DAILY_CLOSE_BELOW_EMA21,12.114016023603845,-4.8218532796970095,Model 4 Full Adaptive
SEAMECLTD,Logistics,2018-08-30,2018-09-04,283.51596555552425,282.8089431975304,267.9968247975598,268.6684960376539,-5.473815461346628,3,STOP_LOSS_INTRADAY,0.0,-8.037904505870697,Model 4 Full Adaptive
BERGEPAINT,Chemicals,2018-09-10,2018-09-10,254.10931808160868,253.47562900908596,240.1998429397351,240.80184755863166,-5.473815461346625,0,STOP_LOSS_INTRADAY,0.40951717026968876,-5.764681806000837,Model 4 Full Adaptive
KAMDHENU,Metals & Mining,2018-09-10,2018-09-12,10.710076877046562,10.683368455906797,10.732821033077151,10.75972033391193,0.21236221076370793,2,DAILY_CLOSE_BELOW_EMA21,6.710158171415495,-0.7455861962962337,Model 4 Full Adaptive
SEAMECLTD,Logistics,2018-09-10,2018-09-12,279.6349314137418,278.937587445129,263.684587077263,264.34545070402305,-5.703988502380272,2,STOP_LOSS_GAP_DOWN,1.316730322786912,-5.231326790612767,Model 4 Full Adaptive
RITES,Infrastructure,2018-09-07,2018-09-12,73.9219395620249,73.73759557309218,69.87558900495148,70.05071579443756,-5.4738154613466214,3,STOP_LOSS_INTRADAY,3.8281367400041217,-6.820899702206891,Model 4 Full Adaptive
TATAELXSI,Software & IT Services,2018-09-10,2018-09-12,1239.3147909786182,1236.2242304026117,1171.476986335275,1174.413018882481,-5.473815461346637,2,STOP_LOSS_INTRADAY,0.8804108584005889,-5.663976082759263,Model 4 Full Adaptive
PERSISTENT,Software & IT Services,2018-09-07,2018-09-14,393.3134167837279,392.33258532042686,389.1036798507168,390.07887704332506,-1.0703262979014891,4,DAILY_CLOSE_BELOW_EMA21,7.268473654367555,-1.8346984636850128,Model 4 Full Adaptive
GODREJCP,FMCG,2018-09-14,2018-09-19,818.8557208773674,816.8136866607157,774.0330698218607,775.9730023276799,-5.473815461346618,3,STOP_LOSS_INTRADAY,0.46702078504600036,-7.483758912097069,Model 4 Full Adaptive
VIPIND,FMCG,2018-09-17,2018-09-19,540.4018336426063,539.0541981472383,510.82123451927663,512.1014882398763,-5.473815461346635,2,STOP_LOSS_INTRADAY,1.2612612612612568,-7.036032979721366,Model 4 Full Adaptive
BAJFINANCE,Finance,2018-09-17,2018-09-19,258.57074096696175,257.9259261515828,244.41705576939367,245.02962984400367,-5.473815461346623,2,STOP_LOSS_INTRADAY,0.0,-6.522559449071717,Model 4 Full Adaptive
TFCILTD,Finance,2018-07-25,2018-09-21,25.428045701130163,25.364634115840563,24.036161404023414,24.096402410048533,-5.473815461346627,38,STOP_LOSS_INTRADAY,4.310746230218456,-7.4499377500896555,Model 4 Full Adaptive
MITTAL,Textiles,2018-08-31,2018-09-21,1.1016401022591003,1.0988928700838907,1.041338356013247,1.0439482265796962,-5.4738154613466135,13,STOP_LOSS_INTRADAY,0.0,-8.496685996576634,Model 4 Full Adaptive
NESTLEIND,FMCG,2018-09-10,2018-09-21,472.6098767850196,471.43129853867293,446.74008427770997,447.8597336117393,-5.473815461346622,7,STOP_LOSS_INTRADAY,2.609563582551031,-11.962200668682424,Model 4 Full Adaptive
BERGEPAINT,Chemicals,2018-09-17,2018-09-21,247.34534019115404,246.72851889391924,233.80611271685024,234.39209294922327,-5.473815461346626,3,STOP_LOSS_INTRADAY,0.8737867531526132,-8.932042004878985,Model 4 Full Adaptive
TATAELXSI,Software & IT Services,2018-09-17,2018-09-21,1222.948079596998,1219.8983337625916,1156.0061585317758,1158.903417074462,-5.473815461346635,3,STOP_LOSS_INTRADAY,2.4535315985130137,-10.063183389515732,Model 4 Full Adaptive
BANDHANBNK,Banks,2018-09-17,2018-09-21,600.3215358151716,598.8244746286001,567.4610427699272,568.8832508971701,-5.473815461346632,3,STOP_LOSS_INTRADAY,1.4748391868051909,-12.624250345208123,Model 4 Full Adaptive
RITES,Infrastructure,2018-09-21,2018-09-21,71.97236781342387,71.79288559942532,68.03273321615542,68.20324131945405,-5.473815461346616,0,STOP_LOSS_INTRADAY,0.0,-14.062501280568519,Model 4 Full Adaptive
POWERMECH,Infrastructure,2018-09-17,2018-09-24,471.846871112165,470.67019562310725,446.018844127347,447.1366858419519,-5.47381546134663,4,STOP_LOSS_INTRADAY,0.0,-8.889328615190783,Model 4 Full Adaptive
MAHLOG,Logistics,2018-09-17,2018-09-24,530.4641913579106,529.1413380128785,501.42756043445394,502.6842711122345,-5.473815461346632,4,STOP_LOSS_INTRADAY,3.4545475643277395,-5.454543526449164,Model 4 Full Adaptive
HAVELLS,Capital Goods,2018-09-14,2018-09-25,619.0015600469923,617.4579152588452,585.1185569471631,586.5850194959029,-5.473815461346633,6,STOP_LOSS_INTRADAY,3.4461570425618273,-6.861546281881459,Model 4 Full Adaptive
HONAUT,Consumer Durables,2018-09-27,2018-09-28,21478.937139814818,21425.37370555094,20303.219757722713,20354.105020273393,-5.4738154613466214,1,STOP_LOSS_INTRADAY,0.00023270721370167584,-5.141402145841477,Model 4 Full Adaptive
ZOTA,Healthcare,2018-09-27,2018-10-01,193.55451065901656,193.0718310813133,181.49763583304727,181.9525171258619,-6.229188245170782,2,STOP_LOSS_GAP_DOWN,0.0,-5.759159113567648,Model 4 Full Adaptive
SIRCA,Chemicals,2018-10-11,2018-10-12,60.60177214287025,60.450645529047634,63.17091709172362,63.329240192204125,4.239389143268843,1,DAILY_CLOSE_BELOW_EMA21,5.879224678174124,0.0,Model 4 Full Adaptive
GSS,Software & IT Services,2018-10-15,2018-10-22,96.59087347030639,96.3499984741211,101.64525152206421,101.9000015258789,5.232769795079678,4,DAILY_CLOSE_BELOW_EMA21,18.214845178717482,0.0,Model 4 Full Adaptive
BSHSL,Agri,2018-10-30,2018-10-31,8.333283162117004,8.312501907348633,7.877134619951248,7.896876811981201,-5.473815461346626,1,STOP_LOSS_INTRADAY,0.0,-9.661662243913408,Model 4 Full Adaptive
GRSE,Ship Building,2018-12-10,2018-12-27,77.00855516438828,76.81651387968907,77.89473239428754,78.08995728750631,1.1507516638996274,12,DAILY_CLOSE_BELOW_EMA21,5.882350434369567,-3.3155063894343124,Model 4 Full Adaptive
VIMTALABS,Healthcare,2019-01-14,2019-01-18,142.90338406541457,142.54701652410432,135.08111653365435,135.4196656978991,-5.473815461346629,4,STOP_LOSS_INTRADAY,4.0404166414322535,-6.885517117253602,Model 4 Full Adaptive
VINDHYATEL,Telecom,2019-01-14,2019-01-22,1652.9779853667983,1648.8558457524173,1562.4970208311345,1566.4130534647963,-5.4738154613466286,6,STOP_LOSS_INTRADAY,3.8026959180348694,-6.27459849615757,Model 4 Full Adaptive
DANGEE,FMCG,2019-01-22,2019-01-24,13.450207695960998,13.416666030883789,12.71396814751625,12.745832729339599,-5.473815461346638,2,STOP_LOSS_INTRADAY,0.0,-7.080744255527674,Model 4 Full Adaptive
RESPONIND,Construction Materials,2019-01-24,2019-01-24,88.75954235034918,88.53819685820368,83.90100879775525,84.11128701529348,-5.473815461346632,0,STOP_LOSS_INTRADAY,0.0,-5.505619691998769,Model 4 Full Adaptive
GSS,Software & IT Services,2019-01-24,2019-01-24,122.30499999999999,122.0,115.61025,115.89999999999999,-5.473815461346633,0,STOP_LOSS_INTRADAY,5.245896636462603,-5.245902890064677,Model 4 Full Adaptive
ATUL,Chemicals,2018-12-14,2019-01-28,3278.975303196213,3270.7983074276444,3304.2256253357564,3312.506892567174,0.7700674693990586,30,DAILY_CLOSE_BELOW_EMA21,8.08056098333259,-4.472753390114658,Model 4 Full Adaptive
RESPONIND,Construction Materials,2019-01-28,2019-01-28,88.75952576945889,88.53818031866224,83.90099312447231,84.11127130272912,-5.473815461346624,0,STOP_LOSS_INTRADAY,1.1235955056179672,-6.966288705890096,Model 4 Full Adaptive
SRF,Diversified,2018-12-28,2019-01-29,391.2911129888891,390.31532467719614,390.0275949887897,391.00510775818515,-0.3229099660475227,22,DAILY_CLOSE_BELOW_EMA21,6.4211304210169144,-3.04876219102755,Model 4 Full Adaptive
IOLCP,Healthcare,2019-01-30,2019-01-31,32.773914252941424,32.69218379345778,35.72494502352334,35.81448122658981,9.004206051820814,1,DAILY_CLOSE_BELOW_EMA21,12.191012187101064,-1.123589124511929,Model 4 Full Adaptive
SIRCA,Chemicals,2019-01-30,2019-02-01,73.91835385467768,73.73401880765853,79.82186165288454,80.02191644399451,7.986524983785574,2,DAILY_CLOSE_BELOW_EMA21,7.0010834820365355,0.0,Model 4 Full Adaptive
SIRCA,Chemicals,2019-02-01,2019-02-06,80.22197123510449,80.02191644399451,74.75277688675703,74.94012720476896,-6.817576611672916,3,STOP_LOSS_GAP_DOWN,3.6977569291567667,-6.350496795190083,Model 4 Full Adaptive
SPLIL,Textiles,2019-02-04,2019-02-06,60.4507492351532,60.29999923706055,56.657999238967896,56.79999923706055,-6.274115778832644,2,STOP_LOSS_GAP_DOWN,1.9900510416622514,-5.804311847899478,Model 4 Full Adaptive
ATUL,Chemicals,2019-01-30,2019-02-26,3385.814159439734,3377.3707326082135,3189.1736959631244,3197.16661249436,-5.807774857588418,18,STOP_LOSS_GAP_DOWN,1.8359074092723995,-5.3356333781778496,Model 4 Full Adaptive
IOLCP,Healthcare,2019-03-01,2019-03-05,34.016750801659484,33.93192099916158,35.35853554174188,35.44715342530514,3.944482375479959,1,DAILY_CLOSE_BELOW_EMA21,5.493907273022155,-0.1894443663839563,Model 4 Full Adaptive
IVZINGOLD,ETF,2019-03-11,2019-03-11,3106.7475,3099.0,2936.689875,2944.0499999999997,-5.473815461346631,0,STOP_LOSS_INTRADAY,0.5485640529202969,-6.515001689052919,Model 4 Full Adaptive
SAKUMA,Trading,2019-02-28,2019-03-18,6.579350049736881,6.562942693004371,6.219208569458267,6.234795558354152,-5.473815461346619,11,STOP_LOSS_INTRADAY,3.0523302910477166,-6.249996460215336,Model 4 Full Adaptive
DANGEE,FMCG,2019-03-06,2019-03-26,13.029157619476317,12.996665954589844,12.758024961948395,12.789999961853027,-2.080968435922715,13,DAILY_CLOSE_BELOW_EMA21,12.516033176421,-6.642724768256395,Model 4 Full Adaptive
GRSE,Ship Building,2019-02-25,2019-04-25,68.44289877597097,68.27221823039498,82.93451970111164,83.14237564021217,21.173300933052243,38,DAILY_CLOSE_BELOW_EMA21,31.16727573774635,-0.902523608857228,Model 4 Full Adaptive
CANTABIL,Retailing,2019-05-03,2019-05-03,51.560024114415064,51.43144550066341,48.737723542566165,48.85987322563024,-5.473815461346623,0,STOP_LOSS_INTRADAY,4.542861360807848,-5.341192436211686,Model 4 Full Adaptive
ASIANPAINT,Chemicals,2019-04-12,2019-05-09,1344.512536347503,1341.1596372543672,1270.9164012531699,1274.1016553916488,-5.473815461346622,15,STOP_LOSS_INTRADAY,3.2908758442164836,-6.0163909430495845,Model 4 Full Adaptive
SEAMECLTD,Logistics,2019-05-13,2019-05-13,422.88563520968705,421.83105756577265,399.7376559257653,400.739504687484,-5.473815461346629,0,STOP_LOSS_INTRADAY,0.24708501301493557,-5.58889265037349,Model 4 Full Adaptive
BALAXI,Trading,2019-03-20,2019-05-24,6.2768018019199365,6.261148929595947,20.03140803572001,20.08161206588472,219.13399001371747,41,DAILY_CLOSE_BELOW_EMA21,347.84691156945473,0.0,Model 4 Full Adaptive
DIVISLAB,Healthcare,2019-05-13,2019-05-28,1572.154170032027,1568.23358606686,1514.3396475492716,1518.134985011801,-3.677407953036667,11,DAILY_CLOSE_BELOW_EMA21,7.332994553052913,-4.522628398332201,Model 4 Full Adaptive
SEAMECLTD,Logistics,2019-05-15,2019-05-30,417.9099143291109,416.8677449666942,430.9258124112004,432.005826978647,3.114522445102672,11,DAILY_CLOSE_BELOW_EMA21,17.847356916817418,-2.7265178888449504,Model 4 Full Adaptive
MARINE,Electricals,2019-05-23,2019-05-30,19.646236063024155,19.597242955635068,20.191608667373657,20.24221420288086,2.7759648341798093,5,DAILY_CLOSE_BELOW_EMA21,11.392391828848153,-0.2531606939774515,Model 4 Full Adaptive
MUTHOOTFIN,Finance,2019-05-13,2019-06-10,510.7882130162825,509.5144269489102,548.486752264897,549.8614057793453,7.380463818066358,19,DAILY_CLOSE_BELOW_EMA21,14.996519445779,-4.914153537638584,Model 4 Full Adaptive
PRESTIGE,Real Estate,2019-05-15,2019-06-10,240.9058474878859,240.30508477594603,264.18482877391705,264.8469461392652,9.663103460866285,17,DAILY_CLOSE_BELOW_EMA21,26.849045060007352,-1.904749301945811,Model 4 Full Adaptive
HGINFRA,Infrastructure,2019-05-06,2019-06-13,243.44187402810556,242.83478706045443,274.6658268898734,275.3542124209257,12.826040296651275,27,DAILY_CLOSE_BELOW_EMA21,25.11685698428235,-4.389359260213192,Model 4 Full Adaptive
SUVEN,Healthcare,2019-05-17,2019-06-17,11.868521718978881,11.838924407958984,12.325999402999878,12.356891632080078,3.854546462087585,20,DAILY_CLOSE_BELOW_EMA21,11.202671626223658,-2.256232715096457,Model 4 Full Adaptive
BALRAMCHIN,Agri,2019-06-21,2019-06-25,132.36865832561384,132.03856192081182,125.1230422402093,125.43663382477122,-5.473815461346624,2,STOP_LOSS_INTRADAY,1.06382978723404,-5.67375494749163,Model 4 Full Adaptive
TRIVENI,Agri,2019-06-24,2019-06-25,62.88908817157098,62.73225752775161,59.446655539735616,59.595644651364026,-5.4738154613466286,1,STOP_LOSS_INTRADAY,0.0,-6.720815878290708,Model 4 Full Adaptive
HEIDELBERG,Cement & Cement Products,2019-06-24,2019-07-01,149.15823068456285,148.78626502200785,153.76115049176033,154.14651678371962,3.085930817275282,5,DAILY_CLOSE_BELOW_EMA21,5.6688802636827065,-1.9867549668874218,Model 4 Full Adaptive
HAVELLS,Capital Goods,2019-05-10,2019-07-08,699.9479012919053,698.2023953036462,721.567237372537,723.3756765639467,3.0887064652567027,40,DAILY_CLOSE_BELOW_EMA21,9.775500906199168,-3.510201023390459,Model 4 Full Adaptive
HONAUT,Consumer Durables,2019-06-27,2019-07-08,24167.253847446424,24106.986381492694,22844.382969762017,22901.63706241806,-5.473815461346614,7,STOP_LOSS_INTRADAY,3.6524771458143936,-5.4072316953218476,Model 4 Full Adaptive
BATAINDIA,Footwear,2019-05-10,2019-07-10,1216.081754671056,1213.0491318414524,1228.2421472067228,1231.3204483275417,0.9999650507836325,42,DAILY_CLOSE_BELOW_EMA21,7.861867945162001,-4.437924751299893,Model 4 Full Adaptive
BAJFINANCE,Finance,2019-07-10,2019-07-10,349.94047214801776,349.06780264141423,330.78537647807013,331.6144125093435,-5.473815461346639,0,STOP_LOSS_INTRADAY,0.0,-5.220901169483769,Model 4 Full Adaptive
RECLTD,Finance,2019-07-12,2019-07-15,63.78724842290377,63.62817797795888,66.08526794591528,66.25089518387496,3.602631528759227,1,DAILY_CLOSE_BELOW_EMA21,5.091795158088871,-1.2469677978760272,Model 4 Full Adaptive
AVADHSUGAR,Agri,2019-07-15,2019-07-15,277.7543585907694,277.0617043299446,262.55059756566374,263.20861911344736,-5.473815461346622,0,STOP_LOSS_INTRADAY,0.5909618832948389,-7.29914597570566,Model 4 Full Adaptive
IPCALAB,Healthcare,2019-05-20,2019-07-18,452.97806425965035,451.84844315177094,457.98845655468153,459.1362972979263,1.1061004252424875,42,DAILY_CLOSE_BELOW_EMA21,5.483852524891455,-4.037644682884421,Model 4 Full Adaptive
MANAPPURAM,Finance,2019-07-12,2019-07-19,112.20304032901609,111.92323224839511,114.97867763389279,115.26684474575717,2.4737630074351085,5,DAILY_CLOSE_BELOW_EMA21,8.136779856640398,-0.9040742780091671,Model 4 Full Adaptive
AARTIIND,Chemicals,2019-07-15,2019-07-19,420.87039519443573,419.820843086719,397.8327264300521,398.829800932383,-5.473815461346615,4,STOP_LOSS_INTRADAY,0.0,-6.976754690211124,Model 4 Full Adaptive
GMMPFAUDLR,Capital Goods,2019-07-12,2019-07-22,420.4310535398008,419.38259704718286,419.63215570042263,420.6838653638322,-0.19001875162452908,6,DAILY_CLOSE_BELOW_EMA21,7.214966384640048,-1.6378017083848144,Model 4 Full Adaptive
MUTHOOTFIN,Finance,2019-07-10,2019-07-24,552.6231191906261,551.2450066739412,522.3735494493936,523.6827563402442,-5.47381546134662,10,STOP_LOSS_INTRADAY,3.424846898699388,-5.311300911984016,Model 4 Full Adaptive
PGHH,FMCG,2019-06-20,2019-08-02,9539.985583434533,9516.195095695295,9617.812499589885,9641.91729282194,0.8157969996358607,31,DAILY_CLOSE_BELOW_EMA21,5.6034106191948645,-2.008924813971569,Model 4 Full Adaptive
RVNL,Infrastructure,2019-08-02,2019-08-20,19.6131823790243,19.564271699774864,20.089341616001573,20.139690843109346,2.4277510287494803,10,DAILY_CLOSE_BELOW_EMA21,10.924389397341256,-3.781523908423326,Model 4 Full Adaptive
SUPREMEENG,Diversified / Other,2019-08-01,2019-08-22,3.4953235924243926,3.486607074737549,3.30399602919817,3.3122767210006714,-5.4738154613466286,13,STOP_LOSS_INTRADAY,3.943663416505458,-9.859148284074895,Model 4 Full Adaptive
ABBOTINDIA,Healthcare,2019-08-02,2019-08-26,7571.327752531716,7552.446635941862,7958.309370897115,7978.255008418159,5.11114603691537,14,DAILY_CLOSE_BELOW_EMA21,11.103104488589924,-1.9446130321998045,Model 4 Full Adaptive
RVNL,Infrastructure,2019-08-26,2019-08-30,19.77800089062144,19.72867919263984,19.925349237196798,19.975287455836387,0.7450113254127261,4,DAILY_CLOSE_BELOW_EMA21,8.125012143698763,-2.91666984558106,Model 4 Full Adaptive
AGROPHOS,Chemicals,2019-08-26,2019-08-30,79.60797241712417,79.40944879513634,86.73644656650453,86.95383114436544,8.954472690284186,4,DAILY_CLOSE_BELOW_EMA21,14.25092056895535,-0.24360164672259074,Model 4 Full Adaptive
SUPREMEENG,Diversified / Other,2019-08-26,2019-08-30,3.416555959600328,3.408035869925514,3.1839844769239427,3.1919643878936768,-6.80719079173495,4,STOP_LOSS_GAP_DOWN,3.7463943736019405,-6.340058916004305,Model 4 Full Adaptive
PIDILITIND,Chemicals,2019-09-23,2019-10-07,694.1067127919158,692.3757733585195,656.1125922288671,657.7569846905935,-5.473815461346622,9,STOP_LOSS_INTRADAY,4.076643828349452,-5.707306453357003,Model 4 Full Adaptive
GILLETTE,FMCG,2019-07-12,2019-11-07,6407.587363503761,6391.608342647143,6793.892038935682,6810.919337278879,6.028863182298997,77,DAILY_CLOSE_BELOW_EMA21,12.898746024451583,-4.432738345327883,Model 4 Full Adaptive
MARINE,Electricals,2019-11-14,2019-11-18,19.49702341079712,19.448402404785156,19.795693911038914,19.845307178986378,1.5318774253325027,2,DAILY_CLOSE_BELOW_EMA21,6.122443021609975,-1.020412035953522,Model 4 Full Adaptive
EQ30,Unclassified,2019-11-14,2019-11-20,348.4690061187744,347.6000061035156,323.19,324.0,-7.254305454688891,4,STOP_LOSS_GAP_DOWN,0.014380837770717296,-6.789414755213646,Model 4 Full Adaptive
MPSLTD,Miscellaneous,2019-11-25,2019-12-02,424.0417678384718,422.98430707079484,400.83050398796195,401.83509171725507,-5.47381546134663,5,STOP_LOSS_INTRADAY,0.0,-5.876286750771356,Model 4 Full Adaptive
DYNPRO,Chemicals,2019-12-02,2019-12-02,138.10432842560678,137.75992860409656,130.54475234345702,130.87193217389174,-5.473815461346606,0,STOP_LOSS_INTRADAY,0.0,-5.937051716894489,Model 4 Full Adaptive
DMART,Retailing,2019-11-20,2019-12-10,1845.6025,1841.0,1744.577625,1748.9499999999998,-5.473815461346637,14,STOP_LOSS_INTRADAY,1.520912547528517,-5.915264769911054,Model 4 Full Adaptive
FINEORG,Chemicals,2019-12-05,2019-12-11,1859.3509036391613,1854.7141183433032,1757.5734663950727,1761.978412426138,-5.473815461346623,4,STOP_LOSS_INTRADAY,2.124727439220658,-5.037258745564506,Model 4 Full Adaptive
WHIRLPOOL,Consumer Durables,2019-11-28,2019-12-17,2173.3403925962734,2167.920591118477,2202.6924586523915,2208.212991130217,1.3505507998705175,13,DAILY_CLOSE_BELOW_EMA21,10.970092149473688,-4.805077622125736,Model 4 Full Adaptive
HINDUNILVR,Consumer Goods,2019-11-22,2019-12-18,1838.380508194602,1833.796018149229,1737.7509516986631,1742.1062172417674,-5.473815461346632,18,STOP_LOSS_INTRADAY,2.4341470346687295,-6.958533580842784,Model 4 Full Adaptive
SHREDIGCEM,Construction Materials,2019-10-16,2019-12-19,13.246342946522272,13.213309672341419,18.655160384888347,18.701915172820396,40.83253362986589,44,DAILY_CLOSE_BELOW_EMA21,66.46151459425135,-0.6153869628906246,Model 4 Full Adaptive
VSTIND,Consumer Goods,2019-12-16,2019-12-26,288.0566205857482,287.33827489850194,291.7304326187468,292.46158658520983,1.2753784396720753,7,DAILY_CLOSE_BELOW_EMA21,5.638272884986778,-0.445455320870656,Model 4 Full Adaptive
BAJFINANCE,Finance,2019-12-04,2020-01-07,385.41986891259137,384.45872210732307,392.8961012164845,393.88080322454584,1.93976307578182,23,DAILY_CLOSE_BELOW_EMA21,8.533361812854343,-1.9643675034989088,Model 4 Full Adaptive
VADILALIND,FMCG,2019-11-21,2020-01-13,722.031450925469,720.2308737411163,724.6670708450945,726.4832790427012,0.3650284092538136,36,DAILY_CLOSE_BELOW_EMA21,7.344625728948703,-3.727443873854431,Model 4 Full Adaptive
SUVEN,Healthcare,2019-12-05,2020-01-20,12.813904871940611,12.781949996948242,14.114659817218781,14.15003490447998,10.151120663666797,31,DAILY_CLOSE_BELOW_EMA21,17.02707768185951,-4.052333362630593,Model 4 Full Adaptive
HNDFDS,FMCG,2020-01-24,2020-01-28,131.9290061187744,131.60000610351562,124.707455783844,125.02000579833984,-5.473815461346618,2,STOP_LOSS_INTRADAY,1.8237034841750364,-5.015201973717317,Model 4 Full Adaptive
SPANDANA,Finance,2020-01-29,2020-01-29,1092.725,1090.0,1032.91125,1035.5,-5.473815461346616,0,STOP_LOSS_INTRADAY,3.669724770642202,-7.79816513761468,Model 4 Full Adaptive
PFIZER,Healthcare,2020-01-15,2020-02-03,3535.1973190609024,3526.3813656467855,3474.668236979632,3483.3766786763226,-1.7121839778196388,13,DAILY_CLOSE_BELOW_EMA21,7.7561086855492265,-3.1585291578271923,Model 4 Full Adaptive
RVNL,Infrastructure,2019-12-12,2020-02-04,19.43948054014315,19.39100303256175,20.08330525380843,20.1336393521889,3.311944022041945,37,DAILY_CLOSE_BELOW_EMA21,24.680872213044417,-3.4042479876278327,Model 4 Full Adaptive
ICICIPRULI,Insurance,2020-01-03,2020-02-04,482.68780127372986,481.4840910461146,442.25836648319006,443.3667834417945,-8.375897357226243,22,DAILY_CLOSE_BELOW_EMA21,9.641646341584655,-10.25772872199984,Model 4 Full Adaptive
ICICIPRULI,Insurance,2020-02-05,2020-02-07,465.787016123969,464.62545249273717,483.1899307053954,484.40093303799034,3.7362386625209423,2,DAILY_CLOSE_BELOW_EMA21,6.5226606416663095,-0.21281123919748404,Model 4 Full Adaptive
KOTAKBANK,Financial Services,2020-01-27,2020-02-10,324.63525959442114,323.8256953560311,329.2238329790957,330.04895536751445,1.4134550234645513,10,DAILY_CLOSE_BELOW_EMA21,6.158284414839953,-1.24639211650755,Model 4 Full Adaptive
AVANTIFEED,Consumer Goods,2020-02-07,2020-02-10,577.6677395112562,576.2271715823005,595.5962186251131,597.088940977557,3.103597083165072,1,DAILY_CLOSE_BELOW_EMA21,5.247212825209314,-0.7974481658692236,Model 4 Full Adaptive
VSTIND,Consumer Goods,2020-02-05,2020-02-12,301.4153154423477,300.66365630159373,305.10998432626155,305.87467100377097,1.225773441038208,5,DAILY_CLOSE_BELOW_EMA21,6.174493735484823,-1.42056944463694,Model 4 Full Adaptive
UJJIVANSFB,Diversified / Other,2020-02-06,2020-02-17,52.318422909948346,52.1879530273799,49.45460898757088,49.578555376010904,-5.473815461346625,7,STOP_LOSS_INTRADAY,3.5587188128988054,-5.338084975575801,Model 4 Full Adaptive
MITTAL,Textiles,2019-12-23,2020-02-19,8.26362378358841,8.243016242980957,8.226440269947052,8.247057914733887,-0.4499661966122447,41,DAILY_CLOSE_BELOW_EMA21,5.934276778348037,-4.855324200615288,Model 4 Full Adaptive
KIRLFER,Metals & Mining,2020-02-20,2020-02-24,61.90961638037208,61.75522830959809,61.60084123259019,61.755229305854826,-0.4987515120183842,1,DAILY_CLOSE_BELOW_EMA21,6.30499009409214,0.0,Model 4 Full Adaptive
BERGEPAINT,Chemicals,2020-01-08,2020-02-25,388.28256994870975,387.3142842381145,454.2819878884091,455.42053923650036,16.997780237319837,33,DAILY_CLOSE_BELOW_EMA21,23.79470348424283,0.0,Model 4 Full Adaptive
PRINCEPIPE,Plastic Products,2020-02-11,2020-02-26,175.7385218572391,175.3002711792909,170.9286774271914,171.3570701024475,-2.7369323351626837,10,DAILY_CLOSE_BELOW_EMA21,9.219655979405799,-4.9986120361137205,Model 4 Full Adaptive
ICICIGI,Insurance,2020-01-24,2020-02-26,1284.5309117364775,1281.327592754591,1214.2180600840693,1217.2612131168614,-5.473815461346635,22,STOP_LOSS_INTRADAY,4.640724976701965,-9.131743230731256,Model 4 Full Adaptive
NPBET,ETF,2020-01-27,2020-02-27,175.1367469406128,174.6999969482422,164.5875,165.0,-6.023434330540545,22,STOP_LOSS_GAP_DOWN,0.24614077966910874,-5.5523738509943845,Model 4 Full Adaptive
HNDFDS,FMCG,2020-02-04,2020-02-27,129.2723719406128,128.9499969482422,136.6575,137.0,5.712843315646669,16,DAILY_CLOSE_BELOW_EMA21,17.86739751081161,-1.47343461919351,Model 4 Full Adaptive
PIIND,Chemicals,2020-01-09,2020-02-28,1421.3733784471212,1417.8288064310436,1483.5145223537947,1487.2326038634533,4.371908525159234,35,DAILY_CLOSE_BELOW_EMA21,12.337083174561453,-2.2205326575386137,Model 4 Full Adaptive
BAJAJFINSV,Finance,2020-02-05,2020-02-28,952.8899411036268,950.5136569612238,900.7305041778797,902.9879741131625,-5.473815461346635,16,STOP_LOSS_INTRADAY,3.154598960168616,-7.494234998808171,Model 4 Full Adaptive
BAJFINANCE,Finance,2020-01-09,2020-03-02,399.8220216418558,398.8249592437465,445.70210484679944,446.81915272862096,11.47512661172053,36,DAILY_CLOSE_BELOW_EMA21,19.910356475138048,-0.6307986948028812,Model 4 Full Adaptive
MCX,Finance,2020-02-05,2020-03-02,237.06629211175306,236.47510435087588,242.63010491309714,243.23820041413245,2.346943866115434,17,DAILY_CLOSE_BELOW_EMA21,10.648724103792361,-4.984189166144039,Model 4 Full Adaptive
ALKEM,Healthcare,2019-12-27,2020-03-05,1908.294868680691,1903.5360286091682,2389.8670878118005,2395.85672963589,25.23573411189052,48,DAILY_CLOSE_BELOW_EMA21,34.10138505483751,-4.160548213411652,Model 4 Full Adaptive
SPANDANA,Finance,2020-02-14,2020-03-05,1012.525,1010.0,1054.3575,1057.0,4.131502925853693,13,DAILY_CLOSE_BELOW_EMA21,17.62376237623762,-1.3366336633663367,Model 4 Full Adaptive
CANTABIL,Retailing,2020-03-06,2020-03-06,51.746231277658815,51.61718830689159,48.91373806931814,49.03632889154701,-5.473815461346627,0,STOP_LOSS_INTRADAY,0.0,-11.723482416954658,Model 4 Full Adaptive
ESABINDIA,Capital Goods,2020-03-09,2020-03-09,1260.4382058647907,1257.2949684436815,1191.4441444714435,1194.4302200214972,-5.473815461346651,0,STOP_LOSS_INTRADAY,0.0,-6.3481228668941805,Model 4 Full Adaptive
ATUL,Chemicals,2019-11-18,2020-03-11,3957.15917721823,3947.290949843621,4831.282425248165,4843.390902504426,22.089666068081158,79,DAILY_CLOSE_BELOW_EMA21,34.56406167011081,-3.4363882608170186,Model 4 Full Adaptive
FINEORG,Chemicals,2020-03-05,2020-03-11,2130.640472301697,2125.3271544156582,2064.900931953702,2070.0761222593505,-3.0854356332102153,3,DAILY_CLOSE_BELOW_EMA21,5.47064996176615,-4.661283307725723,Model 4 Full Adaptive
BHARATRAS,Chemicals,2020-03-12,2020-03-12,1642.5345914567108,1638.4384952186642,1552.6252790315866,1556.516570457731,-5.473815461346634,0,STOP_LOSS_INTRADAY,0.003052153335119897,-11.116530544350063,Model 4 Full Adaptive
MITTAL,Textiles,2020-02-20,2020-03-13,8.693218154907226,8.671539306640625,8.08933367729187,8.109607696533203,-6.94661593502597,14,DAILY_CLOSE_BELOW_EMA21,25.40792858676258,-1.585083882047799,Model 4 Full Adaptive
MUTHOOTFIN,Finance,2020-03-16,2020-03-16,693.340500762163,691.6114720819581,655.3883212316656,657.0308984778602,-5.473815461346619,0,STOP_LOSS_INTRADAY,0.025814688975550226,-8.363447188164344,Model 4 Full Adaptive
RATNAMANI,Metals & Mining,2020-03-16,2020-03-16,815.0207777896713,812.9883070221161,770.4080444418328,772.3388916710103,-5.473815461346628,0,STOP_LOSS_INTRADAY,1.6023602438532316,-9.448818670586556,Model 4 Full Adaptive
COROMANDEL,Chemicals,2020-03-16,2020-03-16,534.0341905559324,532.702434469758,504.8021444644044,506.0673127462701,-5.473815461346627,0,STOP_LOSS_INTRADAY,4.013961605584641,-5.759162303664929,Model 4 Full Adaptive
FINEORG,Chemicals,2020-03-16,2020-03-16,2150.3553152193344,2144.992833136493,2032.6488335009694,2037.7431914796684,-5.473815461346631,0,STOP_LOSS_INTRADAY,0.0,-8.039979373707503,Model 4 Full Adaptive
METROPOLIS,Healthcare,2020-03-18,2020-03-18,433.8109813099152,432.7291584138805,410.0649687419535,411.09270049318644,-5.473815461346625,0,STOP_LOSS_INTRADAY,1.8704045743138058,-14.485000066320037,Model 4 Full Adaptive
VAISHALI,Healthcare,2020-03-23,2020-03-23,4.967387423515319,4.954999923706055,4.69548180270195,4.707249927520752,-5.473815461346619,0,STOP_LOSS_INTRADAY,0.0,-17.255298329732273,Model 4 Full Adaptive
IVZINGOLD,ETF,2020-03-20,2020-03-24,3709.25,3700.0,3691.7475000000004,3701.0,-0.47186088831973044,2,DAILY_CLOSE_BELOW_EMA21,16.216216216216218,-3.3783783783783785,Model 4 Full Adaptive
ABBOTINDIA,Healthcare,2020-03-23,2020-03-24,12133.465649022215,12103.207629947347,12428.877140407838,12460.02720842891,2.434683543274619,1,DAILY_CLOSE_BELOW_EMA21,5.185185185185187,-3.6962962962962855,Model 4 Full Adaptive
VAISHALI,Healthcare,2020-03-30,2020-03-30,4.41100009560585,4.400000095367432,4.169550090372562,4.1800000905990595,-5.473815461346637,0,STOP_LOSS_INTRADAY,0.0,-8.068182076797006,Model 4 Full Adaptive
SUMICHEM,Chemicals,2020-03-31,2020-04-03,179.78042452562474,179.3320942899,191.68197631687823,192.16238227255963,6.620048774863766,2,DAILY_CLOSE_BELOW_EMA21,9.21408328525471,-3.766936015307423,Model 4 Full Adaptive
QGOLDHALF,ETF,2020-03-23,2020-05-06,36.049899082183835,35.959999084472656,41.803230943679814,41.90800094604492,15.959356358751432,27,DAILY_CLOSE_BELOW_EMA21,21.245827542157393,-3.4482700092863907,Model 4 Full Adaptive
ADANIGREEN,Miscellaneous,2020-07-27,2020-07-27,346.8148872375488,345.95001220703125,327.830880317688,328.6525115966797,-5.473815461346623,0,STOP_LOSS_INTRADAY,2.0667708178040223,-5.983526948004117,Model 4 Full Adaptive
GMMPFAUDLR,Capital Goods,2020-07-21,2020-08-03,1358.0362759682669,1354.6496518386703,1343.3532230757987,1346.7200231336328,-1.0811973989427686,9,DAILY_CLOSE_BELOW_EMA21,6.829279002067497,-3.4878098877128103,Model 4 Full Adaptive
DRREDDY,Healthcare,2020-07-09,2020-08-26,749.1182193937851,747.2500941583892,851.2332985841758,853.3667153726072,13.631370396120667,34,DAILY_CLOSE_BELOW_EMA21,22.644227208427857,-1.3047378286051428,Model 4 Full Adaptive
MGEL,Agri,2020-07-29,2020-08-27,3.707426555065655,3.6981811023098805,3.8834797904363496,3.893212822492581,4.7486641409023616,21,DAILY_CLOSE_BELOW_EMA21,12.626469787674289,0.0,Model 4 Full Adaptive
COROMANDEL,Chemicals,2020-08-20,2020-09-01,729.2014541066272,727.3829966150896,718.0262260842914,719.825790560693,-1.5325295855350547,8,DAILY_CLOSE_BELOW_EMA21,7.792213505988468,-4.415573854968638,Model 4 Full Adaptive
APLLTD,Healthcare,2020-09-04,2020-09-09,871.7425943069296,869.5686726253663,824.0250133966127,826.090238994098,-5.473815461346623,3,STOP_LOSS_INTRADAY,1.2872314453124978,-5.015972293947305,Model 4 Full Adaptive
ITI,Telecom,2020-09-11,2020-09-15,138.79612194061278,138.4499969482422,131.19867835807798,131.52749710083006,-5.4738154613466365,2,STOP_LOSS_INTRADAY,1.8418223965083216,-6.1032843152760154,Model 4 Full Adaptive
INVENTURE,Finance,2020-09-17,2020-09-17,1.724300028681755,1.7200000286102295,1.6299150271117686,1.634000027179718,-5.473815461346632,0,STOP_LOSS_INTRADAY,4.6511582776364895,-6.104652170170426,Model 4 Full Adaptive
BHARATRAS,Chemicals,2020-09-11,2020-09-22,2329.1459327650305,2323.337588793048,2326.368440508918,2332.198937853552,-0.11924938738446618,7,DAILY_CLOSE_BELOW_EMA21,9.285069603359746,-1.4364004878507772,Model 4 Full Adaptive
LALPATHLAB,Healthcare,2020-09-02,2020-09-23,866.4846568804802,864.3238472623244,871.9707306630479,874.1561209654615,0.6331414802333228,15,DAILY_CLOSE_BELOW_EMA21,10.994533110931272,-2.3965863700008216,Model 4 Full Adaptive
INVENTURE,Finance,2020-09-21,2020-09-23,1.7443500095605848,1.7400000095367432,1.6488675090372562,1.653000009059906,-5.473815461346625,2,STOP_LOSS_INTRADAY,3.448272554637248,-7.758620099042365,Model 4 Full Adaptive
EPL,Diversified / Other,2020-09-23,2020-09-23,226.27922279229668,225.71493545366255,213.893115709277,214.42918868097942,-5.473815461346612,0,STOP_LOSS_INTRADAY,0.0,-6.695549589863687,Model 4 Full Adaptive
VENKEYS,Consumer Goods,2020-09-24,2020-09-28,1278.2605489937228,1275.072866826656,1370.5089577203812,1373.94381726354,7.216714057183303,2,DAILY_CLOSE_BELOW_EMA21,8.38947199593595,-1.6380912441930313,Model 4 Full Adaptive
TATACOMM,Telecom,2020-09-28,2020-09-30,761.3781653344713,759.4794666678018,779.5156191581345,781.4692923891073,2.382187282149798,2,DAILY_CLOSE_BELOW_EMA21,7.652066852456114,-0.12165450121653643,Model 4 Full Adaptive
ITI,Telecom,2020-09-28,2020-09-30,122.55562499999999,122.25,127.08150152206422,127.4000015258789,3.692916193821559,2,DAILY_CLOSE_BELOW_EMA21,8.425360369536044,-0.408997955010225,Model 4 Full Adaptive
TIINDIA,Automobile & Ancillaries,2020-09-25,2020-10-01,583.6584116970321,582.2029044359423,605.3401853058651,606.8573286274337,3.714805299522989,4,DAILY_CLOSE_BELOW_EMA21,6.785708739894983,-3.9115646258503367,Model 4 Full Adaptive
SUMICHEM,Chemicals,2020-09-11,2020-10-06,263.72618600394105,263.0685147171482,279.02405240175943,279.72336080376886,5.80066266062399,16,DAILY_CLOSE_BELOW_EMA21,15.34616574538609,-0.0740511671645654,Model 4 Full Adaptive
TATACONSUM,Agri,2020-09-28,2020-10-08,491.5669730945344,490.3411202937999,464.65950411841214,465.8240642791099,-5.473815461346626,7,STOP_LOSS_INTRADAY,2.529190679532732,-5.642016868025015,Model 4 Full Adaptive
RALLIS,Fertilisers & Pesticides,2020-09-28,2020-10-08,269.7461793658742,269.0734956268072,254.98077129335317,255.61982084546682,-5.473815461346622,7,STOP_LOSS_INTRADAY,1.5804150245148834,-5.783246148112977,Model 4 Full Adaptive
EPL,Diversified / Other,2020-09-25,2020-10-09,219.06038711293147,218.51410185828576,226.21478361489898,226.78173795979845,3.2659471647328138,9,DAILY_CLOSE_BELOW_EMA21,5.634666364482078,-2.359639738836643,Model 4 Full Adaptive
BRITANNIA,FMCG,2020-09-24,2020-10-12,3267.282631399049,3259.1347944130166,3413.1746803938886,3421.7290029011415,4.465241163797595,11,DAILY_CLOSE_BELOW_EMA21,8.076594439318443,-0.8300849255745115,Model 4 Full Adaptive
ASTEC,Chemicals,2020-09-28,2020-10-12,1089.5026179075992,1086.7856537731664,1132.553553266215,1135.392033349589,3.951430189428599,9,DAILY_CLOSE_BELOW_EMA21,10.091741340360965,-2.2935779816513837,Model 4 Full Adaptive
TORNTPHARM,Healthcare,2020-09-28,2020-10-15,1272.2881035726589,1269.115315284448,1284.4910547977374,1287.7103306242982,0.9591342708315792,12,DAILY_CLOSE_BELOW_EMA21,7.47252451713734,-3.0311355311355377,Model 4 Full Adaptive
VENKEYS,Consumer Goods,2020-09-28,2020-10-16,1377.3786768066989,1373.94381726354,1409.7441879003172,1413.2773813537015,2.349790340057698,13,DAILY_CLOSE_BELOW_EMA21,12.808108542708,-1.1650140592885136,Model 4 Full Adaptive
GLFL,Finance,2020-10-15,2020-10-19,2.205500047802925,2.200000047683716,1.995,2.0,-9.5443229762167,2,STOP_LOSS_GAP_DOWN,4.545450112051311,-9.090911061310528,Model 4 Full Adaptive
COROMANDEL,Chemicals,2020-10-09,2020-10-19,697.3818438147409,695.6427369723102,659.2084486233855,660.8606001236947,-5.473815461346622,6,STOP_LOSS_INTRADAY,0.6246571745563897,-7.387288251083235,Model 4 Full Adaptive
PAISALO,Finance,2020-10-20,2020-10-22,20.374415582339573,20.323606565924763,19.25915767203445,19.307426237628523,-5.473815461346635,2,STOP_LOSS_INTRADAY,0.24392896588542062,-5.525070990756233,Model 4 Full Adaptive
ROSSELLIND,Agri,2020-10-20,2020-10-22,130.22379923616177,129.89905160714392,123.09558877921975,123.40409902678671,-5.473815461346628,2,STOP_LOSS_INTRADAY,0.0,-5.406443231008915,Model 4 Full Adaptive
DRREDDY,Healthcare,2020-09-02,2020-10-23,840.1025933285166,838.0075743925353,970.340592131723,972.7725234403238,15.502630254621499,36,DAILY_CLOSE_BELOW_EMA21,26.691201744299086,-1.3628212489273277,Model 4 Full Adaptive
CREATIVEYE,Media & Entertainment,2020-10-23,2020-10-26,2.9072500956058502,2.9000000953674316,3.0423749524354937,3.049999952316284,4.647858023424862,1,DAILY_CLOSE_BELOW_EMA21,5.172408690208939,0.0,Model 4 Full Adaptive
ROSSELLIND,Agri,2020-10-26,2020-10-26,134.5071512275968,134.17172192278983,127.1444779870837,127.46313582665033,-5.473815461346642,0,STOP_LOSS_INTRADAY,1.5373285145647742,-5.307466819954557,Model 4 Full Adaptive
ALKYLAMINE,Chemicals,2020-10-29,2020-11-03,1184.0733999991928,1181.1205985029355,1119.2594071563444,1122.0645685777888,-5.473815461346617,3,STOP_LOSS_INTRADAY,0.0033036621497946022,-6.102545356823457,Model 4 Full Adaptive
AARTIDRUGS,Healthcare,2020-11-02,2020-11-03,668.0135420626315,666.3476728804304,631.4477135133179,633.0302892364089,-5.473815461346623,1,STOP_LOSS_INTRADAY,0.0,-5.002965248259997,Model 4 Full Adaptive
ASTEC,Chemicals,2020-10-19,2020-11-04,1044.1732897568072,1041.569366340955,1064.1775839199777,1066.8446956591254,1.9158021335548205,12,DAILY_CLOSE_BELOW_EMA21,13.435129233026347,-3.005786158703474,Model 4 Full Adaptive
DYNPRO,Chemicals,2020-11-04,2020-11-10,222.00660484313963,221.45297241210938,229.78495296478272,230.36085510253906,3.5036561759678,4,DAILY_CLOSE_BELOW_EMA21,5.146066923344373,-2.022470392696495,Model 4 Full Adaptive
STAR,Healthcare,2020-11-06,2020-11-10,657.0037781614253,655.3653647495514,621.0406037707936,622.5970965120738,-5.4738154613466445,2,STOP_LOSS_INTRADAY,0.967018321893742,-10.944532681830012,Model 4 Full Adaptive
BALAXI,Trading,2020-11-06,2020-11-11,154.46739116500675,154.08218570075488,142.67024723052978,143.02781677246094,-7.63730379952808,3,DAILY_CLOSE_BELOW_EMA21,7.576155913754325,-4.4847686533253786,Model 4 Full Adaptive
NUCLEUS,Software & IT Services,2020-11-06,2020-11-11,521.3869929039737,520.0867759640636,524.3549573596708,525.6691301851337,0.5692440540502257,3,DAILY_CLOSE_BELOW_EMA21,10.366740721563863,-0.635060428080265,Model 4 Full Adaptive
CAMLINFINE,Chemicals,2020-10-29,2020-11-14,95.3878765296936,95.1500015258789,101.04675304412842,101.30000305175781,5.93249029154481,12,DAILY_CLOSE_BELOW_EMA21,15.291639715219524,-0.9984283367334854,Model 4 Full Adaptive
NEULANDLAB,Healthcare,2020-11-12,2020-11-18,1092.7707826174878,1090.045668446372,1032.9545265614934,1035.5433850240534,-5.473815461346616,4,STOP_LOSS_INTRADAY,2.6290827740492215,-9.407650447996964,Model 4 Full Adaptive
MCX,Finance,2020-11-06,2020-11-19,325.51210685032896,324.7003559604279,307.69417481700043,308.46533816240645,-5.473815461346649,9,STOP_LOSS_INTRADAY,2.5044013328216668,-5.859235966712905,Model 4 Full Adaptive
BSOFT,Software & IT Services,2020-11-02,2020-11-23,166.4853514016772,166.07017596177278,170.09653808241518,170.52284519540368,2.1690717233285626,15,DAILY_CLOSE_BELOW_EMA21,5.747139675180364,-4.018847142622487,Model 4 Full Adaptive
XELPMOC,Software & IT Services,2020-11-23,2020-11-23,256.53974388122555,255.89999389648438,242.497231716156,243.10499420166013,-5.473815461346624,0,STOP_LOSS_INTRADAY,1.0160242928991114,-6.174282207822208,Model 4 Full Adaptive
KEC,Capital Goods,2020-10-23,2020-11-26,320.0714841408551,319.2733008886335,322.9921562605682,323.8016604115972,0.9125061945311584,24,DAILY_CLOSE_BELOW_EMA21,10.361298550386227,-3.9862620318936246,Model 4 Full Adaptive
VIDHIING,Chemicals,2020-12-02,2020-12-02,118.5473380321633,118.25170876026264,112.05827551394388,112.3391233222495,-5.473815461346634,0,STOP_LOSS_INTRADAY,0.49240745312649553,-6.032005388725644,Model 4 Full Adaptive
VIDHIING,Chemicals,2020-12-07,2020-12-08,125.45490780897426,125.14205267728106,118.58773766830846,118.88495004341699,-5.4738154613466286,1,STOP_LOSS_INTRADAY,1.395895027350269,-5.2733557758417415,Model 4 Full Adaptive
CIPLA,Healthcare,2020-11-12,2020-12-14,710.2042515506974,708.4331686291247,740.8339310455539,742.6906576897783,4.312798667140891,21,DAILY_CLOSE_BELOW_EMA21,5.401402414279357,-2.141711001312787,Model 4 Full Adaptive
VADILALIND,FMCG,2020-11-26,2020-12-15,771.0324514243601,769.109677231282,801.8857388652899,803.8954775591878,4.001554977865485,12,DAILY_CLOSE_BELOW_EMA21,13.29763032063008,0.0,Model 4 Full Adaptive
HUHTAMAKI,Containers & Packaging,2020-11-02,2020-12-16,265.9204095157332,265.2572663498585,283.81256706702015,284.5238767589174,6.728388236115582,31,DAILY_CLOSE_BELOW_EMA21,13.656558274432598,-4.0134847880314055,Model 4 Full Adaptive
ALKYLAMINE,Chemicals,2020-11-05,2020-12-22,1185.0113840358072,1182.0562434272392,1435.2346209735372,1438.8317002240974,21.11568211990857,32,DAILY_CLOSE_BELOW_EMA21,37.588594350225534,-0.8854656403764624,Model 4 Full Adaptive
SOLARA,Healthcare,2020-11-12,2020-12-22,1045.1430313779315,1042.536689653797,1145.2718013832111,1148.142156775149,9.580389190680288,27,DAILY_CLOSE_BELOW_EMA21,26.764030435593117,-2.291037783621402,Model 4 Full Adaptive
MGEL,Agri,2020-10-23,2020-12-23,3.9446376264095306,3.934800624847412,3.728715442121029,3.7380605936050415,-5.473815461346634,42,STOP_LOSS_INTRADAY,22.926840289318903,-14.14634536124885,Model 4 Full Adaptive
GLOBUSSPR,Alcohol,2020-12-23,2020-12-23,302.804199687732,302.0490769952439,286.22925658761807,286.94662314548174,-5.473815461346616,0,STOP_LOSS_INTRADAY,2.8185057245071072,-8.781356215517942,Model 4 Full Adaptive
JBCHEPHARM,Healthcare,2020-11-23,2020-12-30,450.9078082609466,449.783349886231,479.122815427525,480.3236244887468,6.25737825995907,25,DAILY_CLOSE_BELOW_EMA21,15.093548684910868,-1.2140055215195404,Model 4 Full Adaptive
VENKEYS,Consumer Goods,2021-01-08,2021-01-11,1570.4289389232745,1566.5126572800743,1470.1062112890784,1473.7906880091011,-6.388237324700594,1,STOP_LOSS_GAP_DOWN,1.4392508153232093,-5.919005431591326,Model 4 Full Adaptive
NAHARPOLY,Plastic Products,2020-12-24,2021-01-12,95.67705314322696,95.43845700072515,89.22558339501008,89.44920641103766,-6.742964521032162,12,DAILY_CLOSE_BELOW_EMA21,8.877555541045716,-16.938773428709215,Model 4 Full Adaptive
INDIGO,Aviation,2020-12-23,2021-01-13,1567.2664925851861,1563.3580973418316,1687.910052261678,1692.1404032698524,7.6977055432029164,14,DAILY_CLOSE_BELOW_EMA21,13.601533367011276,-1.1973180076628462,Model 4 Full Adaptive
AFFLE,Software & IT Services,2020-10-30,2021-01-14,545.36,544.0,757.9004878234864,759.7999877929688,38.972511336270784,52,DAILY_CLOSE_BELOW_EMA21,49.722424675436585,-4.3749977560604325,Model 4 Full Adaptive
MARKSANS,Healthcare,2020-12-23,2021-01-14,56.37618883978335,56.2355998401829,58.436369298748644,58.58282636466029,3.654345037086775,15,DAILY_CLOSE_BELOW_EMA21,11.913031299029953,-0.5217378035835651,Model 4 Full Adaptive
ESTER,Containers & Packaging,2020-12-23,2021-01-14,114.01942899633795,113.73509126816754,116.31085972092606,116.60236563501358,2.009684441290884,15,DAILY_CLOSE_BELOW_EMA21,8.82353220850203,-3.3613445378151225,Model 4 Full Adaptive
ADANIGREEN,Miscellaneous,2021-01-15,2021-01-15,1019.1916494750976,1016.6500244140625,963.4029793853759,965.8175231933593,-5.473815461346633,0,STOP_LOSS_INTRADAY,0.0,-7.618158692483079,Model 4 Full Adaptive
JUBLFOOD,FMCG,2020-10-28,2021-01-18,430.41776816997736,429.3444071520971,537.6553079316568,539.0028149690795,24.91475670663531,56,DAILY_CLOSE_BELOW_EMA21,37.41233023673133,-3.419109006036268,Model 4 Full Adaptive
DRREDDY,Healthcare,2020-11-12,2021-01-18,941.2238636393093,938.8766719594108,1004.9201146809099,1007.4387114595588,6.767385900662832,45,DAILY_CLOSE_BELOW_EMA21,11.661526409839805,-4.486152083506974,Model 4 Full Adaptive
BALKRISIND,Automobile & Ancillaries,2020-12-23,2021-01-18,1483.1018834183506,1479.4033749808984,1571.863459016241,1575.8029664323217,5.984860284399811,17,DAILY_CLOSE_BELOW_EMA21,12.741921442480713,-0.2838725428427414,Model 4 Full Adaptive
POLYPLEX,Plastic Products,2020-12-23,2021-01-18,567.2946567930038,565.879956900752,536.241994158075,537.5859590557143,-5.473815461346634,17,STOP_LOSS_INTRADAY,3.9671682626539075,-6.244860514321465,Model 4 Full Adaptive
ICIL,Textiles,2021-01-13,2021-01-18,141.067032029009,140.715243919211,133.34528301894233,133.67948172325043,-5.4738154613466135,3,STOP_LOSS_INTRADAY,3.1207641071858614,-5.529180698004016,Model 4 Full Adaptive
TATACOMM,Telecom,2020-12-23,2021-01-21,932.7346174247525,930.4085959349153,976.9290299925086,979.3774736767003,4.73815507027876,20,DAILY_CLOSE_BELOW_EMA21,15.993056367025247,-0.6007932267099066,Model 4 Full Adaptive
FDC,Healthcare,2020-12-24,2021-01-21,324.51992565771604,323.71064903512826,306.7563037919134,307.5251165833718,-5.473815461346625,19,STOP_LOSS_INTRADAY,2.03774148402461,-7.320753195394316,Model 4 Full Adaptive
ASHAPURMIN,Metals & Mining,2020-11-27,2021-01-22,75.31161794000856,75.12380841896116,113.4646398824316,113.74901241346525,50.66020752975301,38,DAILY_CLOSE_BELOW_EMA21,88.28176118816675,-0.855818199607473,Model 4 Full Adaptive
KOPRAN,Healthcare,2021-01-19,2021-01-22,116.80717294027673,116.51588323219624,120.928918265272,121.23199826092431,3.528674841829033,3,DAILY_CLOSE_BELOW_EMA21,5.9523833889081414,0.0,Model 4 Full Adaptive
COFORGE,Software & IT Services,2021-01-20,2021-01-22,474.0144976576189,472.8324166160787,479.5266837209644,480.7285049834229,1.1628728848135257,2,DAILY_CLOSE_BELOW_EMA21,9.059283275792266,-0.1581003543416479,Model 4 Full Adaptive
PANACEABIO,Healthcare,2021-01-20,2021-01-22,213.9334938812256,213.39999389648438,202.22316921615598,202.72999420166013,-5.473815461346645,2,STOP_LOSS_INTRADAY,1.1246528696892226,-8.997187205898273,Model 4 Full Adaptive
FINPIPE,Plastic Products,2021-01-20,2021-01-22,116.71117066989027,116.42012036896786,110.32261656464317,110.59911435051946,-5.473815461346621,2,STOP_LOSS_INTRADAY,1.4403229318128106,-5.349793442510195,Model 4 Full Adaptive
SRF,Diversified,2020-09-28,2021-01-25,812.6610085883688,810.6344225320387,1079.270269354495,1081.9752073729273,32.806946309536784,82,DAILY_CLOSE_BELOW_EMA21,46.68004104275055,-1.6793106043105106,Model 4 Full Adaptive
BAJFINANCE,Finance,2021-01-20,2021-01-25,484.88297534766235,483.6737908704862,490.3309194335089,491.55981898096127,1.1235585415100084,3,DAILY_CLOSE_BELOW_EMA21,5.17310973304953,-1.3486275873753137,Model 4 Full Adaptive
KOTAKBANK,Financial Services,2021-01-20,2021-01-25,376.71805718133163,375.7786106546949,356.09720592165525,356.98968012196013,-5.473815461346635,3,STOP_LOSS_INTRADAY,0.7883656208363722,-6.084651281746793,Model 4 Full Adaptive
TNPETRO,Chemicals,2021-01-21,2021-01-25,38.49285390528237,38.3968617509051,36.385826116701445,36.47701866335984,-5.4738154613466445,2,STOP_LOSS_INTRADAY,1.4285677955264238,-8.333310901243527,Model 4 Full Adaptive
PERSISTENT,Software & IT Services,2020-11-05,2021-01-27,549.4918550416972,548.1215511637878,727.416864113529,729.2399640235878,32.37991745270368,56,DAILY_CLOSE_BELOW_EMA21,47.82608902525165,-3.9043611789471298,Model 4 Full Adaptive
JSWHL,Finance,2021-01-19,2021-01-27,3482.985798950195,3474.300048828125,3595.887652587891,3604.89990234375,3.241524948844907,5,DAILY_CLOSE_BELOW_EMA21,11.324581804746108,0.0,Model 4 Full Adaptive
WEIZMANIND,Textiles,2021-01-22,2021-01-27,41.329280398185,41.22621486103242,39.06699185768585,39.1649041179808,-5.473815461346622,2,STOP_LOSS_INTRADAY,4.423742404517373,-6.053549300660304,Model 4 Full Adaptive
DIVISLAB,Healthcare,2021-01-20,2021-01-28,3515.5409087323555,3506.773973797861,3323.106686920198,3331.4352751079678,-5.473815461346627,5,STOP_LOSS_INTRADAY,0.9944930483815518,-6.060605942475736,Model 4 Full Adaptive
VSTTILLERS,Automobile & Ancillaries,2021-01-20,2021-01-29,1834.6354917245649,1830.060340872384,1734.2109305191927,1738.5573238287645,-5.4738154613466365,6,STOP_LOSS_INTRADAY,0.914282278540959,-5.031171049810469,Model 4 Full Adaptive
BAJAJFINSV,Finance,2021-01-20,2021-02-01,893.2609249741531,891.0333416201029,870.1108587101855,872.291587679384,-2.591635390816791,7,DAILY_CLOSE_BELOW_EMA21,5.044195410742477,-2.9363380351771573,Model 4 Full Adaptive
ICIL,Textiles,2021-01-28,2021-02-01,130.6353414418999,130.30956752309217,128.07926714142042,128.40026781094778,-1.956648386467681,2,DAILY_CLOSE_BELOW_EMA21,5.2014810631880275,-1.831501831501836,Model 4 Full Adaptive
SUBEXLTD,Software & IT Services,2021-01-27,2021-02-01,26.503736602552745,26.437642496311966,25.05297097056763,25.115760371496368,-5.473815461346626,3,STOP_LOSS_INTRADAY,2.583021570986632,-8.856081113802261,Model 4 Full Adaptive
GTPL,Telecom,2021-01-29,2021-02-01,117.26006502022277,116.96764590545912,110.8414654511607,111.11926361018617,-5.473815461346632,1,STOP_LOSS_INTRADAY,6.65640831368355,-6.271642957982025,Model 4 Full Adaptive
GPIL,Metals & Mining,2021-02-01,2021-02-01,23.965730727023356,23.905965812492127,22.653890853062855,22.71066752186752,-5.473815461346616,0,STOP_LOSS_INTRADAY,1.9450076971423251,-7.535641547861502,Model 4 Full Adaptive
AARON,Capital Goods,2021-02-01,2021-02-01,24.653981437852483,24.592500187384026,23.30446799006979,23.362875178014825,-5.473815461346618,0,STOP_LOSS_INTRADAY,0.8982051430039389,-6.487026145676972,Model 4 Full Adaptive
RELIGARE,Finance,2021-01-28,2021-02-02,62.65625,62.5,64.98712652206422,65.1500015258789,3.720102179853112,3,DAILY_CLOSE_BELOW_EMA21,5.6000000000000005,-1.1200012207031251,Model 4 Full Adaptive
BEPL,Chemicals,2021-01-29,2021-02-03,72.63732832522997,72.456187855591,68.6612950166544,68.83337846281144,-5.473815461346647,3,STOP_LOSS_INTRADAY,4.3662032104868995,-5.281698107201292,Model 4 Full Adaptive
SAKAR,Healthcare,2021-02-03,2021-02-05,105.96424694061278,105.69999694824219,100.163959608078,100.41499710083008,-5.473815461346624,2,STOP_LOSS_INTRADAY,3.6423899854990975,-6.622516747495906,Model 4 Full Adaptive
MANAKSIA,Diversified / Other,2021-01-28,2021-02-08,47.03509615366809,46.91780164954424,49.31810954466151,49.441713829234594,4.85385080012295,7,DAILY_CLOSE_BELOW_EMA21,7.012490864062011,-2.593657048816761,Model 4 Full Adaptive
SRF,Diversified,2021-02-01,2021-02-08,1062.1451977130334,1059.4964565716045,1095.866776024718,1098.613309297963,3.1748557903658123,5,DAILY_CLOSE_BELOW_EMA21,6.493482873187818,-1.7439748449095447,Model 4 Full Adaptive
JSL,Metals & Mining,2021-02-04,2021-02-08,75.88153534453662,75.69230458307892,74.77049057642745,74.95788528965157,-1.4641832997507491,2,DAILY_CLOSE_BELOW_EMA21,6.985762517979807,-2.6520081431623277,Model 4 Full Adaptive
ESTER,Containers & Packaging,2021-02-04,2021-02-08,104.72541883188303,104.464258186417,98.9929426639034,99.24104527709615,-5.4738154613466286,2,STOP_LOSS_INTRADAY,0.2287282644279767,-6.129915207534959,Model 4 Full Adaptive
TATACOMM,Telecom,2021-02-01,2021-02-09,921.7121598483424,919.4136257838827,952.9665396872368,955.3549270047487,3.3909045795855652,6,DAILY_CLOSE_BELOW_EMA21,7.024415279685224,-4.527182082025708,Model 4 Full Adaptive
RESPONIND,Construction Materials,2021-02-02,2021-02-09,181.5113370713864,181.05869034552262,171.5757414386759,172.0057558282465,-5.4738154613466135,5,STOP_LOSS_INTRADAY,4.596761430588716,-8.064956834987127,Model 4 Full Adaptive
OBEROIRLTY,Real Estate,2021-02-01,2021-02-15,520.0132019794468,518.7164109520667,550.4465206660251,551.8260858807269,5.8524127023569665,10,DAILY_CLOSE_BELOW_EMA21,11.843354804294853,-0.7625659911772027,Model 4 Full Adaptive
SURYAROSNI,Diversified,2021-02-11,2021-02-16,75.92292662187056,75.73359264026989,79.49689602212439,79.69613636303197,4.707365165273151,3,DAILY_CLOSE_BELOW_EMA21,10.882351051543136,0.0,Model 4 Full Adaptive
PGIL,Textiles,2021-02-01,2021-02-16,85.31495578880684,85.10220028808664,80.6449725479981,80.8470902736823,-5.473815461346626,11,STOP_LOSS_INTRADAY,2.1817401444913935,-8.864955748948871,Model 4 Full Adaptive
SAKAR,Healthcare,2021-02-11,2021-02-16,99.24749999999999,99.0,93.814875,94.05,-5.4738154613466214,3,STOP_LOSS_INTRADAY,1.9191934604837437,-6.161614620324337,Model 4 Full Adaptive
RESPONIND,Construction Materials,2021-02-11,2021-02-17,182.7604147880325,182.30465315514465,172.75644694614394,173.1894204973874,-5.473815461346636,4,STOP_LOSS_INTRADAY,0.792769261229826,-5.631499700451719,Model 4 Full Adaptive
HDFCBANK,Banks,2021-02-01,2021-02-22,658.6531104437558,657.0105839837964,718.0120538772705,719.8115828343564,9.012170821378596,15,DAILY_CLOSE_BELOW_EMA21,16.362371956572062,-0.6559120723276038,Model 4 Full Adaptive
ALKEM,Healthcare,2021-02-04,2021-02-22,2787.2981795454407,2780.3473112672727,2634.726620839649,2641.329945703909,-5.473815461346635,12,STOP_LOSS_INTRADAY,1.987302820481687,-7.0170294710309555,Model 4 Full Adaptive
CGCL,Finance,2021-02-22,2021-02-24,326.31202957118376,325.49828386152996,323.8372211403863,324.64884324850755,-0.7584177739477368,2,DAILY_CLOSE_BELOW_EMA21,9.43751294375204,-2.073075492966131,Model 4 Full Adaptive
IFBIND,Consumer Durables,2021-02-24,2021-02-24,1246.1074999999998,1243.0,1177.8978749999999,1180.85,-5.473815461346631,0,STOP_LOSS_INTRADAY,4.585679806918745,-12.284790922918344,Model 4 Full Adaptive
BERGEPAINT,Chemicals,2021-02-25,2021-02-26,588.4220061762888,586.9546196272208,556.2128714242451,557.6068886458597,-5.47381546134663,1,STOP_LOSS_INTRADAY,0.4258208079639108,-7.273354122975184,Model 4 Full Adaptive
ONWARDTEC,Software & IT Services,2021-01-28,2021-03-01,81.92412933120934,81.7198297568173,91.59047502461179,91.82002508733011,11.799143637306882,22,DAILY_CLOSE_BELOW_EMA21,20.50561280403292,-4.5505675671850865,Model 4 Full Adaptive
PITTIENG,Capital Goods,2021-02-26,2021-03-01,57.12677082738488,56.98431005225425,53.99975681326744,54.135094549641536,-5.473815461346617,1,STOP_LOSS_INTRADAY,4.823425500923008,-8.61326569769714,Model 4 Full Adaptive
BHARATRAS,Chemicals,2021-02-22,2021-03-08,2469.5198355840835,2463.3614320040733,2482.248808137426,2488.4699830951636,0.5154432197679334,10,DAILY_CLOSE_BELOW_EMA21,7.302244312608162,-1.520793055907718,Model 4 Full Adaptive
HCLTECH,Software & IT Services,2021-02-26,2021-03-08,722.8026030055913,721.0001027487195,754.4444238760306,756.3352620311083,4.377657293826108,6,DAILY_CLOSE_BELOW_EMA21,7.048442624950667,-0.31938594868529047,Model 4 Full Adaptive
WIPRO,Software & IT Services,2021-03-02,2021-03-08,192.17020747638205,191.69098002631625,193.67196571845048,194.15735911624108,0.7814729774140464,4,DAILY_CLOSE_BELOW_EMA21,5.861350887266789,-0.6433134745720742,Model 4 Full Adaptive
IFBIND,Consumer Durables,2021-03-04,2021-03-08,1218.0375,1215.0,1151.364375,1154.25,-5.473815461346617,2,STOP_LOSS_INTRADAY,1.2345679012345678,-6.082306536136831,Model 4 Full Adaptive
NEWGEN,Software & IT Services,2021-02-22,2021-03-09,141.35387930965723,141.00137586998227,139.48077385026625,139.83034972457767,-1.32511783089282,11,DAILY_CLOSE_BELOW_EMA21,11.186441746669175,-3.3898305084745903,Model 4 Full Adaptive
ROML,Diversified / Other,2021-02-26,2021-03-10,102.35524847030639,102.0999984741211,108.7275,109.0,6.225622647520831,8,DAILY_CLOSE_BELOW_EMA21,27.57101072142913,0.0,Model 4 Full Adaptive
VISHWARAJ,Agri,2021-03-08,2021-03-10,24.763519186476046,24.701764774539697,23.408009844473177,23.46667653581271,-5.473815461346644,2,STOP_LOSS_INTRADAY,1.5625058433139847,-5.46873992498927,Model 4 Full Adaptive
CAMS,Finance,2021-02-24,2021-03-12,326.04714100496994,325.2340558653067,340.1482753030756,341.00077724619103,4.324875922739866,11,DAILY_CLOSE_BELOW_EMA21,9.300991380360053,-0.7271664771789822,Model 4 Full Adaptive
RAMCOSYS,Software & IT Services,2021-03-12,2021-03-15,585.1592622375488,583.7000122070312,598.2007621765136,599.7000122070312,2.2287094780139705,1,DAILY_CLOSE_BELOW_EMA21,5.19102058579737,-1.1050217701115124,Model 4 Full Adaptive
BRIGADE,Real Estate,2021-02-01,2021-03-16,179.88206530710076,179.43348160309304,211.6512250338404,212.18167923192019,17.66110460901272,30,DAILY_CLOSE_BELOW_EMA21,23.034290674447835,-3.325812361070155,Model 4 Full Adaptive
NIITLTD,Software & IT Services,2021-03-10,2021-03-16,182.04134559175967,181.58737714888747,172.0767382707145,172.50800829144308,-5.473815461346622,3,STOP_LOSS_INTRADAY,1.6609592705775709,-5.035585504889236,Model 4 Full Adaptive
CROMPTON,Consumer Durables,2021-02-26,2021-03-17,362.95810531355033,362.052972881347,382.0543996245983,383.01192944821884,5.261294356424739,12,DAILY_CLOSE_BELOW_EMA21,10.593336426236265,-1.1026468250862014,Model 4 Full Adaptive
SHARDAMOTR,Automobile & Ancillaries,2021-03-15,2021-03-17,411.75191403168816,410.72510127849193,389.21337409903094,390.1888462145673,-5.473815461346626,2,STOP_LOSS_INTRADAY,1.129408892463229,-6.352946082179075,Model 4 Full Adaptive
GOLDENTOBC,FMCG,2021-03-18,2021-03-18,45.413249235153195,45.29999923706055,42.9274117770195,43.03499927520752,-5.473815461346628,0,STOP_LOSS_INTRADAY,0.441502795381572,-10.816772171538771,Model 4 Full Adaptive
KELLTONTEC,Diversified / Other,2021-03-18,2021-03-18,13.832004452153805,13.797510675465144,13.074866053837658,13.107635141691887,-5.473815461346617,0,STOP_LOSS_INTRADAY,3.896103717382668,-5.26695209465348,Model 4 Full Adaptive
PDMJEPAPER,Paper,2021-02-11,2021-03-19,20.550157097402227,20.498909822845114,22.825297732077225,22.882503992057366,11.071159329300704,25,DAILY_CLOSE_BELOW_EMA21,30.930240079923482,-0.9302361066951285,Model 4 Full Adaptive
TCS,Software & IT Services,2021-02-26,2021-03-19,2559.642014928149,2553.2588677587523,2607.1061264954537,2613.6402270631115,1.8543261632090837,14,DAILY_CLOSE_BELOW_EMA21,6.587821371583173,-2.7027027027027075,Model 4 Full Adaptive
PITTIENG,Capital Goods,2021-03-03,2021-03-19,57.66802339299972,57.524212860847605,65.2628672809251,65.42643336433594,13.1699396668541,11,DAILY_CLOSE_BELOW_EMA21,30.972709917015205,0.0,Model 4 Full Adaptive
RESPONIND,Construction Materials,2021-03-22,2021-03-24,165.12387197779174,164.7120917484207,155.2028934366924,155.5918731194911,-6.008203672957513,2,DAILY_CLOSE_BELOW_EMA21,6.444776974596371,-2.4810929522031033,Model 4 Full Adaptive
CROMPTON,Consumer Durables,2021-03-22,2021-03-24,382.3495212557295,381.39603117778506,361.4204140448486,362.3262296188958,-5.473815461346616,2,STOP_LOSS_INTRADAY,0.0,-8.822417741725555,Model 4 Full Adaptive
TIINDIA,Automobile & Ancillaries,2021-01-28,2021-03-25,776.225911345305,774.2901858806035,1088.549367379259,1091.277561282465,40.23615438096558,39,DAILY_CLOSE_BELOW_EMA21,58.87677998536398,-4.0792770805763485,Model 4 Full Adaptive
RKFORGE,Automobile & Ancillaries,2021-03-19,2021-03-25,99.42188375250618,99.17394888030542,101.83473175467924,102.08995664629497,2.4268781792340985,4,DAILY_CLOSE_BELOW_EMA21,11.810739587140116,-2.7423069140470644,Model 4 Full Adaptive
SUNFLAG,Metals & Mining,2021-03-22,2021-03-25,61.27873329753721,61.125918501284,57.92444851977925,58.06962257621979,-5.473815461346636,3,STOP_LOSS_INTRADAY,0.8156635745674231,-7.667210343955909,Model 4 Full Adaptive
BORORENEW,Construction Materials,2021-03-22,2021-03-25,264.65999999999997,264.0,250.173,250.79999999999998,-5.4738154613466214,3,STOP_LOSS_INTRADAY,1.401519775390625,-9.090909090909092,Model 4 Full Adaptive
DLF,Real Estate,2021-03-23,2021-03-25,280.9228212741053,280.2222656100801,265.5456244487522,266.2111523295761,-5.473815461346601,2,STOP_LOSS_INTRADAY,2.994222012010778,-8.132019638610121,Model 4 Full Adaptive
RELAXO,Footwear,2021-03-19,2021-03-26,824.595814061433,822.5394653979382,842.6396454739751,844.7515242846868,2.1882031299273383,5,DAILY_CLOSE_BELOW_EMA21,9.798056708920189,-1.3980179072431804,Model 4 Full Adaptive
POWERINDIA,Capital Goods,2021-03-22,2021-03-26,1318.4376020224001,1315.1497277031424,1371.4919261273928,1374.929249250519,4.0240299596742926,4,DAILY_CLOSE_BELOW_EMA21,9.090914119324038,-1.8825739080255595,Model 4 Full Adaptive
GNA,Diversified / Other,2021-03-22,2021-03-26,180.31630056576185,179.86663398080984,170.4461190260649,170.87330228176933,-5.473815461346636,4,STOP_LOSS_INTRADAY,4.764445902387924,-7.687174054159887,Model 4 Full Adaptive
CERA,Construction Materials,2021-03-26,2021-03-30,3544.7068887435794,3535.86722069185,3684.3140401457717,3693.547909920573,3.938468138099737,1,DAILY_CLOSE_BELOW_EMA21,7.901353990709463,-0.2959446262668948,Model 4 Full Adaptive
ASTRAL,Plastic Products,2021-03-30,2021-03-30,1230.914016884213,1227.8444058695393,1163.536055112122,1166.4521855760622,-5.473815461346628,0,STOP_LOSS_INTRADAY,0.0,-6.595170096928504,Model 4 Full Adaptive
TATACOMM,Telecom,2021-03-30,2021-03-31,1049.4421803796045,1046.8251175856403,991.9976520520925,994.4838617063583,-5.473815461346631,1,STOP_LOSS_INTRADAY,0.43248229603375793,-6.429832926959346,Model 4 Full Adaptive
JUBLFOOD,FMCG,2021-03-22,2021-04-01,568.6647711286292,567.2466544923983,579.9989578139626,581.4525892871806,1.9931227079248184,7,DAILY_CLOSE_BELOW_EMA21,5.290643892686768,-2.192822426164848,Model 4 Full Adaptive
CROMPTON,Consumer Durables,2021-03-30,2021-04-05,370.6765685651313,369.75218809489405,350.386417243424,351.26457869014934,-5.47381546134663,3,STOP_LOSS_INTRADAY,2.5706950598915093,-6.362477553628275,Model 4 Full Adaptive
BUTTERFLY,Consumer Durables,2021-03-30,2021-04-05,553.945643116351,552.5642325350135,523.6236808559921,524.9360209082628,-5.473815461346635,3,STOP_LOSS_INTRADAY,2.499089746625371,-14.101414887216656,Model 4 Full Adaptive
HONAUT,Consumer Durables,2021-03-23,2021-04-06,44287.73334258055,44177.29011728733,44472.16131885324,44583.62036977769,0.4164312832315939,8,DAILY_CLOSE_BELOW_EMA21,6.6432434329714924,-3.558005816089268,Model 4 Full Adaptive
AMBER,Consumer Durables,2021-03-30,2021-04-06,3119.7799999999997,3112.0,3246.8625,3255.0,4.073444281327544,4,DAILY_CLOSE_BELOW_EMA21,8.913878610017674,-0.2249357326478149,Model 4 Full Adaptive
TALBROAUTO,Automobile & Ancillaries,2021-04-01,2021-04-06,41.0006345106138,40.89838853926564,42.88474462174526,42.99222518470703,4.5953193983954685,2,DAILY_CLOSE_BELOW_EMA21,5.837309151792816,-3.349276882140183,Model 4 Full Adaptive
BORORENEW,Construction Materials,2021-04-07,2021-04-09,248.4696311187744,247.85000610351562,250.3226219558716,250.9499969482422,0.7457614955814948,2,DAILY_CLOSE_BELOW_EMA21,6.899336567445447,-1.7550962261016958,Model 4 Full Adaptive
HAVELLS,Capital Goods,2021-03-22,2021-04-12,1011.7369896002491,1009.2139547134655,1008.6156591971848,1011.1435179921651,-0.30851203772806884,13,DAILY_CLOSE_BELOW_EMA21,5.157725184197924,-2.963676751092219,Model 4 Full Adaptive
ICICIBANK,Banks,2021-03-26,2021-04-12,561.9965220323942,560.5950344462785,527.526663980031,528.8487859448932,-6.133464656988801,9,STOP_LOSS_GAP_DOWN,1.9845949516724446,-5.662955707901046,Model 4 Full Adaptive
MAZDOCK,Ship Building,2021-03-22,2021-04-12,98.04154740720233,97.79705477027665,92.6749340266834,92.90720203176281,-5.47381546134663,13,STOP_LOSS_INTRADAY,4.953777510668462,-5.143383201587678,Model 4 Full Adaptive
MRF,Automobile & Ancillaries,2021-03-22,2021-04-12,83852.0051524665,83642.89790769726,79262.10112978161,79460.75301231239,-5.473815461346635,13,STOP_LOSS_INTRADAY,1.1822485207100442,-6.62719969976796,Model 4 Full Adaptive
TVSMOTOR,Automobile & Ancillaries,2021-03-30,2021-04-12,566.4553683326229,565.0427614290503,535.4486467992037,536.7906233575977,-5.473815461346641,8,STOP_LOSS_INTRADAY,2.603792441430485,-7.837351931193075,Model 4 Full Adaptive
DLF,Real Estate,2021-04-07,2021-04-12,267.58883300583216,266.92152918287496,252.94151409192187,253.5754527237312,-5.473815461346641,3,STOP_LOSS_INTRADAY,2.5539997008260573,-12.841590128742169,Model 4 Full Adaptive
DIXON,Consumer Durables,2021-04-08,2021-04-12,3736.194768706912,3726.877574769987,3531.682361791409,3540.5336960314876,-5.473815461346623,2,STOP_LOSS_INTRADAY,1.7389618995639702,-6.291828710862428,Model 4 Full Adaptive
QUESS,Services,2021-04-08,2021-04-12,580.1890283267606,578.7421728945244,548.4305515891738,549.8050642497982,-5.473815461346608,2,STOP_LOSS_INTRADAY,2.494670333108585,-8.57922774539655,Model 4 Full Adaptive
KAJARIACER,Construction Materials,2021-03-26,2021-04-13,879.0789550811076,876.8867382355188,861.8962019112294,864.0563427681496,-1.9546313866986889,10,DAILY_CLOSE_BELOW_EMA21,8.505042312976748,-3.3044790493401783,Model 4 Full Adaptive
ACE,Capital Goods,2021-03-30,2021-04-13,155.4161280966445,155.0285567048823,149.00870355821482,149.3821589556038,-4.1227539360942504,9,DAILY_CLOSE_BELOW_EMA21,7.987234914054247,-4.56867094485901,Model 4 Full Adaptive
DPWIRES,Metals & Mining,2021-04-15,2021-04-16,92.56515804402042,92.33432223842436,93.75518229097203,93.99015768518498,1.2856071032533418,1,DAILY_CLOSE_BELOW_EMA21,6.654087380555965,-2.3596037031096473,Model 4 Full Adaptive
LICNFNHGP,ETF,2021-03-30,2021-04-19,150.2747438812256,149.89999389648438,156.60750000000002,157.0,4.2141187236224615,12,DAILY_CLOSE_BELOW_EMA21,12.074721041026091,-3.0687064923452585,Model 4 Full Adaptive
IMPAL,Automobile & Ancillaries,2021-04-16,2021-04-19,578.8068140919431,577.3634055779982,543.7582847358052,545.1210874544413,-6.055306969929777,1,STOP_LOSS_GAP_DOWN,0.09031935623456461,-5.584406252987075,Model 4 Full Adaptive
GOODYEAR,Automobile & Ancillaries,2021-04-08,2021-04-19,740.3379665877204,738.4917372446089,699.8132325064224,701.5671503823784,-5.4738154613466445,6,STOP_LOSS_INTRADAY,0.3152305386625308,-10.136423226283984,Model 4 Full Adaptive
HAVELLS,Capital Goods,2021-04-15,2021-04-19,997.324890278776,994.8377957893028,942.7331662348381,945.0959059998377,-5.473815461346626,2,STOP_LOSS_INTRADAY,0.6691906291765314,-5.819021501545405,Model 4 Full Adaptive
AUBANK,Financial Services,2021-04-19,2021-04-19,515.7113512843549,514.4252880641944,487.48226360183224,488.70402366098466,-5.473815461346635,0,STOP_LOSS_INTRADAY,0.0,-5.961353836428137,Model 4 Full Adaptive
AAVAS,Finance,2021-04-15,2021-04-22,2276.17625,2270.5,2151.5825625,2156.975,-5.473815461346622,4,STOP_LOSS_INTRADAY,4.089411920557146,-5.08698524554063,Model 4 Full Adaptive
MAHLIFE,Real Estate,2021-04-27,2021-04-28,162.67582598753893,162.27015061101142,153.7712514727597,154.15664308046084,-5.473815461346619,1,STOP_LOSS_INTRADAY,0.0,-5.383855762322316,Model 4 Full Adaptive
VOLTAS,Consumer Durables,2021-04-19,2021-04-29,912.2251094288423,909.9502338442318,940.6464353647084,943.0039452277778,3.115604431636519,7,DAILY_CLOSE_BELOW_EMA21,5.44870635588361,-1.9230769230769305,Model 4 Full Adaptive
ANANTRAJ,Real Estate,2021-04-22,2021-04-30,50.063603445256796,49.93875655387212,49.12342056333307,49.24653690559706,-1.8779768478946783,6,DAILY_CLOSE_BELOW_EMA21,5.346541427726569,-3.3663287054885056,Model 4 Full Adaptive
OLECTRA,Electricals,2021-04-28,2021-04-30,190.69760301215425,190.2220478924232,180.25916813405755,180.71094549780204,-5.473815461346622,2,STOP_LOSS_INTRADAY,1.2073588656761027,-5.879261294289473,Model 4 Full Adaptive
KAJARIACER,Construction Materials,2021-04-22,2021-05-03,847.8622147012369,845.7478450885156,874.3110708395589,876.5023266561993,3.119475744964269,7,DAILY_CLOSE_BELOW_EMA21,7.5908950457436,-2.14773325684689,Model 4 Full Adaptive
DALBHARAT,Construction Materials,2021-04-27,2021-05-03,1447.0084988160822,1443.3999988190346,1492.324194704937,1496.0643555939218,3.1316813913623447,4,DAILY_CLOSE_BELOW_EMA21,5.6756787013334336,-0.35811140730573604,Model 4 Full Adaptive
PGEL,Consumer Durables,2021-04-29,2021-05-03,34.10896441783212,34.02390465619164,32.24190264982361,32.32270942338206,-5.47381546134662,2,STOP_LOSS_INTRADAY,3.142423683066274,-6.020566888860076,Model 4 Full Adaptive
HNDFDS,FMCG,2021-04-22,2021-05-04,404.0075,403.0,411.1695121765137,412.20001220703125,1.7727423813948286,8,DAILY_CLOSE_BELOW_EMA21,8.188585607940446,-1.7369727047146404,Model 4 Full Adaptive
GANECOS,Textiles,2021-04-27,2021-05-05,546.7577315985036,545.3942459835448,570.5929550659179,572.0230125974114,4.359375659440515,6,DAILY_CLOSE_BELOW_EMA21,11.826413662737245,-2.0795660036166397,Model 4 Full Adaptive
MAHLIFE,Real Estate,2021-04-30,2021-05-06,160.24296611961464,159.8433577253014,151.47156186443874,151.85118983903632,-5.473815461346622,4,STOP_LOSS_INTRADAY,2.226719530417893,-6.467608476287266,Model 4 Full Adaptive
BUTTERFLY,Consumer Durables,2021-04-09,2021-05-07,538.7525957269428,537.409073044332,618.6136765023034,620.1640867191011,14.823331044484988,18,DAILY_CLOSE_BELOW_EMA21,32.142860582333654,-1.391465677179963,Model 4 Full Adaptive
HGINFRA,Infrastructure,2021-04-15,2021-05-11,263.7237093620339,263.0660442514054,275.23287263246976,275.92267933079677,4.364098813215291,17,DAILY_CLOSE_BELOW_EMA21,14.285722068609985,-4.323304270307285,Model 4 Full Adaptive
JUSTDIAL,It,2021-05-07,2021-05-11,834.5311372375488,832.4500122070312,788.850442817688,790.8275115966796,-5.473815461346635,2,STOP_LOSS_INTRADAY,0.5946317658050772,-5.111416561837532,Model 4 Full Adaptive
GRASIM,Diversified,2021-04-27,2021-05-17,1281.292192960052,1278.096950583593,1326.1875596393072,1329.5113379842678,3.503913231184022,13,DAILY_CLOSE_BELOW_EMA21,11.742436650915595,-0.9090939476616642,Model 4 Full Adaptive
MAHLOG,Logistics,2021-05-06,2021-05-17,513.4075432329968,512.1272251700716,517.6194208718874,518.9167126535212,0.8203770463456559,6,DAILY_CLOSE_BELOW_EMA21,7.007563895320845,-0.9469696969697042,Model 4 Full Adaptive
PGHH,FMCG,2021-04-01,2021-05-21,11629.175991759685,11600.175552877492,12356.772673283964,12387.74202835485,6.2566486399367145,32,DAILY_CLOSE_BELOW_EMA21,11.901748999412638,-2.9219341763287923,Model 4 Full Adaptive
LINDEINDIA,Diversified,2021-05-20,2021-05-25,1691.9625700192917,1687.7432119893185,1599.347661261378,1603.3560513898526,-5.473815461346616,3,STOP_LOSS_INTRADAY,0.0,-5.045727948790558,Model 4 Full Adaptive
PRSMJOHNSN,Cement & Cement Products,2021-06-03,2021-06-10,131.3275,131.0,135.16125,135.5,2.919228645942403,5,DAILY_CLOSE_BELOW_EMA21,7.251908396946565,-0.03817026851741412,Model 4 Full Adaptive
EQ30,Unclassified,2021-06-07,2021-06-10,413.03,412.0,411.86774391174316,412.8999938964844,-0.28139749854897006,3,DAILY_CLOSE_BELOW_EMA21,5.6310709240367105,-2.1844660194174756,Model 4 Full Adaptive
GSS,Software & IT Services,2021-05-31,2021-06-11,65.11237194061279,64.94999694824219,66.83250000000001,67.0,2.6417837472671137,9,DAILY_CLOSE_BELOW_EMA21,10.854508672842385,-4.234020499637854,Model 4 Full Adaptive
TANLA,Software & IT Services,2021-06-11,2021-06-14,796.4058319098133,794.4197824536791,752.8120463476675,754.698793330995,-5.473815461346646,1,STOP_LOSS_INTRADAY,0.2344665885111371,-7.022277441286462,Model 4 Full Adaptive
BAJAJELEC,Consumer Durables,2021-06-03,2021-06-17,996.0457174315513,993.5618128993032,941.5240129487022,943.883722254338,-5.473815461346622,10,STOP_LOSS_INTRADAY,0.44444324329517887,-6.85184181170184,Model 4 Full Adaptive
ADVENZYMES,Consumer Goods,2021-06-04,2021-06-17,395.6062775460757,394.61972822551195,373.95151995970076,374.8887418142363,-5.47381546134663,9,STOP_LOSS_INTRADAY,7.048988448509497,-6.798087862520583,Model 4 Full Adaptive
DYNPRO,Chemicals,2021-06-17,2021-06-18,480.8313744354248,479.6322937011719,454.511552318573,455.65067901611326,-5.473815461346622,1,STOP_LOSS_INTRADAY,2.500516810547529,-5.488690263683773,Model 4 Full Adaptive
HEG,Capital Goods,2021-06-22,2021-06-24,392.6829624586364,391.70370320063483,406.27785843529676,407.29609868200174,3.462053940802795,2,DAILY_CLOSE_BELOW_EMA21,8.929880104200157,-0.02131150064400984,Model 4 Full Adaptive
CENTURYPLY,Construction Materials,2021-04-15,2021-06-29,300.08454787039665,299.33620735201663,396.5682102835171,397.5621155724482,32.15215948233053,51,DAILY_CLOSE_BELOW_EMA21,48.14570640150267,-1.39073251888452,Model 4 Full Adaptive
PUNJABCHEM,Chemicals,2021-04-23,2021-06-29,868.7278952765773,866.5614915477081,1287.2505396064887,1290.4767314350763,48.17649422857155,46,DAILY_CLOSE_BELOW_EMA21,64.96016721502947,-2.1558602494981023,Model 4 Full Adaptive
IIFL,Finance,2021-06-21,2021-06-29,247.70389906710764,247.08618360808742,232.88852948565423,233.47221001068093,-5.981080490557659,6,STOP_LOSS_GAP_DOWN,0.9411740770526935,-5.509807711061711,Model 4 Full Adaptive
PGHH,FMCG,2021-06-03,2021-06-30,12289.214679691098,12258.56825904349,12282.614033201555,12313.397527019102,-0.05371088927636418,19,DAILY_CLOSE_BELOW_EMA21,7.161305265099356,-3.1536653779091783,Model 4 Full Adaptive
TI,Alcohol,2021-06-03,2021-06-30,37.65629890295324,37.56239292065161,37.76585006713175,37.86050132043283,0.2909238756066933,19,DAILY_CLOSE_BELOW_EMA21,12.830694393547986,-4.232806319322257,Model 4 Full Adaptive
DYNPRO,Chemicals,2021-06-21,2021-07-01,476.94001747131347,475.7506408691406,450.83320105361935,451.96310882568355,-5.473815461346639,8,STOP_LOSS_INTRADAY,4.811719144749473,-5.313803991264062,Model 4 Full Adaptive
BROOKS,Healthcare,2021-06-29,2021-07-02,92.84304000854492,92.61151123046875,87.39048093795776,87.60950469970703,-5.872878645599416,3,DAILY_CLOSE_BELOW_EMA21,5.935829114895933,-0.6951854124336754,Model 4 Full Adaptive
GESHIP,Logistics,2021-06-29,2021-07-08,320.3831136626198,319.58415327942123,302.84593325141157,303.60494561545016,-5.4738154613466286,7,STOP_LOSS_INTRADAY,0.7890064015456264,-6.032071721583524,Model 4 Full Adaptive
SHANTIGEAR,Automobile & Ancillaries,2021-06-17,2021-07-12,136.20755830922457,135.86788858775517,139.06372283736522,139.41225347104282,2.0969207315620904,17,DAILY_CLOSE_BELOW_EMA21,6.3304283774397785,-4.591287289767553,Model 4 Full Adaptive
GREENPANEL,Construction Materials,2021-06-30,2021-07-13,226.33263856323907,225.7682180181936,237.625098644062,238.22065026973632,4.989320211396614,9,DAILY_CLOSE_BELOW_EMA21,12.491824378509635,0.0,Model 4 Full Adaptive
TEXINFRA,Diversified / Other,2021-06-24,2021-07-13,67.33217465526495,67.16426399527676,63.64653566852414,63.80605079551292,-5.473815461346635,13,STOP_LOSS_INTRADAY,2.9498523745983003,-5.604709152759389,Model 4 Full Adaptive
SUPREMEIND,Plastic Products,2021-06-29,2021-07-19,2103.5797846177175,2098.333949743359,1988.4337091255506,1993.417252256191,-5.473815461346632,14,STOP_LOSS_INTRADAY,1.084148212029652,-6.024511444505254,Model 4 Full Adaptive
DYNPRO,Chemicals,2021-07-05,2021-07-20,504.8779437255859,503.618896484375,520.9253187561036,522.2308959960938,3.178466247129196,11,DAILY_CLOSE_BELOW_EMA21,13.577073747965773,-0.6917037962054913,Model 4 Full Adaptive
GRAPHITE,Industrial Manufacturing,2021-07-09,2021-07-20,570.4427825499258,569.0202319700009,585.6166242486671,587.084335086383,2.660011163768779,7,DAILY_CLOSE_BELOW_EMA21,7.761915791579519,-2.391750417017022e-06,Model 4 Full Adaptive
VAIBHAVGBL,Diamond  &  Jewellery,2021-06-10,2021-07-20,733.5455013312027,731.7162108041922,693.3925742633227,695.1304002639826,-5.473815461346627,28,STOP_LOSS_INTRADAY,4.990767784094114,-7.403920558262844,Model 4 Full Adaptive
CGPOWER,Capital Goods,2021-07-16,2021-07-20,75.75893010758733,75.57000509485022,71.61202607800745,71.7915048401077,-5.473815461346609,2,STOP_LOSS_INTRADAY,3.202610389859058,-6.274503121957537,Model 4 Full Adaptive
HINDALCO,Metals & Mining,2021-06-21,2021-07-22,353.1267437451339,352.24612842407373,373.67908642591635,374.6156254896404,5.820103700674651,22,DAILY_CLOSE_BELOW_EMA21,10.656877027618771,-1.7715999204496755,Model 4 Full Adaptive
TDPOWERSYS,Capital Goods,2021-07-05,2021-07-22,18.294988379217596,18.249364966800595,19.51441212275989,19.563320423819437,6.6653430888620395,12,DAILY_CLOSE_BELOW_EMA21,16.799976240771283,-3.4666646321614656,Model 4 Full Adaptive
PANACEABIO,Healthcare,2021-07-23,2021-07-26,363.8072438812256,362.8999938964844,330.47173782348636,331.29998779296875,-9.162958302342785,1,STOP_LOSS_GAP_DOWN,0.0,-8.707634785061305,Model 4 Full Adaptive
BLUEDART,Logistics,2021-06-22,2021-07-26,5648.264432876708,5634.178985413176,5339.088861052161,5352.470036142517,-5.473815461346628,23,STOP_LOSS_INTRADAY,3.889788386654596,-7.066438936909505,Model 4 Full Adaptive
CONCOR,Logistics,2021-07-22,2021-07-27,625.6341156960864,624.0739308689141,591.3880587396548,592.8702343254683,-5.4738154613466286,3,STOP_LOSS_INTRADAY,3.4364036713323873,-5.869585298106225,Model 4 Full Adaptive
JKCEMENT,Construction Materials,2021-06-18,2021-07-28,2743.2658032124023,2736.424741359005,2935.0398845661693,2942.395874251799,6.990721829769357,27,DAILY_CLOSE_BELOW_EMA21,17.106699586047903,-0.2848378589814138,Model 4 Full Adaptive
INDIGO,Aviation,2021-07-26,2021-07-28,1728.396740612798,1724.086524302043,1633.7874925917235,1637.882198086941,-5.473815461346631,2,STOP_LOSS_INTRADAY,2.1395455224015607,-5.822243377001941,Model 4 Full Adaptive
TRIVENI,Agri,2021-07-28,2021-07-28,172.24917992857894,171.8196308514503,162.8205776856056,163.22864930887778,-5.473815461346636,0,STOP_LOSS_INTRADAY,1.0934937489018823,-5.084739258237619,Model 4 Full Adaptive
HCL-INSYS,Consumer Durables,2021-07-28,2021-07-28,16.2405007648468,16.200000762939453,15.351525722980499,15.390000724792479,-5.473815461346625,0,STOP_LOSS_INTRADAY,0.0,-5.2469156878946706,Model 4 Full Adaptive
DHAMPURSUG,Agri,2021-07-30,2021-08-04,339.62882404824666,338.7818693748097,321.038168966304,321.84277590606916,-5.473815461346627,3,STOP_LOSS_INTRADAY,1.4044973789157282,-8.132026895378445,Model 4 Full Adaptive
SALASAR,Capital Goods,2021-07-29,2021-08-05,6.5547635911518904,6.538417547283681,6.586362636458579,6.602869810986044,0.48207757407670454,5,DAILY_CLOSE_BELOW_EMA21,12.132248735197653,-1.7136778651810478,Model 4 Full Adaptive
MANAKALUCO,Metals & Mining,2021-08-05,2021-08-05,17.527169479297857,17.483460827229784,16.567764566403625,16.609287785868293,-5.473815461346622,0,STOP_LOSS_INTRADAY,0.0,-5.3977314906178355,Model 4 Full Adaptive
ECLERX,Software & IT Services,2021-05-28,2021-08-06,399.94035606152994,398.9429985651172,707.7463818322412,709.5201822879611,76.96298238114186,49,DAILY_CLOSE_BELOW_EMA21,98.33332630823742,-1.6624984741210853,Model 4 Full Adaptive
BANCOINDIA,Automobile & Ancillaries,2021-07-02,2021-08-09,64.27760137502244,64.11730810476054,64.98097069182337,65.1438302674921,1.0942681459085253,25,DAILY_CLOSE_BELOW_EMA21,8.99016058159445,-3.9100847537191714,Model 4 Full Adaptive
DHANUKA,Chemicals,2021-08-05,2021-08-09,919.9435962668252,917.6494725853619,869.5875814587035,871.7669989560937,-5.47381546134663,2,STOP_LOSS_INTRADAY,0.0,-6.813880794143011,Model 4 Full Adaptive
CAMS,Finance,2021-03-31,2021-08-10,332.4798806215042,331.6507537371613,599.9297663694132,601.4333497437726,80.44092329676167,89,DAILY_CLOSE_BELOW_EMA21,106.77995982703278,-2.07297072929613,Model 4 Full Adaptive
ELGIEQUIP,Capital Goods,2021-08-06,2021-08-10,206.7850334539646,206.26936005383,195.46600232101068,195.9558920511385,-5.473815461346628,2,STOP_LOSS_INTRADAY,1.3571457635788708,-5.619038310412205,Model 4 Full Adaptive
POLYMED,Healthcare,2021-08-09,2021-08-10,956.9141702924603,954.5278506657959,904.5344544871748,906.801458132506,-5.47381546134663,1,STOP_LOSS_INTRADAY,0.6687762066870749,-7.926799570996,Model 4 Full Adaptive
BIRLACABLE,Electricals,2021-08-10,2021-08-10,102.85612388540524,102.59962482334687,97.22596947322408,97.46964358217953,-5.473815461346629,0,STOP_LOSS_INTRADAY,0.0,-8.224301917530658,Model 4 Full Adaptive
INDRAMEDCO,Healthcare,2021-07-23,2021-08-11,77.49088372080992,77.29763962175554,73.2491757465661,73.43275764066776,-5.473815461346619,13,STOP_LOSS_INTRADAY,3.9109591210860257,-12.39470771387646,Model 4 Full Adaptive
EIHAHOTELS,Hospitality,2021-07-23,2021-08-11,160.39853238194235,159.99853604183775,151.6186127166465,151.99860923974586,-5.473815461346627,13,STOP_LOSS_INTRADAY,4.448775033633707,-9.751339491666043,Model 4 Full Adaptive
SUNDARMFIN,Finance,2021-07-28,2021-08-11,2541.6967816367674,2535.358385672586,2402.568990222984,2408.5904663889564,-5.473815461346633,10,STOP_LOSS_INTRADAY,1.6365657143701438,-5.459473801658995,Model 4 Full Adaptive
FINPIPE,Plastic Products,2021-08-06,2021-08-11,159.55884660178188,159.16094424117895,150.82488978654723,151.20289702912,-5.4738154613466055,3,STOP_LOSS_INTRADAY,1.2445721653539812,-6.975398181485539,Model 4 Full Adaptive
GPIL,Metals & Mining,2021-08-12,2021-08-13,69.3505612444946,69.17761720149088,65.5544395005628,65.71873634141633,-5.473815461346625,1,STOP_LOSS_INTRADAY,0.35335689045936497,-6.275621903743543,Model 4 Full Adaptive
INTENTECH,Software & IT Services,2021-08-16,2021-08-17,75.73716524885027,75.54829451256886,71.1083817100525,71.2865982055664,-6.111640861641628,1,STOP_LOSS_GAP_DOWN,2.371792915539855,-5.641022520095991,Model 4 Full Adaptive
UNIENTER,Trading,2021-08-17,2021-08-18,106.58510704488069,106.31930877294832,100.75083497596515,101.0033433343009,-5.473815461346633,1,STOP_LOSS_INTRADAY,0.0,-5.487804878048787,Model 4 Full Adaptive
NMDC,Metals & Mining,2021-08-12,2021-08-20,32.92950403599788,32.847385572067715,30.69787998890666,30.774817031485373,-6.776974365151848,5,STOP_LOSS_GAP_DOWN,1.562946978171626,-6.309691028636333,Model 4 Full Adaptive
ORIENTBELL,Construction Materials,2021-08-12,2021-08-20,334.150643360514,333.31734998555015,315.859853780057,316.65148248627264,-5.473815461346611,5,STOP_LOSS_INTRADAY,4.042808070829077,-7.282999533498208,Model 4 Full Adaptive
GIPCL,Power,2021-08-12,2021-08-23,78.00523310169899,77.81070633585935,73.73537059151872,73.92017101906637,-5.473815461346625,6,STOP_LOSS_INTRADAY,2.0373642952429756,-7.753248234897912,Model 4 Full Adaptive
KSB,Capital Goods,2021-06-29,2021-08-24,182.63864593431956,182.18318796440855,218.79902215387978,219.3473906304559,19.79886350699523,38,DAILY_CLOSE_BELOW_EMA21,35.271563904053494,-0.5111856753285644,Model 4 Full Adaptive
ABB,Capital Goods,2021-08-06,2021-08-24,1614.5325722334173,1610.5063064672493,1619.5430591149852,1623.6020642756744,0.3103366861553479,11,DAILY_CLOSE_BELOW_EMA21,8.44659211579972,-2.898557033362286,Model 4 Full Adaptive
GODREJAGRO,FMCG,2021-08-23,2021-08-24,592.6380832612668,591.1601828042562,560.1981682298833,561.6021736640434,-5.473815461346627,1,STOP_LOSS_INTRADAY,0.9968885380159654,-6.074768555476813,Model 4 Full Adaptive
ROSSARI,Chemicals,2021-07-12,2021-08-25,1198.300141876132,1195.3118622205807,1293.671137592983,1296.9134211458477,7.958857082961895,30,DAILY_CLOSE_BELOW_EMA21,20.833360154188437,-3.5416596650546555,Model 4 Full Adaptive
GARFIBRES,Textiles,2021-08-20,2021-08-25,648.3304246728358,646.7136405714073,612.8420136464798,614.3779585428368,-5.473815461346629,3,STOP_LOSS_INTRADAY,2.609657848199509,-6.160148554628283,Model 4 Full Adaptive
ICIL,Textiles,2021-08-25,2021-08-25,242.12997007527565,241.52615468855427,228.87622233674125,229.44984695412654,-5.473815461346628,0,STOP_LOSS_INTRADAY,0.8695640111629153,-5.039525691699605,Model 4 Full Adaptive
PANAMAPET,Automobile & Ancillaries,2021-08-25,2021-09-01,237.14582289002456,236.5544367980295,244.61562730223523,245.22869904985987,3.14987813033281,5,DAILY_CLOSE_BELOW_EMA21,6.761752958218874,-3.0225114585167074,Model 4 Full Adaptive
HEXATRADEX,Trading,2021-07-30,2021-09-02,127.81875,127.5,199.5,200.0,56.080387267126305,23,DAILY_CLOSE_BELOW_EMA21,83.56862984451593,0.0,Model 4 Full Adaptive
JAMNAAUTO,Automobile & Ancillaries,2021-08-20,2021-09-06,75.04012206555697,74.85298959157804,79.56723083013615,79.76664744875805,6.032917644542454,11,DAILY_CLOSE_BELOW_EMA21,16.13497288546412,-3.558289318391868,Model 4 Full Adaptive
CGCL,Finance,2021-08-26,2021-09-06,493.6781969391947,492.447079241092,466.65516346583985,467.8247252790374,-5.473815461346623,7,STOP_LOSS_INTRADAY,0.9869553119730333,-10.569192671825673,Model 4 Full Adaptive
SOTL,Automobile & Ancillaries,2021-08-25,2021-09-08,292.457676410582,291.7283555217776,299.73012090617453,300.4813242167163,2.4866656211077656,10,DAILY_CLOSE_BELOW_EMA21,8.078454173904404,-0.05162074671579674,Model 4 Full Adaptive
FORTIS,Healthcare,2021-08-12,2021-09-14,235.7055610069215,235.1177665904454,270.32583366902486,271.00334202408504,14.687932059900247,21,DAILY_CLOSE_BELOW_EMA21,28.266828721466513,-1.4355115337372917,Model 4 Full Adaptive
JBCHEPHARM,Healthcare,2021-08-26,2021-09-15,816.3595997588568,814.3237902831489,832.8269132728111,834.9141987697354,2.017164190733907,13,DAILY_CLOSE_BELOW_EMA21,5.933414586374865,-2.622812167181915,Model 4 Full Adaptive
SIEMENS,Capital Goods,2021-07-23,2021-09-17,1138.8184568999038,1135.9785106233455,1261.5900055119625,1264.751885225025,10.780607555858195,38,DAILY_CLOSE_BELOW_EMA21,16.940781068514926,-3.1379220580999014,Model 4 Full Adaptive
LAURUSLABS,Healthcare,2021-08-25,2021-09-17,666.9460186028381,665.2828115739034,630.4386243177202,632.0186709952081,-5.47381546134663,16,STOP_LOSS_INTRADAY,0.8216726171688384,-5.14473129079861,Model 4 Full Adaptive
REDINGTON,Trading,2021-09-13,2021-09-20,125.33995377818987,125.02738531490262,118.47907600903459,118.77601604915748,-5.473815461346633,5,STOP_LOSS_INTRADAY,4.083006418250045,-6.634922355642252,Model 4 Full Adaptive
MFSL,Finance,2021-08-12,2021-09-21,1060.4445489501952,1057.800048828125,1047.375,1050.0,-1.2324594400653603,26,DAILY_CLOSE_BELOW_EMA21,7.487232701455819,-4.6133528621205615,Model 4 Full Adaptive
TTKPRESTIG,Consumer Durables,2021-08-10,2021-09-22,846.4248415101853,844.3140563692622,860.8848821552675,863.042488376208,1.7083667605126924,29,DAILY_CLOSE_BELOW_EMA21,8.406332111516207,-2.172669867886727,Model 4 Full Adaptive
ADANIENT,Trading,2021-09-22,2021-09-27,1435.3832420045323,1431.8037326728504,1455.0968573856028,1458.7437166772959,1.3734043149019983,3,DAILY_CLOSE_BELOW_EMA21,5.644599341691311,-0.7421619800740494,Model 4 Full Adaptive
MUTHOOTFIN,Finance,2021-09-22,2021-09-27,1386.8061753967304,1383.3478058820253,1397.5328130300675,1401.0354015339021,0.7734777810798583,3,DAILY_CLOSE_BELOW_EMA21,5.000021740679647,-0.8142648442757351,Model 4 Full Adaptive
NDGL,Finance,2021-09-27,2021-09-27,1386.4260053415146,1382.9685838818102,1310.5356043010004,1313.8201546877197,-5.473815461346627,0,STOP_LOSS_INTRADAY,0.0,-5.10424155283967,Model 4 Full Adaptive
WIPRO,Software & IT Services,2021-07-15,2021-09-28,256.8680056694652,256.2274370767733,297.9113435728737,298.6579885442343,15.978376830714597,50,DAILY_CLOSE_BELOW_EMA21,24.62566810066214,-0.35650623885918103,Model 4 Full Adaptive
EVERESTIND,Construction Materials,2021-09-22,2021-09-28,420.7804488713256,419.731121068654,428.47067201063857,429.5445333439985,1.82760942433061,4,DAILY_CLOSE_BELOW_EMA21,6.78143786926555,-1.80295449341779,Model 4 Full Adaptive
NAVINFLUOR,Chemicals,2021-09-22,2021-09-29,3831.8368179568447,3822.2811151689225,3622.08914176195,3631.167059410476,-5.473815461346635,5,STOP_LOSS_INTRADAY,1.8273151939755161,-6.056692872203079,Model 4 Full Adaptive
CAMS,Finance,2021-09-29,2021-09-29,628.4539604411027,626.8867435821473,594.0535503870324,595.54240640304,-5.473815461346633,0,STOP_LOSS_INTRADAY,0.0,-8.499998204848342,Model 4 Full Adaptive
BALKRISIND,Automobile & Ancillaries,2021-08-24,2021-09-30,2196.801264745482,2191.322957352102,2402.512310974934,2408.533645087653,9.364117252239707,26,DAILY_CLOSE_BELOW_EMA21,19.46493692960429,-1.5087620700408428,Model 4 Full Adaptive
AJMERA,Real Estate,2021-09-22,2021-09-30,68.27698363579455,68.10671684368535,68.62590593364011,68.7979006853535,0.5110394151370173,6,DAILY_CLOSE_BELOW_EMA21,9.00513423115477,-1.3722229017455112,Model 4 Full Adaptive
MACPOWER,Capital Goods,2021-09-30,2021-09-30,174.47759084022903,174.0424846286574,164.92700949623145,165.34036039722452,-5.473815461346636,0,STOP_LOSS_INTRADAY,0.0,-7.082152974504248,Model 4 Full Adaptive
ALKYLAMINE,Chemicals,2021-09-22,2021-10-04,3894.481903320578,3884.7699783746416,3681.30515075727,3690.5314794559094,-5.473815461346625,8,STOP_LOSS_INTRADAY,0.0,-5.572423516279025,Model 4 Full Adaptive
AJANTPHARM,Healthcare,2021-09-15,2021-10-18,1389.6895711807254,1386.2240111528433,1384.5647804989126,1388.0348676680826,-0.3687723350660676,22,DAILY_CLOSE_BELOW_EMA21,6.565172056671422,-2.8850578904558066,Model 4 Full Adaptive
CGCL,Finance,2021-09-08,2021-10-19,482.60958849989385,481.4060733166024,489.28874152264143,490.5150290953799,1.3839660839538115,27,DAILY_CLOSE_BELOW_EMA21,11.568612520255929,-2.941181017300442,Model 4 Full Adaptive
APOLLOHOSP,Healthcare,2021-10-01,2021-10-19,4432.364000468368,4421.3107236592205,4189.744574507568,4200.245187476259,-5.473815461346641,11,STOP_LOSS_INTRADAY,2.1253645623997173,-5.688817539080842,Model 4 Full Adaptive
KANSAINER,Consumer Goods,2021-10-18,2021-10-19,389.5021404120625,388.53081337861596,368.1815120279109,369.1042727096851,-5.47381546134664,1,STOP_LOSS_INTRADAY,0.2687236706681147,-7.125425122337716,Model 4 Full Adaptive
BERGEPAINT,Chemicals,2021-08-12,2021-10-20,661.5705245329107,659.9207227260955,664.1720018600491,665.8365933434076,0.39322751402432754,46,DAILY_CLOSE_BELOW_EMA21,5.0585745243353415,-4.951380764529275,Model 4 Full Adaptive
INDIAGLYCO,Chemicals,2021-09-22,2021-10-20,332.5878995722972,331.7585033140122,413.86528135221016,414.90253769645125,24.437864962746506,19,DAILY_CLOSE_BELOW_EMA21,46.78941760358975,-3.0946355778566152,Model 4 Full Adaptive
PIIND,Chemicals,2021-09-30,2021-10-20,3193.1506425985517,3185.187673415014,3168.8492190233483,3176.791197015888,-0.761048453242632,13,DAILY_CLOSE_BELOW_EMA21,5.036149356595949,-4.703168635698045,Model 4 Full Adaptive
JKPAPER,Paper,2021-10-01,2021-10-20,211.3234013012915,210.7964102756025,223.7399561998243,224.30070796974866,5.875617571018575,12,DAILY_CLOSE_BELOW_EMA21,11.89117827447865,-1.0750315988841237,Model 4 Full Adaptive
GLAND,Healthcare,2021-10-05,2021-10-20,3789.740596473479,3780.2898717939943,3582.297189758784,3591.2753782042946,-5.47381546134662,10,STOP_LOSS_INTRADAY,4.840372404208821,-9.594486765005865,Model 4 Full Adaptive
GODREJCP,FMCG,2021-10-01,2021-10-21,980.09547212612,977.6513437667032,926.4468546369221,928.768776578368,-5.473815461346632,13,STOP_LOSS_INTRADAY,4.177997273910104,-5.795761308015866,Model 4 Full Adaptive
APLAPOLLO,Metals & Mining,2021-10-04,2021-10-21,849.4163003259267,847.2980551879568,802.9208195474877,804.933152428559,-5.473815461346625,12,STOP_LOSS_INTRADAY,4.190912301286438,-5.704314768799587,Model 4 Full Adaptive
AJANTPHARM,Healthcare,2021-10-21,2021-10-22,1387.4674579251036,1384.0074393267867,1311.5200496920463,1314.8070673604473,-5.473815461346627,1,STOP_LOSS_INTRADAY,0.6090683677755899,-7.347174598062346,Model 4 Full Adaptive
KCP,Construction Materials,2021-10-22,2021-10-22,132.00838418352316,131.6791862179782,124.7824888398116,125.0952269070793,-5.473815461346635,0,STOP_LOSS_INTRADAY,0.3714710084154577,-6.835069955763111,Model 4 Full Adaptive
SHAHALLOYS,Metals & Mining,2021-09-15,2021-10-25,15.6390003824234,15.600000381469727,27.93,28.0,78.59197721735717,27,DAILY_CLOSE_BELOW_EMA21,147.43588160402638,0.0,Model 4 Full Adaptive
UTIAMC,Finance,2021-10-01,2021-10-25,895.4617913227844,893.2287195239745,904.2141909219146,906.4803919016687,0.9774174268453204,15,DAILY_CLOSE_BELOW_EMA21,5.446011386939054,-3.57278397427018,Model 4 Full Adaptive
FORTIS,Healthcare,2021-10-22,2021-10-25,265.1625366011212,264.5012833926396,250.6480286749501,251.27621922300762,-5.473815461346631,1,STOP_LOSS_INTRADAY,0.0,-6.943146655303417,Model 4 Full Adaptive
PANAMAPET,Automobile & Ancillaries,2021-10-22,2021-10-25,240.59944693328993,239.99944831250866,227.42947720714102,227.9994758968832,-5.473815461346631,1,STOP_LOSS_INTRADAY,3.183016558714561,-7.123910679172169,Model 4 Full Adaptive
PIIND,Chemicals,2021-10-22,2021-10-25,3090.224853440315,3082.518557047696,2921.071647622323,2928.392629195311,-5.473815461346634,1,STOP_LOSS_INTRADAY,0.18954925682939547,-8.728897364070875,Model 4 Full Adaptive
KOTHARIPET,Chemicals,2021-10-22,2021-10-25,49.41586570404881,49.292634118751934,46.710932406782305,46.828002412814335,-5.473815461346622,1,STOP_LOSS_INTRADAY,0.38986504076779976,-7.212471570646469,Model 4 Full Adaptive
ARENTERP,Diversified / Other,2021-10-22,2021-10-25,27.0675,27.0,25.585875,25.65,-5.473815461346625,1,STOP_LOSS_INTRADAY,3.7037037037037033,-5.370373196072049,Model 4 Full Adaptive
GLAND,Healthcare,2021-10-25,2021-10-25,3590.691354903194,3581.737012372264,3394.1435363492665,3402.6501617536505,-5.473815461346628,0,STOP_LOSS_INTRADAY,1.9565217391304301,-9.995926566745924,Model 4 Full Adaptive
HITECHCORP,Plastic Products,2021-10-25,2021-10-26,210.90422706060664,210.3782813572136,198.97254896336528,199.47122703094263,-5.657391633887264,1,STOP_LOSS_GAP_DOWN,2.405415109607425,-5.184496353856629,Model 4 Full Adaptive
EKC,Capital Goods,2021-10-25,2021-10-26,113.95834313463747,113.67415774028676,107.72047372863923,107.99044985327241,-5.4738154613466365,1,STOP_LOSS_INTRADAY,0.8620689655172372,-5.1724096909415165,Model 4 Full Adaptive
TORNTPHARM,Healthcare,2021-10-22,2021-10-27,1426.9454928106743,1423.3870252475556,1348.8371298002148,1352.2176739851777,-5.473815461346624,3,STOP_LOSS_INTRADAY,4.214963317113305,-7.032143444178529,Model 4 Full Adaptive
KEI,Electricals,2021-10-27,2021-10-27,967.3428763960255,964.9305500209731,914.3923124636246,916.6840225199244,-5.473815461346632,0,STOP_LOSS_INTRADAY,0.0,-6.995884773662555,Model 4 Full Adaptive
DEEPAKNTR,Chemicals,2021-10-27,2021-10-28,2457.4401300867453,2451.311850460594,2300.3131022232164,2306.0782979681367,-6.393931064273066,1,STOP_LOSS_GAP_DOWN,0.0,-5.924727711211793,Model 4 Full Adaptive
DYNAMATECH,Capital Goods,2021-10-26,2021-10-28,2740.235141863609,2733.401637769186,2590.2397269910252,2596.731555880727,-5.4738154613466214,2,STOP_LOSS_INTRADAY,1.0909158718886602,-5.454541312554125,Model 4 Full Adaptive
GNA,Diversified / Other,2021-10-27,2021-10-28,460.9256271261728,459.776186659524,435.69540888323144,436.78737732654776,-5.473815461346629,1,STOP_LOSS_INTRADAY,2.9172141918528256,-5.387646928423788,Model 4 Full Adaptive
OFSS,Software & IT Services,2021-10-27,2021-10-28,3659.7617886665666,3650.6352006649045,3459.43318203008,3468.103440631659,-5.473815461346636,1,STOP_LOSS_INTRADAY,3.1509846827133448,-6.826049476307425,Model 4 Full Adaptive
SBILIFE,Insurance,2021-10-25,2021-10-29,1149.7634369747332,1146.8961964835244,1153.4175347174114,1156.308305481114,0.3178130061513283,4,DAILY_CLOSE_BELOW_EMA21,5.541628510893792,-2.7038638059723037,Model 4 Full Adaptive
FLUOROCHEM,Chemicals,2021-10-27,2021-10-29,1824.4003503269225,1819.8507235181273,1808.3460514784024,1812.8782470961426,-0.8799767466413446,2,DAILY_CLOSE_BELOW_EMA21,6.4586767653385655,-1.7515039620654398,Model 4 Full Adaptive
ATUL,Chemicals,2021-10-27,2021-10-29,9591.542929875484,9567.623870199985,9066.51956999826,9089.242676689984,-5.473815461346639,2,STOP_LOSS_INTRADAY,2.297457448030383,-9.118440389603265,Model 4 Full Adaptive
ZENSARTECH,Software & IT Services,2021-10-28,2021-10-29,441.3425151706619,440.24191039467524,417.1842403377541,418.22981487494144,-5.473815461346635,1,STOP_LOSS_INTRADAY,0.0,-5.67589102065436,Model 4 Full Adaptive
GALAXYSURF,Chemicals,2021-10-28,2021-11-02,3100.3498135500104,3092.6182678803098,2930.6423861000785,2937.987354486294,-5.4738154613466286,3,STOP_LOSS_INTRADAY,0.0,-6.60910447908358,Model 4 Full Adaptive
STEL,Finance,2021-11-02,2021-11-09,163.90875,163.5,169.17600608825686,169.60000610351562,3.2135295328997735,4,DAILY_CLOSE_BELOW_EMA21,6.055042138522553,-3.7003076769160934,Model 4 Full Adaptive
DHUNINV,Finance,2021-11-01,2021-11-11,595.8912210403817,594.4052080203309,600.0971772953679,601.6011802459828,0.7058261821080372,7,DAILY_CLOSE_BELOW_EMA21,6.79934167023941,0.0,Model 4 Full Adaptive
SAKSOFT,Software & IT Services,2021-11-02,2021-11-11,73.08456572972648,72.90230995483938,69.08405147095468,69.25719445709741,-5.47381546134662,6,STOP_LOSS_INTRADAY,4.89378169418846,-7.1420903584844515,Model 4 Full Adaptive
SAGCEM,Construction Materials,2021-11-01,2021-11-12,278.9257737573324,278.23019826167825,277.4358440564265,278.1311719863925,-0.5341670942901708,8,DAILY_CLOSE_BELOW_EMA21,6.049813858826953,-4.626333939446814,Model 4 Full Adaptive
CINELINE,Media & Entertainment,2021-11-11,2021-11-12,111.67850152969359,111.4000015258789,105.565426445961,105.83000144958496,-5.473815461346626,1,STOP_LOSS_INTRADAY,0.0,-5.745064127662643,Model 4 Full Adaptive
TIRUMALCHM,Chemicals,2021-11-10,2021-11-15,257.9148588577398,257.2716796585933,243.7970754364745,244.40809567566365,-5.47381546134662,3,STOP_LOSS_INTRADAY,2.815838948931825,-6.773207769586567,Model 4 Full Adaptive
JSWENERGY,Power,2021-11-12,2021-11-15,326.3611155437488,325.54724742518584,308.49671034129176,309.26988505392654,-5.473815461346618,1,STOP_LOSS_INTRADAY,0.0,-6.362282721121429,Model 4 Full Adaptive
GOODLUCK,Metals & Mining,2021-11-03,2021-11-18,96.47026330803337,96.22968908532008,95.04869187998784,95.28690915287001,-1.4735851020810327,10,DAILY_CLOSE_BELOW_EMA21,5.050691687259838,-3.378370270464536,Model 4 Full Adaptive
SUPERHOUSE,Textiles,2021-11-18,2021-11-18,165.36902192797484,164.9566303520946,156.31702683740366,156.70879883448987,-5.4738154613466286,0,STOP_LOSS_INTRADAY,0.0,-8.779761904761898,Model 4 Full Adaptive
RELAXO,Footwear,2021-10-04,2021-11-22,1156.8147033759737,1153.9298786792756,1297.7686079670666,1301.0211608692396,12.184657074269719,32,DAILY_CLOSE_BELOW_EMA21,23.586384847331477,0.0,Model 4 Full Adaptive
SALONA,Textiles,2021-10-28,2021-11-22,194.2942368373615,193.80971255597157,199.60261307339744,200.10287024902,2.7321326264965027,15,DAILY_CLOSE_BELOW_EMA21,16.692022447130732,-3.576865973334969,Model 4 Full Adaptive
CGCL,Finance,2021-11-12,2021-11-22,498.0341358704015,496.79215548169725,470.77266633834336,471.9525477076124,-5.473815461346632,5,STOP_LOSS_INTRADAY,1.919047451183935,-6.384193043617893,Model 4 Full Adaptive
CONFIPET,Industrial Gases & Fuels,2021-11-17,2021-11-22,82.28589608931952,82.08069435343593,77.78171798667474,77.97665963576414,-5.473815461346621,2,STOP_LOSS_INTRADAY,1.029677095939243,-9.085405491168865,Model 4 Full Adaptive
TITAN,Diamond  &  Jewellery,2021-07-23,2021-11-23,1691.1216718914081,1686.9044108642477,2335.634401548709,2341.488121853342,38.111552845068545,82,DAILY_CLOSE_BELOW_EMA21,56.177640687650744,-1.0293660025516738,Model 4 Full Adaptive
SAFARI,FMCG,2021-10-26,2021-11-23,406.67475351382365,405.6606020088017,446.7454633864183,447.8651262019231,9.85325730854167,18,DAILY_CLOSE_BELOW_EMA21,20.807812074790643,-3.74540845047487,Model 4 Full Adaptive
HAL,Aviation,2021-11-01,2021-11-23,608.6435540878268,607.1257397384807,625.9687287743684,627.5375727061337,2.846522331532252,14,DAILY_CLOSE_BELOW_EMA21,10.332287791904408,-1.1707705040241645,Model 4 Full Adaptive
CALSOFT,Diversified / Other,2021-11-16,2021-11-23,30.0248757648468,29.950000762939453,29.07712461948395,29.149999618530273,-3.156553095458534,4,DAILY_CLOSE_BELOW_EMA21,12.520867794568813,-2.838064640457468,Model 4 Full Adaptive
AJANTPHARM,Healthcare,2021-10-25,2021-11-23,1351.4739411182702,1348.1036819134865,1277.4967515732676,1280.698497817812,-5.473815461346636,19,STOP_LOSS_INTRADAY,3.710060907321372,-6.959917727976342,Model 4 Full Adaptive
NTPC,Power,2021-11-02,2021-11-23,115.9532595710242,115.66409932271742,109.6061921206901,109.88089435658155,-5.473815461346625,13,STOP_LOSS_INTRADAY,4.740741035367403,-5.074096152079228,Model 4 Full Adaptive
WIPRO,Software & IT Services,2021-11-15,2021-11-23,302.9073571254674,302.15197718251113,286.3267673775771,287.04437832338556,-5.473815461346639,5,STOP_LOSS_INTRADAY,1.088347524175805,-5.366185429993708,Model 4 Full Adaptive
BSHSL,Agri,2021-11-24,2021-11-25,27.1677503824234,27.100000381469727,28.229249238967896,28.299999237060547,3.907201890485748,1,DAILY_CLOSE_BELOW_EMA21,6.5129127852533095,0.0,Model 4 Full Adaptive
TRITURBINE,Capital Goods,2021-11-24,2021-11-25,184.94990584127208,184.48868413094473,174.8260892995865,175.2642499243975,-5.473815461346629,1,STOP_LOSS_INTRADAY,3.747693965630076,-6.281338434758663,Model 4 Full Adaptive
GOODYEAR,Automobile & Ancillaries,2021-10-22,2021-11-26,903.3589948867507,901.1062293134671,853.9107905531743,856.0509178477937,-5.473815461346625,23,STOP_LOSS_INTRADAY,0.231301230092347,-6.004240727029435,Model 4 Full Adaptive
TATACHEM,Chemicals,2021-11-01,2021-11-26,849.9383247199537,847.818777775515,803.4142692895224,805.4278388867392,-5.473815461346624,17,STOP_LOSS_INTRADAY,4.934147433882646,-7.299665836581055,Model 4 Full Adaptive
DATAMATICS,Software & IT Services,2021-11-24,2021-11-29,309.3889239898729,308.6173805385266,281.9976797347725,282.70444083686465,-8.853337056111624,3,STOP_LOSS_GAP_DOWN,2.11490292462062,-8.396461552633488,Model 4 Full Adaptive
GRAVITA,Metals & Mining,2021-11-24,2021-11-29,194.8406598271665,194.35477289492917,193.2349853396587,193.71928354853,-0.8240962070915344,3,DAILY_CLOSE_BELOW_EMA21,9.07946886772056,-0.9054341167636721,Model 4 Full Adaptive
RAMASTEEL,Automobile & Ancillaries,2021-11-25,2021-11-29,3.263008788685108,3.254871609660956,3.055515730855303,3.0631736650178474,-6.3589487882874565,2,STOP_LOSS_GAP_DOWN,4.294475911130394,-5.889570085471877,Model 4 Full Adaptive
HATSUN,FMCG,2021-11-23,2021-11-29,1269.0276186018007,1265.8629611988038,1199.5633886060164,1202.5698131388635,-5.47381546134663,4,STOP_LOSS_INTRADAY,1.1235926798393931,-7.666673929204845,Model 4 Full Adaptive
JSL,Metals & Mining,2021-11-24,2021-11-29,171.98503297710099,171.55614262054962,162.57088965079834,162.97833548952212,-5.473815461346628,3,STOP_LOSS_INTRADAY,3.881271417144991,-13.127868110800915,Model 4 Full Adaptive
SHREEPUSHK,Diversified / Other,2021-11-24,2021-11-29,206.57484246316153,206.05969323008634,195.26731679716056,195.756708568582,-5.473815461346625,3,STOP_LOSS_INTRADAY,2.0085065583225292,-7.301525272434301,Model 4 Full Adaptive
POWERMECH,Infrastructure,2021-11-26,2021-11-29,478.7442494373872,477.5503735036282,452.53867269137567,453.67285482844676,-5.473815461346626,1,STOP_LOSS_INTRADAY,0.9352154866281449,-7.612330993067121,Model 4 Full Adaptive
CENTURYPLY,Construction Materials,2021-09-01,2021-11-30,408.47012538740336,407.4514966457889,572.8721285289353,574.3078982746218,40.248231859210975,60,DAILY_CLOSE_BELOW_EMA21,73.87806640916622,-4.500007811455553,Model 4 Full Adaptive
RGL,Diamond  &  Jewellery,2021-12-01,2021-12-06,162.18834953170065,161.7838898071827,167.13052791087037,167.5494014144064,3.0471845810378264,3,DAILY_CLOSE_BELOW_EMA21,5.150244337927,-0.841342516728272,Model 4 Full Adaptive
ECLERX,Software & IT Services,2021-12-01,2021-12-06,716.880139649028,715.0924086274595,677.6394437255963,679.3377881960864,-5.473815461346622,3,STOP_LOSS_INTRADAY,2.5581366234177194,-6.46280016252569,Model 4 Full Adaptive
TATAELXSI,Software & IT Services,2021-12-02,2021-12-07,5629.591011839028,5615.552131510253,5321.437588622403,5334.77452493474,-5.473815461346632,3,STOP_LOSS_INTRADAY,1.4544224589886707,-5.057494326586764,Model 4 Full Adaptive
AMBIKCO,Textiles,2021-12-01,2021-12-09,1734.604651442471,1730.2789540573278,1803.3234730968777,1807.8430807988748,3.961641726099436,6,DAILY_CLOSE_BELOW_EMA21,6.047740719126246,-2.1379336248342176,Model 4 Full Adaptive
MANALIPETC,Chemicals,2021-12-02,2021-12-09,104.77446372246426,104.51318077053793,108.99061612948235,109.26377556840335,4.0240267114954635,5,DAILY_CLOSE_BELOW_EMA21,5.454532460870126,-1.3636363636363569,Model 4 Full Adaptive
GOLDIAM,Diamond  &  Jewellery,2021-12-06,2021-12-16,123.56510550157347,123.25696309383888,116.80137965179907,117.09411493914693,-5.4738154613466286,8,STOP_LOSS_INTRADAY,2.481077441779612,-6.330822127978773,Model 4 Full Adaptive
PRINCEPIPE,Plastic Products,2021-12-01,2021-12-20,734.9214940010725,733.0887720708953,691.7152521733459,693.448874359244,-5.879028192862122,13,STOP_LOSS_GAP_DOWN,2.3038351317983876,-5.407243873026858,Model 4 Full Adaptive
IRCTC,Software & IT Services,2021-12-01,2021-12-20,775.8081946098729,773.873510832791,770.0303693645473,771.9602700396463,-0.7447491900019306,13,DAILY_CLOSE_BELOW_EMA21,8.553790635252726,-1.5636618558791733,Model 4 Full Adaptive
21STCENMGM,Diversified / Other,2021-12-15,2021-12-20,52.81366732589637,52.681962419846755,49.26586632784369,49.389339677036276,-6.717581220331333,3,STOP_LOSS_GAP_DOWN,1.1029383406095346,-6.250000173816717,Model 4 Full Adaptive
TITAN,Diamond  &  Jewellery,2021-11-30,2021-12-20,2304.33987598824,2298.5933925069726,2178.20456357442,2183.663722881624,-5.473815461346628,14,STOP_LOSS_INTRADAY,4.517646356726159,-5.624032514325709,Model 4 Full Adaptive
TATAELXSI,Software & IT Services,2021-12-08,2021-12-20,5710.516678685581,5696.275988713796,5397.933533804911,5411.462189278106,-5.473815461346629,8,STOP_LOSS_INTRADAY,1.683904974632721,-10.970329428194773,Model 4 Full Adaptive
BAJAJFINSV,Finance,2021-12-17,2021-12-20,1664.399259564272,1660.2486379693487,1573.2931155557042,1577.2362060708813,-5.473815461346619,1,STOP_LOSS_INTRADAY,1.2012012012012114,-7.207204781270522,Model 4 Full Adaptive
USHAMART,Metals & Mining,2021-12-01,2021-12-21,81.30627044435819,81.10351166519521,81.94770746709078,82.15309019257221,0.7889145809136029,14,DAILY_CLOSE_BELOW_EMA21,14.411765995871537,-3.058821734260111,Model 4 Full Adaptive
SRF,Diversified,2021-12-03,2021-12-21,2062.000122263594,2056.8579773202937,2055.10305881157,2060.25369304418,-0.3344841436989271,12,DAILY_CLOSE_BELOW_EMA21,7.2727506474942265,-2.892328169128685,Model 4 Full Adaptive
VRLLOG,Logistics,2021-12-22,2021-12-27,208.13017203616656,207.61114417572725,209.63986118395331,210.165274369878,0.7253581415021468,3,DAILY_CLOSE_BELOW_EMA21,9.480804252101132,-2.821670428893901,Model 4 Full Adaptive
DHUNINV,Finance,2021-12-23,2021-12-27,633.4433148469049,631.8636557076358,614.5514180731199,616.0916471910975,-2.982413158524046,2,DAILY_CLOSE_BELOW_EMA21,6.084243369734785,-6.396260906407559,Model 4 Full Adaptive
SOLARINDS,Chemicals,2021-12-23,2021-12-27,2419.272106816612,2413.239009293379,2286.845616181638,2292.5770588287096,-5.4738154613466286,2,STOP_LOSS_INTRADAY,0.8230452674897252,-5.343630518786712,Model 4 Full Adaptive
CENTURYPLY,Construction Materials,2021-12-22,2021-12-31,575.8433101190986,574.4072918893752,589.8232807500189,591.301534586485,2.4277386548137203,7,DAILY_CLOSE_BELOW_EMA21,9.861567098324972,-2.595155709342557,Model 4 Full Adaptive
NHPC,Power,2021-12-22,2022-01-10,26.16572936545146,26.100478170026395,26.540765709963544,26.60728391976295,1.4333112571563575,13,DAILY_CLOSE_BELOW_EMA21,5.3398072480065775,-2.912620202075612,Model 4 Full Adaptive
HATSUN,FMCG,2021-12-20,2022-01-11,1208.1904255351617,1205.1774818305853,1142.0563112197083,1144.918607739056,-5.473815461346638,16,STOP_LOSS_INTRADAY,4.248623974771293,-5.558623886389198,Model 4 Full Adaptive
PREMIER,Diversified / Other,2022-01-18,2022-01-18,10.024999999999999,10.0,9.47625,9.5,-5.473815461346617,0,STOP_LOSS_INTRADAY,0.0,-8.999996185302734,Model 4 Full Adaptive
ARIHANTSUP,Real Estate,2021-12-22,2022-01-19,168.74659502026617,168.32578056884407,176.2014350128327,176.64304261938113,4.417772098851065,20,DAILY_CLOSE_BELOW_EMA21,11.26469382469411,-4.352947992904965,Model 4 Full Adaptive
GOLDTECH,Software & IT Services,2022-01-17,2022-01-20,86.21499999999999,86.0,82.99199695587158,83.19999694824219,-3.7383321279689206,3,DAILY_CLOSE_BELOW_EMA21,7.034887269485829,-2.3255813953488373,Model 4 Full Adaptive
LAOPALA,Diversified / Other,2022-01-21,2022-01-24,372.1561988580553,371.22812853671354,351.7850553046032,352.66672210987787,-5.473815461346619,1,STOP_LOSS_INTRADAY,1.451222489519812,-9.08537835245083,Model 4 Full Adaptive
PERSISTENT,Software & IT Services,2022-01-24,2022-01-24,2066.7592472048846,2061.605234119586,1953.6286599825726,1958.5249724136065,-5.473815461346621,0,STOP_LOSS_INTRADAY,1.7807099486221345,-6.1186361513311525,Model 4 Full Adaptive
TATAPOWER,Power,2021-12-22,2022-01-25,207.86700934147615,207.3486377471084,218.16014301951623,218.70691029525435,4.951788025742412,24,DAILY_CLOSE_BELOW_EMA21,17.552464782123835,-0.5594391367096538,Model 4 Full Adaptive
SALZERELEC,Electricals,2021-12-23,2022-01-25,184.07494409624158,183.6159043354031,214.45023460928797,214.98770386896035,16.501588883908614,23,DAILY_CLOSE_BELOW_EMA21,41.33689714740821,-2.540100252856412,Model 4 Full Adaptive
THANGAMAYL,Diamond  &  Jewellery,2022-01-27,2022-01-27,639.8668098714661,638.2711320413628,604.8416815006964,606.3575754392946,-5.473815461346625,0,STOP_LOSS_INTRADAY,1.1363636363636316,-10.984848484848497,Model 4 Full Adaptive
ECLERX,Software & IT Services,2022-01-27,2022-01-28,816.9098885781807,814.8727068111529,772.1937487919187,774.1290714705951,-5.4738154613466365,1,STOP_LOSS_INTRADAY,0.9387705043554052,-6.061221546743574,Model 4 Full Adaptive
LAOPALA,Diversified / Other,2022-01-28,2022-01-28,377.6023781496306,376.66072633379616,356.9331207920636,357.82769001710636,-5.473815461346619,0,STOP_LOSS_INTRADAY,1.923076923076935,-6.213943774883553,Model 4 Full Adaptive
SOMANYCERA,Construction Materials,2022-01-27,2022-01-31,815.5443775334878,813.5106010309106,841.6175001076199,843.7268171504961,3.197020700821576,2,DAILY_CLOSE_BELOW_EMA21,9.52381671868213,-1.1904761904761916,Model 4 Full Adaptive
SHARDAMOTR,Automobile & Ancillaries,2022-01-27,2022-01-31,761.0262532341934,759.128432153809,759.1623412858002,761.0650037952884,-0.2449208474046773,2,DAILY_CLOSE_BELOW_EMA21,5.720665140882809,-2.4999922843300606,Model 4 Full Adaptive
USHAMART,Metals & Mining,2022-01-31,2022-01-31,86.0890028300635,85.87431703746984,81.37664968263235,81.58060118559634,-5.473815461346636,0,STOP_LOSS_INTRADAY,0.0,-6.1111111111111045,Model 4 Full Adaptive
LPDC,Diversified / Other,2022-01-31,2022-01-31,11.428499617576598,11.399999618530273,10.80292463850975,10.829999637603759,-5.473815461346622,0,STOP_LOSS_INTRADAY,0.0,-8.771930118089982,Model 4 Full Adaptive
CALSOFT,Diversified / Other,2022-02-03,2022-02-03,41.5035015296936,41.400001525878906,39.231676445961,39.33000144958496,-5.473815461346624,0,STOP_LOSS_INTRADAY,0.0,-6.521740732912046,Model 4 Full Adaptive
LPDC,Diversified / Other,2022-02-03,2022-02-04,10.0751251912117,10.050000190734863,9.426374809741974,9.449999809265137,-6.439129729480847,1,DAILY_CLOSE_BELOW_EMA21,5.97014344684841,-2.9850764680724553,Model 4 Full Adaptive
MINDTECK,Software & IT Services,2022-02-03,2022-02-04,144.30474124493696,143.94487904731866,136.40576600721536,136.74763509495273,-5.473815461346625,1,STOP_LOSS_INTRADAY,0.0,-5.132364323947176,Model 4 Full Adaptive
PAGEIND,Textiles,2022-01-27,2022-02-07,38856.38943289213,38759.49070612682,39320.27334028867,39418.82039126684,1.1938420274423716,7,DAILY_CLOSE_BELOW_EMA21,6.598388435525537,-4.7351154313487145,Model 4 Full Adaptive
NEOGEN,Chemicals,2022-01-27,2022-02-08,1665.512839290347,1661.3594406886257,1617.2942669308748,1621.347636020927,-2.895118621842484,8,DAILY_CLOSE_BELOW_EMA21,7.70381745712909,-2.5430034234559704,Model 4 Full Adaptive
SCHAEFFLER,Automobile & Ancillaries,2022-01-31,2022-02-08,1717.523368434767,1713.2402677653538,1715.089312213097,1719.387781667265,-0.1417189580301486,6,DAILY_CLOSE_BELOW_EMA21,6.416235864059885,-0.48217227089060083,Model 4 Full Adaptive
KEI,Electricals,2022-02-02,2022-02-08,1104.9306244884451,1102.17518652214,1044.4487611280429,1047.066427196033,-5.473815461346619,4,STOP_LOSS_INTRADAY,2.8507087814043297,-5.45492046658493,Model 4 Full Adaptive
ACCURACY,Logistics,2022-02-03,2022-02-08,20.584073197348268,20.5327413439883,19.45733901609691,19.506104276788882,-5.473815461346634,3,STOP_LOSS_INTRADAY,0.0,-11.11651179760553,Model 4 Full Adaptive
ESABINDIA,Capital Goods,2022-01-27,2022-02-09,3018.2921984435798,3010.7652852305037,2853.076453416556,2860.227020968978,-5.47381546134663,9,STOP_LOSS_INTRADAY,4.46154278904053,-5.992311779434971,Model 4 Full Adaptive
CLEDUCATE,Miscellaneous,2022-02-10,2022-02-10,55.137499999999996,55.0,52.119375000000005,52.25,-5.473815461346617,0,STOP_LOSS_INTRADAY,7.090911865234376,-5.227272727272727,Model 4 Full Adaptive
SHARDAMOTR,Automobile & Ancillaries,2022-02-10,2022-02-10,786.2643774927884,784.3036184466717,743.2257164305273,745.0884375243381,-5.473815461346632,0,STOP_LOSS_INTRADAY,0.0,-5.703705210744597,Model 4 Full Adaptive
SALZERELEC,Electricals,2022-02-10,2022-02-10,208.58544290930257,208.0652797100275,197.16786068521483,197.66201572452613,-5.473815461346623,0,STOP_LOSS_INTRADAY,0.0,-5.6158538174841315,Model 4 Full Adaptive
MONTECARLO,Textiles,2022-02-10,2022-02-11,528.9375558495002,527.6185095755613,499.98449013654135,501.2375840967833,-5.473815461346619,1,STOP_LOSS_INTRADAY,0.47699962401511625,-5.281100326174837,Model 4 Full Adaptive
INGERRAND,Capital Goods,2021-12-31,2022-02-14,1044.441818724829,1041.8372256606774,1247.279679841142,1250.4056940763328,19.420695100466205,30,DAILY_CLOSE_BELOW_EMA21,31.680416711485858,-1.1739989598249252,Model 4 Full Adaptive
SUPRAJIT,Automobile & Ancillaries,2022-01-27,2022-02-14,394.9861068698952,394.00110410962117,366.8150342771082,367.73437020261474,-7.132167968142299,12,STOP_LOSS_GAP_DOWN,3.0617278407450423,-6.666665050689388,Model 4 Full Adaptive
TVTODAY,Media & Entertainment,2022-02-01,2022-02-14,286.2749893158596,285.5610865993612,285.75157224963453,286.4677416036436,-0.18283716208528794,9,DAILY_CLOSE_BELOW_EMA21,7.9502081522156045,-3.4544075654953534,Model 4 Full Adaptive
GLOBUSSPR,Alcohol,2022-02-10,2022-02-14,1398.2076496774025,1394.7208475585064,1092.3398225863791,1095.0775163773224,-21.875708315685007,2,STOP_LOSS_GAP_DOWN,0.424028268551238,-21.484107856114516,Model 4 Full Adaptive
NEOGEN,Chemicals,2022-02-11,2022-02-14,1573.5795122136165,1569.6553737791687,1322.4924235352853,1325.806940887504,-15.956428431450345,1,STOP_LOSS_GAP_DOWN,0.316656111462952,-15.535157396019034,Model 4 Full Adaptive
GOKUL,Agri,2022-02-11,2022-02-14,37.2428765296936,37.150001525878906,35.204270195961,35.29250144958496,-5.473815461346626,1,STOP_LOSS_INTRADAY,2.0188424473618007,-6.729474824539336,Model 4 Full Adaptive
ACCURACY,Logistics,2022-02-14,2022-02-14,20.2843056461675,20.233721342810476,19.17398018748078,19.222035275669953,-5.473815461346611,0,STOP_LOSS_INTRADAY,0.9359632571352295,-6.674874843160504,Model 4 Full Adaptive
SHAREINDIA,Finance,2021-12-23,2022-02-15,179.6504153376401,179.20240931435424,222.84198073532733,223.40048194017777,24.04200698145437,37,DAILY_CLOSE_BELOW_EMA21,46.872335602528246,-1.1480689537971975,Model 4 Full Adaptive
GOLDTECH,Software & IT Services,2022-02-10,2022-02-15,78.5960015296936,78.4000015258789,74.91224847793579,75.0999984741211,-4.686947147516253,3,DAILY_CLOSE_BELOW_EMA21,8.418365236820197,-1.9770446703960523,Model 4 Full Adaptive
BCG,Software & IT Services,2022-02-14,2022-02-16,89.55209543228149,89.32877349853516,84.3860099029541,84.59750366210938,-5.768804743641022,2,STOP_LOSS_GAP_DOWN,4.197207938157475,-5.2964679253134115,Model 4 Full Adaptive
PRICOLLTD,Automobile & Ancillaries,2022-02-16,2022-02-17,120.6918338354873,120.39085669375292,124.26519017130683,124.57663175068353,2.960727517563697,1,DAILY_CLOSE_BELOW_EMA21,5.463574757769881,-1.4072885220941103,Model 4 Full Adaptive
BORORENEW,Construction Materials,2022-02-16,2022-02-17,639.5949999999999,638.0,604.5847500000001,606.1,-5.4738154613466055,1,STOP_LOSS_INTRADAY,0.0,-5.956112852664576,Model 4 Full Adaptive
PITTIENG,Capital Goods,2022-02-16,2022-02-17,256.766028899888,256.1257146133546,242.71113031048014,243.31942888268685,-5.473815461346641,1,STOP_LOSS_INTRADAY,0.0,-5.155818619468395,Model 4 Full Adaptive
BEML,Capital Goods,2022-02-16,2022-02-18,720.4590754693742,718.6624194208222,681.0224752036567,682.729298449781,-5.47381546134662,2,STOP_LOSS_INTRADAY,2.4822599237482224,-16.156052049471995,Model 4 Full Adaptive
ASAHIINDIA,Construction Materials,2022-02-16,2022-02-18,524.9477015256348,523.638605013102,496.21303307554086,497.45667476244694,-5.473815461346623,2,STOP_LOSS_INTRADAY,0.7737262496772161,-6.548407654303266,Model 4 Full Adaptive
LGBBROSLTD,Automobile & Ancillaries,2022-02-16,2022-02-21,606.5210884278756,605.0085670103498,573.3212433131828,574.7581386598323,-5.473815461346616,3,STOP_LOSS_INTRADAY,0.4199114212066911,-9.90227956903773,Model 4 Full Adaptive
OLECTRA,Electricals,2022-02-17,2022-02-21,785.8142751073993,783.8546385111216,742.8002518191016,744.6619065855655,-5.473815461346624,2,STOP_LOSS_INTRADAY,2.4140142938893296,-8.51591511603805,Model 4 Full Adaptive
JINDALPOLY,Containers & Packaging,2022-02-18,2022-02-21,1086.3962425816642,1083.6870250191164,1026.92891708374,1029.5026737681605,-5.473815461346641,1,STOP_LOSS_INTRADAY,0.0044886841367780235,-6.645738157706424,Model 4 Full Adaptive
KDDL,Consumer Durables,2022-02-21,2022-02-21,945.129068617713,942.772138272033,893.3944475300352,895.6335313584312,-5.473815461346626,0,STOP_LOSS_INTRADAY,0.0,-6.835962786441624,Model 4 Full Adaptive
TATAPOWER,Power,2022-02-16,2022-02-22,226.18259034539156,225.618543985428,210.20514881620167,210.73197876310942,-7.0639572677948275,4,STOP_LOSS_GAP_DOWN,1.49957159019992,-6.598112442069503,Model 4 Full Adaptive
CGPOWER,Capital Goods,2022-02-18,2022-02-22,173.30475387094344,172.87257243984385,159.48271950087363,159.8824255647856,-7.97556562145018,2,STOP_LOSS_GAP_DOWN,3.085710797991066,-7.514290261156706,Model 4 Full Adaptive
OSWALAGRO,Finance,2022-02-21,2022-02-22,30.075,30.0,28.279125380516053,28.350000381469727,-5.971320430536813,1,STOP_LOSS_GAP_DOWN,1.5000025431315103,-5.499998728434244,Model 4 Full Adaptive
SHALPAINTS,Diversified / Other,2022-02-16,2022-02-23,130.1245030593872,129.8000030517578,132.31836891174316,132.64999389648438,1.6859744327743689,5,DAILY_CLOSE_BELOW_EMA21,7.973798614318599,-2.080126744342287,Model 4 Full Adaptive
JINDWORLD,Textiles,2022-02-22,2022-02-23,56.27115329545375,56.130826229879055,59.75506879784302,59.9048308750306,6.191299268555679,1,DAILY_CLOSE_BELOW_EMA21,5.656350473369857,-2.774815616184196,Model 4 Full Adaptive
TCS,Software & IT Services,2022-01-31,2022-02-23,3276.904944881395,3268.733112101142,3097.5332153548447,3105.296456496085,-5.473815461346632,17,STOP_LOSS_INTRADAY,3.5609572715903663,-5.157376723456091,Model 4 Full Adaptive
JBMA,Automobile & Ancillaries,2022-02-22,2022-02-24,249.25125591628247,248.62968171200248,228.66348083496095,229.236572265625,-8.259848082064014,2,STOP_LOSS_GAP_DOWN,1.6000059528615298,-7.799997696510459,Model 4 Full Adaptive
KPITTECH,Software & IT Services,2022-02-23,2022-02-24,564.0004505360968,562.5939656220417,515.1971272733792,516.4883481437386,-8.653064588215972,1,STOP_LOSS_GAP_DOWN,3.281519861830727,-8.195185212718311,Model 4 Full Adaptive
AVADHSUGAR,Agri,2022-02-23,2022-02-24,498.8734994738504,497.6294259090777,471.56608472708973,472.7479546136238,-5.473815461346643,1,STOP_LOSS_INTRADAY,4.5296190647282675,-6.381812816311569,Model 4 Full Adaptive
SUNDARAM,Diversified / Other,2022-02-23,2022-02-25,4.01,4.0,3.740625,3.75,-6.71758104738154,2,STOP_LOSS_GAP_DOWN,1.250004768371582,-6.25,Model 4 Full Adaptive
ELGIEQUIP,Capital Goods,2022-02-24,2022-02-25,329.3790296658367,328.5576355768945,338.0238967895508,338.87107447574016,2.62459547970754,1,DAILY_CLOSE_BELOW_EMA21,10.26906012063248,-4.334828101644236,Model 4 Full Adaptive
AMDIND,Containers & Packaging,2022-02-28,2022-02-28,45.59770177316148,45.48399179367729,43.10176772348344,43.20979220399342,-5.473815461346634,0,STOP_LOSS_INTRADAY,6.427008388178263,-5.119830524392035,Model 4 Full Adaptive
FCL,Chemicals,2022-02-28,2022-03-02,14.27982420584988,14.244213671670705,15.142732324587634,15.180684034674318,6.0428483313138655,1,DAILY_CLOSE_BELOW_EMA21,12.318337414993456,0.0,Model 4 Full Adaptive
NIITLTD,Software & IT Services,2022-02-28,2022-03-03,395.0494989758486,394.06433813052234,421.98773695696366,423.04535033279564,6.818952574538491,2,DAILY_CLOSE_BELOW_EMA21,7.230986912858661,-0.29615305303053185,Model 4 Full Adaptive
BSE,Unclassified,2022-02-28,2022-03-03,203.51447888741606,203.00696148370682,216.96368611112487,217.50745474799484,6.608476850017582,2,DAILY_CLOSE_BELOW_EMA21,5.758604978117835,-1.3634030122185563,Model 4 Full Adaptive
CENTURYPLY,Construction Materials,2022-02-16,2022-03-07,602.2444310483709,600.7425746118413,569.2786822665461,570.7054458812491,-5.473815461346635,12,STOP_LOSS_INTRADAY,4.383777044487986,-6.583960898970459,Model 4 Full Adaptive
ALLCARGO,Logistics,2022-02-28,2022-03-07,76.149373385649,75.95947469890174,71.98109721154677,72.16150096395666,-5.473815461346632,4,STOP_LOSS_INTRADAY,4.2812510104350485,-9.28123907492844,Model 4 Full Adaptive
TVTODAY,Media & Entertainment,2022-02-28,2022-03-08,271.9503163986847,271.27213605853836,268.02547061608345,268.69721365020894,-1.443221627603243,5,DAILY_CLOSE_BELOW_EMA21,6.41711543632064,-3.8636396275484675,Model 4 Full Adaptive
ESCORTS,Automobile & Ancillaries,2022-02-28,2022-03-28,1768.2720240217259,1763.8623681014724,1671.480076572158,1675.6692496963988,-5.4738154613466135,18,STOP_LOSS_INTRADAY,2.78536093113347,-7.973788001824683,Model 4 Full Adaptive
KENNAMET,Capital Goods,2022-02-28,2022-04-04,1853.124452196672,1848.5031942111443,1976.6606101922882,1981.6146468093114,6.666371373448652,23,DAILY_CLOSE_BELOW_EMA21,20.10444261996418,-2.159267654618149,Model 4 Full Adaptive
GRAVITA,Metals & Mining,2022-04-04,2022-04-06,333.81685286289735,332.9843918831894,314.6547296093968,315.44333795428247,-5.740310319614296,2,STOP_LOSS_GAP_DOWN,0.6214874641752591,-5.267830672093579,Model 4 Full Adaptive
JINDWORLD,Textiles,2022-04-04,2022-04-08,61.255687683293,61.1029303573995,57.9026643799307,58.04778383952952,-5.473815461346636,4,STOP_LOSS_INTRADAY,3.970588684448692,-6.486933893764362,Model 4 Full Adaptive
STEELXIND,Metals & Mining,2022-04-21,2022-04-21,23.54872477054596,23.489999771118164,22.25971103310585,22.315499782562256,-5.473815461346628,0,STOP_LOSS_INTRADAY,0.0,-7.386124424253128,Model 4 Full Adaptive
HINDALCO,Metals & Mining,2022-04-18,2022-04-22,528.1214055332821,526.8043945469149,499.2130143825202,500.4641748195691,-5.473815461346619,4,STOP_LOSS_INTRADAY,2.0643946554755024,-5.807872603299413,Model 4 Full Adaptive
KABRAEXTRU,Capital Goods,2022-04-22,2022-04-22,436.18017534092957,435.0924442303537,412.30447746378894,413.337822018836,-5.473815461346625,0,STOP_LOSS_INTRADAY,1.6481055448740185,-5.44543701715619,Model 4 Full Adaptive
SPECIALITY,Hospitality,2022-04-21,2022-04-25,145.12246135009548,144.76055995021994,137.17872562282716,137.52253195270893,-5.473815461346634,2,STOP_LOSS_INTRADAY,3.028263671042701,-5.316295440631462,Model 4 Full Adaptive
SRPL,Textiles,2022-04-21,2022-04-25,11.7041876912117,11.675000190734863,11.063522055745125,11.09125018119812,-5.473815461346634,2,STOP_LOSS_INTRADAY,0.0856550639696948,-8.179870733226462,Model 4 Full Adaptive
BIRLACABLE,Electricals,2022-04-21,2022-04-25,145.430250977484,145.06758202242796,137.4696674140033,137.81420292130656,-5.473815461346608,2,STOP_LOSS_INTRADAY,1.4715698650449436,-6.722404800626521,Model 4 Full Adaptive
SUNPHARMA,Healthcare,2022-02-28,2022-04-26,789.5741954259001,787.6051824697258,866.0179402898254,868.1884113181208,9.681641738898417,37,DAILY_CLOSE_BELOW_EMA21,15.468939522951134,-1.4494448044731834,Model 4 Full Adaptive
KENNAMET,Capital Goods,2022-04-22,2022-04-27,1945.0548875111583,1940.204376569734,1838.5861723468943,1843.1941577412472,-5.473815461346628,3,STOP_LOSS_INTRADAY,0.0,-5.149257585142319,Model 4 Full Adaptive
BSE,Unclassified,2022-04-27,2022-04-29,262.61645172119137,261.9615478515625,277.8402023404596,278.53654369970883,5.796952368936366,2,DAILY_CLOSE_BELOW_EMA21,5.45453996338038,-1.0909090909090895,Model 4 Full Adaptive
SPECIALITY,Hospitality,2022-04-27,2022-04-29,142.97394272312292,142.61739922506027,141.87216347402372,142.2277328060388,-0.7706154199250507,2,DAILY_CLOSE_BELOW_EMA21,5.874315495402786,-1.980870230455659,Model 4 Full Adaptive
SRPL,Textiles,2022-04-27,2022-04-29,11.70920030593872,11.680000305175781,11.0682602891922,11.096000289916992,-5.473815461346635,2,STOP_LOSS_INTRADAY,1.1558156821939212,-7.363018731861409,Model 4 Full Adaptive
NDL,Textiles,2022-04-28,2022-04-29,5.714249808788299,5.699999809265137,5.401462319254875,5.4149998188018795,-5.473815461346622,1,STOP_LOSS_INTRADAY,2.6315807085398863,-5.263153051515313,Model 4 Full Adaptive
TIMKEN,Automobile & Ancillaries,2022-04-29,2022-05-02,2019.4075312979935,2014.3716022922629,1908.8688896222056,1913.6530221776497,-5.47381546134663,1,STOP_LOSS_INTRADAY,0.0,-6.37009422538535,Model 4 Full Adaptive
CENTURYPLY,Construction Materials,2022-04-22,2022-05-05,635.6193677486847,634.0342820435758,600.8267365215435,602.332567941397,-5.473815461346633,8,STOP_LOSS_INTRADAY,4.874602184108773,-7.460811440879329,Model 4 Full Adaptive
VIPIND,FMCG,2022-04-29,2022-05-05,668.0605151677992,666.394528845685,631.4921153973924,633.0748024034008,-5.473815461346611,3,STOP_LOSS_INTRADAY,3.2536043926768827,-6.5963406040304315,Model 4 Full Adaptive
GREENPANEL,Construction Materials,2022-03-10,2022-05-09,479.94410528485815,478.74723719187847,562.28736934138,563.6966108685514,17.15684454706432,38,DAILY_CLOSE_BELOW_EMA21,29.023600954025387,-0.02062194061208967,Model 4 Full Adaptive
DWARKESH,Agri,2022-05-06,2022-05-09,116.20450593467494,115.91471913683287,109.84368572204124,110.11898317999122,-5.4738154613466286,1,STOP_LOSS_INTRADAY,0.37328655068468347,-6.097061861868069,Model 4 Full Adaptive
POLYPLEX,Plastic Products,2022-05-11,2022-05-11,2285.0206232772507,2279.322317483542,2159.942811105341,2165.3562016093647,-5.473815461346639,0,STOP_LOSS_INTRADAY,0.9103783127655277,-9.736997869461877,Model 4 Full Adaptive
CUMMINSIND,Automobile & Ancillaries,2022-04-27,2022-05-12,957.6084580745551,955.2204070569128,905.190738237307,907.4593867040671,-5.473815461346636,10,STOP_LOSS_INTRADAY,2.7210116517628946,-6.964644412656984,Model 4 Full Adaptive
GANECOS,Textiles,2022-05-06,2022-05-20,660.1059662920103,658.459816750135,680.5181831663105,682.2237425226169,3.092263654116168,10,DAILY_CLOSE_BELOW_EMA21,8.120294802649266,-1.2030059342770172,Model 4 Full Adaptive
GAEL,Agri,2022-05-12,2022-05-26,144.93889339131997,144.5774497669027,144.7098862916917,145.0725677109691,-0.158002516971043,10,DAILY_CLOSE_BELOW_EMA21,17.328763624033005,-4.708904109589035,Model 4 Full Adaptive
ESABINDIA,Capital Goods,2022-05-16,2022-05-27,3075.91622260019,3068.245608578743,3230.710399996422,3238.8074185427786,5.03245752465191,9,DAILY_CLOSE_BELOW_EMA21,29.102359765587398,-1.195324959181352,Model 4 Full Adaptive
SATIA,Paper,2022-05-27,2022-05-27,120.49816330264798,120.19766912982342,113.90231620914892,114.18778567333224,-5.473815461346633,0,STOP_LOSS_INTRADAY,3.4369923752253646,-13.625199928226253,Model 4 Full Adaptive
SUNPHARMA,Healthcare,2022-05-09,2022-05-31,834.8232843503463,832.7414307734128,829.8940161559925,831.9739510335764,-0.5904564818397093,16,DAILY_CLOSE_BELOW_EMA21,7.286436895458202,-3.7843463053300908,Model 4 Full Adaptive
ROHLTD,Hospitality,2022-05-27,2022-05-31,119.97541522642501,119.67622466476311,124.12665277677547,124.43774714463706,3.4600735013219057,2,DAILY_CLOSE_BELOW_EMA21,7.670221079142488,-0.9023777361377353,Model 4 Full Adaptive
RIIL,Infrastructure,2022-05-30,2022-06-02,888.3567158894377,886.1413624832297,929.4942478367265,931.8238073551142,4.630744746056332,3,DAILY_CLOSE_BELOW_EMA21,7.527713585417491,-0.3325942350332608,Model 4 Full Adaptive
DANGEE,FMCG,2022-06-02,2022-06-14,22.055,22.0,21.95497522830963,22.010000228881836,-0.4535242425317068,8,DAILY_CLOSE_BELOW_EMA21,11.51514920321378,-2.72727446122603,Model 4 Full Adaptive
BSHSL,Agri,2022-06-10,2022-06-14,40.089976682662964,39.9900016784668,37.89552534055709,37.99050159454345,-5.473815461346648,2,STOP_LOSS_INTRADAY,0.0,-7.476873100700086,Model 4 Full Adaptive
GOKULAGRO,Agri,2022-06-16,2022-06-16,51.10867712020874,50.981224060058594,48.31108244991302,48.43216285705566,-5.473815461346635,0,STOP_LOSS_INTRADAY,1.9990239757469497,-5.802046657910084,Model 4 Full Adaptive
ACCURACY,Logistics,2022-06-13,2022-06-17,23.05686457018291,22.999366154795922,22.65820395514406,22.71499143372838,-1.729032210018689,4,DAILY_CLOSE_BELOW_EMA21,19.045555405231365,-4.5553113744677445,Model 4 Full Adaptive
SHARDACROP,Chemicals,2022-06-17,2022-06-20,612.0633557073127,610.5370131743767,578.5601371093687,580.0101625156578,-5.4738154613466365,1,STOP_LOSS_INTRADAY,2.1261720271125473,-13.707182746260768,Model 4 Full Adaptive
MGEL,Agri,2022-06-20,2022-06-20,19.32994083733772,19.281736496097476,18.271855547114374,18.317649671292603,-5.473815461346618,0,STOP_LOSS_INTRADAY,0.0,-7.309641732501647,Model 4 Full Adaptive
ADANIPOWER,Power,2022-06-22,2022-06-27,50.50595107078552,50.380001068115234,54.054523630142214,54.189998626708984,7.026048384641381,3,DAILY_CLOSE_BELOW_EMA21,5.279872550649039,-2.6994850764548453,Model 4 Full Adaptive
GSS,Software & IT Services,2022-08-01,2022-08-01,225.5625,225.0,213.21562500000002,213.75,-5.473815461346626,0,STOP_LOSS_INTRADAY,0.0,-5.24444580078125,Model 4 Full Adaptive
ASAHIINDIA,Construction Materials,2022-08-12,2022-09-19,558.7289809257816,557.3356418212285,603.1077922935237,604.6193406451365,7.942815368948475,24,DAILY_CLOSE_BELOW_EMA21,23.422628969861126,-3.2978662843702593,Model 4 Full Adaptive
COALINDIA,Metals & Mining,2022-06-20,2022-09-23,132.92245393087177,132.59097648964766,165.86082124909396,166.27651253042,24.780137850413343,66,DAILY_CLOSE_BELOW_EMA21,34.04463650633531,-3.930727947441983,Model 4 Full Adaptive
TCPLPACK,Containers & Packaging,2022-09-23,2022-09-26,1129.231815379933,1126.415775940083,1067.419749675221,1070.0949871430787,-5.473815461346632,1,STOP_LOSS_INTRADAY,0.9842098917857975,-8.956292039794077,Model 4 Full Adaptive
TNPL,Paper,2022-09-26,2022-09-26,231.00626114090656,230.43018567671479,218.36140470189684,218.90867639287904,-5.473815461346629,0,STOP_LOSS_INTRADAY,0.0,-7.798352653597605,Model 4 Full Adaptive
AMDIND,Containers & Packaging,2022-09-26,2022-09-26,83.458125,83.25,78.88978125,79.08749999999999,-5.473815461346629,0,STOP_LOSS_INTRADAY,0.0,-9.489491322377065,Model 4 Full Adaptive
INSECTICID,Chemicals,2022-09-28,2022-09-29,637.3326921552648,635.743333820713,602.4462767118532,603.9561671296774,-5.473815461346626,1,STOP_LOSS_INTRADAY,1.7525697464138272,-16.48454481522164,Model 4 Full Adaptive
JAGSNPHARM,Healthcare,2022-09-30,2022-09-30,143.49251791468987,143.13468121166073,135.63800228320002,135.9779471510777,-5.473815461346609,0,STOP_LOSS_INTRADAY,0.0,-5.244667081309158,Model 4 Full Adaptive
MARATHON,Real Estate,2022-09-30,2022-10-03,214.45349576422115,213.91869901667945,216.95600869767398,217.49975809290623,1.166925689196598,1,DAILY_CLOSE_BELOW_EMA21,5.719601430927432,-3.3248123942377172,Model 4 Full Adaptive
MARUTI,Automobile & Ancillaries,2022-10-03,2022-10-03,8643.926364462448,8622.370438366532,8170.773786657084,8191.251916448205,-5.473815461346637,0,STOP_LOSS_INTRADAY,0.0,-5.128205128205117,Model 4 Full Adaptive
FEDERALBNK,Banks,2022-09-28,2022-10-04,110.42995555510437,110.15456913227369,115.82650463038762,116.11679662194247,4.886852528515577,4,DAILY_CLOSE_BELOW_EMA21,7.808334129838556,-1.5084306262311438,Model 4 Full Adaptive
ARMANFIN,Finance,2022-09-30,2022-10-06,1320.4428994750976,1317.1500244140625,1366.575,1370.0,3.4936838649547686,3,DAILY_CLOSE_BELOW_EMA21,5.6941121823509775,-1.6816629847397977,Model 4 Full Adaptive
LGBBROSLTD,Automobile & Ancillaries,2022-09-28,2022-10-07,669.3417573458992,667.6725759061338,683.4060619253364,685.1188590730189,2.1012142788170864,6,DAILY_CLOSE_BELOW_EMA21,9.562145093111354,-0.543781862420552,Model 4 Full Adaptive
ELECON,Capital Goods,2022-10-06,2022-10-07,170.1615594559183,169.73721641488112,160.84722970515173,161.25035559413706,-5.473815461346619,1,STOP_LOSS_INTRADAY,0.0,-5.377901174279522,Model 4 Full Adaptive
ADANIPOWER,Power,2022-10-07,2022-10-11,75.16745336532593,74.9800033569336,71.05292568111419,71.2310031890869,-5.473815461346641,2,STOP_LOSS_INTRADAY,0.7735318427490077,-5.441453252052168,Model 4 Full Adaptive
AHLEAST,Diversified / Other,2022-10-17,2022-10-17,139.1463762705113,138.79937782594644,131.5297604123125,131.8594089346491,-5.473815461346625,0,STOP_LOSS_INTRADAY,0.0,-6.7773185602372905,Model 4 Full Adaptive
MAHSEAMLES,Metals & Mining,2022-09-30,2022-10-19,365.7765052370693,364.864344376129,396.3693646922425,397.36277162129574,8.363812059318908,12,DAILY_CLOSE_BELOW_EMA21,19.54807720343141,-2.3646979464552973,Model 4 Full Adaptive
NTPC,Power,2022-09-30,2022-10-20,144.14706280963202,143.78759382506937,147.0138042140581,147.3822598637174,1.9887615803951864,13,DAILY_CLOSE_BELOW_EMA21,5.906230985386294,-1.625003814697272,Model 4 Full Adaptive
NAVINFLUOR,Chemicals,2022-10-20,2022-10-21,4139.89502458617,4129.57109684406,4376.51509347294,4387.4838029803905,5.715605528196289,1,DAILY_CLOSE_BELOW_EMA21,6.197654941373525,-0.6640344580043188,Model 4 Full Adaptive
SRHHYPOLTD,Chemicals,2022-10-19,2022-10-21,715.8892163987844,714.1039565075156,676.7027617854345,678.3987586821398,-5.473815461346622,2,STOP_LOSS_INTRADAY,2.6029507023204137,-7.0100432209422125,Model 4 Full Adaptive
BEL,Aviation,2022-10-06,2022-10-24,99.07069056604932,98.823631487331,100.15649560541058,100.40751439138906,1.0959901794944766,12,DAILY_CLOSE_BELOW_EMA21,6.070915659413095,-2.9140250701043127,Model 4 Full Adaptive
GOODLUCK,Metals & Mining,2022-10-21,2022-10-27,151.43619758226754,151.0585512042569,143.14685958493394,143.50562364404405,-5.473815461346638,3,STOP_LOSS_INTRADAY,0.7564383752904964,-7.812823844298176,Model 4 Full Adaptive
DBCORP,Media & Entertainment,2022-10-24,2022-10-27,103.63836654658269,103.37991675469596,97.96539361466876,98.21092091696116,-5.473815461346626,2,STOP_LOSS_INTRADAY,0.5380744040262019,-5.215215463410085,Model 4 Full Adaptive
SCHAEFFLER,Automobile & Ancillaries,2022-10-24,2022-10-27,2969.8210419996444,2962.4150044884236,2807.2585186283422,2814.294254264002,-5.473815461346632,2,STOP_LOSS_INTRADAY,1.3071895424836577,-6.826792817468,Model 4 Full Adaptive
PSPPROJECT,Real Estate,2022-10-21,2022-10-28,589.2691622506346,587.7996630929024,557.0136557384116,558.4096799382572,-5.473815461346641,4,STOP_LOSS_INTRADAY,0.0,-5.020342473086242,Model 4 Full Adaptive
SPECIALITY,Hospitality,2022-10-31,2022-10-31,193.4152308302964,192.93289858383682,182.8280380205084,183.28625365464498,-5.473815461346614,0,STOP_LOSS_INTRADAY,3.5092132497599113,-5.478417539170709,Model 4 Full Adaptive
ASHOKLEY,Automobile & Ancillaries,2022-10-17,2022-11-02,67.03092171496726,66.86376230919429,68.10311746990013,68.27380197483721,1.5995539483883512,11,DAILY_CLOSE_BELOW_EMA21,5.033976300612862,-3.6054754526394444,Model 4 Full Adaptive
GOODLUCK,Metals & Mining,2022-10-31,2022-11-04,148.1960364732745,147.82647029753068,140.0840589156975,140.43514678265413,-5.473815461346622,4,STOP_LOSS_INTRADAY,0.2760634386846905,-6.625434078040896,Model 4 Full Adaptive
AURIONPRO,Software & IT Services,2022-11-03,2022-11-04,195.87060556536548,195.38215018989075,185.14901007369522,185.6130426803962,-5.473815461346635,1,STOP_LOSS_INTRADAY,0.0,-6.598989787583644,Model 4 Full Adaptive
COROMANDEL,Chemicals,2022-09-30,2022-11-07,959.6059966656583,957.2129642550208,907.078935252164,909.3523160422696,-5.473815461346634,24,STOP_LOSS_INTRADAY,4.1370676966797415,-5.274110597270047,Model 4 Full Adaptive
FCL,Chemicals,2022-11-07,2022-11-07,33.76036829609161,33.67617785146296,31.912388036492587,31.99236895888981,-5.473815461346624,0,STOP_LOSS_INTRADAY,2.1554271062779335,-6.451609835878508,Model 4 Full Adaptive
VISHNU,Chemicals,2022-11-07,2022-11-09,357.0218853872842,356.13155649604414,337.4791662245638,338.3249786712419,-5.4738154613466286,1,STOP_LOSS_INTRADAY,1.5929457578261141,-5.246379031383025,Model 4 Full Adaptive
SCHNEIDER,Capital Goods,2022-11-11,2022-11-16,167.81849388122558,167.39999389648438,158.632419216156,159.02999420166014,-5.473815461346635,3,STOP_LOSS_INTRADAY,0.9259277827192112,-5.555548465981194,Model 4 Full Adaptive
MACPOWER,Capital Goods,2022-11-14,2022-11-17,341.17407921566354,340.3232710380684,356.2976097409652,357.1905862064814,4.432790017362877,3,DAILY_CLOSE_BELOW_EMA21,7.580177162028528,-2.332361516034982,Model 4 Full Adaptive
AUTOIND,Automobile & Ancillaries,2022-11-17,2022-11-18,99.1472515296936,98.9000015258789,93.720113945961,93.95500144958496,-5.47381546134663,1,STOP_LOSS_INTRADAY,0.10111069017013857,-6.976745621256033,Model 4 Full Adaptive
ARIHANTSUP,Real Estate,2022-11-04,2022-11-21,223.2914355326822,222.73459903509448,220.3505619408533,220.9028189883241,-1.3170561534584397,10,DAILY_CLOSE_BELOW_EMA21,7.09046449798308,-4.200935212036738,Model 4 Full Adaptive
PAISALO,Finance,2022-11-21,2022-11-23,42.334421549110886,42.22884942554702,40.017113436883996,40.11740695426967,-5.473815461346627,2,STOP_LOSS_INTRADAY,0.35315251622740046,-6.121239312898035,Model 4 Full Adaptive
FCL,Chemicals,2022-11-14,2022-11-24,33.14159301891621,33.058945654779265,31.3274833761102,31.4059983720403,-5.473815461346625,8,STOP_LOSS_INTRADAY,3.4802120697052166,-5.601189864027786,Model 4 Full Adaptive
KENNAMET,Capital Goods,2022-11-07,2022-11-30,2478.2896702839926,2472.109396792013,2612.3040911695107,2618.8512192175544,5.4075365964044515,16,DAILY_CLOSE_BELOW_EMA21,14.303517138896188,-3.519982503394531,Model 4 Full Adaptive
ORBTEXP,Textiles,2022-11-25,2022-12-01,164.15937499999998,163.75,155.17359375,155.5625,-5.473815461346618,4,STOP_LOSS_INTRADAY,1.4656451276240459,-5.4961832061068705,Model 4 Full Adaptive
ELECON,Capital Goods,2022-10-13,2022-12-08,165.16552865103122,164.75364453968203,212.6254648511289,213.1583607530114,28.73477086152344,38,DAILY_CLOSE_BELOW_EMA21,42.5576394398716,-4.941602251780795,Model 4 Full Adaptive
RANEHOLDIN,Finance,2022-11-24,2022-12-08,820.2733141149214,818.2277447530388,829.7699795715666,831.8496035805179,1.157744046189311,10,DAILY_CLOSE_BELOW_EMA21,9.256975451046971,0.0,Model 4 Full Adaptive
ROSSELLIND,Agri,2022-11-14,2022-12-12,297.2369899380447,296.4957505616406,313.5970905940935,314.3830482146301,5.504059457559058,20,DAILY_CLOSE_BELOW_EMA21,27.95413777954873,-4.670107370951022,Model 4 Full Adaptive
NAVNETEDUL,Diversified / Other,2022-11-14,2022-12-12,117.83526148687675,117.54140796695935,121.2298760348495,121.53371031062605,2.8808138626236315,20,DAILY_CLOSE_BELOW_EMA21,7.2669848338559895,-3.199048555431977,Model 4 Full Adaptive
TOTAL,Diversified / Other,2022-12-08,2022-12-12,164.11529654746948,163.7060314687975,154.9099329557124,155.29817840171668,-5.60908323929115,2,STOP_LOSS_GAP_DOWN,2.05437697672772,-5.135945811919193,Model 4 Full Adaptive
GABRIEL,Automobile & Ancillaries,2022-09-28,2022-12-13,147.59741957736995,147.22934621184035,175.6739612813508,176.1142468985973,19.022379784399458,51,DAILY_CLOSE_BELOW_EMA21,32.84386933283503,-3.190800445098102,Model 4 Full Adaptive
GSS,Software & IT Services,2022-12-14,2022-12-14,301.4517622375488,300.70001220703125,284.950849067688,285.6650115966797,-5.473815461346614,0,STOP_LOSS_INTRADAY,0.764877851546349,-5.4206909374264844,Model 4 Full Adaptive
TOTAL,Diversified / Other,2022-12-13,2022-12-15,173.4366384814672,173.00412816106456,163.29676552216966,163.70603059866633,-5.846442278908131,2,STOP_LOSS_GAP_DOWN,0.0,-5.374494621158299,Model 4 Full Adaptive
SBIN,Banks,2022-10-03,2022-12-19,491.3778378442137,490.1524567024575,559.7270163427195,561.1298409450822,13.909699061392185,52,DAILY_CLOSE_BELOW_EMA21,19.32335964432919,-1.7247869611501265,Model 4 Full Adaptive
TCPLPACK,Containers & Packaging,2022-11-04,2022-12-19,1109.4682463417676,1106.701492610242,1506.7555507296865,1510.5318804307633,35.80880351446635,30,DAILY_CLOSE_BELOW_EMA21,56.96864862289517,-1.0322278384963122,Model 4 Full Adaptive
ANANTRAJ,Real Estate,2022-12-01,2022-12-19,101.5114498692072,101.25830410893487,102.6885838166599,102.94594868838085,1.159607067940991,12,DAILY_CLOSE_BELOW_EMA21,11.764708880437553,-3.3333309794512065,Model 4 Full Adaptive
INDHOTEL,Hospitality,2022-11-18,2022-12-21,314.5744349016243,313.7899600016202,321.17770598493996,321.9826626415438,2.0991124359424527,23,DAILY_CLOSE_BELOW_EMA21,5.662153951216235,-1.7143698628782553,Model 4 Full Adaptive
ADANIENT,Trading,2022-10-06,2022-12-22,3272.2213307949396,3264.061177850314,3930.9777532543617,3940.8298278239213,20.131780703825026,53,DAILY_CLOSE_BELOW_EMA21,28.134560342561617,-4.094802474185536,Model 4 Full Adaptive
SAFARI,FMCG,2022-12-02,2022-12-22,837.3242282596442,835.2361379148571,818.3765783263176,820.4276474449299,-2.2628808881726474,14,DAILY_CLOSE_BELOW_EMA21,5.071992531515499,-3.3198493123557764,Model 4 Full Adaptive
NPBET,ETF,2022-10-03,2022-12-23,206.4949457168579,205.97999572753906,217.07594512939454,217.6199951171875,5.12409607693019,56,DAILY_CLOSE_BELOW_EMA21,12.51092572433506,-3.51004751796508,Model 4 Full Adaptive
HITECH,Metals & Mining,2022-11-21,2022-12-23,63.11813002711864,62.960728206602134,76.85930896946334,77.0519388165046,21.77057358391451,24,DAILY_CLOSE_BELOW_EMA21,41.984112044495944,-1.1111123221261126,Model 4 Full Adaptive
TOTAL,Diversified / Other,2022-12-23,2022-12-26,158.6613254529455,158.26566129969626,148.0031061404335,148.37404124354234,-6.717591247952195,1,STOP_LOSS_GAP_DOWN,1.2500000000000062,-6.250010251701334,Model 4 Full Adaptive
UNIVCABLES,Electricals,2022-12-26,2022-12-27,261.6571348147233,261.00462325658185,276.0642370418442,276.7561273602448,5.506099513518873,1,DAILY_CLOSE_BELOW_EMA21,5.658953601119947,-0.7332250864922863,Model 4 Full Adaptive
KTKBANK,Banks,2022-12-27,2022-12-28,135.04937539924407,134.71259391445793,136.59995490480722,136.942310681511,1.1481574801654573,1,DAILY_CLOSE_BELOW_EMA21,5.103444066540941,0.0,Model 4 Full Adaptive
UNIONBANK,Banks,2022-12-27,2022-12-28,73.90124490979933,73.71695252847815,69.85602713979911,70.03110490205424,-5.473815461346611,1,STOP_LOSS_INTRADAY,3.7837856166713606,-6.366378007713097,Model 4 Full Adaptive
VAISHALI,Healthcare,2022-11-18,2022-12-29,10.024999999999999,10.0,13.685700266361238,13.720000267028809,36.51571338016199,29,DAILY_CLOSE_BELOW_EMA21,62.000007629394524,-0.9000015258789064,Model 4 Full Adaptive
TVSMOTOR,Automobile & Ancillaries,2022-12-09,2023-01-04,1020.1689315298813,1017.6248693564902,1027.1003204220633,1029.6745066887852,0.679435403094214,18,DAILY_CLOSE_BELOW_EMA21,9.757857291061221,-3.5426032565591563,Model 4 Full Adaptive
GANECOS,Textiles,2022-12-27,2023-01-09,874.0001307716,871.8205793232918,892.7779944707307,895.0155333039907,2.1484966692800107,9,DAILY_CLOSE_BELOW_EMA21,8.2436064099632,-6.568674012002241,Model 4 Full Adaptive
INSECTICID,Chemicals,2022-12-27,2023-01-12,720.4487195067017,718.652089283493,680.5714009249102,682.2770936590579,-5.535066896793962,12,STOP_LOSS_GAP_DOWN,4.103975062101313,-5.0615584601864185,Model 4 Full Adaptive
SOUTHBANK,Banks,2022-12-27,2023-01-13,17.578697902712744,17.534860750835655,17.395963427550488,17.439562333383947,-1.0395222454676611,13,DAILY_CLOSE_BELOW_EMA21,15.21740135524591,-4.619568254223526,Model 4 Full Adaptive
GODFRYPHLP,FMCG,2022-12-27,2023-01-17,577.5603230433946,576.1200229859298,609.0542786788745,610.5807305051374,5.452929222964233,15,DAILY_CLOSE_BELOW_EMA21,16.85696799591094,-3.746602741384585,Model 4 Full Adaptive
ADANIENT,Trading,2023-01-16,2023-01-18,3722.5269093171837,3713.2437998176397,3518.7626558021907,3527.5816098267574,-5.473815461346635,2,STOP_LOSS_INTRADAY,0.5362890099966368,-5.185480237315486,Model 4 Full Adaptive
JKLAKSHMI,Construction Materials,2023-01-12,2023-01-19,748.6593256333832,746.7923447714546,707.6790957140497,709.4527275328819,-5.473815461346625,5,STOP_LOSS_INTRADAY,2.8062251775897926,-7.634479089050301,Model 4 Full Adaptive
LINCOLN,Healthcare,2023-01-23,2023-01-25,337.97374457859695,337.13091728538353,319.4736854925616,320.2743714211143,-5.4738154613466214,2,STOP_LOSS_INTRADAY,1.7352923224953964,-7.85294039959913,Model 4 Full Adaptive
JKLAKSHMI,Construction Materials,2023-01-23,2023-01-25,721.1001211208801,719.3018664547433,681.6284311991761,683.3367731320061,-5.473815461346622,2,STOP_LOSS_INTRADAY,0.8276173618782877,-5.436681677246645,Model 4 Full Adaptive
NACLIND,Diversified / Other,2022-12-26,2023-01-27,85.8490918811777,85.63500437025208,100.07159582874257,100.32240183332588,16.56686592241419,23,DAILY_CLOSE_BELOW_EMA21,28.779069976105898,0.0,Model 4 Full Adaptive
MAZDOCK,Ship Building,2023-01-23,2023-01-27,376.22988772229536,375.29165857585576,355.6357579579454,356.527075647063,-5.473815461346608,3,STOP_LOSS_INTRADAY,1.7216812676982225,-8.284799184087808,Model 4 Full Adaptive
APARINDS,Capital Goods,2023-01-25,2023-01-27,1570.7090462864155,1566.7920661211128,1484.7313316580196,1488.452462815057,-5.473815461346624,1,STOP_LOSS_INTRADAY,0.5426277619235238,-8.002246650821645,Model 4 Full Adaptive
SOUTHBANK,Banks,2023-01-27,2023-01-27,16.8621771488731,16.82012683179362,15.939172688978429,15.979120490203938,-5.473815461346619,0,STOP_LOSS_INTRADAY,1.4164306255141705,-6.515578716063657,Model 4 Full Adaptive
UNIONBANK,Banks,2023-02-01,2023-02-01,70.30603852475667,70.1307117453932,66.45761571772823,66.62417615812353,-5.47381546134662,0,STOP_LOSS_INTRADAY,0.6313131556390639,-10.479792603764105,Model 4 Full Adaptive
SUNPHARMA,Healthcare,2022-12-12,2023-02-02,959.959208121489,957.5652948842784,969.6202968309949,972.0504228882154,1.0064061709883811,37,DAILY_CLOSE_BELOW_EMA21,7.764582264867208,-2.130861388029739,Model 4 Full Adaptive
SOLARINDS,Chemicals,2023-01-25,2023-02-02,4107.664326032417,4097.420774097174,3882.8183610538345,3892.549735392315,-5.473815461346641,5,STOP_LOSS_INTRADAY,1.294435549796364,-5.197133376189389,Model 4 Full Adaptive
JKLAKSHMI,Construction Materials,2023-01-27,2023-02-06,716.8789230405614,715.0911950529292,724.1175546155686,725.9323855795174,1.0097425579629709,6,DAILY_CLOSE_BELOW_EMA21,9.509297255962746,-4.9610960602945875,Model 4 Full Adaptive
INDOTHAI,Finance,2023-01-12,2023-02-10,29.498462216125326,29.424899966209804,38.01409289431967,38.1093663100949,28.868049513236233,20,DAILY_CLOSE_BELOW_EMA21,62.116092821160095,-4.151193489018615,Model 4 Full Adaptive
KTKBANK,Banks,2023-01-31,2023-02-10,131.32387851179067,130.99638754293335,134.28312806591924,134.6196772590669,2.253397925543971,8,DAILY_CLOSE_BELOW_EMA21,9.787240375729239,-3.5460960293145765,Model 4 Full Adaptive
VERTOZ,Software & IT Services,2023-02-10,2023-02-13,108.00502411412556,107.73568490187088,107.91412149910244,108.18458295649367,-0.08416517265629384,1,DAILY_CLOSE_BELOW_EMA21,5.046293470594616,-2.615737915039062,Model 4 Full Adaptive
GESHIP,Logistics,2023-02-08,2023-02-13,545.8577923873672,544.4965510098426,515.9785441507021,517.2717234593505,-5.47381546134664,3,STOP_LOSS_INTRADAY,3.4382973231809264,-8.929986240038733,Model 4 Full Adaptive
SALASAR,Capital Goods,2023-02-10,2023-02-13,8.795028961145134,8.77309622059365,8.31360530604006,8.334441409563969,-5.473815461346601,1,STOP_LOSS_INTRADAY,6.370884501723608,-8.646188310584323,Model 4 Full Adaptive
FACT,Chemicals,2023-02-10,2023-02-13,273.48182300322475,272.79982344461325,258.51193269170165,259.1598322723826,-5.473815461346616,1,STOP_LOSS_INTRADAY,3.70843750229969,-5.316066878966489,Model 4 Full Adaptive
UNIONBANK,Banks,2023-02-06,2023-02-14,65.95630538076934,65.79182581622877,62.34597893910378,62.50223452541732,-5.473815461346638,6,STOP_LOSS_INTRADAY,1.4804824077259233,-5.854647924396322,Model 4 Full Adaptive
ENGINERSIN,Capital Goods,2023-02-08,2023-02-14,76.91214502593547,76.72034416552167,72.70211613985246,72.88432695724558,-5.473815461346644,4,STOP_LOSS_INTRADAY,1.7459324442631534,-6.605673972105568,Model 4 Full Adaptive
UCOBANK,Banks,2023-02-09,2023-02-16,27.300461099683215,27.232380149309943,25.806084238989833,25.870761141844444,-5.473815461346631,5,STOP_LOSS_INTRADAY,4.255310342112438,-7.4468116728465485,Model 4 Full Adaptive
MOLDTKPAC,Plastic Products,2023-02-10,2023-02-17,928.7707598805889,926.4546233222833,958.3169880486415,960.7187850111694,3.1812186003628424,5,DAILY_CLOSE_BELOW_EMA21,5.185178423455301,-4.010583145157281,Model 4 Full Adaptive
WELENT,Real Estate,2023-02-16,2023-02-24,134.47155785830012,134.1362173150126,127.11083293313881,127.42940644926196,-5.473815461346627,6,STOP_LOSS_INTRADAY,2.0787678467167345,-10.685626260393612,Model 4 Full Adaptive
BHARATFORG,Metals & Mining,2023-02-17,2023-02-27,840.0217313678937,837.9269140826871,794.0404919576063,796.0305683785526,-5.473815461346635,6,STOP_LOSS_INTRADAY,1.899759569016552,-5.2447572612315305,Model 4 Full Adaptive
GPIL,Metals & Mining,2023-02-17,2023-02-27,71.18005209392354,71.00254572959955,67.28378739701178,67.45241844311957,-5.473815461346609,6,STOP_LOSS_INTRADAY,4.6946482642010725,-6.425696816773571,Model 4 Full Adaptive
HINDZINC,Metals & Mining,2023-02-27,2023-02-28,257.80711227899866,257.1642017745623,243.6952267066196,244.30599168583416,-5.473815461346619,1,STOP_LOSS_INTRADAY,0.0,-7.138363986598496,Model 4 Full Adaptive
AUTOAXLES,Automobile & Ancillaries,2023-03-02,2023-03-08,2135.1051959532965,2129.780744093064,2144.57763523523,2149.9525165265463,0.44365211137543764,3,DAILY_CLOSE_BELOW_EMA21,5.1386448586285,0.0,Model 4 Full Adaptive
KAMDHENU,Metals & Mining,2023-03-01,2023-03-14,32.70816192225225,32.626595433668086,30.91777749782972,30.995265661984682,-5.473815461346616,8,STOP_LOSS_INTRADAY,3.403091298135573,-6.324349751166074,Model 4 Full Adaptive
GRAVITA,Metals & Mining,2023-03-06,2023-03-14,469.1613478930601,467.99136946938665,443.48032149342754,444.5918009959173,-5.4738154613466286,5,STOP_LOSS_INTRADAY,2.6216071524618703,-7.327851944931601,Model 4 Full Adaptive
JBMA,Automobile & Ancillaries,2023-02-13,2023-03-17,262.8680179816905,262.2124867647786,288.60775706749826,289.3310847794469,9.791886926161016,23,DAILY_CLOSE_BELOW_EMA21,27.927760057655128,-3.041825095057047,Model 4 Full Adaptive
SANGHVIMOV,Infrastructure,2023-03-16,2023-03-27,171.12705040492014,170.7002996557807,161.7598714613092,162.16528467299165,-5.473815461346625,7,STOP_LOSS_INTRADAY,1.8452372276425897,-9.855511108821718,Model 4 Full Adaptive
GRAVITA,Metals & Mining,2023-03-17,2023-03-28,450.4403297787104,449.3170371857461,453.55105936082026,454.68777880783983,0.6905974834975533,7,DAILY_CLOSE_BELOW_EMA21,11.56925635074988,-1.2391762831003146,Model 4 Full Adaptive
SURYAROSNI,Diversified,2023-03-29,2023-04-03,153.33957215022446,152.95717920221892,156.8526052950461,157.24571959403116,2.2910153560230158,2,DAILY_CLOSE_BELOW_EMA21,5.62305926812387,-0.6386254806756116,Model 4 Full Adaptive
BLUESTARCO,Consumer Durables,2023-04-03,2023-04-11,674.8988521038522,673.2158125724211,699.017031237345,700.7689536213985,3.5735990746331248,4,DAILY_CLOSE_BELOW_EMA21,5.786559523542584,-2.2208437990702774,Model 4 Full Adaptive
AIAENG,Capital Goods,2023-04-24,2023-04-28,2751.120635976041,2744.2599860110136,2600.5293692436867,2607.0469867104625,-5.473815461346625,4,STOP_LOSS_INTRADAY,1.4424755251203654,-5.7536917115578685,Model 4 Full Adaptive
JSL,Metals & Mining,2023-04-24,2023-05-15,264.45640908041827,263.79691678844716,271.4806236035924,272.1610261690149,2.656095402489617,14,DAILY_CLOSE_BELOW_EMA21,12.502423023559913,-1.6332568656905935,Model 4 Full Adaptive
QGOLDHALF,ETF,2023-03-02,2023-05-18,48.28039984703064,48.15999984741211,52.76775152206421,52.900001525878906,9.294354829808965,49,DAILY_CLOSE_BELOW_EMA21,10.963452649555183,-9.36461448468121,Model 4 Full Adaptive
BRITANNIA,FMCG,2023-03-09,2023-05-22,4099.319315096612,4089.096573662456,4302.10771800062,4312.889942857763,4.9468798919175825,47,DAILY_CLOSE_BELOW_EMA21,10.160599617044356,-4.301034839446485,Model 4 Full Adaptive
BANCOINDIA,Automobile & Ancillaries,2023-03-31,2023-05-23,99.5820064973472,99.3336723165558,114.68809611537831,114.97553495276021,15.169497130421385,33,DAILY_CLOSE_BELOW_EMA21,32.01172904367981,-0.9686839045038328,Model 4 Full Adaptive
MARATHON,Real Estate,2023-05-11,2023-05-26,293.08477978841427,292.3538950507873,287.7036350849237,288.4246968269912,-1.8360368994170797,11,DAILY_CLOSE_BELOW_EMA21,5.580131352411231,-7.077234577947931,Model 4 Full Adaptive
INDIANB,Banks,2023-05-12,2023-05-29,262.5170207333562,261.862364821303,248.14732346378727,248.76924658023785,-5.473815461346613,11,STOP_LOSS_INTRADAY,3.6652924188068785,-5.532492094971533,Model 4 Full Adaptive
FINCABLES,Electricals,2023-05-29,2023-05-29,824.189543980635,822.1342084594863,779.0749292914207,781.0274980365119,-5.473815461346626,0,STOP_LOSS_INTRADAY,0.0,-5.648810977027521,Model 4 Full Adaptive
UNIVCABLES,Electricals,2023-05-25,2023-05-30,365.99525624001905,365.0825498653557,345.96135131615773,346.8284223720879,-5.473815461346613,3,STOP_LOSS_INTRADAY,4.731190103344864,-5.887093004983107,Model 4 Full Adaptive
SIEMENS,Capital Goods,2023-05-24,2023-05-31,1982.326783176912,1977.3833248647502,2058.842175300262,2064.0021807521425,3.8598778351128025,5,DAILY_CLOSE_BELOW_EMA21,5.699875524882294,-1.0144841466311616,Model 4 Full Adaptive
LAMBODHARA,Textiles,2023-06-01,2023-06-07,189.530503488656,189.05785884155213,179.15595348472584,179.6049658994745,-5.473815461346623,4,STOP_LOSS_INTRADAY,1.832467041452833,-8.848152109671856,Model 4 Full Adaptive
SRF,Diversified,2023-05-22,2023-06-12,2420.116770650395,2414.0815667335614,2387.720778649672,2393.7050412528038,-1.338612764210422,15,DAILY_CLOSE_BELOW_EMA21,5.58673855268974,-1.2333072380499903,Model 4 Full Adaptive
STEELCITY,Finance,2023-05-25,2023-06-13,53.83145804733953,53.697215009815,55.17030315351538,55.30857458999035,2.4871054114834896,13,DAILY_CLOSE_BELOW_EMA21,11.922165336584996,-3.0818936090415185,Model 4 Full Adaptive
NCC,Infrastructure,2023-05-25,2023-06-20,104.64850551257966,104.3875366709024,114.26786022300887,114.55424583760286,9.192061237102786,18,DAILY_CLOSE_BELOW_EMA21,18.7471621056134,-1.6918139002616646,Model 4 Full Adaptive
TCPLPACK,Containers & Packaging,2023-06-05,2023-06-21,1444.5313918255351,1440.9290691526535,1365.4604091557833,1368.8826156950208,-5.473815461346633,12,STOP_LOSS_INTRADAY,3.3652229717119666,-10.035452677428946,Model 4 Full Adaptive
UNIVCABLES,Electricals,2023-06-01,2023-06-26,371.8984122760543,370.97098481401923,363.09299132565485,364.0029988227116,-2.36769522529268,17,DAILY_CLOSE_BELOW_EMA21,10.978832232023155,-3.9682614797692453,Model 4 Full Adaptive
ORIENTHOT,Hospitality,2023-06-12,2023-06-26,86.18579320558416,85.97086604048296,87.9623461320443,88.18280313989403,2.061305999960368,10,DAILY_CLOSE_BELOW_EMA21,7.9473908810972524,-1.5437375886017424,Model 4 Full Adaptive
BOROLTD,Construction Materials,2023-05-26,2023-07-03,325.84339981079097,325.03082275390625,355.3930735015869,356.2837829589844,9.068673389718708,25,DAILY_CLOSE_BELOW_EMA21,15.462053347179175,-1.703667677250411,Model 4 Full Adaptive
INGERRAND,Capital Goods,2023-05-12,2023-07-04,2373.9999924982394,2368.0797930157005,2606.6157688402204,2613.1486404413236,9.798474181846634,36,DAILY_CLOSE_BELOW_EMA21,21.646952434752418,-3.5003756789476084,Model 4 Full Adaptive
SALZERELEC,Electricals,2023-05-25,2023-07-10,292.54996606508763,291.82041502751883,347.1381706843826,348.0081911622883,18.65944657370084,31,DAILY_CLOSE_BELOW_EMA21,27.11865197500853,-0.7457668498411045,Model 4 Full Adaptive
BOSCHLTD,Automobile & Ancillaries,2023-05-31,2023-07-24,17736.243014761236,17692.012982305474,18264.51821683694,18310.29395171623,2.9785067876891347,37,DAILY_CLOSE_BELOW_EMA21,7.815690294103231,-0.5442043724910993,Model 4 Full Adaptive
TTKHLTCARE,Healthcare,2023-07-03,2023-07-24,1239.477372247262,1236.386406231683,1241.7677024005282,1244.879902155918,0.18478192539437058,15,DAILY_CLOSE_BELOW_EMA21,5.505091966931359,-3.2341463451938104,Model 4 Full Adaptive
PIIND,Chemicals,2023-07-17,2023-07-31,3605.737023128745,3596.745160228175,3396.172116605797,3404.6838261712246,-5.811985321688988,10,STOP_LOSS_GAP_DOWN,1.669912482016032,-5.339864947361632,Model 4 Full Adaptive
RANEHOLDIN,Finance,2023-07-31,2023-08-01,953.6195259589966,951.2414224029892,901.4201529046326,903.6793512828397,-5.4738154613466365,1,STOP_LOSS_INTRADAY,1.6794708025960587,-5.04827051745131,Model 4 Full Adaptive
GRSE,Ship Building,2023-05-29,2023-08-08,450.5396750032157,449.41613466654934,585.1653322964044,586.6319120765958,29.880977139744196,50,DAILY_CLOSE_BELOW_EMA21,38.28446699237244,-2.052123263581414,Model 4 Full Adaptive
HGINFRA,Infrastructure,2023-06-19,2023-08-08,868.9215765246229,866.7546898001226,913.4258191227485,915.7151068899734,5.121778972980136,35,DAILY_CLOSE_BELOW_EMA21,13.088754909480727,-2.821511151116744,Model 4 Full Adaptive
PRESTIGE,Real Estate,2023-07-25,2023-08-11,549.8855262442883,548.5142406426816,557.1595416536579,558.5559314823638,1.3228235809462212,13,DAILY_CLOSE_BELOW_EMA21,11.473626767191222,-1.894145152889421,Model 4 Full Adaptive
KEI,Electricals,2023-08-03,2023-08-11,2354.2879714813835,2348.416929158487,2364.221034258189,2370.146400258836,0.42191366974343586,6,DAILY_CLOSE_BELOW_EMA21,5.004230945035027,-1.772071307300508,Model 4 Full Adaptive
SURYAROSNI,Diversified,2023-07-07,2023-08-14,186.77813375665207,186.31235287446592,184.3493378796166,184.811366295355,-1.3003641423036587,26,DAILY_CLOSE_BELOW_EMA21,7.014054887689225,-2.6662412334075194,Model 4 Full Adaptive
CCL,Agri,2023-07-24,2023-08-14,620.4944453788353,618.9470776846238,586.5297244908916,587.9997238003925,-5.473815461346631,15,STOP_LOSS_INTRADAY,0.09509836150264171,-5.653533307770517,Model 4 Full Adaptive
SUPRAJIT,Automobile & Ancillaries,2023-08-09,2023-08-14,401.5995324105316,400.5980373172385,379.6167151127482,380.5681354513766,-5.4738154613466214,3,STOP_LOSS_INTRADAY,2.6096529618240103,-5.476590181173027,Model 4 Full Adaptive
ARROWGREEN,Plastic Products,2023-07-05,2023-08-18,322.8880906128568,322.0828834043459,320.7356533678761,321.5395021231841,-0.6666202029611044,31,DAILY_CLOSE_BELOW_EMA21,12.30062165960637,-4.846624642978231,Model 4 Full Adaptive
MARKSANS,Healthcare,2023-05-24,2023-08-21,72.17059323141646,71.99061668969223,110.99169660435965,111.26987128256606,53.790749992122876,61,DAILY_CLOSE_BELOW_EMA21,68.75043908816335,-1.6438314359482176,Model 4 Full Adaptive
KINGFA,Plastic Products,2023-07-20,2023-08-22,1919.2819266940712,1914.495687475383,2216.4565302349138,2222.0115591327453,15.483634759835441,22,DAILY_CLOSE_BELOW_EMA21,35.156256101070944,-3.0651016019790873,Model 4 Full Adaptive
LAOPALA,Diversified / Other,2023-08-17,2023-08-25,405.60639234414225,404.5949050814387,383.4042469277984,384.36515982736677,-5.473815461346611,6,STOP_LOSS_INTRADAY,1.7081403819646865,-5.667416873029619,Model 4 Full Adaptive
AURIONPRO,Software & IT Services,2023-08-28,2023-08-29,525.9672669636805,524.6556278939456,497.1767893830002,498.4228464992483,-5.473815461346632,1,STOP_LOSS_INTRADAY,3.1190864678017123,-5.009457470081831,Model 4 Full Adaptive
INDOTECH,Capital Goods,2023-08-23,2023-09-05,430.97474388122555,429.8999938964844,438.40125,439.5,1.7231882434440664,9,DAILY_CLOSE_BELOW_EMA21,10.258201146691448,-3.2216809258319197,Model 4 Full Adaptive
CEATLTD,Automobile & Ancillaries,2023-08-17,2023-09-07,2271.001813363053,2265.3384671950653,2146.6913649757234,2152.071543835312,-5.473815461346643,15,STOP_LOSS_INTRADAY,3.684828695414017,-5.629971264132476,Model 4 Full Adaptive
NDRAUTO,Automobile & Ancillaries,2023-08-08,2023-09-11,216.62729961395263,216.0870819091797,253.0868579864502,253.72116088867188,16.830546490433782,23,DAILY_CLOSE_BELOW_EMA21,31.983050090400937,0.0,Model 4 Full Adaptive
MARKSANS,Healthcare,2023-09-12,2023-09-12,109.26140722292058,108.98893488570633,103.28063942106746,103.539488141421,-5.47381546134662,0,STOP_LOSS_INTRADAY,0.0,-6.14194713947345,Model 4 Full Adaptive
JBMA,Automobile & Ancillaries,2023-08-16,2023-09-13,654.1466047206173,652.5153164295435,737.5839880129524,739.4325694365438,12.755150403627145,20,DAILY_CLOSE_BELOW_EMA21,22.819815991797377,-0.6837504492713657,Model 4 Full Adaptive
NATCOPHARM,Healthcare,2023-09-13,2023-09-14,809.714904427209,807.695665264049,840.0672819419727,842.1727137262884,3.748526468860657,1,DAILY_CLOSE_BELOW_EMA21,7.561436560396744,-0.012200331679304767,Model 4 Full Adaptive
REPRO,Miscellaneous,2023-09-14,2023-09-14,827.0625,825.0,781.7906250000001,783.75,-5.473815461346622,0,STOP_LOSS_INTRADAY,0.0,-5.084849964488637,Model 4 Full Adaptive
KIRLFER,Metals & Mining,2023-09-15,2023-09-18,475.1925736199393,474.0075547331066,449.1814090539601,450.30717699645123,-5.473815461346626,1,STOP_LOSS_INTRADAY,0.9223403263081091,-5.1357261712639515,Model 4 Full Adaptive
GREENLAM,Construction Materials,2023-09-14,2023-09-21,220.41467544456904,219.86501291228834,208.34958286100724,208.8717622666739,-5.473815461346627,4,STOP_LOSS_INTRADAY,4.984742344087118,-5.233417195388288,Model 4 Full Adaptive
MAYURUNIQ,Textiles,2023-09-14,2023-09-22,511.00367286615875,509.72934949242773,483.03227481276184,484.2428820178063,-5.473815461346622,5,STOP_LOSS_INTRADAY,1.5842534805568969,-5.232840134013977,Model 4 Full Adaptive
CREDITACC,Finance,2023-09-21,2023-09-25,1348.247885566973,1344.8856713885018,1274.4472843495291,1277.6413878190767,-5.473815461346628,2,STOP_LOSS_INTRADAY,0.6196674442977408,-5.942244824542198,Model 4 Full Adaptive
ROUTE,Software & IT Services,2023-07-19,2023-09-26,1443.1791236084925,1439.5801731755537,1503.1588785349486,1506.9261940199985,4.156085266566497,47,DAILY_CLOSE_BELOW_EMA21,8.01249976215342,-2.043179191151934,Model 4 Full Adaptive
HCLTECH,Software & IT Services,2023-07-17,2023-09-29,1017.1460308174983,1014.6095070498736,1094.4883345928292,1097.2314131256433,7.6038544547206826,52,DAILY_CLOSE_BELOW_EMA21,14.815160911359722,-4.123695417448637,Model 4 Full Adaptive
IVZINGOLD,ETF,2023-06-19,2023-10-04,5329.8411791992185,5316.5498046875,5038.095508666992,5050.722314453124,-5.473815461346633,73,STOP_LOSS_INTRADAY,0.45988839022899275,-5.859999739169424,Model 4 Full Adaptive
BAJAJ-AUTO,Automobile & Ancillaries,2023-08-18,2023-10-05,4446.732428983234,4435.643320681531,4696.191235283987,4707.96113812931,5.609935166658837,32,DAILY_CLOSE_BELOW_EMA21,13.449689535875498,-1.716290220906173,Model 4 Full Adaptive
KOKUYOCMLN,Miscellaneous,2023-09-29,2023-10-09,138.08037528920767,137.73603520120466,130.52211035754155,130.8492334411444,-5.473815461346641,5,STOP_LOSS_INTRADAY,0.18031014136694784,-5.373242420425223,Model 4 Full Adaptive
5PAISA,Finance,2023-10-06,2023-10-09,434.2830122375488,433.20001220703125,410.511161567688,411.5400115966797,-5.473815461346621,1,STOP_LOSS_INTRADAY,0.8194800768547,-5.11311721835242,Model 4 Full Adaptive
IRCON,Infrastructure,2023-07-17,2023-10-10,77.5141620083886,77.32085985874174,128.80268632347324,129.12550007365738,66.16665004974729,58,DAILY_CLOSE_BELOW_EMA21,117.41097323355771,-0.12345490632234296,Model 4 Full Adaptive
FACT,Chemicals,2023-08-17,2023-10-10,459.6332593790589,458.4870417746224,513.945626361372,515.2337106379669,11.816457115328488,36,DAILY_CLOSE_BELOW_EMA21,25.369565974211945,-4.36956617003229,Model 4 Full Adaptive
FDC,Healthcare,2023-09-22,2023-10-10,361.99279124570927,361.090066080508,362.6730609833279,363.58201602338636,0.18792355927245097,11,DAILY_CLOSE_BELOW_EMA21,6.359945167612056,-1.9756394568250994,Model 4 Full Adaptive
REPRO,Miscellaneous,2023-10-06,2023-10-17,746.8625,745.0,705.980625,707.75,-5.473815461346623,7,STOP_LOSS_INTRADAY,4.892619088192114,-6.577181208053691,Model 4 Full Adaptive
MUNJALSHOW,Diversified / Other,2023-10-11,2023-10-18,127.85315794959348,127.5343221442329,131.46514990570375,131.7946364969461,2.825109691490227,5,DAILY_CLOSE_BELOW_EMA21,5.603446014837544,0.0,Model 4 Full Adaptive
OLECTRA,Electricals,2023-10-11,2023-10-19,1185.3917568370425,1182.4356676678728,1120.505599573768,1123.3138842844792,-5.473815461346634,6,STOP_LOSS_INTRADAY,2.0794569387943937,-5.325440972043275,Model 4 Full Adaptive
WENDT,Manufacturing,2023-04-24,2023-10-20,9102.892093331831,9080.19161429609,13827.455770411521,13862.1110480316,51.90178713137321,124,DAILY_CLOSE_BELOW_EMA21,69.74666229873702,-4.622631818199302,Model 4 Full Adaptive
EXIDEIND,Automobile & Ancillaries,2023-09-26,2023-10-23,256.0116205467259,255.37318757778147,253.8984248369129,254.53476174126607,-0.825429605617183,18,DAILY_CLOSE_BELOW_EMA21,5.83237624138096,-2.2016207519692887,Model 4 Full Adaptive
JASH,Diversified,2023-09-26,2023-10-23,274.744315870388,274.0591679505117,278.9127186253524,279.61174799534075,1.5171934464809345,18,DAILY_CLOSE_BELOW_EMA21,10.969601025423446,-4.334299390045351,Model 4 Full Adaptive
KOTARISUG,Agri,2023-10-11,2023-10-23,53.51181412463275,53.378368204122445,50.58267616943153,50.70944979391632,-5.473815461346636,8,STOP_LOSS_INTRADAY,3.1598566986611796,-6.319698392274237,Model 4 Full Adaptive
ADANIPOWER,Power,2023-10-18,2023-10-23,67.5685015296936,67.4000015258789,63.869926445961,64.03000144958496,-5.473815461346636,3,STOP_LOSS_INTRADAY,2.878330516456796,-6.780414823981156,Model 4 Full Adaptive
KKCL,Textiles,2023-09-11,2023-10-25,671.4752956203135,669.800793636223,748.6944251955815,750.5708523263975,11.499921155540415,29,DAILY_CLOSE_BELOW_EMA21,18.676464358738496,-3.154430921280412,Model 4 Full Adaptive
ITC,Diversified,2023-08-16,2023-10-25,388.0854166766389,387.1176226200887,366.8423371353615,367.7617414890842,-5.473815461346638,47,STOP_LOSS_INTRADAY,1.5964570774432258,-5.310423068339842,Model 4 Full Adaptive
GOODYEAR,Automobile & Ancillaries,2023-09-14,2023-10-25,1303.467270322143,1300.2167285008907,1232.1178773456566,1235.2058920758461,-5.473815461346631,26,STOP_LOSS_INTRADAY,4.533932038534838,-6.394477705386057,Model 4 Full Adaptive
LINCOLN,Healthcare,2023-10-18,2023-10-25,497.9712174354152,496.7293939505389,470.7131919423794,471.8929242530119,-5.473815461346629,4,STOP_LOSS_INTRADAY,2.6426472385819175,-5.105099719255641,Model 4 Full Adaptive
SUNDRMFAST,Trading,2023-09-25,2023-10-27,1209.6685377570514,1206.6519079870836,1233.60392882651,1236.695667996501,1.9786735227353418,22,DAILY_CLOSE_BELOW_EMA21,8.110310102207244,-1.8248193069569183,Model 4 Full Adaptive
IOB,Banks,2023-10-26,2023-10-30,38.59625,38.5,40.99724847793579,41.099998474121094,6.220807663790636,2,DAILY_CLOSE_BELOW_EMA21,7.792207792207792,-4.805190841872971,Model 4 Full Adaptive
KOKUYOCMLN,Miscellaneous,2023-10-11,2023-11-02,137.43304302141829,137.09031722834743,137.49078412742193,137.83537255881896,0.04201399076541448,15,DAILY_CLOSE_BELOW_EMA21,6.376820801055133,-4.166666739926892,Model 4 Full Adaptive
POLYMED,Healthcare,2023-10-26,2023-11-07,1339.387763829199,1336.0476447174055,1367.5170536112291,1370.9444146478486,2.100160277828044,8,DAILY_CLOSE_BELOW_EMA21,10.074630425883763,-4.776119402985084,Model 4 Full Adaptive
SDBL,Alcohol,2023-11-09,2023-11-09,121.50299694061279,121.19999694824219,114.852147108078,115.13999710083007,-5.473815461346632,0,STOP_LOSS_INTRADAY,0.6435696603395987,-5.9405916910351975,Model 4 Full Adaptive
SUNDARMFIN,Finance,2023-08-21,2023-11-13,2533.179159369572,2526.8620043586757,3121.1249018697777,3128.9472700448896,23.209797077539776,57,DAILY_CLOSE_BELOW_EMA21,32.299172741780524,-0.9322874683674086,Model 4 Full Adaptive
DALMIASUG,Agri,2023-10-26,2023-11-13,396.279425288885,395.29119729564593,428.6975573774818,429.7719873458464,8.18062458452497,12,DAILY_CLOSE_BELOW_EMA21,18.072286435183525,-3.265057299510546,Model 4 Full Adaptive
DYNAMATECH,Capital Goods,2023-10-30,2023-11-15,4070.8112752763654,4060.6596262108387,4074.6371604020774,4084.849283611105,0.09398335778786951,11,DAILY_CLOSE_BELOW_EMA21,9.040098491767527,-3.6786832893201526,Model 4 Full Adaptive
ESABINDIA,Capital Goods,2023-10-11,2023-11-17,4771.62846067569,4759.729137831112,5587.92580768703,5601.930634272711,17.107311554926635,25,DAILY_CLOSE_BELOW_EMA21,30.24702304423031,-1.587690882827404,Model 4 Full Adaptive
GENUSPOWER,Capital Goods,2023-11-15,2023-11-17,243.404170315869,242.79717737243791,230.08067520755648,230.65731850381601,-5.473815461346632,2,STOP_LOSS_INTRADAY,0.04083548632421989,-5.451197254487697,Model 4 Full Adaptive
SWELECTES,Diversified / Other,2023-11-13,2023-11-24,565.0579545504352,563.6488324692621,534.1277248686845,535.466390845799,-5.473815461346622,8,STOP_LOSS_INTRADAY,4.389642708454778,-6.348376379451192,Model 4 Full Adaptive
TEJASNET,Telecom,2023-10-26,2023-11-28,844.6278301428532,842.5215263270356,798.3944613856571,800.3954500106838,-5.4738154613466365,21,STOP_LOSS_INTRADAY,3.601205453142644,-5.387023871513284,Model 4 Full Adaptive
GENUSPOWER,Capital Goods,2023-11-24,2023-11-28,246.88278949040225,246.26712168618678,233.36888118787274,233.95376560187742,-5.473815461346634,1,STOP_LOSS_INTRADAY,0.0,-5.394522929214829,Model 4 Full Adaptive
WEIZMANIND,Textiles,2023-11-28,2023-11-28,119.90080972561235,119.6018052125809,113.33766066457197,113.62171495195184,-5.473815461346634,0,STOP_LOSS_INTRADAY,0.12355973969813898,-5.5189493356048045,Model 4 Full Adaptive
BECTORFOOD,FMCG,2023-10-27,2023-11-29,213.4407588738234,212.9084876546867,238.1697123427027,238.76662891499015,11.585862793665358,21,DAILY_CLOSE_BELOW_EMA21,27.868785658444768,-2.745460243859452,Model 4 Full Adaptive
ICEMAKE,Consumer Durables,2023-11-20,2023-11-30,605.8405914813875,604.3297670637282,572.6779955137654,574.1132787105417,-5.473815461346638,7,STOP_LOSS_INTRADAY,1.0526355944181685,-6.217097004913066,Model 4 Full Adaptive
BALKRISIND,Automobile & Ancillaries,2023-11-23,2023-12-04,2465.7194378754693,2459.5705115964784,2540.253660935937,2546.6202114645985,3.022818489223112,6,DAILY_CLOSE_BELOW_EMA21,5.877420208875921,-0.0020003928576404514,Model 4 Full Adaptive
KDDL,Consumer Durables,2023-10-26,2023-12-08,1998.4712944289734,1993.4875754902478,2700.991925845009,2707.7613291679286,35.1529007884383,29,DAILY_CLOSE_BELOW_EMA21,54.82987997903515,-3.2282100817275277,Model 4 Full Adaptive
QGOLDHALF,ETF,2023-06-19,2023-12-12,50.23527561187744,50.11000061035156,51.560773630142215,51.689998626708984,2.638580165272107,119,DAILY_CLOSE_BELOW_EMA21,8.940330248790426,-4.430255824512052,Model 4 Full Adaptive
GENUSPOWER,Capital Goods,2023-12-04,2023-12-12,233.36587637026972,232.78391657882267,220.59185894800683,221.14472074988151,-5.47381546134663,6,STOP_LOSS_INTRADAY,3.0664381834164858,-5.877348700135202,Model 4 Full Adaptive
BAJAJCON,FMCG,2023-11-13,2023-12-13,225.10323567142606,224.54188096900356,212.781499953252,213.31478692055336,-5.473815461346632,20,STOP_LOSS_INTRADAY,0.4830944744218263,-5.8410235256067695,Model 4 Full Adaptive
PITTIENG,Capital Goods,2023-12-01,2023-12-14,654.848573821358,653.2155349838982,682.4207386423516,684.1310663081218,4.210464208556908,9,DAILY_CLOSE_BELOW_EMA21,14.305349281164052,-0.2366393577051469,Model 4 Full Adaptive
MARUTI,Automobile & Ancillaries,2023-12-14,2023-12-15,10155.162854254095,10129.838258607577,9599.287979813005,9623.346345677197,-5.473815461346622,1,STOP_LOSS_INTRADAY,0.5268199233716582,-5.818013093542208,Model 4 Full Adaptive
WONDERLA,Hospitality,2023-12-14,2023-12-15,876.9559783435997,874.7690557043388,828.9530264118241,831.0306029191219,-5.4738154613466286,1,STOP_LOSS_INTRADAY,2.1436665392569276,-5.995472561701205,Model 4 Full Adaptive
INDRAMEDCO,Healthcare,2023-12-15,2023-12-20,183.95630487084114,183.4975609684201,173.8868762126991,174.32268291999907,-5.4738154613466286,3,STOP_LOSS_INTRADAY,2.9411764705882417,-7.887694771555688,Model 4 Full Adaptive
SALZERELEC,Electricals,2023-11-10,2023-12-21,372.0923359431728,371.16442488097044,381.9939930187428,382.95137144736117,2.6610752544718324,27,DAILY_CLOSE_BELOW_EMA21,17.580061316943237,-2.854084819404394,Model 4 Full Adaptive
IIFL,Finance,2023-11-24,2023-12-21,598.2388538709682,596.7469864049559,573.9046285322233,575.3429859972164,-4.0676437481931655,18,DAILY_CLOSE_BELOW_EMA21,11.231406530471652,-2.099179314581228,Model 4 Full Adaptive
SSWL,Automobile & Ancillaries,2023-12-18,2023-12-21,267.9926095807005,267.32429883361647,253.32318868220582,253.95808389193564,-5.473815461346624,3,STOP_LOSS_INTRADAY,0.7407407407407337,-7.407411744838114,Model 4 Full Adaptive
DPABHUSHAN,Diamond  &  Jewellery,2023-12-01,2023-12-26,602.4022744750977,600.9000244140625,608.4251371765137,609.9500122070312,0.9998074304523503,16,DAILY_CLOSE_BELOW_EMA21,9.003157495074223,-3.1452860120103856,Model 4 Full Adaptive
ESABINDIA,Capital Goods,2023-12-14,2023-12-26,5581.656604425972,5567.7372612727895,5615.404467053083,5629.478162459231,0.6046209041299847,7,DAILY_CLOSE_BELOW_EMA21,5.195956561519646,-2.0504283141176307,Model 4 Full Adaptive
WELINV,Finance,2023-12-22,2023-12-26,638.5925,637.0,603.637125,605.15,-5.473815461346635,1,STOP_LOSS_INTRADAY,0.47095761381475665,-5.620092275191327,Model 4 Full Adaptive
DALBHARAT,Construction Materials,2023-12-22,2024-01-01,2214.644793735027,2209.1219887631196,2274.0124625556264,2279.7117419104025,2.68068581420115,5,DAILY_CLOSE_BELOW_EMA21,5.6327071085260565,-2.1488807396465597,Model 4 Full Adaptive
KHADIM,Footwear,2023-12-22,2024-01-03,365.91249999999997,365.0,345.883125,346.75,-5.473815461346622,7,STOP_LOSS_INTRADAY,2.712327094927226,-5.561640491224315,Model 4 Full Adaptive
GOCLCORP,Diversified / Other,2023-12-22,2024-01-04,508.256883725175,506.98941019967583,480.43583984046785,481.639939689692,-5.473815461346619,8,STOP_LOSS_INTRADAY,1.342994521741131,-6.791125617930123,Model 4 Full Adaptive
HERCULES,Capital Goods,2023-12-22,2024-01-09,339.114215419947,338.26854405979753,342.39789015092896,343.25603022649517,0.9683093723793196,11,DAILY_CLOSE_BELOW_EMA21,6.822776476665228,-3.078922834462829,Model 4 Full Adaptive
TCPLPACK,Containers & Packaging,2023-12-28,2024-01-09,2204.3839684334157,2198.8867515545294,2083.720057941861,2088.942413976803,-5.473815461346635,8,STOP_LOSS_INTRADAY,1.7636098195250467,-5.137758295859282,Model 4 Full Adaptive
SHREERAMA,Containers & Packaging,2024-01-04,2024-01-09,30.576249999999998,30.5,28.9025625,28.974999999999998,-5.473815461346633,3,STOP_LOSS_INTRADAY,3.9344287309490267,-6.885247152359759,Model 4 Full Adaptive
RANEHOLDIN,Finance,2023-12-22,2024-01-10,1120.9163200435771,1118.1210174998275,1184.2098454573152,1187.1777899321455,5.646587910440757,12,DAILY_CLOSE_BELOW_EMA21,16.089826473075966,-0.27654811808361984,Model 4 Full Adaptive
DRREDDY,Healthcare,2023-12-13,2024-01-12,1095.16941662507,1092.4383208230124,1123.0772366383137,1125.8919665547005,2.548265098494615,21,DAILY_CLOSE_BELOW_EMA21,7.288228361396346,-1.6758225754336071,Model 4 Full Adaptive
CORDSCABLE,Electricals,2023-12-22,2024-01-16,112.06253695122054,111.78307925308782,114.11968516639959,114.40569941493693,1.835714477956631,16,DAILY_CLOSE_BELOW_EMA21,8.897740424297854,-2.4347032978359495,Model 4 Full Adaptive
VESUVIUS,Capital Goods,2024-01-08,2024-01-17,354.1505585727501,353.2673900975064,334.7650105411495,335.60402059263106,-5.473815461346629,7,STOP_LOSS_INTRADAY,1.5615258849821005,-5.372865892509267,Model 4 Full Adaptive
AUROPHARMA,Healthcare,2023-11-02,2024-01-18,855.2829604636615,853.1500852505352,1079.1670741894557,1081.871753573389,26.176613363654905,52,DAILY_CLOSE_BELOW_EMA21,35.68280315087834,-1.1684065315760856,Model 4 Full Adaptive
GILLETTE,FMCG,2023-12-18,2024-01-18,5854.158691338851,5839.559791859203,6161.590359568778,6177.032941923587,5.251508960369793,22,DAILY_CLOSE_BELOW_EMA21,18.466922241310396,-3.8129105111247394,Model 4 Full Adaptive
REPCOHOME,Financial Services,2023-12-22,2024-01-18,388.9521364173817,387.9821809649693,393.80194743279185,394.7889197321221,1.2468914710384387,18,DAILY_CLOSE_BELOW_EMA21,10.802014786613862,-2.6190445926755195,Model 4 Full Adaptive
HINDCOMPOS,Diversified / Other,2023-12-22,2024-01-18,441.726717928202,440.62515504060053,452.2935454028184,453.4271131857828,2.3921639886709127,18,DAILY_CLOSE_BELOW_EMA21,11.362614259075,-2.9166694159980233,Model 4 Full Adaptive
COROMANDEL,Chemicals,2024-01-12,2024-01-18,1180.4386590261126,1177.4949217218082,1115.8236251966284,1118.6201756357177,-5.473815461346633,4,STOP_LOSS_INTRADAY,1.939781943639639,-5.8110337671446715,Model 4 Full Adaptive
RAMCOCEM,Cement & Cement Products,2024-01-12,2024-01-18,984.4643449474881,982.0093216433797,930.5765834223076,932.9088555612107,-5.473815461346638,4,STOP_LOSS_INTRADAY,1.040919853187639,-5.406780104356339,Model 4 Full Adaptive
GRAVITA,Metals & Mining,2024-01-17,2024-01-18,1059.9897148369648,1057.3463489645535,1001.967833937535,1004.4790315163258,-5.473815461346625,1,STOP_LOSS_INTRADAY,0.27647152501171396,-8.397372358628914,Model 4 Full Adaptive
RKFORGE,Automobile & Ancillaries,2024-01-01,2024-01-19,717.5990044846303,715.8094807826736,756.6628105665767,758.5592085880468,5.443681755105202,14,DAILY_CLOSE_BELOW_EMA21,11.944441049471449,-2.4999967100986265,Model 4 Full Adaptive
SANGHVIMOV,Infrastructure,2024-01-19,2024-01-23,406.6104633723189,405.5964721918393,384.35335696079176,385.31664858224735,-5.4738154613466286,1,STOP_LOSS_INTRADAY,0.0,-9.090904829731892,Model 4 Full Adaptive
IFGLEXPOR,Capital Goods,2024-01-19,2024-01-23,368.6382625792188,367.71896516630306,348.4596843657179,349.3330169079879,-5.473815461346635,1,STOP_LOSS_INTRADAY,0.7788011833355367,-6.276176098411869,Model 4 Full Adaptive
SUNDRMBRAK,Automobile & Ancillaries,2024-01-19,2024-01-23,651.1698930052506,649.5460279354121,615.5260547222949,617.0687265386415,-5.473815461346628,1,STOP_LOSS_INTRADAY,0.0,-7.358335592129847,Model 4 Full Adaptive
SINTERCOM,Automobile & Ancillaries,2023-12-26,2024-01-24,129.2723719406128,128.9499969482422,127.72987804412843,128.0500030517578,-1.1932123417623903,20,DAILY_CLOSE_BELOW_EMA21,7.018226650590999,-2.326483188056326,Model 4 Full Adaptive
SANDHAR,Automobile & Ancillaries,2024-01-19,2024-01-24,472.9296607573336,471.7502850447218,447.04236386550446,448.1627707924857,-5.4738154613466365,2,STOP_LOSS_INTRADAY,1.0567042125785349,-5.72296321706586,Model 4 Full Adaptive
PRESTIGE,Real Estate,2024-01-25,2024-01-29,1179.0736795949588,1176.1333462293853,1197.947305717929,1200.9496799177234,1.6007164310082724,1,DAILY_CLOSE_BELOW_EMA21,6.516399119140775,-2.970081135745272,Model 4 Full Adaptive
NELCAST,Metals & Mining,2024-01-19,2024-01-31,159.60042373234023,159.20241768811994,162.8978118341457,163.30607702671247,2.0660271600126765,6,DAILY_CLOSE_BELOW_EMA21,7.32919894553134,-2.8571379097109437,Model 4 Full Adaptive
DEEPAKNTR,Chemicals,2024-01-23,2024-02-08,2298.7204972034415,2292.988027135603,2172.8927792143754,2178.3386257788225,-5.4738154613466286,11,STOP_LOSS_INTRADAY,1.681786001866896,-5.3213719167422875,Model 4 Full Adaptive
AFFLE,Software & IT Services,2024-01-25,2024-02-08,1233.075,1230.0,1165.5787500000001,1168.5,-5.473815461346627,9,STOP_LOSS_INTRADAY,3.2520325203252036,-6.504065040650407,Model 4 Full Adaptive
TVSSRICHAK,Automobile & Ancillaries,2024-01-11,2024-02-09,4409.09415516186,4398.098907892129,4167.748477591279,4178.193962497523,-5.473815461346638,19,STOP_LOSS_INTRADAY,2.9526942706553956,-7.446068586262013,Model 4 Full Adaptive
WONDERLA,Hospitality,2024-01-25,2024-02-09,875.9639853496269,873.779536508356,828.0153332837309,830.0905596829382,-5.4738154613466286,10,STOP_LOSS_INTRADAY,4.0770122017800325,-6.0022649521687175,Model 4 Full Adaptive
CONSOFINVT,Finance,2024-02-09,2024-02-09,275.1197874986488,274.43370324054746,260.0602380333238,260.7120180785201,-5.473815461346621,0,STOP_LOSS_INTRADAY,0.7246376811594285,-5.434782608695652,Model 4 Full Adaptive
DHANUKA,Chemicals,2024-02-09,2024-02-12,1061.4985625537452,1058.8514339688231,1003.394090114706,1005.908862270382,-5.4738154613466286,1,STOP_LOSS_INTRADAY,3.445065176908758,-6.5176829224556965,Model 4 Full Adaptive
SUMMITSEC,Finance,2024-01-19,2024-02-13,1263.1499999999999,1260.0,1250.1168750000002,1253.25,-1.0317955112219215,15,DAILY_CLOSE_BELOW_EMA21,14.496033683655755,-2.1190437437996033,Model 4 Full Adaptive
BSE,Unclassified,2024-01-31,2024-02-13,729.9624561881752,728.1421009358356,787.4074698168079,789.3809221221131,7.869584680917346,9,DAILY_CLOSE_BELOW_EMA21,17.642127902631348,-1.09542519803685,Model 4 Full Adaptive
TIL,Diversified / Other,2024-01-18,2024-02-14,365.91249999999997,365.0,470.02201217651367,471.20001220703125,28.452023961060014,17,DAILY_CLOSE_BELOW_EMA21,44.75341796875,0.0,Model 4 Full Adaptive
FACT,Chemicals,2024-02-13,2024-02-14,775.8088935361459,773.8742080161056,733.3425463712621,735.1804976153003,-5.473815461346636,1,STOP_LOSS_INTRADAY,1.116196302039072,-7.355315605108827,Model 4 Full Adaptive
MUTHOOTFIN,Finance,2024-01-23,2024-02-15,1369.713992680927,1366.298247063269,1294.7383763733303,1297.9833347101055,-5.473815461346623,16,STOP_LOSS_INTRADAY,2.151937672877156,-6.480564061859884,Model 4 Full Adaptive
WELCORP,Metals & Mining,2024-02-14,2024-02-16,531.8115814217549,530.4853680017505,556.9890720319922,558.3850346185385,4.734287760888426,2,DAILY_CLOSE_BELOW_EMA21,6.46297645888206,-0.009256998697923902,Model 4 Full Adaptive
ANUP,Capital Goods,2024-02-16,2024-02-20,1345.0067795225254,1341.6526479027686,1398.3057078623387,1401.8102334459536,3.9627256272071953,2,DAILY_CLOSE_BELOW_EMA21,9.104138244656665,-0.4929531178944997,Model 4 Full Adaptive
CREDITACC,Finance,2024-01-29,2024-02-20,1591.082596537402,1587.114809513618,1503.9896713653422,1507.759069037937,-5.473815461346629,16,STOP_LOSS_INTRADAY,3.76945311857017,-6.604359860991911,Model 4 Full Adaptive
PTC,Power,2024-02-16,2024-02-21,159.32896531221888,158.93163622166472,150.60759177455503,150.98505441058148,-5.473815461346633,3,STOP_LOSS_INTRADAY,1.367818929747565,-6.764496582718893,Model 4 Full Adaptive
GREENLAM,Construction Materials,2024-01-19,2024-02-22,265.0108169426675,264.3499420874489,260.19367952562146,260.8457940106481,-1.817713507931321,22,DAILY_CLOSE_BELOW_EMA21,5.36806215754456,-4.672365109718843,Model 4 Full Adaptive
NLCINDIA,Power,2024-02-14,2024-02-22,230.58327223933904,230.00825161031327,238.56489159037798,239.16279858684507,3.4614910585336145,6,DAILY_CLOSE_BELOW_EMA21,10.609061884021227,-4.372383660352383,Model 4 Full Adaptive
RPPINFRA,Infrastructure,2024-02-23,2024-02-26,130.9472103692038,130.6206587223978,123.7794017218122,124.08962578627789,-5.473815461346635,1,STOP_LOSS_INTRADAY,2.97482358117129,-5.034326400032713,Model 4 Full Adaptive
ALKEM,Healthcare,2024-01-25,2024-02-27,4879.444267454742,4867.276077261588,4897.484998553757,4909.759397046372,0.36972921730747593,22,DAILY_CLOSE_BELOW_EMA21,11.141335704154725,-6.194290269316449,Model 4 Full Adaptive
WELCORP,Metals & Mining,2024-02-23,2024-02-28,536.4896200537764,535.1517407020214,543.85801355223,545.2210662177744,1.373445677796143,3,DAILY_CLOSE_BELOW_EMA21,5.130798358115187,-0.688389169343723,Model 4 Full Adaptive
WELENT,Real Estate,2024-02-23,2024-02-28,321.83009967294424,321.0275308458297,304.21371391777933,304.9761543035382,-5.4738154613466365,3,STOP_LOSS_INTRADAY,1.0874521857016837,-6.723851213255874,Model 4 Full Adaptive
SOUTHBANK,Banks,2024-02-23,2024-02-28,32.36621605871312,32.285502302955734,30.59454911983843,30.671227187807947,-5.473815461346621,3,STOP_LOSS_INTRADAY,2.4725228267872215,-7.736888022926647,Model 4 Full Adaptive
IRCON,Infrastructure,2024-02-14,2024-02-29,200.355060917671,199.8554223617666,216.02752246218333,216.5689448242439,7.822343729541413,11,DAILY_CLOSE_BELOW_EMA21,16.720841023492454,-1.9286403653398578,Model 4 Full Adaptive
CENTURYPLY,Construction Materials,2024-02-12,2024-02-29,737.8869434045004,736.0468263386538,697.4963738091668,699.2444850217211,-5.473815461346622,13,STOP_LOSS_INTRADAY,2.8526971942596053,-5.630844219506622,Model 4 Full Adaptive
SIMPLEXINF,Infrastructure,2024-01-25,2024-03-05,80.0997515296936,79.9000015258789,99.84974847793579,100.0999984741211,24.65675182640324,27,DAILY_CLOSE_BELOW_EMA21,44.931165006612936,-0.12515453343102267,Model 4 Full Adaptive
BSE,Unclassified,2024-02-26,2024-03-05,757.6515849306137,755.762179481909,764.1633342603292,766.0785305867961,0.8594648858699129,6,DAILY_CLOSE_BELOW_EMA21,5.538597025902649,-1.8316616274730726,Model 4 Full Adaptive
PILITA,Diversified / Other,2024-03-01,2024-03-05,14.8871253824234,14.850000381469727,14.072231611490249,14.10750036239624,-5.473815461346636,2,STOP_LOSS_INTRADAY,0.6733968028727624,-8.080813010865977,Model 4 Full Adaptive
JPPOWER,Power,2024-03-01,2024-03-05,18.6465003824234,18.600000381469727,17.62582536149025,17.67000036239624,-5.473815461346632,2,STOP_LOSS_INTRADAY,2.956985084841634,-6.451616872733807,Model 4 Full Adaptive
GOLDTECH,Software & IT Services,2024-03-05,2024-03-05,152.32987194061278,151.9499969482422,143.991615858078,144.35249710083008,-5.473815461346621,0,STOP_LOSS_INTRADAY,0.0,-7.206316004054952,Model 4 Full Adaptive
STCINDIA,Trading,2024-02-29,2024-03-06,156.28974388122558,155.89999389648438,147.734731716156,148.10499420166016,-5.473815461346628,4,STOP_LOSS_INTRADAY,2.437461963135782,-9.813975876822516,Model 4 Full Adaptive
RTNPOWER,Power,2024-03-01,2024-03-06,10.0751251912117,10.050000190734863,9.523631430745125,9.547500181198119,-5.473815461346635,3,STOP_LOSS_INTRADAY,1.9900478156161368,-7.960200751761047,Model 4 Full Adaptive
HATHWAY,Media & Entertainment,2024-03-01,2024-03-06,22.957249617576597,22.899999618530273,21.70061213850975,21.75499963760376,-5.473815461346622,3,STOP_LOSS_INTRADAY,0.8733657915767652,-8.515278987222846,Model 4 Full Adaptive
KKCL,Textiles,2024-01-15,2024-03-11,743.5600973985511,741.7058328165099,702.8589898227452,704.6205411756844,-5.473815461346616,37,STOP_LOSS_INTRADAY,3.7233215527264703,-6.9619103514455745,Model 4 Full Adaptive
MANINFRA,Infrastructure,2024-03-06,2024-03-11,206.96738946462872,206.45126131135035,195.6383765001684,196.12869824578283,-5.473815461346625,2,STOP_LOSS_INTRADAY,0.4761904761904764,-7.28571414484548,Model 4 Full Adaptive
SUMMITSEC,Finance,2024-02-15,2024-03-12,1278.1875,1275.0,1296.75,1300.0,1.4522517236320962,17,DAILY_CLOSE_BELOW_EMA21,14.117647058823529,-1.7882391237745099,Model 4 Full Adaptive
MAGNUM,Paper,2024-03-07,2024-03-12,58.0948757648468,57.95000076293945,54.114375,54.25,-6.851724377480115,2,DAILY_CLOSE_BELOW_EMA21,6.7299355648598915,-3.106124613222945,Model 4 Full Adaptive
IMPAL,Automobile & Ancillaries,2024-02-29,2024-03-12,971.8446251429425,969.4210724617881,918.6476437916019,920.9500188386986,-5.473815461346629,7,STOP_LOSS_INTRADAY,1.7569100782944058,-6.874038449159343,Model 4 Full Adaptive
BALAXI,Trading,2024-03-11,2024-03-12,109.99430122375487,109.72000122070312,103.9734161567688,104.23400115966797,-5.473815461346619,1,STOP_LOSS_INTRADAY,0.0,-11.055418107782234,Model 4 Full Adaptive
BIRLACORPN,Cement & Cement Products,2024-03-11,2024-03-12,1510.6959746587008,1506.9286530261356,1428.0032648238916,1431.5822203748287,-5.473815461346634,1,STOP_LOSS_INTRADAY,0.7361503676731742,-7.2032812371336465,Model 4 Full Adaptive
INOXWIND,Capital Goods,2024-03-11,2024-03-12,131.2523155593872,130.9250030517578,124.06780601692199,124.37875289916991,-5.473815461346632,1,STOP_LOSS_INTRADAY,1.6421568427494562,-9.738399620246422,Model 4 Full Adaptive
CHAMBLFERT,Chemicals,2024-03-01,2024-03-13,337.5461139945472,336.70435311176783,339.04099018943805,339.89071698189275,0.44286576942046196,7,DAILY_CLOSE_BELOW_EMA21,6.892653318410065,-1.2288152834789894,Model 4 Full Adaptive
KPITTECH,Software & IT Services,2024-03-07,2024-03-13,1493.5492317394223,1489.8246700642617,1411.795102969646,1415.3334365610485,-5.473815461346632,3,STOP_LOSS_INTRADAY,0.10197689658717703,-10.851970821968948,Model 4 Full Adaptive
TITAN,Diamond  &  Jewellery,2024-02-12,2024-03-14,3573.713476923067,3564.8014732399674,3586.468873669919,3595.457517463578,0.35692275917526356,22,DAILY_CLOSE_BELOW_EMA21,6.258686032150142,-2.6590727607848996,Model 4 Full Adaptive
BLUESTARCO,Consumer Durables,2023-12-26,2024-03-15,948.7944252311923,946.4283543453291,1249.43626306057,1252.5676822662354,31.686720519686894,55,DAILY_CLOSE_BELOW_EMA21,41.621509771646615,-3.5014564861176796,Model 4 Full Adaptive
KELLTONTEC,Diversified / Other,2024-03-15,2024-03-15,21.49360053539276,21.440000534057617,20.317080506086352,20.368000507354736,-5.473815461346608,0,STOP_LOSS_INTRADAY,0.6529822115724639,-6.949625625014734,Model 4 Full Adaptive
STEL,Finance,2024-03-15,2024-03-15,324.1583811187744,323.3500061035156,306.414549533844,307.18250579833983,-5.47381546134662,0,STOP_LOSS_INTRADAY,2.9843803044169652,-5.040982836823782,Model 4 Full Adaptive
CENTUM,Electricals,2024-03-15,2024-03-15,1639.4471016903337,1635.3587049280138,1549.706792757409,1553.590769681613,-5.473815461346636,0,STOP_LOSS_INTRADAY,2.969603379084346,-6.626139817629179,Model 4 Full Adaptive
SANDHAR,Automobile & Ancillaries,2024-03-15,2024-03-15,495.2451184441404,494.0100932111127,468.13631457918063,469.309588550557,-5.4738154613466286,0,STOP_LOSS_INTRADAY,3.097212433194587,-5.485065748320028,Model 4 Full Adaptive
DCAL,Pharma,2024-03-15,2024-03-18,216.94099388122558,216.39999389648438,225.13574695587158,225.6999969482422,3.7774110499063167,1,DAILY_CLOSE_BELOW_EMA21,5.683920239684276,-1.1321612834306045,Model 4 Full Adaptive
TIL,Diversified / Other,2024-03-15,2024-03-18,516.5882377624512,515.2999877929688,144.87061935424805,145.23370361328125,-71.95626830728081,1,STOP_LOSS_GAP_DOWN,0.0,-71.81569822360804,Model 4 Full Adaptive
NCC,Infrastructure,2024-03-15,2024-03-18,227.16346178257197,226.59696935917404,214.72895308898728,215.2671208912153,-5.473815461346639,1,STOP_LOSS_INTRADAY,2.222220918052215,-5.512821617540383,Model 4 Full Adaptive
PAISALO,Finance,2024-03-18,2024-03-18,70.37874681312945,70.2032387163386,66.52634408857037,66.69307678052166,-5.473815461346638,0,STOP_LOSS_INTRADAY,2.5886481535350203,-6.985819931571371,Model 4 Full Adaptive
PGIL,Textiles,2024-03-18,2024-03-18,600.3274087779702,598.8303329456062,567.4665942575801,568.8888162983259,-5.473815461346614,0,STOP_LOSS_INTRADAY,0.9593369528042455,-5.698589815616361,Model 4 Full Adaptive
GPPL,Logistics,2024-03-15,2024-03-19,167.31429286372804,166.89705023813272,177.2583984006714,177.70265503826707,5.943368834031719,2,DAILY_CLOSE_BELOW_EMA21,14.227417552936917,-2.910775851298033,Model 4 Full Adaptive
AHLEAST,Diversified / Other,2024-03-18,2024-03-19,144.59905529263926,144.23845914477732,136.68396984706962,137.02653618753845,-5.473815461346626,1,STOP_LOSS_INTRADAY,0.06761738177327532,-5.713316707302796,Model 4 Full Adaptive
CIPLA,Healthcare,2023-11-28,2024-03-20,1169.3073803648533,1166.391401860203,1392.0984832315148,1395.5874518611677,19.053253798598714,77,DAILY_CLOSE_BELOW_EMA21,26.583340960217082,-1.000000000000006,Model 4 Full Adaptive
INFY,Software & IT Services,2024-03-07,2024-03-22,1493.4912110101072,1489.7667940250446,1398.163063478667,1401.6672315575609,-6.3829064964477435,10,STOP_LOSS_GAP_DOWN,2.545460851498429,-5.913647882394856,Model 4 Full Adaptive
MANGLMCEM,Construction Materials,2024-03-21,2024-03-22,644.2321274300037,642.6255635212008,673.3626734103847,675.0502991582804,4.521746858013687,1,DAILY_CLOSE_BELOW_EMA21,5.865969021232601,-0.09286110642450221,Model 4 Full Adaptive
BPCL,Oil & Gas,2024-03-21,2024-03-26,256.6018441630588,255.96193931477185,260.8377442014999,261.49147288370915,1.6507675742772114,2,DAILY_CLOSE_BELOW_EMA21,5.304896777232916,-0.2526153670786185,Model 4 Full Adaptive
GESHIP,Logistics,2024-03-15,2024-03-27,902.3508783602438,900.1006267932606,896.049156206347,898.2948934399468,-0.6983671546204172,7,DAILY_CLOSE_BELOW_EMA21,5.6638656720199245,-1.949690001443697,Model 4 Full Adaptive
REMSONSIND,Automobile & Ancillaries,2024-03-26,2024-03-27,163.990556211928,163.581602206412,172.6893899309904,173.12219541953922,5.304472354993854,1,DAILY_CLOSE_BELOW_EMA21,6.780065607228401,0.0,Model 4 Full Adaptive
IOC,Oil & Gas,2024-03-21,2024-03-28,144.02042950082333,143.6612763100482,148.4200250232202,148.79200503580972,3.054841273315136,4,DAILY_CLOSE_BELOW_EMA21,6.4906735450621,-0.7453397194050934,Model 4 Full Adaptive
CARERATING,Miscellaneous,2024-03-18,2024-04-01,1053.024842349941,1050.398845236849,1074.31268399497,1077.0051969874385,2.021589689899697,8,DAILY_CLOSE_BELOW_EMA21,6.651950627395271,-1.526223988721019,Model 4 Full Adaptive
TVSMOTOR,Automobile & Ancillaries,2024-03-20,2024-04-04,2045.1302886307594,2040.0302130980144,2097.493217826466,2102.750093059114,2.560371311637286,9,DAILY_CLOSE_BELOW_EMA21,6.778888669133715,-2.4250167043905977,Model 4 Full Adaptive
TORNTPHARM,Healthcare,2024-03-22,2024-04-04,2508.596865012586,2502.3410124813827,2549.3902890494314,2555.77973839542,1.626145061639497,7,DAILY_CLOSE_BELOW_EMA21,5.296752366040079,-1.540456366812769,Model 4 Full Adaptive
PERSISTENT,Software & IT Services,2024-03-21,2024-04-08,3976.5147219188902,3966.598226353008,3758.8476442477695,3768.268315035358,-5.47381546134662,10,STOP_LOSS_INTRADAY,2.405353171677594,-7.345173899566232,Model 4 Full Adaptive
RECLTD,Finance,2024-03-22,2024-04-09,398.0665055673449,397.0738210148079,409.09883602951425,410.124146395503,2.7714792146215603,10,DAILY_CLOSE_BELOW_EMA21,8.789225517679341,-1.59616459803137,Model 4 Full Adaptive
ABBOTINDIA,Healthcare,2024-03-14,2024-04-09,26348.160565974762,26282.45442990001,24905.910879134,24968.33170840501,-5.473815461346628,16,STOP_LOSS_INTRADAY,4.098893756808093,-5.074814642160342,Model 4 Full Adaptive
NITCO,Construction Materials,2024-04-01,2024-04-12,58.846750764846796,58.70000076293945,60.34875,60.5,2.552391110182508,8,DAILY_CLOSE_BELOW_EMA21,14.821125468250834,0.0,Model 4 Full Adaptive
POWERGRID,Power,2024-03-21,2024-04-15,251.2422586689703,250.61571937054396,252.27627042195945,252.90854177640043,0.41155964703833653,14,DAILY_CLOSE_BELOW_EMA21,7.057507333682239,-0.6347999902398525,Model 4 Full Adaptive
BRITANNIA,FMCG,2024-02-12,2024-04-15,4776.697272937118,4764.7853096629615,4515.229679069364,4526.546044179813,-5.473815461346627,41,STOP_LOSS_INTRADAY,1.6473753412915557,-5.604955960056101,Model 4 Full Adaptive
JTEKTINDIA,Automobile & Ancillaries,2024-03-15,2024-04-16,150.79820418528703,150.4221488132539,165.24749746295953,165.66165159193937,9.581873574514539,19,DAILY_CLOSE_BELOW_EMA21,23.278691199711098,-4.2294929354393735,Model 4 Full Adaptive
DHANBANK,Diversified / Other,2024-04-01,2024-04-16,42.606249999999996,42.5,43.89,44.0,3.0130555963033707,10,DAILY_CLOSE_BELOW_EMA21,16.235297707950366,-2.8235312069163605,Model 4 Full Adaptive
DRREDDY,Healthcare,2024-04-01,2024-04-19,1223.2076620085124,1220.1572688364215,1156.2515318811138,1159.1494053946003,-5.473815461346635,12,STOP_LOSS_INTRADAY,1.461797285229701,-5.37731543313957,Model 4 Full Adaptive
PERSISTENT,Software & IT Services,2024-04-10,2024-04-22,3909.8436680221243,3900.0934344360344,3695.826040807447,3705.0887627142324,-5.473815461346632,6,STOP_LOSS_INTRADAY,2.021496044789278,-16.261563892601032,Model 4 Full Adaptive
SUNPHARMA,Healthcare,2024-04-23,2024-04-23,1532.5156867321373,1528.6939518525062,1448.6286061242313,1452.259254259881,-5.473815461346616,0,STOP_LOSS_INTRADAY,0.028806092949744438,-5.396930142645632,Model 4 Full Adaptive
OLECTRA,Electricals,2024-04-18,2024-04-26,1780.2919974232198,1775.8523665069524,1626.1464473333028,1630.2220023391505,-8.658442003504254,6,STOP_LOSS_GAP_DOWN,2.603140725562266,-8.200589582469199,Model 4 Full Adaptive
ADANIPOWER,Power,2024-04-01,2024-05-07,109.81385091781615,109.54000091552734,117.71497713088989,118.01000213623047,7.1950178843895385,23,DAILY_CLOSE_BELOW_EMA21,18.112108637451023,-0.5660057891182158,Model 4 Full Adaptive
LUPIN,Healthcare,2024-04-23,2024-05-08,1577.6718585914305,1573.7375148044196,1578.6223247330092,1582.5787716621646,0.06024485614057684,10,DAILY_CLOSE_BELOW_EMA21,5.305863880522103,-2.674781784273117,Model 4 Full Adaptive
OFSS,Software & IT Services,2024-05-02,2024-05-10,6864.914919733961,6847.795431156072,7004.1647345384745,7021.719032118771,2.0284273939684856,6,DAILY_CLOSE_BELOW_EMA21,5.7230614431318925,-0.26198549326986365,Model 4 Full Adaptive
MRPL,Oil & Gas,2024-05-09,2024-05-10,215.79981945248375,215.2616652892606,203.9873355697356,204.49858202479757,-5.473815461346623,1,STOP_LOSS_INTRADAY,0.2927900434614412,-6.576571556179513,Model 4 Full Adaptive
KSL,Metals & Mining,2024-05-09,2024-05-10,820.5655178536348,818.5192198041245,775.6492756668836,777.5932588139183,-5.47381546134662,1,STOP_LOSS_INTRADAY,1.8926893669028122,-5.07075273518772,Model 4 Full Adaptive
PNB,Banks,2024-05-09,2024-05-13,117.84976900683178,117.55587930856038,111.39889012977453,111.67808534313235,-5.473815461346632,2,STOP_LOSS_INTRADAY,0.5557797495814055,-5.518056166815095,Model 4 Full Adaptive
ANUP,Capital Goods,2024-03-18,2024-05-14,1401.008810828041,1397.5150232698666,1764.4360189924869,1768.8581644034955,25.94039418993009,36,DAILY_CLOSE_BELOW_EMA21,52.62644169408327,0.0,Model 4 Full Adaptive
ICICIBANK,Banks,2024-04-22,2024-05-23,1055.160376274957,1052.5290536408547,1085.6629983329228,1088.383958228494,2.8908043501073877,21,DAILY_CLOSE_BELOW_EMA21,8.412107880988312,-0.7832844697556851,Model 4 Full Adaptive
TORNTPOWER,Power,2024-05-15,2024-05-23,1329.8708198785544,1326.5544337940692,1315.4515993611901,1318.7484705375339,-1.0842572302384244,5,DAILY_CLOSE_BELOW_EMA21,6.648141795952434,-2.682654030028502,Model 4 Full Adaptive
ACE,Capital Goods,2024-05-15,2024-05-27,1386.710772470524,1383.2526408683532,1447.5717732784278,1451.1997727102032,4.388874884088164,7,DAILY_CLOSE_BELOW_EMA21,18.769807323446685,-1.318067452199022,Model 4 Full Adaptive
SIMPLEXINF,Infrastructure,2024-05-27,2024-05-28,124.1095030593872,123.80000305175781,117.31597789192199,117.61000289916991,-5.47381546134663,1,STOP_LOSS_INTRADAY,0.0,-9.127627442007052,Model 4 Full Adaptive
APARINDS,Capital Goods,2024-03-18,2024-05-30,6018.348849475137,6003.340498229563,7675.581581502913,7694.818628073095,27.53633552120036,47,DAILY_CLOSE_BELOW_EMA21,38.23240017674147,-3.2916392363396914,Model 4 Full Adaptive
SUNPHARMA,Healthcare,2024-04-26,2024-05-30,1502.1007678830508,1498.3548806813476,1419.878543805662,1423.43713664728,-5.473815461346622,22,STOP_LOSS_INTRADAY,2.155459216574008,-5.323321206261925,Model 4 Full Adaptive
AMBUJACEM,Construction Materials,2024-05-09,2024-05-31,590.5955800608991,589.122773128079,616.2437330187158,617.7882035275346,4.342760735725791,15,DAILY_CLOSE_BELOW_EMA21,10.22652630855109,-4.463074504445692,Model 4 Full Adaptive
PIDILITIND,Chemicals,2024-05-10,2024-06-03,1409.4304011141107,1405.9156120839011,1485.1224646233939,1488.8445760635527,5.370400939943605,15,DAILY_CLOSE_BELOW_EMA21,7.187839997031372,-0.7275023594567488,Model 4 Full Adaptive
SHILPAMED,Healthcare,2024-06-03,2024-06-03,249.32040236888795,248.69865572956405,235.67306363572814,236.26372294308584,-5.4738154613466286,0,STOP_LOSS_INTRADAY,0.0,-5.722891566265056,Model 4 Full Adaptive
ARVSMART,Real Estate,2024-05-30,2024-06-04,643.2194425994054,641.6154040891824,608.0107973000115,609.5346338847233,-5.473815461346632,3,STOP_LOSS_INTRADAY,2.4577490791932664,-18.433186320970538,Model 4 Full Adaptive
EDELWEISS,Financial Services,2024-06-03,2024-06-04,72.37454922181206,72.19406406165793,68.41289995642859,68.58436085857502,-5.473815461346624,1,STOP_LOSS_INTRADAY,1.4864844244879796,-14.797294662845111,Model 4 Full Adaptive
WEBELSOLAR,Electricals,2024-06-04,2024-06-04,60.15,60.0,56.8575,57.0,-5.4738154613466286,0,STOP_LOSS_INTRADAY,0.0,-7.558333079020183,Model 4 Full Adaptive
DPABHUSHAN,Diamond  &  Jewellery,2024-03-15,2024-06-05,771.925,770.0,1220.94,1224.0,58.168215824076185,52,DAILY_CLOSE_BELOW_EMA21,88.83766867897728,-2.5909106762378245,Model 4 Full Adaptive
ASTRAMICRO,Miscellaneous,2024-05-13,2024-06-05,697.4790583657331,695.7397090930006,717.9828045304453,719.7822601808974,2.9396934458153674,16,DAILY_CLOSE_BELOW_EMA21,31.50177357830617,-3.6989305986974004,Model 4 Full Adaptive
FORCEMOT,Automobile & Ancillaries,2024-05-30,2024-06-05,8382.396959406382,8361.493226340532,8241.296363495838,8261.951241599836,-1.6832965152313246,4,DAILY_CLOSE_BELOW_EMA21,8.633916135615124,-15.049409520275942,Model 4 Full Adaptive
CUMMINSIND,Automobile & Ancillaries,2024-06-06,2024-06-11,3347.7064259952604,3339.3580309179656,3417.5502338041474,3426.115522610674,2.0863181809056854,3,DAILY_CLOSE_BELOW_EMA21,5.368284829520976,-1.2259222491396886,Model 4 Full Adaptive
NATIONALUM,Metals & Mining,2024-06-06,2024-06-12,161.99002917626697,161.5860640162264,166.44298959850715,166.86013994837808,2.748910192117294,4,DAILY_CLOSE_BELOW_EMA21,5.295444413938881,-0.7315717918309728,Model 4 Full Adaptive
PNB,Banks,2024-06-06,2024-06-25,115.27663057907803,114.98915768486587,117.84637896313654,118.14173329637748,2.229201505239785,12,DAILY_CLOSE_BELOW_EMA21,5.6737105151791996,-0.9740235210771352,Model 4 Full Adaptive
CONCOR,Logistics,2024-06-06,2024-06-25,983.4734088591332,981.0208567173399,1022.9128114964489,1025.4765027533322,4.0102154549421805,12,DAILY_CLOSE_BELOW_EMA21,13.747535687617837,-0.877714439256657,Model 4 Full Adaptive
CAPACITE,Real Estate,2024-06-06,2024-06-26,300.75,300.0,312.16763717651367,312.95001220703125,3.7963880886163475,13,DAILY_CLOSE_BELOW_EMA21,11.0,0.0,Model 4 Full Adaptive
TORNTPHARM,Healthcare,2024-05-13,2024-06-27,2562.905269317406,2556.513984356515,2732.042143275413,2738.889366692143,6.599419650147831,31,DAILY_CLOSE_BELOW_EMA21,14.1893906817658,-1.5039876570786799,Model 4 Full Adaptive
KARURVYSYA,Banks,2024-06-06,2024-06-27,158.41989301821502,158.02483094086287,164.78189285459604,165.19488005473286,4.015909691120368,14,DAILY_CLOSE_BELOW_EMA21,12.740309070826802,0.0,Model 4 Full Adaptive
IBREALEST,Diversified / Other,2024-06-06,2024-07-11,128.06937499999998,127.75,141.645,142.0,10.600211799268976,24,DAILY_CLOSE_BELOW_EMA21,28.657534724345645,-0.19569471624266144,Model 4 Full Adaptive
AMBUJACEM,Construction Materials,2024-06-06,2024-07-11,602.4868088362459,600.9843479663301,672.4972132776691,674.1826699525504,11.620238553712758,24,DAILY_CLOSE_BELOW_EMA21,16.62569942970634,-0.6990131578947408,Model 4 Full Adaptive
POLYCAB,Electricals,2024-07-12,2024-07-19,6592.216364757855,6575.776922451727,6231.370606138318,6246.98807632914,-5.473815461346615,4,STOP_LOSS_INTRADAY,1.1122878727999737,-5.816576277726608,Model 4 Full Adaptive
SKFINDIA,Automobile & Ancillaries,2024-07-15,2024-07-19,5800.872023045061,5786.406008024998,5483.342993354689,5497.085707623748,-5.473815461346641,3,STOP_LOSS_INTRADAY,0.9663809465368076,-6.272591996537232,Model 4 Full Adaptive
LUMAXTECH,Automobile & Ancillaries,2024-06-06,2024-07-22,461.4036401585681,460.2530076394695,528.6603599782102,529.9853232864263,14.576547293066067,30,DAILY_CLOSE_BELOW_EMA21,30.06718451208214,0.0,Model 4 Full Adaptive
THOMASCOOK,Hospitality,2024-06-06,2024-07-22,201.39219737814872,200.88997244703114,238.22388856094736,238.82094091323043,18.288539309018393,30,DAILY_CLOSE_BELOW_EMA21,29.05221172547843,-1.3363013647421471,Model 4 Full Adaptive
FORCEMOT,Automobile & Ancillaries,2024-07-10,2024-07-22,8524.098425373804,8502.841322068633,8057.505007825288,8077.699255965201,-5.473815461346635,7,STOP_LOSS_INTRADAY,0.7960690513379529,-5.6707955618032955,Model 4 Full Adaptive
HAL,Aviation,2024-07-23,2024-07-23,4939.509920803741,4927.191940951363,4669.130263044036,4680.832343903795,-5.473815461346613,0,STOP_LOSS_INTRADAY,0.4757185332011817,-10.604558969276516,Model 4 Full Adaptive
ASAL,Diversified / Other,2024-07-23,2024-07-23,962.149375,959.75,909.48309375,911.7624999999999,-5.473815461346633,0,STOP_LOSS_INTRADAY,2.365200542540375,-10.070333359110444,Model 4 Full Adaptive
OBEROIRLTY,Real Estate,2024-07-11,2024-07-24,1713.8087407986854,1709.534903539836,1668.292086693912,1672.4732698685834,-2.655877112842898,8,DAILY_CLOSE_BELOW_EMA21,5.050782441801386,-4.830826386378771,Model 4 Full Adaptive
MARUTI,Automobile & Ancillaries,2024-06-06,2024-07-25,12170.194187679688,12139.844576239091,11989.964250008437,12020.014285722744,-1.4809125876865947,33,DAILY_CLOSE_BELOW_EMA21,6.301777954226568,-4.408321368260528,Model 4 Full Adaptive
POWERINDIA,Capital Goods,2024-07-23,2024-07-25,11426.50563422016,11398.01060770091,11947.507361104568,11977.450988576007,4.5595892879456414,2,DAILY_CLOSE_BELOW_EMA21,6.966570804904684,-4.314499004994328,Model 4 Full Adaptive
GALLANTT,Metals & Mining,2024-07-23,2024-07-25,310.1817461835522,309.40822561950347,323.9795515502372,324.7915303761776,4.448297018264914,2,DAILY_CLOSE_BELOW_EMA21,6.162510562119097,0.0,Model 4 Full Adaptive
HINDALCO,Metals & Mining,2024-07-23,2024-07-25,661.8079789335054,660.1575849710778,625.5818314582176,627.1497057225239,-5.473815461346621,2,STOP_LOSS_INTRADAY,0.13387244242218976,-5.800978067773459,Model 4 Full Adaptive
BRIGADE,Real Estate,2024-07-26,2024-07-30,909.2299073029658,906.9625010503399,956.2747290415921,958.6714075604932,5.174139275529838,2,DAILY_CLOSE_BELOW_EMA21,5.933523686353148,-0.09848441133224334,Model 4 Full Adaptive
PREMEXPLN,Chemicals,2024-07-25,2024-07-31,659.724580092009,658.0793816379143,695.0186582463294,696.760559645443,5.349820094530682,4,DAILY_CLOSE_BELOW_EMA21,10.322326494664892,-3.2233598786499846,Model 4 Full Adaptive
TEJASNET,Telecom,2024-07-25,2024-07-31,1312.217381274169,1308.9450187273505,1240.3890233715056,1243.497767790983,-5.473815461346633,4,STOP_LOSS_INTRADAY,1.7774821890118844,-6.105135500694525,Model 4 Full Adaptive
HONAUT,Consumer Durables,2024-07-23,2024-08-01,53832.56396353864,53698.31816811835,54547.211080802306,54683.92088300983,1.3275368376429266,7,DAILY_CLOSE_BELOW_EMA21,5.094776420438383,-1.7730114949168156,Model 4 Full Adaptive
GRINDWELL,Manufacturing,2024-07-25,2024-08-01,2552.4830262108208,2546.1177318811183,2524.7832447499563,2531.1110223057203,-1.0852092325951699,5,DAILY_CLOSE_BELOW_EMA21,7.37524317107613,-2.9219714746436702,Model 4 Full Adaptive
MACPOWER,Capital Goods,2024-07-11,2024-08-02,1329.4734933153986,1326.158098070223,1506.9038769055276,1510.680578351406,13.34591358776614,15,DAILY_CLOSE_BELOW_EMA21,30.602655350969798,-3.7557767589571247,Model 4 Full Adaptive
KIRLOSIND,Power,2024-07-23,2024-08-02,5746.0025686380495,5731.673385175112,5784.422152726712,5798.919451355099,0.6686315160796863,8,DAILY_CLOSE_BELOW_EMA21,10.231447123579326,-3.534404360864174,Model 4 Full Adaptive
DIXON,Consumer Durables,2024-07-25,2024-08-02,10868.400512936634,10841.29726976223,11511.884358540821,11540.736199038416,5.920685797677861,6,DAILY_CLOSE_BELOW_EMA21,16.958521334099718,-1.0004590293778806,Model 4 Full Adaptive
OFSS,Software & IT Services,2024-06-06,2024-08-05,7206.5145320687925,7188.54317413346,9169.858303355357,9192.840404366272,27.244013212625024,40,DAILY_CLOSE_BELOW_EMA21,47.66219807407999,-0.0954844577701991,Model 4 Full Adaptive
SIEMENS,Capital Goods,2024-07-30,2024-08-05,4143.092108576036,4132.760208055896,3877.0566683002494,3886.7736023060143,-6.421180927286252,4,STOP_LOSS_GAP_DOWN,1.1267563719982019,-5.952114165017025,Model 4 Full Adaptive
PRIMESECU,Finance,2024-06-06,2024-08-06,188.52228172960668,188.05215135122862,254.49261048070244,255.13043657213277,34.99338547456981,41,DAILY_CLOSE_BELOW_EMA21,45.42687356156204,0.0,Model 4 Full Adaptive
ANANTRAJ,Real Estate,2024-06-06,2024-08-06,358.4052480889485,357.51146941541,497.33320745278075,498.5796565942664,38.76281391095962,41,DAILY_CLOSE_BELOW_EMA21,57.58795494530482,0.0,Model 4 Full Adaptive
KARURVYSYA,Banks,2024-07-12,2024-08-06,158.7041570757373,158.30838611046116,172.31171581257834,172.74357474945197,8.57416654205674,16,DAILY_CLOSE_BELOW_EMA21,19.1146243617977,-1.2231333244935423,Model 4 Full Adaptive
HINDZINC,Metals & Mining,2024-07-25,2024-08-06,583.699488718306,582.2438790207542,569.6272602033844,571.0548974470018,-2.4108687410060328,8,DAILY_CLOSE_BELOW_EMA21,5.757119808319042,-4.473318139462712,Model 4 Full Adaptive
POLYCAB,Electricals,2024-07-25,2024-08-06,6260.866622595666,6245.253488873483,6438.248943114924,6454.38490537837,2.8331911732327923,8,DAILY_CLOSE_BELOW_EMA21,9.445329636763553,-1.1212361331220329,Model 4 Full Adaptive
ESSARSHPNG,Diversified / Other,2024-08-07,2024-08-07,49.373124999999995,49.25,46.670531249999996,46.787499999999994,-5.473815461346631,0,STOP_LOSS_INTRADAY,0.7106568002458756,-5.583756345177665,Model 4 Full Adaptive
CARBORUNIV,Manufacturing,2024-08-07,2024-08-08,1657.1480672885414,1653.015528467373,1566.4388401638944,1570.3647520440043,-5.473815461346628,1,STOP_LOSS_INTRADAY,0.0,-7.726451295879796,Model 4 Full Adaptive
KECL,Capital Goods,2024-08-08,2024-08-09,201.3320768356323,200.8300018310547,212.4675,213.0,5.530873837584592,1,DAILY_CLOSE_BELOW_EMA21,9.998507019855877,0.0,Model 4 Full Adaptive
ENDURANCE,Automobile & Ancillaries,2024-08-07,2024-08-13,2465.136649279859,2458.9891763390115,2528.2638063061318,2534.600307073816,2.5607974732238183,4,DAILY_CLOSE_BELOW_EMA21,5.257353145193864,-0.5950964546893897,Model 4 Full Adaptive
VSTTILLERS,Automobile & Ancillaries,2024-08-08,2024-08-13,4049.645361263357,4039.5464950257924,3827.9752473488165,3837.5691702745025,-5.473815461346631,3,STOP_LOSS_INTRADAY,0.5252734278486679,-5.505583827974549,Model 4 Full Adaptive
SUNTECK,Construction,2024-08-07,2024-08-14,559.1235681124705,557.7292449999705,573.2416039861074,574.678299735446,2.5250296497601785,5,DAILY_CLOSE_BELOW_EMA21,5.828365867303012,-1.9695192974821523,Model 4 Full Adaptive
HERCULES,Capital Goods,2024-08-08,2024-08-14,599.6595807209063,598.1641702951684,574.3808118938489,575.820362800851,-4.215519878239498,4,DAILY_CLOSE_BELOW_EMA21,6.631559483865749,-5.150570702773673,Model 4 Full Adaptive
MAGADSUGAR,Agri,2024-08-08,2024-08-14,710.5510347317634,708.7790870142278,729.5920539097197,731.4206054232778,2.6797539159371384,4,DAILY_CLOSE_BELOW_EMA21,5.760801850309718,-1.3979841868362486,Model 4 Full Adaptive
LUMAXTECH,Automobile & Ancillaries,2024-08-07,2024-08-14,551.1360938392695,549.7616896152315,520.9679211216337,522.2736051344699,-5.4738154613466286,5,STOP_LOSS_INTRADAY,2.6599951315707018,-7.846119677458203,Model 4 Full Adaptive
KICL,Finance,2024-08-13,2024-08-14,5691.824487366143,5677.630411337799,5380.264518543982,5393.748890770909,-5.47381546134662,1,STOP_LOSS_INTRADAY,1.9628940402910873,-5.499248541627325,Model 4 Full Adaptive
MAHSCOOTER,Automobile & Ancillaries,2024-08-07,2024-08-20,8631.803061760867,8610.277368340017,8815.695081160107,8837.789555047726,2.130401007570327,8,DAILY_CLOSE_BELOW_EMA21,7.694138347124197,-0.9749784239659353,Model 4 Full Adaptive
VISHNU,Chemicals,2024-08-19,2024-08-21,440.0755257335903,438.9780805322597,415.9866035643826,417.0291765056467,-5.473815461346623,2,STOP_LOSS_INTRADAY,2.660307297606589,-5.798081039968763,Model 4 Full Adaptive
ADANIPOWER,Power,2024-08-19,2024-08-26,139.9490061187744,139.60000610351562,132.288455783844,132.62000579833983,-5.473815461346623,5,STOP_LOSS_INTRADAY,1.253581607082701,-5.444130208619117,Model 4 Full Adaptive
MAZDOCK,Ship Building,2024-08-22,2024-08-26,2249.3831549813467,2243.773720679648,2126.2560720590513,2131.5850346456655,-5.47381546134662,2,STOP_LOSS_INTRADAY,1.3593700131617854,-5.873084292533713,Model 4 Full Adaptive
HONDAPOWER,Capital Goods,2024-08-21,2024-08-27,3454.3572639816816,3445.7429067148946,3545.0286209390533,3553.9134044501784,2.6248401664412357,4,DAILY_CLOSE_BELOW_EMA21,5.735266080292976,-1.4536073837859513,Model 4 Full Adaptive
HUDCO,Finance,2024-08-29,2024-09-02,271.61561810356807,270.93827242251183,256.7478804043828,257.3913588013862,-5.473815461346615,2,STOP_LOSS_INTRADAY,2.6905893324482353,-5.760588061397725,Model 4 Full Adaptive
PODDARMENT,Diversified / Other,2024-08-16,2024-09-03,391.5240521711527,390.54768296374334,416.896826989974,417.94168119295637,6.480514971716153,12,DAILY_CLOSE_BELOW_EMA21,13.728426840772693,-3.2258049745866235,Model 4 Full Adaptive
FINCABLES,Electricals,2024-08-07,2024-09-06,1469.9299542360723,1466.2642935023166,1389.4687011301328,1392.9510788272007,-5.473815461346624,21,STOP_LOSS_INTRADAY,3.3220172710731335,-5.2769533973898515,Model 4 Full Adaptive
SBIN,Banks,2024-08-12,2024-09-06,792.17905306082,790.2035442003192,748.8166335728275,750.6933669903033,-5.473815461346631,18,STOP_LOSS_INTRADAY,0.6519671065213635,-5.313178198300285,Model 4 Full Adaptive
OFSS,Software & IT Services,2024-08-08,2024-09-09,9409.565131075737,9386.099881372307,10038.994272945569,10064.154659594555,6.689247941874584,21,DAILY_CLOSE_BELOW_EMA21,14.38877951199577,-1.5648740920545383,Model 4 Full Adaptive
GRASIM,Diversified,2024-08-08,2024-09-09,2612.1385378240607,2605.6244766324794,2665.1966344624534,2671.8763252756426,2.0312129647836628,21,DAILY_CLOSE_BELOW_EMA21,6.009721888698227,-4.505854969129308,Model 4 Full Adaptive
ICICIBANK,Banks,2024-08-12,2024-09-09,1155.1997969384167,1152.3189994398172,1180.750815585334,1183.710090812365,2.211826795211897,19,DAILY_CLOSE_BELOW_EMA21,6.827498596061641,-1.537149481372711,Model 4 Full Adaptive
HAL,Aviation,2024-09-02,2024-09-09,4613.408322946594,4601.903564036503,4579.750223345271,4591.228294080472,-0.7295712246824503,5,DAILY_CLOSE_BELOW_EMA21,5.341540791067341,-0.7703808323579504,Model 4 Full Adaptive
ORIENTCEM,Construction Materials,2024-09-02,2024-09-09,304.29157977919823,303.5327479094247,304.4599026063431,305.222960006359,0.055316294741717946,5,DAILY_CLOSE_BELOW_EMA21,5.404530747524978,-4.798556987306161,Model 4 Full Adaptive
GPTINFRA,Infrastructure,2024-09-06,2024-09-09,158.76687896105543,158.3709515821002,150.0762729929877,150.45240400299517,-5.473815461346622,1,STOP_LOSS_INTRADAY,1.3485792607250275,-9.114978169214137,Model 4 Full Adaptive
ABSLNN50ET,ETF,2024-08-08,2024-09-12,75.71882377624512,75.52999877929688,78.29377286911011,78.48999786376953,3.400672335421068,24,DAILY_CLOSE_BELOW_EMA21,6.500733141088346,-2.9127459073191684,Model 4 Full Adaptive
MPSLTD,Miscellaneous,2024-08-09,2024-09-12,1921.1711829942055,1916.3802324131727,2230.0349153954144,2235.6239753337486,16.076845995567922,23,DAILY_CLOSE_BELOW_EMA21,24.448704624562335,-1.6104212282675308,Model 4 Full Adaptive
PDMJEPAPER,Paper,2024-08-16,2024-09-12,108.51867124857769,108.24805112077576,117.09236464798737,117.38582922103996,7.900661978960648,19,DAILY_CLOSE_BELOW_EMA21,20.581918571588623,-1.6271247216969957,Model 4 Full Adaptive
BLKASHYAP,Real Estate,2024-09-13,2024-09-16,104.1396972465515,103.87999725341797,106.41330030441284,106.68000030517578,2.1832241863336366,1,DAILY_CLOSE_BELOW_EMA21,5.3619559511886195,-0.2695406109934819,Model 4 Full Adaptive
RECLTD,Finance,2024-09-13,2024-09-17,523.3786307235509,522.0734471057865,494.72985031362094,495.96977475049715,-5.473815461346627,2,STOP_LOSS_INTRADAY,0.5226480836236828,-5.479085742941008,Model 4 Full Adaptive
ASHOKLEY,Automobile & Ancillaries,2024-09-13,2024-09-18,118.20908059846009,117.91429486130683,111.73853366794589,112.01858011824149,-5.473815461346626,3,STOP_LOSS_INTRADAY,0.22177542409588563,-5.322579449453777,Model 4 Full Adaptive
KELLTONTEC,Diversified / Other,2024-09-13,2024-09-19,29.228890137672423,29.1560001373291,27.62895463013649,27.698200130462645,-5.473815461346625,4,STOP_LOSS_INTRADAY,3.916861685365849,-8.54712775448035,Model 4 Full Adaptive
MARINE,Electricals,2024-09-19,2024-09-19,245.81785609445708,245.20484398449585,232.3622402808079,232.94460178527106,-5.473815461346625,0,STOP_LOSS_INTRADAY,0.0813657224406394,-7.017900645171145,Model 4 Full Adaptive
ANUP,Capital Goods,2024-08-08,2024-09-20,1672.3732480648139,1668.2027412117845,2141.087561873902,2146.453696114187,28.026896169946546,30,DAILY_CLOSE_BELOW_EMA21,42.49112852314757,-0.47337278106508324,Model 4 Full Adaptive
RVNL,Infrastructure,2024-09-23,2024-09-25,539.3933810547294,538.0482604037201,509.8679827650752,511.14584738353403,-5.473815461346638,2,STOP_LOSS_INTRADAY,0.027565349391354042,-5.190639225570959,Model 4 Full Adaptive
CROMPTON,Consumer Durables,2024-09-26,2024-09-26,437.80524676687935,436.7134631091066,413.8405954787671,414.87778995365125,-5.4738154613466365,0,STOP_LOSS_INTRADAY,0.0,-7.400762604105562,Model 4 Full Adaptive
MANAKCOAT,Metals & Mining,2024-09-20,2024-09-27,64.44864664807798,64.28792683100049,63.76823873390731,63.92805888111008,-1.0557365430589125,5,DAILY_CLOSE_BELOW_EMA21,11.957709922096722,-1.3839188419521464,Model 4 Full Adaptive
TTKPRESTIG,Consumer Durables,2024-09-11,2024-09-27,887.296864994183,885.0841546076639,838.7278720100875,840.8299468772807,-5.473815461346631,12,STOP_LOSS_INTRADAY,3.9636829719754854,-8.104516586641829,Model 4 Full Adaptive
ZOTA,Healthcare,2024-09-23,2024-09-27,660.9918396447765,659.3434809424205,624.8103661280612,626.3763068952994,-5.47381546134663,4,STOP_LOSS_INTRADAY,0.7881194760893131,-7.547740897917908,Model 4 Full Adaptive
SHARDAMOTR,Automobile & Ancillaries,2024-09-23,2024-09-30,2475.76415319589,2469.590177751511,2334.433729155448,2340.284440256088,-5.708557653119042,5,STOP_LOSS_GAP_DOWN,0.5355345877712593,-5.235918844362747,Model 4 Full Adaptive
SUNDRMFAST,Trading,2024-08-14,2024-10-01,1331.8692997572116,1328.5479299323806,1348.8858426726251,1352.2665089449874,1.2776436035064032,33,DAILY_CLOSE_BELOW_EMA21,7.637589135093228,-2.3631402165306006,Model 4 Full Adaptive
FOSECOIND,Chemicals,2024-09-23,2024-10-01,4540.286803594147,4528.964392612616,4684.488799346438,4696.229372778384,3.176054773415164,6,DAILY_CLOSE_BELOW_EMA21,8.842803772793156,0.0,Model 4 Full Adaptive
DABUR,Consumer Goods,2024-09-30,2024-10-03,613.8033503694667,612.2726686977225,559.9432853802118,561.3466520102373,-8.774807918013947,2,STOP_LOSS_GAP_DOWN,0.4423361442288666,-8.317538784770935,Model 4 Full Adaptive
INSECTICID,Chemicals,2024-10-01,2024-10-03,873.129282199613,870.9519024435043,825.3357965530257,827.404307321329,-5.473815461346637,1,STOP_LOSS_INTRADAY,2.952457463974343,-5.681751135264079,Model 4 Full Adaptive
ARCHIDPLY,Construction Materials,2024-09-27,2024-10-04,124.1896972465515,123.87999725341797,125.54535060882569,125.86000061035156,1.0915988945385935,4,DAILY_CLOSE_BELOW_EMA21,5.505327612231642,-4.746526787040056,Model 4 Full Adaptive
AMRUTANJAN,Healthcare,2024-09-30,2024-10-04,764.6280594185725,762.7212562778778,767.2368121887539,769.1597114674224,0.34117931431460474,3,DAILY_CLOSE_BELOW_EMA21,6.597401012073869,-0.12987012987012636,Model 4 Full Adaptive
DSSL,Software & IT Services,2024-09-30,2024-10-04,1407.1850936120222,1403.6759038523912,1330.1583783881224,1333.4921086597717,-5.473815461346623,3,STOP_LOSS_INTRADAY,1.32740387288701,-5.487541505480129,Model 4 Full Adaptive
KESORAMIND,Diversified,2024-08-19,2024-10-07,206.66536888122556,206.14999389648438,216.4575,217.0,4.738157714465538,34,DAILY_CLOSE_BELOW_EMA21,11.40432231951957,-0.7955369576542131,Model 4 Full Adaptive
BPCL,Oil & Gas,2024-09-23,2024-10-07,307.2664940904123,306.5002434817081,313.9970520383921,314.78401206856347,2.190462701735168,9,DAILY_CLOSE_BELOW_EMA21,12.912916358676775,-0.5105141762856613,Model 4 Full Adaptive
PANAMAPET,Automobile & Ancillaries,2024-09-19,2024-10-07,394.76888952954897,393.784428458403,373.1599690178941,374.0952070354828,-5.4738154613466286,11,STOP_LOSS_INTRADAY,1.7376143940939064,-6.888410347354378,Model 4 Full Adaptive
COROMANDEL,Chemicals,2024-09-30,2024-10-07,1645.3092049908125,1641.20618951702,1555.248015341066,1559.145880041169,-5.473815461346632,4,STOP_LOSS_INTRADAY,4.729513898692328,-6.2498076593095115,Model 4 Full Adaptive
GALLANTT,Metals & Mining,2024-10-07,2024-10-07,361.2659390029507,360.36502643685856,341.49090817722805,342.3467751150156,-5.473815461346641,0,STOP_LOSS_INTRADAY,1.3850415512465362,-5.235455372987354,Model 4 Full Adaptive
GLAXO,Pharma,2024-09-23,2024-10-15,2613.8702813281852,2607.35190157425,2599.6866154087147,2606.202120710491,-0.5426308268160641,15,DAILY_CLOSE_BELOW_EMA21,6.207266942984332,-4.959572063310028,Model 4 Full Adaptive
DVL,Chemicals,2024-10-09,2024-10-16,442.0418592288567,440.9395104527249,453.1466081329217,454.28231391771595,2.512148719000788,5,DAILY_CLOSE_BELOW_EMA21,6.22738981083101,-0.0877083449601968,Model 4 Full Adaptive
NDRAUTO,Automobile & Ancillaries,2024-10-09,2024-10-17,833.8607260724505,831.781272890225,788.2167287225994,790.1922092457137,-5.473815461346625,6,STOP_LOSS_INTRADAY,4.397890904254771,-5.239288509249218,Model 4 Full Adaptive
DEEPAKNTR,Chemicals,2024-09-23,2024-10-18,2827.4442139746493,2820.393230897406,2818.335841271624,2825.399339620675,-0.322141553067866,18,DAILY_CLOSE_BELOW_EMA21,5.840064877984523,-3.347979979344414,Model 4 Full Adaptive
POLYCAB,Electricals,2024-09-23,2024-10-18,6548.608123892621,6532.277430316829,6614.624387744193,6631.202393728514,1.008096111457816,18,DAILY_CLOSE_BELOW_EMA21,15.227272954916756,-1.1363636363636447,Model 4 Full Adaptive
ERIS,Healthcare,2024-10-01,2024-10-18,1321.3982625764925,1318.103005063833,1321.713858831536,1325.0264248937704,0.023883507643505206,12,DAILY_CLOSE_BELOW_EMA21,8.115115299590304,-2.078474026226991,Model 4 Full Adaptive
IGL,Industrial Gases & Fuels,2024-10-16,2024-10-18,252.80870739731785,252.17826174296047,230.33756861725578,230.9148557566474,-8.88859367677795,2,STOP_LOSS_GAP_DOWN,0.23845859803344488,-8.431894898215445,Model 4 Full Adaptive
GILLETTE,FMCG,2024-10-07,2024-10-21,8203.932141641639,8183.473457996648,8313.881162142388,8334.717957034974,1.340199048486381,10,DAILY_CLOSE_BELOW_EMA21,7.29702878518364,-1.6404874312551554,Model 4 Full Adaptive
MINDACORP,Automobile & Ancillaries,2024-10-21,2024-10-22,538.7015031425392,537.3581078728571,509.2139769730162,510.4902024792142,-5.473815461346627,1,STOP_LOSS_INTRADAY,1.8518518518518612,-7.824084053227498,Model 4 Full Adaptive
TFL,Finance,2024-10-22,2024-10-22,33.01232530593872,32.93000030517578,31.2052915391922,31.28350028991699,-5.473815461346623,0,STOP_LOSS_INTRADAY,0.0,-5.010627401272554,Model 4 Full Adaptive
CAMS,Finance,2024-10-09,2024-10-23,852.0873001509,849.9623941654863,846.4983651354587,848.6199149227656,-0.6559110802908938,10,DAILY_CLOSE_BELOW_EMA21,12.9524409026507,-0.6795509647964659,Model 4 Full Adaptive
WHIRLPOOL,Consumer Durables,2024-09-19,2024-10-24,2042.337068371691,2037.2439584755023,2289.61017241362,2295.348543773053,12.10736013517467,24,DAILY_CLOSE_BELOW_EMA21,19.78386514293901,-2.4448696716129934,Model 4 Full Adaptive
MARICO,FMCG,2024-10-21,2024-10-24,653.7049118228892,652.0747250103634,617.9223112879456,619.4709887598452,-5.473815461346626,3,STOP_LOSS_INTRADAY,0.7517666792266942,-5.0969716275461705,Model 4 Full Adaptive
NAUKRI,Miscellaneous,2024-10-24,2024-10-25,1552.736044550092,1548.8638848379971,1467.742138869607,1471.4206905960973,-5.473815461346621,1,STOP_LOSS_INTRADAY,0.22858467449930397,-5.065316282579765,Model 4 Full Adaptive
HEG,Capital Goods,2024-10-24,2024-10-25,438.10663585586553,437.01410060435467,414.1254870852016,415.1633955741369,-5.473815461346628,1,STOP_LOSS_INTRADAY,0.5895037241756079,-7.040015535609605,Model 4 Full Adaptive
21STCENMGM,Diversified / Other,2024-10-14,2024-10-28,109.20232530593871,108.93000030517578,108.39832317352295,108.66999816894531,-0.7362500113100036,10,DAILY_CLOSE_BELOW_EMA21,12.586063569322537,0.0,Model 4 Full Adaptive
GODREJAGRO,FMCG,2024-10-24,2024-10-28,721.0785734533109,719.2803725220059,681.6080630111658,683.3163538959055,-5.4738154613466445,2,STOP_LOSS_INTRADAY,2.0188425302826336,-7.40242070937477,Model 4 Full Adaptive
ARROWGREEN,Plastic Products,2024-10-24,2024-10-29,800.4209635344096,798.4249012812066,824.0661354633634,826.1314641236725,2.9540920348392787,3,DAILY_CLOSE_BELOW_EMA21,5.099499956677143,-4.3221416074865155,Model 4 Full Adaptive
ERIS,Healthcare,2024-10-28,2024-10-30,1263.5432750311672,1260.3922942954287,1285.0627276464636,1288.283436237056,1.7031037274734853,2,DAILY_CLOSE_BELOW_EMA21,5.936357554081613,-0.976964837791158,Model 4 Full Adaptive
INDRAMEDCO,Healthcare,2024-10-28,2024-10-30,400.17659258925664,399.1786459743209,423.37887509582333,424.4399750334068,5.7980109122428445,2,DAILY_CLOSE_BELOW_EMA21,6.824666460914797,-1.7620066728941273,Model 4 Full Adaptive
OFSS,Software & IT Services,2024-10-28,2024-11-01,10107.169288270965,10081.964377327646,10072.766884937546,10098.011914724357,-0.3403762453384632,4,DAILY_CLOSE_BELOW_EMA21,5.803551695176008,-2.0719062438600626,Model 4 Full Adaptive
NBIFIN,Finance,2024-10-31,2024-11-07,2373.7106009521062,2367.791123144246,2243.7780630695656,2249.401566987033,-5.473815461346638,5,STOP_LOSS_INTRADAY,4.043655982616178,-5.0292244474213055,Model 4 Full Adaptive
ABBOTINDIA,Healthcare,2024-09-23,2024-11-08,27403.133101925792,27334.796111646676,27218.3448244489,27286.561227517694,-0.6743326640409054,33,DAILY_CLOSE_BELOW_EMA21,5.094999997135787,-3.3163436285182293,Model 4 Full Adaptive
SYMPHONY,Consumer Durables,2024-11-01,2024-11-08,1528.7781078534026,1524.9656936193544,1536.0167690301316,1539.8664351179264,0.4734932518685137,5,DAILY_CLOSE_BELOW_EMA21,5.534171335913566,-3.0032999168173657,Model 4 Full Adaptive
GILLETTE,FMCG,2024-10-24,2024-11-13,8149.129828002038,8128.807808480837,9029.166606390396,9051.796096631975,10.79915030147606,14,DAILY_CLOSE_BELOW_EMA21,24.897962147984146,-4.972767307570121,Model 4 Full Adaptive
MAHSCOOTER,Automobile & Ancillaries,2024-11-01,2024-11-13,10533.011695867026,10506.74483378257,10579.415632823368,10605.930458970794,0.44055715778374843,8,DAILY_CLOSE_BELOW_EMA21,5.08552432586729,-4.654625093248538,Model 4 Full Adaptive
VLSFINANCE,Finance,2024-10-29,2024-11-14,383.2500041125582,382.29426844145456,376.48386757255406,377.42743616296144,-1.7654628747288852,12,DAILY_CLOSE_BELOW_EMA21,11.379582061472892,-2.052479610745075,Model 4 Full Adaptive
STAR,Healthcare,2024-11-22,2024-11-25,1492.9870250006165,1489.2638653372735,1411.2636703902338,1414.8006720704097,-5.473815461346628,1,STOP_LOSS_INTRADAY,2.461743180306056,-7.248836727340409,Model 4 Full Adaptive
SARDAEN,Metals & Mining,2024-11-22,2024-11-26,412.41365585327145,411.38519287109375,441.4804244028279,442.58689163190763,7.047964619265137,2,DAILY_CLOSE_BELOW_EMA21,7.4879259268631415,-1.1714990588202006,Model 4 Full Adaptive
SUNPHARMA,Healthcare,2024-11-11,2024-11-28,1788.7491800323353,1784.2884588851225,1690.8363508510142,1695.0740359408662,-5.473815461346631,11,STOP_LOSS_INTRADAY,0.6933022592502215,-5.172219453443921,Model 4 Full Adaptive
MAHASTEEL,Metals & Mining,2024-12-09,2024-12-09,211.52749999999997,211.0,199.948875,200.45,-5.4738154613466286,0,STOP_LOSS_INTRADAY,2.7962056381442535,-5.213270142180095,Model 4 Full Adaptive
SYNGENE,Healthcare,2024-10-25,2024-12-10,877.009680094599,874.8226235357597,854.7658821159682,856.9081524972112,-2.536322971512867,30,DAILY_CLOSE_BELOW_EMA21,9.283274756265255,-4.988616653772697,Model 4 Full Adaptive
DEEPAKFERT,Chemicals,2024-10-24,2024-12-13,1070.091585223656,1067.4230276545197,1298.0384620337836,1301.2916912619385,21.301623146815533,34,DAILY_CLOSE_BELOW_EMA21,33.32409688356256,-2.0648484844551467,Model 4 Full Adaptive
INDIACEM,Construction Materials,2024-10-29,2024-12-13,358.39374999999995,357.5,338.7759375,339.625,-5.473815461346622,31,STOP_LOSS_INTRADAY,4.475524475524476,-5.314685314685315,Model 4 Full Adaptive
UNICHEMLAB,Healthcare,2024-12-10,2024-12-13,798.2406249999999,796.25,754.54640625,756.4375,-5.473815461346621,3,STOP_LOSS_INTRADAY,2.455257493622449,-8.182106676805336,Model 4 Full Adaptive
MAHASTEEL,Metals & Mining,2024-12-16,2024-12-17,215.5375,215.0,203.49996952056887,204.00999450683594,-5.584889162874732,1,STOP_LOSS_GAP_DOWN,0.0,-5.111630461936773,Model 4 Full Adaptive
UNICHEMLAB,Healthcare,2024-12-16,2024-12-17,786.9625,785.0,805.9301371765138,807.9500122070312,2.4102339281114147,1,DAILY_CLOSE_BELOW_EMA21,6.547773810708598,-0.5286655304538216,Model 4 Full Adaptive
IPCALAB,Healthcare,2024-12-06,2024-12-19,1496.969542330751,1493.236451202744,1475.059767218625,1478.7566588657894,-1.463608610099904,9,DAILY_CLOSE_BELOW_EMA21,6.314549867398821,-0.03332222592468753,Model 4 Full Adaptive
SKIPPER,Capital Goods,2024-12-30,2024-12-30,562.2487211802388,560.8466046685675,531.4722637490512,532.8042744351391,-5.473815461346631,0,STOP_LOSS_INTRADAY,0.0,-5.339158847540519,Model 4 Full Adaptive
KITEX,Textiles,2025-01-02,2025-01-06,234.95697539198358,234.3710477725522,222.0958641454648,222.6524953839246,-5.4738154613466286,2,STOP_LOSS_INTRADAY,4.822693699833723,-6.2340373294283005,Model 4 Full Adaptive
DIVISLAB,Healthcare,2024-12-27,2025-01-07,5863.759768302919,5849.136925987949,5844.40306156495,5859.050688285663,-0.33010743111618346,7,DAILY_CLOSE_BELOW_EMA21,5.913548058264928,-1.0000070326631634,Model 4 Full Adaptive
EPL,Diversified / Other,2025-01-08,2025-01-09,260.2136179801144,259.564706214578,245.97000472658948,246.5864709038491,-5.473815461346619,1,STOP_LOSS_INTRADAY,0.41384731152523,-7.768995969383474,Model 4 Full Adaptive
COROMANDEL,Chemicals,2024-10-24,2025-01-14,1596.0247626446946,1592.0446510171519,1776.2351083753947,1780.6868254389922,11.291199857831923,55,DAILY_CLOSE_BELOW_EMA21,22.767058025383236,-3.1531250979074255,Model 4 Full Adaptive
INDRAMEDCO,Healthcare,2025-01-15,2025-01-15,475.05762380046576,473.87294144684864,449.05384613856995,450.1792943745062,-5.473815461346632,0,STOP_LOSS_INTRADAY,0.6480623108521145,-6.355177905005769,Model 4 Full Adaptive
PERSISTENT,Software & IT Services,2025-01-16,2025-01-20,6090.597471258865,6075.408948886648,5757.209405188711,5771.638501442316,-5.473815461346625,2,STOP_LOSS_INTRADAY,0.9715330580643108,-5.120888867903729,Model 4 Full Adaptive
VIMTALABS,Healthcare,2025-01-21,2025-01-22,430.11051684622436,429.0379220411216,435.7510119246923,436.8431197240023,1.3114059892854406,1,DAILY_CLOSE_BELOW_EMA21,6.454230846701183,-1.9698725376593365,Model 4 Full Adaptive
RGL,Diamond  &  Jewellery,2025-01-08,2025-01-27,171.4776280593872,171.0500030517578,174.36300304412842,174.8000030517578,1.6826538933358337,13,DAILY_CLOSE_BELOW_EMA21,21.251090439166763,-3.829291397192115,Model 4 Full Adaptive
COROMANDEL,Chemicals,2025-01-24,2025-01-27,1831.6987545089107,1827.1309271909336,1731.4349448793084,1735.774380831387,-5.473815461346624,1,STOP_LOSS_INTRADAY,1.1492698756084339,-7.701469942019583,Model 4 Full Adaptive
DIXON,Consumer Durables,2025-01-27,2025-01-28,15281.324123774843,15243.216083565929,14444.852641189163,14481.055279387632,-5.473815461346625,1,STOP_LOSS_INTRADAY,2.504918032786884,-5.49868283988486,Model 4 Full Adaptive
BANARISUG,Diversified / Other,2025-01-30,2025-02-07,3558.0438777559543,3549.1709503800043,3509.47832544196,3518.27401046813,-1.364950910741004,7,DAILY_CLOSE_BELOW_EMA21,6.149958971381465,-3.8739094602934427,Model 4 Full Adaptive
REPL,Infrastructure,2025-02-10,2025-02-10,285.7125,285.0,270.073125,270.75,-5.473815461346624,0,STOP_LOSS_INTRADAY,1.017541718064693,-6.719296104029605,Model 4 Full Adaptive
TERASOFT,Software & IT Services,2025-01-13,2025-02-12,185.17848178863525,184.71669006347656,229.03736068725587,229.61138916015625,23.684651950371656,23,DAILY_CLOSE_BELOW_EMA21,44.90953922915465,-1.7715359910466453,Model 4 Full Adaptive
KIRIINDUS,Diversified / Other,2025-01-29,2025-02-12,538.3425,537.0,563.5875,565.0,4.689393833851128,11,DAILY_CLOSE_BELOW_EMA21,26.17318208435172,0.0,Model 4 Full Adaptive
GOLDIAM,Diamond  &  Jewellery,2025-02-13,2025-02-13,315.7346543835986,314.94728616817815,298.45192205511984,299.19992185976923,-5.473815461346623,0,STOP_LOSS_INTRADAY,0.494121476715691,-5.8588196997549025,Model 4 Full Adaptive
AMBER,Consumer Durables,2025-02-14,2025-02-14,6155.349999999999,6140.0,5818.4175000000005,5833.0,-5.473815461346617,0,STOP_LOSS_INTRADAY,1.1767100977198697,-6.150649875305374,Model 4 Full Adaptive
ZOTA,Healthcare,2025-02-20,2025-02-21,860.5517078969294,858.4056936627726,889.1045740277776,891.3329062935113,3.3179721646974003,1,DAILY_CLOSE_BELOW_EMA21,5.937136204889408,-0.325958998017312,Model 4 Full Adaptive
PGIL,Textiles,2025-02-13,2025-02-25,1367.4266103412679,1364.0165689189705,1377.182510332625,1380.6340955715539,0.7134496226398876,8,DAILY_CLOSE_BELOW_EMA21,7.006004859217367,-3.116188224762731,Model 4 Full Adaptive
IVZINGOLD,ETF,2024-11-14,2025-04-08,6657.6025,6641.0,7731.2235974121095,7750.60009765625,16.12624210310107,98,DAILY_CLOSE_BELOW_EMA21,23.144104803493452,-2.7254931486221956,Model 4 Full Adaptive
AXISCADES,Aviation,2025-04-15,2025-04-24,810.7217622375488,808.7000122070312,816.5036128234864,818.5499877929688,0.7131732309713762,6,DAILY_CLOSE_BELOW_EMA21,10.671446332422649,-0.9521469136641992,Model 4 Full Adaptive
SRF,Diversified,2025-04-09,2025-05-07,2753.50591898726,2746.6393206855464,2894.0525140812106,2901.305778527529,5.104277936168144,16,DAILY_CLOSE_BELOW_EMA21,11.753083826416761,-2.012281894751594,Model 4 Full Adaptive
NORBTEAEXP,Agri,2025-05-02,2025-05-08,40.0498757648468,39.95000076293945,37.49602515220642,37.59000015258789,-6.37667549241685,4,STOP_LOSS_GAP_DOWN,0.12515453343102267,-5.9073856452610425,Model 4 Full Adaptive
RAMANEWS,Paper,2025-05-09,2025-05-12,31.077499999999997,31.0,35.55089939117432,35.63999938964844,14.394334779742007,1,DAILY_CLOSE_BELOW_EMA21,9.58064909904234,-0.8387104157478578,Model 4 Full Adaptive
PANACEABIO,Healthcare,2025-06-06,2025-06-06,472.47823776245116,471.29998779296875,446.615650932312,447.7349884033203,-5.473815461346632,0,STOP_LOSS_INTRADAY,0.8275036102431836,-6.089535844006932,Model 4 Full Adaptive
CHOLAFIN,Finance,2025-06-09,2025-06-19,1621.4694933547537,1617.4259285334201,1532.7132455264823,1536.554632106749,-5.473815461346632,8,STOP_LOSS_INTRADAY,2.4691295720471027,-5.2283939727651285,Model 4 Full Adaptive
HCG,Healthcare,2025-05-29,2025-06-20,553.2797744750976,551.9000244140625,522.994260635376,524.3050231933594,-5.47381546134662,16,STOP_LOSS_INTRADAY,1.6307301326096262,-5.2183452716279985,Model 4 Full Adaptive
ADANIPORTS,Infrastructure,2025-06-23,2025-06-25,1338.7105549964222,1335.3721246847103,1390.3411305608117,1393.8256947978061,3.8567392609022617,2,DAILY_CLOSE_BELOW_EMA21,5.794179651543321,-0.3952310833799418,Model 4 Full Adaptive
CUPID,Miscellaneous,2025-06-23,2025-06-25,18.2455007648468,18.200000762939453,19.45125,19.5,6.608474333991933,2,DAILY_CLOSE_BELOW_EMA21,7.1977989616897515,-0.12088607449013535,Model 4 Full Adaptive
BANARISUG,Diversified / Other,2025-06-09,2025-07-10,3986.487964495085,3976.5465980000854,3768.274969929831,3777.719268100081,-5.47381546134662,23,STOP_LOSS_INTRADAY,4.614263799287922,-6.05794452470992,Model 4 Full Adaptive
BSE,Unclassified,2025-07-10,2025-07-11,2534.2600135868765,2527.940163178929,2395.539297132433,2401.543155019983,-5.47381546134662,1,STOP_LOSS_INTRADAY,0.44582199369238185,-6.679552839192092,Model 4 Full Adaptive
AXISBANK,Banks,2025-07-07,2025-07-18,1179.6342628674286,1176.6925315385822,1086.4370990518426,1089.1599990494663,-7.9005134683901455,9,STOP_LOSS_GAP_DOWN,0.2038039837190145,-7.438861906828198,Model 4 Full Adaptive
KITEX,Textiles,2025-07-24,2025-07-28,268.80077725315704,268.1304511253437,254.08711874765385,254.72392856907652,-5.473815461346617,2,STOP_LOSS_INTRADAY,0.0,-7.904032862763577,Model 4 Full Adaptive
CANBK,Banks,2025-07-25,2025-07-30,110.49951573320338,110.2239558435944,104.45097615628613,104.71275805141467,-5.47381546134664,3,STOP_LOSS_INTRADAY,1.6160164482937407,-5.058841966821843,Model 4 Full Adaptive
CAMLINFINE,Chemicals,2025-08-01,2025-08-01,281.50198776245117,280.79998779296875,266.093088432312,266.7599884033203,-5.473815461346629,0,STOP_LOSS_INTRADAY,0.0,-8.475779497012038,Model 4 Full Adaptive
LUMAXTECH,Automobile & Ancillaries,2025-07-29,2025-08-04,1033.2791716907147,1030.7024156515859,1068.696529407036,1071.3749668240962,3.4276658899810393,4,DAILY_CLOSE_BELOW_EMA21,9.143405632180986,-0.6159792506316228,Model 4 Full Adaptive
AXISCADES,Aviation,2025-07-31,2025-08-11,1318.2875,1315.0,1265.8275,1269.0,-3.979405099418739,7,DAILY_CLOSE_BELOW_EMA21,6.228138738711977,-3.2319391634980987,Model 4 Full Adaptive
JMFINANCIL,Finance,2025-08-05,2025-08-12,154.48053096535176,154.09529273351797,161.9014535688956,162.30722162295297,4.803791492151369,5,DAILY_CLOSE_BELOW_EMA21,5.569631834233913,-3.8037992846704913,Model 4 Full Adaptive
FMGOETZE,Diversified / Other,2025-08-12,2025-08-12,544.3575,543.0,514.560375,515.85,-5.473815461346622,0,STOP_LOSS_INTRADAY,0.009205855058701657,-8.766115304514848,Model 4 Full Adaptive
PRIVISCL,Chemicals,2025-08-06,2025-08-13,2309.1936154868545,2303.435027917062,2436.0403304286997,2442.145694665363,5.493117341531439,5,DAILY_CLOSE_BELOW_EMA21,10.394388294969136,-1.861552526859288,Model 4 Full Adaptive
LUMAXTECH,Automobile & Ancillaries,2025-08-12,2025-08-14,1055.2107604148243,1052.5793121344882,997.4504706614443,999.9503465277637,-5.473815461346629,2,STOP_LOSS_INTRADAY,0.6060629179983473,-5.312498081219459,Model 4 Full Adaptive
MAHASTEEL,Metals & Mining,2025-08-14,2025-08-18,335.33625,334.5,343.93798782348637,344.79998779296875,2.5651082528317057,1,DAILY_CLOSE_BELOW_EMA21,5.5306427503736915,-2.167414050822123,Model 4 Full Adaptive
SCHNEIDER,Capital Goods,2025-08-14,2025-08-18,885.4080122375487,883.2000122070312,836.9424115676879,839.0400115966796,-5.47381546134663,1,STOP_LOSS_INTRADAY,1.2228246879187226,-6.023552023520649,Model 4 Full Adaptive
AXISCADES,Aviation,2025-08-14,2025-08-19,1227.06,1224.0,1147.125,1150.0,-6.514351376460804,2,STOP_LOSS_GAP_DOWN,2.9820261437908497,-6.045751633986928,Model 4 Full Adaptive
MUTHOOTFIN,Finance,2025-08-18,2025-08-20,2783.464581001586,2776.5232728195374,2631.102866405614,2637.6971091785604,-5.473815461346629,2,STOP_LOSS_INTRADAY,0.24999999999998718,-5.110722669812598,Model 4 Full Adaptive
MCX,Finance,2025-07-30,2025-08-22,1575.5267003800402,1571.5977061147535,1581.6359756469728,1585.5999755859375,0.38776082090255787,16,DAILY_CLOSE_BELOW_EMA21,7.400260120436762,-4.481485803450783,Model 4 Full Adaptive
COROMANDEL,Chemicals,2025-08-18,2025-08-26,2367.1871057881344,2361.2838960480144,2372.1563325851507,2378.1015865515296,0.2099211669777083,6,DAILY_CLOSE_BELOW_EMA21,5.356330261340244,-0.45934411797405655,Model 4 Full Adaptive
BEL,Aviation,2025-08-14,2025-08-26,386.6464787514718,385.6822730687998,365.48216401682146,366.3981594153598,-5.473815461346626,7,STOP_LOSS_INTRADAY,0.4898822058165066,-6.084835056643608,Model 4 Full Adaptive
NACLIND,Diversified / Other,2025-08-21,2025-08-28,271.0258811187744,270.3500061035156,255.26024391174317,255.89999389648438,-5.817022766221392,4,STOP_LOSS_GAP_DOWN,4.993526796826082,-5.344927642242558,Model 4 Full Adaptive
ABCAPITAL,Finance,2025-08-01,2025-09-03,257.14125,256.5,274.1628810882568,274.8500061035156,6.619564573267342,21,DAILY_CLOSE_BELOW_EMA21,13.996098984984162,-2.514618693271808,Model 4 Full Adaptive
RALLIS,Fertilisers & Pesticides,2025-09-01,2025-09-04,344.3575500885084,343.4988030808064,362.43616938751484,363.34453071430056,5.249955836414737,3,DAILY_CLOSE_BELOW_EMA21,5.058925551871683,-1.0491503192064986,Model 4 Full Adaptive
GINNIFILA,Textiles,2025-09-08,2025-09-08,47.969623470306395,47.849998474121094,45.343854804039005,45.45749855041504,-5.473815461346624,0,STOP_LOSS_INTRADAY,0.271684581527298,-6.499471044573364,Model 4 Full Adaptive
ERIS,Healthcare,2025-08-18,2025-09-12,1748.1020183937658,1743.7426617394174,1652.4141398308154,1656.5555286524464,-5.473815461346623,18,STOP_LOSS_INTRADAY,3.816098645013244,-5.766929218898138,Model 4 Full Adaptive
NACLIND,Diversified / Other,2025-09-15,2025-09-15,254.53474388122558,253.89999389648438,240.60198171615602,241.20499420166016,-5.473815461346626,0,STOP_LOSS_INTRADAY,0.0,-5.533670000282459,Model 4 Full Adaptive
GLENMARK,Healthcare,2025-08-22,2025-09-18,1940.9913589822804,1936.1509815284594,2042.1659114431395,2047.2841217475082,5.2125194680880975,18,DAILY_CLOSE_BELOW_EMA21,11.128842798609682,-1.901177772718347,Model 4 Full Adaptive
FMGOETZE,Diversified / Other,2025-08-18,2025-09-19,530.2222744750976,528.9000244140625,552.615,554.0,4.223271371816746,23,DAILY_CLOSE_BELOW_EMA21,9.169974997397725,-2.4390288936654305,Model 4 Full Adaptive
FORCEMOT,Automobile & Ancillaries,2025-09-10,2025-09-22,18335.725,18290.0,18542.5275,18589.0,1.127866501051917,8,DAILY_CLOSE_BELOW_EMA21,9.404045926735922,-2.405686167304538,Model 4 Full Adaptive
KRBL,Consumer Goods,2025-09-18,2025-09-22,409.8721311187744,408.8500061035156,387.43648703384395,388.4075057983398,-5.473815461346643,2,STOP_LOSS_INTRADAY,0.0,-5.099671222271345,Model 4 Full Adaptive
INFOBEAN,Software & IT Services,2025-09-24,2025-09-25,133.96657144510786,133.63249021955897,126.63348854430957,126.95086570858102,-5.473815461346626,1,STOP_LOSS_INTRADAY,0.6044262462743998,-6.537104269254825,Model 4 Full Adaptive
SUDARSCHEM,Chemicals,2025-09-16,2025-09-26,1395.0831996487063,1391.604189175767,1410.1506985638596,1413.684910840962,1.080043033917071,8,DAILY_CLOSE_BELOW_EMA21,14.678523949408104,-1.433562223516747,Model 4 Full Adaptive
JKCEMENT,Construction Materials,2025-09-17,2025-09-26,6681.85512362287,6665.192143264709,6316.10270476122,6331.932536101473,-5.473815461346632,7,STOP_LOSS_INTRADAY,4.6337797178713425,-5.941701051635714,Model 4 Full Adaptive
HUBTOWN,Real Estate,2025-09-22,2025-09-26,326.11323776245115,325.29998779296875,308.262400932312,309.0349884033203,-5.4738154613466286,4,STOP_LOSS_INTRADAY,1.6600137155551469,-15.001533853123478,Model 4 Full Adaptive
DATAMATICS,Software & IT Services,2025-09-25,2025-09-26,902.6510244750976,900.4000244140625,853.2415731353759,855.3800231933593,-5.473815461346638,1,STOP_LOSS_INTRADAY,2.1545938308398895,-5.597514776486199,Model 4 Full Adaptive
THANGAMAYL,Diamond  &  Jewellery,2025-09-26,2025-09-29,2059.4895383526455,2054.3536542171028,1946.7568815774819,1951.6359715062474,-5.473815461346638,1,STOP_LOSS_INTRADAY,0.18930720318159816,-5.441487193896431,Model 4 Full Adaptive
BIL,Textiles,2025-10-06,2025-10-07,847.1125,845.0,800.7431250000001,802.75,-5.473815461346619,1,STOP_LOSS_INTRADAY,0.0,-6.7455621301775155,Model 4 Full Adaptive
HCG,Healthcare,2025-10-01,2025-10-08,641.9508505249023,640.3499755859375,655.7066006469727,657.3499755859375,2.142804252198239,4,DAILY_CLOSE_BELOW_EMA21,7.667687747807891,-1.5226048835370825,Model 4 Full Adaptive
SARDAEN,Metals & Mining,2025-10-03,2025-10-08,552.1638572240188,550.7868899990212,569.4327236830992,570.8598733665154,3.1274894640694035,3,DAILY_CLOSE_BELOW_EMA21,6.330262316749194,-0.5245115366265117,Model 4 Full Adaptive
MFSL,Finance,2025-09-19,2025-10-09,1562.7972744750975,1558.9000244140625,1564.0800000000002,1568.0,0.08207881763381308,13,DAILY_CLOSE_BELOW_EMA21,5.709153801152326,-1.5267206655584362,Model 4 Full Adaptive
CCL,Agri,2025-10-03,2025-10-09,861.8272251361685,859.678030061016,814.6523932365703,816.6941285579652,-5.473815461346626,4,STOP_LOSS_INTRADAY,1.0846839426841628,-5.394435784173767,Model 4 Full Adaptive
TERASOFT,Software & IT Services,2025-08-13,2025-10-14,294.2452838897705,293.5115051269531,428.675625,429.75,45.68648962971637,41,DAILY_CLOSE_BELOW_EMA21,68.22168513852202,-3.6879691939646215,Model 4 Full Adaptive
ENDURANCE,Automobile & Ancillaries,2025-09-29,2025-10-14,2735.585437183523,2728.763528362617,2839.561191527584,2846.677886243192,3.800859330904734,10,DAILY_CLOSE_BELOW_EMA21,9.890518407491152,-2.1934316745379454,Model 4 Full Adaptive
APOLLO,Aviation,2025-10-23,2025-10-23,302.9555122375488,302.20001220703125,286.372286567688,287.0900115966797,-5.473815461346633,0,STOP_LOSS_INTRADAY,0.2647212973706613,-5.311058127804219,Model 4 Full Adaptive
HDFCAMC,Finance,2025-10-03,2025-10-24,2739.0707974887796,2732.240196996289,2741.271983728623,2748.142339577567,0.0803625171668296,14,DAILY_CLOSE_BELOW_EMA21,6.276862419240735,-2.7489303755692847,Model 4 Full Adaptive
BOSCHLTD,Automobile & Ancillaries,2025-10-16,2025-11-03,38324.005494291254,38228.43440827058,36226.22015613741,36317.01268785705,-5.473815461346624,11,STOP_LOSS_INTRADAY,2.7027046021761323,-5.093558334948279,Model 4 Full Adaptive
PGHL,Healthcare,2025-10-13,2025-11-06,6074.02758710216,6058.880386136819,5741.546525912903,5755.9363668299775,-5.4738154613466214,16,STOP_LOSS_INTRADAY,2.691881728547176,-6.409222128547448,Model 4 Full Adaptive
APOLLO,Aviation,2025-10-30,2025-11-06,287.3165061187744,286.6000061035156,271.589330783844,272.2700057983398,-5.473815461346625,4,STOP_LOSS_INTRADAY,1.7969273505961736,-7.711097569039631,Model 4 Full Adaptive
TFCILTD,Finance,2025-11-04,2025-11-07,69.7599861769354,69.5860211241251,65.94145326774905,66.10672006791884,-5.473815461346606,2,STOP_LOSS_INTRADAY,0.5289531990341891,-5.217999734108716,Model 4 Full Adaptive
GOODLUCK,Metals & Mining,2025-11-10,2025-11-10,394.91142145302723,393.9266049406756,373.2946990069077,374.2302746936418,-5.473815461346622,0,STOP_LOSS_INTRADAY,0.9875902650701774,-6.811849661242507,Model 4 Full Adaptive
TFCILTD,Finance,2025-11-11,2025-11-19,68.81257040579105,68.64096798582649,65.04589728756882,65.20891958653516,-5.473815461346635,6,STOP_LOSS_INTRADAY,3.550720214843748,-5.7246340909126365,Model 4 Full Adaptive
PENIND,Metals & Mining,2025-11-14,2025-11-20,230.4246311187744,229.85000610351562,217.811612033844,218.35750579833984,-5.473815461346631,4,STOP_LOSS_INTRADAY,0.6961021545529079,-5.634114362911551,Model 4 Full Adaptive
GABRIEL,Automobile & Ancillaries,2025-11-20,2025-11-20,1104.4808647463517,1101.7265483754131,1044.023620404251,1046.6402209566425,-5.473815461346624,0,STOP_LOSS_INTRADAY,0.4520795660036152,-5.334538878842667,Model 4 Full Adaptive
VASWANI,Metals & Mining,2025-11-21,2025-11-24,60.15,60.0,56.8575,57.0,-5.4738154613466286,1,STOP_LOSS_INTRADAY,3.250001271565755,-5.333334604899089,Model 4 Full Adaptive
ZYDUSWELL,FMCG,2025-11-10,2025-11-28,452.6267929177215,451.49804779822597,427.8508375447939,428.92314540831467,-5.4738154613466286,14,STOP_LOSS_INTRADAY,3.0061861298272246,-5.603449747140385,Model 4 Full Adaptive
MCLEODRUSS,Diversified / Other,2025-11-24,2025-12-02,53.94452637672424,53.810001373291016,50.97224847793579,51.099998474121094,-5.509878570499257,6,STOP_LOSS_GAP_DOWN,2.7689980036110953,-5.036243876617054,Model 4 Full Adaptive
ADANIPOWER,Power,2025-11-26,2025-12-08,147.56799694061277,147.1999969482422,139.49039710807799,139.83999710083006,-5.473815461346632,8,STOP_LOSS_INTRADAY,2.336958228753095,-6.107330448883108,Model 4 Full Adaptive
SALSTEEL,Metals & Mining,2025-12-08,2025-12-09,35.87947591781616,35.790000915527344,33.9154996175766,34.00050086975097,-5.473815461346621,1,STOP_LOSS_INTRADAY,2.263195132365409,-7.516072569417576,Model 4 Full Adaptive
HEROMOTOCO,Automobile & Ancillaries,2025-11-11,2025-12-10,5209.283496787303,5196.292764875116,5812.472564221858,5827.040164633441,11.579117700285595,21,DAILY_CLOSE_BELOW_EMA21,18.8447614267833,-0.827829969305188,Model 4 Full Adaptive
IFBAGRO,FMCG,2025-12-10,2025-12-15,1313.8764755249022,1310.5999755859375,1241.957301864624,1245.0699768066406,-5.4738154613466214,3,STOP_LOSS_INTRADAY,1.8541163803441272,-7.904774722708235,Model 4 Full Adaptive
SALSTEEL,Metals & Mining,2025-12-12,2025-12-16,35.007298164367675,34.91999816894531,37.605750761032105,37.70000076293945,7.422602522662762,2,DAILY_CLOSE_BELOW_EMA21,6.128302739284873,-4.066432541248328,Model 4 Full Adaptive
BSE,Unclassified,2025-12-12,2025-12-16,2715.0355425921216,2708.264880391144,2566.419507280658,2572.8516363715867,-5.473815461346623,2,STOP_LOSS_INTRADAY,1.0422055625655104,-5.317817638789131,Model 4 Full Adaptive
EICHERMOT,Automobile & Ancillaries,2025-11-18,2025-12-17,6781.076873582698,6764.166457439101,7012.80312146305,7030.379069135889,3.4172485019760965,21,DAILY_CLOSE_BELOW_EMA21,7.220193581578413,-1.1850768105340204,Model 4 Full Adaptive
SKMEGGPROD,Agri,2025-12-10,2025-12-19,210.52499999999998,210.0,205.85906250000002,206.375,-2.216334164588508,7,DAILY_CLOSE_BELOW_EMA21,6.428571428571428,-2.773808070591518,Model 4 Full Adaptive
TVSSRICHAK,Automobile & Ancillaries,2025-12-22,2025-12-24,4261.6275,4251.0,4028.3538750000002,4038.45,-5.473815461346619,2,STOP_LOSS_INTRADAY,0.002354684927075982,-5.316396142084216,Model 4 Full Adaptive
VARROC,Automobile & Ancillaries,2025-12-10,2025-12-26,641.2961144196557,639.6968722390582,606.1927485555375,607.7120286271053,-5.473815461346622,11,STOP_LOSS_INTRADAY,2.605312929681454,-6.521058991980534,Model 4 Full Adaptive
HCG,Healthcare,2025-12-11,2025-12-26,706.9630122375488,705.2000122070312,668.2651615676881,669.9400115966797,-5.473815461346616,10,STOP_LOSS_INTRADAY,3.374927308705377,-5.870678346203483,Model 4 Full Adaptive
NAM-INDIA,Finance,2025-12-05,2025-12-29,827.0056490719096,824.9432908447976,859.4884716630061,861.6425781082767,3.9277630845145564,15,DAILY_CLOSE_BELOW_EMA21,11.997119052401315,-4.4487147331923556,Model 4 Full Adaptive
LUMAXIND,Automobile & Ancillaries,2026-01-01,2026-01-01,5251.925461129,5238.828390153616,4964.444753219321,4976.886970645935,-5.4738154613466214,0,STOP_LOSS_INTRADAY,1.1344299489506422,-5.4641709207789795,Model 4 Full Adaptive
TFCILTD,Finance,2025-12-08,2026-01-05,64.63394940271478,64.47276748400476,50.607791718446336,50.73462828916926,-21.700913860107253,19,DAILY_CLOSE_BELOW_EMA21,9.782448007578614,-14.766233560809125,Model 4 Full Adaptive
RADICO,Alcohol,2025-12-19,2026-01-05,3150.8839691727458,3143.026403164834,3084.4090023943018,3092.1393507712296,-2.1097243639821115,10,DAILY_CLOSE_BELOW_EMA21,7.9015857319542375,-2.0317470857604056,Model 4 Full Adaptive
ORICONENT,Diversified,2025-12-11,2026-01-07,56.93197591781616,56.790000915527344,58.84252667427063,58.9900016784668,3.35584831837285,18,DAILY_CLOSE_BELOW_EMA21,8.998063968959018,-2.7997889187445986,Model 4 Full Adaptive
TVSSRICHAK,Automobile & Ancillaries,2025-12-29,2026-01-08,4081.1775,4071.0,4269.39984741211,4280.10009765625,4.611961802987254,8,DAILY_CLOSE_BELOW_EMA21,9.744539310058954,-0.513384975282486,Model 4 Full Adaptive
HINDPETRO,Oil & Gas,2025-12-08,2026-01-09,430.73834839977354,429.6641879299487,428.7797726547539,429.854408676445,-0.4547019675159853,23,DAILY_CLOSE_BELOW_EMA21,12.538743312599362,-2.102698527565261,Model 4 Full Adaptive
RBLBANK,Banks,2025-12-08,2026-01-09,306.67279212856033,305.9080220733769,307.9290348457825,308.7007868128145,0.4096361821023676,23,DAILY_CLOSE_BELOW_EMA21,5.738496436092582,-4.14085875650675,Model 4 Full Adaptive
MARUTI,Automobile & Ancillaries,2025-11-11,2026-01-12,15523.199413094988,15484.488192613455,16251.643007897306,16292.373942754191,4.692612491905639,43,DAILY_CLOSE_BELOW_EMA21,11.0613784517029,-0.8184143222506405,Model 4 Full Adaptive
LUMAXIND,Automobile & Ancillaries,2026-01-05,2026-01-12,5383.496634289699,5370.071455650573,5401.6019388872855,5415.13978835818,0.33631124578525273,5,DAILY_CLOSE_BELOW_EMA21,8.420178917273812,-0.5810159263159965,Model 4 Full Adaptive
AXISBANK,Banks,2025-12-19,2026-01-14,1238.836253170937,1235.746885956047,1250.8978155531088,1254.0328977976028,0.9736203918232877,17,DAILY_CLOSE_BELOW_EMA21,5.490420174011314,-1.4312259544874073,Model 4 Full Adaptive
KIRLOSENG,Capital Goods,2026-01-14,2026-01-20,1148.4204827417032,1145.5565912635443,1085.5580647961162,1088.278761700367,-5.473815461346626,3,STOP_LOSS_INTRADAY,3.6521625404902447,-5.49564660480718,Model 4 Full Adaptive
JSWSTEEL,Metals & Mining,2025-12-15,2026-01-21,1116.487265643802,1113.7030081234932,1153.963003208399,1156.8551410610514,3.3565754592809722,26,DAILY_CLOSE_BELOW_EMA21,7.302919439437414,-4.18713057144204,Model 4 Full Adaptive
MFSL,Finance,2026-01-01,2026-01-21,1681.69375,1677.5,1589.6409375,1593.625,-5.473815461346625,14,STOP_LOSS_INTRADAY,4.4530522308122205,-5.472432120901639,Model 4 Full Adaptive
PNB,Banks,2025-12-10,2026-01-22,115.1861890461574,114.89894169192758,120.91222943190839,121.21526760091065,4.97111713927479,30,DAILY_CLOSE_BELOW_EMA21,14.301415541817702,-1.7253086865891238,Model 4 Full Adaptive
ALKEM,Healthcare,2025-12-22,2026-01-22,5514.979879314699,5501.22681228399,5610.943141351189,5625.005655489914,1.7400473643870231,21,DAILY_CLOSE_BELOW_EMA21,6.804066141784938,-3.0870326075192693,Model 4 Full Adaptive
HEROMOTOCO,Automobile & Ancillaries,2025-12-22,2026-01-22,5614.358848990681,5600.357954105418,5307.039206259146,5320.340056400147,-5.473815461346625,22,STOP_LOSS_INTRADAY,4.410111187501795,-5.6615186038008884,Model 4 Full Adaptive
LAURUSLABS,Healthcare,2026-01-27,2026-01-29,1031.5479874020557,1028.975548530729,975.082954176432,977.5267711041924,-5.473815461346623,2,STOP_LOSS_INTRADAY,1.0679611650485514,-6.233012988228321,Model 4 Full Adaptive
MAHASTEEL,Metals & Mining,2026-01-22,2026-01-30,817.1377255249023,815.0999755859375,759.1972256469727,761.0999755859375,-7.090665143468995,5,STOP_LOSS_GAP_DOWN,1.3372622672730397,-6.624954191807196,Model 4 Full Adaptive
SOUTHBANK,Banks,2025-12-31,2026-02-02,37.614903619703234,37.5211008675344,37.09145090371538,37.184411933549256,-1.3916098822958538,22,DAILY_CLOSE_BELOW_EMA21,23.621012075312365,-4.908955029287884,Model 4 Full Adaptive
EASTSILK,Diversified / Other,2026-02-03,2026-02-03,80.81152561187744,80.61000061035156,76.38805182838439,76.57950057983398,-5.4738154613466445,0,STOP_LOSS_INTRADAY,0.0,-9.465323403605284,Model 4 Full Adaptive
THANGAMAYL,Diamond  &  Jewellery,2026-02-05,2026-02-09,3281.9270141764687,3273.742657532637,3291.520540981267,3299.769965896007,0.2923138376739809,2,DAILY_CLOSE_BELOW_EMA21,6.369373713148703,-3.7466874915128185,Model 4 Full Adaptive
CUB,Banks,2026-01-14,2026-02-11,204.84650681204218,204.33566764293485,213.49725173171674,214.03233256312456,4.223037558366614,19,DAILY_CLOSE_BELOW_EMA21,17.85454895989613,-3.6181726779527827,Model 4 Full Adaptive
NORBTEAEXP,Agri,2026-02-10,2026-02-11,79.29774847030639,79.0999984741211,76.8174771308899,77.01000213623047,-3.127795413189121,1,DAILY_CLOSE_BELOW_EMA21,9.974714970733894,0.0,Model 4 Full Adaptive
EASTSILK,Diversified / Other,2026-02-11,2026-02-13,69.9745030593872,69.80000305175781,66.144227891922,66.31000289916992,-5.473815461346623,2,STOP_LOSS_INTRADAY,0.2865285666160882,-9.48424420794537,Model 4 Full Adaptive
3MINDIA,Diversified,2026-01-22,2026-02-16,33756.52781611818,33672.346948746315,34320.693829287025,34406.71060580153,1.6712797484445894,16,DAILY_CLOSE_BELOW_EMA21,11.329036498181107,-4.1276403783956175,Model 4 Full Adaptive
MUTHOOTFIN,Finance,2026-02-05,2026-02-16,3609.059829432851,3600.0596802322707,3541.1081258064714,3549.9830835152593,-1.8828090094881573,7,DAILY_CLOSE_BELOW_EMA21,12.461090731287472,-4.409859439543413,Model 4 Full Adaptive
THANGAMAYL,Diamond  &  Jewellery,2026-02-09,2026-02-20,3308.0193908107467,3299.769965896007,3477.5327605147068,3486.2483814683774,5.124316083963911,9,DAILY_CLOSE_BELOW_EMA21,14.656994923351933,0.0,Model 4 Full Adaptive
TAKE,Healthcare,2026-01-29,2026-02-27,38.59625,38.5,44.38875,44.5,15.00793470868285,21,DAILY_CLOSE_BELOW_EMA21,29.71428214729606,-0.10389848188920454,Model 4 Full Adaptive
RBLBANK,Banks,2026-01-22,2026-03-04,300.82328837018537,300.07310560617,304.94425290101475,305.7085242115436,1.3698954469769078,27,DAILY_CLOSE_BELOW_EMA21,13.146090929422465,-4.5371436588989775,Model 4 Full Adaptive
IOC,Oil & Gas,2026-01-12,2026-03-05,154.0597226148187,153.67553378036777,166.96063190794027,167.37907960695765,8.373966325628485,36,DAILY_CLOSE_BELOW_EMA21,20.35669300353595,-1.4203794442924018,Model 4 Full Adaptive
FEDERALBNK,Banks,2026-01-19,2026-03-05,271.2021146455953,270.52580014523227,286.0533549767905,286.7702806784867,5.476078367088938,31,DAILY_CLOSE_BELOW_EMA21,11.25437025811277,-0.9209759047621042,Model 4 Full Adaptive
BANKBARODA,Banks,2026-02-04,2026-03-05,277.7320340980547,277.03943550928153,290.88885480797455,291.6178995568667,4.73723557048329,20,DAILY_CLOSE_BELOW_EMA21,13.811190986937962,-1.3111888111887986,Model 4 Full Adaptive
LT,Infrastructure,2026-03-06,2026-03-09,3986.1036803273146,3976.1632721469473,3767.911720768251,3777.3551085395998,-5.473815461346626,1,STOP_LOSS_INTRADAY,0.0,-6.774589867483016,Model 4 Full Adaptive
PETRONET,Oil & Gas,2026-03-06,2026-03-09,287.26071927042267,286.5443583744865,271.5365976046228,272.21714045576215,-5.473815461346613,1,STOP_LOSS_INTRADAY,2.2942879960159273,-5.485598492260204,Model 4 Full Adaptive
ULTRACEMCO,Construction Materials,2026-03-06,2026-03-09,11946.552036320598,11916.760135980647,11292.61982385866,11320.922129181614,-5.473815461346629,1,STOP_LOSS_INTRADAY,0.3947368421052627,-6.83388455225344,Model 4 Full Adaptive
TVSMOTOR,Automobile & Ancillaries,2026-03-11,2026-03-11,3776.250918781816,3766.8338341963254,3569.545912130293,3578.492142486509,-5.473815461346625,0,STOP_LOSS_INTRADAY,0.4629629629629732,-5.0132275132275055,Model 4 Full Adaptive
EICHERMOT,Automobile & Ancillaries,2026-03-11,2026-03-12,7514.246913112325,7495.508142755437,7082.891353410031,7100.642960812061,-5.740502869949359,1,STOP_LOSS_GAP_DOWN,0.0,-5.268024187593226,Model 4 Full Adaptive
SBIN,Banks,2026-03-11,2026-03-13,1096.4204264995503,1093.68621097212,1036.4043956724552,1039.001900423514,-5.473815461346641,2,STOP_LOSS_INTRADAY,0.22453744792359517,-6.385838138636628,Model 4 Full Adaptive
HINDALCO,Metals & Mining,2026-02-19,2026-03-16,908.1389605215162,905.8742748344301,899.8883721229306,902.1437314515595,-0.9085160704753305,16,DAILY_CLOSE_BELOW_EMA21,8.00571234862384,-1.5923587437180964,Model 4 Full Adaptive
SALSTEEL,Metals & Mining,2026-03-13,2026-03-17,42.355624999999996,42.25,38.50349847793579,38.599998474121094,-9.094722417776161,2,STOP_LOSS_GAP_DOWN,0.8283987553161983,-8.639056865985577,Model 4 Full Adaptive
KIRLOSENG,Capital Goods,2026-03-25,2026-03-27,1330.5118948307816,1327.1939100556426,1371.654934413255,1375.092666078451,3.092271459001583,1,DAILY_CLOSE_BELOW_EMA21,5.330828903312977,0.0,Model 4 Full Adaptive
CONSOFINVT,Finance,2026-03-25,2026-03-27,211.01623050689696,210.49000549316406,209.48496952056885,210.00999450683594,-0.7256602881445455,1,DAILY_CLOSE_BELOW_EMA21,7.121473629711991,-1.178208428717375,Model 4 Full Adaptive
MCX,Finance,2026-03-25,2026-03-30,2475.1724999999997,2469.0,2339.6861249999997,2345.5499999999997,-5.473815461346632,2,STOP_LOSS_INTRADAY,1.162411955118469,-5.022276225192385,Model 4 Full Adaptive
VEDL,Metals & Mining,2026-03-27,2026-04-27,657.0886372375488,655.4500122070312,722.439375,724.25,9.945498074231011,18,DAILY_CLOSE_BELOW_EMA21,21.29071404287202,-1.1289990504607879,Model 4 Full Adaptive
OIL,Oil & Gas,2026-05-11,2026-05-26,458.1425,457.0,483.6877439117432,484.8999938964844,5.575829335139881,11,DAILY_CLOSE_BELOW_EMA21,16.192560175054705,-0.6564551422319475,Model 4 Full Adaptive
POWERGRID,Power,2026-05-18,2026-06-02,297.04073776245116,296.29998779296875,280.78127593231204,281.4849884033203,-5.473815461346619,11,STOP_LOSS_INTRADAY,2.767469640518776,-6.041172674293692,Model 4 Full Adaptive
MCX,Finance,2026-06-05,2026-06-05,2917.2749999999996,2910.0,2757.5887500000003,2764.5,-5.473815461346609,0,STOP_LOSS_INTRADAY,0.7525739637027492,-5.463917525773196,Model 4 Full Adaptive
SCHNEIDER,Capital Goods,2026-06-08,2026-06-09,1151.8725,1149.0,1088.821125,1091.55,-5.473815461346635,1,STOP_LOSS_INTRADAY,2.33246726093342,-5.335078226990862,Model 4 Full Adaptive
QGOLDHALF,ETF,2026-06-10,2026-06-25,123.08694877624511,122.77999877929688,115.49054878234864,115.77999877929688,-6.17157226612682,11,STOP_LOSS_GAP_DOWN,1.7592471767263074,-5.7012543326237095,Model 4 Full Adaptive
INGERRAND,Capital Goods,2026-06-08,2026-07-06,3932.105971584909,3922.3002210323284,4335.520644186375,4346.386610713157,10.259506623593404,20,DAILY_CLOSE_BELOW_EMA21,20.71574486276952,-1.4898481056847146,Model 4 Full Adaptive
ARIHANT,Real Estate,2026-07-03,2026-07-20,795.985,794.0,817.1021493530274,819.1500244140625,2.6529582031102774,11,DAILY_CLOSE_BELOW_EMA21,8.564231738035264,-3.7783375314861463,Model 4 Full Adaptive
LUPIN,Healthcare,2026-05-15,2026-07-23,2257.3027141097346,2251.6735302840248,2394.0,2400.0,6.055779981825697,49,DAILY_CLOSE_BELOW_EMA21,12.081077351099696,-2.3765363189012447,Model 4 Full Adaptive
STLTECH,Electricals,2026-07-22,2026-07-24,532.3275,531.0,526.9792378234863,528.2999877929688,-1.0046939480890402,2,DAILY_CLOSE_BELOW_EMA21,5.4613935969868175,-3.3239217352283426,Model 4 Full Adaptive
IDEA,Telecom,2026-07-23,2026-07-24,13.52372477054596,13.489999771118164,12.783461033105851,12.815499782562256,-5.473815461346622,1,STOP_LOSS_INTRADAY,0.3706463423514117,-5.411412562061294,Model 4 Full Adaptive
BHEL,Capital Goods,2026-07-09,2026-07-29,379.72506980615975,378.77812449492245,406.98,408.0,7.177543007037496,14,DAILY_CLOSE_BELOW_EMA21,17.87903554234568,-0.1842137386924229,Model 4 Full Adaptive
MARKSANS,Healthcare,2026-07-24,2026-07-29,244.83652505339376,244.22596015301124,256.84564832543685,257.4893717548239,4.9049557738267024,3,DAILY_CLOSE_BELOW_EMA21,8.4116017005504,-1.0208248519012617,Model 4 Full Adaptive
VENUSREM,Healthcare,2026-07-30,2026-08-03,1597.1224680506316,1593.139619003124,1509.6989314578352,1513.4826380529676,-5.473815461346631,2,STOP_LOSS_INTRADAY,0.0,-5.201444719733071,Model 4 Full Adaptive
HFCL,Telecom,2026-07-30,2026-08-04,193.4825,193.0,201.89399391174317,202.39999389648438,4.347418454766286,3,DAILY_CLOSE_BELOW_EMA21,5.497409642669203,-4.715029069179081,Model 4 Full Adaptive
GAYAPROJ,Infrastructure,2026-08-03,2026-08-04,20.049999999999997,20.0,18.9525,19.0,-5.473815461346617,1,STOP_LOSS_INTRADAY,3.950004577636719,-5.0,Model 4 Full Adaptive
J&KBANK,Banks,2026-08-03,2026-08-07,155.3875,155.0,159.60000000000002,160.0,2.7109645241734595,4,DAILY_CLOSE_BELOW_EMA21,6.000001968876008,-1.5806431924143147,Model 4 Full Adaptive
BALAMINES,Chemicals,2026-08-07,2026-08-10,2114.2725,2109.0,1998.541125,2003.55,-5.4738154613466365,1,STOP_LOSS_INTRADAY,0.0,-5.353249142440138,Model 4 Full Adaptive
AHLWEST,Diversified / Other,2026-08-06,2026-08-11,521.1997744750977,519.9000244140625,543.6375,545.0,4.30501443472409,3,DAILY_CLOSE_BELOW_EMA21,5.789569950465142,0.0,Model 4 Full Adaptive
SATIN,Finance,2026-08-05,2026-08-11,236.48974388122556,235.89999389648438,223.544731716156,224.10499420166013,-5.473815461346624,4,STOP_LOSS_INTRADAY,1.3098820163749645,-5.375155999938421,Model 4 Full Adaptive
WELENT,Real Estate,2026-08-10,2026-08-11,591.475,590.0,559.09875,560.5,-5.473815461346638,1,STOP_LOSS_INTRADAY,0.0,-5.355928065413136,Model 4 Full Adaptive
NAM-INDIA,Finance,2026-07-27,2026-08-12,1126.4089755249022,1123.5999755859375,1177.2494512939454,1180.199951171875,4.5135005911464585,12,DAILY_CLOSE_BELOW_EMA21,8.134569811324445,-0.39160061495800275,Model 4 Full Adaptive
RML,Automobile & Ancillaries,2026-08-10,2026-08-12,1060.3442010498047,1057.699951171875,1093.26,1096.0,3.1042560441794884,2,DAILY_CLOSE_BELOW_EMA21,6.221050568757431,-0.7090857848381671,Model 4 Full Adaptive
PSPPROJECT,Real Estate,2026-08-06,2026-08-13,947.86375,945.5,895.9794374999999,898.2249999999999,-5.473815461346642,5,STOP_LOSS_INTRADAY,3.6488630354309888,-5.013223100376784,Model 4 Full Adaptive
SICAGEN,Diversified / Other,2026-08-04,2026-08-18,50.125,50.0,56.80762576103211,56.95000076293945,13.331921717769788,10,DAILY_CLOSE_BELOW_EMA21,48.1199951171875,-1.7600021362304688,Model 4 Full Adaptive
SCHNEIDER,Capital Goods,2026-08-19,2026-08-21,1292.1222744750976,1288.9000244140625,1221.393885635376,1224.4550231933592,-5.473815461346633,2,STOP_LOSS_INTRADAY,0.007756659480470503,-5.9663296576490845,Model 4 Full Adaptive
TITAN,Diamond  &  Jewellery,2026-05-15,2026-08-24,4151.764388333205,4141.410861180254,5066.302500000001,5079.0,22.02769777198153,71,END_OF_DATA,24.788391522380373,-4.625755061439472,Model 4 Full Adaptive
BHARATFORG,Metals & Mining,2026-08-13,2026-08-24,2085.2,2080.0,2035.8975,2041.0,-2.364401496259341,7,END_OF_DATA,1.1057692307692308,-2.822113037109375,Model 4 Full Adaptive
RICOAUTO,Automobile & Ancillaries,2026-08-14,2026-08-24,132.580625,132.25,126.85207317352295,127.16999816894531,-4.320806170944694,6,END_OF_DATA,3.9697542533081283,-4.158790170132325,Model 4 Full Adaptive
RANEHOLDIN,Finance,2026-08-24,2026-08-24,1630.867048950195,1626.800048828125,1609.3665243530274,1613.4000244140625,-1.3183493167642184,0,END_OF_DATA,0.4917629554881589,-3.596016612007162,Model 4 Full Adaptive
