date,baseline,eviction_at_45_days,eviction_at_60_days,eviction_at_90_days
2018-01-01,10038615.88,10038615.88,10038615.88,10038615.88
2018-01-02,10048298.82,10048298.82,10048298.82,10048298.82
2018-01-03,10048868.11,10048868.11,10048868.11,10048868.11
2018-01-04,10023805.75,10023805.75,10023805.75,10023805.75
2018-01-05,10039944.94,10039944.94,10039944.94,10039944.94
2018-01-08,10051716.71,10051716.71,10051716.71,10051716.71
2018-01-09,10077727.88,10077727.88,10077727.88,10077727.88
2018-01-10,10070323.54,10070323.54,10070323.54,10070323.54
2018-01-11,10107726.95,10107726.95,10107726.95,10107726.95
2018-01-12,10170192.72,10170192.72,10170192.72,10170192.72
2018-01-15,10233418.26,10233418.26,10233418.26,10233418.26
2018-01-16,10272341.21,10272341.21,10272341.21,10272341.21
2018-01-17,10258290.85,10258290.85,10258290.85,10258290.85
2018-01-18,10187850.73,10187850.73,10187850.73,10187850.73
2018-01-19,10232659.21,10232659.21,10232659.21,10232659.21
2018-01-22,10215190.96,10215190.96,10215190.96,10215190.96
2018-01-23,10251076.27,10251076.27,10251076.27,10251076.27
2018-01-24,10303669.34,10303669.34,10303669.34,10303669.34
2018-01-25,10379235.94,10379235.94,10379235.94,10379235.94
2018-01-29,10308036.04,10308036.04,10308036.04,10308036.04
2018-01-30,10308795.09,10308795.09,10308795.09,10308795.09
2018-01-31,10286581.34,10286581.34,10286581.34,10286581.34
2018-02-01,10306896.75,10306896.75,10306896.75,10306896.75
2018-02-02,10387589.81,10387589.81,10387589.81,10387589.81
2018-02-05,10322845.45,10322845.45,10322845.45,10322845.45
2018-02-06,10391576.99,10391576.99,10391576.99,10391576.99
2018-02-07,10290948.04,10290948.04,10290948.04,10290948.04
2018-02-08,10170572.96,10170572.96,10170572.96,10170572.96
2018-02-09,10230570.38,10230570.38,10230570.38,10230570.38
2018-02-12,10252784.85,10252784.85,10252784.85,10252784.85
2018-02-14,10302530.04,10302530.04,10302530.04,10302530.04
2018-02-15,10432208.53,10432208.53,10432208.53,10432208.53
2018-02-16,10493535.73,10493535.73,10493535.73,10493535.73
2018-02-19,10468663.13,10468663.13,10468663.13,10468663.13
2018-02-20,10443790.54,10443790.54,10443790.54,10443790.54
2018-02-21,10372211.12,10372211.12,10372211.12,10372211.12
2018-02-22,10363856.52,10363856.52,10363856.52,10363856.52
2018-02-23,10372400.88,10372400.88,10372400.88,10372400.88
2018-02-26,10428031.59,10428031.59,10428031.59,10428031.59
2018-02-27,10417399.12,10417399.12,10417399.12,10417399.12
2018-02-28,10367653.93,10367653.93,10367653.93,10367653.93
2018-03-01,10323035.21,10323035.21,10323035.21,10323035.21
2018-03-05,10404677.82,10404677.82,10404677.82,10404677.82
2018-03-06,10366324.87,10366324.87,10366324.87,10366324.87
2018-03-07,10420057.24,10420057.24,10420057.24,10420057.24
2018-03-08,10384741.93,10384741.93,10384741.93,10384741.93
2018-03-09,10348477.82,10348477.82,10348477.82,10348477.82
2018-03-12,10329680.51,10329680.51,10329680.51,10329680.51
2018-03-13,10312023.22,10312023.22,10312023.22,10312023.22
2018-03-14,10351325.7,10351325.7,10351325.7,10351325.7
2018-03-15,10330060.76,10330060.76,10330060.76,10330060.76
2018-03-16,10315441.11,10315441.11,10315441.11,10315441.11
2018-03-19,10266265.21,10266265.21,10266265.21,10266265.21
2018-03-20,10312782.99,10312782.99,10312782.99,10312782.99
2018-03-21,10318858.28,10318858.28,10318858.28,10318858.28
2018-03-22,10386070.99,10386070.99,10386070.99,10386070.99
2018-03-23,10452144.41,10452144.41,10452144.41,10452144.41
2018-03-26,10459359.72,10459359.72,10459359.72,10459359.72
2018-03-27,10477017.01,10477017.01,10477017.01,10477017.01
2018-03-28,10426702.53,10426702.53,10426702.53,10426702.53
2018-04-02,10424613.7,10424613.7,10424613.7,10424613.7
2018-04-03,10448157.24,10448157.24,10448157.24,10448157.24
2018-04-04,10526951.96,10526951.96,10526951.96,10526951.96
2018-04-05,10378665.93,10378665.93,10378665.93,10378665.93
2018-04-06,10340693.23,10340693.23,10340693.23,10340693.23
2018-04-09,10395374.41,10395374.41,10395374.41,10395374.41
2018-04-10,10453283.71,10453283.71,10453283.71,10453283.71
2018-04-11,10543469.96,10543469.96,10543469.96,10543469.96
2018-04-12,10578975.02,10578975.02,10578975.02,10578975.02
2018-04-13,10518787.85,10518787.85,10518787.85,10518787.85
2018-04-16,10623973.99,10623973.99,10623973.99,10623973.99
2018-04-17,10638593.63,10638593.63,10638593.63,10638593.63
2018-04-18,10697261.99,10697261.99,10697261.99,10697261.99
2018-04-19,10672769.64,10672769.64,10672769.64,10672769.64
2018-04-20,10650365.4,10650365.4,10650365.4,10650365.4
2018-04-23,10637454.34,10637454.34,10637454.34,10637454.34
2018-04-24,10597202.32,10597202.32,10597202.32,10597202.32
2018-04-25,10643719.38,10643719.38,10643719.38,10643719.38
2018-04-26,10615619.38,10615619.38,10615619.38,10615619.38
2018-04-27,10594923.73,10594923.73,10594923.73,10594923.73
2018-04-30,10537204.91,10537204.91,10537204.91,10537204.91
2018-05-02,10520306.67,10520306.67,10520306.67,10520306.67
2018-05-03,10506256.31,10506256.31,10506256.31,10506256.31
2018-05-04,10537394.67,10537394.67,10537394.67,10537394.67
2018-05-07,10599101.39,10599101.39,10599101.39,10599101.39
2018-05-08,10552204.08,10552204.08,10552204.08,10552204.08
2018-05-09,10573658.79,10573658.79,10573658.79,10573658.79
2018-05-10,10684161.16,10684161.16,10684161.16,10684161.16
2018-05-11,10696882.46,10696882.46,10696882.46,10696882.46
2018-05-14,10698211.52,10698211.52,10698211.52,10698211.52
2018-05-15,10659288.57,10659288.57,10659288.57,10659288.57
2018-05-16,10506826.32,10506826.32,10506826.32,10506826.32
2018-05-17,10465815.25,10465815.25,10465815.25,10465815.25
2018-05-18,10520116.91,10520116.91,10520116.91,10520116.91
2018-05-21,10485181.13,10485181.13,10485181.13,10485181.13
2018-05-22,10546698.08,10546698.08,10546698.08,10546698.08
2018-05-23,10588088.67,10588088.67,10588088.67,10588088.67
2018-05-24,10597582.57,10597582.57,10597582.57,10597582.57
2018-05-25,10559988.67,10559988.67,10559988.67,10559988.67
2018-05-28,10488599.02,10488599.02,10488599.02,10488599.02
2018-05-29,10598151.86,10598151.86,10598151.86,10598151.86
2018-05-30,10535116.08,10535116.08,10535116.08,10535116.08
2018-05-31,10549735.73,10549735.73,10549735.73,10549735.73
2018-06-01,10497902.43,10497902.43,10497902.43,10497902.43
2018-06-04,10453093.95,10453093.95,10453093.95,10453093.95
2018-06-05,10415500.05,10415500.05,10415500.05,10415500.05
2018-06-06,10418728.18,10418728.18,10418728.18,10418728.18
2018-06-07,10458220.42,10458220.42,10458220.42,10458220.42
2018-06-08,10526002.43,10526002.43,10526002.43,10526002.43
2018-06-11,10469232.42,10469232.42,10469232.42,10469232.42
2018-06-12,10456891.36,10456891.36,10456891.36,10456891.36
2018-06-13,10474169.13,10474169.13,10474169.13,10474169.13
2018-06-14,10528470.78,10528470.78,10528470.78,10528470.78
2018-06-15,10537394.67,10537394.67,10537394.67,10537394.67
2018-06-18,10424423.94,10424423.94,10424423.94,10424423.94
2018-06-19,10461828.08,10461828.08,10461828.08,10461828.08
2018-06-20,10405627.35,10405627.35,10405627.35,10405627.35
2018-06-21,10338224.87,10338224.87,10338224.87,10338224.87
2018-06-22,10340123.22,10340123.22,10340123.22,10340123.22
2018-06-25,10381514.53,10381514.53,10381514.53,10381514.53
2018-06-26,10311643.69,10311643.69,10311643.69,10311643.69
2018-06-27,10372211.12,10372211.12,10372211.12,10372211.12
2018-06-28,10350755.69,10350755.69,10350755.69,10350755.69
2018-06-29,10302340.28,10302340.28,10302340.28,10302340.28
2018-07-02,10307656.52,10307656.52,10307656.52,10307656.52
2018-07-03,10329111.22,10329111.22,10329111.22,10329111.22
2018-07-04,10348477.82,10348477.82,10348477.82,10348477.82
2018-07-05,10349996.64,10349996.64,10349996.64,10349996.64
2018-07-06,10376767.58,10376767.58,10376767.58,10376767.58
2018-07-09,10388159.83,10388159.83,10388159.83,10388159.83
2018-07-10,10342781.34,10342781.34,10342781.34,10342781.34
2018-07-11,10333288.16,10333288.16,10333288.16,10333288.16
2018-07-12,10236646.39,10236646.39,10236646.39,10236646.39
2018-07-13,10200951.56,10200951.56,10200951.56,10200951.56
2018-07-16,10253354.14,10253354.14,10253354.14,10253354.14
2018-07-17,10201900.37,10201900.37,10201900.37,10201900.37
2018-07-18,10088740.6,10088740.6,10088740.6,10088740.6
2018-07-19,10101841.42,10101841.42,10101841.42,10101841.42
2018-07-20,10116840.6,10116840.6,10116840.6,10116840.6
2018-07-23,10187470.48,10187470.48,10187470.48,10187470.48
2018-07-24,10150826.84,10150826.84,10150826.84,10150826.84
2018-07-25,10158231.19,10158231.19,10158231.19,10158231.19
2018-07-26,10125954.25,10125954.25,10125954.25,10125954.25
2018-07-27,10078297.89,10078297.89,10078297.89,10078297.89
2018-07-30,10102220.95,10102220.95,10102220.95,10102220.95
2018-07-31,10064437.29,10064437.29,10064437.29,10064437.29
2018-08-01,10070892.82,10070892.82,10070892.82,10070892.82
2018-08-02,10043362.11,10043362.11,10043362.11,10043362.11
2018-08-03,10002540.81,10002540.81,10002540.81,10002540.81
2018-08-06,10009566.35,10009566.35,10009566.35,10009566.35
2018-08-07,10019059.52,10019059.52,10019059.52,10019059.52
2018-08-08,10003869.87,10003869.87,10003869.87,10003869.87
2018-08-09,9998933.15,9998933.15,9998933.15,9998933.15
2018-08-10,10014692.1,10014692.1,10014692.1,10014692.1
2018-08-13,10087221.05,10087221.05,10087221.05,10087221.05
2018-08-14,10040134.7,10040134.7,10040134.7,10040134.7
2018-08-16,9982794.68,9982794.68,9982794.68,9982794.68
2018-08-17,9953365.63,9953365.63,9953365.63,9953365.63
2018-08-20,9955263.97,9955263.97,9955263.97,9955263.97
2018-08-21,10018299.75,10018299.75,10018299.75,10018299.75
2018-08-23,10006338.22,10006338.22,10006338.22,10006338.22
2018-08-24,10032539.88,10032539.88,10032539.88,10032539.88
2018-08-27,10134497.89,10134497.89,10134497.89,10134497.89
2018-08-28,10230190.85,10230190.85,10230190.85,10230190.85
2018-08-29,10216140.49,10216140.49,10216140.49,10216140.49
2018-08-30,10246708.85,10246708.85,10246708.85,10246708.85
2018-08-31,10270822.39,10270822.39,10270822.39,10270822.39
2018-09-03,10208166.14,10208166.14,10208166.14,10208166.14
2018-09-04,10227722.5,10227722.5,10227722.5,10227722.5
2018-09-05,10248418.15,10248418.15,10248418.15,10248418.15
2018-09-06,10345629.22,10345629.22,10345629.22,10345629.22
2018-09-07,10287530.15,10287530.15,10287530.15,10287530.15
2018-09-10,10322276.17,10322276.17,10322276.17,10322276.17
2018-09-11,10365755.59,10365755.59,10365755.59,10365755.59
2018-09-12,10359489.82,10359489.82,10359489.82,10359489.82
2018-09-14,10323224.98,10323224.98,10323224.98,10323224.98
2018-09-17,10372970.17,10372970.17,10372970.17,10372970.17
2018-09-18,10428981.13,10428981.13,10428981.13,10428981.13
2018-09-19,10442081.95,10442081.95,10442081.95,10442081.95
2018-09-21,10403918.77,10403918.77,10403918.77,10403918.77
2018-09-24,10383412.88,10383412.88,10383412.88,10383412.88
2018-09-25,10384931.7,10384931.7,10384931.7,10384931.7
2018-09-26,10365375.34,10365375.34,10365375.34,10365375.34
2018-09-27,10347148.76,10347148.76,10347148.76,10347148.76
2018-09-28,10263417.33,10263417.33,10263417.33,10263417.33
2018-10-01,10316200.16,10316200.16,10316200.16,10316200.16
2018-10-03,10630049.27,10630049.27,10630049.27,10630049.27
2018-10-04,10551824.56,10551824.56,10551824.56,10551824.56
2018-10-05,10587519.39,10587519.39,10587519.39,10587519.39
2018-10-08,10532268.2,10532268.2,10532268.2,10532268.2
2018-10-09,10503978.44,10503978.44,10503978.44,10503978.44
2018-10-10,10527901.5,10527901.5,10527901.5,10527901.5
2018-10-11,10620366.33,10620366.33,10620366.33,10620366.33
2018-10-12,10686439.76,10686439.76,10686439.76,10686439.76
2018-10-15,10822953.3,10822953.3,10822953.3,10822953.3
2018-10-16,10744349.06,10744349.06,10744349.06,10744349.06
2018-10-17,10766183.29,10766183.29,10766183.29,10766183.29
2018-10-19,10847256.61,10847256.61,10847256.61,10847256.61
2018-10-22,10768461.88,10768461.88,10768461.88,10768461.88
2018-10-23,10819156.61,10819156.61,10819156.61,10819156.61
2018-10-24,10765614.0,10765614.0,10765614.0,10765614.0
2018-10-25,10772638.82,10772638.82,10772638.82,10772638.82
2018-10-26,10823143.79,10823143.79,10823143.79,10823143.79
2018-10-29,10765614.0,10765614.0,10765614.0,10765614.0
2018-10-30,10724032.93,10724032.93,10724032.93,10724032.93
2018-10-31,10773208.83,10773208.83,10773208.83,10773208.83
2018-11-01,10796372.12,10796372.12,10796372.12,10796372.12
2018-11-02,10710362.82,10710362.82,10710362.82,10710362.82
2018-11-05,10799979.77,10799979.77,10799979.77,10799979.77
2018-11-06,10753082.46,10753082.46,10753082.46,10753082.46
2018-11-07,10747576.47,10747576.47,10747576.47,10747576.47
2018-11-09,10635365.51,10635365.51,10635365.51,10635365.51
2018-11-12,10520116.91,10520116.91,10520116.91,10520116.91
2018-11-13,10514800.67,10514800.67,10514800.67,10514800.67
2018-11-14,10518598.08,10518598.08,10518598.08,10518598.08
2018-11-15,10486320.42,10486320.42,10486320.42,10486320.42
2018-11-16,10447017.94,10447017.94,10447017.94,10447017.94
2018-11-19,10455182.78,10455182.78,10455182.78,10455182.78
2018-11-20,10454423.01,10454423.01,10454423.01,10454423.01
2018-11-21,10447777.71,10447777.71,10447777.71,10447777.71
2018-11-22,10443411.01,10443411.01,10443411.01,10443411.01
2018-11-26,10364046.28,10364046.28,10364046.28,10364046.28
2018-11-27,10346958.27,10346958.27,10346958.27,10346958.27
2018-11-28,10256772.03,10256772.03,10256772.03,10256772.03
2018-11-29,10294935.22,10294935.22,10294935.22,10294935.22
2018-11-30,10247278.86,10247278.86,10247278.86,10247278.86
2018-12-03,10352844.52,10352844.52,10352844.52,10352844.52
2018-12-04,10459929.01,10459929.01,10459929.01,10459929.01
2018-12-05,10399931.59,10399931.59,10399931.59,10399931.59
2018-12-06,10492775.95,10492775.95,10492775.95,10492775.95
2018-12-07,10452714.43,10452714.43,10452714.43,10452714.43
2018-12-10,10670870.57,10670870.57,10670870.57,10670870.57
2018-12-11,10701628.69,10701628.69,10701628.69,10701628.69
2018-12-12,10649795.39,10649795.39,10649795.39,10649795.39
2018-12-13,10607075.75,10607075.75,10607075.75,10607075.75
2018-12-14,10581633.14,10581633.14,10581633.14,10581633.14
2018-12-17,10564925.38,10564925.38,10564925.38,10564925.38
2018-12-18,10525052.89,10525052.89,10525052.89,10525052.89
2018-12-19,10470561.48,10470561.48,10470561.48,10470561.48
2018-12-20,10474738.42,10474738.42,10474738.42,10474738.42
2018-12-21,10530939.14,10530939.14,10530939.14,10530939.14
2018-12-24,10585810.8,10585810.8,10585810.8,10585810.8
2018-12-26,10627011.63,10627011.63,10627011.63,10627011.63
2018-12-27,10649795.39,10649795.39,10649795.39,10649795.39
2018-12-28,10689287.64,10689287.64,10689287.64,10689287.64
2018-12-31,10640302.22,10640302.22,10640302.22,10640302.22
2019-01-01,10700109.87,10700109.87,10700109.87,10700109.87
2019-01-02,10742070.47,10742070.47,10742070.47,10742070.47
2019-01-03,10811182.26,10811182.26,10811182.26,10811182.26
2019-01-04,10745678.12,10745678.12,10745678.12,10745678.12
2019-01-07,10717767.88,10717767.88,10717767.88,10717767.88
2019-01-08,10694793.63,10694793.63,10694793.63,10694793.63
2019-01-09,10760108.01,10760108.01,10760108.01,10760108.01
2019-01-10,10852383.08,10852383.08,10852383.08,10852383.08
2019-01-11,10835295.08,10835295.08,10835295.08,10835295.08
2019-01-14,10864154.85,10864154.85,10864154.85,10864154.85
2019-01-15,10868331.79,10868331.79,10868331.79,10868331.79
2019-01-16,10903456.61,10903456.61,10903456.61,10903456.61
2019-01-17,10941240.27,10941240.27,10941240.27,10941240.27
2019-01-18,10878584.74,10878584.74,10878584.74,10878584.74
2019-01-21,10853712.14,10853712.14,10853712.14,10853712.14
2019-01-22,10908583.08,10908583.08,10908583.08,10908583.08
2019-01-23,10910292.39,10910292.39,10910292.39,10910292.39
2019-01-24,10855230.96,10855230.96,10855230.96,10855230.96
2019-01-25,10886748.85,10886748.85,10886748.85,10886748.85
2019-01-28,11005605.1,11005605.1,11005605.1,11005605.1
2019-01-29,11075665.7,11075665.7,11075665.7,11075665.7
2019-01-30,11101867.36,11101867.36,11101867.36,11101867.36
2019-01-31,11144587.0,11144587.0,11144587.0,11144587.0
2019-02-01,11189775.73,11189775.73,11189775.73,11189775.73
2019-02-04,11189015.96,11189015.96,11189015.96,11189015.96
2019-02-05,11204015.13,11204015.13,11204015.13,11204015.13
2019-02-06,11255279.14,11255279.14,11255279.14,11255279.14
2019-02-07,11123892.07,11123892.07,11123892.07,11123892.07
2019-02-08,11093513.48,11093513.48,11093513.48,11093513.48
2019-02-11,11126550.19,11126550.19,11126550.19,11126550.19
2019-02-12,11090285.35,11090285.35,11090285.35,11090285.35
2019-02-14,11090285.35,11090285.35,11090285.35,11090285.35
2019-02-15,11189585.24,11189585.24,11189585.24,11189585.24
2019-02-18,11276164.56,11276164.56,11276164.56,11276164.56
2019-02-19,11305214.09,11305214.09,11305214.09,11305214.09
2019-02-20,11361794.34,11361794.34,11361794.34,11361794.34
2019-02-21,11272747.39,11272747.39,11272747.39,11272747.39
2019-02-22,11204015.13,11204015.13,11204015.13,11204015.13
2019-02-25,11228318.44,11228318.44,11228318.44,11228318.44
2019-02-26,11215977.38,11215977.38,11215977.38,11215977.38
2019-02-27,11238571.39,11238571.39,11238571.39,11238571.39
2019-02-28,11203066.32,11203066.32,11203066.32,11203066.32
2019-03-01,11040350.4,11040350.4,11040350.4,11040350.4
2019-03-05,10813080.6,10813080.6,10813080.6,10813080.6
2019-03-06,10830358.37,10830358.37,10830358.37,10830358.37
2019-03-07,10755740.58,10755740.58,10755740.58,10755740.58
2019-03-08,10810422.48,10810422.48,10810422.48,10810422.48
2019-03-11,10823143.79,10823143.79,10823143.79,10823143.79
2019-03-12,10768651.65,10768651.65,10768651.65,10768651.65
2019-03-13,10858648.85,10858648.85,10858648.85,10858648.85
2019-03-14,10769031.89,10769031.89,10769031.89,10769031.89
2019-03-15,10765044.72,10765044.72,10765044.72,10765044.72
2019-03-18,10675997.05,10675997.05,10675997.05,10675997.05
2019-03-19,10763715.66,10763715.66,10763715.66,10763715.66
2019-03-20,10683021.87,10683021.87,10683021.87,10683021.87
2019-03-22,10780993.42,10780993.42,10780993.42,10780993.42
2019-03-25,10781942.23,10781942.23,10781942.23,10781942.23
2019-03-26,10763905.42,10763905.42,10763905.42,10763905.42
2019-03-27,10777575.53,10777575.53,10777575.53,10777575.53
2019-03-28,10728020.11,10728020.11,10728020.11,10728020.11
2019-04-01,10667643.17,10667643.17,10667643.17,10667643.17
2019-04-02,10630998.81,10630998.81,10630998.81,10630998.81
2019-04-03,10588088.67,10588088.67,10588088.67,10588088.67
2019-04-04,10647516.8,10647516.8,10647516.8,10647516.8
2019-04-05,10645808.22,10645808.22,10645808.22,10645808.22
2019-04-08,10745488.36,10745488.36,10745488.36,10745488.36
2019-04-09,10729349.16,10729349.16,10729349.16,10729349.16
2019-04-10,10738462.82,10738462.82,10738462.82,10738462.82
2019-04-11,10714729.52,10714729.52,10714729.52,10714729.52
2019-04-12,10698591.05,10698591.05,10698591.05,10698591.05
2019-04-15,10638339.04,10638339.04,10638339.04,10638339.04
2019-04-16,10665617.3,10665617.3,10665617.3,10665617.3
2019-04-18,10636276.16,10636276.16,10636276.16,10636276.16
2019-04-22,10640637.08,10640637.08,10640637.08,10640637.08
2019-04-23,10619822.95,10619822.95,10619822.95,10619822.95
2019-04-24,10630767.48,10630767.48,10630767.48,10630767.48
2019-04-25,10710338.09,10710338.09,10710338.09,10710338.09
2019-04-26,10697952.19,10697952.19,10697952.19,10697952.19
2019-04-30,10707311.64,10707311.64,10707311.64,10707311.64
2019-05-02,10571043.39,10571043.39,10571043.39,10571043.39
2019-05-03,10562076.46,10562076.46,10562076.46,10562076.46
2019-05-06,10515288.13,10515288.13,10515288.13,10515288.13
2019-05-07,10481195.2,10481195.2,10481195.2,10481195.2
2019-05-08,10479112.26,10479112.26,10479112.26,10479112.26
2019-05-09,10437995.45,10437995.45,10437995.45,10437995.45
2019-05-10,10420923.76,10420923.76,10420923.76,10420923.76
2019-05-13,10421457.48,10421457.48,10421457.48,10421457.48
2019-05-14,10344507.48,10344507.48,10344507.48,10344507.48
2019-05-15,10362986.18,10362986.18,10362986.18,10362986.18
2019-05-16,10469483.97,10469483.97,10469483.97,10469483.97
2019-05-17,10521939.91,10521939.91,10521939.91,10521939.91
2019-05-20,10724946.47,10724946.47,10724946.47,10724946.47
2019-05-21,10698019.86,10698019.86,10698019.86,10698019.86
2019-05-22,10662698.27,10662698.27,10662698.27,10662698.27
2019-05-23,10759071.18,10759071.18,10759071.18,10759071.18
2019-05-24,10796335.9,10796335.9,10796335.9,10796335.9
2019-05-27,10748594.02,10748594.02,10748594.02,10748594.02
2019-05-28,10709479.89,10709479.89,10709479.89,10709479.89
2019-05-29,10763359.93,10763359.93,10763359.93,10763359.93
2019-05-30,10756331.18,10756331.18,10756331.18,10756331.18
2019-05-31,10811187.97,10811187.97,10811187.97,10811187.97
2019-06-03,10904902.64,10904902.64,10904902.64,10904902.64
2019-06-04,10841607.95,10841607.95,10841607.95,10841607.95
2019-06-06,10759699.49,10759699.49,10759699.49,10759699.49
2019-06-07,10664902.18,10664902.18,10664902.18,10664902.18
2019-06-10,10805509.02,10805509.02,10805509.02,10805509.02
2019-06-11,10793362.7,10793362.7,10793362.7,10793362.7
2019-06-12,10695514.52,10695514.52,10695514.52,10695514.52
2019-06-13,10694660.71,10694660.71,10694660.71,10694660.71
2019-06-14,10635403.3,10635403.3,10635403.3,10635403.3
2019-06-17,10556168.74,10556168.74,10556168.74,10556168.74
2019-06-18,10623547.29,10623547.29,10623547.29,10623547.29
2019-06-19,10695093.21,10695093.21,10695093.21,10695093.21
2019-06-20,10898606.01,10898606.01,10898606.01,10898606.01
2019-06-21,10908816.35,10894137.47,10908816.35,10908816.35
2019-06-24,11006722.31,10971347.21,11006722.31,11006722.31
2019-06-25,11048761.85,10994970.44,11048761.85,11048761.85
2019-06-26,11043975.21,11001016.16,11043975.21,11043975.21
2019-06-27,11106035.12,11106435.14,11106035.12,11106035.12
2019-06-28,11033707.68,11028438.55,11033707.68,11033707.68
2019-07-01,11009198.24,11019441.04,11009198.24,11009198.24
2019-07-02,11088243.18,11107361.54,11088243.18,11088243.18
2019-07-03,11144974.91,11145846.6,11144974.91,11144974.91
2019-07-04,11129810.43,11179779.97,11129810.43,11129810.43
2019-07-05,11022097.1,11084232.44,11022097.1,11022097.1
2019-07-08,10719761.1,10856031.77,10719761.1,10719761.1
2019-07-09,10788075.83,10886911.92,10788075.83,10788075.83
2019-07-10,10697634.43,10830691.34,10697634.43,10697634.43
2019-07-11,10719191.68,10753390.86,10719191.68,10719191.68
2019-07-12,10695962.5,10853176.44,10695962.5,10695962.5
2019-07-15,10700222.58,10813456.02,10700222.58,10700222.58
2019-07-16,10873132.3,10906232.22,10873132.3,10873132.3
2019-07-17,10812299.64,10864526.58,10812299.64,10812299.64
2019-07-18,10768252.38,10855125.04,10768252.38,10768252.38
2019-07-19,10641298.14,10783366.87,10641298.14,10641298.14
2019-07-22,10567809.67,10678102.78,10567809.67,10567809.67
2019-07-23,10518401.36,10653547.21,10518401.36,10518401.36
2019-07-24,10403904.02,10586951.88,10403904.02,10403904.02
2019-07-25,10459517.45,10576750.16,10459517.45,10459517.45
2019-07-26,10469607.52,10525616.29,10469607.52,10469607.52
2019-07-29,10364036.07,10531903.56,10320722.38,10364036.07
2019-07-30,10283634.35,10482865.07,10250323.37,10283634.35
2019-07-31,10296265.57,10398902.9,10266217.47,10296265.57
2019-08-01,10294309.98,10348954.41,10244181.6,10294309.98
2019-08-02,10361340.41,10540138.5,10330749.91,10361340.41
2019-08-05,10346724.65,10636021.02,10308616.5,10346724.65
2019-08-06,10478153.39,10748339.16,10404824.34,10478153.39
2019-08-07,10527037.88,10847996.06,10527730.51,10527037.88
2019-08-08,10570045.19,10827639.22,10582391.33,10570045.19
2019-08-09,10738594.24,10840783.45,10650517.21,10738594.24
2019-08-13,10508307.72,10952306.54,10643265.57,10508307.72
2019-08-14,10566672.76,10897097.29,10537230.45,10566672.76
2019-08-16,10620314.99,10976224.86,10602229.8,10620314.99
2019-08-19,10717128.01,11051119.36,10667989.73,10717128.01
2019-08-20,10688667.51,11064209.0,10700219.31,10688667.51
2019-08-21,10547898.63,10968185.1,10601279.66,10547898.63
2019-08-22,10510058.59,11021764.81,10654641.76,10510058.59
2019-08-23,10452010.06,10954777.86,10575353.29,10452010.06
2019-08-26,10731718.3,11238358.05,10845401.05,10731718.3
2019-08-27,10742754.68,11244624.3,10929838.38,10742754.68
2019-08-28,10716727.28,11301797.05,11023435.16,10716727.28
2019-08-29,10726433.75,11300632.63,10986499.63,10726433.75
2019-08-30,10720262.31,11172467.59,10904454.52,10720262.31
2019-09-03,10756312.74,11362813.11,11043909.21,10756312.74
2019-09-04,10784108.33,11402620.12,11058848.43,10784108.33
2019-09-05,10734191.3,11397355.48,11073150.6,10734191.3
2019-09-06,10602141.38,11188510.85,10843842.12,10602141.38
2019-09-09,10654736.58,11255331.02,10874561.97,10654736.58
2019-09-11,10613966.38,11135236.4,10779571.96,10613966.38
2019-09-12,10607492.55,11072260.29,10721600.51,10607492.55
2019-09-13,10627660.23,11091297.59,10727463.87,10626945.71
2019-09-16,10625998.31,11121363.78,10760863.67,10629901.25
2019-09-17,10468936.7,11131765.45,10731868.81,10482946.92
2019-09-18,10587098.02,11099772.39,10805044.0,10544427.24
2019-09-19,10492033.0,10997582.59,10739868.97,10416157.42
2019-09-20,10786162.24,11023202.59,10800775.33,10687164.28
2019-09-23,10948082.45,11111488.08,10891196.52,10840941.02
2019-09-24,11005902.01,11145824.8,10844578.29,10886880.76
2019-09-25,10902508.38,11215006.4,10848506.75,10799208.14
2019-09-26,10885369.93,11183656.66,10834927.36,10786658.52
2019-09-27,10927200.87,11173712.2,10862212.46,10854223.2
2019-09-30,10844590.62,11130628.23,10854102.74,10758227.94
2019-10-01,10718676.77,11069616.37,10765576.44,10682513.59
2019-10-03,10695042.35,11229776.4,10911205.04,10732717.24
2019-10-04,10590397.62,11240789.24,10898535.81,10690387.36
2019-10-07,10599474.33,11210007.13,10922859.26,10710385.17
2019-10-09,10662084.33,11263301.61,10952445.66,10788398.29
2019-10-10,10623551.19,11312645.36,11002692.12,10765622.43
2019-10-11,10647797.03,11288966.56,10985119.72,10740003.92
2019-10-14,10749959.78,11292667.41,11028513.07,10774825.73
2019-10-15,10817166.68,11352443.36,11128078.21,10844334.61
2019-10-16,10825159.98,11283417.77,11084346.72,10777910.67
2019-10-17,10822122.35,11292406.27,11065251.58,10806828.34
2019-10-18,10961339.66,11237986.08,11112866.69,10906093.56
2019-10-22,10916908.31,11210690.53,11071926.76,10879701.74
2019-10-23,10990454.14,11251759.95,11162221.56,10950416.32
2019-10-24,11023199.27,11281444.23,11174109.23,10933475.09
2019-10-25,11027592.79,11451881.47,11273348.17,10966529.59
2019-10-27,11038856.2,11483812.21,11262480.37,10965700.85
2019-10-29,11098662.6,11377566.11,11194700.67,10994186.28
2019-10-30,11023259.48,11373560.43,11144370.05,10939982.08
2019-10-31,11155619.98,11489577.98,11299835.51,11101468.01
2019-11-01,11174084.73,11497548.28,11339286.75,11086801.1
2019-11-04,11127629.67,11546360.16,11341625.08,11066875.29
2019-11-05,11026956.26,11488029.61,11311749.63,11002536.15
2019-11-06,11028315.13,11375942.88,11287788.84,10959042.42
2019-11-07,11116994.22,11391956.73,11305659.92,10974676.63
2019-11-08,11013123.1,11271865.76,11237911.33,10856416.24
2019-11-11,11009814.88,11283512.31,11222213.76,10820156.28
2019-11-13,10936092.65,11369195.89,11261038.12,10794756.19
2019-11-14,11130473.14,11420183.5,11280439.32,10944222.84
2019-11-15,11054560.47,11361808.75,11150307.74,10818360.53
2019-11-18,11078110.92,11375069.41,11141533.95,10790548.05
2019-11-19,11083150.3,11420595.26,11225542.3,10832496.65
2019-11-20,11073300.84,11406962.66,11241075.37,10805442.75
2019-11-21,10921894.97,11328672.47,11184103.84,10690064.35
2019-11-22,10928873.7,11393547.2,11221408.43,10717211.01
2019-11-25,10994315.79,11379732.22,11277220.22,10763381.52
2019-11-26,10942992.68,11309196.25,11208529.73,10671739.03
2019-11-27,11022722.66,11350036.26,11281934.61,10749114.19
2019-11-28,11048897.97,11390252.54,11322271.68,10775053.96
2019-11-29,11023760.04,11279646.44,11267333.19,10711261.38
2019-12-02,11102478.47,11260046.84,11344906.05,10782315.55
2019-12-03,11202107.41,11154603.38,11429487.85,10861508.61
2019-12-04,11195174.92,11303081.29,11465503.03,10861455.86
2019-12-05,11198662.84,11322051.97,11472732.84,10893453.55
2019-12-06,11116547.23,11269274.08,11417277.12,10835752.8
2019-12-09,11065890.53,11283483.74,11387112.27,10759347.07
2019-12-10,11013422.88,11164431.99,11337658.82,10729177.61
2019-12-11,11082647.87,11137423.82,11291766.54,10702128.96
2019-12-12,11132969.03,11250233.22,11363390.12,10774310.38
2019-12-13,11236770.3,11273776.57,11441272.08,10855690.48
2019-12-16,11165268.63,11243279.62,11389391.32,10771997.97
2019-12-17,11308986.63,11340543.01,11527125.22,10906991.79
2019-12-18,11426190.05,11309656.11,11700331.15,11033893.99
2019-12-19,11459288.89,11367531.14,11727663.05,11063023.23
2019-12-20,11447565.8,11290720.42,11676704.35,11052350.98
2019-12-23,11466813.25,11341458.45,11731051.76,11105610.65
2019-12-24,11488392.12,11339751.45,11746298.58,11083116.31
2019-12-26,11493191.73,11411754.74,11345949.86,11071766.34
2019-12-27,11490743.08,11443253.3,11017411.72,11087048.17
2019-12-30,11563095.3,11470792.75,10889783.75,11149762.39
2019-12-31,11526790.0,11478499.9,10760730.58,11113013.78
2020-01-01,11508656.8,11550643.13,10768761.31,11132143.04
2020-01-02,11535587.98,11617563.08,10790115.26,11164767.71
2020-01-03,11558682.17,11708053.66,10833396.6,11178582.01
2020-01-06,11419224.07,11454202.42,10737653.77,11019553.2
2020-01-07,11469646.39,11513708.25,10774273.99,11076793.78
2020-01-08,11508803.41,11542857.42,10769330.03,11057474.83
2020-01-09,11588869.48,11638023.31,10900269.19,11131871.13
2020-01-10,11653024.9,11637017.7,10978272.62,11201728.56
2020-01-13,11744825.41,11711887.01,11063416.33,11310060.65
2020-01-14,11821614.79,11745040.41,11142317.67,11377595.2
2020-01-15,11993349.12,11848680.49,11353490.41,11543597.5
2020-01-16,12188398.85,11966401.0,11552869.09,11767329.53
2020-01-17,12162871.33,11989292.05,11621133.51,11764667.34
2020-01-20,12291638.04,11926555.17,11760194.98,11896375.51
2020-01-21,12067052.43,11915079.04,11515001.69,11669403.83
2020-01-22,12046473.04,11892198.18,11485891.44,11656894.5
2020-01-23,12237822.24,11960433.97,11671754.85,11849435.07
2020-01-24,12276216.24,12087947.13,11731181.0,11905995.54
2020-01-27,12449193.68,12209287.92,11887829.65,12069225.78
2020-01-28,12414818.3,12186060.26,11819908.02,11991620.32
2020-01-29,12427929.74,12235040.73,11823402.11,12023689.41
2020-01-30,12555364.08,12239200.1,11658364.84,11959711.42
2020-01-31,12558389.04,12327171.86,11636769.26,11933273.57
2020-02-03,12382934.19,12255557.88,11554260.75,11891139.02
2020-02-04,12395188.53,12430156.39,11596081.57,11929923.54
2020-02-05,12658815.16,12541333.44,11850813.69,12158112.46
2020-02-06,12767834.07,12733659.37,11930424.87,12227438.1
2020-02-07,12809338.46,12844605.54,11898887.9,12210254.74
2020-02-10,12855530.93,13104630.85,11954320.22,12288178.36
2020-02-11,12909016.22,12958365.41,11929664.49,12272390.73
2020-02-12,13000630.49,12978431.33,11971389.16,12341706.87
2020-02-13,13076692.92,12933693.11,11919995.73,12264847.42
2020-02-14,12942550.81,12839760.37,11806867.28,12109087.74
2020-02-17,13085981.98,12720735.32,11787893.07,12333962.62
2020-02-18,13009062.48,12838044.57,11710142.51,12272045.22
2020-02-19,13250601.07,12967309.63,11917471.32,12439282.67
2020-02-20,13478169.08,13083732.24,12095125.39,12633570.02
2020-02-24,13273589.66,12971837.79,11890769.17,12386280.97
2020-02-25,13099441.48,12943522.73,11819315.74,12284155.24
2020-02-26,12958311.61,12860373.34,11752193.08,12154562.57
2020-02-27,12863049.74,12931343.26,11688228.14,12087300.4
2020-02-28,12607556.05,12703265.34,11440623.09,11771431.56
2020-03-02,12632561.94,12516625.68,11347378.81,11679825.59
2020-03-03,12825178.18,12709671.96,11477006.67,11763069.31
2020-03-04,12679279.8,12504567.25,11434552.94,11714745.82
2020-03-05,12810666.68,12555306.91,11454473.47,11807372.44
2020-03-06,12749386.62,12520535.99,11290645.34,11688742.78
2020-03-09,12476241.55,11925000.44,10734336.96,11339054.46
2020-03-11,12347072.21,11851629.95,10647207.87,11301336.16
2020-03-12,11531306.78,11290126.59,10135602.44,10596025.92
2020-03-13,11669752.77,11117452.26,9682322.67,10470279.08
2020-03-16,11024272.73,10713971.53,9316619.64,9897813.68
2020-03-17,10937629.39,10632819.91,9088715.59,9703048.75
2020-03-18,10459589.38,10329855.57,8946086.16,9391339.43
2020-03-19,10311345.8,10179976.69,8791965.41,9229167.83
2020-03-20,10917613.82,10551786.52,9125941.82,9598100.5
2020-03-23,9973368.76,9974183.35,8640686.13,8957905.55
2020-03-24,10054399.3,10274792.82,8932518.35,9111924.41
2020-03-25,10182555.63,10426676.38,9186940.8,9239018.29
2020-03-26,10349438.68,10530436.68,9240848.52,9389999.22
2020-03-27,10485493.92,10769231.5,9559707.32,9663680.93
2020-03-30,10533463.51,11075196.1,9749267.42,9917210.69
2020-03-31,10850351.1,10875654.98,9516037.72,9766431.67
2020-04-01,10688310.81,10848603.47,9488294.98,9650848.64
2020-04-03,10775314.86,11001184.14,9531441.73,9733223.87
2020-04-07,11259247.43,11316971.77,9760852.91,10113223.55
2020-04-08,11514385.46,11442425.8,9790379.73,10207956.98
2020-04-09,11830875.07,11725523.63,10036430.99,10419202.38
2020-04-13,12014232.87,12039767.17,10454718.31,10660025.81
2020-04-15,11985802.51,12066039.43,10499006.68,10713993.39
2020-04-16,12057394.61,12223829.37,10644176.96,10774509.35
2020-04-17,11905663.02,11995947.32,10449797.18,10640629.31
2020-04-20,11786629.43,11777128.68,10223429.53,10465707.97
2020-04-21,12013667.18,11851593.55,10346455.16,10540535.93
2020-04-22,12083699.02,11972179.88,10484244.2,10713573.16
2020-04-23,12080574.49,11962706.99,10484244.2,10685647.69
2020-04-24,12197448.51,11987422.33,10503927.81,10687067.75
2020-04-27,12247359.27,12024700.76,10471941.83,10689620.43
2020-04-28,12188315.41,12051880.02,10501467.71,10685980.58
2020-04-29,12101325.0,12106666.36,10425191.49,10619062.92
2020-04-30,12166084.23,12120595.78,10474401.93,10661060.14
2020-05-04,12098261.92,12215819.28,10513770.09,10573070.46
2020-05-05,11796520.55,11952134.64,10220969.43,10274026.7
2020-05-06,11725561.53,11892824.93,10176680.13,10221415.48
2020-05-07,11653430.23,11780169.7,10102864.94,10160320.32
2020-05-08,11807989.94,11870647.92,10213587.26,10300351.65
2020-05-11,11803829.58,11816859.19,10129929.79,10261076.57
2020-05-12,11822639.03,11854880.46,10147154.24,10270249.11
2020-05-13,11777455.4,11766399.54,10080720.29,10240409.03
2020-05-14,11937008.29,11891242.28,10208667.06,10336657.19
2020-05-15,11973003.63,11927508.85,10284942.35,10409224.4
2020-05-18,12087945.04,12026922.58,10467020.69,10553359.55
2020-05-19,11864975.9,11688470.42,10179140.23,10318365.96
2020-05-20,12092804.24,11823273.74,10304626.9,10497110.1
2020-05-21,12020196.2,11738903.75,10193903.64,10409067.53
2020-05-22,11978963.65,11743372.24,10248035.22,10414537.26
2020-05-26,11845220.69,11685829.64,10137311.97,10249827.46
2020-05-27,11614755.01,11536506.7,10001983.96,10082219.4
2020-05-28,11772425.13,11657566.6,10134850.93,10262417.44
2020-05-29,11716964.63,11627144.93,10085641.43,10196259.08
2020-06-01,11871797.06,11691101.82,10139772.07,10265017.16
2020-06-02,11901405.38,11691371.45,10132390.83,10303140.1
2020-06-03,11781086.03,11600782.28,10058575.64,10219270.23
2020-06-04,11817622.18,11580228.7,10041352.13,10242123.68
2020-06-05,11941568.94,11728626.05,10134850.93,10373978.72
2020-06-08,11808971.62,11533249.1,10001983.96,10234031.72
2020-06-09,11867906.39,11578444.35,10088101.53,10269117.54
2020-06-10,11947836.05,11628667.21,10139772.07,10313523.38
2020-06-11,11981420.26,11713515.55,10267718.83,10436644.55
2020-06-12,12036209.8,11735810.5,10284942.35,10446694.46
2020-06-15,11933521.13,11646228.37,10188982.51,10343295.69
2020-06-16,12017644.33,11738323.6,10297244.72,10460877.56
2020-06-17,11895923.42,11701536.68,10248035.22,10380638.48
2020-06-18,11983282.99,11716065.2,10294784.62,10427860.34
2020-06-19,11988527.68,11668784.73,10270179.87,10413428.21
2020-06-22,12131081.38,11808872.02,10405507.87,10524948.24
2020-06-23,12183365.09,11789759.62,10388284.36,10515366.73
2020-06-24,12216861.99,11895776.51,10506388.85,10618300.67
2020-06-25,12128488.09,11884823.16,10410429.01,10503016.84
2020-06-26,12177002.09,11843280.56,10415350.15,10500815.59
2020-06-29,12159730.65,11851894.01,10454718.31,10533409.52
2020-06-30,12163041.24,11881007.81,10484244.2,10574708.91
2020-07-01,12160384.04,11974203.18,10580204.04,10642803.98
2020-07-02,12013890.32,11802658.27,10393205.5,10481989.37
2020-07-03,12005694.32,11775719.41,10383363.22,10470203.4
2020-07-06,12036617.76,11800242.15,10400586.74,10504579.61
2020-07-07,12060937.23,11846172.73,10437493.86,10559687.2
2020-07-08,12115619.11,11961372.33,10582664.14,10662648.13
2020-07-09,12192159.02,12025140.97,10661401.41,10732344.9
2020-07-10,12198784.29,11980997.35,10621096.64,10697223.54
2020-07-13,12156056.5,11996740.29,10639605.39,10662013.95
2020-07-14,12120396.05,11963386.24,10631546.42,10611980.09
2020-07-15,12140916.46,11995834.37,10668280.03,10640846.34
2020-07-16,12216154.4,12051602.89,10677868.23,10572077.69
2020-07-17,12231192.73,11957964.92,10615616.83,10506807.89
2020-07-20,12270536.84,11984765.54,10650347.16,10552937.41
2020-07-21,12247325.37,11978484.1,10676334.11,10585903.66
2020-07-22,12300919.63,12047432.8,10770373.33,10702413.19
2020-07-23,12527014.84,12254856.95,10913384.04,10821482.6
2020-07-24,12469037.48,12253025.61,10971745.97,10826953.95
2020-07-27,12650114.34,12548692.13,11315632.12,11121766.46
2020-07-28,12574052.3,12442911.16,11209542.51,11044280.69
2020-07-29,12758660.02,12551585.44,11330286.12,11149863.69
2020-07-30,12899110.0,12651770.31,11414730.69,11227999.98
2020-07-31,13120460.42,12790178.36,11490602.2,11300486.36
2020-08-03,13173928.09,12876831.71,11520973.77,11329162.16
2020-08-04,13385427.7,12987518.71,11577582.91,11385706.54
2020-08-05,13485657.53,13158971.99,11792884.32,11596317.92
2020-08-06,13594817.52,13213594.0,11866853.0,11668771.35
2020-08-07,13973293.26,13586893.29,12206108.71,12003708.22
2020-08-10,14492987.35,13793342.71,12274316.76,12073422.48
2020-08-11,14434151.48,13747150.84,12229949.38,12031805.23
2020-08-12,14084370.98,13361780.23,11817193.15,11625712.38
2020-08-13,14040577.72,13343136.0,11813641.43,11621456.96
2020-08-14,14058856.73,13342478.06,11848235.57,11655236.29
2020-08-17,14040091.79,13332209.1,11809978.48,11617401.13
2020-08-18,14305737.91,13608687.57,12110617.93,11912785.1
2020-08-19,14239064.15,13565946.43,12025267.7,11829040.86
2020-08-20,14146915.96,13373306.52,11807452.47,11615514.88
2020-08-21,14265332.38,13478482.63,11905381.14,11712180.58
2020-08-24,14440307.91,13657206.98,12042690.91,11847635.63
2020-08-25,14439351.42,13585769.58,11965708.34,11771834.8
2020-08-26,14341695.22,13557930.73,11930930.43,11737562.79
2020-08-27,14396243.76,13586300.11,11952651.58,11758503.5
2020-08-28,14483382.61,13688114.94,12046283.42,11850024.55
2020-08-31,14036802.97,13429087.55,11874813.69,11679968.09
2020-09-01,14351381.24,13536102.18,11973688.02,11777180.35
2020-09-02,14758274.97,13807811.6,12201114.96,12001994.11
2020-09-03,14813487.57,13926097.25,12279109.32,12079544.9
2020-09-04,14589807.28,13755236.09,12126176.13,11928067.88
2020-09-07,14342858.7,13510271.5,11918301.81,11724001.4
2020-09-08,14221733.7,13561857.91,11940950.17,11745872.26
2020-09-09,14332484.14,13559091.12,11954932.47,11759617.62
2020-09-10,14371346.46,13586077.82,12001133.33,11804717.77
2020-09-11,14500684.14,13793388.45,12151439.94,11952688.87
2020-09-14,14984435.85,14062399.9,12426716.23,12223839.3
2020-09-15,15198012.38,14278005.67,12595402.0,12389842.98
2020-09-16,15454463.5,14457866.43,12806456.89,12598513.85
2020-09-17,15285108.83,14336751.9,12689038.45,12483780.49
2020-09-18,15513584.0,14463733.53,12612837.64,12411632.58
2020-09-21,14947969.47,13958444.44,12200138.65,12004454.91
2020-09-22,14682049.73,13591836.73,11871403.79,11680900.82
2020-09-23,14365936.97,13315466.34,11650126.52,11462216.39
2020-09-24,14219573.49,13298398.21,11589445.09,11402041.25
2020-09-25,14397306.9,13571153.09,11740045.95,11550005.33
2020-09-28,14664638.64,13924202.08,12008578.54,11814051.5
2020-09-29,14746988.64,13903975.82,12036457.67,11841880.25
2020-09-30,14911388.99,13943007.41,12138634.73,11943606.35
2020-10-01,14997219.64,13971687.14,12103004.41,11907101.56
2020-10-05,15034397.1,14051669.86,12226492.43,12029226.43
2020-10-06,15023037.95,14050035.41,12221953.4,12024385.95
2020-10-07,14936634.65,13996711.34,12114081.75,11917885.37
2020-10-08,14901223.03,13875839.97,12025197.5,11832212.52
2020-10-09,14702641.76,13668622.55,11889664.15,11699959.08
2020-10-12,14726531.41,13688687.88,11917527.72,11727442.11
2020-10-13,14835157.87,13850751.94,12097583.01,11904662.81
2020-10-14,14774057.69,13815173.65,12037296.04,11858343.97
2020-10-15,14599124.46,13643284.22,11872346.66,11682509.81
2020-10-16,14729946.47,13679284.19,11831156.06,11688490.55
2020-10-19,14689240.72,13667322.49,11865658.63,11705738.35
2020-10-20,14615992.1,13629226.79,11786621.37,11663237.92
2020-10-21,14716303.13,13746430.13,11880657.63,11770870.64
2020-10-22,15057114.87,13915590.2,12077482.21,11969560.06
2020-10-23,15065504.11,13900061.97,12089933.7,11975106.28
2020-10-26,14823687.73,13870334.33,11966990.48,11809495.79
2020-10-27,15290975.0,14102742.92,12114149.42,11903402.85
2020-10-28,15341099.04,14126807.19,12246346.15,11980086.75
2020-10-29,15513162.36,14219766.63,12364931.38,12142468.65
2020-10-30,15619109.77,14309252.36,12512394.86,12236640.42
2020-11-02,15429539.54,14238635.83,12440774.06,12115409.85
2020-11-03,15535870.02,14251774.58,12449164.92,12165415.62
2020-11-04,15735778.87,14348347.85,12488671.02,12230323.35
2020-11-05,15868518.88,14452703.96,12606647.75,12408158.67
2020-11-06,15846307.3,14536280.63,12613554.06,12429006.64
2020-11-09,15987180.51,14575819.14,12779760.08,12609153.82
2020-11-10,15132524.4,14154434.4,12315927.54,12158669.42
2020-11-11,15441709.37,14387461.88,12641129.24,12465607.3
2020-11-12,15702407.65,14531713.1,12862950.71,12679685.49
2020-11-13,16004810.61,14762698.85,12964221.59,12892926.54
2020-11-14,16132783.54,14739226.16,13132580.75,13008377.62
2020-11-17,16292280.25,14738620.34,13158521.58,13139796.52
2020-11-18,16349990.49,14651783.01,13273979.34,13226878.4
2020-11-19,16267798.08,14693424.27,13218771.89,13153299.99
2020-11-20,16636188.83,14972385.07,13519002.61,13427054.17
2020-11-23,17173046.65,15263142.85,13868969.64,13832478.68
2020-11-24,17346039.71,15420661.02,14128955.82,14091582.72
2020-11-25,16811089.16,15042354.16,13781592.04,13712877.53
2020-11-26,16765278.16,14939042.17,13760881.7,13644925.16
2020-11-27,17116681.51,15153658.29,13999116.4,13919007.27
2020-12-01,17178404.43,15063451.34,14097459.09,13890106.06
2020-12-02,17175333.18,15141088.43,14100922.33,13906861.06
2020-12-03,17213579.75,15268259.34,14188349.51,13953947.11
2020-12-04,17150415.33,15261996.93,14273386.44,13939401.11
2020-12-07,17129456.04,15548618.11,14464920.23,14074710.31
2020-12-08,17157969.47,15757376.29,14454363.73,14048053.63
2020-12-09,17137630.43,15528812.95,14306521.15,14022525.64
2020-12-10,16987934.59,15403911.58,13949247.63,13843964.86
2020-12-11,16921833.63,15412308.97,13975565.48,13847307.11
2020-12-14,16788852.04,15419824.68,13863341.43,13755149.62
2020-12-15,16833650.49,15372575.25,13629707.54,13478122.33
2020-12-16,17006342.89,15379887.52,13535886.76,13473388.32
2020-12-17,17072209.47,15526132.26,13522375.45,13446886.93
2020-12-18,17111699.95,15341461.2,13474690.26,13405592.66
2020-12-21,16727574.31,15010738.18,13394376.69,13052322.14
2020-12-22,17027012.67,15154174.38,13377640.34,13304271.54
2020-12-23,17306136.5,15616361.04,13416495.31,13670014.18
2020-12-24,17359493.35,15728429.29,13517836.09,13681669.34
2020-12-28,17435856.49,16145958.45,13620938.36,13721655.55
2020-12-29,17444820.05,16380477.61,13657478.96,13731481.16
2020-12-30,17429347.73,16538745.64,13675663.06,13787694.54
2020-12-31,17446263.24,16567221.02,13838876.0,13727074.05
2021-01-01,17612079.49,16601044.76,14000922.68,13755409.36
2021-01-04,17742698.1,16563566.81,14107540.43,13900933.52
2021-01-05,17910132.75,16757973.99,14215004.17,14035510.57
2021-01-06,17825090.31,16623253.07,14277876.01,13978598.79
2021-01-07,17619016.17,16404911.39,14220603.51,13839978.3
2021-01-08,17593412.64,16257262.22,14098396.52,13839518.44
2021-01-11,17355327.55,15977511.54,13938244.74,13673009.17
2021-01-12,17181673.39,15924118.63,13831369.4,13556769.29
2021-01-13,17117930.71,15806360.03,13878850.42,13596297.29
2021-01-14,17308501.78,15857058.31,13970092.39,13689061.98
2021-01-15,17026600.24,15618474.66,14059031.52,13532484.78
2021-01-18,16798654.3,15550400.71,13958451.82,13311668.13
2021-01-19,17027813.88,15768213.22,14216469.47,13516180.85
2021-01-20,17082282.82,15920013.79,14279411.17,13537845.71
2021-01-21,17044322.29,15963671.05,14137396.44,13590522.46
2021-01-22,16905612.67,15896151.23,13967334.37,13438477.91
2021-01-25,16813685.62,15899792.8,13736510.82,13335465.87
2021-01-27,16716429.58,15812921.31,13602597.18,13334899.09
2021-01-28,16510116.81,15720234.46,13690427.17,13195972.13
2021-01-29,16267885.61,15366410.64,13622739.99,13092235.42
2021-02-01,16295211.23,15517956.28,13481055.12,13132864.45
2021-02-02,16638794.91,15933391.91,13709544.33,13238046.54
2021-02-03,16845880.15,15941894.39,13843867.97,13343301.97
2021-02-04,17107354.76,16160321.95,14145690.36,13694511.55
2021-02-05,17105101.8,16109036.59,14087532.42,13723134.52
2021-02-08,16956278.96,16302762.76,14060915.03,13725871.56
2021-02-09,16999597.16,16747241.66,13964053.23,13879520.03
2021-02-10,16973445.93,16873820.61,13948774.35,13810141.07
2021-02-11,17017421.89,16874067.64,13967985.56,13773711.56
2021-02-12,16943844.54,16798470.23,13980967.96,13654371.03
2021-02-15,16933651.24,16817234.02,13844952.13,13527059.25
2021-02-16,16947444.79,17010309.78,14006410.96,13454844.97
2021-02-17,17189629.38,17288826.6,14171319.77,13618996.34
2021-02-18,17132101.69,17416502.51,14197259.86,13599840.93
2021-02-19,16955886.39,17179620.85,14058069.15,13493174.32
2021-02-22,16863538.14,17063687.46,13934303.81,13334435.68
2021-02-23,17147394.11,17282564.33,14110312.81,13549658.36
2021-02-24,17115059.56,17284607.53,14109756.35,13448224.5
2021-02-25,17018016.43,17159027.39,14025971.5,13479035.65
2021-02-26,17041596.55,17137960.9,14068035.41,13511683.56
2021-03-01,17014627.63,17135340.14,14038845.47,13436247.14
2021-03-02,17250513.96,17319945.37,14411129.31,13518862.14
2021-03-03,17491731.67,17379850.95,14590249.69,13776299.44
2021-03-04,17508519.98,17400285.81,14646060.89,13752430.7
2021-03-05,17198902.28,17102731.09,14443114.98,13603262.31
2021-03-08,17195063.75,16993223.66,14440450.32,13644309.33
2021-03-09,17165582.98,16879636.95,14275111.88,13625492.58
2021-03-10,17399567.89,17255184.99,14421883.51,13863811.03
2021-03-12,17338363.97,17220726.49,14350113.85,13676731.33
2021-03-15,17649832.91,17490371.56,14818024.69,13872544.42
2021-03-16,17867609.39,17742594.14,14927136.57,14225654.4
2021-03-17,17371052.24,17340507.36,14556140.73,13846145.47
2021-03-18,17106187.48,17017677.76,14421671.23,13594103.66
2021-03-19,17534809.28,17363372.5,15018910.83,13933297.81
2021-03-22,17996781.57,17768106.29,15412024.05,14202798.51
2021-03-23,18418101.98,18219289.2,15533252.12,14404296.58
2021-03-24,18181020.92,17955206.1,15234652.14,14240397.15
2021-03-25,17859594.58,17651328.06,14942014.07,13787624.36
2021-03-26,18026827.34,17763281.7,15232374.2,14009287.65
2021-03-30,18106838.03,17774065.08,15183799.72,14119735.41
2021-03-31,18017363.24,17671360.72,15083897.86,14023693.79
2021-04-01,18412298.56,18318152.95,15424817.18,14378989.77
2021-04-05,18682408.44,18578184.24,15752660.36,14557189.74
2021-04-06,18918244.0,18923878.36,16156706.08,14814905.98
2021-04-07,19016543.97,19158212.59,16135205.82,14850100.69
2021-04-08,19101420.14,19180702.22,16177163.84,14842965.4
2021-04-09,19200386.57,19068611.47,16264811.37,14873685.22
2021-04-12,18694197.04,18581409.1,15490561.22,14493540.41
2021-04-13,18464956.35,18474332.76,15565276.29,14285307.85
2021-04-15,18515663.15,18478171.39,15756130.68,14320338.4
2021-04-16,18684366.27,18534146.01,15726417.1,14400847.72
2021-04-19,18472738.71,18485590.82,15452488.53,14095994.57
2021-04-20,18300505.14,18637231.71,15418439.09,13937917.1
2021-04-22,18441088.47,18719922.98,15499690.65,14047559.96
2021-04-23,18525534.87,18525156.13,15891496.2,14137579.03
2021-04-26,18514179.87,18445912.38,16025628.02,14066545.47
2021-04-27,18774589.53,18656296.58,16315267.41,14063776.84
2021-04-28,18809605.31,18791592.85,16513208.58,14204244.88
2021-04-29,18995683.95,18940873.62,16514369.34,14267902.17
2021-04-30,19133826.75,19100121.48,16300461.99,14320020.2
2021-05-03,19300775.67,19504756.99,16543579.13,14532845.1
2021-05-04,19132637.72,19179790.74,16641101.7,14521511.42
2021-05-05,19285508.87,19471132.2,16968850.12,14730074.43
2021-05-06,19516479.79,19712704.57,17149686.46,15128818.89
2021-05-07,19672025.61,19868358.6,17048849.48,15335156.42
2021-05-10,19994481.03,20151220.77,17220065.95,15455772.44
2021-05-11,19858116.43,19842058.68,17078669.11,15554151.26
2021-05-12,19679925.87,19271012.66,16894532.0,15651902.08
2021-05-14,19236417.05,18638510.77,16794885.95,15783588.09
2021-05-17,19593185.42,18945562.67,17344031.03,16218317.09
2021-05-18,19897119.17,19301148.57,17666717.24,16430519.35
2021-05-19,20016031.98,19565856.21,17822465.94,16535942.03
2021-05-20,19868331.43,19516395.93,17769562.94,16533478.21
2021-05-21,20028708.21,19690481.55,17975439.44,16629554.4
2021-05-24,20542218.57,19925459.41,18043756.95,16901304.91
2021-05-25,20549376.65,19964782.52,18015700.06,16821161.14
2021-05-26,20626784.8,20051596.4,17971345.94,16852320.22
2021-05-27,20567049.52,20013828.98,17883717.02,16913470.63
2021-05-28,20472590.92,19862003.13,17854239.41,16858820.27
2021-05-31,20769894.36,19920462.55,18255049.98,17139599.83
2021-06-01,20581646.52,19659972.67,18025736.62,17470695.87
2021-06-02,20881122.66,20008987.6,18336480.87,17561946.37
2021-06-03,20881359.38,20045268.31,18344581.97,17618858.49
2021-06-04,20889632.73,19989682.02,18203983.51,17652657.18
2021-06-07,21080855.22,20064474.12,18579064.51,17833455.26
2021-06-08,21471073.82,20314445.96,18838887.89,18060302.12
2021-06-09,21441667.37,20091041.84,18544555.72,17906996.85
2021-06-10,22120372.17,20574071.71,18881347.22,18221785.25
2021-06-11,22700264.11,21038136.0,19562770.99,18318986.95
2021-06-14,23516961.34,21871135.02,20574343.57,18291309.44
2021-06-15,23232167.71,21526493.99,20393036.13,18364918.61
2021-06-16,23056923.85,21386531.52,20285202.31,18228532.05
2021-06-17,22657017.34,20995266.67,19974397.87,18100758.87
2021-06-18,22024589.9,20551958.88,19713662.32,17868020.45
2021-06-21,22288192.06,20847784.45,19845283.91,18084223.13
2021-06-22,22553695.61,21072216.12,20266151.16,18653222.47
2021-06-23,22371158.15,20909424.92,20178236.91,18822198.14
2021-06-24,22333517.07,20858834.67,20126113.98,18651151.16
2021-06-25,22341499.73,20961608.2,20123952.47,18636027.85
2021-06-28,22095041.53,20694867.99,19900058.34,18509146.35
2021-06-29,22247130.67,20927826.16,20018002.13,18723935.56
2021-06-30,22354539.68,21063077.02,20245978.44,18901996.62
2021-07-01,22191896.6,21051936.83,20209883.41,19111599.0
2021-07-02,22063717.67,20993749.68,20239219.28,18748540.05
2021-07-05,21910281.5,20774354.83,20568932.44,18494005.82
2021-07-06,22325113.1,21185764.89,21105524.86,18661615.53
2021-07-07,22557832.41,21442987.87,21257745.63,18684544.16
2021-07-08,22716476.49,21596173.68,21567229.61,18857455.06
2021-07-09,22573102.14,21461105.67,21435320.59,18768915.27
2021-07-12,22442249.72,21423698.19,21394972.43,18851662.25
2021-07-13,22339942.3,21381304.15,21194238.66,18874154.66
2021-07-14,22452159.64,21451097.81,21470452.42,19265247.4
2021-07-15,22683512.09,21472284.32,21868672.55,19413020.3
2021-07-16,22853004.79,21573249.99,22018389.5,19323717.38
2021-07-19,22933419.77,21650888.94,22218888.93,19061218.75
2021-07-20,22713073.51,21385555.13,22022756.43,18659092.55
2021-07-22,23247459.72,21834942.49,22792619.89,18715679.08
2021-07-23,23586236.79,22288844.99,23053751.16,18824652.37
2021-07-26,23571974.02,22048851.28,23173783.81,18924814.9
2021-07-27,23394210.85,21974325.86,23439255.58,18778260.1
2021-07-28,23867281.02,22328172.17,23570566.89,18799127.07
2021-07-29,23868510.63,22215225.04,23668890.1,19080891.81
2021-07-30,23615730.73,21845565.42,23911221.5,18776251.72
2021-08-02,23709593.75,21831844.97,24042850.92,19009977.78
2021-08-03,23715883.32,21719516.7,24271763.5,19305399.76
2021-08-04,23137953.0,21178634.93,23545932.95,18962789.52
2021-08-05,23402972.24,21351381.34,23543217.25,19020862.09
2021-08-06,23374544.85,21317740.29,23569063.33,18958147.66
2021-08-09,23076161.96,20896901.93,23238717.4,18683482.9
2021-08-10,22829963.19,20493767.81,22690171.95,18537989.45
2021-08-11,22760638.73,20622254.98,22382099.86,18448601.62
2021-08-12,23008797.72,20869389.19,22934395.09,18754908.41
2021-08-13,22943000.27,20825683.27,23286446.64,18677683.99
2021-08-16,22820919.46,20868166.64,23319867.6,18741221.08
2021-08-17,22779832.96,21005155.21,23103594.6,18740325.45
2021-08-18,22759844.81,21065901.65,22986095.42,18750459.02
2021-08-20,22203921.0,20564904.13,22775778.77,18242205.96
2021-08-23,21987776.11,20109636.21,21879568.39,17903621.06
2021-08-24,21823097.5,20102295.49,22329034.88,18246671.07
2021-08-25,21752702.25,20262448.8,22332525.93,18582390.76
2021-08-26,21517186.26,20199953.52,22472887.08,18553579.77
2021-08-27,21849497.79,20578309.91,22559403.76,18616647.78
2021-08-30,22260664.68,20833857.79,22994539.45,18711800.01
2021-08-31,22356244.5,20915493.87,23104376.21,18836135.81
2021-09-01,22326837.63,20852678.38,22939817.66,18828286.07
2021-09-02,22311612.12,20996517.81,23004736.74,18834843.29
2021-09-03,22276736.86,20976742.97,23006877.39,18869105.13
2021-09-06,22173005.05,21032095.88,22974736.92,19017040.86
2021-09-07,21973337.5,20818430.42,22918690.77,18910814.8
2021-09-08,22031359.84,20960745.43,23321967.32,18759916.23
2021-09-09,22198026.64,21161277.59,23591530.58,18814282.38
2021-09-13,22407207.63,21510930.88,23886898.15,18916632.77
2021-09-14,22605411.1,21697007.99,23918692.83,18945834.77
2021-09-15,23122811.89,21947676.24,24286115.11,19134348.04
2021-09-16,23063029.31,21833818.8,24182639.7,19034748.4
2021-09-17,22775939.85,21572159.48,24119383.83,19041406.46
2021-09-20,22378190.08,21091526.66,23278484.67,18777396.15
2021-09-21,22225775.48,20882652.6,23387866.96,18866988.31
2021-09-22,22577096.5,21139127.13,23527120.4,19030981.06
2021-09-23,22640100.79,21207173.45,23778327.2,19191401.32
2021-09-24,22265582.57,20913647.21,23331291.45,19055334.61
2021-09-27,21693498.56,20639226.56,23343869.23,18664490.32
2021-09-28,21319121.15,20493510.02,23469718.2,18308192.53
2021-09-29,21660320.38,20814465.71,23864888.24,18312912.74
2021-09-30,21880511.66,20896380.95,23887636.37,18349433.15
2021-10-01,21836007.19,20876697.19,24196913.15,18403434.9
2021-10-04,22210658.24,20983416.38,24223485.02,18623976.29
2021-10-05,22306612.76,20897104.8,24547091.8,18762759.18
2021-10-06,22039130.22,20829039.87,24294673.51,18588953.0
2021-10-07,22339990.38,20839235.93,24401237.63,18947709.02
2021-10-08,22554513.41,20951543.27,24347461.79,19169643.42
2021-10-11,22634223.9,21159886.13,24506845.37,18996008.13
2021-10-12,22700176.77,21161730.12,24613243.87,19136221.24
2021-10-13,22935554.93,21361356.54,24998105.07,19556856.77
2021-10-14,23003929.77,21371741.82,25366935.99,19705429.1
2021-10-18,23154234.52,21468656.8,25461732.26,19463767.42
2021-10-19,23136372.46,21655041.08,24991237.26,19330667.44
2021-10-20,22382488.33,20994052.62,24155217.42,18942844.98
2021-10-21,22483153.24,21150988.31,23691746.76,18697275.89
2021-10-22,21801640.53,20617597.33,23027342.07,18220622.45
2021-10-25,21484621.68,20317783.18,22758281.79,17960302.42
2021-10-26,22045521.47,20937514.24,23508768.63,18248814.33
2021-10-27,22615970.61,21298812.21,24034004.45,18316408.81
2021-10-28,22054630.06,20779632.23,23461644.84,18171288.87
2021-10-29,21618871.87,20618218.04,23139225.7,17900791.52
2021-11-01,21796080.98,20885334.43,23417670.44,18109355.66
2021-11-02,21703523.55,20731203.99,23492770.87,18009958.04
2021-11-03,21532646.81,20757419.33,23610255.87,17876027.16
2021-11-04,21974247.2,21039555.53,24021108.43,18009600.2
2021-11-08,22026794.47,21277664.93,23948859.96,18259637.92
2021-11-09,21976648.41,21123272.67,23987561.83,18344295.78
2021-11-10,21643781.62,21103949.36,24283708.95,18237323.76
2021-11-11,21394156.85,20806156.5,23752741.68,18209945.42
2021-11-12,21444712.85,20702250.69,23699438.74,18336414.13
2021-11-15,21281147.42,20342934.36,23380277.19,18261966.17
2021-11-16,21412794.18,20324617.09,23415953.5,18391032.8
2021-11-17,21724579.74,20406546.56,23479076.82,18468862.73
2021-11-18,21528311.1,20133161.31,22942525.41,18394535.03
2021-11-22,20935521.47,19500125.81,22233887.66,17921500.41
2021-11-23,21198373.64,19376507.38,22248941.84,18175897.06
2021-11-24,21041450.24,19377313.91,22232848.4,18133911.14
2021-11-25,21162459.99,19497444.11,22476152.86,18236784.93
2021-11-26,20799372.26,19132264.7,21963855.38,17913837.09
2021-11-29,21058562.16,19261636.77,21737938.06,17938580.73
2021-11-30,20905297.66,19198843.84,21846835.72,18021407.04
2021-12-01,20868994.55,19075048.18,21959756.01,18129771.43
2021-12-02,21100782.76,19369528.03,22395202.46,18165330.75
2021-12-03,20958058.98,19308320.5,22565194.65,18029831.78
2021-12-06,20493110.17,19044294.27,22095544.9,17761256.5
2021-12-07,20577891.02,19194367.35,22140923.81,17890264.7
2021-12-08,20732520.02,19437469.88,22654277.59,18000861.49
2021-12-09,20721102.36,19391607.2,23135326.57,17972288.24
2021-12-10,20575321.76,19366674.42,22957632.18,18076319.95
2021-12-13,20739284.9,19289641.05,23028219.1,18210767.68
2021-12-14,20783803.28,19246791.39,23508358.14,18224966.99
2021-12-15,20601469.13,19171478.16,23462485.73,18077052.28
2021-12-16,20777289.16,19167251.95,23459078.03,18191220.64
2021-12-17,20574067.79,19049033.27,23265186.17,18119523.06
2021-12-20,20208151.79,18753859.15,22750551.1,17714327.01
2021-12-21,20392702.25,18896318.1,22865230.92,17897519.21
2021-12-22,20718542.45,19025716.59,23177407.63,18268414.97
2021-12-23,21009546.78,19249780.2,23580547.75,18479785.24
2021-12-24,20995647.58,19167560.81,23899658.41,18598745.03
2021-12-27,21111745.96,19141420.59,23755296.83,18615476.2
2021-12-28,21362046.36,19320057.13,24173493.0,18740681.97
2021-12-29,21417177.23,19357021.25,24312370.98,18787154.39
2021-12-30,21513968.18,19404572.2,24331542.67,18964481.98
2021-12-31,21749901.43,19692888.36,24908519.91,19147401.06
2022-01-03,22266484.96,20024421.44,25606468.75,19507348.66
2022-01-04,22201533.61,20003909.81,25784173.25,19426944.7
2022-01-05,21970981.11,20038717.58,25898494.76,19268865.78
2022-01-06,21965688.13,19862461.63,26016326.05,19359446.14
2022-01-07,22162511.22,19884750.06,26071423.78,19368866.2
2022-01-10,21970936.85,19962714.02,26330749.31,19329071.56
2022-01-11,22012797.81,20014360.69,26699785.29,19604552.58
2022-01-12,22198591.35,20068265.05,26707385.34,19642491.12
2022-01-13,22196554.45,20001360.36,27143456.1,19465011.11
2022-01-14,22022474.32,19991683.59,27581142.97,19309377.63
2022-01-17,21949807.9,19996835.42,28005436.71,19140025.15
2022-01-18,21571812.48,19824728.28,27801096.62,18953767.46
2022-01-19,21455961.39,19408583.1,27465037.42,18755030.68
2022-01-20,21192859.64,19343177.61,27492566.56,18489627.58
2022-01-21,20779283.61,19076290.52,26831253.08,18137345.64
2022-01-24,19865162.43,18533752.2,25670904.74,17404547.88
2022-01-25,20058121.11,18606328.67,26280392.58,17502580.7
2022-01-27,19610672.05,18457852.97,26157200.23,17136513.73
2022-01-28,19391398.7,18436719.96,25814589.77,17285244.36
2022-01-31,19707258.74,18584982.42,25780595.5,17633797.93
2022-02-01,19855558.38,18615993.97,26321283.77,17725723.49
2022-02-02,19923990.13,18601609.0,26484778.18,17925683.6
2022-02-03,19927464.2,18635998.15,26567348.19,17826005.97
2022-02-04,19673649.93,18406299.15,27146247.74,17705395.25
2022-02-07,19503146.7,18160971.03,26665768.16,17705165.75
2022-02-08,19207289.95,17876556.19,25767622.14,17334265.79
2022-02-09,19359837.27,17997330.29,25749615.07,18054473.18
2022-02-10,19091417.86,17831089.06,25522173.54,18000224.39
2022-02-11,18892414.09,17803791.91,25227711.56,18312810.93
2022-02-14,18476465.13,17554730.12,24275864.57,17621130.29
2022-02-15,19224133.39,17957877.43,25094136.18,17904178.44
2022-02-16,19487816.32,18204982.64,25107281.12,17924885.76
2022-02-17,19816608.99,18387703.45,24885702.1,18141690.18
2022-02-18,19538459.51,18196335.04,24575080.54,17795690.52
2022-02-21,19188783.02,18017155.52,23795971.31,17521273.8
2022-02-22,18779908.39,17615779.48,23035685.45,17156947.34
2022-02-23,18857200.48,17686968.46,23940519.59,17140419.75
2022-02-24,17993716.61,17039554.8,22867568.99,16317307.06
2022-02-25,18399055.94,17096289.37,23648791.77,16740915.71
2022-02-28,18305907.5,17090815.7,23771170.38,16802353.67
2022-03-02,18589475.28,17344181.68,24250572.95,16954026.89
2022-03-03,18818611.7,17303707.87,24560003.91,16982275.01
2022-03-04,18676135.03,17039784.41,24212594.72,16827366.24
2022-03-07,18399037.52,16798223.66,24029407.69,16543121.0
2022-03-08,18667073.35,16921551.76,24307990.93,16688280.57
2022-03-09,18956180.45,17259027.78,24900751.0,16908579.39
2022-03-10,19114665.03,17425374.31,25518035.34,16891297.49
2022-03-11,19111662.81,17563482.6,25700318.43,16971999.9
2022-03-14,19591188.86,18068418.82,26365623.78,17313530.2
2022-03-15,19365005.55,18030327.39,26025524.48,17219696.52
2022-03-16,19372108.05,18167221.74,25896271.47,17385327.36
2022-03-17,19663621.72,18472325.21,26316988.13,17771844.96
2022-03-21,19683456.9,18475330.11,26785284.91,17940955.45
2022-03-22,19805917.84,18608343.97,27761617.51,18088554.76
2022-03-23,19641042.99,18459399.44,27318169.95,18034897.56
2022-03-24,19796439.95,18586890.14,27583851.39,18054392.18
2022-03-25,19617004.69,18453120.97,26985795.48,17920458.97
2022-03-28,19386114.89,18303630.57,26814697.5,17735461.15
2022-03-29,19329093.78,18238028.02,26608020.02,17770632.8
2022-03-30,19338690.02,18318485.67,26606331.09,17898721.11
2022-03-31,19419574.33,18339176.37,26781071.77,17959313.06
2022-04-01,19704183.82,18603889.24,27369860.3,18253427.99
2022-04-04,19899527.89,18715681.03,27802352.89,18287886.14
2022-04-05,19828901.77,18611491.06,27613107.05,18033028.82
2022-04-06,19839389.21,18671509.7,27904510.65,18122619.86
2022-04-07,19896986.26,18687607.8,27635738.91,18062039.99
2022-04-08,19931718.09,18739809.97,28097222.88,18116997.01
2022-04-11,20229054.23,18976702.19,28514479.8,18340915.67
2022-04-12,19846919.3,18742068.41,27744231.62,17987794.44
2022-04-13,19977721.44,19063085.01,27601074.21,18230304.51
2022-04-18,19948910.1,19388008.78,27492236.92,18925149.91
2022-04-19,19495652.71,19085021.12,27350058.23,18690479.6
2022-04-20,19821884.4,19139208.04,27507514.36,19086626.5
2022-04-21,19799429.34,19005927.43,27593452.13,18728297.23
2022-04-22,19724377.45,19068725.4,27402701.71,18547488.38
2022-04-25,19488182.74,18789984.57,26901818.61,18361267.75
2022-04-26,19596541.71,18996864.61,27150468.99,18571861.87
2022-04-27,19382280.31,18745972.66,27085857.88,18270427.83
2022-04-28,19452346.17,18704867.23,27042949.91,18128309.96
2022-04-29,19472180.1,18662105.75,26702777.65,18122153.21
2022-05-02,19461131.94,18479900.97,26363608.45,18301527.15
2022-05-04,19244812.11,18083269.34,25711962.37,18063601.78
2022-05-05,19243617.47,18033421.19,25478596.4,18011879.48
2022-05-06,18946359.95,17887166.32,24860892.65,17744619.9
2022-05-09,18702109.93,17599095.29,24374284.27,17405212.37
2022-05-10,18363356.93,17069915.82,23754158.58,16866505.58
2022-05-11,17980680.71,16667636.94,23469752.22,16420601.8
2022-05-12,17513965.67,16363934.58,23248593.19,15966635.12
2022-05-13,17404659.38,16242403.21,23258349.21,15968205.12
2022-05-16,17325066.09,16098843.08,23317788.37,15921304.54
2022-05-17,17806130.47,16401282.28,24196836.82,16330150.45
2022-05-18,17931304.66,16618704.44,23895407.97,16496604.22
2022-05-19,17835343.89,16405227.95,23196520.52,16284668.97
2022-05-20,18117359.71,16604018.13,23638963.67,16530626.56
2022-05-23,18135658.24,16711056.61,23103073.8,16577972.98
2022-05-24,17935756.21,16526963.96,22784852.55,16269313.28
2022-05-25,17746519.5,16155987.86,22105253.82,16052554.96
2022-05-26,17739968.7,16242708.93,22364611.91,16062777.4
2022-05-27,18120312.36,16382426.0,22693245.81,16364024.06
2022-05-30,18412993.31,16491653.95,23127886.36,16739627.1
2022-05-31,18194179.98,16643311.09,23320031.29,16671574.96
2022-06-01,18142414.63,16700881.28,23051660.21,16699012.62
2022-06-02,18332323.99,16895036.58,23366408.86,16984512.29
2022-06-03,18293631.3,16773814.86,23398869.28,17010713.9
2022-06-06,17905161.59,16538436.95,23095141.1,16609808.62
2022-06-07,17494512.83,16301159.7,22889108.93,16226791.82
2022-06-08,17327406.81,16252408.45,22866265.52,16088879.86
2022-06-09,17264123.82,16307785.84,22888842.69,16086401.28
2022-06-10,17749003.83,16351806.58,22876730.21,16475593.62
2022-06-13,17701915.57,16144651.38,22730958.54,16553071.66
2022-06-14,17526619.08,15943702.65,22429905.6,16378492.58
2022-06-15,17570456.3,15979851.14,22429382.48,16502860.2
2022-06-16,17120075.32,15682861.45,22221243.62,16134128.62
2022-06-17,16687908.9,15669944.99,22135997.98,15760174.54
2022-06-20,16564904.55,15393596.46,21939806.67,15622733.68
2022-06-21,16603103.43,15556623.83,22199663.36,15640092.49
2022-06-22,16413847.29,15427457.48,22187561.71,15571400.94
2022-06-23,16462713.75,15424252.95,22424153.44,15650847.98
2022-06-24,16572216.91,15401692.36,22596711.92,15673346.77
2022-06-27,16790501.75,15626070.49,22697753.39,15863320.93
2022-06-28,16979363.87,15658706.66,22753536.98,15873856.65
2022-06-29,17080605.8,15641977.22,22862758.16,15774873.59
2022-06-30,17094385.61,15591786.49,22760626.67,15692517.95
2022-07-01,17098525.56,15699107.51,22755911.75,15727859.73
2022-07-04,17075346.06,15799863.94,22988597.06,15799754.55
2022-07-05,17297399.89,15895753.11,23105940.36,15927453.76
2022-07-06,17301185.41,15859086.05,22990622.17,15773416.62
2022-07-07,17256747.89,15865825.0,22816414.35,15658975.62
2022-07-08,17223221.97,15840583.43,22897929.44,15640235.79
2022-07-11,17184334.56,15921652.94,23141137.26,15628477.99
2022-07-12,17050233.73,15907133.1,23093713.63,15575659.56
2022-07-13,17112329.51,15870314.34,22989093.11,15674066.94
2022-07-14,17094374.56,15809261.44,22964541.16,15590280.11
2022-07-15,17300049.35,15991442.45,22893989.37,15879560.8
2022-07-18,17422784.15,16170568.14,23013674.78,16014107.38
2022-07-19,17600804.09,16223712.8,22977863.17,15947525.29
2022-07-20,17589247.46,16179153.21,22931469.72,15968581.53
2022-07-21,17505910.33,16124040.01,22816648.78,15963332.89
2022-07-22,17517210.47,16205833.12,22996960.66,15997011.52
2022-07-25,17577110.94,16203091.56,22973965.89,16053573.86
2022-07-26,17506616.06,16212129.78,22903328.84,16015076.45
2022-07-27,17711912.65,16326783.3,22970906.0,16219567.41
2022-07-28,17830605.12,16481902.52,23112479.22,16285295.22
2022-07-29,17791631.7,16448171.58,23115355.53,16200675.14
2022-08-01,18005093.01,16618678.73,23406259.68,16407508.37
2022-08-02,18008009.31,16543335.41,23233157.62,16457498.56
2022-08-03,17828155.76,16555383.63,23168231.55,16227980.44
2022-08-04,18236667.69,16836289.9,23428540.83,16524606.16
2022-08-05,18448579.44,16868497.44,23555466.45,16640596.32
2022-08-08,18299196.71,16798206.64,23468358.88,16522658.37
2022-08-10,18453996.09,16940132.28,23614354.74,16705436.31
2022-08-11,18497210.23,16990134.59,23685279.72,16697823.51
2022-08-12,18602895.37,17026346.14,23686983.78,16713822.16
2022-08-16,18765059.8,17018272.15,23533200.96,16612601.5
2022-08-17,18756690.42,17189728.88,23597631.44,16679921.76
2022-08-18,18750684.41,17309381.49,23627119.9,16669264.24
2022-08-19,18645974.16,17326537.84,23542185.14,16615958.7
2022-08-22,18448255.5,17356436.49,23393663.66,16542831.0
2022-08-23,18621595.96,17344829.51,23538572.57,16723212.94
2022-08-24,18932898.65,17499471.65,23692414.46,17080843.61
2022-08-25,18959958.48,17563459.52,23798802.3,17162132.26
2022-08-26,19069042.88,17546760.79,23825020.09,17238016.85
2022-08-29,19095481.17,17631325.62,23843485.56,17213912.9
2022-08-30,19408903.66,17881077.33,24020040.06,17417280.07
2022-09-01,19271048.85,17725556.2,23781532.51,17274870.1
2022-09-02,19366394.19,17760549.18,23796925.38,17367489.43
2022-09-05,19704754.58,17893102.52,23948680.2,17542358.76
2022-09-06,19786169.24,18020614.21,24010184.74,17593420.53
2022-09-07,20119154.66,18214676.36,24225686.14,17838698.85
2022-09-08,20426612.38,18454883.68,24614784.56,18098076.56
2022-09-09,20426094.02,18409418.67,24956281.96,18024250.34
2022-09-12,20321147.89,18247272.68,24751101.96,17978467.86
2022-09-13,20071802.03,18129449.68,24545614.87,17829295.41
2022-09-14,20004265.17,18042452.6,24670388.63,17749284.73
2022-09-15,20009896.82,18065213.42,24581637.85,17691333.47
2022-09-16,19501826.7,17569941.98,23937953.5,17270295.59
2022-09-19,19555028.09,17612237.02,23868700.66,17330627.01
2022-09-20,19880694.31,17833492.3,24063288.83,17532009.71
2022-09-21,19829748.89,17810150.78,24009608.29,17444309.63
2022-09-22,19908065.88,17928682.54,24208297.78,17514727.59
2022-09-23,19729028.98,17798774.47,24025612.53,17368987.2
2022-09-26,19280581.3,17349612.41,23528940.06,17146823.3
2022-09-27,19343234.1,17581600.16,23529139.68,17260970.55
2022-09-28,19346384.04,17456414.03,23533170.47,17260801.95
2022-09-29,19626029.86,17627712.14,23604797.85,17470485.65
2022-09-30,20069018.15,18129931.26,24122750.63,17760831.79
2022-10-03,19820028.51,17809125.62,23806274.39,17594033.29
2022-10-04,20067671.13,17965503.93,23926617.2,17763096.32
2022-10-06,20120881.27,18157948.13,24087431.22,17754002.03
2022-10-07,20210179.1,18236240.76,24118157.24,17773542.27
2022-10-10,20331482.4,18213527.51,24291541.01,17801336.49
2022-10-11,20264811.26,18067167.98,24127470.57,17756265.83
2022-10-12,20167593.94,17958964.7,24150922.27,17701109.29
2022-10-13,20080239.36,17817154.24,23913849.1,17602329.77
2022-10-14,20105110.13,17587745.51,24044043.6,17602100.04
2022-10-17,20107469.58,17596011.61,23989535.2,17609587.86
2022-10-18,20736707.53,18088770.15,24590816.32,18128687.38
2022-10-19,20920792.69,18135424.91,24730707.93,18280178.37
2022-10-20,21165976.25,18346975.69,25000007.86,18399127.91
2022-10-21,20936347.08,18034305.13,24616782.88,18283096.62
2022-10-24,21068075.48,18105569.26,24832047.55,18463995.16
2022-10-25,21287237.4,18168642.36,24762137.63,18547850.18
2022-10-27,21490413.33,18214001.52,24923632.78,18824600.52
2022-10-28,21444603.6,18106962.47,25070589.02,18744682.99
2022-10-31,21494219.35,18072985.84,24857123.66,18820459.5
2022-11-01,21590397.67,18179001.9,25161577.68,18932919.32
2022-11-02,21500862.59,18070484.66,25030719.37,18801962.45
2022-11-03,21704997.22,18270951.54,25210813.49,19017064.69
2022-11-04,21834543.96,18505527.53,25278044.85,19056850.76
2022-11-07,22035589.59,18823645.08,25707012.15,19294968.31
2022-11-09,22149856.72,19320796.36,26357103.16,19559079.79
2022-11-10,21941388.43,19318422.8,26219406.67,19524291.78
2022-11-11,22303974.99,19506702.47,26561716.95,19774924.51
2022-11-14,22712739.56,19488173.66,26866754.15,20239143.55
2022-11-15,22552265.56,19297253.66,26713547.01,20038649.53
2022-11-16,22576114.45,19323447.28,26614864.77,20008598.82
2022-11-17,22660405.47,19216876.24,26491912.14,20102260.81
2022-11-18,22540624.93,19389503.03,26601545.09,19946902.33
2022-11-21,22547735.93,19414297.46,26549401.25,19979383.2
2022-11-22,22589170.94,19352816.93,26383427.86,20028189.68
2022-11-23,22511546.39,19351937.64,26170519.76,19929917.07
2022-11-24,22564792.09,19381840.77,26221671.92,19945458.31
2022-11-25,22411772.66,19238575.91,26138981.05,19785548.73
2022-11-28,22262904.88,19099087.79,25748842.92,19590256.31
2022-11-29,22169970.07,18948211.53,25587372.55,19535112.62
2022-11-30,22302812.1,19342439.73,25982304.86,19626250.81
2022-12-01,22395312.89,19269247.42,25972994.13,19692859.13
2022-12-02,22388571.03,19165156.23,25801016.94,19637150.47
2022-12-05,22545534.8,19210163.24,25864837.56,19653327.88
2022-12-06,22496836.65,19152413.8,25743173.64,19597249.64
2022-12-07,22293489.51,19152508.67,25643839.57,19341272.01
2022-12-08,22396225.51,19125017.19,25916828.93,19298774.92
2022-12-09,22343210.38,18900751.9,25519901.4,19190796.35
2022-12-12,22381772.04,18752888.18,25318304.17,19016109.73
2022-12-13,22397036.04,18950913.7,25638638.56,19159143.28
2022-12-14,22351262.54,18944845.21,25640786.93,19026870.51
2022-12-15,22076931.32,18741164.71,25402826.96,18979860.65
2022-12-16,21851826.96,18424850.19,24874578.82,18736140.57
2022-12-19,21856841.71,18443991.38,24896587.62,18728986.44
2022-12-20,22250452.18,18627098.14,25120749.56,18853513.08
2022-12-21,21432033.56,17908614.32,24320365.6,18314378.06
2022-12-22,20756427.66,17429736.37,23561315.99,17758128.45
2022-12-23,20115348.88,16732532.52,22568942.16,17382628.32
2022-12-26,20554528.31,16714858.83,23119328.94,17626778.79
2022-12-27,20952918.98,16889510.24,23510322.13,17952176.98
2022-12-28,20873451.17,17018288.16,23659141.63,17853168.27
2022-12-29,20713083.05,17084495.13,23703196.19,17744991.97
2022-12-30,20899180.02,17307769.61,24005278.7,17792688.75
2023-01-02,21018952.66,17319955.94,24018815.73,17927982.81
2023-01-03,20972449.72,17363326.66,23883981.46,17902088.99
2023-01-04,20966303.47,17397161.23,24089991.63,17915580.02
2023-01-05,20950295.78,17397888.5,24257468.82,17960542.56
2023-01-06,20878595.76,17377652.07,24228430.74,17935277.23
2023-01-09,21037265.65,17416192.8,24263495.65,18080662.46
2023-01-10,20664356.94,17206743.13,23924372.11,17841238.16
2023-01-11,20650924.06,17165766.98,23868049.82,17842524.47
2023-01-12,20728761.74,17148683.46,23838535.32,17880949.62
2023-01-13,21010856.31,17444732.03,24189671.41,18077986.34
2023-01-16,21023959.17,17320095.15,24090134.48,18026728.98
2023-01-17,21018795.61,17358006.06,24125493.35,18077714.41
2023-01-18,21089483.64,17411770.24,24134500.08,18025738.38
2023-01-19,21112102.62,17307646.41,24065134.53,18144747.39
2023-01-20,21031915.91,17301156.06,23961217.82,18077626.86
2023-01-23,21076439.84,17274799.77,24040215.03,18137380.89
2023-01-24,21185887.82,17099163.64,23910774.6,17947423.24
2023-01-25,21111244.86,16823369.32,23477180.11,17830515.7
2023-01-27,20416869.24,16480921.24,22966787.99,17254310.55
2023-01-30,20611725.82,16523301.49,23097998.41,17308274.87
2023-01-31,20939000.46,16821503.71,23251928.43,17628479.55
2023-02-01,20603659.4,16533198.41,22957473.9,17393075.96
2023-02-02,20781160.73,16549342.25,23116723.36,17448714.37
2023-02-03,20504303.43,16365013.72,22805829.73,17267701.44
2023-02-06,20448235.85,16387661.55,22829342.51,17236663.94
2023-02-07,20610456.47,16438926.2,22881815.8,17280806.6
2023-02-08,20527224.58,16580320.62,23020159.37,17299873.8
2023-02-09,20446141.5,16469095.32,22849913.12,17228579.64
2023-02-10,20751987.25,16487117.32,22983274.29,17375219.7
2023-02-13,20947811.25,16817459.19,23299292.46,17530117.04
2023-02-14,20867989.86,16744766.33,23185006.54,17453886.62
2023-02-15,20723227.41,16735305.51,23181115.7,17461445.57
2023-02-16,20878074.2,16692168.78,23206153.52,17585663.66
2023-02-17,21051220.86,16612974.45,23096161.03,17758846.63
2023-02-20,20962610.26,16647628.34,23108698.42,17753170.76
2023-02-21,21061976.51,16647991.63,23015201.33,17717710.36
2023-02-22,20739718.16,16503952.11,22728697.1,17540534.3
2023-02-23,20791509.77,16582369.51,22857913.55,17552076.43
2023-02-24,20715257.8,16436440.31,22550629.34,17471747.46
2023-02-27,20443442.18,16228227.3,22185958.45,17147294.13
2023-02-28,20599402.77,16280755.69,22247004.26,17230076.53
2023-03-01,20891577.31,16542830.64,22509934.6,17466798.34
2023-03-02,20661723.35,16432355.75,22351207.51,17281413.93
2023-03-03,21054958.49,16634727.23,22786472.33,17596509.7
2023-03-06,21519066.87,16918423.4,23057751.63,17923672.28
2023-03-08,21556609.55,16916167.2,23117104.03,17891330.5
2023-03-09,21466009.69,16911673.1,23064894.39,17882373.87
2023-03-10,21343892.75,16860518.89,22951480.29,17788716.39
2023-03-13,20869494.75,16777737.46,22727586.38,17447984.51
2023-03-14,20734247.19,16684976.38,22475769.63,17380732.94
2023-03-15,20736801.79,16643488.29,22409460.68,17327766.24
2023-03-16,20925268.97,16891114.84,22686017.1,17497080.55
2023-03-17,21003599.9,16890705.5,22790316.67,17564466.69
2023-03-20,20999501.19,16991160.48,22893010.37,17567283.71
2023-03-21,20894030.47,16931575.0,22924264.57,17319624.51
2023-03-22,20938160.88,16890543.12,22952463.23,17277417.69
2023-03-23,21195635.07,17064280.07,23156387.09,17459883.75
2023-03-24,21101622.3,17067502.1,23002417.45,17433289.97
2023-03-27,20861147.57,16905633.54,22705671.26,17309112.37
2023-03-28,20814504.28,16859650.2,22664271.77,17244848.11
2023-03-29,21515943.46,17351033.21,23627721.86,17915852.82
2023-03-31,21787893.24,17544088.36,23976374.09,18263326.78
2023-04-03,21975097.42,17610537.89,24158986.51,18276348.32
2023-04-05,22296422.94,17819813.18,24478524.77,18599419.39
2023-04-06,22403854.99,17849371.18,24463824.36,18665673.87
2023-04-10,22124266.24,17726748.9,24361916.42,18389349.22
2023-04-11,22357885.69,17728923.49,24482113.8,18575316.51
2023-04-12,22523075.08,17846194.38,24554316.73,18735769.15
2023-04-13,22875773.95,18047972.87,24774534.75,19083376.48
2023-04-17,23032094.97,18017240.7,24860226.61,19078495.17
2023-04-18,23263145.37,18307940.5,25204663.85,19230576.21
2023-04-19,23057468.33,18145873.77,24963474.47,19078401.74
2023-04-20,23126246.46,18149513.09,25027703.24,19168097.54
2023-04-21,22996238.4,18029279.45,24974052.98,19070124.82
2023-04-24,23152385.65,18030089.55,25059343.18,19280736.11
2023-04-25,22720861.65,17928059.79,24843399.81,18956795.21
2023-04-26,22946238.89,17985193.26,24973910.68,19108114.27
2023-04-27,23054046.36,18044207.3,25034464.18,19254775.4
2023-04-28,23214629.51,18065664.9,25143170.77,19314812.98
2023-05-02,23184742.26,18143826.55,25320854.12,19275134.93
2023-05-03,23283817.12,18055173.29,25441354.46,19140120.61
2023-05-04,23666397.59,18210090.01,25673635.47,19443943.27
2023-05-05,23583278.82,18016120.78,25308849.39,19394492.43
2023-05-08,23562169.97,17909345.74,25223739.69,19333457.72
2023-05-09,23648353.3,17836941.31,25084789.79,19312201.6
2023-05-10,23346594.72,17797886.52,25041843.76,19066764.3
2023-05-11,23860226.24,17954555.83,25270349.41,19442073.22
2023-05-12,23760265.63,17735457.79,24975613.69,19378824.06
2023-05-15,23770718.38,17770850.79,25044026.14,19475146.91
2023-05-16,24077658.98,17858808.42,25164927.36,19747375.3
2023-05-17,24078283.52,17763556.97,25070806.78,19661593.99
2023-05-18,24088361.28,17941115.5,25264944.09,19807836.43
2023-05-19,24177245.29,17871201.02,25163260.33,19895042.28
2023-05-22,24142944.8,17982299.11,25273510.09,19795651.21
2023-05-23,24486535.73,18320516.74,25637066.04,20204529.12
2023-05-24,24352887.1,18297871.38,25539962.68,20143890.6
2023-05-25,24888983.44,18345354.52,25553659.64,20451496.42
2023-05-26,24894439.48,18379855.35,25699241.62,20383554.23
2023-05-29,24686965.91,18222899.48,25505674.19,20057090.22
2023-05-30,25036898.12,18204377.12,25582162.72,20213124.52
2023-05-31,25279386.53,18246248.4,25707136.41,20375813.3
2023-06-01,25385124.08,18242299.35,25658860.35,20546099.68
2023-06-02,25541831.01,18342234.72,25857719.66,20604595.32
2023-06-05,26117583.1,18510882.73,26137873.67,21175040.84
2023-06-06,26125400.55,18729902.43,26241386.54,21415520.85
2023-06-07,26630356.5,19059220.39,26731938.49,21886765.96
2023-06-08,26446905.15,18923382.69,26559879.55,21737320.09
2023-06-09,26493364.43,18812657.88,26400341.68,21733214.8
2023-06-12,26430430.74,18828056.96,26370566.79,21756193.63
2023-06-13,26655054.76,18966728.1,26602697.71,21934389.62
2023-06-14,27056106.79,19158904.28,26859070.98,22296603.66
2023-06-15,27694793.35,19420170.37,27077652.41,22790573.65
2023-06-16,27916962.72,19478206.17,27166882.15,23029120.22
2023-06-19,28115698.28,19438681.08,27274582.63,23069504.8
2023-06-20,28331050.17,19471118.07,27307282.55,23251730.31
2023-06-21,28291749.2,19643867.72,27337060.07,23207155.36
2023-06-22,28314298.19,19408720.57,27020257.59,23149162.27
2023-06-23,27980005.34,19334410.85,26930609.47,22899230.59
2023-06-26,28219664.41,19401507.22,26995310.9,23123265.38
2023-06-27,28262838.71,19370584.17,26976500.33,23299843.3
2023-06-28,28163895.18,19366598.17,26966625.88,23177103.63
2023-06-30,28110704.33,19331254.74,26947834.31,23105363.05
2023-07-03,28198820.36,19193210.93,26776061.43,23241812.45
2023-07-04,28202150.64,19171119.54,26821370.83,23202198.15
2023-07-05,28418371.28,19277448.76,26994437.46,23441976.79
2023-07-06,28516972.48,19474637.23,27197665.0,23593382.91
2023-07-07,28559159.7,19458937.74,27202788.22,23647520.64
2023-07-10,28580037.9,19443888.64,27203474.74,23779639.01
2023-07-11,30048274.35,19887467.9,27722579.05,25087219.99
2023-07-12,30598711.26,20181981.2,28143769.89,25574500.71
2023-07-13,30518919.02,20072425.58,28054060.17,25390585.78
2023-07-14,30458178.38,20253053.75,28223663.4,25311645.58
2023-07-17,30734088.28,20088277.42,28229870.25,25420724.23
2023-07-18,30826289.5,20114882.13,28252080.9,25472502.09
2023-07-19,31332149.78,20336570.32,28564337.35,26066949.96
2023-07-20,31344645.02,20365422.01,28655214.45,26200678.13
2023-07-21,31383614.07,20230495.67,28438928.34,26148986.3
2023-07-24,31709759.7,20740225.54,29043908.9,26937842.24
2023-07-25,31705804.0,20836600.93,29331593.98,26730767.1
2023-07-26,31553193.7,20752400.06,29267111.28,26599085.9
2023-07-27,31754945.75,20897344.47,29390906.31,26867200.26
2023-07-28,31746011.46,21082724.45,29604501.64,26919542.34
2023-07-31,31777571.73,21676834.98,30515322.65,27407550.36
2023-08-01,31333796.2,21477020.85,30296666.21,26927177.69
2023-08-02,31471526.55,21417954.48,30209874.21,27071026.73
2023-08-03,31881650.7,21618222.21,30450396.14,27452685.33
2023-08-04,31918226.27,21637979.96,30514227.51,27380662.65
2023-08-07,31921809.25,21713520.47,30621711.68,27413601.96
2023-08-08,32313857.84,22647611.94,31857453.32,27758187.24
2023-08-09,32231573.38,22458784.34,31675065.76,27742931.54
2023-08-10,32055035.91,22300725.65,31532843.3,27571630.34
2023-08-11,32172778.37,22336744.77,31661129.59,27678126.44
2023-08-14,32428778.11,22278465.33,31769004.77,27739332.73
2023-08-16,32621000.87,22320484.5,31782830.58,28066149.03
2023-08-17,32842098.37,22668647.22,32193293.77,28272950.24
2023-08-18,32810834.72,22531451.26,32014638.01,28261897.56
2023-08-21,33223458.14,22715684.13,32251671.41,28643095.01
2023-08-22,33439647.11,22846597.29,32442764.93,28737384.15
2023-08-23,33853233.74,23202515.09,32889206.65,29120867.31
2023-08-24,33726647.19,22897338.52,32540758.38,28904395.17
2023-08-25,33768262.69,23056223.25,32651436.13,28907923.96
2023-08-28,33658604.86,22833338.04,32415513.91,28675881.73
2023-08-29,33774962.87,22892164.48,32495568.07,28822489.11
2023-08-30,34028362.43,23032954.99,32725169.5,29191394.58
2023-08-31,34486446.87,23292666.68,33189076.22,29541053.62
2023-09-01,34768365.63,23304268.88,33187383.54,29684264.97
2023-09-04,34939723.25,23722830.04,33801618.1,30140823.54
2023-09-05,35221064.36,23902069.51,33969546.06,30350090.18
2023-09-06,34774741.47,23742139.14,33737592.36,29863682.21
2023-09-07,35078849.28,23707438.19,33620373.09,30082241.71
2023-09-08,35464039.25,23872707.99,33831460.97,30323497.6
2023-09-11,36061188.9,24551635.9,34677367.93,30848144.27
2023-09-12,34508967.44,24028479.36,33967524.68,29876731.83
2023-09-13,34208452.89,24122810.7,34229687.37,29777671.8
2023-09-14,34600416.92,24427065.54,34637374.83,30009540.55
2023-09-15,34981546.8,24361871.08,34692681.04,30304540.16
2023-09-18,35009951.66,24479318.54,34888769.0,30047294.94
2023-09-20,34743990.11,24317728.11,34659513.02,29826644.9
2023-09-21,34279665.17,24018448.83,34271889.96,29428190.9
2023-09-22,33915137.95,23938910.6,34175633.22,29123666.16
2023-09-25,33591255.96,23981815.01,34146500.87,29037903.42
2023-09-26,33968514.54,23980001.16,34259660.63,29301022.7
2023-09-27,34964498.99,24254469.95,35235101.53,29637061.12
2023-09-28,35027812.41,24130432.81,35002350.67,29783239.38
2023-09-29,34980770.54,24263230.57,35200556.73,29923905.0
2023-10-03,35081092.6,24321681.82,35215886.98,30118314.0
2023-10-04,34869189.45,24053620.86,34914390.77,29720938.17
2023-10-05,34982920.95,23951407.89,34849940.52,29721330.54
2023-10-06,35007826.13,24090241.51,35002280.91,29698107.21
2023-10-09,34187066.95,23745199.72,34302016.42,29228672.51
2023-10-10,34697944.96,23987150.85,34759162.84,29788242.85
2023-10-11,34662853.2,24080594.25,34890543.52,29839207.24
2023-10-12,35112532.47,24188022.38,35268193.39,29986437.07
2023-10-13,35317806.32,24351384.78,35453268.73,30262639.54
2023-10-16,35477016.72,24553242.42,35901887.4,30053941.52
2023-10-17,35493582.17,24597972.31,35977644.01,30040871.09
2023-10-18,35606828.99,24637562.16,35940758.71,30145550.09
2023-10-19,35383121.64,24206509.71,35488910.76,29593728.76
2023-10-20,35371735.06,24192242.44,35458193.19,29522291.55
2023-10-23,34109495.7,23218282.2,34073994.65,28360364.94
2023-10-25,33515086.15,23105774.42,33818381.12,27772202.79
2023-10-26,33586491.78,22773601.65,33433669.63,27894709.37
2023-10-27,34611513.18,23206681.46,34114134.44,28550178.24
2023-10-30,34338601.9,22995174.54,33834300.63,28157537.03
2023-10-31,34490650.95,22996977.21,33797703.51,28120960.12
2023-11-01,35073800.47,23246217.69,34492680.94,28423125.51
2023-11-02,35408729.2,23402034.93,34649582.15,28810689.13
2023-11-03,35688888.63,23500807.06,34949572.29,28810251.97
2023-11-06,36164468.4,23494058.09,35134056.99,29134455.56
2023-11-07,36112855.01,23614285.68,35285532.19,29191226.6
2023-11-08,36501189.39,24014390.11,35825503.17,29458171.93
2023-11-09,36387111.89,23941478.54,35525633.36,29531510.3
2023-11-10,36272376.28,23804844.94,35313909.48,29426386.43
2023-11-13,36730879.53,24310433.43,36240369.31,29616854.67
2023-11-15,36631339.11,24492669.0,36353369.05,29678442.09
2023-11-16,36694951.85,24533417.23,36393166.04,29793213.64
2023-11-17,36998118.74,24688110.94,36680283.25,30172972.88
2023-11-20,37218666.31,24710011.66,36632626.6,30461841.14
2023-11-21,37431573.96,24702109.32,36525778.65,30776230.1
2023-11-22,37278004.08,24616413.42,36095094.91,30283028.63
2023-11-23,37013306.38,25082437.74,36705646.17,30639094.58
2023-11-24,38004548.34,25190294.94,37082356.64,31374969.92
2023-11-28,37618993.73,25038414.47,36907020.35,30960422.99
2023-11-29,37501910.01,25028059.01,36823014.73,30832054.6
2023-11-30,37859349.97,24832283.48,36594432.16,31033218.78
2023-12-01,37851053.0,25022860.16,36847315.1,31238727.52
2023-12-04,38278344.63,25260762.49,37231369.03,31507175.31
2023-12-05,38224272.09,25419207.11,37278061.55,31636552.22
2023-12-06,38429769.95,25449806.22,37220016.18,31822436.95
2023-12-07,38878781.44,25303201.96,37025484.88,31858159.27
2023-12-08,38885829.2,25488153.01,37148581.78,31892738.59
2023-12-11,39119836.45,25750895.34,37290157.23,31958774.28
2023-12-12,38841600.29,25594532.84,37060519.47,31685660.72
2023-12-13,39062049.35,25746432.93,37240584.84,32072457.92
2023-12-14,38851871.98,25600926.3,37078017.11,31850760.33
2023-12-15,39104307.04,25545582.49,37064231.99,31922875.46
2023-12-18,39450831.46,25516898.31,37032162.12,32050521.05
2023-12-19,39364786.55,25433659.08,37043119.95,31843501.02
2023-12-20,38351842.54,24856468.75,36046363.05,31143563.09
2023-12-21,38555434.17,24795188.26,35990845.1,31374919.07
2023-12-22,39007300.81,24989506.06,36299948.24,31670562.93
2023-12-26,40096547.12,25077472.0,36567228.59,32497979.44
2023-12-27,40529824.46,25431736.78,37145246.49,32741970.83
2023-12-28,40601299.07,25478661.24,37169593.6,32934323.67
2023-12-29,40590441.72,25633838.47,37540504.95,32972517.52
2024-01-01,40500275.96,25658097.61,37474598.55,32915467.4
2024-01-02,40273815.92,25628820.62,37395534.24,32780830.36
2024-01-03,40312609.23,25537301.82,37367492.3,32928626.61
2024-01-04,40700897.55,25628870.94,37592956.56,33159545.28
2024-01-05,40936953.54,25817120.69,37787011.29,33331682.5
2024-01-08,40834127.65,25645424.63,37481509.86,33353973.74
2024-01-09,40904134.27,25689026.4,37469810.66,33384536.09
2024-01-10,41069971.39,25912114.73,37660673.63,33579872.98
2024-01-11,40732647.19,26022871.17,37673054.82,33420084.99
2024-01-12,40709009.1,25978739.63,37552600.58,33413230.25
2024-01-15,40987599.7,25880103.2,37317485.43,33530162.14
2024-01-16,41237912.6,25887022.1,37601123.82,33489504.98
2024-01-17,41042937.06,25653816.54,37161695.61,33529644.66
2024-01-18,40614902.8,25426185.06,36755752.98,33113796.98
2024-01-19,41177580.89,25621899.94,37043834.98,33556504.99
2024-01-23,39715469.67,24762304.54,35566799.34,32068061.42
2024-01-24,40661601.72,25064032.12,35607783.99,33241506.46
2024-01-25,40710010.44,25325769.69,36176999.07,33052501.16
2024-01-29,40802261.93,25717588.33,36472700.08,33391501.0
2024-01-30,40255453.25,25799810.08,36499586.55,33289712.07
2024-01-31,41370308.74,26217711.31,37394376.52,33971377.37
2024-02-01,40720597.78,26349680.98,37456948.28,33644006.97
2024-02-02,40944846.41,26745624.39,38117485.41,33965358.03
2024-02-05,40403125.61,26790219.02,38132589.88,33623275.8
2024-02-06,41185983.95,27133567.79,38670288.08,34266150.75
2024-02-07,41089759.87,27141179.08,38779472.55,34323907.9
2024-02-08,40717777.45,27168424.03,38853576.26,33951098.62
2024-02-09,40443593.34,26744986.47,38175557.13,33633445.83
2024-02-12,39790016.34,25952291.19,36981786.46,32974912.76
2024-02-13,40006643.62,25808479.23,36981409.7,32991453.12
2024-02-14,40345148.26,26121235.97,37442764.89,33269418.25
2024-02-15,40731320.77,26414546.84,38038494.57,33425853.77
2024-02-16,40988712.14,26900474.9,38578328.2,33692946.07
2024-02-19,41386329.85,27287102.93,39064772.39,34195718.07
2024-02-20,41327248.84,27222344.46,39115543.33,34063005.48
2024-02-21,40664055.3,27128331.35,38993226.6,33626222.51
2024-02-22,40697788.52,27228221.02,39277992.09,33554385.5
2024-02-23,41399648.5,27425545.63,39787797.13,34052566.64
2024-02-26,41284768.45,27442046.95,39906153.23,34054626.2
2024-02-27,41115146.91,27552678.21,39971865.73,33904586.31
2024-02-28,40899639.13,27278229.43,39496272.63,33689706.54
2024-02-29,41402633.31,27644276.43,39872949.72,34205375.72
2024-03-01,41793075.82,28131062.16,40285281.12,34571864.15
2024-03-04,42241099.64,28453608.37,40570738.15,35279354.58
2024-03-05,41606472.33,28321700.29,40424394.39,34872138.87
2024-03-06,41190964.4,28310449.18,40309807.99,34506309.48
2024-03-07,41543132.68,28805333.35,40919390.72,34984389.72
2024-03-11,40938442.41,28463145.0,40389399.62,34565209.69
2024-03-12,40091745.9,28083080.65,39565343.98,33849011.02
2024-03-13,37451092.07,26745600.77,37526623.77,31622420.14
2024-03-14,39164975.99,27701879.02,38909726.67,32978347.78
2024-03-15,39263930.98,27574839.32,38744958.87,33121252.31
2024-03-18,38917170.03,27398998.64,38484731.61,32753101.74
2024-03-19,38825154.77,27084588.54,38040724.32,32709813.89
2024-03-20,38825669.23,26669670.38,37510651.63,32595391.75
2024-03-21,40168960.2,27368313.3,38818972.31,33429420.52
2024-03-22,40766391.8,27695341.39,39338899.56,34035591.83
2024-03-26,41404710.35,28045910.16,40101977.35,34430565.24
2024-03-27,41971726.52,27989345.82,40408086.68,34437911.61
2024-03-28,42016772.88,28372047.13,41024051.24,34570615.5
2024-04-01,42693725.7,28765745.76,41650013.28,35188577.78
2024-04-02,43494812.52,28814913.54,42040315.29,35427885.58
2024-04-03,43775713.19,28860003.72,42376695.78,35568334.91
2024-04-04,44074671.08,28635069.55,42300738.14,35828126.0
2024-04-05,44029947.14,28599682.97,42244377.89,35742619.85
2024-04-08,44415133.34,28457514.85,42165763.0,35977106.58
2024-04-09,43606103.82,27961544.84,41277706.48,35284626.96
2024-04-10,43689491.87,27956893.74,41314917.4,35309519.1
2024-04-12,43652089.88,27763324.27,40967732.17,35297065.76
2024-04-15,43546300.39,27535630.09,40615705.43,35210940.36
2024-04-16,43539513.6,27890719.58,40943060.83,35335769.99
2024-04-18,44041969.48,27921628.49,41086178.19,35669085.18
2024-04-19,44525300.33,27804589.32,40929108.05,36218039.31
2024-04-22,44799121.93,28092626.3,41389295.86,36508710.56
2024-04-23,45139812.05,28041046.51,41272569.72,36791876.62
2024-04-24,45382923.77,28192605.59,41408944.8,37072752.44
2024-04-25,45582591.02,28444307.69,41662044.53,37251607.35
2024-04-26,45372095.46,28198680.64,41290502.05,36932329.69
2024-04-29,45383316.3,28279332.45,41308785.69,36961431.12
2024-04-30,45833615.14,28714225.98,41819877.28,37634516.54
2024-05-02,45955299.46,29236683.1,42234207.94,38248253.84
2024-05-03,45633329.92,29238937.1,42367190.76,37869403.05
2024-05-06,45326152.47,28947277.75,41752437.78,37276541.71
2024-05-07,45262437.34,28702385.11,41215681.36,37232320.7
2024-05-08,46106309.28,29475863.77,42103923.44,38054546.6
2024-05-09,45585996.66,28908731.93,41346520.85,37545731.79
2024-05-10,45783483.86,29010353.7,41400393.55,37626143.71
2024-05-13,45500886.0,28930007.86,41370491.01,37486863.16
2024-05-14,47187624.46,29494276.27,42344308.86,38960294.4
2024-05-15,47553808.04,29812962.73,42789171.43,39216248.8
2024-05-16,48214279.21,30010940.19,42978372.88,39905066.53
2024-05-17,48721214.37,30203280.34,43366061.98,40063845.76
2024-05-21,49101461.1,30355438.39,43483756.9,40152741.83
2024-05-22,49853949.15,30400145.15,43771047.23,40218087.18
2024-05-23,50215251.09,30531189.62,43953043.07,40379448.31
2024-05-24,50186444.95,30277090.36,43915077.04,40094434.62
2024-05-27,50057394.47,30289499.59,44216423.07,39900556.19
2024-05-28,49117859.06,29694524.8,43469136.58,39211575.82
2024-05-29,49037121.13,29783269.51,43620753.62,38982949.17
2024-05-30,48137903.66,29361245.5,42907360.19,38263922.85
2024-05-31,48851493.94,29797765.1,43543774.05,39054876.39
2024-06-03,50085740.4,30711971.25,44653758.75,40290389.59
2024-06-04,46371561.23,28270322.22,40961606.41,37084211.36
2024-06-05,46632798.92,28548629.51,41696855.52,37131392.97
2024-06-06,48621124.8,29920842.06,43571090.65,38787976.46
2024-06-07,49886927.51,30223551.31,44104313.5,39697884.98
2024-06-10,50878183.02,30406309.42,44419055.99,40728633.37
2024-06-11,51097973.63,30395012.5,44434855.83,40623890.99
2024-06-12,53739134.78,30783148.06,45823416.97,42150211.15
2024-06-13,54098176.87,30970588.04,45823978.1,42476409.18
2024-06-14,54788527.59,31130791.6,46200479.74,42726144.82
2024-06-18,55333388.35,31510649.63,46624669.84,43051518.73
2024-06-19,55309017.84,31276357.82,46953044.57,42333751.78
2024-06-20,55211544.95,31769208.42,47468907.12,42682774.39
2024-06-21,56021503.27,31840418.49,48375139.55,42848971.68
2024-06-24,55921880.42,32058865.04,48351259.93,42847255.61
2024-06-25,55648262.03,31912578.29,48122254.97,42701925.48
2024-06-26,55513543.16,32025098.23,48198924.36,42575122.19
2024-06-27,55119645.66,31770994.73,47797327.31,42289889.45
2024-06-28,55159987.37,31802414.28,47837037.03,42357527.87
2024-07-01,55223714.81,31992650.68,48095347.45,42503248.51
2024-07-02,55106610.77,31724508.95,47684538.2,42678206.86
2024-07-03,55188540.79,32107043.08,48285171.0,42701313.1
2024-07-04,55781929.52,32340094.81,48619599.69,43173467.06
2024-07-05,55806842.63,32774988.53,49160021.13,43680964.82
2024-07-08,55052487.97,32719619.07,48917301.57,43041150.81
2024-07-09,55165442.11,32986020.26,49138917.12,43128376.15
2024-07-10,54487756.8,32700698.88,48619281.61,42545361.56
2024-07-11,54388173.9,32746930.52,48741013.44,42821744.7
2024-07-12,54296777.02,32593723.12,48711080.75,42607935.8
2024-07-15,54269328.34,32336041.62,48617497.28,42525943.22
2024-07-16,54144847.7,32293572.58,48678781.12,42299500.5
2024-07-18,53196899.05,32058293.61,48225606.15,41716920.1
2024-07-19,51475782.99,31440760.99,47142484.88,40447287.19
2024-07-22,52619904.67,31765789.75,48060978.43,40843045.73
2024-07-23,54325405.91,31597637.06,49156436.63,40957530.68
2024-07-24,53781606.39,31929282.75,49587385.51,40874903.24
2024-07-25,53386168.35,31860709.03,49285585.94,40658944.31
2024-07-26,54677456.55,32391125.41,50154649.05,41569378.08
2024-07-29,55198798.91,32737739.86,50492030.89,41968064.96
2024-07-30,55480825.65,34045104.91,51963010.99,42586007.5
2024-07-31,55343440.52,33728747.66,51573059.38,42480161.61
2024-08-01,55134780.65,33560230.8,51503876.16,42179534.4
2024-08-02,54543465.36,33488363.03,51477740.7,41736550.15
2024-08-05,52195946.66,31914554.53,49176883.83,39628388.8
2024-08-06,51993698.53,31547968.36,49093064.82,38843240.7
2024-08-07,53589379.65,32153815.0,50121056.18,40092798.63
2024-08-08,53572759.78,32169911.48,50278084.54,40009101.28
2024-08-09,54092048.06,32304439.74,50687839.89,40271256.35
2024-08-12,54113470.6,32087140.01,50359510.37,40431060.68
2024-08-13,54327320.54,31814020.88,50001980.99,40452314.27
2024-08-14,54771182.43,31716635.38,50611643.05,40158668.15
2024-08-16,57017968.75,31937334.43,52153233.13,40644594.89
2024-08-19,58606858.6,32371446.15,53493008.79,41370368.45
2024-08-20,58158078.69,32552039.68,52515176.6,42262304.54
2024-08-21,58527562.6,32749303.28,53204468.61,42212883.33
2024-08-22,58396345.91,33139967.69,53572415.17,42213356.57
2024-08-23,58397563.57,32970493.76,53126473.01,42357740.12
2024-08-26,58077544.69,33194223.38,53184572.06,42510533.18
2024-08-27,57613040.08,33704969.73,53756223.91,42632693.33
2024-08-28,58336085.95,33784661.3,54407724.6,42727330.01
2024-08-29,57985796.01,33759203.09,54443250.92,42549332.33
2024-08-30,59250063.11,34175119.07,55605561.9,43137067.11
2024-09-02,58393906.46,33821379.91,54767361.36,42535229.04
2024-09-03,58842052.06,33833123.45,54976455.15,42776609.18
2024-09-04,59066677.35,33949509.6,55247138.12,42967303.82
2024-09-05,59371925.21,34373094.63,56272734.1,43120310.34
2024-09-06,58011661.29,33943095.75,55172627.29,42521526.24
2024-09-09,57379669.53,33642554.02,54624152.93,42249907.88
2024-09-10,58642612.92,34183881.01,55919799.57,42778437.72
2024-09-11,58087723.71,34187706.69,55638505.63,42599904.25
2024-09-12,59060939.75,34382890.77,56541359.32,43027076.24
2024-09-13,60546101.15,34384421.0,57707510.6,43046628.15
2024-09-16,60439050.09,34221156.25,57557533.17,42862738.84
2024-09-17,60946373.72,34076892.91,57702610.26,42787663.39
2024-09-18,60174704.9,33984539.41,57205538.21,42840584.94
2024-09-19,58981534.14,33378778.94,56288199.7,41849424.58
2024-09-20,59279023.91,34330658.88,57392651.04,42312418.99
2024-09-23,59220283.42,34643988.12,57624715.6,42411657.05
2024-09-24,60346557.2,34639009.09,57929119.12,42917378.17
2024-09-25,60359553.46,34636929.8,58040396.58,42846001.7
2024-09-26,60528834.35,34396959.88,57651184.78,43028495.08
2024-09-27,60906701.72,34323976.11,57877591.28,42926415.53
2024-09-30,60240392.09,34424530.08,57375607.01,43099195.18
2024-10-01,60209535.13,34428628.64,57408148.13,43064410.97
2024-10-03,58714175.6,33787637.46,55757830.04,42501687.6
2024-10-04,58766061.32,33566244.95,55761338.47,42230683.26
2024-10-07,56549715.72,32748507.1,54067218.94,40577563.76
2024-10-08,58229541.27,33477827.93,55581888.31,41650428.08
2024-10-09,59445551.76,33719058.64,56112418.31,42363140.79
2024-10-10,61284768.75,34493562.84,57119423.68,44183824.93
2024-10-11,61360341.21,34561836.47,57359631.54,44071436.51
2024-10-14,62182449.04,34473472.56,57683194.09,44338369.67
2024-10-15,63042564.88,35173689.57,58390723.57,45407327.85
2024-10-16,63475200.7,35486353.71,58667015.73,45918162.79
2024-10-17,63277077.49,34991761.19,58268462.54,45329871.15
2024-10-18,62564904.96,34792002.2,57986639.55,44394768.42
2024-10-21,61021770.67,33958406.74,56308302.04,43328321.71
2024-10-22,58340363.32,32857765.58,53518636.3,41919783.65
2024-10-23,58176742.98,33081437.46,53630368.0,42034026.85
2024-10-24,56913697.59,32719173.46,52697868.74,41336922.57
2024-10-25,55588168.31,32608744.78,52368276.14,40314777.15
2024-10-28,56355577.59,33056898.93,53376500.88,40961820.28
2024-10-29,56387755.13,33536988.09,53881871.81,41175398.59
2024-10-30,56931175.18,33675776.02,54227430.42,41682287.99
2024-10-31,58572245.23,33796238.82,55029502.03,42500757.74
2024-11-01,59778782.82,34060707.99,56120651.38,42836220.65
2024-11-04,58118792.59,33454639.37,54720858.52,42001794.06
2024-11-05,57506686.77,33431517.76,54836405.88,41632639.71
2024-11-06,58755819.65,33754327.73,55794384.97,42030887.0
2024-11-07,59131935.96,33501161.9,55792911.38,41988917.14
2024-11-08,58442516.01,33313402.93,55226614.62,41852166.72
2024-11-11,58152979.86,33515092.16,55559996.49,41911701.11
2024-11-12,56899641.87,32873964.64,54373144.13,41125195.12
2024-11-13,56061209.66,32070583.07,53165242.81,40481504.6
2024-11-14,55441588.54,32219365.14,53127040.0,40344692.88
2024-11-18,55465299.45,31913146.55,52920712.37,40158240.11
2024-11-19,56080642.51,32413109.15,53145708.18,41093604.77
2024-11-21,55820761.79,32546603.36,52991474.61,41381234.82
2024-11-22,57343210.09,32967077.17,53743668.69,42399359.24
2024-11-25,58293811.9,33548956.57,54687110.25,42838034.49
2024-11-26,58474128.11,33290399.64,54511491.04,42683095.11
2024-11-27,59766180.75,33598055.38,55235643.95,43537688.45
2024-11-28,59757685.88,33716169.17,55424366.07,43503184.57
2024-11-29,59930881.53,33975565.62,55813910.67,43690413.38
2024-12-02,59610727.85,34137960.95,55995131.29,43598461.65
2024-12-03,59638759.48,34317958.97,56360664.9,43533950.12
2024-12-04,59766434.1,34553257.68,56667527.86,43711588.71
2024-12-05,60144227.32,34437720.79,56831045.62,43583358.43
2024-12-06,60220090.31,34323673.03,56817678.89,43591371.2
2024-12-09,61087427.72,34537597.55,57252910.04,44080470.06
2024-12-10,61889648.88,34684892.35,57690406.79,44656062.07
2024-12-11,62194116.5,34702510.03,57573053.66,45246224.61
2024-12-12,61311530.45,34143106.02,56947398.18,44156879.14
2024-12-13,60891696.47,34213473.39,56808575.66,44046813.32
2024-12-16,61577498.65,34388662.91,57235022.71,44457181.66
2024-12-17,61813337.73,34105003.28,56931400.92,44576652.6
2024-12-18,61438105.4,33649884.82,57105473.97,43538023.46
2024-12-19,61400576.04,33719025.29,57360396.47,43449890.47
2024-12-20,60109194.27,32814187.22,55784839.52,42633996.64
2024-12-23,59760188.85,32369622.85,55119120.17,42147007.72
2024-12-24,58762037.22,32178143.54,54312670.29,41709372.54
2024-12-26,59117989.36,32272949.34,54507152.11,41923803.44
2024-12-27,59190213.33,32535397.72,54875602.56,42006303.97
2024-12-30,58670850.5,32564169.87,54724660.17,41846794.83
2024-12-31,59420492.09,32982105.87,55007950.2,42748688.31
2025-01-01,59938980.58,33001517.11,55021085.44,43119069.07
2025-01-02,60945256.28,33267596.4,55779300.27,43590861.05
2025-01-03,60665121.5,33197180.47,55887010.77,43243309.35
2025-01-06,58907721.92,32642819.13,54672597.34,42205587.4
2025-01-07,60171760.72,33013622.15,55734199.52,42910341.0
2025-01-08,59102672.32,32915004.96,55510596.14,42277918.09
2025-01-09,58529040.45,32698757.98,55368826.29,41670955.74
2025-01-10,57019591.03,32246198.76,54317627.99,40849299.66
2025-01-13,54544911.77,31391268.22,52406184.95,39496424.06
2025-01-14,55344156.87,31557033.84,53202502.49,39759320.94
2025-01-15,55833178.73,31863045.03,53582736.96,40292505.23
2025-01-16,57105165.19,32562774.81,54908187.02,40956938.34
2025-01-17,57232680.46,32591825.73,54593387.98,41314686.29
2025-01-20,58619733.21,32756402.32,55166879.59,42092531.01
2025-01-21,58041074.07,32378360.84,54458589.82,41714274.09
2025-01-22,57765436.36,32089879.58,53921644.08,41788401.17
2025-01-23,57776851.8,32127148.48,53527417.35,42335627.32
2025-01-24,57155348.17,31609278.91,52638415.86,41816455.74
2025-01-27,55017253.51,30660418.61,50730088.38,40374188.71
2025-01-28,53791044.77,30176233.53,49904574.27,39493839.87
2025-01-29,55549618.05,30834612.87,51771550.06,40047942.78
2025-01-30,54567521.01,30589163.01,50813765.86,39623823.81
2025-01-31,55816503.46,30982359.12,51741525.74,40045687.82
2025-02-01,55075073.65,31251349.37,51944002.28,39762704.97
2025-02-03,54062422.29,30916741.33,50916892.6,39611227.66
2025-02-04,54642741.25,31185162.95,51711128.86,39662379.37
2025-02-05,55484186.98,31739039.81,52700530.24,40299731.37
2025-02-06,55979764.21,31985664.98,53138723.9,40719734.93
2025-02-07,55831970.34,32100528.48,53189378.44,40845529.57
2025-02-10,55771665.94,32046610.94,52574844.52,41228139.04
2025-02-11,54814537.46,31696610.44,51686621.88,41023046.92
2025-02-12,54629883.61,31686824.75,51934756.88,40911746.12
2025-02-13,54442887.05,31854488.01,52041090.73,40976540.48
2025-02-14,53294751.39,32302640.54,51798963.77,40814564.53
2025-02-17,53202938.92,32562945.84,52505903.1,40520736.17
2025-02-18,52883629.64,32386429.73,52108272.1,40506511.4
2025-02-19,53761656.13,33294728.83,53642761.63,40815513.94
2025-02-20,53746330.73,33461429.1,53993286.76,40750121.21
2025-02-21,53598501.13,33095046.21,53532128.38,40456467.73
2025-02-24,53577058.79,33022304.29,53365285.09,40401904.0
2025-02-25,53009731.65,33509810.32,53597261.38,40152421.85
2025-02-27,52212373.77,33105760.92,52934218.19,39467164.82
2025-02-28,51069049.21,32470962.17,51554091.8,38966703.27
2025-03-03,50619304.85,32743352.97,51689303.6,38689373.32
2025-03-04,51267245.65,33540613.64,52683964.45,39189049.77
2025-03-05,51061277.71,33558101.56,52703726.1,39035878.04
2025-03-06,50964212.62,33340330.32,52571824.55,38954319.87
2025-03-07,51197796.62,33979839.51,53446959.16,39132571.29
2025-03-10,51043334.56,33620106.04,52851628.61,39019899.74
2025-03-11,50973760.64,33809167.19,53144091.88,38966967.98
2025-03-12,51236306.96,33516216.86,52875849.09,39163693.93
2025-03-13,51571500.45,33764074.02,53234544.12,39420721.55
2025-03-17,51977587.02,34226518.86,53911857.6,39735269.68
2025-03-18,51977587.02,34226518.86,53911857.6,39735269.68
2025-03-19,52557300.57,34751324.39,54846320.78,40175409.54
2025-03-20,52707217.79,34677162.23,54866898.57,40290862.74
2025-03-21,52379285.87,34790405.33,55049735.5,40037862.76
2025-03-24,52144129.9,34597173.1,55095535.28,39839384.08
2025-03-25,52618301.75,34746355.09,55494680.87,40188515.37
2025-03-26,52403851.33,34745258.95,55350888.57,40034374.74
2025-03-27,52837255.33,34740812.81,55493745.12,40363786.12
2025-03-28,53086103.05,35045862.73,55996568.75,40554264.06
2025-04-01,54447367.52,35561768.87,56606704.27,41614131.91
2025-04-02,53852612.72,35568156.54,56427540.32,41170108.9
2025-04-03,53653022.19,35307898.83,56139658.59,41014568.51
2025-04-04,53111721.61,34693557.0,55244580.17,40597904.44
2025-04-07,52311549.18,33899429.31,53962524.73,39985347.58
2025-04-08,51939525.9,34008440.3,53865343.54,39712350.91
2025-04-09,52937830.57,34065614.36,54141934.32,40469394.7
2025-04-11,54876736.59,35242284.38,55929877.99,41962245.34
2025-04-15,54511942.79,35317525.7,55831193.1,41697383.32
2025-04-16,55506206.54,35884524.76,56708221.59,42456321.33
2025-04-17,55956446.77,36051013.01,57231726.43,42789285.27
2025-04-21,56771599.91,36385856.06,57607118.66,43422630.32
2025-04-22,57794940.91,37042729.95,58526293.32,44209738.34
2025-04-23,56536527.86,36225483.25,57400265.6,43232129.04
2025-04-24,56561319.67,36120952.99,57187104.46,43256395.35
2025-04-25,56288260.07,35533088.46,56336822.79,43040509.61
2025-04-28,56102668.32,35021666.71,55709294.42,42885817.56
2025-04-29,56604723.66,35466182.69,56309898.24,43273438.46
2025-04-30,55980491.06,35066561.41,55715168.91,42796168.94
2025-05-02,55535705.93,34747979.0,55221067.31,42452841.71
2025-05-05,56283161.1,35124363.99,55853300.42,43022105.92
2025-05-06,57633683.82,35729978.1,56876956.6,44049318.49
2025-05-07,57057952.03,35518919.06,56434601.01,43619066.61
2025-05-08,56540993.68,35297120.43,56014777.76,43224787.9
2025-05-09,56533247.17,35214089.19,55893529.45,43215518.76
2025-05-12,56546527.17,35604755.97,56728633.83,43211425.88
2025-05-13,56881647.25,35943553.82,56960334.3,43485876.76
2025-05-14,56499970.08,36033178.37,56923680.61,43207021.42
2025-05-15,56013031.0,35730179.92,56641388.19,42819379.27
2025-05-16,56594290.06,35722297.6,56786189.59,43253794.87
2025-05-19,56834954.55,35770320.7,56885373.59,43435327.28
2025-05-20,56703857.08,35627462.26,56687909.29,43332480.05
2025-05-21,57634964.85,36095663.15,57486450.89,44041404.36
2025-05-22,57928696.75,36208225.51,57838370.01,44251241.55
2025-05-23,58270376.45,36473143.45,58420684.96,44497419.42
2025-05-26,58452381.56,37009257.33,59182954.12,44637419.58
2025-05-27,59150670.69,37248569.75,59825650.69,45152543.96
2025-05-28,60180919.83,37529975.04,60487787.71,45922769.52
2025-05-29,59619887.07,37500492.22,60455442.22,45498100.91
2025-05-30,59166737.01,37112930.6,59752412.12,45161396.5
2025-06-02,59525602.69,36854437.26,59256962.33,45447712.18
2025-06-03,59286054.56,36735875.89,58934598.09,45274196.95
2025-06-04,59717057.01,36769731.87,58964040.04,45602813.67
2025-06-05,59691688.12,36685601.33,58946175.91,45581867.13
2025-06-06,59197944.79,36393726.46,58402131.99,45209505.25
2025-06-09,59141860.28,36351682.8,58464501.48,45156244.41
2025-06-10,58895470.27,36163592.47,58323975.73,44960871.41
2025-06-11,58869328.32,36115292.78,58203091.46,44941588.63
2025-06-12,58265353.01,35656358.07,57303925.38,44490368.36
2025-06-13,58146893.71,35530450.61,56991065.27,44405192.71
2025-06-16,58149447.38,35501047.6,56993987.38,44406929.1
2025-06-17,57755381.39,35090102.25,56440503.04,44096070.77
2025-06-18,57829631.5,35057163.82,56457520.38,44146430.75
2025-06-19,57528654.28,34659900.08,55904247.68,43908660.97
2025-06-20,57623523.93,34577468.35,55928877.57,43970599.11
2025-06-23,57450870.8,34573126.32,55950473.61,43832367.43
2025-06-24,58226972.62,34973280.65,56483996.27,44431636.26
2025-06-25,59117336.27,35380375.69,57081719.71,45109127.77
2025-06-26,58878805.68,35282663.09,56717519.17,44945382.79
2025-06-27,59774588.43,35651434.8,57320993.6,45627498.33
2025-06-30,60518461.55,36075256.81,57923403.17,46197807.2
2025-07-01,60080516.28,35892331.58,57541877.05,45868442.25
2025-07-02,59825736.83,35671908.86,57175969.64,45675726.78
2025-07-03,59473312.91,35461667.76,56796148.54,45403785.47
2025-07-04,59410266.39,35504732.34,56734545.67,45354974.06
2025-07-07,59104695.67,35411927.5,56501307.19,45133115.06
2025-07-08,59361904.52,35397866.12,56555411.4,45325111.93
2025-07-09,59667191.32,35562224.07,57090206.75,45548449.65
2025-07-10,59607473.45,35340669.1,56868606.38,45494363.11
2025-07-11,60164492.41,35810237.85,57346165.31,45907412.05
2025-07-14,60832594.91,36081279.04,57904580.11,46409790.36
2025-07-15,61758208.64,36674330.69,58835700.92,47118906.77
2025-07-16,62050372.13,36916680.54,59700754.92,47346215.23
2025-07-17,62573420.86,37034242.2,60199247.4,47744784.57
2025-07-18,63482098.24,37334469.74,61186896.14,48436681.56
2025-07-21,62928508.64,37188909.08,60557403.6,48013346.31
2025-07-22,62553014.18,37092616.51,60260089.85,47727081.57
2025-07-23,62452564.95,37288023.42,60254188.68,47659109.91
2025-07-24,62548711.25,37067737.33,60230492.33,47721484.7
2025-07-25,61952328.36,36770943.88,59727539.98,47262078.86
2025-07-28,61609167.8,36334746.93,59302173.19,46993446.38
2025-07-29,62305717.84,36940775.81,60553506.77,47529277.61
2025-07-30,62258108.66,36853555.55,60373711.79,47498394.87
2025-07-31,62216600.13,36485507.38,60220093.47,47460581.74
2025-08-01,62055503.13,35766532.43,59476008.17,47329815.06
2025-08-04,63054289.11,36230327.19,60127454.89,48107635.06
2025-08-05,62622986.16,35994599.96,60055033.75,47781837.5
2025-08-06,62929607.44,35822499.61,60005873.71,47998893.09
2025-08-07,62841523.32,35753094.56,60118885.2,47919874.68
2025-08-08,62833343.33,35666363.5,60119497.15,47908763.45
2025-08-11,62325540.2,35431219.84,59766321.68,47546959.97
2025-08-12,61914059.82,35497559.5,59229696.86,47251081.28
2025-08-13,62569976.91,35689283.46,59648338.33,47731846.7
2025-08-14,62310613.53,35389328.15,59399392.97,47525571.15
2025-08-18,62970313.07,35681261.18,59666550.52,48029738.71
2025-08-19,63251489.96,36030071.7,59980933.34,48251700.42
2025-08-20,63216129.35,36413224.17,60590815.98,48223574.73
2025-08-21,63499639.55,36607525.12,60676027.95,48439714.62
2025-08-22,63428152.49,36417592.16,60446801.27,48392315.47
2025-08-25,63895132.64,36202169.49,60580039.99,48733371.4
2025-08-26,63461523.24,35812097.98,60186523.11,48400241.0
2025-08-28,62983377.18,35596857.68,59786945.71,48013920.96
2025-08-29,62623073.25,35753427.78,59596452.14,47816576.87
2025-09-01,63430089.09,36091180.37,60240993.81,48482350.79
2025-09-02,64406452.63,36315742.87,60801287.86,49208272.55
2025-09-03,65683866.8,36846974.8,61948646.04,50158926.8
2025-09-04,65742567.48,36801466.09,61905178.93,50199865.4
2025-09-05,65836341.18,36692279.92,61920752.58,50262745.23
2025-09-08,67446661.3,37470910.29,63104527.38,51493617.67
2025-09-09,68080187.53,37962094.55,63646763.12,51993925.05
2025-09-10,68277755.07,38010240.56,63447905.38,52157881.17
2025-09-11,68345624.09,37834111.34,63207512.84,52208669.91
2025-09-12,68536259.26,37824227.8,63169967.73,52357906.26
2025-09-15,70021371.76,38312180.02,64069254.87,53490466.09
2025-09-16,70548514.65,38246333.23,63895817.45,53902701.4
2025-09-17,70345352.98,38501448.54,64156750.03,53745515.61
2025-09-18,70230094.33,37997945.81,63288494.57,53655158.62
2025-09-19,70585010.83,38227408.77,63334900.34,53931465.6
2025-09-22,70591556.8,38485507.49,63552045.46,53938140.65
2025-09-23,70995655.69,38546836.46,63825941.68,54228882.56
2025-09-24,70994349.75,38422955.91,63723355.11,54215504.25
2025-09-25,70729616.28,38086697.87,63510217.07,54003530.25
2025-09-26,70028592.49,37182883.03,62140237.68,53463173.47
2025-09-29,70086383.57,36809959.37,61698538.45,53480256.31
2025-09-30,69885689.68,36507971.77,61391603.47,53322068.24
2025-10-01,71272091.29,36945433.71,62733940.58,54475628.85
2025-10-03,71758650.26,36769812.08,62615880.69,54460512.25
2025-10-06,72012762.46,36796315.23,62758843.3,54879657.72
2025-10-07,71481964.59,36611940.73,62608181.64,54420138.47
2025-10-08,72318637.32,36834669.64,63674676.05,55025841.78
2025-10-09,74369456.65,37894214.7,65409813.84,56575438.97
2025-10-10,75001206.15,38103302.99,65654284.34,57113084.03
2025-10-13,76698444.25,38108203.48,66583156.37,58520203.18
2025-10-14,75841437.45,37835315.33,65646832.71,57792983.35
2025-10-15,76553393.9,37695911.52,65828496.33,58436455.5
2025-10-16,77215471.86,38065646.3,66214332.53,58803045.47
2025-10-17,77557830.34,38374492.59,66928294.08,59128878.05
2025-10-20,78062796.75,38430529.52,67132521.2,59468411.37
2025-10-21,77779420.68,38397437.41,67159082.3,59365810.58
2025-10-23,76642282.02,37673769.3,66219302.97,58409015.43
2025-10-24,77053121.14,34393071.08,65674785.29,58700044.0
2025-10-27,77779574.03,36828555.3,66090544.94,59260085.33
2025-10-28,78990925.14,37087180.41,66790386.02,60220880.41
2025-10-29,79953396.29,37448814.57,67374520.19,61000572.97
2025-10-30,79443041.43,37289394.28,67022596.45,60453008.9
2025-10-31,79132272.15,37004475.4,66733425.35,60267732.82
2025-11-03,79612156.55,37605198.84,67335625.57,60751780.14
2025-11-04,79394594.53,37473905.6,67276547.96,60531625.23
2025-11-06,79714820.03,37097455.16,67193679.08,60807169.32
2025-11-07,81759474.13,37857618.96,68798732.8,62367693.47
2025-11-10,83081176.41,37990497.2,69645868.94,63338672.98
2025-11-11,83297017.56,37502128.86,69291495.43,63417499.08
2025-11-12,86071496.77,38571717.94,71140403.04,65496822.67
2025-11-13,87283298.2,38861283.77,71614298.85,66306241.48
2025-11-14,89897888.49,40218404.59,73584254.99,68399783.4
2025-11-17,89293439.17,40164028.03,73376938.82,67989243.33
2025-11-18,89058232.47,40199263.71,73167633.49,67751525.4
2025-11-19,89876784.52,40883991.45,73660822.19,68448236.7
2025-11-20,89367278.13,40845754.31,72923707.62,68121844.23
2025-11-21,89006859.08,40406438.45,72350913.87,67797960.11
2025-11-24,88516441.41,40249831.73,71559045.51,67407230.58
2025-11-25,89120542.82,40640793.33,72137651.59,67727367.02
2025-11-26,89626814.91,40564062.07,72893382.35,67779930.54
2025-11-27,90813848.9,40622871.11,73746429.02,68682339.36
2025-11-28,91289701.32,40687534.69,74328280.2,69065533.07
2025-12-01,92689109.31,41547685.32,75510922.36,70337885.83
2025-12-02,92411504.15,41486275.89,75057183.91,70211925.51
2025-12-03,93169155.74,41571305.93,75219027.95,70875820.0
2025-12-04,93478424.76,41464326.06,75160852.73,71146941.29
2025-12-05,93731332.17,41337992.34,75158724.22,71296742.18
2025-12-08,93818649.91,41319397.12,74908792.27,71335478.28
2025-12-09,95004321.36,41781557.63,75487677.36,72165307.15
2025-12-10,95448551.28,41629156.11,75563851.66,72523072.1
2025-12-11,96107185.72,41723074.04,76265431.16,73090752.76
2025-12-12,97276774.04,42150531.18,77344005.53,74025087.08
2025-12-15,98347618.96,42785669.72,78447306.79,74755323.0
2025-12-16,98082858.86,42910037.87,78209836.97,74684214.56
2025-12-17,97312249.54,42840098.89,77668515.52,74123602.84
2025-12-18,98964317.0,43471603.52,78499314.17,75623135.78
2025-12-19,100233979.34,44092851.29,79379604.67,76403588.57
2025-12-22,102417139.07,44586349.1,80707648.26,78098311.44
2025-12-23,104360952.83,45119442.37,81830367.37,79526098.76
2025-12-24,105494376.54,45188978.51,82267218.81,80287390.12
2025-12-26,104989583.21,45330944.42,81394022.92,79952517.18
2025-12-29,107014436.42,45367206.62,82246462.55,81495972.56
2025-12-30,110378603.37,46301539.4,84106087.31,84012594.41
2025-12-31,113381821.87,47125124.66,86092044.06,86203793.71
2026-01-01,114945801.02,47806808.09,87002553.87,87161018.99
2026-01-02,107094550.56,43155587.85,80663953.03,81938643.33
2026-01-05,104968280.84,43190680.03,80231901.32,79807969.83
2026-01-06,106686011.59,44572241.42,81858970.31,81007281.33
2026-01-07,106237523.47,44704281.48,81756233.39,80755896.25
2026-01-08,102667267.4,43010696.96,79108219.78,78019540.88
2026-01-09,102973329.57,43649289.8,79354562.47,78280604.92
2026-01-12,102912260.44,44063486.37,79391761.72,78296104.79
2026-01-13,102918296.44,44444098.96,79734844.01,78463023.16
2026-01-14,104639238.24,45329677.91,81265382.75,79416557.18
2026-01-15,104639238.24,45329677.91,81265382.75,79416557.18
2026-01-16,104042401.16,44933609.28,80870333.31,79056070.3
2026-01-19,101793325.48,43730793.83,78218972.0,77444637.08
2026-01-20,98952953.72,42606500.14,75895119.28,75283626.41
2026-01-21,96389218.76,41665111.46,73531466.41,73630726.75
2026-01-22,99743635.77,42543671.17,75921314.86,75760416.16
2026-01-23,97576261.25,41749378.8,74131763.49,74403420.41
2026-01-27,96699091.15,42052887.82,73788041.25,73679918.89
2026-01-28,96610946.4,42658259.52,74183098.64,73660520.66
2026-01-29,96446348.21,43489803.99,74211010.9,73733542.37
2026-01-30,96605521.8,42337921.52,73363623.09,73115113.83
2026-02-02,95496124.78,40854262.8,71745574.1,71592054.47
2026-02-03,96919442.24,42358404.05,73805923.13,72823051.99
2026-02-04,97943137.48,43607217.24,74965341.98,73721657.05
2026-02-05,96808767.92,42672183.78,73538533.99,72330156.24
2026-02-06,96623696.62,42795060.04,73284763.09,72147985.42
2026-02-09,96997865.47,43286514.85,73746070.33,72338778.22
2026-02-10,98918144.04,45237366.05,76950187.67,74060749.24
2026-02-11,100110691.41,45834033.5,78374320.18,74520891.13
2026-02-12,100082047.89,45457444.45,78294086.39,74566559.8
2026-02-13,98080236.59,43899949.32,75967773.91,72673815.31
2026-02-16,98136441.12,43525233.49,75870871.51,72649379.39
2026-02-17,101248168.83,44564490.31,77431764.46,74549336.62
2026-02-18,101144563.05,44516895.74,77347890.73,74674953.63
2026-02-19,100036202.61,44004036.89,76101685.74,74060938.09
2026-02-20,102088285.26,44998496.3,77485408.67,75768896.64
2026-02-23,102845671.98,45010939.94,77653273.14,76259778.83
2026-02-24,102934461.69,45062787.74,77361383.68,76581133.99
2026-02-25,102785630.13,45278377.82,78179469.63,76842875.85
2026-02-26,102935531.57,45557666.04,78009302.77,77207777.5
2026-02-27,101424000.57,45168336.13,76873579.6,76493740.36
2026-03-02,99262235.79,43839376.97,75308755.39,74795540.1
2026-03-04,96907291.0,42514093.42,73091582.13,73007346.39
2026-03-05,99015220.88,43408295.97,74536738.35,74506127.59
2026-03-06,99355492.01,42948993.23,74663040.54,75037877.14
2026-03-09,103249107.52,44689203.5,77291211.4,77983341.58
2026-03-10,106910881.49,45267807.82,79348975.84,80554786.75
2026-03-11,106430750.08,43801477.95,78590330.85,79917400.65
2026-03-12,104473207.84,42765572.92,77005858.52,78604888.18
2026-03-13,101322699.58,41549936.33,74788339.54,76490892.99
2026-03-16,100745671.14,41590716.35,74310882.89,75524979.33
2026-03-17,98928906.8,41783450.54,73780405.05,74308715.5
2026-03-18,100456523.11,41932571.59,74706989.9,75282527.39
2026-03-19,99993394.79,41099236.43,73209661.32,74857375.26
2026-03-20,101666201.92,41390733.76,74146745.56,75737354.07
2026-03-23,100433818.38,40164305.25,72190850.12,74670129.13
2026-03-24,101892174.38,40803835.75,73685423.86,75762554.2
2026-03-25,102634411.06,41529962.38,75125549.57,76875210.36
2026-03-27,102726796.85,41830236.01,74706212.21,76907140.46
2026-03-30,100422853.87,41303424.15,73188312.22,75426493.51
2026-04-01,102601598.88,42330729.54,74900794.65,76863850.89
2026-04-02,102397426.37,42444487.7,74028742.52,76771172.6
2026-04-06,102198791.58,42850777.0,74805611.12,76912304.15
2026-04-07,101177226.38,42553614.12,74238669.27,76707082.0
2026-04-08,104345039.62,44155588.66,76547082.27,78815446.95
2026-04-09,104296466.85,43899219.78,76693091.7,78706347.65
2026-04-10,105149115.9,44307359.14,77168721.39,79322193.57
2026-04-13,103801450.67,43839971.23,76635153.58,78262946.76
2026-04-15,103461615.49,44224090.11,76855210.32,78137809.31
2026-04-16,104627400.75,44772386.7,77838146.55,79097045.3
2026-04-17,106205067.51,45736146.1,79163265.62,79907353.85
2026-04-20,105214492.01,45800763.94,79070015.08,79110946.81
2026-04-21,107468041.7,46609921.59,80859111.33,80499700.34
2026-04-22,108008276.51,47006371.46,81553317.0,80871412.41
2026-04-23,105872016.26,46589479.43,80382007.75,79160170.71
2026-04-24,104825286.98,46572017.7,79897788.0,78567248.15
2026-04-27,104447508.14,46657308.78,79862496.03,78570301.35
2026-04-28,104273640.77,46291212.69,79471691.05,78272141.96
2026-04-29,105986123.66,46952769.46,80607609.82,79512228.38
2026-04-30,106583700.89,47922953.29,81588848.96,80322188.95
2026-05-01,106583700.89,47922953.29,81588848.96,80322188.95
2026-05-04,108968012.8,49149130.94,82962716.31,81896988.84
2026-05-05,110628170.82,49872991.82,84312390.69,83293030.95
2026-05-06,109374375.61,49494647.9,83102119.03,81940846.12
2026-05-07,112001482.9,50484551.39,84703763.95,83633708.1
2026-05-08,112408260.84,51094910.36,85167680.28,84130815.73
2026-05-11,110963974.78,50113702.05,84030719.67,82956335.09
2026-05-12,107270403.28,47749774.62,81515415.62,80072321.65
2026-05-13,109627444.71,49365656.78,84043626.16,82000060.99
2026-05-14,109889512.7,49503313.95,84013173.83,81971452.78
2026-05-15,108093261.58,48572823.85,82500572.48,80504122.43
2026-05-18,107147595.09,48649285.6,82281067.05,80226817.51
2026-05-19,104923812.64,47709279.64,80846873.69,78740840.57
2026-05-20,106109311.48,48770645.93,81892866.33,79913854.9
2026-05-21,107508811.82,49100720.42,82829575.56,80930611.68
2026-05-22,108573373.97,49031987.34,83358557.4,81508847.23
2026-05-25,110854044.2,49872579.14,84962945.96,83127904.35
2026-05-26,112413326.49,50293213.46,86064593.8,84468621.66
2026-05-27,113548320.23,50560883.14,86788757.51,85333081.64
2026-05-28,113548320.23,50560883.14,86788757.51,85333081.64
2026-05-29,113909481.36,50894488.44,87314436.06,86220599.49
2026-06-01,113729459.93,50814600.14,87207097.15,86280308.13
2026-06-02,113886906.35,51266635.24,87749759.31,87060590.54
2026-06-03,113929290.32,51640232.62,87944517.65,87472735.82
2026-06-04,115736365.16,53350533.06,89789965.79,89924535.19
2026-06-05,115753127.27,53772988.5,89874139.06,89766213.68
2026-06-08,115654869.51,53985477.39,89927169.21,90142770.98
2026-06-09,117296819.58,55197121.4,91274087.43,91304506.74
2026-06-10,117780433.18,55369722.52,91355028.13,91583208.92
2026-06-11,117869173.62,55897471.22,91474641.94,91660175.45
2026-06-12,119983076.9,57317677.69,93207145.37,93228830.03
2026-06-15,121757450.44,58625011.44,94621914.88,94434860.18
2026-06-16,120803486.48,58567018.22,94039976.11,93695740.98
2026-06-17,120837877.7,58993389.29,94222923.21,94022372.35
2026-06-18,121189459.99,59041225.35,94305333.12,93991633.92
2026-06-19,124170273.67,60151163.93,96301461.27,96215262.83
2026-06-22,125799721.07,61045221.68,97711018.61,97670141.04
2026-06-23,125533666.68,60866970.39,97201429.9,97054879.21
2026-06-24,123916202.51,60264067.29,95769059.72,95679415.15
2026-06-25,124233953.66,60624891.41,95934078.18,96092564.5
2026-06-26,124233953.66,60624891.41,95934078.18,96092564.5
2026-06-29,126763836.34,62327977.84,98531283.07,98917950.6
2026-06-30,127341655.65,63225562.43,99125481.45,99970505.39
2026-07-01,127013763.44,63205519.36,98678317.46,98982542.94
2026-07-02,128671398.37,63801383.09,100052261.28,100715405.52
2026-07-03,131860990.96,65309250.88,102382472.38,102732021.69
2026-07-06,135435406.75,68040325.86,105251087.62,105558678.57
2026-07-07,137742589.31,69526002.24,107241399.96,107662160.2
2026-07-08,129934573.43,65254821.33,101638293.28,102771719.94
2026-07-09,135211395.19,67690871.35,105533658.11,106402703.47
2026-07-10,136740281.0,67992148.21,106507878.79,107429830.55
2026-07-13,135695442.91,66371957.28,104799284.09,105591121.01
2026-07-14,137945570.31,68392401.84,106848132.34,107764885.37
2026-07-15,139790206.32,69212967.51,108082745.77,109149165.69
2026-07-16,137153383.43,67647040.19,105907054.01,106736272.23
2026-07-17,136473392.8,67954361.94,105495909.45,106267299.3
2026-07-20,134307811.9,66636412.48,103973526.17,104708584.29
2026-07-21,135317160.4,67623603.61,104918594.76,105574184.4
2026-07-22,134106748.4,67082612.14,104205798.59,104837606.39
2026-07-23,134332914.15,67833168.47,104723517.8,105701500.67
2026-07-24,135568313.42,68682975.54,105349644.1,106293686.13
2026-07-27,139714093.57,70847541.45,108221177.93,109496329.0
2026-07-28,144141341.61,72336509.98,111040204.04,112383988.0
2026-07-29,147212942.57,71769811.17,112134998.97,113059688.03
2026-07-30,147274607.98,70095266.73,111348669.94,111858166.11
2026-07-31,148516049.45,69611658.33,111595421.98,111668492.12
2026-08-03,149686773.68,69357092.41,111848641.45,111746417.64
2026-08-04,154120849.48,70532256.51,114388698.03,114300079.82
2026-08-05,159403774.2,73616622.4,118363763.56,118633445.28
2026-08-06,161099300.72,75924421.59,120371684.39,120313630.09
2026-08-07,162700901.86,76193963.74,121107346.53,121154315.91
2026-08-10,161896891.99,76318258.59,120773006.75,120901490.63
2026-08-11,167003829.46,78844575.48,124451938.93,124531568.28
2026-08-12,170448417.31,81686111.23,127385534.39,127425013.41
2026-08-13,173587686.2,83023128.86,129894082.03,129637045.69
2026-08-14,174339853.39,83050118.28,130507129.2,130196896.91
2026-08-17,166342077.31,77706429.06,124105350.03,123647511.94
2026-08-18,173743425.35,81417094.93,129413575.46,129214530.98
2026-08-19,174886969.37,81338706.89,129525702.27,129464529.15
2026-08-20,174077949.85,80521003.82,128457788.36,128642933.08
2026-08-21,175363005.97,81405894.85,129894507.32,129795481.91
