date,10_slots_baseline,15_slots_baseline,20_slots_baseline,25_slots_baseline,10_slots_+_dead-money_eviction,20_slots_+_dead-money_eviction,20_slots_+_hot-swap_laggards,20_slots_+_eviction_+_hot-swap
2018-01-02,999000.999000999,999000.999000999,999000.999000999,999000.999000999,999000.999000999,999000.999000999,999000.999000999,999000.999000999
2018-01-03,996366.7828214042,996366.7828214042,996366.7828214042,996366.7828214042,996366.7828214042,996366.7828214042,996366.7828214042,996366.7828214042
2018-01-04,1001668.9755567692,1001604.4945366401,1001572.2540265757,1001552.9097205369,1001668.9755567692,1001572.2540265757,1001572.2540265757,1001572.2540265757
2018-01-05,1004943.8228216646,1003441.7910414117,1002690.7890478475,1002240.1922986092,1004943.8228216646,1002690.7890478475,1002690.7890478475,1002690.7890478475
2018-01-08,1007701.7822263248,1005226.4617425903,1003989.0934055037,1003246.7658106613,1007701.7822263248,1003989.0934055037,1003989.0934055037,1003989.0934055037
2018-01-09,1004134.4011097443,1001303.5261689934,999888.9158352378,999040.4143218375,1004134.4011097443,999888.9158352378,999888.9158352378,999888.9158352378
2018-01-10,1001210.7244385302,1000154.9872603712,999627.0651344641,999310.2947746365,1001210.7244385302,999627.0651344641,999627.0651344641,999627.0651344641
2018-01-11,1010440.0099812174,1007398.0927239539,1005877.3405406196,1004964.9553383052,1010440.0099812174,1005877.3405406196,1005877.3405406196,1005877.3405406196
2018-01-12,1023502.964257033,1020149.8169080103,1018473.9498137116,1017468.6557162837,1023502.964257033,1018473.9498137116,1018473.9498137116,1018473.9498137116
2018-01-16,1018649.1811514965,1017484.7074111851,1016898.6847300804,1016545.8599162833,1018649.1811514965,1016898.6847300804,1016898.6847300804,1016898.6847300804
2018-01-17,1031116.5761693437,1023037.3616755487,1019000.8374004305,1016579.9089148457,1031116.5761693437,1019000.8374004305,1019000.8374004305,1019000.8374004305
2018-01-18,1027634.7070349485,1019971.49080226,1016142.8162535952,1013846.5497568208,1027634.7070349485,1016142.8162535952,1016142.8162535952,1016142.8162535952
2018-01-19,1036603.2697673041,1027435.870837352,1022856.8708943127,1020110.974192667,1036603.2697673041,1022856.8708943127,1022856.8708943127,1022856.8708943127
2018-01-22,1037419.6235639518,1028586.3962459383,1024176.6240672078,1021532.9485464729,1037419.6235639518,1024176.6240672078,1024176.6240672078,1024176.6240672078
2018-01-23,1037160.2125973259,1030094.3691359013,1026566.5608447655,1024451.5103020712,1037160.2125973259,1026566.5608447655,1026566.5608447655,1026566.5608447655
2018-01-24,1036693.2918865748,1033923.3392731659,1032537.478733002,1031705.6784893709,1036693.2918865748,1032537.478733002,1032537.478733002,1032537.478733002
2018-01-25,1035874.9406336263,1031092.1944174841,1028698.9119590144,1027262.3324092864,1035874.9406336263,1028698.9119590144,1028698.9119590144,1028698.9119590144
2018-01-26,1057428.88432185,1045678.4887371019,1039819.8070997566,1036309.8790193384,1057428.88432185,1039819.8070997566,1039819.8070997566,1039819.8070997566
2018-01-29,1051098.795436998,1039539.6909235471,1033777.7554386673,1030326.2268258512,1051098.795436998,1033777.7554386673,1033777.7554386673,1033777.7554386673
2018-01-30,1040701.1992562237,1031148.5192945787,1026388.2986924156,1023537.3199523973,1040701.1992562237,1026388.2986924156,1026388.2986924156,1026388.2986924156
2018-01-31,1028270.3827851104,1025135.9660483818,1023580.0117879249,1022650.0360340122,1028270.3827851104,1023580.0117879249,1023580.0117879249,1023580.0117879249
2018-02-01,1026529.0792361245,1025109.198374822,1024404.301007772,1023982.9742914924,1026529.0792361245,1024404.301007772,1024404.301007772,1024404.301007772
2018-02-02,1011510.4333667712,1010572.0796890596,1010156.7624258003,1009906.6397804024,1011510.4333667712,1010156.7624258003,1010156.7624258003,1010156.7624258003
2018-02-05,973765.6668536143,971162.3424117946,981121.4146905531,987202.8710670127,973765.6668536143,981121.4146905531,981121.4146905531,981121.4146905531
2018-02-06,983110.491538347,980180.691961975,985227.959544773,989229.4984062188,983110.491538347,985227.959544773,985227.959544773,985227.959544773
2018-02-07,983606.7955872971,981091.7673382815,984766.6461609912,987519.00801815,983606.7955872971,984766.6461609912,984766.6461609912,984766.6461609912
2018-02-08,941181.5018158377,940637.4349686429,954766.3670500047,959201.8484219864,941181.5018158377,954766.3670500047,954766.3670500047,954766.3670500047
2018-02-09,952256.254584465,950799.947065594,961958.2914487089,965435.6844841121,952256.254584465,961958.2914487089,961958.2914487089,961958.2914487089
2018-02-12,965307.3735299238,963515.8711593632,972703.9277179325,976360.5789617891,965307.3735299238,972703.9277179325,972703.9277179325,972703.9277179325
2018-02-13,965286.3518420066,963405.5453859027,974062.828064196,978525.2205463741,965286.3518420066,974062.828064196,974062.828064196,974062.828064196
2018-02-14,988361.385679631,980223.9840642096,990989.8423577375,995691.2512928452,988361.385679631,990989.8423577375,990989.8423577375,990989.8423577375
2018-02-15,1001745.5950907547,994241.1288570128,1001769.4649844657,1006544.0278677734,1001745.5950907547,1001769.4649844657,1001769.4649844657,1001769.4649844657
2018-02-16,1004600.9305707812,994212.0946823275,1000955.8523694177,1005653.1136558686,1004600.9305707812,1000955.8523694177,1000955.8523694177,1000955.8523694177
2018-02-20,1005617.6829144873,993349.2836953197,996901.2115771517,999150.7073269299,1005617.6829144873,996901.2115771517,996901.2115771517,996901.2115771517
2018-02-21,1004917.6081097107,992592.1926756394,995221.9091347156,996597.9824402737,1004917.6081097107,995221.9091347156,995221.9091347156,995221.9091347156
2018-02-22,1007543.5662908758,995993.8327274099,999048.3720330434,1000356.553570767,1007543.5662908758,999048.3720330434,999048.3720330434,999048.3720330434
2018-02-23,1020950.5989834996,1008724.0974151337,1008268.874300928,1009146.3261674731,1020950.5989834996,1008268.874300928,1008268.874300928,1008268.874300928
2018-02-26,1026828.2331768915,1014982.0951777902,1016218.1989026959,1016408.069909835,1026828.2331768915,1016218.1989026959,1016218.1989026959,1016218.1989026959
2018-02-27,1012518.1178403215,1001185.4111120126,1003585.2894757066,1003983.5660000236,1012518.1178403215,1003585.2894757066,1003585.2894757066,1003585.2894757066
2018-02-28,993917.1558350936,985078.8028615724,994089.9588617012,994741.4147853627,993917.1558350936,994089.9588617012,994089.9588617012,994089.9588617012
2018-03-01,979417.096022783,972566.9755774229,982493.2789571797,984280.9770389134,979417.096022783,982493.2789571797,982493.2789571797,982493.2789571797
2018-03-02,990974.0875193638,980034.9021473018,991008.1245778576,990672.1187838238,990974.0875193638,991008.1245778576,991008.1245778576,991008.1245778576
2018-03-05,1004117.5264852606,989836.369426232,1000193.8497078051,1000588.2876171218,1004117.5264852606,1000193.8497078051,999254.2016175635,999254.2016175635
2018-03-06,1011126.1058274987,995345.2764552417,1007521.7277991585,1007011.2723201211,1011126.1058274987,1007521.7277991585,1006050.5084406488,1006050.5084406488
2018-03-07,1015760.1501194634,1000088.0965435315,1012059.5899087872,1011167.9332847075,1015760.1501194634,1012059.5899087872,1011165.7829355833,1011165.7829355833
2018-03-08,1017595.6830598561,1004782.5850065049,1018529.9383751083,1017187.6836119206,1017595.6830598561,1018529.9383751083,1016071.9374557033,1016071.9374557033
2018-03-09,1035202.6806523397,1021651.1326762924,1033515.0148487717,1032314.7774848735,1035202.6806523397,1033515.0148487717,1030718.4757161507,1030718.4757161507
2018-03-12,1031423.6450559078,1018528.2025001807,1029188.0944877507,1027701.14477846,1031423.6450559078,1029188.0944877507,1027679.5714151671,1027679.5714151671
2018-03-13,1028521.9217768704,1016533.1960861717,1023829.2470142511,1021073.580092059,1028521.9217768704,1023829.2470142511,1021589.7389387335,1021589.7389387335
2018-03-14,1026216.1796646945,1011916.2244822411,1021570.2549525932,1019032.6198265965,1026216.1796646945,1021570.2549525932,1020114.1637616601,1020114.1637616601
2018-03-15,1017343.2422257757,1007587.4370275616,1017109.2577603086,1015177.1883732371,1017343.2422257757,1017109.2577603086,1015480.2683275546,1015480.2683275546
2018-03-16,1021556.6812425855,1011344.1969954147,1019774.3613642403,1019703.7254111911,1021556.6812425855,1019774.3613642403,1017054.7333016822,1017054.7333016822
2018-03-19,1010527.8340208093,997478.004834551,1004802.6665737197,1005258.7629146903,1010527.8340208093,1004802.6665737197,1002519.6324017368,1002519.6324017368
2018-03-20,1019975.5323265727,1004843.0095411962,1011595.1428244158,1010774.6897112526,1019975.5323265727,1011595.1428244158,1009168.6290414298,1009168.6290414298
2018-03-21,1025387.8891481666,1006595.2586824866,1012617.5367854192,1012349.6568246047,1025387.8891481666,1012617.5367854192,1010060.0334819879,1010060.0334819879
2018-03-22,999194.3405358054,982466.2004201949,985420.655818561,986797.8263569933,999194.3405358054,985420.655818561,984637.8810835818,984637.8810835818
2018-03-23,982694.1732644816,963906.083080333,963062.6545513233,967345.9144597095,982694.1732644816,963062.6545513233,962988.9265188276,962988.9265188276
2018-03-26,1013616.4436881104,991056.3131870929,990143.6578724586,994038.2588940414,1013616.4436881104,990143.6578724586,988910.6026816049,988910.6026816049
2018-03-27,993308.3537068017,974100.570459164,972895.9464022343,977440.3835285584,993308.3537068017,972895.9464022343,973051.4813774832,973051.4813774832
2018-03-28,985252.926342935,967925.9669601694,964546.3761050011,970245.1226844752,985252.926342935,964546.3761050011,963428.7346547806,963428.7346547806
2018-03-29,1005425.7046543075,982952.8143372675,982228.2722849901,985472.1399444962,1005425.7046543075,982228.2722849901,980647.5466146256,980647.5466146256
2018-04-02,978069.2057464742,954587.1918154738,954792.9979890676,960613.2289341772,978069.2057464742,954792.9979890676,956848.2737140439,956848.2737140439
2018-04-03,991943.0396560094,962659.285078815,963141.8390123477,969210.1623549929,991762.2727296929,963051.4642766505,963636.2016229626,963636.2016229626
2018-04-04,1005572.1987870496,975715.2335074646,975714.1992639012,978793.950831966,1004639.2916922681,975247.7907574391,972960.3297252895,972960.3297252895
2018-04-05,1020901.9382970191,987561.673993873,989255.4850591423,991841.2861652195,1018291.4385134564,987950.7085949475,982813.0005921843,982716.5300993873
2018-04-06,998231.3841583027,969108.3760488986,969028.1571932583,972364.4407343334,999542.38993234,969680.9285960124,966914.7481651955,967655.7017544658
2018-04-09,1002219.0749521086,971486.7813126256,970420.4512382646,973468.7758129884,1005067.3424921941,971840.9713041546,968888.3253236436,969853.6599530228
2018-04-10,1017392.9436113939,985483.9592033586,986417.8081228521,988807.8611545884,1017361.1794301937,986400.8546036639,984407.4591778719,984727.35013853
2018-04-11,1015922.4705925158,985960.4241249929,985853.1277226134,987881.9961810298,1019054.2131629143,987413.1351393738,985130.7429251428,986653.7656092397
2018-04-12,1025083.8969496696,990042.4417623912,992410.8823090254,994609.8820759512,1023236.6403260971,991487.6307820837,989832.3994052019,989844.3532562642
2018-04-13,1024873.3132500958,990822.6458011256,986231.5879819229,990029.0130864193,1026709.5616380187,987144.6585917459,983764.943058071,985056.7790359135
2018-04-16,1037987.5740534273,1002015.2049405325,997725.0659370009,1000413.4069796453,1034664.735107762,996065.5051333706,994329.4490557087,994023.4547269796
2018-04-17,1050907.5956166093,1012196.3879609916,1011522.3272310233,1013781.5941452382,1045772.0530651313,1008957.8609507999,1006757.4957010264,1006432.5431557929
2018-04-18,1060454.8166193787,1019809.1558412095,1018516.3779234249,1019253.5885940783,1050255.7821970864,1013441.7803089584,1011710.2928897724,1010058.6255645447
2018-04-19,1040009.4638275199,1005169.404280149,1005283.0263631139,1008229.1048586454,1032887.1939946061,1001739.0154174871,1001255.7684113448,1000127.5570731219
2018-04-20,1026973.6124834834,994062.5055044732,997041.680448339,1000668.0156109724,1022736.411538259,994930.933873778,995428.8133824612,993866.5711833556
2018-04-23,1031418.8968604584,997587.68535584,999271.0180875266,1002373.1931914156,1021242.0870891213,994204.8603392497,995727.6979241127,993140.2693562866
2018-04-24,1025043.4313377363,992869.3038737478,993202.1829326747,993646.7790254286,1020344.8101539576,990865.8729205423,990434.8276877166,989086.1654541318
2018-04-25,1028612.3863341054,993159.458824802,992097.3001036627,992540.1463420589,1019305.4910019339,987475.128411207,986346.3753557119,984387.848662213
2018-04-26,1043381.1387051814,1004785.6065065142,1003911.9783417094,1001510.3036259441,1033475.1500602385,998997.0346512769,997690.4816863817,995495.7710585736
2018-04-27,1040057.3513859592,1001186.3096966736,999610.1978006917,997654.9664940274,1027289.3927172851,993267.5518489024,994640.0930385909,989982.5954775494
2018-04-30,1024704.9319888654,992701.192740421,992509.7545951572,989166.9323835289,1014885.26462015,987627.7724177903,988343.5598208386,984969.7637295481
2018-05-01,1024393.0714873796,990753.1279113439,994033.5167545683,989845.1944558007,1012947.915525473,988123.8042594846,989687.7810040808,986174.2226051837
2018-05-02,1024210.5583184446,989045.4677296393,995341.2192098114,990180.9014997648,1018596.0312882822,993785.5099997204,990343.9767181617,991467.5528449205
2018-05-03,1018622.4588517253,985777.9949626212,993536.6826498305,988249.0565347476,1025353.3185229856,999097.620524266,988793.6429904526,995730.5302959579
2018-05-04,1029292.1191047332,995446.1333204276,998644.8599496955,993395.5115533192,1032646.8936632432,1001087.5370083248,993046.899713601,998307.8245754958
2018-05-07,1036152.5101448325,1000061.0163687473,1004327.48914527,998859.6883644831,1036505.2650085886,1005236.9488826178,998575.3979730238,1002572.2759166714
2018-05-08,1045474.6128155148,1005628.6164706001,1011828.4279997402,1004206.147716231,1035682.2230654384,1008335.0084564433,1005689.2005264445,1005734.045724537
2018-05-09,1054491.994941329,1008546.1403129027,1015003.4600809949,1005948.1815346936,1037878.448629404,1010059.317424201,1007382.4141046772,1007050.8483409544
2018-05-10,1064161.2375623265,1014022.5944178482,1024040.9140875099,1014912.5981248114,1052317.6752731658,1023924.9823157256,1016031.1690098372,1021019.7379151238
2018-05-11,1066195.053372952,1014049.9884407071,1022976.6274844857,1014437.3506904382,1052681.804521761,1022804.5486863522,1014536.0180131362,1020373.4626851758
2018-05-14,1068289.4459102754,1013199.1413841412,1021803.9236689332,1013288.1254741064,1051917.5281942466,1021033.996695003,1012727.069288391,1018711.8200164873
2018-05-15,1062777.807054186,1010370.7005296081,1019712.7194762344,1010861.6628058247,1051365.252236891,1016790.9874339412,1011593.8680420851,1015655.2046511433
2018-05-16,1070150.7103702477,1018897.5992183271,1027974.3470758293,1017414.4129758006,1064959.437127513,1024913.0609847207,1020184.8414519075,1023623.2441145186
2018-05-17,1083245.1546071786,1028843.697122134,1036336.8866834731,1024598.9644088635,1077714.068440871,1032546.3648692704,1027385.83999965,1031485.448385796
2018-05-18,1086174.215914933,1028190.1792776005,1035528.7497148239,1023441.2963661354,1074165.293505874,1030639.3884271847,1024952.1123439573,1028921.0439957577
2018-05-21,1101638.2571815427,1044446.689299787,1051391.2653040772,1036273.6617241786,1093804.8030536503,1044206.1107797029,1039516.6416834764,1042370.848857796
2018-05-22,1091925.799718895,1033962.3379919098,1032197.7256919029,1019361.1020576863,1083319.976116999,1027376.0049660949,1020177.3309751812,1024291.5768952002
2018-05-23,1100748.3295427065,1041049.9257931708,1038373.6752768682,1023920.2580159489,1092444.8757463272,1031732.5409863498,1025562.4897677939,1028154.4997313167
2018-05-24,1111057.0514857224,1048952.8479981006,1043318.2725960789,1029340.346643743,1102805.8188367283,1039177.2045551327,1032493.489719073,1035708.3340451033
2018-05-25,1109824.1155260499,1048730.783826429,1045842.3438859609,1031069.8990609283,1101522.2727408116,1038412.7634236973,1034082.8598241096,1035263.5949408575
2018-05-29,1114042.2984342107,1047796.3614892279,1044111.9770296403,1028642.36865005,1102553.7404414886,1037898.9158507813,1031534.9861556604,1034225.9008640093
2018-05-30,1131518.8043496313,1062345.1600322544,1056890.9892469863,1039399.0443796245,1118504.6594092974,1048273.4111241715,1043856.7876937046,1044490.8628971493
2018-05-31,1123590.141857745,1054033.0843930442,1050453.6297281787,1032578.6189739557,1111076.4321675033,1044600.6725801877,1037335.4917580752,1040830.4619247009
2018-06-01,1138949.4920657023,1065769.5580420818,1063065.3441457606,1042664.8911856266,1127185.8730971366,1051881.8123837349,1050047.726352571,1048121.3175789705
2018-06-04,1143337.5636814702,1068932.7440834376,1066065.044192799,1044737.1997023183,1133115.2593282172,1054124.9006499168,1053227.077699322,1050363.1550225597
2018-06-05,1143682.742146374,1071167.4961448533,1067050.3190796874,1046278.1928269996,1136172.403429859,1056484.5068162463,1053964.1432858533,1052703.348246494
2018-06-06,1144279.4286258097,1072057.07479131,1070589.286821008,1049571.427667976,1134712.954241275,1056282.3190004034,1055092.3613183107,1052494.491916973
2018-06-07,1137012.0435651485,1070363.45905845,1065913.6038828332,1045467.5376136389,1127309.9381773842,1051480.7419479303,1050073.0064039177,1047699.6474735509
2018-06-08,1146363.2215349462,1079268.0463611193,1072307.3971166988,1052132.0331670814,1137571.6185231062,1057312.6143479894,1055173.9151444384,1053516.76139963
2018-06-11,1142343.8801908446,1074833.2658123525,1070550.1395393503,1051307.2441900752,1133134.4844264074,1057100.346759953,1054020.5833240207,1053301.4391369836
2018-06-12,1145465.3291455274,1079247.1451137464,1075532.0284724864,1054662.0716117823,1137834.3245944092,1058625.6633017072,1057535.4355396787,1054822.7744115083
2018-06-13,1146550.6254129917,1077373.8289140484,1075027.9465488414,1054099.0754514511,1135662.8972861236,1058620.9349725088,1057958.1608368293,1054819.7415205878
2018-06-14,1152570.6056827623,1082283.3116380656,1078514.7973351516,1056724.0721453063,1141361.4552861496,1062755.7018423488,1059942.595792889,1058944.722007228
2018-06-15,1148430.0041558663,1077851.8840555814,1076112.7367606356,1053235.1468065432,1136538.0370893471,1054518.7171451275,1056815.7088070936,1050751.6661519539
2018-06-18,1154324.0303637544,1083266.9752072804,1079716.8305565557,1055892.8452241793,1143148.2601643086,1058020.7688771966,1059326.1226176762,1054251.329815657
2018-06-19,1146575.9089697918,1077016.4554803588,1071361.4941746586,1047513.2017344758,1137045.4901127808,1052067.8794146075,1052347.1256558052,1048312.5764779086
2018-06-20,1143756.7590101315,1073660.9539950425,1070935.5732088683,1046639.1836448349,1140933.0035264157,1051959.2276158687,1052863.1532095748,1048212.6651260889
2018-06-21,1125712.6029274303,1059139.7633310086,1057168.0110353993,1034916.0460051547,1125295.9670290858,1041752.6831498931,1040059.7241356513,1038020.0864339933
2018-06-22,1122058.3320052475,1054693.5612413255,1051978.0180611394,1031032.5946553266,1112908.4761666341,1036113.8141558159,1035186.122665733,1032388.1053872716
2018-06-25,1093446.734040999,1030208.640799564,1024844.8347337042,1008640.3575530709,1083679.3296651854,1016119.9488606865,1010557.375785478,1012428.9940222522
2018-06-26,1100929.2536798632,1036039.8038477608,1031264.4870467017,1013591.0165725639,1088574.5100661179,1017623.9500102095,1015336.3277675968,1013938.9603246723
2018-06-27,1078567.1329712828,1019259.8256321808,1013789.150604647,997920.5997209395,1069808.7936584125,1004672.2980633581,997495.3217918382,1001017.376618899
2018-06-28,1085987.2319277204,1022931.3366283309,1016184.3009700311,999312.585964646,1071925.4504871648,1004796.4914718545,996937.7730273051,1001147.1437973602
2018-06-29,1093110.4111061809,1027706.7286291313,1020335.3306813844,1003183.0061206052,1076831.1032177776,1009386.9559912515,1000361.0919352985,1005724.2793345544
2018-07-02,1092406.4073816831,1026112.4761113932,1015961.1241589813,999238.3262067591,1080375.6961181958,1004074.8718111184,996007.5509062132,1000436.9840153805
2018-07-03,1095034.9017905365,1027974.9227132159,1017510.8114146483,1002331.8750602802,1078970.7162583105,1006330.3305954299,997748.1553753046,1002668.8900364453
2018-07-05,1100987.2433138336,1032838.203125454,1024000.6933714182,1007000.8191296516,1085919.105454506,1011420.6536038471,1003839.4273911458,1007740.4917261443
2018-07-06,1111280.1014175252,1039586.7009106159,1032023.5074489677,1013667.9233332463,1094662.7293456027,1016507.084688195,1011519.5179172549,1012823.0624228342
2018-07-09,1122534.4888439057,1048181.9639165683,1041496.2805299473,1022200.0807865051,1105140.81076823,1022810.7744911123,1019818.2536309615,1019112.4821333813
2018-07-10,1120353.7660891006,1045811.0719458534,1039864.4071441048,1020614.512122685,1102165.4930567832,1020617.1959927615,1017612.7997470382,1016927.3032848663
2018-07-11,1106820.0281339975,1037671.8157664814,1031241.2183937263,1012547.3807085846,1097357.2355447547,1013699.3160845955,1011030.3083805337,1010033.1476196005
2018-07-12,1123207.6024364647,1048774.4715548689,1043041.4333312741,1022371.5085141537,1113406.5981781408,1024087.20739167,1022437.1738688803,1020399.2327807415
2018-07-13,1125275.1925026844,1050948.1492761038,1042122.1062190944,1021259.7818680048,1118501.652122463,1025682.5756764375,1022020.2946378757,1021997.6291591963
2018-07-16,1121001.3707232985,1047589.2528266257,1040046.023009926,1018689.8912903378,1114702.1649829636,1024083.8986094311,1019735.109958209,1020403.4197812241
2018-07-17,1126086.8294091371,1052346.558145326,1045418.8658102297,1022454.4063129,1125940.1427490553,1026734.0948250379,1025330.0940485593,1023068.5913943618
2018-07-18,1130778.5989854187,1056659.707824267,1048496.5322951849,1025623.9713748592,1132670.5556315288,1030518.841606023,1028597.9727281164,1026846.2320886678
2018-07-19,1132466.8137534838,1059243.7942041361,1049661.7268933328,1026290.2683738586,1135292.6794576675,1030409.5942028728,1029292.804812414,1026742.8343774941
2018-07-20,1131569.9488079126,1058304.5881605244,1047201.9719150692,1024653.1360901679,1131409.511096435,1030621.6743579046,1027380.1796143389,1026947.0830432376
2018-07-23,1135140.1237755786,1059684.5623045014,1046992.6025709079,1023221.3348661299,1132322.0963161737,1029520.4126525668,1025636.3671500848,1025857.6296883558
2018-07-24,1129357.1852267524,1052816.379943689,1041005.4882058685,1018729.5713743086,1120743.0750438522,1022392.5523984216,1018952.1090137837,1018747.8757669793
2018-07-25,1143169.5070261003,1069589.1956627606,1056747.301937126,1032227.0013653166,1143482.7099174901,1035578.008484405,1033828.6748291479,1031897.942700055
2018-07-26,1140084.8095459645,1067852.823842359,1053363.673697469,1029440.9703512917,1142066.99926155,1029694.0176224897,1028242.3169734624,1026038.2449054889
2018-07-27,1126467.5004472486,1053789.6613669356,1038989.7902982224,1017354.1403510058,1110741.5755817066,1009172.0838655701,1014332.4920836273,1005556.7025632197
2018-07-30,1119485.2126999977,1048891.1203616175,1032787.7162291794,1011237.178635728,1098713.9805369468,1003803.8730065248,1008142.1400166404,1000205.7578556257
2018-07-31,1133087.202551966,1058878.595138925,1046752.4227578216,1023792.0010493238,1109336.7454419367,1013631.7840037849,1021361.4077920375,1010004.9161073838
2018-08-01,1131090.707031335,1056442.1191832887,1043096.6148926584,1019903.6261982656,1113778.1552987725,1011451.0855329674,1016970.8576464978,1007839.5505049226
2018-08-02,1145626.580013412,1064008.9196487644,1051894.6085398283,1029151.7397502933,1116749.0060954317,1012445.4120573419,1019833.3091339885,1008811.8968280259
2018-08-03,1141978.3170067884,1063132.3618491823,1050879.8855649307,1026967.3582236944,1110742.7342414137,1008882.6301244652,1018720.1536827147,1005248.9966056922
2018-08-06,1148128.8971146266,1069105.104941911,1057923.6489018246,1033856.1301255743,1116873.7835038868,1015461.1599495233,1026572.7963485897,1011806.9628223728
2018-08-07,1150465.7837159128,1068257.3811866085,1055391.9749962238,1030651.5615947653,1117318.230798992,1015020.4863275589,1024801.1214434925,1011372.295503802
2018-08-08,1151147.1677862648,1073294.6418202736,1057984.236434886,1031695.5541038447,1121418.5014213151,1017513.402623627,1026788.964372501,1013857.1330335427
2018-08-09,1153432.1697648964,1077822.6472060864,1060053.4714417814,1033522.6773723443,1122014.6349157018,1016038.5205463194,1027762.8105423328,1012384.8226906944
2018-08-10,1147933.2298802906,1072362.4073978933,1053301.573981999,1028093.3284551858,1118258.441510599,1013062.2428964198,1022526.4554259895,1009413.9221219167
2018-08-13,1137700.72102729,1062526.1343570584,1043971.2725659641,1019827.9446257392,1106195.8486093755,1006364.4394801387,1014662.3277668135,1002732.4047192066
2018-08-14,1146901.6592221148,1073754.6149042079,1055176.7009348546,1031231.9892501889,1120994.8658012876,1015442.5066632533,1025310.2721375122,1011777.0334967645
2018-08-15,1123830.510653592,1055097.481293949,1038511.6881432756,1016703.2035888111,1102254.4043311344,1002065.0386189163,1010080.7369179039,998444.8414665246
2018-08-16,1130799.1577872178,1061080.7366577932,1045110.1482869814,1023965.327285315,1107542.5311341241,1009207.9628220021,1016208.0314936858,1005571.376406485
2018-08-17,1136440.1464015392,1066503.6045736182,1051275.2782667251,1028772.8138249313,1110953.7844671498,1013925.7417239111,1022274.1819377567,1010292.8014717391
2018-08-20,1138700.0614882298,1071954.8508322977,1058553.652205256,1035374.5597393541,1116549.3825288052,1017234.6674925264,1027873.3130918037,1013576.4487754131
2018-08-21,1148453.7915349514,1080815.2115020778,1062615.4025552645,1039505.5793354003,1128426.4471939849,1022210.4376270496,1031858.7824519153,1018539.123742516
2018-08-22,1149759.3971972023,1081564.3207155585,1062669.5498787616,1040027.7669173564,1132251.761741545,1022383.4432445103,1031300.2801599617,1018699.7627021002
2018-08-23,1153388.6863680556,1085178.951832113,1065158.0556253819,1042214.4991315336,1139732.15522524,1027082.7678861489,1036179.9431299863,1023383.7818450603
2018-08-24,1162302.5926898355,1091044.080175631,1075181.2420374556,1051686.7024885556,1142742.3387382168,1031138.1101502809,1046487.6202183982,1027416.4521716548
2018-08-27,1175275.6865999762,1098775.0409321613,1080893.434522335,1055030.7018623156,1150712.7812828096,1033720.0464203799,1049350.5467748563,1030000.6339226991
2018-08-28,1174047.5423670737,1100103.2678148483,1083104.4045736545,1057783.8734251114,1150308.691861229,1036039.5794349238,1051980.9201398073,1032310.7870901533
2018-08-29,1182025.3482667354,1108676.2722584791,1088700.6999029836,1062633.1740472775,1157004.2538179667,1042647.8881609609,1056430.2462153584,1038881.0728644092
2018-08-30,1179771.7702551582,1103510.5665719607,1081838.84685594,1055704.2318444082,1149955.231386648,1036428.4576076195,1049847.9073561186,1032688.5314444627
2018-08-31,1185583.3718271828,1111462.3092710474,1088204.2631501595,1061662.7921202402,1159113.4827582436,1041824.5926936732,1055238.2534259758,1038078.8780166036
2018-09-04,1181449.8393019524,1108709.1071236208,1080536.273623645,1054875.931079123,1161826.4547796783,1039295.6250737025,1048309.0519125988,1035549.653768748
2018-09-05,1165934.4499217626,1097163.4912375254,1066494.1618471022,1042632.0872410197,1140018.8537708763,1026202.1395377663,1034129.623015756,1022524.7267354643
2018-09-06,1164357.228942158,1098156.8912721586,1064324.0261156585,1041296.8896864225,1134192.910651949,1022785.7923541443,1032046.2201986947,1019094.6068521725
2018-09-07,1153696.454067302,1091855.9803571815,1058484.211976141,1036166.5349854785,1128797.1388834894,1016162.9427435435,1026118.8075974496,1012481.9151817204
2018-09-10,1169945.4341763235,1103715.481110094,1069059.2054096493,1043761.0230762418,1135060.431025035,1020666.5844447308,1032471.3617828768,1016956.3598160238
2018-09-11,1178164.9411041597,1108061.4295024993,1072065.8704769423,1046223.5161383594,1140030.3408025,1023080.7539398291,1034390.2182409335,1019358.0302290752
2018-09-12,1181006.0153953633,1110497.9679324036,1075196.8014603553,1048276.8564665671,1138096.0573027742,1024644.88254505,1037987.7824312296,1020909.1639767197
2018-09-13,1179970.9598981775,1113299.4154280692,1077511.4245833128,1052267.4899950665,1146071.5958218274,1031802.0246022708,1044321.7434836734,1028045.4695135334
2018-09-14,1183387.3069268875,1114725.6452122978,1078427.3881803248,1053367.3227394053,1152838.5805147956,1035059.3524882016,1045446.92979406,1031269.1554497133
2018-09-17,1166638.6288065058,1103111.3626925591,1067546.5791941239,1044157.1741928866,1138565.793784162,1025316.8510924799,1033210.6374013961,1021570.140148368
2018-09-18,1173773.9546676315,1109678.9761894913,1073356.6052939587,1050108.4309920957,1148082.1286871068,1030665.0364295165,1038815.5258702906,1026900.9957806239
2018-09-19,1156219.0810430637,1095104.9487981899,1061997.4160637779,1037450.9966072793,1130258.2508548684,1015020.0707136636,1025500.2605167541,1011315.0644745919
2018-09-20,1163749.3898678322,1102440.9206653733,1072270.4386715926,1046521.0823324978,1136387.4694575532,1021471.9140293815,1034841.7649589436,1017745.5811902143
2018-09-21,1162663.8657824558,1103763.718225865,1072748.713655133,1046543.8081416991,1136093.0455258887,1021062.5112911577,1034295.3845508776,1017362.6173359888
2018-09-24,1171884.2766627937,1108675.9744161596,1073377.6950529255,1047175.0237639515,1145405.501682167,1022386.7167468596,1035178.9155969728,1018687.4034975544
2018-09-25,1182535.132996998,1116452.6459410675,1077946.2712427392,1051805.3886026214,1148242.9934330897,1026597.5258172995,1037381.410286331,1022870.7975466356
2018-09-26,1179662.063319045,1113703.7365557493,1072788.6056333303,1047347.5833080786,1145070.4852394036,1021785.6725821999,1032395.5525888095,1018070.134720464
2018-09-27,1172586.2650048216,1109499.9067179495,1070763.564040888,1046013.26582716,1142368.1224190737,1020099.9519805664,1032766.1187183813,1016380.3897588359
2018-09-28,1183791.5384531529,1119352.5905215107,1079746.956479854,1055534.135678785,1151787.3556535472,1031212.0465681946,1042353.4019861,1027462.0436740199
2018-10-01,1176094.7900012755,1112270.7443161507,1072202.8300424279,1049098.4400347488,1149552.8078116497,1026535.9522509079,1034653.99719587,1022776.7686151739
2018-10-02,1163599.9933476779,1090870.0255527857,1054311.6799506,1034062.2981586463,1125667.1041097762,1012438.8577243639,1016741.6771261217,1008730.960234437
2018-10-03,1170125.9432128307,1094524.7250043522,1058993.637040942,1038683.4416672274,1139200.8247803932,1019531.3096947568,1022064.5759611056,1015818.0256712455
2018-10-04,1153822.9848533492,1079984.0249582108,1045325.0928514085,1025903.6925303641,1116231.2465644632,1003184.0801237782,1003655.9521066757,999532.9230597308
2018-10-05,1142981.4007023864,1073250.2427995391,1037136.3818825895,1018907.1559214514,1108093.4487623053,998438.6606993045,995883.6890186626,994793.7341975326
2018-10-08,1135031.2658529012,1069463.9402302096,1033431.9412755251,1014451.1352548015,1101982.4802763923,996149.4005108642,989335.8349905416,992534.6462607639
2018-10-09,1136056.4341471319,1071859.7540937958,1035870.8369750883,1018584.5456650524,1105167.259500987,1003000.6663115834,993431.9036154269,999366.5951470919
2018-10-10,1097215.9288364248,1035254.6012535519,1001500.1333689007,985923.862409982,1064437.609149957,974446.9150629019,960685.6455803651,970938.7714415109
2018-10-11,1083551.725999845,1024579.114805762,988824.2290179365,971002.4432707767,1058203.3474158612,960071.6405628768,947872.8977378549,956603.5349950463
2018-10-12,1099314.4210984712,1038578.2667203681,1000619.5416150157,982750.3589527039,1076428.0482883905,972234.7147789005,960112.9578040085,968699.9666993105
2018-10-15,1090882.973464063,1031866.0070655474,995809.3155009358,978008.6036638999,1066164.4542324413,966793.0135631114,955757.2092701183,963500.3835921283
2018-10-16,1129923.9910884202,1063373.4121130386,1025978.048410896,1007536.1603935203,1096118.7055013182,990239.9179966603,983010.9004394609,985298.2640279053
2018-10-17,1124580.342462977,1060186.77637912,1024943.6036285431,1007058.2384107544,1086659.8568051453,985385.0327948041,982948.2713949112,982623.9550134477
2018-10-18,1113272.8953759323,1051249.6473156335,1015071.1513701354,997277.0055507754,1083259.356303041,980619.2057079371,973875.7297008102,977243.5355843061
2018-10-19,1090900.5112545155,1029921.8878205718,997266.4586315408,981784.7904263367,1057209.7008619604,966722.8778401277,956505.1813724333,963591.496174241
2018-10-22,1092592.7452610468,1036223.033086298,1001066.1427156321,984666.0160859472,1073314.6717165322,973987.5916593488,962882.410489772,969970.3209591983
2018-10-23,1078161.4582975435,1026575.4006585518,991988.198152592,975558.3948422306,1061532.2947224672,968921.696565868,953397.8509291466,965634.9734919585
2018-10-24,1034386.7404008606,991768.0190427218,960916.6889173948,944367.8050457853,1027381.1350165947,946355.5813790774,928395.1770933232,943689.9104587575
2018-10-25,1026652.649051394,989529.4983996269,966457.5703206495,950582.4529028408,1017813.346915344,946417.1999947638,932891.4498159399,942398.5268967747
2018-10-26,1026088.5325097733,987531.296595314,952850.1177739988,937401.3858082519,1014412.5751685447,946314.7886907619,922274.8590480122,943393.3042390731
2018-10-29,1018790.3436340282,985069.6557560527,949111.5944149229,933272.7667822281,1019181.8623328187,946902.565130026,918287.5541803334,940844.0988324903
2018-10-30,1045353.1546622015,1010714.5089038403,969605.9232785903,952357.8691331187,1039852.5319001545,958784.8426731003,932145.3699639405,949624.0703832878
2018-10-31,1063793.0191175318,1019147.4549489017,977088.3439125239,960618.1941039865,1039155.1221721129,958967.6549708919,936845.5614703993,951530.7590044329
2018-11-01,1090058.9320749345,1036999.5162946654,995343.4620626988,981222.3185460321,1047891.7165192371,967292.946316724,947081.8812946007,960903.1030238613
2018-11-02,1079559.7506104924,1031440.849197084,991790.3859330943,983566.3003642886,1050944.0231849921,968661.9821350118,948643.2798790566,960999.8509072853
2018-11-05,1084844.9574778918,1036788.5838822299,996629.612400173,986823.3330015384,1052583.3661720653,970636.9837284458,951595.7621119516,961240.8644939391
2018-11-06,1099827.649437331,1049852.5126721368,1006842.8386167446,994733.2976020032,1059095.816859844,975355.7578731504,956554.8228561349,965451.5027608646
2018-11-07,1127175.708617329,1072691.8004331458,1026350.2783914206,1015057.3916968843,1077953.4379766895,985855.5111187922,974901.5997427286,975713.4058165073
2018-11-08,1126409.7624008926,1095922.7343170901,1043726.031636178,1029812.4034988611,1103489.9298310764,999175.2658467279,991752.3600541092,988088.8043591871
2018-11-09,1100796.6673410041,1068579.2224941074,1020884.3968728944,1009631.7644384983,1083081.5617487878,984163.8109769379,969314.146184429,972658.2783081059
2018-11-12,1085186.0665966347,1057321.0425753428,1011838.6382730735,998555.4952029145,1072317.1826016111,975712.1861160095,959671.777314241,964906.3423007866
2018-11-13,1075382.9587771269,1054451.0558101316,1008665.7328797916,995177.0627382156,1067763.9760248058,971830.3040817494,957102.2771858439,962825.1910631263
2018-11-14,1063894.9180270785,1047829.0461605713,1004233.5018038764,990138.9903614493,1070586.3308512722,975187.8523943543,955434.7311821978,966122.3168943769
2018-11-15,1079272.5696996718,1057519.57592234,1011870.6165425435,997893.724581877,1071235.6231398599,975939.0405952815,961909.8883350875,966867.2355894409
2018-11-16,1086768.8308285833,1067581.663124511,1021564.5417883415,1005726.0124370265,1081168.6571056305,982904.8477551427,967956.1827144544,973768.1595611959
2018-11-19,1062251.8623619326,1046638.7490412378,1004968.3647647288,989037.8715558157,1069175.4072497867,975309.3064211212,950270.9746362476,966186.9101658033
2018-11-20,1040033.116006894,1022714.0580238136,985767.9024549795,971202.3446921795,1050997.2303057318,963125.564644628,934315.3443224537,954940.1555915584
2018-11-21,1047045.9301387595,1029762.9301204428,991510.8991784466,976382.0511666506,1055450.0979304055,965237.3951345971,937219.7747248835,957515.8244770216
2018-11-23,1036769.3409205041,1022254.1861153896,985985.0892555332,972275.668326061,1047932.9265291855,961272.9541378643,934436.018398463,953932.2272422803
2018-11-26,1051569.0315774174,1037503.4492347589,997560.6741171514,983498.470387417,1064320.90746683,969925.9339840341,944600.2991319275,961972.6626755844
2018-11-27,1048123.0204961941,1035703.6529853086,995431.7159157846,980104.3419699635,1057915.4054603148,962816.3556788691,939630.7038988905,955393.3743642131
2018-11-28,1058358.1521913232,1051619.5581736194,1009454.5738334456,995715.069429243,1078280.5847234407,975801.6503987956,954943.2372789269,967877.5683667581
2018-11-29,1057553.1876784754,1049036.1489617538,1008292.5398541703,995424.7113757121,1077217.4029547463,976936.9329048498,952941.9212297319,969200.4477280823
2018-11-30,1065699.7601061487,1058286.868822219,1016056.6282798972,1002073.5101086079,1082923.4239475857,979833.3760202625,960807.6497059157,971476.2275652185
2018-12-03,1059618.5222906698,1059480.0165637766,1017956.7611927823,1004522.3919052233,1090285.0199437446,983352.7396951176,963212.221809346,976245.3370162833
2018-12-04,1031012.2783496251,1030793.997251191,995074.8417856942,984796.6809115134,1074954.611328942,975299.6131435757,944271.4676649137,971387.3986696904
2018-12-06,1029356.649244965,1025722.7948472562,991868.1191597038,982887.1100348181,1062666.6187976038,968082.3701351541,942150.6508194408,964454.4636413043
2018-12-07,1018058.5805329395,1010039.0522266652,979898.836847909,971236.817202955,1047702.2363399155,962968.730626368,929122.1397935214,961017.454994401
2018-12-10,1013727.8838127912,1009592.7565232764,978913.9191381995,971161.8932917361,1043083.4436375842,958296.2087192269,928235.014880632,956464.3621633103
2018-12-11,1015109.3421260526,1011045.8262308629,980887.5751812467,973376.7224577884,1042878.1490724883,958827.6654611779,931311.4014816715,956437.1676603467
2018-12-12,1020939.811453203,1015659.7991209559,984289.5663358296,977899.936548281,1052469.6083313997,964071.3778537009,936299.8915332448,961707.7723501289
2018-12-13,1016758.7212458199,1011793.8584201187,980757.3952909049,973240.3693828718,1042239.9519416734,957964.0647705924,931165.7483755834,956047.3220677839
2018-12-14,1002417.0244777941,998799.5825831724,968147.7387531607,957317.6616947216,1030435.5445730872,949585.5466862287,918330.1977569375,948578.8733559347
2018-12-17,986739.4853432776,985477.4689477735,956417.9853217476,945616.3521118307,1031013.7602528321,950503.2407060375,911369.4574204421,950490.4486089092
2018-12-18,987423.9541518188,984601.7893491772,956463.141924966,945499.5892323051,1027461.4247684351,948180.2503752919,910463.8901583552,948439.1826833386
2018-12-19,973159.0401081425,971935.9940304575,944207.6045979648,932802.1947167075,1019412.0320796145,942871.1236618217,898493.6751328434,943125.7930951768
2018-12-20,969839.9952167815,964165.0322331304,938703.0522495345,927847.2435838744,1024390.098551356,948298.3900687705,898557.5537702081,948566.7874876343
2018-12-21,949465.866405471,949639.4455693553,925770.1228202141,913598.5668094642,1018691.3629109089,943121.8336209315,888519.2156669719,943387.1159597952
2018-12-24,933961.2443338564,934305.8885014222,912471.5354891806,902380.2478156986,1018161.5632513232,941827.9483281024,882706.5062944591,942106.2931271415
2018-12-26,971261.7583490666,974198.4085746002,944656.0042899463,933087.4477939066,1032345.060473643,952465.4836126735,907110.1707232443,952713.5149689263
2018-12-27,975216.7836250421,979208.691409138,949260.1373477296,937797.126947806,1040253.3103829056,959599.7765462726,912824.23378307,959851.4733455793
2018-12-28,976095.6158916748,979647.549419133,950123.9955594908,938541.2524665794,1043063.5119229084,962269.5136276081,914150.8900099285,962524.3789116752
2018-12-31,982059.1258282353,982434.5115356242,953512.4797006891,942321.9428258685,1040122.9170833409,963338.2264065042,916198.2638433573,963599.6154051719
2019-01-02,973016.4915161321,980599.0096578397,950767.2533980764,938706.6850693692,1049384.7068220335,964556.2622687644,917873.3774748098,964803.4044435478
2019-01-03,973222.4908331886,979387.1932382949,951806.9404695728,938682.9820763585,1052784.6190909038,968845.4156619465,917390.0505266299,969103.5526263508
2019-01-04,975988.6066108029,984039.4786697834,953534.7844383274,942242.4322119214,1051614.1448299708,968123.1768719137,920351.8089900638,968368.0568950531
2019-01-07,980331.1815505527,994356.2614102687,962041.9077050488,950682.1623755005,1063462.2994765814,977054.71631736,929079.6366921302,977286.4000850415
2019-01-08,980979.7295667399,999264.5583394358,965140.6503281861,955089.2603353695,1068945.5251131924,979457.2798183935,932014.060735483,979678.5016635647
2019-01-09,987331.3128337006,1008988.3533569843,973844.1789669293,963947.6188050855,1080576.8975775596,988906.4443467096,941809.6663821365,989116.5619480081
2019-01-10,984749.8192473283,1006255.3325587591,970502.5885715417,959589.0961123963,1074812.3240998192,985068.4513877117,937911.5350444564,985278.9489523955
2019-01-11,989759.0829403158,1009344.6549972551,973175.9020394871,961534.2844699636,1074414.2842344684,986824.7407949311,940501.1935573102,987033.7907908453
2019-01-14,987319.4479530599,1003145.8083617593,969034.7471412539,958343.9327959561,1068031.9057758483,983735.4132474907,936417.9621272364,983959.5060826782
2019-01-15,989206.5338255502,1005271.9467450306,970241.749162033,961772.5156433027,1069553.4053432576,986040.0303882852,937869.9947440668,986261.0901782445
2019-01-16,988960.004592125,1006934.5820070931,972200.1744767826,963846.6816690622,1075336.9212989837,987658.3710630627,940447.8322514857,987877.9167444913
2019-01-17,988902.1673984834,1008121.6002871243,972808.0664639536,965389.9994628096,1075831.682185493,989142.4867585199,941034.792158531,989360.15365389
2019-01-18,985827.6276499969,999790.4198320514,964586.2190790193,956289.0134063235,1060332.3965933344,980880.8880178286,932823.6005261735,981103.9018371988
2019-01-22,985360.8417508671,997933.6741823431,963950.7948140438,956374.0779483342,1058765.14483481,980396.1395187452,931436.1324664727,980627.9713479033
2019-01-23,983149.5145948759,997030.8923050871,962975.7363065678,956778.0686576351,1058652.1904573883,979700.1546283719,930301.0483520272,979930.9167085127
2019-01-24,985949.5554840983,999348.9021365801,964375.181878828,957030.8143179297,1058275.5529330452,977551.8470639519,931134.7096731152,977781.9616528761
2019-01-25,989915.1659940612,1003150.0607463829,970378.1325891744,964553.724071444,1068999.5444299458,988027.6968394152,938387.5834509853,988266.2085764721
2019-01-28,992537.5244968985,1005479.6169208023,972883.0962716588,965975.4484099429,1071402.4043164602,989750.8484914938,939487.113631948,989991.4135724077
2019-01-29,998380.7897052253,1007722.8434177858,975766.3355338518,967875.2734111666,1072163.8378376095,992699.8043359988,940975.179024745,992948.2087124707
2019-01-30,1005311.9107265713,1013490.3189534273,981353.8795633593,974689.7465514406,1078071.2376934988,997239.1383748067,948274.421445477,997489.1266947843
2019-01-31,1008185.3532263294,1015386.4846567161,982868.9596636117,977514.3159431084,1082058.8550350033,1002572.0067060068,950691.3950961619,1002817.582285783
2019-02-01,1009591.2402930247,1008575.7726387111,977291.4265849439,972771.7638058552,1070781.102828453,995806.8649814564,946200.6579652498,996065.1446331114
2019-02-04,1007767.8329435319,1008717.8190511708,976442.2649554946,973647.7617435451,1069735.3950932615,993808.1601361801,946546.0086264353,994060.6145083015
2019-02-05,1011597.3387894128,1012040.8564956193,979502.2135846097,976718.5882719558,1073036.663765153,997281.9321880727,950222.5606852089,997536.0374625464
2019-02-06,1007588.7683908411,1006206.600467811,973621.0978577381,971563.378960956,1064921.2842204552,991336.2442112013,944560.4255453179,991590.1719945087
2019-02-07,1008745.2032828606,1006319.7524703549,974228.8956704398,976992.1822709537,1066659.525881636,993488.2635463458,944518.1509220664,993745.708086374
2019-02-08,1013403.4275312545,1009732.5787396913,977610.5753342285,978594.0388054799,1070679.61587321,999032.3580433056,948618.4483969426,999289.3310999151
2019-02-11,1011186.8481375847,1005785.8830827863,973552.4406150384,976626.2187340471,1064433.204285108,995390.3964759598,945226.7782070574,995645.54706355
2019-02-12,1015482.251196478,1010146.4748871339,977294.1160451055,983194.0742969783,1068652.7044977811,1000129.5729621233,950786.3554032395,1000382.2504436203
2019-02-13,1014757.6939406419,1009133.3147961108,975654.5682295519,981032.3400165066,1064460.146731502,997091.1814116056,948592.4361256356,997341.1881149544
2019-02-14,1017529.7604135168,1015017.9046944932,981315.9294100113,986528.3455003094,1071609.0037772914,1000645.1257622184,954222.7108338317,1000895.2211012548
2019-02-15,1025313.1308303918,1023666.8674928241,989114.2043999073,995873.4762532148,1077479.0788209748,1005379.0873286236,961581.396144592,1005628.7410049178
2019-02-19,1035159.8670388168,1034659.8064860274,1000754.8660904265,1008337.9315010502,1094205.271198694,1018329.7717050281,974124.3346091994,1018583.1955346968
2019-02-20,1032132.4813999406,1030944.1565647037,997583.9525064125,1006060.8246149386,1091818.2437465603,1016731.4655022118,972224.3627035395,1016987.0335642752
2019-02-21,1022075.3451289462,1022671.5325829508,988848.9032074924,997796.925576044,1083179.9185868634,1007623.7984632298,963879.0402565356,1007872.8070180546
2019-02-22,1025679.847180254,1027021.9273028478,992917.0828654121,1005039.3748627375,1087529.4957359214,1011318.6437065876,970846.2449608928,1011572.3652665955
2019-02-25,1024065.5284913266,1026467.3862463561,992285.4513919711,1000524.4024407512,1087570.6862716186,1009238.0799484279,969414.7380823487,1009491.3420330727
2019-02-26,1023542.6523649411,1023981.5847021458,990794.4397622328,998314.5496626144,1083483.310908902,1006301.5914200895,967707.7450759341,1006564.1403958523
2019-02-27,1021972.3992472171,1024983.5488373634,989939.4541169781,996568.1763892878,1084699.5924993823,1006985.5666098606,966784.5291649147,1007235.7891269852
2019-02-28,1012749.2180012701,1007280.0464023233,975350.7043640709,983853.1014339152,1064451.7323005174,991496.3076388427,950285.726568251,991779.7556111489
2019-03-01,1006201.7488188893,998528.1439037548,964983.1576580738,975348.430173291,1053904.3436352739,980525.8487806042,940527.5407873881,980800.036765861
2019-03-04,1007805.2663658687,993995.9464082816,960973.1648585468,972186.8768895619,1048305.8188115179,976433.7810499135,937125.6254076005,976714.3315048292
2019-03-05,1009551.8790682183,999902.7239979526,965682.9134726031,975122.0331871735,1056610.3841751686,982180.7111363347,940907.1344878494,982453.413971764
2019-03-06,1008234.2780834612,997561.8176758371,963729.1317613155,971414.2424658539,1055626.9846415443,980784.1360386508,938942.9243839621,981056.4102778106
2019-03-07,1006493.1439587442,997449.9627671893,963482.3170045726,970663.5342324332,1057774.4953683955,980738.6981378279,938889.6524617933,981005.9603983434
2019-03-08,1010991.0255699016,1000775.1371692847,968381.9469464861,976092.4727642203,1061221.0674177771,986314.1495372147,944132.5020546343,986590.2894372614
2019-03-11,1017459.7584941995,1004426.0777664878,969949.8711605417,978777.1184524528,1063633.9912042457,986108.0360062822,945598.2633439074,986381.5850812092
2019-03-12,1024693.3269763559,1010096.7508051083,975496.4499696272,984287.8679769605,1069664.8559891335,991701.3325431123,950782.740059965,991977.5701591393
2019-03-13,1031864.9618610016,1016601.3936391129,981909.6301554749,991652.0159203128,1075356.2703104627,997978.5495083727,957904.1467495982,998257.255993404
2019-03-14,1026171.0614587024,1010804.1679803946,974941.2665521927,986293.0773722832,1070348.854141924,991206.2574266647,951040.9007297695,991480.3122592989
2019-03-15,1032277.481684018,1016752.7429291282,980399.8864462298,990548.2103613308,1075288.9869482827,995366.0932147249,956206.5177206105,995640.5005357368
2019-03-18,1030832.9881025637,1018562.2357085301,981922.7254756466,992274.8132781324,1079615.0180731942,998105.5924032361,958585.602455212,998371.5790256198
2019-03-19,1029775.0224143792,1018089.9980269568,982209.1448084273,992222.7365947654,1077597.0779249547,998286.4999446973,958864.4204931179,998555.0774637936
2019-03-20,1033252.271614363,1021669.9722374568,986340.8716709496,995134.0535080316,1079923.510551827,1002230.5593729066,961676.2210170429,1002503.0407642878
2019-03-21,1038663.3170659787,1026473.376120763,988975.4449557437,998668.9985834914,1084404.8918003063,1003335.0568370735,964176.4203505102,1003602.5136621185
2019-03-22,1034071.2311848362,1020938.1225583369,985361.2978555274,992669.4637354459,1078943.7657555619,1000764.945924184,958124.7483241454,1001042.2057250789
2019-03-25,1036058.0850962643,1024336.2908546347,989655.7578122366,997617.3137097047,1083473.8650883054,1006433.4360889704,962903.1643025388,1006711.5835270477
2019-03-26,1041814.6842890591,1028192.0978579228,991330.3585887284,998845.6215937987,1089012.1212772117,1006985.2587102526,964417.5080169067,1007259.37433757
2019-03-27,1038116.5949113732,1025373.9324468977,988034.253380035,995243.7292910796,1086251.381986878,1003365.2842516161,961218.303776308,1003636.3587395225
2019-03-28,1041248.8619053001,1029143.1577519649,987543.7119591378,994828.2906790534,1092075.2748624075,999746.9630074336,960115.3228019763,1000004.6800050125
2019-03-29,1043588.7665739913,1029371.0917564478,987895.4136579531,997315.5856541302,1091438.6685401758,999699.045459172,961179.4295500987,999961.0007971023
2019-04-01,1045770.0163234294,1034264.3345541923,990667.1727533338,999691.2503040615,1098051.4686813192,1001779.3648497679,965302.6826163372,1002030.7250392999
2019-04-02,1045692.0553890691,1033098.1893799808,990610.499626219,1000314.9335576303,1094822.3725244063,1001349.9809120558,965606.3733869754,1001609.0313570192
2019-04-03,1048583.429339515,1035010.8270380769,991714.4973828404,1001056.5439434589,1095176.0086964827,1000944.7626293544,966953.7556877434,1001201.1420409412
2019-04-04,1047639.0443687649,1035552.3574361422,992723.3984943093,1001474.7274657851,1094351.5725583513,1001629.1163167513,966259.6270773588,1001887.1203777422
2019-04-05,1049046.8196631933,1037011.2557639882,993543.6728465642,1003274.8062724569,1098123.8737584478,1003041.5124032467,966449.5016134657,1003298.631727763
2019-04-08,1049665.183499257,1034555.0115523766,992680.5922529246,1000995.4895661793,1094476.9551224883,1003225.0324246287,966225.6167529523,1003488.8949153186
2019-04-09,1053518.593216528,1036353.7006883309,995181.8114790032,1003661.527034597,1098943.6791548736,1006043.9158280509,968497.4819137726,1006310.6322400707
2019-04-10,1060129.3328866418,1041775.420318126,999906.199661031,1008303.6539439233,1105361.428816493,1010745.3846096182,973155.3926490583,1011009.7837678826
2019-04-11,1058829.9126130335,1043555.035359303,999704.1791213059,1006319.1808164045,1103985.806535547,1010372.01138107,972730.2129797912,1010638.1347637614
2019-04-12,1062413.1098579064,1047230.7860879885,1001549.5701753539,1008571.4073485067,1108648.9854464103,1009755.0219795858,973621.6517907236,1010018.2576780962
2019-04-15,1057289.9594426237,1043062.1767747543,999060.8826578835,1006596.9951039199,1103871.2084342837,1008124.9809195113,971855.3605779526,1008387.8982871576
2019-04-16,1041316.9430247061,1033824.1708852978,990881.2570400543,994879.2542965913,1090509.3710252766,998382.7679904359,963754.3019496258,998635.0639055666
2019-04-17,1036501.7206720778,1037173.2302155229,994435.47179017,996103.7210065622,1085793.1463572322,999551.0958623898,967228.8562022259,999797.6513555504
2019-04-18,1040993.6468806092,1040868.994647946,996864.9203358048,999216.1891418204,1088616.3944109231,1001998.3433072206,968455.1783995738,1002244.9077878459
2019-04-22,1038639.6426201968,1035327.874693238,990958.7694311459,995779.4042936314,1085032.2880923187,996889.1159420516,964988.0518962254,997134.4141580306
2019-04-23,1051762.2249851904,1040463.8797734249,996989.7057860356,1004209.5158049816,1093352.6561873758,1003653.4212218598,971180.9788154244,1003910.800826415
2019-04-24,1057106.861566267,1053343.5549470242,1007538.2118654719,1013843.744405571,1105881.0546024037,1013538.8105727831,980079.550932309,1013792.6597407758
2019-04-25,1060445.962087569,1051696.6993366892,1005741.7608141414,1012939.2230275859,1109974.2665033415,1014061.8392039305,978438.0583556994,1014321.874396971
2019-04-26,1057853.603888304,1053330.9098605,1008491.089753981,1015006.7671219173,1120331.7587436389,1023744.8797431855,978095.2763715244,1024003.9002707512
2019-04-29,1050198.7153331556,1047737.6503153264,1007500.0897427612,1012362.4815624515,1118941.720164269,1024323.0317205347,976282.8584672034,1024574.2019957781
2019-04-30,1058996.05783484,1053570.1021813622,1012343.0141800573,1016764.7732859787,1127116.312759359,1029235.4246278532,981554.949660591,1029476.2079317607
2019-05-01,1050911.483455722,1046488.8019201963,1009030.3763841905,1011561.9402377688,1119088.2244921424,1024677.4829890475,976665.669645724,1024917.8834529225
2019-05-02,1053371.2455673637,1047705.1698744518,1009404.2351675422,1012933.2745621188,1122391.9698037473,1027032.47895854,977621.3389633313,1027273.2305848685
2019-05-03,1060033.285118934,1058168.782961225,1019480.8816628801,1022474.6748551267,1132013.9519642105,1036739.1647844245,987034.1860922684,1036973.8785107065
2019-05-06,1060004.9365752842,1056617.1060959443,1019973.4614651356,1023439.3574056895,1126522.000484287,1037119.0455344446,986949.1784115332,1037361.3591669269
2019-05-07,1044745.1966289292,1038871.6870573877,1003108.1363166241,1006477.0220965118,1103741.6252621918,1020122.9033480512,970099.8423630749,1020367.8076322528
2019-05-08,1041626.0282416841,1024618.264449932,991436.0163342033,998868.3003021639,1085716.7498885142,1009642.7382514479,958669.7705539338,1009914.8169696648
2019-05-09,1027824.0638361863,1013725.7156610874,984471.3680828299,993921.8614736989,1072294.9340800887,1005254.9235584517,951044.0548395521,1005539.6425636791
2019-05-10,1044530.9645647187,1026474.7087101913,997639.7888740968,1007950.7086040421,1084905.4746978523,1020357.2964103458,963494.0101862291,1020650.3090906914
2019-05-13,1037050.8265800935,1011723.3239279966,983944.3432514885,998483.1298768828,1073892.9854444654,1008246.7807630544,948962.4068931696,1008549.8878325586
2019-05-14,1042275.4897137701,1018160.5817818427,990795.259173435,1004479.4627437979,1079833.3927175268,1014383.742360503,955791.6952670033,1013448.7561948636
2019-05-15,1045456.8502474285,1019987.5711661293,994160.5090250921,1007161.3285368981,1079398.8162364594,1016000.2613194464,957374.1646938408,1014628.712908412
2019-05-16,1044902.9543846551,1026482.148130187,1002966.178199696,1016181.5687034895,1081339.952191489,1025204.1908971333,964318.0616374582,1022142.4917212955
2019-05-17,1041304.6994657365,1026628.7805870435,1003629.626922093,1015480.8523489999,1077213.2414894241,1026435.4029945785,965568.3122424578,1024558.4252201892
2019-05-20,1032828.1819457358,1034384.3476285798,1014095.1376885421,1022004.464967598,1071892.468412362,1037257.3142935437,971521.1285045556,1032360.2597442917
2019-05-21,1039211.3318921598,1042818.5040794689,1022667.9403126619,1031056.0732538883,1078548.6164300393,1045062.7707556566,980225.1895494972,1039678.0786790693
2019-05-22,1038013.5548791216,1034138.0780773743,1015428.008675004,1025088.5684941786,1077831.678065353,1037851.9931828008,974177.2445227508,1033127.5849286433
2019-05-23,1037026.9871414595,1026257.9485671488,1007291.5532130525,1015009.0911465159,1070299.397564946,1029030.6386991609,963441.0329170808,1023299.1643157357
2019-05-24,1041345.0941237296,1042010.3648196221,1023055.2839438737,1030915.0332963257,1075296.615238868,1045528.8444975532,979135.4196259609,1038330.226629635
2019-05-28,1032864.3959845058,1024302.4407226638,1011136.1479691172,1020428.3182888429,1056056.8370219122,1033602.995419075,967800.28729842,1026412.2078127649
2019-05-29,1025702.7536550037,1013909.0861440421,999754.167085073,1007002.70581736,1045126.2285405053,1020177.392504138,956338.8665361437,1013776.4250318191
2019-05-30,1032088.1152444598,1020173.70983408,1009459.7924787932,1015861.1396182461,1050226.1216457756,1029198.5509334361,969572.9692251206,1026829.8083143667
2019-05-31,1030696.5000988118,1016993.5820277602,1006325.4431282609,1014537.028078342,1047526.0025475671,1026954.0998879297,967382.2813257026,1025232.9281729162
2019-06-03,1029316.454917293,1018995.1212101247,1008561.6646644736,1014926.0428001559,1049095.5697932881,1031054.3359108013,970040.3261553705,1031357.8750673714
2019-06-04,1033466.8473163648,1020735.8600617519,1006524.8131520589,1012270.4559025739,1054208.9560370366,1029399.9228027782,969560.1013731125,1031098.6200871213
2019-06-05,1045275.2229732423,1034642.8719821975,1020780.0646804095,1026765.0348934893,1064863.646765325,1046141.1823567532,983659.4912676266,1048609.773060655
2019-06-06,1050609.5186309947,1041488.7128161554,1026745.4665246139,1032365.4065745745,1072253.6677218669,1053451.1426698808,988640.0971551155,1054196.4209405323
2019-06-07,1060958.5659094278,1051951.9281558557,1038600.5454417155,1044479.3845811544,1082588.550890427,1064742.4117007542,998186.1162527507,1062767.0513201952
2019-06-10,1059884.9526724396,1054631.3259001325,1041753.7040510725,1047143.0004436527,1080711.8124103593,1066393.9726473428,1004246.8475870208,1069820.71013099
2019-06-11,1058479.2507782953,1045700.0865446281,1032504.8904187981,1038323.8637934081,1078449.4752263026,1058936.9399067378,996213.0801774147,1061792.0004058867
2019-06-12,1061529.24993852,1054867.4557249215,1039812.2500637438,1045172.0167150695,1083652.4610385285,1064856.1105813049,1003410.1934991169,1071325.215105113
2019-06-13,1062796.980024134,1063112.8430774636,1045809.0944713368,1051920.6734311634,1084424.8442020665,1064984.774973493,1011063.2857976655,1076218.2618551806
2019-06-14,1065732.9052760643,1068380.3016884527,1048245.7212090687,1054798.691299173,1088038.604695268,1065794.4540000795,1011834.358331827,1079086.4858614495
2019-06-17,1070701.1568384902,1079367.809324076,1057315.1097436491,1063063.5268921521,1091671.985699681,1070643.0928327283,1019957.6914404896,1087819.863578144
2019-06-18,1074102.455975993,1083100.8869840943,1059733.1063713608,1063846.1234879948,1094547.1271546443,1074429.064148499,1023618.5774029809,1092091.712056492
2019-06-19,1082842.946274124,1093691.1811040884,1069329.031403375,1074210.7544293655,1103966.3817566887,1082789.6847089026,1032942.4949567765,1101599.3893008518
2019-06-20,1086347.5913672703,1093539.5375351422,1067564.7960190529,1073543.0021638072,1107468.7564828796,1080602.3063637118,1033554.7790672733,1101629.9590218526
2019-06-21,1078645.0043588718,1080058.335332518,1052019.4212375253,1058980.7453912275,1100569.4339541038,1062460.81289211,1017985.6985613081,1085239.97941492
2019-06-24,1073714.972162223,1070356.0585478947,1041268.2275455549,1048639.3745735162,1098011.4412035511,1053435.0105130675,1007887.0334028862,1073066.1937125453
2019-06-25,1061264.977366141,1057915.463824265,1030361.5871974838,1039560.2026142342,1086724.1126979212,1045335.8365716127,999718.1295445444,1063977.0085672305
2019-06-26,1041730.9080405267,1043538.4632534363,1016237.0001945599,1023347.331741168,1069770.361052346,1029873.2206892151,988539.7841400085,1050582.1526982936
2019-06-27,1049606.230944522,1058506.6311467288,1030269.3030986317,1036367.9089716903,1075861.6195009777,1039360.868672671,1000773.7792692576,1063257.5635636495
2019-06-28,1057002.619488393,1062154.468049463,1033790.620098761,1042976.712192199,1081205.2651335532,1044220.6424130633,1005591.2129681736,1068537.4213756502
2019-07-01,1061029.6589097178,1063389.153772202,1031037.4081388947,1040580.5064903352,1083990.7198904166,1042031.887191746,1006267.9169645356,1067033.9297288053
2019-07-02,1072088.6513598186,1065858.3298925762,1033443.2436850439,1043869.8180817221,1091773.8225977307,1048051.5795264577,1005146.5855811106,1066927.2272750405
2019-07-03,1081836.8453620162,1077429.8651243357,1042992.814156804,1053893.2660708646,1098746.4729713567,1055628.7857915447,1012976.0136516303,1076208.2347137185
2019-07-05,1079624.5160342497,1073004.311447894,1038571.3853358189,1049093.5638267163,1096963.0632206819,1052078.6469249148,1009329.5067556486,1070523.9169367414
2019-07-08,1078944.0864670759,1074936.9574630614,1040230.6022833771,1049346.529772241,1098085.5741477744,1051726.8908789204,1010208.2426783321,1071824.8102578234
2019-07-09,1080002.230156531,1073676.431549562,1040239.9056015981,1048755.2544053858,1101707.1714826506,1054054.3574668458,1009039.2970956129,1070946.9125381804
2019-07-10,1081467.382836241,1081024.8216322542,1049971.8524024663,1058020.5207596472,1105611.4597060683,1064335.8127577214,1018221.0160780844,1079493.3351496784
2019-07-11,1078715.68003322,1078100.992244237,1044303.8821229925,1053691.4617411238,1103729.0240456997,1057572.5829741713,1013103.5529029836,1073412.3102592332
2019-07-12,1073542.7545513064,1069372.812468686,1035257.9993202727,1045488.6079552966,1099691.8817315227,1049205.0136757314,1006971.6845495582,1064098.1969713273
2019-07-15,1072268.371668462,1073813.6512100198,1039850.3606393379,1049347.777411761,1099754.2397084874,1055074.5267155743,1012877.5868652903,1070622.0227232077
2019-07-16,1067246.8887856575,1066016.2495989,1032097.8993804832,1041474.2269620061,1093808.1415962065,1047151.3119272914,1004969.1856983597,1061979.5645283656
2019-07-17,1065753.7382656445,1063290.4860061326,1029772.9654595269,1039773.2155887127,1094289.977630598,1044913.1687385958,999990.6330709711,1056335.117373012
2019-07-18,1066962.4355138452,1063328.7044438065,1029515.7915810436,1041746.8343511885,1097991.851632781,1049329.9588544301,1000004.8080083141,1058295.3838146883
2019-07-19,1047591.171849983,1045477.8653139463,1014762.4412508981,1028182.3086943752,1084595.532796979,1038452.1195473213,989832.8732244786,1047549.3459514815
2019-07-22,1052607.8558495024,1047112.8156393071,1015439.4369781408,1028031.603360436,1083803.5324843859,1037896.7264296252,987231.1941032086,1045585.9074769967
2019-07-23,1058143.699611329,1050398.1728741785,1019216.8107782123,1034676.3333053914,1085507.0180271629,1040182.3208755977,990609.096952738,1047246.7706456129
2019-07-24,1060506.2948198935,1054996.1866891582,1025197.6827891327,1040045.2768465253,1086739.6176707533,1041388.8297631241,998301.8320431239,1051681.8202417295
2019-07-25,1054739.4257903378,1059097.1578008179,1030189.1701166733,1043093.7802306751,1086498.8492623903,1041421.771698801,1003491.8309822924,1051812.79427976
2019-07-26,1057464.0648840172,1070334.7540957313,1042894.5145462648,1053877.9730968892,1085042.4067559051,1043839.1968847757,1013098.149452829,1058561.0039301703
2019-07-29,1061073.485761565,1070851.740444485,1043545.0512581095,1055211.016104926,1089238.1706911253,1045314.571248743,1012064.4851359242,1053957.6440341964
2019-07-30,1061976.998779726,1065144.2788097358,1040556.5689405054,1053496.7466954114,1091394.4635150253,1048144.7817284467,1012550.2364061004,1056185.5576258332
2019-07-31,1055933.1942341742,1056299.7373422119,1033738.6243001298,1046724.8951521392,1088285.8671072102,1041351.6608210984,1007369.1906331873,1047692.4898999737
2019-08-01,1055692.7696302524,1053572.0409428505,1032192.5545446894,1043262.6909295776,1090675.7343022898,1045049.8906274512,1004413.2409624945,1051059.8044710013
2019-08-02,1052732.4716383573,1049365.0755048478,1029454.2881909015,1036514.0020892806,1087666.5460185488,1042749.5288370145,1000034.6152772756,1046111.7128075636
2019-08-05,1030582.2347177555,1027669.0559508064,1010440.102583542,1015057.0980353907,1068023.3332581103,1024782.3624150616,982022.3151067798,1030208.3737201322
2019-08-06,1039360.5398111314,1031916.5613433312,1012119.9799510114,1017644.1681850975,1075524.0406217973,1030432.3500601813,984012.8724786525,1032857.3106600839
2019-08-07,1043151.5522334363,1038346.4048200779,1012600.8749677034,1019483.3205233315,1080069.8816774625,1030405.802913877,985431.3891380442,1038075.9005010821
2019-08-08,1057967.2507868016,1054200.1963871527,1029043.4547207311,1036445.976595528,1099695.6019035536,1046468.1126023517,1001647.8924206782,1053270.9743331312
2019-08-09,1056762.1629330688,1054596.8111721359,1030558.2230849048,1039088.9846626275,1095808.3434642472,1045345.1750370655,1000493.0189112448,1049134.0995362669
2019-08-12,1050616.8402295164,1049222.659339402,1021200.8265684806,1030804.8255123579,1089552.821971491,1035505.8374676253,991575.594554382,1041959.3460133679
2019-08-13,1054681.8025587848,1058917.9619837648,1028183.4083403553,1038129.3948237605,1094345.082830723,1045692.6035220975,1001665.5009667396,1053859.7974195795
2019-08-14,1032955.7421914868,1034474.7176756794,1008869.0052188658,1018716.3629411267,1074731.4037871303,1027402.6991144686,985554.8747333344,1034991.1868684355
2019-08-15,1038770.7180095202,1042294.6164575347,1016413.6370779803,1025999.8719945789,1086772.5401382342,1034892.0129290784,991187.2871474695,1040457.648675322
2019-08-16,1047160.191639121,1046536.0451591236,1020315.8595718829,1031684.42282139,1093167.3148255798,1043296.8344537087,994423.5531000058,1047301.1321190023
2019-08-19,1055060.2067181366,1061117.614328391,1033176.0067454159,1043753.0782346666,1102588.1953185205,1049368.4055427865,1004315.0527724666,1053035.6407014485
2019-08-20,1049646.3003982343,1058102.5750333276,1028510.0897913849,1038386.8556166651,1099059.1606785406,1045724.6052564619,1000559.5849371138,1051418.3034772435
2019-08-21,1053699.6537056642,1064941.6676859842,1034265.1884849861,1043543.5994769867,1103453.5657860138,1047850.6741104273,1003246.5455812017,1051978.7764117192
2019-08-22,1057040.6339570563,1066213.0068808065,1036467.1354924813,1045456.1633853132,1106407.0294945824,1046780.1979322374,1003386.6918283117,1048828.494798977
2019-08-23,1042189.0109661696,1052189.0547380457,1025577.20001176,1034197.9355409342,1085142.472523522,1032308.7834834848,993965.6039831755,1039528.9048216022
2019-08-26,1045221.0675086633,1057045.7062220168,1030055.4177356972,1040576.3321658518,1088527.1361045334,1037051.1741304767,998194.7419954668,1044297.2774497583
2019-08-27,1042198.636327924,1057636.041362612,1032690.5073821112,1039524.4492526497,1084155.2726587455,1036152.6277278226,1000251.17987419,1044200.9465661838
2019-08-28,1040913.3462906821,1056077.9315793992,1030574.4731913396,1038347.4359696838,1085933.2747399977,1038491.427572657,999068.7802574458,1045332.9303647195
2019-08-29,1050651.4154619956,1065239.1218134759,1038814.0131170274,1048324.8020057393,1094296.3323341995,1046973.7561183297,1004895.2033231125,1052029.490406754
2019-08-30,1048444.7086829555,1065232.2361656392,1040382.1154653355,1049856.3033579146,1089800.9877228446,1045712.2974636557,1008793.9112784949,1052186.3949783915
2019-09-03,1040424.1891823059,1060864.3451240275,1036111.0331316292,1044829.6925786489,1078112.7809270513,1037445.8911794167,1004692.4812314992,1048473.3717997668
2019-09-04,1048318.4591667261,1065766.3068004828,1039709.3303277439,1049715.7854906395,1087100.4479415286,1045816.5565109102,1008842.5743540777,1057433.9763635197
2019-09-05,1046599.1777668593,1067466.122875633,1040124.1263980307,1050582.9804844856,1084947.1779439999,1044968.2577385271,1012161.5832628221,1054351.374367849
2019-09-06,1046320.558212809,1072527.5963714125,1045690.6535390324,1055999.44485547,1083795.5464159958,1044414.5244010545,1015229.7139760999,1052671.593438767
2019-09-09,1042607.7626294498,1067853.5758771691,1041836.0459559748,1047966.9983064018,1067191.872775236,1028887.1557705663,1007824.9716875851,1039686.7263153275
2019-09-10,1025847.0558918028,1053636.7323139561,1030398.4370275413,1036962.4722653378,1059316.0428136645,1016702.5273525494,999866.0478207042,1027758.1481009461
2019-09-11,1040558.4785504674,1065279.6360398124,1038982.3037876685,1046295.2203067954,1073009.2979689438,1025879.5726665581,1009668.3264388067,1038865.6215622154
2019-09-12,1036248.5166558016,1064538.5575422158,1039929.6392649959,1046507.8787231195,1073853.922616657,1028867.3911730478,1012822.494371252,1039116.7063028124
2019-09-13,1033571.6088224642,1062129.1403525867,1034656.410566452,1040506.1285495353,1067778.2146998974,1020048.1053719753,1006284.2047535104,1033721.1698183938
2019-09-16,1033907.5945008021,1063460.496862561,1037005.4868857164,1044746.7216783102,1078238.618606053,1025465.2584276651,1011995.0218248905,1038340.2491962056
2019-09-17,1044575.8503302044,1076210.2419050452,1049687.7494515295,1055458.9694885805,1086038.031818121,1035701.7767919393,1020650.5160696788,1050311.676830916
2019-09-18,1046858.6529394832,1077437.3722733483,1050589.2976301997,1056793.7872223263,1089611.5240384154,1037082.5376365565,1021592.0988638935,1047802.9266707621
2019-09-19,1044430.5251303269,1074690.8846175338,1050586.2606922549,1057840.2102636911,1090313.8053333464,1038388.7652318506,1021190.6905903175,1051024.5531189726
2019-09-20,1040958.9421478662,1074776.3249469304,1051693.0492391905,1058882.4321826643,1084670.4475465326,1035228.7412080256,1022198.8700475085,1051618.1714904306
2019-09-23,1040843.6691924146,1073971.438239834,1050880.0801899775,1057233.004795052,1084971.1301481728,1037306.6966935176,1023210.6280549903,1054884.0547486588
2019-09-24,1038853.7440787673,1069806.4876874436,1045977.9747934795,1050393.4825883596,1077269.5244672482,1031558.0743404764,1019404.6348679058,1046414.3980142194
2019-09-25,1041596.7417075242,1070982.7747838486,1045003.0843457761,1051411.1092731482,1078643.3433680441,1031106.2798647401,1017641.8197991892,1047287.7646399103
2019-09-26,1043974.7309395324,1069851.2154033058,1043340.9406614008,1050225.0260296848,1077460.9535094234,1028646.3843243072,1009435.4171862738,1044503.4833367821
2019-09-27,1032493.656278414,1061015.7358273433,1036091.5741286463,1042611.8691667303,1063602.3745056123,1020577.3212883662,1004439.742579087,1035085.0271962229
2019-09-30,1034841.6161932372,1063218.8299762367,1038539.9309733129,1045559.8129207701,1063787.9957972807,1022408.1963872336,1005089.0270755342,1036789.8153304345
2019-10-01,1024028.1111540999,1051150.4316252163,1029021.3031584009,1032719.2643028405,1054366.655912344,1012328.3270024557,997183.217498339,1028849.5526382985
2019-10-02,1017959.6434732402,1043275.5103064761,1021910.1632870572,1026300.2417194766,1044560.111153563,1001512.625258566,988151.1842227035,1021387.9594226525
2019-10-03,1028074.8344505971,1055585.540735043,1035639.3777371412,1038413.3726338415,1053542.2843975248,1011317.3957112626,1001003.2984412541,1027109.3656964939
2019-10-04,1038826.8129749835,1063487.0120495334,1041504.2308212302,1044857.5444497964,1072334.5360976525,1024334.2782835958,1008458.1222505817,1036953.4305713392
2019-10-07,1034711.3112728654,1057174.6796964684,1033317.6655086146,1036927.4298649499,1066674.704984091,1018004.8852854455,1000135.5682033749,1032202.3237606124
2019-10-08,1021035.3216499189,1047165.5397880916,1026335.8033692436,1028848.2802577732,1061198.166763578,1010777.3065203646,996748.8235841931,1023352.1767490424
2019-10-09,1027448.8486413707,1056509.9648699826,1034226.6453765894,1035598.2713729723,1067258.993345295,1017126.5782494666,1005830.5412794242,1033403.9794955122
2019-10-10,1029707.1269610877,1056479.3181033665,1032710.4576330311,1034642.4506481354,1072040.3216032535,1021487.6138006023,1008125.3263197629,1035798.325436015
2019-10-11,1034219.4993457735,1055900.1759194345,1033241.8128879475,1035941.452215995,1068103.2819627319,1022290.5404556966,1010667.7934477886,1034565.0024341987
2019-10-14,1032998.5891502501,1051976.973343509,1031763.667861584,1034204.0358936257,1059552.4921698086,1016004.1163989368,1003430.4718918394,1026701.7808620598
2019-10-15,1039616.0631753639,1156925.8705702664,1151633.7911890664,1130967.61566568,1066279.1222405299,1018772.716308321,1122268.6846343873,1029300.3001746567
2019-10-16,1043389.3036154131,1136324.8177269734,1127465.4165317928,1111379.92628821,1067976.0144196746,1020647.8967909974,1097162.8795047193,1027270.6836919477
2019-10-17,1048739.4918335734,1112280.349483235,1098771.0109103434,1089170.3197027987,1072238.0361972218,1023566.8252632495,1069219.5759158023,1032903.3805407226
2019-10-18,1053756.221083001,1119670.5734518291,1106312.105519851,1095607.3602674615,1068872.1600444594,1022510.3752225728,1072879.6921801087,1032432.7659702295
2019-10-21,1065387.1117902491,1195924.3691516025,1191786.6741045793,1162389.630278621,1078780.457446601,1026825.3303050277,1157689.5795993432,1033949.8017546277
2019-10-22,1061198.631430573,1166572.9910113947,1159836.1857850668,1136447.4802871735,1084597.5610033264,1027547.9109951552,1133083.1754653987,1026575.0228012871
2019-10-23,1069716.363672502,1168348.5946495016,1157853.5391395418,1134971.2375406881,1083002.465584633,1029102.3365408835,1127598.3525546691,1028651.2233548246
2019-10-24,1069887.375781034,1153561.43112184,1141112.371821759,1121525.2912138498,1091290.5013386707,1034128.421190584,1112375.1513111158,1033729.4622783262
2019-10-25,1057586.4836776445,1133163.8468784224,1122779.7152994873,1105618.8784293223,1083875.2454228343,1028002.8542783329,1098257.609721395,1026813.6300052141
2019-10-28,1055332.6774543873,1137259.2635121213,1129381.5857636482,1110387.1909786754,1083130.1875032533,1024800.8892838922,1105838.8337119294,1022352.1730693274
2019-10-29,1060420.2966876011,1157691.3662828107,1151532.674098191,1129146.7202848115,1091293.480253499,1030191.6838953018,1125673.2892440239,1025468.334687811
2019-10-30,1065801.4427039544,1155061.5128333757,1149766.273644351,1128859.5422029165,1100862.0234205348,1039308.451078641,1120630.3424077476,1029876.567670259
2019-10-31,1070241.5944764272,1171117.5467171099,1168913.9400653162,1143805.9818768634,1102983.2722154926,1047395.2310821849,1137137.3371150433,1029718.7523129125
2019-11-01,1070642.2518578933,1173112.307888144,1171633.8985783788,1144978.8850429514,1099054.0174081312,1045688.8192880228,1138930.6390808434,1027286.7525564857
2019-11-04,1060436.5828650217,1153793.3847592638,1151965.2223418169,1127842.3489167371,1086859.594920654,1034013.7779813955,1123879.3485666811,1015234.7131180601
2019-11-05,1053204.2182050408,1138024.2569970842,1132954.9485653318,1109654.2237545846,1072155.274851533,1019889.6307771265,1102113.040460475,1005678.5026391092
2019-11-06,1055216.3130163779,1148304.7926696367,1141088.1673220203,1116919.7954429018,1080771.4353135144,1028710.8204443947,1111835.5101260026,1017597.1985702179
2019-11-07,1050937.116434218,1140405.8105814909,1133436.46970879,1109860.5509075855,1077722.9896135412,1025426.3075552423,1108958.5155124208,1009576.7135282485
2019-11-08,1040639.5749092153,1139009.6171367469,1135550.6524478737,1110524.564104334,1074184.278862868,1027591.9250734648,1114443.0624460804,1005748.8253843376
2019-11-11,1042012.1714269363,1136689.9234609967,1133541.9046631008,1108492.6694438974,1075631.238662849,1030314.4264227303,1110576.6104912555,1003047.211738349
2019-11-12,1044861.2972879843,1140214.282396402,1136557.0083100651,1110844.491243828,1090445.2829998333,1039336.2108622956,1121873.9850641312,1003575.1781791982
2019-11-13,1037048.2773712883,1136686.8783290414,1133740.8101806822,1111465.2999979544,1089690.8036170672,1041452.2643324635,1124753.743231467,1010675.4669698932
2019-11-14,1024945.9701690362,1124818.4271679844,1125901.8335095665,1105836.1074794363,1097321.1925684032,1049805.52749427,1123464.3062941015,1015189.5735767182
2019-11-15,1041659.6046600463,1134666.2646368516,1132678.2288110196,1113764.3332149484,1098729.5517361057,1054493.3966917938,1126768.255119649,1020934.7374230182
2019-11-18,1050629.7804147205,1137849.724109776,1135219.0322243192,1115768.8516742694,1103383.1211601833,1058351.0312391834,1127074.5126125359,1022286.3340699674
2019-11-19,1053420.307576822,1146959.3024926903,1146344.183917638,1127391.9471753738,1109611.9739918099,1060413.9500636458,1140660.3618704265,1025999.3907683048
2019-11-20,1053040.8936421415,1154934.9062426435,1156544.4191281954,1135083.2240407295,1111840.5325445116,1064403.8557348852,1150821.390221665,1029232.2422535147
2019-11-21,1046348.6157972027,1157970.4055162186,1161910.122430154,1138324.9685433332,1099088.5764992265,1050384.9481781526,1152170.8085496395,1022131.2390239018
2019-11-22,1048593.4878916787,1159090.175091302,1162558.8423133655,1138444.0342736533,1102139.5774542117,1053095.4798262801,1157510.914346697,1021702.8194437561
2019-11-25,1055645.4644352985,1166090.7212228635,1169741.9660891427,1145753.1754226526,1104241.075952778,1059012.131926937,1164594.0668613554,1025083.0029537713
2019-11-26,1064418.4645506754,1181671.6341903324,1183837.4651443535,1159064.5595569978,1116504.4471575855,1070453.5931332058,1178924.0195823065,1037177.6080393357
2019-11-27,1065743.493537338,1189550.7658727362,1192127.9070711918,1166813.4397634044,1118064.4603389935,1066368.927145519,1185461.2319354923,1038710.370753822
2019-11-29,1062762.2220951272,1194539.0735329571,1198161.5592074168,1170607.2801810864,1118163.5082792887,1069181.27775597,1193750.2397269895,1035266.7087303896
2019-12-02,1051242.1706870287,1191203.7653787504,1196274.8017577478,1166499.554863029,1102662.6930281254,1059885.8618264927,1193083.7081882306,1028459.7685363232
2019-12-03,1049865.9150533671,1196418.066854625,1205150.122141208,1173345.5983414697,1105525.3522719326,1063433.8811142966,1202460.8403559183,1030310.3259602946
2019-12-04,1056205.4300514846,1281079.2519015777,1303721.8713745938,1253361.9915820786,1104042.2697350325,1062965.2011441642,1294907.8545798452,1032497.0595219452
2019-12-05,1052321.0689428477,1244786.9167392228,1262605.033672992,1220018.053952329,1099723.3809815836,1062369.8423848425,1253450.7170669755,1032794.7480989499
2019-12-06,1059721.5295061176,1238065.3535591904,1252596.1123077255,1212176.935766474,1099449.644972999,1060939.8161156534,1242239.34072295,1033287.616884037
2019-12-09,1054401.3718119164,1242411.6634406447,1260782.4740969655,1218491.4907724662,1091829.4631600187,1060332.0933286902,1250934.3251426984,1031269.3978292248
2019-12-10,1055477.6850231984,1235196.6782942442,1250749.0366317695,1209901.6102407286,1095780.5550145789,1065252.4916439338,1241452.2917777223,1029648.0966182887
2019-12-11,1056040.6305377712,1198311.9716984816,1206310.395027704,1173537.8716484825,1106861.9050084937,1071184.617362568,1199203.2033735495,1030195.7980676818
2019-12-12,1050694.1546332648,1191628.826470181,1199425.1787156712,1167484.2503898877,1104104.893731679,1071171.4822063565,1192253.11832283,1026659.4391630865
2019-12-13,1052546.4323814462,1198716.083297981,1206485.247670979,1173105.381255686,1113264.3872844279,1078724.2727032693,1199269.7337895508,1030878.1215832836
2019-12-16,1057181.0383608732,1241925.193394463,1255178.5140169354,1215300.9453721205,1125986.0566391961,1073878.382804228,1252158.926370432,1036441.4646315698
2019-12-17,1057448.5567059554,1250248.3689725185,1266424.1823451999,1223106.994686326,1127056.029643209,1070756.6349599725,1262650.4029928532,1036509.0195763176
2019-12-18,1055306.6706935212,1257184.0560005025,1277870.112285895,1232590.6751738596,1126011.242749217,1066594.4708583932,1273329.299840267,1036952.8210471988
2019-12-19,1056824.4478500735,1259512.743509401,1280649.4091086742,1234854.0446172212,1128576.507499165,1070446.916021583,1275517.473204867,1038605.4413020338
2019-12-20,1060912.9000829642,1259336.3331729036,1279421.4747447628,1236044.8217133193,1129445.6505437312,1075209.5272517905,1274772.1140202275,1042650.7491905729
2019-12-23,1063875.3089960334,1255422.638831441,1275161.3813135119,1231438.9357726502,1139213.2546253153,1076058.6977411066,1267288.1386767908,1042900.684470458
2019-12-24,1065400.8778627757,1244128.0897181702,1262391.8359677058,1221843.8226509485,1145804.4901981985,1078246.5100086902,1252662.279529424,1044001.6919653378
2019-12-26,1066689.2102421601,1237762.845725272,1253796.6768983484,1214626.1934589373,1152279.5193655458,1082890.2562711672,1246021.9788261056,1046184.3360284581
2019-12-27,1063478.9552459395,1234332.0678342578,1248779.084696344,1212337.0882688712,1151417.7666445645,1079814.0404828805,1245325.457873048,1044775.4710124362
2019-12-30,1060134.6309717025,1229414.744996978,1243303.1106927928,1206780.619730763,1153410.216352705,1078920.9164170942,1243688.46753545,1042681.2436239992
2019-12-31,1066455.4132965386,1234495.0458781056,1245930.9072340953,1210335.9657313237,1154733.03288583,1082034.190783061,1247221.9815424834,1047795.7602187754
2020-01-02,1068183.7002285263,1240020.870161748,1249512.2844575257,1211500.487490265,1156111.71211806,1079400.9258604983,1249724.9419993518,1046016.5139850781
2020-01-03,1063651.3148258845,1232882.7439237828,1243458.745359967,1207805.0398025094,1151471.8066270151,1079043.4483374013,1244204.529573603,1047504.2881266465
2020-01-06,1065015.2103677625,1235167.5781775753,1247082.8786014903,1211572.7237411018,1154690.1473507916,1080026.3290592826,1247541.4119153086,1046882.6640191684
2020-01-07,1060816.4751530518,1227992.377061356,1238892.0092424129,1203779.051696825,1156401.2585307902,1080936.9731695792,1240991.16298478,1042186.7576450874
2020-01-08,1062696.215965693,1235680.8191341301,1246535.789778634,1210673.7712668253,1150679.547096907,1083414.7287522983,1249798.4184263214,1046837.3146194821
2020-01-09,1065664.603446757,1240342.6024763174,1251999.4680397972,1216220.2349844587,1147693.4397542025,1086316.754708208,1254654.6606429832,1052106.792156512
2020-01-10,1066350.5393978779,1241218.1300487202,1255276.4825305922,1220492.1581302292,1157426.1353417777,1090111.465965163,1258397.8992668502,1054125.2340417933
2020-01-13,1072518.7169685892,1243129.561269243,1256317.313522546,1222516.8904135989,1161143.268108536,1094506.505181632,1261391.6298945379,1059129.7152078806
2020-01-14,1062522.0525152967,1238930.6002228966,1253702.7510114664,1220920.4642790891,1171192.5036651604,1097564.7723321624,1269295.6788487928,1054790.1237056053
2020-01-15,1062983.1930839429,1244019.083051172,1259529.6239520973,1226736.2171241688,1175230.3311506612,1104480.395970211,1273881.0838692181,1057711.8168664803
2020-01-16,1069762.6155962094,1262395.650017303,1278882.2303723847,1242878.6469199928,1181106.0337906925,1112185.4101182169,1290614.6207975072,1065212.8135904022
2020-01-17,1075005.218830899,1270809.0231983662,1286820.343271498,1249880.2848120632,1188378.623493423,1117681.39539162,1299220.0236902025,1069273.0971627245
2020-01-21,1071020.4007204599,1264111.7321054202,1282216.1850792503,1248251.7211003623,1194672.813972238,1120752.7839447514,1297958.8247769286,1071340.9757613768
2020-01-22,1076855.5785841218,1270326.346346357,1286343.8469537615,1252143.2119736501,1196837.7276625186,1125860.7896053025,1301472.2539304595,1078152.4473008316
2020-01-23,1082525.7966637157,1277296.4928496575,1291962.7620546485,1256501.3040364848,1204345.0377749875,1130152.5573337043,1305821.182247535,1080965.799890377
2020-01-24,1080391.6370940923,1291668.5236581308,1310440.5853215673,1272558.696006512,1209408.6939211374,1133004.3613851562,1326859.6190398028,1079878.615160369
2020-01-27,1071818.16555904,1290438.3945786383,1312250.8123564895,1272073.754257369,1205228.9236779124,1129951.023907195,1330910.5109846476,1080901.8863453984
2020-01-28,1086032.2805930048,1317595.8575555135,1340662.700245879,1297213.3050878718,1202064.3305533668,1131060.55262727,1352309.037415394,1087291.5690896998
2020-01-29,1081856.3926787893,1311106.8077311334,1333688.513284965,1292489.478795762,1199728.2504749373,1131685.2282956985,1346750.4943940158,1084524.4691920585
2020-01-30,1082571.570560814,1314966.9920284655,1338708.8614380506,1297091.5137352464,1206015.2352030133,1137167.4088795094,1353447.979956645,1089464.8391578302
2020-01-31,1070965.237860365,1287159.9523939784,1309765.1382127155,1269773.8717243935,1200016.535846478,1127156.1748573708,1327673.332075899,1078382.4799521265
2020-02-03,1078946.9068097966,1267602.0176833258,1283717.5244574691,1248896.6241575482,1202578.3763615105,1132545.0682616648,1297636.1474546094,1088765.9173014993
2020-02-04,1085694.097400292,1286789.9973996012,1305173.704380474,1268959.573376741,1211397.5568889005,1141205.9697362725,1318912.9026392796,1098627.2098351084
2020-02-05,1084892.5655214693,1281519.848692113,1299261.1284535294,1265783.119327627,1210803.3477700157,1143725.9493421437,1315418.2493937877,1099750.669411741
2020-02-06,1079792.6915292786,1285817.6422126493,1306277.956606275,1272186.4403858348,1216608.3492864238,1147577.3011170474,1325147.92982892,1103059.769014667
2020-02-07,1078115.9539159292,1288616.3065902456,1309321.0437546251,1277453.8704882786,1214414.9605155324,1144479.950368576,1329562.0375655617,1099248.6299644192
2020-02-10,1080601.2671083366,1292042.817709092,1314622.7758590537,1282233.9465469727,1218244.636634465,1149357.7763856326,1329834.6570785507,1106242.512820819
2020-02-11,1084827.5469660514,1290217.188668946,1313803.8125902535,1280386.8216706968,1225955.0222614773,1153475.590067604,1329862.389633034,1107500.5139357822
2020-02-12,1088464.4345015208,1290323.897799714,1311432.88508008,1276923.3229390525,1227752.1735168218,1155500.8452750382,1328303.602308605,1107296.370182312
2020-02-13,1092526.266534855,1307696.328389692,1331301.6838398122,1292179.193279533,1249154.4593984617,1169186.4644196487,1355134.2760478295,1111064.0507231557
2020-02-14,1103772.473014025,1324016.2474622754,1346498.7071326051,1306041.9245581683,1250574.8580988862,1174051.6432221562,1366148.9114229437,1119644.8396299141
2020-02-18,1098581.4405906275,1322535.2499507577,1346642.8753271254,1306019.5072450922,1262259.729842515,1179619.5791967171,1370486.7147210012,1117523.4682873148
2020-02-19,1097036.6590657262,1327334.686835013,1353020.6423945478,1310784.071364946,1256697.5731252553,1172826.1420948037,1372920.452929836,1111623.1650421165
2020-02-20,1091956.543189929,1347956.1867026824,1379365.114477892,1335371.503279678,1255172.5302720116,1169881.8078251875,1402924.3018057828,1111209.1624165433
2020-02-21,1088499.157300709,1333789.2460608333,1363852.5518528356,1322558.2732919245,1250772.9001415507,1167986.444216399,1387011.1534050263,1109769.5704570033
2020-02-24,1060357.5189084457,1301988.0806904733,1334889.1597821827,1294992.4021718344,1227922.852708229,1148218.2207090792,1361414.476042396,1085578.2152709998
2020-02-25,1040765.8040673675,1291950.8618363542,1328755.6140724963,1285387.084518655,1197011.8319474705,1123046.3196289556,1344062.9527573863,1066496.438005964
2020-02-26,1029321.9481655472,1290587.2485028424,1331621.1071457611,1286851.3378113534,1212772.170032422,1125482.7208527122,1357427.8453913953,1061532.6975157128
2020-02-27,991054.1405181211,1248058.0998915,1293017.8103455703,1246990.5613848884,1152542.6945933704,1078450.8696514668,1315487.147157624,1025622.7542462887
2020-02-28,977959.7152438378,1230567.0058635084,1272456.4950645745,1228565.072077714,1128100.1122675855,1057571.988741592,1297071.651465287,1004404.0332816717
2020-03-02,1017119.9486187438,1262405.4591930057,1296728.8510569101,1255329.3767677161,1186889.0853458596,1105695.984070646,1327202.8169190593,1035804.4367397903
2020-03-03,1000414.4801342579,1255155.2688831855,1294333.9788747232,1251571.5369210949,1150044.9732723075,1088857.774795299,1310861.1950193043,1038236.8828860719
2020-03-04,1026174.2766407387,1289521.5236306794,1329055.2360880976,1289248.7725808173,1171915.029077937,1111038.101381543,1345687.203166579,1062720.7879661191
2020-03-05,1009336.5054122447,1269727.4939600532,1306662.7116260552,1267044.7668831763,1160754.8073443032,1098580.6232862358,1323003.3702872891,1056142.5731253708
2020-03-06,995420.1464139892,1260850.357978765,1303944.2365729592,1262493.8540655149,1134016.9977831168,1080443.7069681373,1311031.9540278092,1049687.2659835354
2020-03-09,905222.0816719015,1173990.8163466828,1223927.779287667,1185961.1996153267,1051657.8379495565,1019478.0384220701,1227293.055788899,1011101.6534204136
2020-03-10,919385.0039822202,1158453.7188490035,1202476.7853011594,1174107.5837566042,1064851.790315344,1035378.2601325032,1215107.2154990176,1014193.1940960696
2020-03-11,894454.6989037803,1129355.368616092,1166898.5264841057,1136236.056457615,1040855.8866715357,1009746.5575878748,1182277.8837016916,991374.995536829
2020-03-12,823239.188467589,1012606.5232894805,1039538.7775085017,1014641.3162547598,962152.8498070182,930155.6540954377,1050148.9124730888,908279.1609883108
2020-03-13,851213.5012875444,1028240.0639047398,1057685.659931242,1037513.0829965768,974009.1407906018,934132.8114204684,1081249.8426901367,896707.8484855677
2020-03-16,777673.3047186799,918297.3089615151,937201.614292724,908146.7259402933,941658.2965714849,892721.211604482,953582.6942978594,860392.398590035
2020-03-17,811907.0718773872,967571.6196964043,990660.0915885111,959818.2093666503,969995.0879376618,914956.5307520938,1008469.6899715558,879941.9253262018
2020-03-18,768995.5754022443,923958.8776338745,937294.5532788547,895964.9817995472,936953.1195009783,886492.7910893399,955316.6072790849,860264.9077106703
2020-03-19,796424.3347469253,953903.552624192,973342.717384475,927364.6058559214,922162.4225407415,871957.2479843216,980132.1953979937,854766.5529522803
2020-03-20,782406.3004848056,934812.6529706842,956810.0893248402,912211.6606429867,923615.9876678961,871093.239805827,962656.8752615746,852335.3473346443
2020-03-23,783886.2950169462,946202.5437874343,957620.9660601814,911052.128593287,948261.0393124884,890426.1394175705,959902.8646867237,875077.2580187203
2020-03-24,843836.7597688773,1024076.4128425712,1036815.4357348068,987788.7612481941,1001040.4070265354,946027.7711207846,1038040.7671298215,942626.6341662358
2020-03-25,849603.7607123164,1032653.2217277058,1055225.7327614217,1009140.831361568,992191.2583469505,938505.6725997445,1056300.728740355,936880.7477977317
2020-03-26,877552.079517948,1066598.0566948238,1093180.055862935,1050462.3706021938,1023100.7613842605,962451.7588679688,1092749.633327229,957814.5441150339
2020-03-27,862481.1714103654,1055967.25934301,1087351.7085355858,1044594.0131427478,1066460.9880112682,981476.6099201223,1089021.8027057406,980303.4461324963
2020-03-30,887317.8112345068,1063790.4818284488,1094733.0054206839,1051030.0093095219,1109560.8120158718,1007426.563637497,1090181.6611823302,998057.8221358593
2020-03-31,876015.0774088043,1063154.086261433,1096162.7577807992,1048547.932634271,1112070.2383265411,992963.8083575516,1087909.4516839327,979762.4320607309
2020-04-01,843469.7341099434,1023236.8937775085,1049928.6990509573,1000418.1178863209,1027927.2347183118,953554.7083820486,1049291.4588050586,939112.5153306271
2020-04-02,857896.307739259,1042949.2445558414,1071206.520417929,1020104.2897987422,1041747.8967747585,968909.2824906227,1065762.4372993568,958708.0017519146
2020-04-03,860651.6127143865,1046998.9772867528,1074911.7822950138,1023803.2656243902,1033596.3414493816,968357.3168852944,1068406.8627279254,962530.5729757875
2020-04-06,890246.5149938039,1088920.732231401,1117655.4544995334,1062723.4571550528,1059427.9915923025,997317.3890025015,1108738.427329195,986535.6507472543
2020-04-07,882137.0529893471,1072683.8047190998,1100461.669690865,1047983.0944014271,1032285.531185319,983126.4657271346,1093837.0487225999,974140.0419419571
2020-04-08,880303.8280647376,1075111.1105335662,1103352.9548118277,1048914.7639189567,1039768.1067456191,986279.6676195923,1095052.2664895025,977125.8537973147
2020-04-09,894394.076019634,1093518.4816768041,1124686.6579926293,1070229.9775431152,1070464.6027322486,1013689.3977036848,1124643.490600515,1001063.9801568936
2020-04-13,904386.4024713262,1107786.115083822,1138717.099385415,1084357.87101705,1098287.0910026617,1037826.3892481276,1144073.7676861314,1015651.7762139374
2020-04-14,925594.4807287338,1128631.6429998793,1160806.836653574,1103495.6671745286,1126432.672924457,1065525.9792097209,1164006.067869421,1049852.1123913592
2020-04-15,927079.7176358268,1113309.6334922235,1143642.1168605168,1088772.7573136524,1099412.4332229043,1058885.9299132393,1146283.0184018132,1044965.1202645085
2020-04-16,923618.9541047865,1122786.658987626,1153310.4925432124,1096412.27937546,1100921.7898822234,1069618.9425363592,1151908.0409629522,1055549.986210881
2020-04-17,907984.2789124742,1106369.4419285804,1136434.9247453944,1079600.9453614797,1098015.8902893108,1053112.859597489,1138572.8001394016,1035061.7314818518
2020-04-20,898405.9893315143,1114771.4736495414,1146186.2511950221,1088591.007616451,1088532.546679052,1050904.7814338955,1141567.3771612789,1042564.8832910953
2020-04-21,891798.2081450868,1091339.3629799508,1122594.6454950506,1068408.9240868432,1068164.3213376687,1040230.4923538426,1114122.3048063419,1038734.6343923854
2020-04-22,903970.8607030227,1118555.9261277854,1152769.607080676,1095979.5190560182,1081911.7638646904,1057333.9950082162,1140408.0015562926,1057857.7562525067
2020-04-23,913234.7807506218,1125450.1880222447,1160667.130617693,1104012.5388890663,1076185.7448310151,1056987.417161783,1143193.926610596,1059044.4175808942
2020-04-24,917946.2753487458,1131333.3078244403,1166507.4474145141,1108056.6494722855,1078458.614925615,1063709.4159334744,1150339.3920927867,1063589.1554623106
2020-04-27,912868.4105436426,1138231.6090276027,1174027.888859189,1113045.591587677,1073876.210215844,1055124.4643159898,1157199.9290891842,1053595.576362528
2020-04-28,908508.5468389275,1153379.5120001219,1192223.8636736048,1127014.6419423693,1072200.0578809548,1046903.365964158,1174853.9412303602,1038558.461935255
2020-04-29,919091.697649104,1166686.114123072,1208149.4890556422,1140890.2645147669,1092453.7817628775,1070023.218176248,1192495.818022702,1052531.226699225
2020-04-30,898948.2358376613,1150813.7089111246,1189335.1054965546,1122675.4094383025,1074951.8023913675,1047920.2676249216,1178144.7081185093,1029387.2927673513
2020-05-01,898113.593934569,1133401.0085458807,1171378.8452855488,1109115.6256768792,1078188.8253371832,1048986.598682261,1163468.4298688152,1029609.221206761
2020-05-04,895374.0209579669,1143729.7450383597,1180551.5755687414,1117104.0161326933,1086007.3715861796,1056993.0387348235,1175069.964814647,1035761.5082378483
2020-05-05,897123.5331297723,1159010.9619073228,1197922.4506932213,1131810.6498951698,1085762.0727059017,1055144.151333572,1188817.9650286357,1036835.3649220116
2020-05-06,893518.0840241559,1143988.7518928123,1182240.1993901515,1117030.3659504757,1069853.2364875947,1035217.038004978,1171362.8570734435,1019157.8235954882
2020-05-07,907104.7391432342,1152449.176580305,1190861.2898418012,1126450.3451707477,1096177.7571044178,1063537.1220454157,1185513.8489377168,1043706.1111256841
2020-05-08,912780.230054551,1157919.542088105,1196768.347462645,1130309.06490031,1091612.3076540448,1068174.6451515625,1187982.313326335,1052800.8400440442
2020-05-11,904824.5494048251,1158358.198689343,1198826.3113503125,1130883.9208947937,1080525.888839248,1060986.1956505887,1188870.6592393504,1050560.600746742
2020-05-12,908038.1889474177,1147989.5032678866,1188388.1617940296,1123073.8241833097,1089173.533885216,1067766.2481386224,1186078.3710620282,1052102.2159967362
2020-05-13,919128.7747624834,1148830.9478828222,1187745.988732851,1124112.23618587,1078796.6393742557,1064475.3746852486,1178824.5985876275,1054003.7940563427
2020-05-14,926590.9053367669,1161167.3279070065,1200919.6581295636,1136171.0946297213,1086102.786073769,1055842.5022590016,1191579.2895489424,1049121.3396636692
2020-05-15,933246.1221397703,1189834.310935222,1235196.9709198978,1164735.2503398345,1091182.5016914557,1067378.3559186426,1224232.8400531842,1062532.6103824165
2020-05-18,919864.2563860689,1189291.177978515,1234417.9643168559,1162928.9679742272,1089635.4168377677,1062377.211558301,1222322.4226266732,1055441.7052872945
2020-05-19,923553.409802726,1206780.1205800576,1253724.7796435277,1180129.0159835685,1093894.5431603787,1064734.0709057054,1239194.1967578656,1058396.9928748023
2020-05-20,938764.2353528404,1200548.3484058017,1243741.369444622,1172505.4605291819,1096792.8714720635,1081149.3403834007,1227645.4229754219,1077315.4541476625
2020-05-21,931907.2236649082,1198854.9948980347,1244095.365971542,1170310.4020114907,1085081.982173875,1068007.153418908,1228713.6607504755,1065382.919421399
2020-05-22,934051.384282558,1201838.1544413953,1246338.2986050094,1173114.3059354024,1088545.1114849278,1073858.9532215814,1230738.9171361453,1078361.7227619616
2020-05-26,919556.4615961807,1183809.2152417935,1229441.252265702,1157103.4030983474,1074404.299166587,1058343.6504606504,1211066.342818702,1055519.6053308828
2020-05-27,926395.944522778,1182845.5532772574,1226018.8600121601,1154658.6251696937,1080500.5786901661,1057434.721425106,1211389.3099051935,1054147.3427157518
2020-05-28,933389.4582916354,1185491.0535662016,1237278.6714649973,1164187.9485678405,1079847.3655691769,1055813.001916428,1213159.5288035902,1042481.8658970421
2020-05-29,940496.7023792013,1214837.575729168,1271617.5116828696,1193091.6849695428,1089381.1789601631,1083319.7771980872,1245104.7646286255,1066766.329340033
2020-06-01,948442.8614227469,1213826.246526769,1271383.3855947116,1193653.0113334695,1091308.3438411423,1088917.890911771,1243113.6243947232,1075700.8152353286
2020-06-02,943511.4924697401,1211022.5407024443,1269512.664946129,1191041.4778735363,1102131.2541286983,1101977.7518522823,1249279.5538509344,1080845.8724194886
2020-06-03,926440.1904507962,1193205.187177215,1249297.215102503,1171711.9915897653,1083173.918520184,1085461.685915746,1230053.006872001,1062767.0826424789
2020-06-04,927351.3734474224,1198802.8237864622,1253938.799519891,1177143.533321963,1091122.4432116358,1075973.4672607072,1237786.4872016674,1051614.502432215
2020-06-05,916972.7418450535,1181984.9832273133,1238407.4945224526,1161324.678585344,1080727.368567606,1056851.8968823105,1223743.9854029668,1030078.1175141203
2020-06-08,923421.1325955348,1196901.7359148762,1254706.5523587223,1176128.9463090282,1096080.7767461431,1067840.656339228,1242896.4494051384,1039994.5495548217
2020-06-09,938421.5571200114,1206059.0823443083,1264649.665064388,1185795.5507642967,1090524.659580669,1069632.4094844523,1242861.687309157,1048633.1210351612
2020-06-10,944089.7550046376,1219265.253611938,1277422.3893479346,1198424.9347282122,1092153.7688233939,1079892.2104643572,1252429.8955470517,1062511.6649546796
2020-06-11,930938.4595785905,1191967.155934486,1246170.866263201,1171971.7467581308,1077704.0049460516,1060362.4662534941,1222063.349335953,1043347.4430075695
2020-06-12,937818.8953947902,1196057.5139007685,1252099.0426494367,1176969.114088771,1086272.4606776445,1076832.8923941478,1231305.1655364626,1055738.604156745
2020-06-15,945043.7276401705,1203561.5243677082,1266412.58209188,1188207.6629814047,1090734.8376889743,1088657.339272265,1241713.5573389428,1065457.924011167
2020-06-16,949739.6400615219,1210094.5277969271,1272917.5231836997,1193362.4680276178,1095464.2375986453,1094554.3831598784,1253268.1142986151,1069281.2297345805
2020-06-17,964355.1146566338,1222310.340255133,1282292.1969775553,1200677.3251291588,1116397.1211536957,1106984.0604255786,1262912.659946516,1079192.0476495414
2020-06-18,987075.5636043304,1236570.4424496414,1291951.6132262137,1207139.6871837275,1138564.0257931037,1118682.6062107976,1269490.4634980804,1094161.4200667976
2020-06-19,979489.1362191206,1231808.5260928883,1290937.416472568,1208458.5869819138,1133141.3021532185,1119511.0926534208,1265795.2811617656,1097430.4402153841
2020-06-22,989027.9256509643,1242651.4077764093,1301709.3545422894,1218031.9818863596,1140549.6665824146,1133570.3478114218,1275723.530965732,1112989.3118154462
2020-06-23,996528.2191009482,1243737.3458475599,1305310.2965948214,1222396.4770454094,1146081.9580694782,1140860.8010837478,1277838.162523273,1122558.7763991512
2020-06-24,974553.6640186482,1215203.6639721678,1276754.3361150948,1199489.6379494874,1119364.8016586564,1119014.3519315808,1254067.1654991522,1096288.6229901381
2020-06-25,990898.0615391512,1234604.619648591,1302245.5825074948,1220071.6290498045,1110661.61445005,1125652.4936985814,1273989.786251277,1102334.231926195
2020-06-26,1012367.2079294436,1211792.2419225003,1268778.4480131739,1193218.6323225305,1122209.7078783629,1129932.4079878367,1235109.5527074845,1111520.0493420737
2020-06-29,988459.8998790958,1211374.3361990047,1267713.1755035003,1192486.0511433939,1128167.087475094,1114442.245784955,1235652.1700538283,1093163.021197124
2020-06-30,1006518.0610192269,1243162.7402802785,1298802.2032130999,1217703.7421073467,1160386.2694115662,1135371.9684993075,1267432.628312714,1110433.6261992652
2020-07-01,1010473.2705660311,1230500.051644055,1285622.2993195546,1206143.3027734694,1163496.1914422596,1136646.8810427072,1255735.933559831,1113598.8070751769
2020-07-02,1020168.2209505008,1241689.4239342732,1294098.8381924198,1213028.9789593662,1171590.3839711854,1143245.6032671751,1261379.1694499478,1121210.6346427337
2020-07-06,1008496.0005659118,1240040.955523111,1291594.9276533965,1212067.08285879,1170953.5854643625,1137171.6454369891,1256347.006683888,1118003.1020138857
2020-07-07,1025341.153757638,1256672.4444682335,1304396.4440713564,1222810.1753761857,1193575.244210678,1150794.9661814226,1267367.5441047442,1135269.0103821259
2020-07-08,1014477.3754450451,1259287.4029538392,1313353.783730352,1231938.7907304894,1172900.0651390664,1146609.1260033038,1274999.3811136256,1132328.6499081263
2020-07-09,1045388.8106237685,1270324.0008556931,1319564.7606572602,1235514.4501283648,1198194.793946751,1164209.6573631316,1278807.2333620074,1150391.6779413554
2020-07-10,1043384.3647951628,1270824.3691845331,1318450.0043276672,1234047.6314529004,1202447.5018114252,1160425.8021379234,1280175.2483860403,1143411.1150902633
2020-07-13,1035138.3241347121,1245096.025207752,1293687.7664158926,1214781.4734607714,1176351.0827472806,1146264.6252743667,1250826.8580572754,1132914.7079139138
2020-07-14,1077349.3938005823,1293301.393158852,1336242.879073797,1248502.880152931,1225638.774586905,1169481.1953476877,1292982.4414524063,1157289.665107803
2020-07-15,1089876.3206408755,1312744.7420473245,1354036.9029128463,1262468.7836027262,1244142.0314237515,1183489.782948196,1310417.5369957257,1172500.770177754
2020-07-16,1102339.3952595305,1298616.6945747812,1334349.704431753,1244386.927841599,1251064.7988267685,1181804.0157478666,1291107.2614046878,1169866.369772896
2020-07-17,1063524.5880675605,1278510.8657666233,1324959.8105128508,1240091.1959394333,1206352.0764876,1172342.4979835963,1283598.0702001785,1161354.005910199
2020-07-20,1080626.204734227,1293218.4936706743,1343023.6031922884,1255394.4170740678,1216189.737994002,1189976.6182715078,1298798.8226605994,1179792.5845835272
2020-07-21,1079274.0062814285,1292213.9970028612,1343822.9387087324,1258417.1766244317,1219026.6775510637,1189394.4362276797,1298039.6447901311,1176535.9231402494
2020-07-22,1117340.23120485,1324679.8072400503,1370131.39943121,1281240.6527500413,1265727.3816594556,1211460.9157137645,1321944.3622097084,1197540.6770498252
2020-07-23,1101965.6014604403,1315095.8466491872,1359259.7623068136,1274337.061388641,1263433.3391039926,1201473.3371180834,1310713.3125317039,1186353.222269906
2020-07-24,1120536.165461278,1328353.7985748409,1367767.9985120527,1282198.435068558,1287705.9655633322,1211950.1339512651,1318587.7475843541,1198338.9457200887
2020-07-27,1170672.0081875916,1376830.7396229333,1413837.9891659082,1322075.5903907798,1340993.2521815835,1256049.0947914463,1364386.3265069588,1241939.160833937
2020-07-28,1139352.1492124933,1349572.3645391315,1386680.86623728,1302794.593862782,1316727.7141287252,1239372.0944223134,1341426.2261696074,1225310.7675431203
2020-07-29,1128441.2386179573,1346971.971421312,1388746.6653935283,1306286.6406904622,1316403.527557519,1238512.7335607805,1343486.9470225726,1221998.8098200609
2020-07-30,1116637.751242021,1330246.585962283,1375323.621142612,1294475.390151694,1295493.1449041595,1236694.8375262269,1329345.1940526124,1220490.735327047
2020-07-31,1149187.5010233219,1340354.3965779159,1381239.2645786533,1300174.4148901405,1325289.564849785,1250145.6451342753,1330631.9913822734,1235646.1399588115
2020-08-03,1126182.7559390827,1365230.5585466824,1408615.2378647837,1322101.9674705267,1340663.8954805327,1247729.2065601498,1356906.5490759176,1236087.689804176
2020-08-04,1083790.6437301836,1327745.8536506994,1375853.3642383944,1301853.3891791096,1302517.8247758357,1240903.5763375498,1330071.8026861239,1227443.1023352938
2020-08-05,1091123.8603588312,1339429.863809385,1382184.6103005097,1308768.5359514672,1315057.8667612337,1253420.026648657,1342623.3025159612,1239389.733017702
2020-08-06,1089696.094375253,1322842.524281698,1369530.0737232105,1301879.801633766,1308593.512645011,1257698.2358535004,1329129.9845050797,1243442.0003350237
2020-08-07,1080298.8225571662,1319030.2955296051,1363894.7286416357,1293615.4899105392,1306262.125544788,1247593.42387094,1321756.698038821,1230231.205438232
2020-08-10,1078627.376337409,1327049.1449659697,1371655.9557104758,1299028.7119698972,1304783.0041789182,1247806.482048932,1330138.0537801222,1229133.2995936307
2020-08-11,1018217.4623550635,1263161.8962325205,1307718.6659705958,1237226.641940044,1231822.5361297503,1184374.6064502597,1265929.566134807,1169149.622241649
2020-08-12,1067131.8236741647,1309290.1862752396,1346010.2030507103,1265322.6650093799,1288283.1922301778,1216466.412632004,1302701.1335215243,1201157.4987766342
2020-08-13,940070.5219625958,1202036.357048088,1262668.6305783552,1207879.9678546716,1144271.2647303555,1157533.4533487144,1221927.5674199292,1143135.0829064958
2020-08-14,900140.9929393451,1178009.5044449249,1246433.9798164286,1195616.3729930755,1103819.0191245729,1136210.2338262876,1207748.8897479835,1120540.3915146643
2020-08-17,956115.9227595577,1239981.3470073154,1312306.68586477,1256776.9623090948,1170482.736416866,1200086.69479881,1274741.9711156138,1183700.9581440676
2020-08-18,935514.9931878649,1241095.232082035,1313752.8868380762,1258543.4742735233,1153764.6781250848,1197243.5069533922,1275576.8963709006,1179338.0668186739
2020-08-19,924168.3033362252,1239224.8682627582,1306597.1178370318,1231893.5945488855,1143306.6727647232,1170609.0844283926,1265990.3830599396,1154414.6311920118
2020-08-20,931157.567630646,1257628.4087998061,1326796.6274721222,1250273.8599807937,1152488.1781841049,1187058.2966080648,1288115.6246755277,1168986.4655327834
2020-08-21,923105.4462672535,1260497.8811555535,1325776.4126244178,1247427.2008160122,1151069.8801894072,1195308.9591074102,1285828.8319508329,1177531.8795555967
2020-08-24,928819.053431581,1229691.8117422068,1285577.638264756,1212339.0437496875,1148372.8043495256,1176702.183853706,1248976.9065493601,1158576.6668865045
2020-08-25,931298.4037513871,1239773.823134734,1303898.1252979713,1227072.0725325486,1152688.277442791,1193000.440289529,1266130.0004086157,1174162.8053494561
2020-08-26,946200.7712351662,1242155.9555322912,1299851.4981791107,1229123.2089089605,1165775.641769991,1193422.224069169,1262505.532154237,1171932.9291028117
2020-08-27,931738.5955913615,1233729.8768631672,1290897.3912286935,1219326.86257418,1159457.9546854426,1178199.8611194082,1252786.9000318346,1160674.1160183907
2020-08-28,951806.7782062287,1251092.9975723198,1307764.6459467644,1236088.790228561,1181592.049994729,1196370.070968922,1270588.9701684068,1183018.0223504247
2020-08-31,947367.6027847063,1251117.3369804458,1311964.662788577,1238832.109708595,1176106.2300933183,1195865.989779081,1274250.4640055879,1188755.65864865
2020-09-01,936179.2368554733,1237465.8225127407,1341304.7160313323,1259472.820836971,1155071.3459848883,1212894.2079228594,1299923.7525835356,1206444.7799140897
2020-09-02,941004.3199933736,1249250.3110038117,1341286.7613419576,1260090.5292565825,1167312.7932895368,1213244.861174719,1298118.5433660916,1203816.5163108353
2020-09-03,913412.4903540263,1219398.6155254564,1305562.4898337736,1231425.412266448,1138157.3755150293,1171664.7989438435,1264706.8221003811,1159810.7134119077
2020-09-04,901888.5555299966,1212890.5811226808,1296528.8904709502,1222672.2619410472,1128273.2721834548,1161411.2104782541,1256884.6891789972,1148466.7777599336
2020-09-08,909789.2162228395,1211186.9690834458,1290760.5571613342,1217556.1486306668,1139113.4239460803,1146456.0238113538,1248343.5245755953,1134727.7439769802
2020-09-09,908556.9549210565,1213046.8200988716,1310948.4531082904,1240318.8220206648,1135853.6529279018,1167143.6992781498,1265499.935996323,1155738.3572010035
2020-09-10,905410.5037764111,1202758.0124288613,1299212.4502179075,1227960.3834566067,1131862.9974512109,1159016.6738036566,1254103.6804041532,1147318.5593188962
2020-09-11,907197.6852546672,1209559.0859936702,1299834.2136664237,1227555.6636165818,1141456.6680627817,1170031.3062903136,1257276.9375758537,1157412.0735686098
2020-09-14,933978.1907829569,1241730.6987529632,1340841.4576561903,1262429.1088993507,1164375.5430148246,1190853.6606480905,1295466.31885819,1187194.8614735191
2020-09-15,934677.496921325,1218105.1070935908,1320015.3622691783,1247586.2389691991,1161037.3572993882,1189133.5483315706,1274228.3722471471,1185916.9836287466
2020-09-16,940802.0753133547,1234258.9092327736,1332410.167781028,1255309.16635001,1174206.4429467106,1198859.4122472145,1286516.702855761,1197639.8036374373
2020-09-17,956750.1266612604,1258163.6077053368,1349928.3083245903,1265271.3485524852,1194118.2499964987,1210119.3915866232,1302771.3422247833,1209841.4650896867
2020-09-18,953230.627352912,1265828.046949239,1364896.892287993,1275090.0254868425,1186278.4896569317,1216956.8082900129,1315150.612478713,1217530.066312796
2020-09-21,968873.2804034939,1262814.7934954332,1361223.0069646938,1267406.774665294,1203036.3054416825,1216173.456384012,1310711.840817494,1213427.4920080702
2020-09-22,967470.0140505543,1282426.9850117422,1383335.9636646858,1286260.0746665401,1215440.4712722234,1239162.501941589,1330532.4830200765,1233046.8699422788
2020-09-23,946548.8818554105,1244056.4117477327,1351413.8738750452,1250631.9046973318,1187252.617045654,1197988.728038616,1296042.840523542,1195242.5802335707
2020-09-24,951842.566834026,1238038.1813689703,1341552.267388227,1248234.36876406,1183288.4054444986,1188861.815693653,1288716.6713495397,1182440.6737715397
2020-09-25,979268.4700459355,1267315.08493616,1378755.3916971735,1276296.4114921556,1216275.0158077697,1216514.7846639089,1317384.4028178866,1208411.9746172528
2020-09-28,1024343.508905768,1314115.39384972,1417526.469136998,1308102.0061837246,1275400.8629135757,1245667.1112859247,1353884.9492847149,1236402.2246901426
2020-09-29,1006882.0627819134,1294617.2278851108,1400128.5018234337,1299509.4006045354,1254579.9409526829,1237551.1575770832,1336350.5261945087,1225608.8864333627
2020-09-30,993216.0721688617,1281254.6358004913,1390905.517017002,1292365.2970247862,1237426.252837738,1226937.6687303013,1328620.0416962355,1218898.4150311402
2020-10-01,984894.6583387554,1289270.446283385,1404255.4211501174,1306102.9345461836,1231499.5780447572,1235701.194056725,1340205.4359180888,1223973.2354770757
2020-10-02,987011.0808566035,1286194.6815484383,1393245.3211733494,1295976.0711039603,1234706.2988875571,1220171.86311656,1333070.9166229544,1204771.3493882432
2020-10-05,1009233.5809714742,1316620.7596762048,1420427.1637904884,1321785.6153500758,1269251.067200306,1256908.1054828682,1356304.8608238876,1236092.1063326828
2020-10-06,1013677.1390513941,1305473.9103249384,1408468.8705592237,1303891.8487961828,1266862.0637621142,1239812.3313544455,1337341.1451190726,1210990.8805779277
2020-10-07,1011506.5536311046,1322428.1230358747,1426795.2230752495,1318734.5925254822,1267695.7513018262,1254190.43670134,1353965.2175363707,1224122.817215305
2020-10-08,1009130.986139761,1322929.5467222985,1427535.9454071848,1321521.8968024922,1266629.7252330342,1258370.089971486,1355798.0166505475,1233836.3356349166
2020-10-09,1033266.0876405692,1339402.664504211,1451051.5941402398,1347996.8026912373,1290591.2336143453,1290613.6108651827,1380074.894780044,1263109.6628878834
2020-10-12,1041549.3369818084,1344861.342168762,1453354.9374189954,1351974.514484602,1300895.8917694911,1299189.304768522,1379557.059314616,1270285.2452961067
2020-10-13,1008653.6799320683,1311326.0805163693,1429396.8038719217,1330701.9068104103,1263434.0733330757,1283692.159339232,1354881.7703086312,1257186.0509707234
2020-10-14,1014172.2853446334,1312846.8303238014,1426177.7793472388,1330950.8976507725,1273988.5015197052,1287999.9805251504,1355724.6939470689,1266405.8550067164
2020-10-15,992263.9174132695,1296209.530932223,1413031.6049926064,1318053.9703015422,1259265.1730307941,1276226.862546966,1346460.78693935,1260654.4038894768
2020-10-16,995235.7464665662,1292891.3654604643,1414652.7377643585,1318057.5447159517,1259221.2736423188,1277218.9944491987,1347395.6862524236,1265635.7071123673
2020-10-19,967299.4956331603,1267254.2050956918,1391709.1393006127,1298122.9243236727,1232350.487309441,1256231.2049413717,1321496.3405689048,1237843.0631422424
2020-10-20,994020.2709309922,1287114.0841598182,1398985.9817114922,1309877.3672522402,1262392.6078359855,1269306.1159520834,1330773.4377518904,1253322.94630283
2020-10-21,983370.2326660226,1306520.5107302952,1402891.8691878945,1313301.1276006128,1301073.071982178,1276710.7952003672,1340010.7553105478,1260577.177651905
2020-10-22,973943.569989209,1306792.3829285814,1407096.1656446494,1312999.9542284443,1307634.171226273,1276970.4431964753,1339332.8745176925,1258263.4114761988
2020-10-23,999207.7670482594,1344912.7878069475,1432264.9582897187,1332008.441671186,1361023.9085864723,1297471.1914358775,1361955.0841126388,1281901.4139521692
2020-10-26,967015.4827732996,1307204.5853374293,1400239.2861145788,1304453.5843665132,1298827.169190026,1260356.5876830926,1326535.8653067455,1248504.5493212962
2020-10-27,967293.7150091567,1312208.5837887314,1411553.0765808192,1316952.8804901734,1290104.8043750022,1270082.5247018377,1336879.264296091,1257576.4506519227
2020-10-28,927361.6426726431,1275589.8640070918,1368313.1894441228,1273722.4425050234,1265809.7680712834,1232637.2625726885,1297482.0848927035,1227736.7481732646
2020-10-29,954005.58542774,1295834.5408485366,1374286.8167081992,1279227.116905298,1293578.3247864232,1244287.6870845095,1305985.2299231922,1242305.0772167179
2020-10-30,948932.7931855504,1274789.3486867135,1348576.680437494,1259991.5791196672,1259185.1695137024,1215599.4682098217,1284587.0768223451,1219407.4132872191
2020-11-02,954234.698601462,1284273.988223918,1354842.28247426,1268946.8261350063,1279045.0992069982,1234035.5257712894,1289298.7470796132,1234093.58402225
2020-11-03,971120.7247281753,1305251.1082455805,1374421.9334319318,1289016.5515840487,1307867.8419798834,1260239.6942994294,1304599.1828448095,1253981.313008627
2020-11-04,993277.3227619854,1328898.3000055621,1403013.37140508,1307073.9906805689,1331602.1142204362,1282010.0749761723,1329809.1430437816,1284641.6911708033
2020-11-05,993590.0493338478,1337441.3121105093,1425208.4020865506,1341950.9489957239,1339188.2562551312,1319887.5517778094,1342934.092173976,1305525.8250361523
2020-11-06,996940.2996759724,1360859.8469723542,1447986.4426079462,1359268.5897369175,1364404.9998468298,1328506.8687478318,1363506.9685837242,1315388.6855287773
2020-11-09,923249.4478295393,1261546.4880507092,1332167.2538609763,1246995.6728713878,1271593.5464626115,1220463.4397711274,1260563.8619559228,1212005.3496342662
2020-11-10,940372.3482526722,1281017.632467084,1328955.9796750369,1237846.5524894607,1273714.5983149894,1213706.6975218607,1259672.329433593,1203152.6997196025
2020-11-11,957380.9003515957,1299682.8352365596,1356374.3744458444,1260132.598524039,1295139.8194424547,1235822.7267572503,1283097.957412708,1227268.6988754433
2020-11-12,944345.3892175566,1290843.3346819924,1353228.3475731856,1261049.3772268605,1307929.886327498,1249636.6945512432,1282908.7450135702,1229748.4434882207
2020-11-13,941544.8446737295,1279336.9620380346,1336428.5030978364,1245932.3762935603,1286485.249287725,1227608.1238942596,1268923.7345766483,1220288.757395592
2020-11-16,923544.1259004631,1254502.636582445,1313777.832150489,1227593.1311710344,1262548.793561432,1216681.4820743273,1246849.4004787474,1201819.5255634065
2020-11-17,915705.1686523159,1236624.2493730495,1292504.2705396977,1210892.8190560855,1258857.4939247663,1214223.4483232503,1232787.7216176847,1196574.361640783
2020-11-18,912003.9335506692,1234476.6738471424,1292884.146972066,1205863.633797195,1279505.6776565057,1222360.4634760607,1235502.8230409923,1202022.6018737175
2020-11-19,919984.401283418,1251081.793804945,1305793.431968336,1214065.1725986085,1303058.9453399787,1236740.483815474,1246979.3224048258,1212979.7077823712
2020-11-20,924751.2177089804,1267633.6754876208,1326236.4689833682,1232332.6414032837,1342431.1186237938,1262138.928251525,1265808.12940903,1231288.7509182882
2020-11-23,927153.727815502,1275017.1242218881,1321229.9562826122,1222334.8421216554,1375070.571527086,1268696.8864988019,1267784.4447509337,1233570.2973139894
2020-11-24,925865.3140889507,1264244.4082678831,1308470.6213317334,1206961.110918188,1374832.303625789,1256334.1664464544,1262131.5233947132,1231179.1011022772
2020-11-25,938228.0586870721,1275910.3267372302,1328345.035797397,1224775.2240318963,1381265.5668908802,1267655.376342553,1277195.1911767866,1245753.0976597602
2020-11-27,947860.7634937979,1288283.2492367555,1350348.7640863832,1247203.7894112559,1386738.5675379632,1289616.3103821008,1297437.1063812573,1270185.4241712058
2020-11-30,950865.7342755346,1292795.2508961735,1356788.8161195384,1248676.4309234482,1380140.8783693886,1286758.4082569992,1296614.1971797743,1270564.6168592374
2020-12-01,958249.2456478693,1311104.3971845163,1353574.5073769225,1247446.6396908932,1398917.8000544854,1278205.3611660853,1290864.4905604543,1268701.4199169006
2020-12-02,950154.7056988755,1295050.9735295575,1338845.3701266807,1234874.2292971478,1380282.772521893,1259949.1401433102,1279860.2189909008,1268617.7351781453
2020-12-03,958312.0811082649,1302516.6244383154,1343228.4562011044,1238475.420812406,1418588.1793328424,1281292.4683203837,1285351.5243839324,1282049.3384960522
2020-12-04,966643.2141716952,1308460.2931455097,1349106.7568193008,1240090.7273271428,1422500.6929743458,1286064.198314699,1292696.0205708486,1290527.5203125228
2020-12-07,984118.7470818656,1334402.2844640743,1371802.1662396705,1260924.5951052867,1435867.830162869,1292953.872563519,1318134.0772673304,1317365.276031082
2020-12-08,982266.8980722877,1340645.106637463,1380795.5702763787,1269716.0151529936,1436609.108331309,1294624.3495565187,1330814.6641088747,1318979.400840148
2020-12-09,963091.7702260184,1315465.1535011523,1350729.1147904005,1240246.1202241236,1406753.7742354348,1263166.9370228075,1299286.3789909082,1287954.9283411042
2020-12-10,978923.4218523501,1351492.1227937187,1389011.852741908,1268981.0505649925,1435516.0529040673,1284592.8748516864,1335709.891783198,1318026.9866984312
2020-12-11,1017862.8792275966,1391743.9120139196,1416922.659783407,1289097.1680456754,1497257.7192629243,1320182.9499592513,1364127.3645579354,1348782.5735511312
2020-12-14,1049614.9161064678,1405476.7051940444,1429214.7545105754,1299749.181702806,1524850.0301633966,1337248.9770633467,1371259.4634452197,1363031.7609460475
2020-12-15,1064613.0260449965,1437486.079762279,1458656.2206022288,1329053.613895302,1530928.9305318918,1347418.817190814,1399553.5198779788,1366971.2710198262
2020-12-16,1060063.189749685,1445339.8762720579,1467498.327845919,1338304.8195750653,1534892.528766956,1349269.366188031,1408919.013540989,1357483.5499651567
2020-12-17,1073158.190579765,1486828.1119015499,1505845.231473748,1376949.3469951928,1544631.241745158,1372723.088911508,1446082.104796481,1383039.7816688442
2020-12-18,1070419.4428145727,1486624.181188305,1513262.189056314,1381294.9695614236,1541151.6912929711,1377946.753180348,1446156.85816945,1391423.3277879786
2020-12-21,1068953.4908599204,1497205.4106621647,1524834.4566758776,1393477.1615320428,1569378.2071772595,1409856.7759573364,1457658.0866542512,1412564.8298903725
2020-12-22,1068910.5041972252,1491735.471660098,1523236.5778772205,1391601.5206489498,1597597.8302771999,1427309.5297258138,1436476.5176908958,1409178.25970457
2020-12-23,1131246.5475194096,1539037.1051342988,1551716.1481164237,1415174.3904425704,1653399.9518076077,1436896.8350252165,1468405.756267562,1424093.7944825804
2020-12-24,1172546.2361201178,1563541.699328005,1569320.253394823,1431219.609837753,1699473.639184063,1454590.7877437107,1488142.880107838,1442988.1069656098
2020-12-28,1214832.673154153,1577918.0517991092,1575571.033716816,1431475.8919439935,1726553.1536414037,1448829.898311471,1487743.2558997367,1439421.1810491744
2020-12-29,1213286.3439614873,1577734.0420576318,1574882.7870885483,1427048.9602780398,1724125.6012073762,1439925.476536914,1490593.926006334,1436963.5158517025
2020-12-30,1162229.4432423816,1543312.043352103,1552228.604919195,1412358.2030758662,1669231.8763241346,1430540.39685135,1467968.4491873025,1425628.7541641248
2020-12-31,1140147.5887429104,1520575.505386652,1528831.9227982452,1395221.3434394542,1631544.9855457223,1396321.5868328672,1443938.861987619,1393518.9335085305
2021-01-04,1137901.4563604032,1508731.906097346,1534093.1900753758,1406488.5620067082,1619550.1578505877,1396230.2579747422,1451919.6493451444,1391772.288146073
2021-01-05,1332679.8579744291,1678674.2659281807,1667026.632041297,1511058.6683553758,1864549.321576384,1519623.0962017186,1582505.9190358273,1505411.6970771956
2021-01-06,1267420.7758028437,1611550.3417652752,1607920.5907774242,1466259.7633876146,1800233.4603274395,1480093.9299556718,1530543.3036607925,1470333.5974096053
2021-01-07,1260418.1826862835,1624566.5763515497,1624920.7240879799,1482169.0415498463,1844642.9681527351,1519596.7745385396,1545057.57373893,1492919.1879579504
2021-01-08,1264772.0115399566,1630293.0987844653,1631916.9878209676,1487823.992011345,1862481.4670408212,1536661.5254560625,1552897.829874977,1511002.4351234087
2021-01-11,1231948.997606857,1613023.2364721003,1610224.4853979514,1467042.118965028,1841602.9450565476,1517999.9085594383,1536159.9003308257,1493659.1454663903
2021-01-12,1198943.1061180292,1596632.098265749,1595197.457065335,1462713.6574368097,1819790.0774555341,1523159.5760269407,1533261.4713528296,1489585.5158404824
2021-01-13,1174960.0472334507,1555740.8203036443,1567832.8056298662,1438606.8775155498,1750267.2591105837,1491537.817887105,1509424.6945773223,1469223.9608012817
2021-01-14,1171984.0363614217,1548019.0411845676,1568069.9806454189,1441545.291791011,1729639.264697099,1497053.842368639,1516959.9250971468,1476359.6977633708
2021-01-15,1109327.4458334723,1492671.5282608627,1519602.8936585695,1402962.4470720706,1655196.1780241306,1450748.341954856,1473924.69939677,1430162.0181965323
2021-01-19,1172902.5389861744,1560842.1592082973,1577051.2408860645,1449526.4664521893,1743269.6363347995,1508566.591084192,1527152.4877302458,1471974.0583553168
2021-01-20,1155434.9928002227,1558388.465801504,1576923.8171036635,1450567.5685303388,1729349.87626715,1500926.2861526306,1527992.656635796,1458617.4759726871
2021-01-21,1158828.9458147716,1557057.6449387935,1577455.462843021,1450662.1131120867,1748464.0435005084,1506488.5627761858,1528614.3555283323,1464202.568368569
2021-01-22,1157112.0169737726,1554262.594176696,1577046.7273565116,1452204.451339856,1730109.347588684,1503915.0367017593,1526429.6097670551,1456748.242490372
2021-01-25,1113490.9121071133,1514899.2000956468,1549788.3576756746,1428872.3102140473,1700074.8526506722,1489851.4885348051,1498079.7510484068,1440648.4134450941
2021-01-26,1128693.8975444543,1531188.4134566172,1556870.9967470795,1430093.0848322553,1814580.0739892442,1534070.5858826463,1498205.352219456,1466774.621742594
2021-01-27,1115487.6411173628,1509282.1495749934,1539819.657794778,1404683.5227349817,1747351.7062663161,1484843.8650150201,1472075.5482447091,1412632.6781617692
2021-01-28,1152637.2605682595,1563293.0667679112,1582971.6987020175,1441580.968234063,1798659.223872885,1513717.7717823696,1516960.4292699976,1450693.418231278
2021-01-29,1151216.5506312058,1527134.891219133,1554484.1157839373,1418267.5924214562,1792322.281058822,1500837.7769762878,1490669.1847867046,1438432.0560982001
2021-02-01,1164443.8704291095,1556359.4460862305,1583383.2447378128,1449744.793809021,1850408.4447891035,1540822.4660029402,1518017.211469139,1465816.7930049556
2021-02-02,1136886.5394710992,1549464.3186645287,1584216.1354934687,1449716.8998182616,1855154.0902858565,1557622.8841843468,1516588.434076864,1479859.3611054397
2021-02-03,1137384.3641451309,1550284.2413678868,1585350.7473180469,1453955.2036272613,1864175.2625154227,1557997.5350148154,1517598.7981714653,1474402.0014496972
2021-02-04,1087363.4400695572,1543574.6789056389,1582228.4675167042,1455176.3279841028,1868519.736896701,1580047.2276632336,1516211.9904879094,1480320.041395075
2021-02-05,1141714.273089682,1610962.6717841504,1645542.0803060248,1507257.766206952,1981240.4726379372,1646816.2761153434,1579250.5003223992,1544175.753769461
2021-02-08,1174981.237969705,1706122.9219444164,1726022.9303259125,1577859.0346158121,2033346.7490826682,1713978.6716568645,1654656.894763855,1624397.3861924175
2021-02-09,1183436.0795265583,1689509.7357417666,1718227.458328403,1577790.6980667547,2052415.343288894,1725763.052723309,1643182.6327617092,1623895.8731545308
2021-02-10,1154837.825061927,1676200.878907334,1701648.1306073484,1559966.6499448624,2010561.7182573776,1716326.3532668422,1634789.4595232136,1611884.7327555907
2021-02-11,1172210.9756702646,1703045.8950864547,1727199.8592764542,1577152.4884671147,2033950.6657813783,1733053.3276556511,1661794.951339173,1628025.4524933388
2021-02-12,1206023.8668373532,1720631.7091209465,1742903.2559823368,1590749.6992616607,2057997.2907758285,1748654.6335403663,1677327.4833091586,1644348.6536715906
2021-02-16,1180288.0440274053,1693228.6662564704,1720592.711375893,1567736.0415740502,2033710.6608126767,1735922.1300794294,1666729.836335064,1641869.3312556143
2021-02-17,1164629.043495356,1674640.9613198473,1692914.8987719973,1540608.9203107164,1980494.8045552548,1697546.7511001625,1641616.9224663968,1617118.4768107936
2021-02-18,1166477.706582863,1658799.0958498518,1673629.164673402,1523688.191699818,1959466.3471170506,1668955.869256449,1625068.8124923254,1589229.4134748916
2021-02-19,1177375.7434135461,1698620.9145162809,1705225.0912570562,1549956.0715688355,2011004.0983026177,1709081.9510053697,1650269.9711748522,1618519.2157157515
2021-02-22,1146683.7437597984,1644524.0652634362,1650292.7718880316,1502038.6422530713,1931697.7854385653,1635690.7101233099,1603958.7980661693,1562764.5093519154
2021-02-23,1127013.7658823805,1631819.2857653177,1635319.90698811,1489733.1312444615,1849983.8631625231,1569554.7512295584,1587599.0700531583,1535843.4368489138
2021-02-24,1134659.9909849626,1642278.1918321878,1641950.8215614469,1500362.4326412745,1846365.9177137907,1573825.2798891196,1594834.8916133745,1543080.6080784055
2021-02-25,1094003.8413370925,1553192.8338886572,1558176.8183760482,1428773.7195039552,1736663.4329592555,1477899.2200823743,1515658.8355994292,1461570.5720198026
2021-02-26,1090354.372984712,1571131.1713109796,1574831.5595347262,1434716.4887730626,1764914.9121187835,1498148.2953895521,1526313.49626458,1468511.3921274287
2021-03-01,1095813.0079790982,1597290.6260678424,1606353.368774008,1465599.729875274,1812726.0785551288,1554396.671846455,1562489.5602692782,1527575.8749428454
2021-03-02,1114609.9316117961,1579664.5360014278,1580417.430748269,1441239.689325277,1831390.4853516936,1531495.158663777,1551788.9943702063,1510900.0660726489
2021-03-03,1087809.6592029526,1526693.7132089538,1519083.7389202295,1390584.5921215834,1753005.195232876,1458111.4184608662,1498761.352886431,1452718.9526212518
2021-03-04,1050730.2317131616,1455073.575903074,1451315.3595695733,1331045.0465774667,1659815.1388511392,1377647.8377313882,1438042.882314767,1382996.309466777
2021-03-05,1048794.219226931,1460963.8664811032,1459509.3286243975,1341010.004982596,1648591.4171831158,1374024.6452930928,1432904.9604170243,1367285.6728558117
2021-03-08,1041789.9101556822,1431913.8735232628,1420685.781429041,1309032.6880658788,1592213.1324838998,1326636.5348569672,1398941.9400482115,1333222.5324847545
2021-03-09,1046595.6773466524,1467840.4829598533,1468661.646227871,1351224.0125465936,1609526.271707493,1370474.4657116877,1437665.4182541762,1377210.0201081906
2021-03-10,1061680.4477410254,1472947.4680833735,1472038.5603201808,1356245.532458206,1611740.8797532548,1377237.1398193825,1438553.844806341,1370541.9313546827
2021-03-11,1079488.5662504912,1520717.0880351346,1523388.0119116958,1397980.0204596887,1666607.018126781,1430047.908002735,1485444.4948268582,1415344.5254847212
2021-03-12,1061167.984037665,1514294.2669853298,1513670.9666308009,1389799.8249188778,1651695.1098179533,1418471.2077157798,1476787.9953162943,1406388.2788197724
2021-03-15,1071049.4401411195,1519912.8705894994,1521699.9113201727,1397607.6396090526,1669856.4203318933,1425419.9560550293,1483902.6856729917,1409384.1987704346
2021-03-16,1064678.2704878277,1498369.5347638517,1498871.6747443858,1376310.415907362,1632061.488566469,1391003.5336229827,1460076.6435569786,1378307.8387161968
2021-03-17,1065053.8554440234,1502166.2817841135,1500132.6580814295,1379863.5275101943,1642069.583145187,1396578.2736470532,1461954.5949281775,1377356.6257742832
2021-03-18,1043291.5236714727,1462446.4228418237,1458881.520243018,1345119.7265902853,1586475.6097215414,1354960.4859078077,1428215.3792789946,1346423.1121706401
2021-03-19,1053101.7357120083,1504964.8940327174,1499498.2122569769,1379012.8247683113,1611255.3040144376,1394691.0985329524,1472254.0814732732,1381003.7687073785
2021-03-22,1091993.4354849819,1545861.0884889471,1533282.6380220097,1404690.2764115473,1651118.6996205878,1421949.4301999465,1503794.4470904514,1409065.2884742427
2021-03-23,1064375.7222105097,1478934.0828820853,1482170.068405674,1358584.9594029142,1585306.38002862,1364020.4054519364,1450374.185439148,1355246.5306385725
2021-03-24,1032130.5537185476,1409262.2138432802,1413878.0878463087,1302075.9299362458,1505403.1465953086,1292250.0298258131,1384413.7794006532,1289793.4378892453
2021-03-25,1024180.9576554798,1413815.1887035964,1418960.181030361,1308007.7445746548,1503287.9545597984,1295624.050427722,1387642.6229645256,1294395.301503572
2021-03-26,1038814.6894719589,1420618.560076313,1426399.098636477,1314529.212537831,1499665.022407309,1295148.6861253364,1394915.4948804937,1304792.7978933067
2021-03-29,1012049.0865501363,1391789.5463131566,1399558.4307877584,1292773.7976058184,1450206.8968156916,1254608.5195094845,1374860.9774584698,1279980.0939386936
2021-03-30,1004953.6776434628,1388748.9538762928,1399278.1951201719,1294806.3091693243,1467276.5540521767,1274582.3499206305,1371838.4544662584,1285849.2248044938
2021-03-31,1030163.6927763999,1432533.3525565122,1441090.853502767,1330993.2575418565,1536795.901133519,1321699.7813571966,1411636.9789460362,1322828.852725286
2021-04-01,1046312.2964771016,1458315.5874734723,1466348.9126240173,1350064.9001885958,1584911.6627905557,1352055.1666923263,1434140.3031457625,1352543.7318774909
2021-04-05,1100172.6370974847,1498449.697401582,1499921.6068912542,1374841.6586019373,1647349.2640922677,1379789.4029797602,1464557.2997019882,1372797.580047605
2021-04-06,1082296.425579043,1498538.1697399311,1500664.4061993037,1377333.0886905158,1650635.5364337405,1386225.0470887744,1466283.602612397,1374120.2026335944
2021-04-07,1073274.5430789178,1503004.5497809378,1501156.1026266234,1375291.613673475,1642943.0856908618,1369942.443140711,1464556.239591659,1364716.0460047747
2021-04-08,1101273.8322044858,1543904.7515664392,1537603.7911027805,1403732.6796252322,1695113.579167421,1421686.3481511613,1500712.507738487,1401021.7316353894
2021-04-09,1086527.177542473,1526594.9190918151,1521688.856765887,1391460.0643518958,1680653.2060738893,1414778.6917159695,1484695.7328453655,1392669.061086955
2021-04-12,1080711.9647470447,1509784.3735211394,1508420.65874749,1380406.280308201,1661906.8780311428,1399973.260028367,1477490.1065099612,1376639.619224354
2021-04-13,1080487.575134775,1499087.9959650217,1504631.8258535822,1379333.995307819,1654944.905356367,1395490.224408765,1481933.589528794,1372855.501390915
2021-04-14,1064790.5917445049,1478553.1155956301,1484689.1519495263,1363702.964158253,1631052.142697746,1370871.6909491776,1478821.8035236655,1355842.9952857639
2021-04-15,1036642.6727737306,1456176.6717682567,1473329.8217124783,1359439.9312775894,1610288.3685843218,1359714.8236244312,1472172.1876294846,1345374.4598104793
2021-04-16,1042553.5462192111,1444770.9935587186,1464971.7709194128,1351375.363197839,1597307.5413953909,1353776.7587799947,1461948.1180888647,1340901.945867841
2021-04-19,1026311.3872020731,1426609.841516878,1448831.540206142,1337819.2813836923,1574333.5905585412,1330923.9375163277,1443720.0689125182,1322963.958031615
2021-04-20,1000989.2165724222,1384510.3466190803,1413369.8873560764,1307652.5030084841,1513978.4358636448,1289278.9897360725,1409545.0422905176,1284344.7128575046
2021-04-21,1020483.2311330372,1410194.1384946052,1435103.6768637449,1328491.3424513405,1547000.9943978565,1319250.7179142213,1428404.2181526425,1306655.682131059
2021-04-22,1030276.6333967779,1424751.309127131,1450815.4248565536,1341125.723489201,1562365.8162657202,1333135.0157802897,1437767.9064126376,1311788.5001910932
2021-04-23,1027454.8155193647,1455468.8507147492,1482652.2686517604,1368221.394429178,1601022.3969570869,1367501.668840416,1471635.4413099436,1343806.8094312504
2021-04-26,1046918.1882552892,1472591.2046160102,1494326.9059853943,1379129.4107532399,1631072.5713742166,1388368.3186679676,1483515.965939167,1360765.2275422374
2021-04-27,1043644.3235892381,1465984.6722471348,1483835.6951313568,1369802.335376207,1633559.2647665539,1385363.289120219,1485627.2586907134,1354669.9308427635
2021-04-28,1043919.2312673648,1476887.2739883617,1489554.9459892788,1378899.3487981115,1640491.0954653048,1391978.5157128451,1499230.7212415345,1370803.8916835608
2021-04-29,1046934.7184622826,1477943.093592102,1483409.006920256,1375990.2248054997,1644839.9613518175,1387302.672851696,1492424.6294170464,1363373.778742279
2021-04-30,1031657.9438841783,1463602.7879963622,1471240.3176459095,1362073.7431582697,1618859.6695056637,1373980.4275128513,1474449.8357314405,1347509.4424032534
2021-05-03,1024492.8581559678,1447865.2376340423,1452398.2640406422,1346560.812463038,1576792.928762773,1349025.0365803794,1459237.5456917637,1328456.509431908
2021-05-04,998603.7187842763,1396956.9005815398,1407632.147640951,1306225.4770082245,1526354.8070474025,1309455.3814739748,1421430.9636620143,1293776.4972105739
2021-05-05,992057.6292402776,1380585.259689724,1391587.765866199,1293698.9294871136,1485228.0147836101,1286271.517065086,1409930.1257957264,1276791.242577637
2021-05-06,966995.3136343375,1341777.0881006012,1360136.3278884501,1270196.2793122504,1425717.4311006705,1243132.8937451772,1391620.0539398356,1251174.6516188984
2021-05-07,981818.3204050693,1364283.7226494602,1380762.5302894223,1287055.757832546,1453488.9406203926,1261001.794821531,1406471.8253787672,1261341.732284845
2021-05-10,962249.9553906338,1324121.9331748367,1340579.4628941484,1255570.487522392,1392966.9102502647,1207263.9264925478,1376621.2317563826,1223818.5000588652
2021-05-11,951192.4033923217,1333606.9554831106,1349618.0922224438,1263031.8523173751,1407195.010966466,1215334.6444566594,1395023.286232407,1240610.3833342153
2021-05-12,926601.8709255802,1290066.7864209677,1305277.518131624,1223824.8615321715,1357468.230726272,1164283.8795865965,1354041.7936197391,1195270.3708286618
2021-05-13,956024.8072592678,1312260.9202121652,1318222.904163104,1234346.372170998,1360135.4960315796,1159068.0079912324,1369704.6032887707,1191162.1428395247
2021-05-14,991568.9165591979,1342126.3383404373,1353570.6633018053,1265987.2381568109,1408735.5554141747,1192910.89448917,1400312.629432526,1218242.2295076742
2021-05-17,996212.2319768791,1355705.6829700286,1363854.799901387,1273162.1114542831,1403358.5243650828,1188613.0864035836,1416680.1505895746,1219344.893193594
2021-05-18,994975.3286277266,1365523.015786574,1375721.3345792177,1281836.8989104414,1406489.2141492448,1202316.0685645293,1424574.3863046851,1228890.8321706108
2021-05-19,979933.0752367093,1343935.4907536993,1360886.761585134,1269874.035562962,1380601.8537757427,1186648.2769033075,1405653.4586834707,1210157.4751326605
2021-05-20,1014974.0587445003,1384503.0410792888,1401038.8801248067,1302679.8485019144,1424356.5432364754,1215888.0850257026,1442266.651359981,1233707.4296013312
2021-05-21,1025136.7723825116,1398262.7179718683,1407791.2082015362,1307909.4702265086,1442910.7089855052,1231471.4894549632,1447234.8947629035,1246528.6269746695
2021-05-24,988885.0320262137,1376733.816552421,1392722.139236405,1296203.4207097874,1429228.2225641662,1227806.5833392392,1434181.8040481217,1244431.8102238094
2021-05-25,986809.9340116448,1368665.1768291304,1388490.0430564145,1292735.6657087202,1419725.0463169198,1222491.4497186376,1426549.2694979906,1234891.7251061068
2021-05-26,993846.297968821,1384371.9209801103,1407014.0884793275,1307382.441444616,1443952.3020613107,1244482.9981453377,1437827.7447222043,1252780.4273557498
2021-05-27,1005520.2648937199,1397987.4265029423,1419678.0565132052,1318724.8390643427,1467298.1427849692,1260990.4804452087,1447329.930803422,1268613.2222041364
2021-05-28,1012248.2296634642,1409999.2123285902,1432786.7055169952,1329706.3241691682,1461983.4372046222,1260462.405662145,1458141.508115635,1271065.2871085939
2021-06-01,986206.2596482364,1394816.4987586774,1420803.8208279693,1322339.429735182,1441509.172217304,1253976.6902758651,1448459.658452544,1261462.7146979314
2021-06-02,980076.3693719431,1384796.6930103344,1413752.233326882,1314213.0630580294,1444248.8497965585,1255418.2097560081,1440323.338836672,1263292.6147214144
2021-06-03,970423.9500453763,1366455.1877824038,1396026.332324802,1298673.1377989186,1425252.5045851811,1244254.163970722,1422233.9089279235,1250920.8805161337
2021-06-04,977343.7232696561,1374977.317893065,1408694.104175334,1314563.1174938055,1435609.3100834666,1256348.4859849976,1435342.021147933,1262953.304283956
2021-06-07,980448.1947743561,1376429.0929480472,1412290.4151004248,1317084.3628283502,1446206.0873513755,1262665.6486333963,1433919.989921628,1263961.4759868083
2021-06-08,984999.7072203681,1374743.784692632,1413381.1562390001,1318554.422271629,1447288.535372319,1264103.436171518,1437866.4181851193,1267962.656356872
2021-06-09,959178.2301702899,1355684.5347811866,1397272.027103411,1304945.9805130444,1420361.226226202,1245721.1456449747,1421112.9035195236,1251222.2235243241
2021-06-10,993638.0305859981,1386138.6360619105,1423056.9474512718,1322365.928679907,1424497.931021301,1243013.4272805098,1444754.78199211,1252925.6334082515
2021-06-11,988957.6916747162,1387142.1494014405,1426051.6042264623,1325250.515729558,1443129.7526933618,1256006.1178572136,1448035.5820542274,1266696.2724208366
2021-06-14,990328.5637030115,1382265.3256284378,1422207.3490212758,1319620.9116971807,1432583.6912900237,1247494.57977307,1442782.5158878725,1258272.418124036
2021-06-15,989296.0724362197,1376594.7649030942,1415702.256671137,1313783.0284401635,1416553.8320666347,1238304.5808795628,1437453.642898957,1248809.304580913
2021-06-16,992220.3398387363,1368534.4356029269,1409647.7623630203,1307546.7864555658,1403229.7478286782,1231311.472828978,1433457.851581107,1238702.7635866862
2021-06-17,983019.7403306838,1365065.7718022468,1405630.5087655955,1300620.6337696202,1408776.2425337208,1227798.1739064439,1429640.5043863598,1235274.101876229
2021-06-18,994057.4456938053,1381274.1866490338,1417033.0777881476,1308347.2528638728,1407685.6587317828,1219257.3903083913,1432707.7602535004,1227746.7778984634
2021-06-21,1009408.8180228025,1403520.0732246828,1435349.2989488605,1322706.742976901,1429896.6535262428,1237696.9597276684,1449645.0037521245,1244167.3143728075
2021-06-22,1010749.2892449371,1401733.8864968445,1435620.4053328314,1325611.2881305574,1440972.7840097211,1245778.301621094,1452799.0059486984,1251603.4000094456
2021-06-23,1015867.3389194481,1420371.478018989,1449780.0664480012,1338704.7949933512,1468768.7285554593,1264400.800059504,1468644.32144571,1265429.5531313191
2021-06-24,1035534.7165694359,1448501.1440267863,1473037.8550102313,1359147.9697387768,1485326.6767729917,1275902.4443875765,1486416.8172526294,1276020.4971141974
2021-06-25,1032514.1410866545,1440791.8849983865,1464878.9672155832,1356900.489586523,1481731.3797969422,1269473.1960913,1475519.4619482663,1272896.25268772
2021-06-28,1045941.8704625916,1442849.1701217487,1472370.5259412292,1362721.6367223929,1472464.093890239,1272303.8054751132,1481153.244713851,1274802.0403854153
2021-06-29,1053733.0566905604,1455583.7877448257,1484640.3013341888,1371681.4209646303,1483561.8039697546,1278658.9685189095,1498633.4454624886,1279516.7174712317
2021-06-30,1052846.2509993652,1458791.694594756,1482585.4945176055,1368197.8494050584,1495664.1773512245,1281407.4394110565,1488382.3677080544,1285619.203135446
2021-07-01,1069642.1634740697,1473598.3202959828,1494701.696128263,1378197.1238703255,1494067.0311169242,1280198.296031976,1496413.160017284,1283918.6554602957
2021-07-02,1071153.8609313443,1478168.355105816,1501239.1027283464,1380644.9182886002,1502259.4684438284,1286456.2583867111,1499641.4632190138,1289495.9058292257
2021-07-06,1005057.0949617677,1418545.5628204418,1457662.4733319846,1345317.6757718984,1488881.6292409904,1279226.189933311,1457935.2579354993,1283263.855275502
2021-07-07,1005531.0333315297,1403398.2709072002,1446763.44327221,1335969.6073719955,1462697.022206789,1266338.7345016033,1446451.6673861693,1274695.9850240918
2021-07-08,991139.236248247,1376324.78506064,1421767.6930820742,1314398.1457108702,1429077.4062530955,1243503.3614875472,1425202.4958704717,1251600.4557304883
2021-07-09,1002028.5295104204,1407942.2699766078,1446681.567774711,1336297.6137355976,1476063.2809864627,1272678.821342512,1456077.8690662105,1283277.9817050118
2021-07-12,993935.5380618391,1397847.8241797546,1434505.838983235,1328066.7695882742,1461918.7182528954,1263179.4802075475,1446441.1958531481,1281150.6656606125
2021-07-13,982771.8797065606,1383927.2991354591,1419010.6562189024,1315391.7794855388,1435719.1058685984,1246396.355875937,1436768.6123891089,1267751.2640607907
2021-07-14,976504.7407624968,1370185.7925809016,1402417.4293785377,1302264.5786967808,1422338.389879497,1231478.4773525144,1414610.6917042837,1251767.4022630213
2021-07-15,974436.7265756599,1361232.7431410593,1394165.784125061,1295290.933292415,1400347.1164244483,1214728.5034351181,1408422.906416364,1239052.5199168636
2021-07-16,965732.3626460336,1347419.750935254,1382210.312065444,1284802.3664337618,1379724.1481291344,1201752.4275212693,1407387.319996021,1226508.01828456
2021-07-19,959009.5543632584,1338794.4948661192,1374428.8172346875,1275651.2062405944,1369171.256179993,1189194.7821739106,1393691.9023891878,1209894.8318855455
2021-07-20,1001654.7031051522,1392426.0177227,1419524.9637495505,1314641.3830442599,1409036.5156042422,1217488.9212281364,1439317.2360790637,1234985.8461827144
2021-07-21,1011080.8457919612,1406630.4622089253,1431938.6519571445,1322939.3620333306,1433724.2377355765,1235129.1662955028,1449955.0763622315,1251868.5276714978
2021-07-22,1021465.579598538,1411425.1548898467,1438287.0433266705,1330357.3892646085,1437598.052347135,1233142.2711784467,1457375.3774500394,1254959.8232517256
2021-07-23,1024326.1670755334,1475506.427428691,1489232.0662402837,1370014.307791064,1543133.4902745788,1287017.369674345,1507637.7437311215,1309787.6480134756
2021-07-26,1017340.0342185987,1464319.207235915,1482293.490767456,1357699.70634748,1525069.0850883832,1280916.9048485244,1494466.3022144958,1308944.0129440844
2021-07-27,1022371.0968315951,1454423.7666579294,1464212.251506351,1343190.62337522,1510727.100979598,1263256.9989076757,1477432.941900598,1292096.1154537925
2021-07-28,1029151.2029463358,1471306.0717606135,1480074.4799184531,1362404.133602149,1524140.545841375,1273937.8985556797,1498664.0426485802,1301987.565921792
2021-07-29,1038006.3129458511,1477469.2031152966,1490929.3698605602,1371465.3771086673,1525314.5320078782,1286883.906905737,1513627.608964059,1311610.6424876365
2021-07-30,1045375.5176052849,1475054.2468278683,1486584.0309371431,1366062.4521416386,1527422.623428742,1285342.047687982,1510819.9665263563,1309502.4256115335
2021-08-02,1030209.680059985,1457882.3018426453,1473061.5317737998,1355850.448392061,1512649.5078128795,1272424.3360476713,1493931.3426039661,1293871.3118452122
2021-08-03,1038579.7046460677,1463534.1435786085,1477160.9909591102,1362440.8195936214,1526837.5567663475,1282964.6568756562,1505173.1318969443,1306818.8070613502
2021-08-04,1037179.640872455,1476493.0024484384,1494567.1541141786,1375596.8291767887,1537910.3205266288,1287193.7125475241,1519916.6070963037,1316569.1760445312
2021-08-05,1047252.4858188618,1492845.8190383464,1508122.5846468373,1384931.227019196,1548937.42493804,1296785.5108358709,1525539.3550314046,1319368.2656306133
2021-08-06,1056479.720519688,1497046.0541462945,1504014.3547189787,1380013.7660984423,1579392.788359574,1306976.9009134404,1521933.5767190189,1326947.999106881
2021-08-09,1047980.0657760303,1498604.5781004713,1505477.053290765,1381307.485502318,1581774.1844028812,1309075.789579953,1525494.4322821407,1329102.2688465538
2021-08-10,1053103.044472429,1495460.4352950824,1498077.3169053337,1375829.1563566476,1576883.4393982785,1305557.9882869916,1518310.0524628486,1323509.10886001
2021-08-11,1041897.6401516789,1490088.3820379553,1489045.0403697242,1364164.7469316171,1585090.5209118214,1307644.2780580535,1506390.027637881,1327088.6643409005
2021-08-12,1042408.8635879378,1483044.312265145,1485612.746283364,1361330.649907867,1563815.4871983877,1298831.215142257,1502368.5386899097,1321352.8764836753
2021-08-13,1029457.0657291883,1469321.0961701702,1471652.892763194,1348666.438626088,1554703.346038585,1286761.9475244575,1487554.1921153518,1316564.1670235614
2021-08-16,1049085.8848236797,1476285.605016715,1477643.3578210236,1352375.6235993656,1532593.9480241397,1277244.602122399,1491677.963154363,1306418.4951259266
2021-08-17,1038310.0097651294,1462240.8058778273,1465869.0406290963,1341539.7578966562,1517967.5785246412,1263071.3106124494,1471172.289118035,1288475.2508333216
2021-08-18,1033155.6960260931,1454243.7208765734,1456527.1784955552,1334422.088289978,1529028.0916979718,1264841.2877606521,1461980.6357962233,1278328.535808076
2021-08-19,1025196.0267049995,1444039.6788500464,1444837.691504406,1323629.8171627552,1508209.7321920586,1245085.4821831954,1442683.9104245373,1256556.5236282023
2021-08-20,1033531.8632251067,1455971.0567623365,1456922.9910916595,1328493.4046609725,1536622.8476371034,1258330.7738232326,1461987.7190220496,1272184.4461495774
2021-08-23,1030278.1700896474,1462589.9221492407,1466493.6179201864,1341672.794421502,1555045.7637705465,1270679.8820681905,1483492.1599803371,1286217.9475762758
2021-08-24,1044214.7850489933,1473168.8582278262,1473986.0908686998,1350574.4902236676,1556031.46299771,1273236.666771212,1493666.893378084,1292373.2142034473
2021-08-25,1049996.4083064827,1475136.712676835,1473878.8475582025,1352961.6365170083,1565470.9935410381,1278428.585111569,1498632.9812074204,1300723.0336081674
2021-08-26,1042771.8627835392,1457108.4242572482,1460805.7350750864,1339910.5480658954,1541175.8229082343,1263707.4604356193,1487915.251752826,1284282.1805030783
2021-08-27,1048847.5373519156,1470198.654947855,1471971.1495969715,1350494.2372468184,1550623.0744576796,1274677.046107752,1496030.622584574,1296588.9451444729
2021-08-30,1052238.400328728,1477944.3555782845,1483132.2089246095,1363042.6798681265,1567879.1586657646,1282225.6375067611,1510562.1508030526,1305309.8899784074
2021-08-31,1045125.3807727969,1479632.4063430123,1466982.4131473694,1350280.740259111,1568767.821208032,1267946.1046640777,1491618.7321541894,1291221.9666647299
2021-09-01,1044098.957415425,1470935.0605188606,1463915.4403020018,1350267.5694470867,1566152.710699874,1270427.4934653535,1489766.513282361,1295748.415845887
2021-09-02,1047337.8009163549,1471419.9164100802,1463303.8218330275,1352994.3532244775,1566837.6591251972,1266990.4899525568,1490615.6030134934,1293544.433762539
2021-09-03,1048068.982940463,1476214.5477713465,1469854.878774436,1360283.7427911079,1565482.732638548,1265039.66006092,1497600.8450316493,1293606.8115793497
2021-09-07,1046123.2008563364,1481403.5524903396,1471113.237369932,1357868.8799133217,1562837.1951527097,1257793.6258896177,1502707.1084443184,1293774.1257894728
2021-09-08,1039404.9664472052,1463694.938884666,1452639.4597751813,1341680.995916237,1541249.8744405427,1245282.3397092354,1480137.6521141587,1284263.3883546272
2021-09-09,1044785.6514438287,1470310.1411953869,1459905.7432027932,1345098.69449176,1531987.7047177202,1245046.133318395,1481031.4434857,1286031.849941333
2021-09-10,1063968.467895154,1488366.2685167755,1474103.296553442,1356857.4952655553,1531780.7372471066,1244239.8129483915,1498693.2927784915,1284269.4437629692
2021-09-13,1047415.4786109537,1464616.8161471623,1449988.118417443,1340346.9994988246,1500052.0501387792,1229828.9797290252,1474377.5128047187,1273018.2135615957
2021-09-14,1044019.9533567687,1459169.6835962564,1446384.957579053,1336472.7677722338,1490031.8307907465,1223904.1624753957,1468282.3420521354,1267123.1685140724
2021-09-15,1049951.7815820286,1477490.9651103185,1463176.6819887212,1352557.992387288,1512702.8151096615,1240555.9108794264,1484708.7508834372,1281307.484054077
2021-09-16,1060382.2655453412,1481404.466397984,1467381.6541641308,1356541.4154190181,1512712.7403038724,1240859.2630298305,1477759.278872658,1279930.9454298948
2021-09-17,1049874.3503796307,1479980.9020599492,1467152.3319481823,1357265.7091190882,1514868.9098713084,1240076.911131874,1470379.5457875102,1268449.7124267987
2021-09-20,1035510.4750533557,1449791.0986399616,1437931.500525309,1330743.6255658995,1473838.668399917,1207430.7845889626,1448350.1975691612,1239302.921273229
2021-09-21,1039905.7736059262,1475182.7849103145,1457521.2763569457,1343900.8501295985,1506347.8453261373,1224055.9785353679,1459939.4896164644,1253065.8603481404
2021-09-22,1048435.8435782428,1496433.1599656795,1480041.5003860088,1361972.0874846592,1549439.3961794516,1255471.461353797,1480686.623659782,1275572.0935210115
2021-09-23,1056708.0847094199,1509290.7592597238,1499500.1394476865,1377843.1963315879,1569568.8442437898,1278251.8997925983,1497579.602811464,1286076.7524259016
2021-09-24,1049939.33352074,1514731.0373938624,1498938.2566085267,1376172.3198620463,1587215.4755509833,1283399.9766110962,1492556.1972106704,1288663.7665393162
2021-09-27,1042610.9353702078,1498810.000198374,1482606.4767614151,1363518.6394462099,1560857.6525878778,1270520.6251357927,1478352.841699922,1278003.3614809788
2021-09-28,1023883.628664192,1455643.1715228385,1443584.7829904386,1329603.914826629,1496355.9465006809,1234249.8697451903,1435723.8773963873,1234799.677568884
2021-09-29,1026887.2258769112,1447198.0714148032,1432122.273133647,1320406.924222723,1485724.6754527767,1222915.0904116011,1426661.4398599225,1228702.3413168502
2021-09-30,1024044.5295326668,1451204.9159961406,1434884.2636123183,1321180.904093501,1485214.315525055,1217331.0247988275,1427803.1193171565,1223997.17827774
2021-10-01,1036822.4090708307,1472625.872549599,1449812.9444020959,1333056.3917774616,1511834.9229604704,1232584.580762777,1441126.577578227,1237969.056078906
2021-10-04,1027114.490413602,1447865.27177816,1426859.2032851414,1312216.0315723794,1472873.633251696,1209190.0403737433,1421067.9305481454,1215880.3114262954
2021-10-05,1036608.2680695929,1465838.9294813473,1436247.9778795429,1320089.2523555718,1488029.7221757788,1211655.59119361,1429219.7447744177,1224476.1368490541
2021-10-06,1039121.3526862359,1468056.336397523,1440521.0783261105,1323282.6344558906,1477469.9427767855,1209691.864350403,1428969.70504868,1218505.1196933822
2021-10-07,1057580.1405347595,1500637.0224334446,1469263.8196272883,1349008.268671159,1509668.0225048773,1234693.7357181916,1456901.8525605788,1240729.0305578124
2021-10-08,1057048.604782806,1495094.463164124,1464612.0194680996,1344297.8674606371,1496121.9260475305,1228107.8855214715,1451488.0907007896,1233513.765845569
2021-10-11,1044561.3802845706,1475858.4033334914,1450479.0300095235,1332845.5719458824,1483787.0392983349,1223544.7024195392,1435735.6627934193,1227473.0252563348
2021-10-12,1040286.0600230066,1479324.409979871,1456028.071358974,1335810.4339203476,1493688.9708848787,1234564.2758904544,1439427.3590581864,1235001.7813495328
2021-10-13,1051807.7189780958,1490890.5131570231,1475766.2880528981,1353745.2429141426,1501369.080549464,1248330.3353429907,1449899.2881655307,1241705.9573231845
2021-10-14,1061857.727338488,1508212.239381767,1493876.7474146984,1369236.0809996743,1526860.4767960315,1262350.9456444639,1457320.3406070163,1253849.9986310396
2021-10-15,1067552.2880232958,1516802.7991575052,1508366.526029468,1379634.3795902461,1537758.529614718,1277505.320182947,1469153.8138594627,1256027.8480898004
2021-10-18,1080639.3253754615,1522439.8203983908,1508082.8540756097,1380886.4120078494,1547039.7511934722,1279325.1427452494,1477337.9322870385,1263354.8361527466
2021-10-19,1081246.593139004,1524464.9550149054,1519276.1846225807,1393980.2757909996,1551586.0601887328,1290101.017047879,1488905.9425682558,1269533.901194523
2021-10-20,1089410.2363419093,1530408.8544228366,1523413.6564430767,1396871.928461225,1561821.401610806,1297730.5154426342,1489029.7874707652,1276056.7912206599
2021-10-21,1101189.0401776282,1537163.6848340072,1529276.9428395675,1402946.9079533494,1573121.2661105206,1308090.8741794804,1495941.562972154,1285522.5128526697
2021-10-22,1097870.0171034043,1454214.798307406,1466738.151077715,1355069.2214649918,1446149.8773103063,1246074.0499833622,1437066.5417391204,1226048.6750414954
2021-10-25,1109759.517808602,1463347.0369287028,1481873.9093709902,1370007.1222033103,1466049.2902353548,1263745.5284617548,1452190.302021461,1237165.0225223347
2021-10-26,1117679.5974407769,1476725.1587610247,1499175.4721176997,1383861.9645774004,1477699.1771020868,1267985.6225912608,1463485.2660916764,1241407.7180462673
2021-10-27,1111286.883405261,1457738.4751635997,1482880.0449009582,1368140.0191541112,1437234.911264181,1241828.5124255805,1445680.7578231841,1223116.9367284249
2021-10-28,1133464.3525288585,1487997.6072778963,1509176.7029565794,1387143.1875449251,1482758.0625899963,1275546.232973258,1468504.2958031942,1248983.276455488
2021-10-29,1142948.0406410256,1488473.853837315,1506908.8088880272,1383369.0308414863,1490061.6372616738,1273682.122360141,1468437.5980475284,1247764.1791564126
2021-11-01,1140490.1920997007,1491896.0746467616,1513963.570462704,1390216.710857976,1491957.5386298727,1286352.5381993414,1470138.0363729512,1252173.54686314
2021-11-02,1147639.3339521573,1497556.8031648737,1518460.5315956685,1394523.6638596992,1519008.5938171695,1297130.4898370309,1476840.0177439053,1271756.6543355775
2021-11-03,1161452.3507149322,1514428.4238665267,1532173.5281245697,1409057.5613476017,1515776.9152324975,1302952.0565191316,1494904.3383501365,1277328.089109974
2021-11-04,1156698.3798433328,1507301.680169835,1524995.9459607042,1402434.2284523835,1529421.361726868,1317260.2313673482,1488893.3166771857,1288982.467293444
2021-11-05,1127705.370278194,1481780.7799196534,1497983.0240457808,1382988.9060442364,1524097.5463072264,1323314.1515920898,1472833.4392011517,1302064.3746411745
2021-11-08,1115908.1255400009,1465256.6168876465,1484459.3579018554,1371391.1578746838,1524293.0407789317,1326417.223004863,1457571.0687559317,1303585.9317421175
2021-11-09,1125085.170218139,1462682.5831987027,1478807.7670634927,1370591.2172936255,1523668.3708448734,1323922.026574046,1455511.3302303667,1297889.47279302
2021-11-10,1119602.4703703918,1456562.2778181885,1464471.971141813,1354353.0553253663,1508604.109658599,1293783.5032362756,1446949.1346166807,1277960.2295652472
2021-11-11,1139047.0340131181,1472711.993259156,1482315.079987905,1368352.2477836993,1519762.3835560435,1307390.7062330053,1461841.719112428,1287522.1043652475
2021-11-12,1151641.981075546,1483816.0984027204,1494529.5403638363,1375559.6699989974,1520617.413995957,1306514.186371073,1465269.3424338596,1285989.3124763821
2021-11-15,1153618.4947295976,1485196.7401066397,1497746.7857709154,1375810.3989538092,1527373.3910838244,1315229.6290694189,1464716.872450887,1284566.8573055707
2021-11-16,1159738.5742123185,1488918.8077324745,1504462.2471763203,1380701.873948884,1524264.4261017318,1311342.9058390106,1459210.77051287,1284342.9725319555
2021-11-17,1150306.2185267706,1480186.640809507,1491918.1894878885,1369829.212734723,1524065.6013285054,1306546.6904959881,1452734.1220203277,1279829.8170335595
2021-11-18,1139810.553047063,1468103.3526193586,1470398.560517555,1350539.9337111786,1519033.3177410678,1286162.9291665375,1436737.7699901927,1275843.774555162
2021-11-19,1132658.8251449438,1459382.799020065,1478645.8539213988,1355487.7012504367,1503356.6341249046,1287038.3889905994,1444699.356573981,1276259.8550526248
2021-11-22,1128528.7150538934,1454414.0026510432,1463266.636731389,1339075.952455184,1494132.8156075124,1270508.4817574234,1435385.4850544946,1259371.1746596254
2021-11-23,1120510.220185998,1447567.3907158235,1459305.188323312,1332962.8547625986,1485119.5641097222,1263638.1858533118,1428193.7115600887,1254447.5686793234
2021-11-24,1119812.8601712459,1448410.3069865126,1474255.1746129254,1345570.0273151149,1479256.553511668,1278715.210544523,1435525.2983912937,1267337.7737893867
2021-11-26,1115839.1637920453,1437978.726747826,1461217.7860056025,1331704.6220028398,1458046.0820527703,1249251.7220465515,1418257.060706674,1235199.6357773703
2021-11-29,1125778.8801426608,1448854.8525983698,1479649.2266173789,1347573.3923705851,1459572.0153981699,1265360.4955378117,1431796.7455006246,1251827.5317894747
2021-11-30,1107760.3902486023,1426713.63077773,1451808.8594637676,1324517.1509031898,1431815.947601175,1236816.0276291142,1406388.0820258574,1221110.512538525
2021-12-01,1091819.624297012,1410718.1546671174,1436581.316747126,1309077.0299503217,1418005.978515504,1223293.8481127387,1394163.6808418704,1209601.705596848
2021-12-02,1088208.885459977,1410262.6908340224,1435270.6172513026,1309469.8368513735,1433817.1558518452,1237974.447290006,1397543.7115274875,1218694.8375399665
2021-12-03,1068754.7625390796,1390737.990049048,1409441.2827719531,1271457.5239066982,1418895.2935809456,1212070.939222715,1371217.152263745,1196591.8900787958
2021-12-06,1070389.5480078105,1396419.9391263544,1406926.3559838168,1269651.5038182351,1434045.2448998818,1217140.7385636943,1372117.7819405112,1199713.0113953021
2021-12-07,1087269.5409400973,1411257.4502226198,1429876.7196699234,1292661.5322000138,1453375.4106368965,1248085.2137742038,1395775.2314738508,1229229.6865867937
2021-12-08,1105532.5836953188,1429054.7064898731,1445838.691684665,1306588.0033121784,1462232.6505162523,1257538.7609393552,1408527.5059182884,1237964.4027998326
2021-12-09,1079274.7306304462,1402038.9840698713,1419467.0879468787,1283113.5263999114,1456970.5229217159,1239205.296647313,1380536.1588277372,1227242.3053489407
2021-12-10,1075082.601846117,1396920.0577082965,1416919.5532639276,1279842.3700174806,1461746.795163475,1248335.0291990892,1377878.9674502322,1229091.601430187
2021-12-13,1059085.5771231074,1382159.0936076455,1400562.3101353173,1263185.8130614462,1461051.0534856345,1234142.956659225,1362464.9703523458,1217250.1345027278
2021-12-14,1040550.7397095648,1366709.639877863,1379689.6127083555,1244417.9781184804,1448832.2385236346,1226202.371045298,1345223.2100209694,1209088.6114647572
2021-12-15,1053133.5490339156,1389665.6400718712,1403935.6517957596,1261533.1131402892,1484848.4423308682,1256347.3523981662,1366981.1526513323,1237149.5502205887
2021-12-16,1039388.8408787799,1379325.5573185673,1390346.7347888362,1252048.664411724,1465947.9986933924,1236943.6993581043,1357756.014033335,1217426.7893654993
2021-12-17,1044132.9979527398,1377454.9551567263,1390600.7852208836,1253164.0602451542,1462546.5735736378,1237649.6391011998,1354136.0537116989,1213307.383226238
2021-12-20,1030912.2745287564,1358944.9075040002,1370017.8942543005,1234723.2841867136,1443183.5882015429,1215871.1874185738,1336917.4580081152,1193036.5054777614
2021-12-21,1049103.8961642105,1379399.2031003928,1392664.0804834317,1255831.2781194118,1469189.6099146754,1241943.5735573643,1357496.426149898,1215655.9712304212
2021-12-22,1059751.4014132696,1393294.7811420271,1407542.897176405,1269985.4624896361,1482422.1003575192,1251320.6299577842,1372920.0978966916,1230118.4726475128
2021-12-23,1067386.2494314394,1403871.420817224,1416917.9915396005,1277427.2073100882,1492491.168646352,1255916.0818962762,1379414.4461867202,1234769.4131225632
2021-12-27,1080458.5068904716,1421494.8149243565,1437352.3524361274,1295329.6466516994,1521327.2823746635,1281672.9926548619,1402475.7326158423,1261327.8211198081
2021-12-28,1066081.191773828,1408331.462343996,1423361.0878715387,1284509.075945649,1511901.991175498,1269527.3583306796,1391613.2742222701,1250602.5460533104
2021-12-29,1066209.2501610122,1409011.0329400562,1422702.618944717,1283983.4571546952,1521908.130112917,1272478.989906685,1395451.7748978506,1255069.0433536835
2021-12-30,1074561.4870080384,1416062.6846208954,1433317.1310638348,1293956.5817297443,1516507.1287442066,1273264.8052803227,1402529.0736273872,1253066.6121735536
2021-12-31,1076978.0479898723,1418674.916784112,1436507.0683867882,1296115.1111952711,1517888.6662590827,1275387.1129793455,1406001.4459857373,1256546.871453803
2022-01-03,1064446.9649513476,1402752.8072183477,1418060.1199920215,1283565.5004484546,1501919.015638583,1259430.8302367353,1385625.619623219,1244468.2495689394
2022-01-04,1051339.960176781,1393027.6885460431,1404917.7336610276,1273562.6770043473,1493661.325600545,1257289.8312957215,1376712.976856758,1236602.6049677085
2022-01-05,1022691.45104954,1356594.0471375105,1365206.3267238603,1237529.5494780964,1451900.5646223822,1218158.9821321114,1335884.4834179003,1197920.2065522172
2022-01-06,1015096.5737807307,1351464.5105808328,1358294.6270210927,1233264.4514921112,1449226.2747351085,1221659.4023560588,1331602.7173908006,1200731.6758516508
2022-01-07,996920.6385867057,1336809.4758172024,1343454.2941587677,1219886.414024605,1431622.5150761849,1209067.6684887381,1308719.2214949287,1185742.7047397902
2022-01-10,999276.8275066682,1341059.9813137942,1340583.3288563741,1215649.0403980678,1437282.5309689012,1204563.8267730474,1302528.8858396825,1182695.7776553226
2022-01-11,1009517.7931647272,1351899.6860894305,1355013.0527497106,1227114.8849193468,1444798.1179421796,1216886.2137053036,1311800.9982819112,1195169.2459902863
2022-01-12,1011327.160580743,1350479.5751642042,1351123.4460081873,1224179.5857009995,1446510.353201191,1218800.6694067516,1308514.1105716107,1195214.844154222
2022-01-13,992998.2703166187,1331996.7481169351,1323834.8572128264,1202141.186966621,1426111.04414641,1197611.7873774604,1286832.2699426396,1173247.7658821952
2022-01-14,988935.7556692286,1325897.829410075,1318344.6256447094,1196205.757423609,1424424.3029305683,1198957.02756716,1276753.5129224262,1171135.87510254
2022-01-18,961335.9141397335,1300845.3565609592,1288958.6246243964,1170693.160301301,1401638.2628696857,1169250.034707856,1247825.6129597044,1144736.9740069257
2022-01-19,955711.1995269917,1291872.8381009693,1283824.586895981,1166511.1407072807,1386671.3955237307,1152187.7651779805,1241075.0746688237,1132682.2357249646
2022-01-20,937755.509946487,1272549.566086292,1265973.3433619395,1150632.910804265,1362922.8318064655,1131266.733690613,1220389.2301707524,1114020.0939491338
2022-01-21,917177.6802208236,1251205.5756417986,1242180.074530727,1130146.034169881,1340639.2653532696,1108235.4820343743,1197954.2343652889,1095510.5664902267
2022-01-24,931665.0588038651,1265481.87234992,1254041.376629258,1140782.421639742,1353332.0597302588,1116084.3944897195,1213780.8689550085,1102109.6199539455
2022-01-25,911897.5892549872,1247625.7978286138,1236018.95160155,1125788.9717535097,1342355.1042902654,1106707.0483793602,1201070.4264703835,1091078.8349731006
2022-01-26,909892.5955504058,1245248.40096926,1234987.2194708392,1122019.1005453651,1329154.723442507,1095772.8279549682,1190640.321983129,1077327.7256421263
2022-01-27,900203.1252361839,1232613.683331216,1224558.4749957202,1110803.6178946327,1310050.2816359452,1075384.8506537476,1178702.422922737,1047822.4270778946
2022-01-28,921170.2769083426,1255651.27132585,1250283.5586325754,1135219.545240454,1328607.7269107243,1089191.8443895248,1201074.0013756996,1057765.2809824094
2022-01-31,953380.1264817502,1282194.508231516,1279901.5348008522,1161911.201469549,1342584.648476136,1107294.5515197003,1230085.451837902,1075807.1733829062
2022-02-01,965764.124941867,1294573.6978368834,1293684.350879185,1172295.6383106732,1362732.8896604003,1120745.5002614157,1243495.6197437532,1088540.9576231055
2022-02-02,969706.4693215712,1300308.2059468005,1297623.089394659,1174922.7800593995,1373811.3168557035,1127222.9822156066,1249781.9894714002,1091178.6414354702
2022-02-03,957727.0453727115,1288045.0853765253,1269707.3401597398,1152337.4096426722,1361460.692859298,1112931.7455775172,1225297.6884370092,1078648.271187453
2022-02-04,956947.1798115689,1285948.7602523584,1274459.2356799375,1153782.923400472,1354022.9926803818,1104978.1906213046,1220934.639257881,1072817.4598537036
2022-02-07,971322.5415419759,1304023.515937948,1287164.639037759,1162527.72490949,1360049.2490838862,1107165.4090214246,1231197.5524624719,1076238.8171554282
2022-02-08,984578.8415780102,1316407.4202511895,1291901.5159194488,1167033.40451443,1365993.8624262882,1104810.5527801588,1246952.9031505566,1076442.8141249958
2022-02-09,1006763.072290852,1341532.3856690757,1323190.1897969279,1193962.7193740008,1378242.4606090954,1118622.2504289327,1277634.681261225,1086999.010637009
2022-02-10,997411.4008256452,1329029.9438236053,1306206.3492345694,1176353.873111771,1369810.8379157032,1108294.3813438867,1257600.410844651,1074409.482107346
2022-02-11,1000378.042341514,1337341.048644253,1307750.6080037986,1177345.0976951018,1361953.7369946218,1102970.1288034127,1254604.9448315718,1070240.412256811
2022-02-14,991134.6924510273,1326840.8268418089,1295222.8862160412,1166272.8867303687,1352229.8885181989,1097223.2275890068,1243173.5560118826,1063511.6738088962
2022-02-15,988422.090548391,1323563.0973902524,1300264.3772981272,1170584.9553157468,1373259.2399393881,1112049.4556962724,1250530.6156285848,1081464.1294326708
2022-02-16,989312.0839870733,1329157.4530368848,1306742.8674336623,1176140.6945327038,1384404.0335555873,1121511.2080615386,1254917.6408658419,1089954.3096678648
2022-02-17,971917.7702920805,1312911.622640616,1284000.0151588055,1158208.2299291953,1368516.0354579564,1111799.6417694949,1233763.697320501,1078782.709183051
2022-02-18,964585.1625866306,1304972.6020078808,1276075.4671769405,1152763.2792924372,1359104.3795896973,1107017.8150886921,1225788.4529445763,1073020.7000377174
2022-02-22,952219.862400138,1294601.443612939,1264143.0725564836,1143644.673149326,1350349.6097777302,1098112.4902187942,1212409.6334102089,1065719.2054567165
2022-02-23,934755.8651307286,1278581.8348316213,1250295.8457661318,1132291.9138860945,1342269.3171669669,1092463.771225581,1196335.1068183724,1058180.772291716
2022-02-24,945607.3966371178,1293574.455459523,1268216.0618322208,1149000.9681508425,1350586.347461098,1095553.016656438,1219256.7203948027,1062504.7306707522
2022-02-25,964339.6563293979,1314740.2770784926,1285874.344085373,1163659.5089720865,1388412.0235137283,1122950.021602375,1236427.14232289,1085875.327579778
2022-02-28,973706.2330199493,1334021.8356428612,1299797.5160871819,1172864.5996292927,1406839.3703093794,1129415.4968836817,1243481.946332046,1095903.239823474
2022-03-01,971880.0713820334,1336683.8629623244,1298753.491077657,1171212.3255711112,1395309.6213388846,1123073.2731399143,1240772.2331382448,1087553.9626745707
2022-03-02,991620.8500483984,1354627.119341399,1312091.037058439,1180797.9324336012,1418390.876473777,1141226.6521713256,1257714.185111102,1095553.5624776077
2022-03-03,1003412.9065868763,1370186.0754362517,1324397.2543233125,1191592.353061908,1431286.6402828456,1141200.2524572855,1274618.4033848771,1098848.0455101829
2022-03-04,999333.7581139144,1373770.1922302537,1329820.3148240373,1197264.027001,1449903.7206607843,1143246.9778836435,1277644.4200880895,1110237.9740809056
2022-03-07,981149.1367539208,1358529.2112674704,1319098.1843022234,1188708.6955353576,1447742.6561969859,1138342.5496601353,1260024.7725795829,1110234.8029955286
2022-03-08,993723.0920294588,1368632.3376752955,1333815.1585201526,1203412.3815330165,1450358.800159554,1149982.380926581,1277002.8308313356,1125727.8384718727
2022-03-09,999464.4739672443,1370027.3098135954,1329015.9592792946,1197213.0524560069,1447330.510760982,1144889.3298745498,1274973.1174131818,1117576.1674581391
2022-03-10,995922.7354040153,1368936.1616896163,1327439.0953293955,1197538.0677725277,1470676.0702939816,1152533.0796311987,1272832.178360824,1125356.2052751882
2022-03-11,982845.180615044,1353172.878614672,1312953.499124367,1186055.6752377325,1464408.6250405882,1144597.2434807562,1257540.6871936629,1118938.019521156
2022-03-14,968102.6931934215,1338013.7777589192,1297417.400524388,1173350.442367478,1425826.4346638983,1120689.0050345447,1240726.9608395947,1098352.7461285144
2022-03-15,969061.6896864751,1341640.159929635,1299026.4351614644,1171463.7434489466,1430560.8871902449,1123725.9133361024,1239811.5896398479,1095289.9545832095
2022-03-16,992626.4468369724,1358841.644787171,1316067.8091678135,1185219.0278091563,1446725.26257552,1137811.6111206491,1260785.1171966488,1105782.8710817974
2022-03-17,1000254.1500436406,1374084.9352439134,1328916.5459264829,1196201.3488482507,1467132.4738129321,1149737.971289847,1274366.0834867733,1117302.761773545
2022-03-18,997898.3346185368,1369673.0397612858,1324697.2877410091,1190982.2444585678,1475591.0902371746,1153195.4942528992,1272829.5671297936,1118654.2094468665
2022-03-21,1021641.7975489302,1401361.6019758761,1348902.557261495,1212083.3911390225,1506646.048666311,1163219.292312239,1295268.618014709,1132806.5549235279
2022-03-22,1021020.3461460064,1396145.390500044,1343035.7547582549,1206680.9533062116,1512446.7303265003,1166367.2419433887,1286790.530344346,1132650.6007329586
2022-03-23,1027094.5671408647,1405475.3277214558,1350912.6309348275,1214122.3415706367,1527480.269126047,1172061.719408026,1297470.9447697455,1139971.2974246233
2022-03-24,1043104.8677152754,1422820.137387151,1366765.8493111758,1227255.8628589083,1557340.6300836303,1190160.41724708,1313824.3274280261,1156888.3306632643
2022-03-25,1051727.148766492,1431471.0712280786,1372101.8558646252,1231173.6276146783,1579553.4684794596,1197125.8322637589,1317193.8327752966,1163679.0553689934
2022-03-28,1034024.5261693473,1407946.341474636,1351386.9606112146,1212332.1197262355,1546421.8276254148,1180092.7913002144,1298261.134124566,1146344.03070021
2022-03-29,1058408.2930311258,1429584.8442371706,1369543.5528564802,1227445.7075744264,1540262.1947923151,1182890.3737442233,1317162.0618898892,1145273.7694466817
2022-03-30,1041070.9790629309,1417989.5427232038,1360037.5109420295,1222558.1949358482,1542579.0140000824,1180025.7612635929,1308269.7305548044,1147584.2048124692
2022-03-31,1023673.1585414716,1397664.7919605623,1342745.8509084587,1210201.7808952164,1540844.2007015562,1175636.5219125054,1294489.7397393615,1145968.019353325
2022-04-01,1037834.8350177857,1415739.6086930078,1354958.7661439115,1218982.5781545753,1547882.6720015698,1175442.6717245756,1305504.0505034085,1146137.2261879188
2022-04-04,1039440.8184689413,1417718.2450366158,1356848.6343006175,1219969.151600155,1563516.1299081242,1182522.724603626,1303703.2901319293,1155943.5957176946
2022-04-05,1021792.1538455185,1403345.0119744525,1343191.5359795822,1209731.906659321,1549900.493678385,1170332.1199141033,1289777.9686812474,1146298.8514400546
2022-04-06,1002700.9394074164,1392010.7402565856,1334505.8216024153,1204585.186316845,1523531.345781799,1160522.3964041946,1281861.824899029,1134914.7178207475
2022-04-07,1004333.5165690864,1397180.994615104,1338705.7934341985,1207147.208645493,1534394.7020422625,1165847.3542987816,1286726.945698954,1142546.7374707595
2022-04-08,1014874.2170069298,1409497.030337606,1349455.8740171846,1215820.4574769132,1544617.4189895082,1173429.6953924887,1297251.2245456562,1151575.072746167
2022-04-11,995568.2744053414,1387404.9415323837,1333727.3238960803,1205620.404561368,1516516.4276169003,1164782.677210999,1282559.3452513414,1142836.6903904537
2022-04-12,1010685.8463786811,1402596.1605809184,1346611.5700739848,1216866.9995915298,1540768.5046334807,1178960.5699892503,1296413.0750353113,1156549.871756835
2022-04-13,1028518.9876286178,1419113.395345814,1360777.4855230842,1229014.1832551986,1554894.2472800838,1189478.7371214367,1310389.153867774,1165407.8676278603
2022-04-14,1033915.7337021272,1425805.5594369513,1364334.7851208476,1231153.158465478,1552698.9708312275,1187155.3049638397,1311160.8637726672,1163953.3639087763
2022-04-18,1051124.211437019,1443754.199977111,1379143.423781668,1241338.48793441,1577251.0068955699,1200637.7652123086,1326721.415975454,1176712.7210619263
2022-04-19,1066204.981549754,1458690.7948927083,1387919.3902798784,1247234.80735362,1591817.7804412409,1203488.9852183608,1333789.1911284612,1176362.3187693167
2022-04-20,1076714.267303445,1467634.6983852035,1395990.1099639093,1255776.404101373,1590389.6943390341,1204844.150491269,1341909.3547267602,1177161.15862119
2022-04-21,1039687.6017200409,1421218.174422227,1359154.6267336858,1227672.9891361168,1525410.638750267,1175100.698985345,1309116.8849404727,1150156.585145496
2022-04-22,1011019.2294882479,1387694.8717044988,1330559.5975518988,1203584.1679560384,1489859.4445882146,1152386.5792213306,1279137.3041360448,1127979.876075305
2022-04-25,1004744.3039144182,1378045.7556408832,1318530.3270861642,1192246.0107599907,1460987.9535162156,1135364.0627241372,1266780.94960805,1111342.9040065468
2022-04-26,993668.2565426624,1366232.5331247726,1308608.5646427162,1182995.925768679,1453348.3934619876,1129002.9272705182,1258874.6767976554,1108978.375516036
2022-04-27,1007727.4439710194,1385301.7004287487,1321057.7174390133,1192794.6081772295,1474380.1905794183,1137184.7884946838,1268859.4894545698,1114280.6872929933
2022-04-28,1019008.6060790388,1399737.8620534062,1333879.6679935362,1204375.1061221268,1504880.1740714666,1152034.7354234038,1282619.1873989291,1131088.955148936
2022-04-29,994864.0423164279,1370181.7384157595,1311221.8253560774,1185255.8502664298,1461019.972949171,1128774.8558972548,1262916.816334013,1109826.4970123824
2022-05-02,982203.4130121043,1356603.3276486304,1297012.4539454516,1170726.374881171,1456888.0244965986,1120020.0724165929,1243393.2990824291,1101684.0704978893
2022-05-03,998478.8965661195,1374886.4237185677,1310733.9789230248,1180599.9412950906,1502137.509405822,1143095.2720982411,1262782.7148326838,1123971.016404716
2022-05-04,1024752.6363448217,1406432.2424255086,1338069.2965548346,1203984.1227818986,1539948.6018973845,1165448.8921360595,1288839.5961247673,1143154.995438166
2022-05-05,1003519.1743272261,1385272.1062689717,1320963.4409139978,1189005.5273006964,1507414.0330880543,1148496.7433913788,1274165.6984950423,1126408.3459700774
2022-05-06,993351.7898518592,1377561.696255061,1315374.3609081265,1183143.547496467,1509477.4324567223,1148755.0492746101,1267255.7579616646,1125862.683223277
2022-05-09,949908.813935495,1322179.293112641,1270473.1164000346,1145349.9705648874,1410864.3076462357,1099055.9188651617,1222742.785232645,1077577.2483633333
2022-05-10,940100.2222875087,1312357.6738381037,1260785.9398363612,1137016.9989388362,1414252.4795304611,1094707.8906654636,1208241.7723489658,1074232.569364156
2022-05-11,924659.1632131296,1296014.213670095,1250143.5440118774,1129494.305669126,1409951.7088490063,1096682.9452988706,1202711.2348285816,1076249.446752146
2022-05-12,920053.1376252307,1292016.6887398115,1243214.0102055564,1122413.063761262,1402636.4920908213,1085945.8450552612,1194339.748541682,1065258.1805706823
2022-05-13,947596.421303006,1322975.5009156382,1264628.2495476906,1139127.3581147795,1464440.389241904,1110566.4767589625,1212510.7150617708,1085927.0274316769
2022-05-16,955853.23998314,1337405.9032204626,1278041.3383779374,1149757.1402016059,1482202.09668658,1122367.486993244,1225886.3605591874,1095702.5850458685
2022-05-17,969355.9883976108,1351680.335078721,1287281.1183724452,1157635.419263207,1499398.0984196619,1129118.5932634457,1230513.190855411,1103683.7763635758
2022-05-18,946522.4888037248,1320939.591979013,1263291.1375714042,1136563.428878884,1452424.7547699262,1107401.1193857768,1209204.9171398906,1080238.7039284375
2022-05-19,951726.0333167408,1324835.3590700398,1269581.1038357168,1141868.8120923315,1452746.9094862444,1113087.9164136704,1219888.456651791,1084730.7068501026
2022-05-20,960096.3110694898,1336778.5738783584,1278409.6512352256,1148327.4754901351,1465731.2617684873,1116524.26915667,1216477.501749213,1079099.17918208
2022-05-23,998588.9606060465,1383062.220714888,1314643.616021147,1176685.2978816314,1509075.699799635,1135857.6923928068,1247650.9257054138,1097924.930993482
2022-05-24,1006060.3433953687,1393674.4039519913,1325009.6074782105,1183561.3159868978,1500102.0139988929,1134441.1009792485,1256406.1490386294,1095752.6234600602
2022-05-25,1043749.2771774527,1431624.0155289927,1352570.6128207338,1204647.6841535089,1528910.2127555993,1144422.0298337203,1280096.7722222535,1105258.1539174472
2022-05-26,1047877.845198443,1439788.0964242357,1359091.448684154,1210547.9006883546,1522349.4053318915,1142098.276679207,1286152.2336748084,1106768.2353393836
2022-05-27,1056123.9448334477,1452711.3695831606,1368716.3373782937,1219176.3197917638,1551793.6232983414,1155921.63868785,1291251.7347948607,1118082.339009794
2022-05-31,1039495.9188716591,1427865.049434769,1347791.2496008659,1202053.9810240087,1532731.3643143587,1144185.157082392,1268683.6215189234,1105700.493856281
2022-06-01,1046121.9138990125,1432830.6267782396,1352224.2859587334,1205891.9217575388,1542703.0086648704,1152076.2154096812,1271947.039578062,1109335.0054183698
2022-06-02,1060518.7785003579,1447720.7466571275,1367008.591901531,1220097.7763596177,1559862.6955930018,1163832.3521974392,1287191.9392496124,1122514.3330887067
2022-06-03,1056040.6079645515,1443663.4505803767,1360581.2952842491,1212815.7202868452,1562201.4201498153,1158520.5272993757,1276771.1605488118,1114313.2364336338
2022-06-06,1040518.1258424042,1426567.8805763896,1346666.6147546612,1202662.71812807,1559119.3943145159,1156041.9241640028,1260407.8483510735,1109469.3216728414
2022-06-07,1056282.403381647,1449001.2722609588,1365411.8406278847,1217224.5968262865,1571016.4035412094,1164063.7174280216,1275383.5621528262,1115087.3046456017
2022-06-08,1044168.1722576094,1427493.413516985,1348722.8020425027,1205107.629335462,1546717.3227588055,1153307.886735762,1253826.4568704679,1098832.1220165403
2022-06-09,1030045.1820022552,1402221.2819498794,1328143.6145957422,1189542.0515201148,1516089.4787586967,1138636.0657759109,1229985.7902427043,1079238.406770201
2022-06-10,1023309.9920270722,1394329.02595455,1325635.516819715,1188878.6014634355,1498892.9603631042,1134137.479909879,1229260.4023718468,1073863.344469816
2022-06-13,965070.0003638574,1325890.1315255556,1267228.9355164708,1139962.9526762513,1428904.009150981,1090171.0834016586,1172558.3570080409,1032579.7483205346
2022-06-14,973105.1649219651,1331556.1466861498,1269373.1531962731,1140827.2232999147,1439497.1620320897,1090201.1192842452,1168129.8437566564,1028093.7877375782
2022-06-15,974648.5645003524,1336938.1881503733,1276922.893330372,1149202.4735523576,1440186.3618828817,1092974.7544384382,1175985.9364949062,1033533.4704965308
2022-06-16,953161.1682905585,1310769.0971900276,1260408.8284742346,1137131.2563998657,1409863.3900686593,1082791.1145212972,1169763.0380585403,1027982.3166736951
2022-06-17,934884.146673353,1295925.2527969645,1247785.5561695239,1126934.343034527,1377821.1330586043,1065458.4910481216,1160979.0861055888,1015307.5685308635
2022-06-21,962593.1830624416,1329659.5474915837,1272935.3009643313,1145917.3034101753,1397303.4002049933,1071215.8508985671,1170793.712585939,1017483.2295218239
2022-06-22,944706.1387348132,1312398.7068543893,1261355.118374634,1138207.6925931894,1380225.171280084,1064681.6714376844,1167611.9895436792,1012523.5244022822
2022-06-23,924098.4629842087,1293094.1103686653,1246624.5894410303,1126138.7290617572,1327711.6740685855,1040883.6173639032,1163009.68086814,998714.4137416517
2022-06-24,938101.2228677934,1314428.3881950113,1263673.9064591257,1139407.701972561,1331756.5121735448,1045621.6805625092,1173897.699418932,1008060.0819303178
2022-06-27,958161.7408497734,1336586.455251676,1279304.169910209,1151524.8852255994,1356048.6693805102,1055356.587724746,1181971.3250603867,1012205.5364550967
2022-06-28,952787.6048416558,1326590.7919058353,1270523.4647275498,1143464.588400901,1359078.1760315665,1055048.0687593732,1171371.6057678484,1011657.8072006922
2022-06-29,937842.2569062167,1315815.12113021,1263172.117496139,1138271.430073862,1348231.7335993052,1049477.3178526163,1164769.5966380332,1007484.098341298
2022-06-30,927937.4958253063,1307239.9026074384,1256234.8587708028,1132083.2955476446,1329516.020141433,1039058.1019907196,1160986.9880249249,997079.0212224356
2022-07-01,930594.1767420843,1305913.3916147964,1255562.0037274796,1132749.3849699628,1322654.1980934239,1036328.4192170606,1161453.8419105553,996699.3814086919
2022-07-05,877999.305795149,1245783.113622403,1204185.4025455746,1091048.742367425,1272462.0672385492,1005981.6293174679,1120629.2245880973,971953.9133305554
2022-07-06,861804.277108295,1235548.6772573118,1193732.9840463076,1081075.7531674088,1250506.9033143441,989801.3685697303,1104692.9917444177,957894.9644628213
2022-07-07,885145.7525379357,1258797.6584428959,1211700.7827596087,1095340.7257978169,1269466.8992706449,999302.1217097086,1115346.8953862013,965035.6960010773
2022-07-08,877943.1577503425,1253637.1372860856,1208140.7288322577,1092851.4591352704,1266968.6979160965,999477.5256137073,1112778.8692966248,965990.8104466554
2022-07-11,879055.3892376656,1254586.410729611,1207883.1356300316,1091668.4355241493,1262319.2767935735,995153.6172715011,1111111.7029851726,961628.736577787
2022-07-12,872538.4576314895,1240229.0692025283,1195455.9443874212,1081947.6675101488,1256039.7330841648,987739.7601029219,1103308.587515335,955191.9830518615
2022-07-13,876131.6680546363,1243452.3709588223,1198784.6893150017,1084774.7642849707,1266212.8726538434,995019.4269436332,1107270.1207265211,965331.0188284821
2022-07-14,863908.6940940298,1228104.772271337,1184338.4817089718,1071707.608807922,1242355.9142080303,981251.1177392274,1093922.2549813695,951204.0721400523
2022-07-15,871351.8047733695,1240089.045775086,1193182.4360177212,1078666.8226145552,1243657.675276505,984781.745639254,1099842.4736435472,956101.5333195966
2022-07-18,883296.284382296,1248072.8442868001,1199116.674182625,1082691.180266754,1256768.7554940789,992327.9726153873,1101373.6855409455,961490.5222407817
2022-07-19,914105.9728895598,1283475.4246424278,1226159.5751192993,1103839.1259618397,1288112.9560733861,1008487.9213681796,1115415.4993629407,971398.5094198456
2022-07-20,914436.0647349348,1280078.289541788,1221078.949960662,1098859.5805896127,1287771.1131879948,1005366.9591954843,1105301.2971700376,967822.669806394
2022-07-21,911052.9013600367,1276173.8056508463,1220471.1140665333,1100455.94363221,1301530.2705081191,1014691.362008376,1112187.645475727,978520.7932495554
2022-07-22,898360.622754008,1260193.0973390988,1208632.685594462,1091780.6497606637,1300977.5570594065,1013410.1689656973,1107557.362707655,977294.6630144774
2022-07-25,916417.8455126716,1281091.8140076145,1223935.6966819107,1102582.2775171143,1324104.686315468,1026924.9067975885,1112386.83782474,988633.1729299051
2022-07-26,909970.5383236681,1273093.9644622093,1218106.291878481,1098587.752280662,1315401.3180487892,1023518.531746014,1110045.1454051908,987690.1620485168
2022-07-27,937510.8082282962,1303167.0451006603,1242710.3097069827,1116616.165800958,1338360.8685201425,1039942.8046014248,1129571.6190643532,1000583.644101901
2022-07-28,949386.9116887609,1320700.9893736274,1255450.949963165,1127990.9663305203,1356409.614750864,1046642.4310682606,1139742.898673599,1000605.8706504537
2022-07-29,953992.3491999763,1330514.6414119261,1263149.5238941356,1134208.9909887817,1362314.7904443871,1049372.8677659554,1145529.5297965636,1006591.7777049773
2022-08-01,953196.8463128908,1326896.9577090205,1261218.779373771,1134197.981636276,1356545.7086701125,1049913.756326759,1149213.948259022,1007179.4930957764
2022-08-02,946244.9945573076,1319296.8525500433,1254096.9088916383,1127500.0094765802,1352941.0251033357,1046046.2920457441,1140921.7225973387,1003289.4758550853
2022-08-03,938297.0214507789,1307540.9190577092,1245691.6590446935,1122087.7084441725,1350217.8048488,1043508.9678462015,1139394.1627979106,1005066.5070157142
2022-08-04,936825.5308813252,1306162.345341503,1248782.2690229265,1127026.9935636893,1351486.0892420663,1046186.5481384522,1148782.2335314932,1009418.9209723914
2022-08-05,934196.7621643837,1298497.3379752473,1240388.8558819839,1119272.265129451,1343786.6219167442,1040590.7381371302,1141610.8778951175,1004829.3200116828
2022-08-08,948314.8846950221,1313809.2773867482,1253409.2904040595,1130321.47864768,1360307.1461896268,1053210.0551238973,1150581.4567664005,1012991.8737547565
2022-08-09,951172.7338940743,1317746.136153103,1257535.773884891,1133849.8155385861,1372076.897421597,1064951.5821083463,1153964.2821126236,1025704.0944231937
2022-08-10,955019.6636767003,1322947.5395115162,1260765.9841565602,1136252.925576419,1371884.4185826483,1063626.9813434335,1152034.2710141335,1024320.3544331086
2022-08-11,962895.043338604,1328461.944314905,1264209.428738106,1138401.6931961682,1379910.0853570933,1067302.1840806766,1151502.4996876318,1028073.865514365
2022-08-12,960321.4114596548,1331497.7102790768,1269291.8322809732,1144530.125190226,1375916.2303080899,1069420.835192097,1163126.7843503573,1035732.684940841
2022-08-15,947579.9458310998,1319602.3663103236,1257936.5650952063,1134372.1212457656,1352030.1242636933,1051234.8617184288,1153787.4358246154,1019538.6005613753
2022-08-16,947201.1704900872,1316745.2417626814,1255122.1428350557,1133137.8761264621,1354181.2755897236,1048870.9048340027,1151347.8236340766,1018810.2847224493
2022-08-17,948160.488062963,1316775.2459359947,1254105.915614305,1130973.2775029787,1359143.1118376087,1049493.6407250948,1148350.0922415913,1015320.2037842581
2022-08-18,954926.3535366942,1325893.962019533,1259998.3968040475,1134948.8488617053,1365262.9643976772,1052561.1994891856,1148310.8691128073,1018048.0388690918
2022-08-19,935275.4632124981,1307012.700954313,1244976.0234888573,1122433.3735840619,1337743.6390138878,1039449.4585626567,1142648.8089614804,1010553.5733829897
2022-08-22,928632.8527193179,1299655.7243164722,1237846.0230265264,1115250.7648263343,1337304.2255578272,1038977.106384329,1135481.4645787748,1012126.8470179714
2022-08-23,936996.959584051,1304325.8615499137,1241645.032540653,1118530.4064435805,1358586.3251643358,1049292.647392455,1143418.8024197032,1021228.3600740816
2022-08-24,937332.198697764,1306796.2081744552,1244353.1799356143,1120806.446243293,1372867.2181060477,1058476.5048080354,1147907.2721606814,1033518.9133698714
2022-08-25,942211.8717378324,1314405.3676486304,1250402.260918138,1126192.4232739944,1384584.9346351991,1062093.1216695635,1152736.910270732,1035974.4631551869
2022-08-26,925945.3866937266,1291488.7639196245,1230529.8703999643,1108537.6235286838,1368593.680798086,1051849.0872247173,1136752.533626671,1026391.7713044984
2022-08-29,924694.454249884,1285477.0527115166,1225802.791147063,1104818.750720769,1361741.5582712437,1048616.339988897,1136908.12144298,1024054.2918236647
2022-08-30,908477.9542806933,1264377.1980596236,1207938.0985193667,1089274.469941279,1334421.9607906407,1030586.0616510026,1124573.5648275935,1004000.3843475844
2022-08-31,905095.3319439022,1255671.8145835923,1200063.7442007181,1081117.3378284115,1317638.9058706556,1021118.5274821934,1114799.3321463035,993970.7668715174
2022-09-01,896169.3248220038,1247702.8381859506,1192226.3009011098,1073820.2791634183,1306564.0760412284,1012991.3958817066,1108671.611814666,983317.0161118694
2022-09-02,901476.7848697214,1251543.4390356066,1196285.2484205544,1078019.676549407,1320112.7636421784,1024814.5213640723,1113616.7351105,996147.4153706797
2022-09-06,895148.8457032486,1247427.4569745865,1192291.0038982688,1074152.858534653,1306675.2525405001,1015655.3463759075,1110594.6916055088,984569.7864026357
2022-09-07,896948.303726986,1253662.2954965795,1199392.6979394779,1081840.7492936866,1305747.830491751,1016068.6595159804,1121743.2781340317,988793.7389857898
2022-09-08,895238.5978363273,1252936.7611184549,1197527.9726792402,1079307.1329812505,1307013.9085019464,1015316.3878683955,1119876.7958447365,989928.5968424183
2022-09-09,907439.7074523878,1267705.1905295122,1209812.1733704284,1090018.7236329806,1326000.4537685148,1030307.444236005,1129255.8059991384,1005793.7959660331
2022-09-12,918246.9842336897,1278712.8831567627,1219229.5703322648,1097922.3306512765,1322710.5838042982,1031737.5483353201,1135009.7896929912,1007845.8318009737
2022-09-13,900760.8732205763,1253449.7737444853,1196961.2339184643,1077712.0245568713,1309710.4933919292,1021006.2885574012,1117651.6171090524,994744.8727723584
2022-09-14,906526.5298330351,1262185.550433733,1202242.3798721505,1080848.4782619122,1320605.0866405242,1025284.6119479687,1116001.693802555,999487.9699045706
2022-09-15,886787.7552721945,1238271.2219194183,1179834.521118836,1061235.2947873943,1293754.3884006157,1005458.6287723768,1098770.625605362,979928.5228842415
2022-09-16,882189.0618017076,1235239.1257810262,1179210.0314665881,1061309.074817547,1283187.075513747,1000336.5812038741,1100823.9461958688,975276.2989091955
2022-09-19,884906.5907949961,1237023.215443193,1181103.1575997397,1063552.7326696375,1296362.9800252668,1006719.8782807181,1100659.3287025364,982140.4216812241
2022-09-20,879427.4420566702,1229521.10406844,1174245.9059424535,1057569.4735161515,1289598.5311520437,1002060.8808241303,1093017.1837586213,974967.3657035816
2022-09-21,877197.7086271867,1226077.607476535,1172697.1017562817,1056796.1390760613,1289192.7236329755,1002780.890635665,1094773.8794643723,974901.185123215
2022-09-22,871615.6582594423,1224935.3932463934,1171904.4937709249,1055711.6955601075,1282381.5747839003,1001386.5384501773,1097091.241414836,973460.753941428
2022-09-23,845038.0819960855,1194571.664843393,1145972.9215914472,1033253.8254036214,1237191.5101121613,967323.7925974913,1077090.9327659653,940156.4801531027
2022-09-26,826993.6765746365,1172230.2279233579,1126836.0974451904,1017331.697452248,1210504.0128791623,953021.4084506829,1066801.4527741852,927287.546988363
2022-09-27,833389.5849477224,1178318.6240042099,1131986.8387035173,1021429.1735998053,1227849.801615829,964417.7700656974,1070579.6993598065,935540.6723460101
2022-09-28,856906.1769925219,1212990.3930131726,1163060.1698372262,1048410.0398948669,1258499.5369752478,984866.3343480548,1096747.2051896488,954960.8604925793
2022-09-29,847999.0302709204,1201060.4879372765,1154249.507424429,1041553.5567424141,1247743.1361348666,979748.7952233264,1094244.8242163337,947074.530702524
2022-09-30,852767.6493134529,1201063.7186668108,1154062.785018421,1041381.7309874501,1254630.337208194,982812.4883708274,1091070.775873026,948294.6144573323
2022-10-03,882481.3844811158,1235913.9810356544,1185446.5468601296,1069747.9394340338,1295856.3965468223,1008668.6090580497,1114096.7434009681,963969.5430574908
2022-10-04,898214.247775038,1257653.501260756,1205808.7147883088,1087443.1917377713,1323550.3000525245,1025273.5626987261,1133024.8346870998,980681.8520157966
2022-10-05,893426.960228201,1252290.6802133191,1200866.0799867448,1082867.3248228442,1310588.1642231948,1014531.2394422889,1129781.5117311955,970648.0456320611
2022-10-06,899724.6146950566,1257905.0677393856,1204308.8616197908,1087446.333342498,1318554.5024185819,1023001.3956370149,1130480.0147553538,972768.0648275388
2022-10-07,893885.0039192731,1247472.242296742,1194104.220469269,1077119.6947810645,1310534.6779551934,1015912.5943593653,1119569.2348970142,962276.346816147
2022-10-10,878704.1052646912,1228602.3062534048,1176928.6347199893,1062869.4815680338,1297957.8882107981,1003314.0168683405,1107036.0445939566,951497.5094983303
2022-10-11,873303.3149270248,1224624.0777296205,1174382.1254122113,1060862.1260213167,1279181.8114010305,996367.6148556088,1106485.4572679948,947705.0282002215
2022-10-12,877941.1935379815,1229467.920347096,1178231.5613310589,1063141.6991755879,1287041.4954765998,1003828.3484919444,1110045.9947607098,954663.6802290382
2022-10-13,884182.4262307496,1236331.6755358381,1182752.9114128125,1066759.090037784,1298588.9483880529,1007933.0752803285,1113852.9185878613,956466.5448520493
2022-10-14,867300.6296979821,1217051.5324113502,1165806.9776485816,1053270.2915427433,1258289.4289946358,989332.6665251034,1103089.4129386803,941297.1491223285
2022-10-17,869872.9497808814,1220458.2273870667,1168806.0542037045,1056369.1130290707,1265962.1914649182,995728.7617416964,1108103.369884282,949886.1323112487
2022-10-18,871699.5459141353,1223289.7633606098,1172065.394166329,1059274.6535695745,1279284.2370468,1005358.9403188936,1110465.4466089162,960140.736755382
2022-10-19,869404.2495339899,1215680.569641809,1163422.377576203,1051182.3195370606,1272228.7009126693,996939.7005040441,1101356.7210305892,947337.0458694769
2022-10-20,871877.1154213755,1218022.5542352945,1164519.7981564917,1051013.8796585593,1276521.3378899042,995804.6998083325,1099845.8796502934,946221.074451973
2022-10-21,887231.668938109,1241036.808465912,1186277.4750507476,1070090.9767496083,1301433.3559440929,1013035.5658375735,1117636.2251451197,962814.509283118
2022-10-24,887562.7836113754,1242527.6186568444,1186520.5640201548,1071269.8530177255,1299070.4883820778,1011908.8028129094,1120069.6282626607,959225.9872344738
2022-10-25,893761.7486000783,1250484.8046015308,1191799.0348418115,1075766.8441358376,1312192.6772292557,1020714.693625167,1122736.4879487162,965062.5716773804
2022-10-26,911537.2947192886,1270881.6413192227,1207797.8677902604,1088762.3980987093,1333285.4430346142,1031231.928390913,1130875.7814265708,967944.7446617757
2022-10-27,909002.4651005524,1267567.3879732778,1199136.874924158,1082020.1559997601,1330285.7883783414,1030816.5634145329,1130082.0123113194,969448.9750934243
2022-10-28,904832.7458970896,1262554.2636577399,1195016.2565899203,1080208.0208965952,1320778.3630900825,1023867.1427527957,1126943.0228857405,964805.1006667718
2022-10-31,900314.8343887182,1257857.7104477151,1190091.1835578042,1074895.2151757043,1317168.767448255,1020065.5075807406,1122371.7399048086,959120.2755197331
2022-11-01,910209.0381004423,1266626.3964686305,1198351.1405529743,1081925.9784340546,1333657.691017074,1035680.3264314637,1125020.4338347064,969673.2157594049
2022-11-02,905076.4341700333,1261326.5621368706,1192730.66942538,1076687.7759729528,1318702.0195135511,1024033.4069754262,1119798.8957595006,952785.8545421399
2022-11-03,907376.0981376105,1264529.764582653,1194102.656255351,1077888.1694793352,1307621.0374556275,1021178.0938179138,1120766.90621281,950360.3612418058
2022-11-04,928449.3414224961,1290631.9187285309,1221151.831218521,1086604.363935716,1335834.2075013681,1044184.4597094086,1143010.5684675437,971306.6686983504
2022-11-07,925371.3174164086,1289330.156500816,1219222.6273747631,1091536.2390030832,1331778.8345494692,1041030.9744727833,1143291.9554851968,968101.3360921757
2022-11-08,946282.8172776473,1314930.336880305,1244059.5201420598,1117058.9855724582,1373481.4658164459,1066376.5591473174,1159459.922612362,991157.9148797479
2022-11-09,929312.5000169238,1296746.6684415336,1229412.301383446,1106567.0386211122,1342991.1829047236,1048896.1671540774,1150857.3182903256,976512.932274213
2022-11-10,949519.3042697473,1324462.3154935606,1257888.1146990673,1110241.685457863,1385411.7924689853,1077254.1123654011,1170540.3220942556,1008405.5202290509
2022-11-11,957603.4602033237,1328413.5712294145,1262462.9279118385,1118259.636134595,1392108.6447572415,1078270.400234311,1165657.1743195793,1006037.109657359
2022-11-14,962024.2179213719,1334657.7243937526,1267677.702725465,1116974.4704210411,1401900.9624774102,1081368.7763264289,1169479.9364399011,1005921.2776678127
2022-11-15,965788.2402492913,1337248.110715953,1270521.3535364335,1106457.230917115,1403785.4749384597,1073622.1710051661,1171007.1569815972,996909.6154039941
2022-11-16,964058.9063686295,1335306.5069502117,1268386.7358788429,1109619.3995305647,1394352.5384965632,1074490.697496899,1169234.451437717,994962.7567715456
2022-11-17,957021.4836052207,1329491.3469206432,1262179.3820470006,1102971.9638829334,1384685.4295319836,1069577.8288922934,1166797.5893068488,991561.5868059604
2022-11-18,931698.008275566,1305042.7362216758,1242537.8444898226,1096365.809992032,1344643.301679395,1053612.7651459638,1161587.3664700468,989945.4034873957
2022-11-21,931238.1827127347,1303183.7367953884,1239635.7444847655,1090034.4085993834,1345041.2065511271,1051534.4668406018,1158279.6546172919,984566.580479651
2022-11-22,936653.9054230081,1308365.8304694348,1243721.7542985042,1087903.5597881046,1354601.2297659046,1054016.6978411283,1162709.015734841,987501.924634562
2022-11-23,939899.2825118257,1313333.857897005,1249096.3269303201,1090148.3342859978,1360728.0202207556,1055180.413164226,1165842.423483167,986645.0096572485
2022-11-25,947706.1451913344,1322102.0675707762,1255772.0201655515,1093795.2628941573,1376241.0730910373,1064720.149096144,1168229.5672549633,994315.3778697129
2022-11-28,934464.7707561885,1308588.301057071,1243816.4441616815,1080105.2422403272,1353909.103661852,1048494.5465510855,1158843.6848201859,981895.3380647032
2022-11-29,941356.7494605812,1315589.2649698183,1250258.318812962,1083230.1997375446,1362088.7919683987,1054952.0848718141,1163722.7255091784,989174.9314847164
2022-11-30,952764.7275715653,1332471.3929654006,1266290.5945687734,1097572.7651045937,1378399.5598302362,1067262.101965487,1177327.9341540271,1003114.2782105885
2022-12-01,966402.7799600388,1348559.769292855,1283049.8966418703,1111863.303238782,1389278.5499479652,1079130.6298893627,1188146.5607831322,1012912.0534010439
2022-12-02,965182.6022821356,1348485.0868561664,1282116.22865964,1110691.6690740818,1390823.3963177265,1082903.1636407939,1186571.8494966596,1015008.1408212287
2022-12-05,950240.1264066995,1327978.2196453218,1262154.3120080053,1094674.1127659476,1369731.365763181,1067350.1268962491,1166583.7127628548,999362.661587264
2022-12-06,949442.0536708101,1328138.3381945533,1263099.1994342643,1093891.5936019095,1370957.1067849966,1063855.5956696263,1166419.5233263166,993785.2783504799
2022-12-07,956827.3365498327,1339185.5008288375,1273837.6680155746,1103195.8646274037,1381417.447301964,1071704.9246988446,1174502.8458808537,996637.3470304972
2022-12-08,960188.5714679472,1342609.0659388076,1276586.5331113986,1105538.2279058055,1386655.5290992903,1076094.2366220201,1173621.7190278308,999150.638437723
2022-12-09,958452.0228320616,1337876.508581208,1273974.5431574131,1103909.3263295754,1386657.5083341105,1077640.0914806798,1170146.3202950715,1000871.83158886
2022-12-12,960670.2411684375,1339278.9342797599,1276820.9662238315,1103289.278790921,1388737.1516297436,1080607.7580776573,1168901.1940564602,1004135.5069171977
2022-12-13,976785.3242237858,1355995.7026970703,1291658.3318875823,1117262.532314132,1406453.5629999647,1094666.8425223157,1178528.1442229333,1015757.1274212766
2022-12-14,978467.1063851239,1358687.4974858807,1292173.893027261,1118736.65686638,1402842.1171068284,1094816.8261852907,1176473.6490394748,1014686.4810212385
2022-12-15,963533.05893595,1338792.079286301,1274663.962017924,1102159.803632781,1382460.582754701,1080078.676909681,1162302.7159562365,1000660.4716963177
2022-12-16,968467.522715197,1345798.1993499235,1280885.5976991998,1107024.346921726,1391100.2747607015,1083846.088184069,1169513.2751744664,1003705.7116812712
2022-12-19,959276.5463631481,1335447.0687008598,1270015.8948446445,1102241.3392709526,1374469.3358903395,1076933.7451871254,1167632.2809016206,995617.0666226135
2022-12-20,975042.9072202788,1355504.135196031,1289498.0394822813,1118190.5949966854,1400362.1222498976,1093594.097742787,1176911.0391782916,1010517.2645650366
2022-12-21,983980.534356373,1366623.7740635937,1296400.9784898444,1122725.9921996412,1414325.4946845388,1096349.8283177277,1180602.2451023422,1008099.4521705458
2022-12-22,969570.3564651092,1348703.090796421,1279709.0947002869,1108992.9133191826,1392297.5641349056,1081848.83618047,1166907.282408598,994294.7568575451
2022-12-23,990779.7276174817,1370300.1248961943,1296567.7270689746,1121182.8106644102,1419218.818096192,1094533.5575037585,1173646.7984702508,997507.1016963448
2022-12-27,994267.1022564296,1374791.3206076906,1301834.6213779636,1126967.9646435834,1420712.0743575194,1098878.969475931,1179065.413296562,1004587.4173056283
2022-12-28,984123.3934894684,1365255.5599954866,1292493.9643119003,1120784.358595696,1403902.2627962204,1087448.8457840406,1172160.9432861784,991567.3901747821
2022-12-29,991419.5397040122,1374131.2927582827,1300441.3095233277,1127776.3111546296,1412856.8367878539,1094599.5213735707,1178746.932970203,1000102.534931269
2022-12-30,1006107.8228804681,1388596.6438184753,1312281.6191190598,1135766.8361651874,1433534.116636202,1105409.1599046537,1180824.159097539,1002855.3204841071
2023-01-03,986468.703232259,1371874.867636004,1298972.8086607994,1128843.0080250092,1403808.0197800838,1093673.0727188562,1185342.9225592283,1003275.0223071122
2023-01-04,985203.0383213437,1372345.7207703304,1300030.262894814,1131380.4001307157,1406056.9181724112,1090382.0294991974,1188711.7987329205,1000452.0048060771
2023-01-05,965251.1200007965,1348639.5729381933,1280148.398454315,1114838.1286830679,1373955.4457416036,1076373.4989995451,1176027.4701648536,987627.8262930975
2023-01-06,985574.4394751992,1374566.6250360375,1304742.8200864214,1135364.7498796957,1403789.4008055418,1098780.9414985343,1198453.3270987477,1012266.9941634781
2023-01-09,995475.0320988076,1379317.6076954352,1307158.019638227,1138381.2100631564,1416861.4917152938,1104539.440195096,1195046.81933718,1016491.4815358457
2023-01-10,996000.1733658577,1381753.6047923681,1313282.8755253095,1140714.2952841134,1416628.5097028227,1114186.408592399,1203518.0072154682,1032159.227333819
2023-01-11,1004051.1170998273,1391959.4495396717,1319019.7129286963,1146021.6589521118,1431574.9345712233,1117842.0365128447,1205870.162218456,1030087.6403064169
2023-01-12,1019472.3428805332,1409640.1786680445,1335490.012859485,1158977.7950195589,1451041.7927668716,1132403.9056896665,1217958.1066643468,1039220.5320281202
2023-01-13,1036980.1816220263,1430290.4859835447,1353688.784944766,1174290.137308537,1477366.5387270178,1149017.0218007104,1229773.0012894166,1051776.398102086
2023-01-17,1039854.9796719698,1429653.779336141,1352581.7145187207,1171999.5608593873,1483025.989768033,1149557.8168143784,1225236.5815445832,1052450.0144734937
2023-01-18,1025034.2514050794,1412462.0034226023,1337805.3641837926,1160790.9556834833,1461119.3082514703,1135695.9994349186,1211278.2278208686,1039470.6175791458
2023-01-19,1019170.4452104352,1410940.4725438221,1340161.0743455477,1165543.9795635815,1449193.0111033344,1129599.0293890864,1211076.486597709,1031129.2928015266
2023-01-20,1019569.6478941981,1408048.1360258677,1337049.190265996,1162543.3104703142,1449431.8290645827,1128947.5463784207,1211050.1705087044,1033432.3390809468
2023-01-23,1022278.0258468506,1409245.5431907543,1336208.9559661495,1163176.273253779,1458313.3654258274,1133072.1698085552,1213364.867033864,1039064.5971565737
2023-01-24,1040137.9820184305,1428273.437698468,1350457.0521268067,1174813.2494271242,1486995.8111188356,1144140.2110167043,1224818.6124888514,1046676.6780496105
2023-01-25,1168250.9112573154,1548991.350073811,1437580.842824977,1236492.1765507786,1669453.768069715,1215326.722810343,1303849.804170527,1111673.777386868
2023-01-26,1129237.6380008135,1510143.6502224847,1407560.782220059,1213686.6132743168,1611523.8474588227,1191978.463415023,1266798.931744898,1079166.8818552396
2023-01-27,1038974.5466691336,1424459.0059376243,1347700.386304053,1170943.852436615,1480277.2997352434,1143891.314644468,1221113.8946458774,1044981.7202161388
2023-01-30,1002041.1058716835,1389599.794439798,1322053.9183993854,1152305.7549942269,1430051.0717823915,1118361.4203932239,1199510.084207083,1019905.1635354764
2023-01-31,1002637.0041013418,1392565.3557678016,1326246.2390550994,1156397.4543543612,1432857.5702515559,1126237.4820674178,1202647.4492232846,1028272.6919821028
2023-02-01,994188.0805025622,1388266.2406614143,1326582.6732608178,1159740.319440204,1421612.2563469578,1131089.7069559325,1205224.5300608994,1036958.5170775909
2023-02-02,998288.4917690478,1383647.2723800226,1317361.7670411423,1149174.9290168202,1427839.401435816,1122070.4987602765,1198611.8166028417,1032932.4672418386
2023-02-03,1008390.3029872812,1390999.9378490427,1315636.080630375,1145200.6137198294,1440014.0429013679,1119068.7271516947,1194442.5070876698,1027959.3910623828
2023-02-06,998030.9936828223,1380718.8443099852,1309917.650453752,1140443.7102958634,1427696.5490590923,1117202.1977425376,1186181.9655121223,1024555.5250374997
2023-02-07,1014055.475800035,1399854.4026420105,1326394.998010146,1150611.3783211033,1444889.6748967776,1129957.5896144824,1196855.929539302,1033690.6927587338
2023-02-08,1010355.5513919429,1394575.9339938872,1323678.889059436,1148343.1578636367,1436631.2842316562,1126844.6501486104,1195080.3692045668,1029155.5596664399
2023-02-09,1004922.6783452628,1387328.996946499,1325477.1797703747,1141100.4263885624,1432446.2678756393,1124547.1973772082,1187447.6745950948,1026672.039912516
2023-02-10,1024420.9432457843,1415275.8768549778,1345329.0616522785,1156389.1442740145,1452744.471519109,1138561.408992252,1200450.4797244233,1034010.5662817729
2023-02-13,1031027.991199223,1426662.2500575327,1361015.3535216004,1162948.6251197255,1461495.4024630855,1150261.7278428324,1211234.1793960556,1046531.544864719
2023-02-14,1037710.5451057713,1431334.5318311476,1361618.959561762,1162227.5240234823,1473304.1219622116,1152842.6809552677,1208764.9476726318,1048399.7789278881
2023-02-15,1043031.9969824397,1428698.0884109875,1359450.8079083022,1159444.0591159356,1479984.4763471365,1158339.064731562,1208377.6262967526,1058752.8661457598
2023-02-16,1052133.5725253986,1432289.2699438161,1362235.3030496922,1160488.2257022657,1492906.1537359701,1162749.6802732453,1209554.8713024296,1061667.0102107706
2023-02-17,1033217.7845007305,1412572.1022138444,1350473.00836475,1153977.1632418537,1473318.8164599962,1154110.3806331248,1207639.066457117,1059059.022998773
2023-02-21,1017113.4189913732,1395896.6348419522,1335733.993540688,1141764.1264405162,1451411.5201987003,1137560.6092802202,1192002.762958542,1041981.2804819143
2023-02-22,1006060.1732232217,1383344.9631969368,1326334.6840113702,1136262.1672199385,1437232.837326131,1128012.9938667265,1187598.8660082323,1035894.2902859821
2023-02-23,1026564.1408478637,1404272.5899952294,1344583.8008849535,1147317.7859039572,1465550.4650605165,1146881.9476051964,1198938.7944288657,1049355.7149147338
2023-02-24,1029244.5323499406,1403432.4627929886,1343369.7550676155,1142240.5461118699,1472277.7701156288,1146371.0315812642,1194033.9516150055,1044600.0554324199
2023-02-27,1031165.8284849994,1404792.733896282,1344056.3166797212,1143491.5382335458,1474386.7907981202,1149780.7826028182,1191946.4333593312,1045851.9281211903
2023-02-28,1029379.0899393084,1397396.0732817696,1337190.5272088894,1137549.682121041,1471050.4729800166,1143530.9216752425,1187793.1026580366,1040301.1944905355
2023-03-01,1032807.1736610332,1404014.6498059274,1344362.0719472899,1145189.5549537833,1476060.6296499213,1156328.5779005303,1195158.2110169989,1051559.2377848153
2023-03-02,1026223.308174952,1399366.3346129202,1343752.416530926,1142505.999692959,1465802.3773467615,1154146.167785893,1192090.9055905677,1048687.9072867502
2023-03-03,1032244.9249922788,1409305.4477307347,1355664.4882225147,1151733.3834945401,1474781.3001094998,1165643.9495463753,1201658.7514566008,1060778.9554600401
2023-03-06,1026125.8056025493,1403272.6177409184,1345400.5294660865,1143232.4186147596,1470582.6040336734,1161761.2844630626,1193208.3009919485,1058670.6071952228
2023-03-07,1018932.3852407134,1389913.206453037,1334744.230851458,1134307.6508678272,1463334.136997904,1157077.2251361595,1183128.7633413859,1055322.6764387772
2023-03-08,1028767.0811366461,1399551.5599185617,1341099.727016067,1140302.5224594672,1482162.2329919925,1165419.9256393544,1189094.4138669209,1063715.9788892842
2023-03-09,1013940.7118252689,1373322.653620806,1315143.7642823737,1119261.5737078716,1460922.7047243295,1141435.2897625994,1163182.8940354933,1038427.6419834597
2023-03-10,996945.4295859654,1349866.9717255319,1292512.5950673425,1099604.2167833825,1436552.8462237278,1121554.4365278531,1151118.0458112436,1025640.7629098034
2023-03-13,971992.0242951295,1315132.8891373766,1261229.2266916658,1075928.7528477397,1400670.486097489,1097351.8225453747,1123360.78791312,1004803.3566741657
2023-03-14,985554.7522360648,1333979.9320189257,1281431.6529510836,1090976.6067026714,1422653.3084379055,1116371.7923604453,1139065.5730886576,1021501.8890892866
2023-03-15,954657.0939252293,1292666.8225256214,1244838.1723198597,1064055.1286062323,1384660.7749047473,1085605.7963526205,1117463.621886131,1000094.2286129128
2023-03-16,982437.930873828,1321774.5256685044,1265665.3081986916,1081276.0500200435,1425016.142529651,1104200.3035305736,1134831.1315444515,1011661.8267989301
2023-03-17,967434.92691937,1296279.9178082063,1240235.4431730108,1061177.823037537,1401178.2125174375,1082772.8085010105,1118865.4531071626,994151.6222856076
2023-03-20,982201.3593195395,1316378.1685715374,1261733.5906613164,1076837.8377498162,1420732.0668057036,1101255.5867815882,1132422.0353841516,1007521.2336342994
2023-03-21,1013910.3302192196,1356866.422658453,1297629.7668154524,1099115.446208221,1465401.8130762856,1132270.524393658,1152045.7689688704,1028272.2173204018
2023-03-22,999824.0631179119,1334144.8417598193,1275188.091719384,1079903.6005858586,1449040.559226558,1114844.4987987415,1141372.115945863,1019238.4319826385
2023-03-23,996653.6174875658,1324432.5909441912,1265973.7603714399,1074319.2607265748,1443125.9868556052,1107127.752751771,1140495.8619028674,1018550.643442231
2023-03-24,997515.234557226,1327063.311522408,1271775.1039121628,1082042.423441415,1448143.9142384941,1112447.2230035446,1140129.9802741245,1017631.0167145365
2023-03-27,1003778.7998586588,1340530.7063461111,1285156.429999502,1093707.0640214814,1456167.09564216,1122764.2440944926,1143676.5201230878,1020854.6798666909
2023-03-28,998025.2404343196,1337745.7241070422,1283998.510655164,1092144.5312923212,1446621.8372941073,1122841.9313164994,1141413.9148131777,1018764.6977901901
2023-03-29,1003058.9370620446,1347057.271451277,1289070.6952096173,1097784.0421057232,1452973.477452968,1128156.419766599,1144733.145353591,1022936.2984925292
2023-03-30,1005542.764348995,1350726.971808304,1289321.1464659949,1096673.248879478,1457999.6063390332,1129084.9625620951,1145189.334129443,1022595.0671004462
2023-03-31,1002821.8340625305,1352912.4124150348,1294595.1708829422,1105614.887376922,1453034.4546158772,1134817.4336119,1144579.5044628303,1022943.7620737338
2023-04-03,1036962.0341412555,1393078.2954106273,1316757.5541223008,1128149.8165405309,1497058.7777236484,1152113.6428726078,1160720.8507440782,1027345.170115651
2023-04-04,1016049.1445877292,1368148.036718926,1295777.2719626063,1113863.095317878,1470333.30928593,1140272.85769315,1149979.4671053444,1020993.6990347728
2023-04-05,1016673.8136541655,1370193.2795144008,1299690.7726361095,1115349.427628565,1470159.2088773537,1141369.0811106886,1151453.046819069,1020788.8445107725
2023-04-06,1001939.8625569924,1353882.2936238716,1288583.9993532249,1108101.7811663104,1451929.2572628253,1134380.7721636277,1145656.3582957785,1017499.7400017113
2023-04-10,1025602.3706852677,1379115.020749869,1307646.913255125,1124036.1756760287,1486967.4818924977,1151484.301260965,1158839.6960733791,1029803.4360865324
2023-04-11,1014688.5939828595,1373479.4980616441,1303822.5854525077,1109062.4681747893,1471571.1997212502,1134642.1658314322,1143960.6469402963,1018126.4612520032
2023-04-12,1019348.46930907,1377166.838322941,1307095.289551592,1111969.2622057772,1478355.9692152636,1135723.5754937327,1146238.4706542052,1017798.0895057479
2023-04-13,1009651.2320764428,1373433.9228056555,1306365.1249098338,1116798.818136198,1463928.8911579864,1142548.4820822552,1156678.3284757808,1026626.7732073894
2023-04-14,1005026.6572815729,1371805.3165281978,1304378.2578870447,1090790.4355952088,1457569.0159887304,1126977.7345914643,1135396.6050551299,1010582.2753391664
2023-04-17,1021141.8068509498,1390320.427406045,1325721.6952707074,1102897.3949896395,1481896.8003267776,1151913.6245871386,1140141.9251434712,1027612.1708848818
2023-04-18,1021572.6613257055,1394048.3868680298,1331245.6923155328,1108178.6574567968,1482322.4139976348,1158273.2750943888,1142228.595607638,1034827.4006816413
2023-04-19,1000547.963062739,1373509.7585268263,1313663.1272502693,1097085.988563126,1453464.3223457986,1141048.7391963159,1128345.5954728487,1026988.97223468
2023-04-20,992524.8590616428,1359301.8513435405,1296322.1198461757,1089171.1164289988,1442951.3451500793,1125998.0549455925,1116556.7543481684,1014583.4052332093
2023-04-21,992375.7469474743,1350555.8845482285,1289348.2040141819,1086100.1269127387,1442344.3752359122,1121563.8822994744,1111406.4378067753,1007859.6693368502
2023-04-24,972951.1809472174,1340090.5529967498,1289972.0465121726,1079771.268543612,1413801.2626083733,1119399.6210457012,1119623.477425739,1012521.8783127492
2023-04-25,940547.7539736914,1298526.6112301063,1253554.5107151042,1054710.6350467128,1365366.3759750042,1090585.928715418,1100354.08444447,995578.7543183063
2023-04-26,933621.1952720437,1284637.1997933723,1237148.2932483729,1041328.5381905274,1349459.1669808622,1071177.1341926367,1099217.0118978822,984946.4397084251
2023-04-27,949014.0134465237,1301499.9489177666,1252222.024421878,1053125.6265891648,1364001.1166762111,1079163.7645703033,1112418.0622188027,993319.6451424849
2023-04-28,962726.0227557234,1316921.0847284214,1262633.436049773,1061702.1271973161,1396126.982717153,1085815.3561531287,1119762.4074059261,993065.9314154375
2023-05-01,960934.645754071,1314121.9221147997,1259816.8207357796,1064062.3558051363,1396990.5314860614,1082492.1937399376,1107572.4037145134,985694.754450795
2023-05-02,946714.3596585386,1290036.8184238598,1238568.5253692535,1051228.423290261,1388773.8591012233,1066164.7169437243,1094160.1529630686,970770.360645875
2023-05-03,970403.7797158377,1306680.3249392414,1246179.7733521848,1062498.2854955955,1429666.030866952,1074164.8778095485,1107007.2785601744,983017.7390502568
2023-05-04,976096.853311403,1306959.4998161548,1237551.559602201,1058068.4947881426,1426223.1781552117,1067973.0593103587,1110157.4677869666,973445.3870194862
2023-05-05,994025.8794235417,1332967.8449577682,1260846.3888692313,1078872.8548186684,1456600.6936816818,1083889.8786212103,1126367.7561164533,988715.965663573
2023-05-08,997159.0104733115,1332999.7559789168,1257781.0975250795,1075908.3121009548,1456000.099798275,1078048.881987219,1126629.7640116215,985047.1018801709
2023-05-09,1014939.3432319034,1354183.2329077115,1272902.964736896,1087096.861495152,1466146.0705139148,1080084.0940434819,1123891.4776621014,985931.76560309
2023-05-10,1017594.1921408365,1342407.1540099895,1267083.2824702845,1070015.3907822135,1480880.9395867148,1083590.237285663,1127444.5595364657,981869.2883926942
2023-05-11,1012506.6960042249,1334789.4973864586,1269562.1508161873,1068810.4187633083,1470231.7976596523,1082006.4590217061,1128823.3341489409,983356.7922099151
2023-05-12,1013787.9829184394,1332553.1964163708,1258351.764211903,1061198.5908630644,1463153.5892333617,1092274.333299263,1119973.3655212768,991505.5663088533
2023-05-15,1018116.2006494254,1337076.1985944097,1260438.8049384453,1063970.8484009462,1483245.843346852,1094406.0761687553,1123902.208921541,992147.759861351
2023-05-16,1020196.0264548676,1333071.169521895,1257167.4779264191,1064568.0775022951,1491750.7106211518,1099328.7422885413,1122284.8220558786,995555.7066065732
2023-05-17,1040937.4782909381,1356345.1859075893,1273771.9483043798,1072387.4662648821,1506047.9170817973,1102574.872909004,1134438.4623833147,996174.1577880044
2023-05-18,1053694.9997210426,1370271.8535110657,1280874.5900033312,1082097.9038549955,1542084.7693931956,1112454.8145488023,1142241.8410623018,1000191.3649747501
2023-05-19,1054473.0872050847,1372809.9238366957,1286201.0488703868,1084242.0069334747,1548491.3729987796,1118668.6698671617,1143565.4832762126,1003925.8633395233
2023-05-22,1066470.0854183934,1382480.9647753201,1291889.8143760536,1090185.825750643,1562066.3813853373,1122275.376625333,1146094.6887403694,1007310.930609543
2023-05-23,1055169.6651371187,1369231.9964239877,1277995.8404948984,1082725.8915289745,1548913.1620525836,1115890.0541442512,1138446.9998780985,1002444.004433326
2023-05-24,1057433.2876515156,1369309.7827554238,1276983.0902802097,1080287.3616353157,1552333.4073381969,1110253.44518333,1137602.373738378,998827.6203899112
2023-05-25,1096912.6736112428,1398315.1361453272,1294807.7698890446,1087041.051380315,1633240.850566819,1136769.7682564294,1161874.7428139616,1019420.3325918054
2023-05-26,1113179.0901033322,1418733.1240745704,1312118.1433323724,1098717.4110451483,1665864.122538792,1152020.7191218128,1180139.8826840443,1037006.0499551755
2023-05-30,1140602.710963247,1440264.4836960922,1320096.4225933044,1100912.089657778,1694704.8422696094,1153058.0587722398,1185245.6377063063,1040222.659085551
2023-05-31,1127256.8410981803,1416892.7218570788,1299956.3527934786,1091663.544481684,1659204.4838588506,1130110.5387393073,1173648.8529175313,1024620.7881466981
2023-06-01,1147904.7408667842,1444076.5506342305,1321742.3585407138,1106605.0376184117,1694404.4688364926,1155581.6141794042,1191833.6513355826,1045379.3532877037
2023-06-02,1148502.4004470701,1449463.703522302,1325059.8711397687,1110554.7632359017,1679555.412099108,1156485.516490017,1190778.3690460937,1045814.7077731913
2023-06-05,1144594.2479116225,1439926.9935836967,1313533.6991688923,1101466.6540993133,1680181.3239052445,1141281.2398881859,1183652.1174761234,1042012.2206478397
2023-06-06,1154355.7210268287,1448381.511675184,1321168.534711012,1109425.9154964034,1698336.4962169973,1145886.5580844085,1195532.0862503718,1045386.2695725108
2023-06-07,1171094.1888903598,1465777.3233414397,1331366.837553215,1120992.957756613,1722809.7914848353,1154939.3106907352,1207927.2219643537,1050629.1207973785
2023-06-08,1196647.7493853243,1493336.9195491509,1353076.771018579,1134860.1309290335,1749196.380002207,1164252.2626793294,1222978.639235539,1060677.8827549324
2023-06-09,1212228.8670738076,1510138.4457008578,1364238.3184092212,1141377.3276831901,1751650.0307154148,1168305.6997712574,1226263.5043397828,1061328.4318694423
2023-06-12,1219130.4958334672,1517346.5457443297,1367019.4002531455,1144275.9840674435,1751438.0282275907,1163569.795207487,1227637.0759916692,1058195.6809385775
2023-06-13,1196887.1903323436,1500702.4615932656,1356998.1690928326,1138241.9926557993,1727602.3924945064,1156438.6401200949,1212547.5283867556,1046715.66118286
2023-06-14,1202468.9539342779,1509946.4079159095,1367410.7507173943,1145790.820392139,1738667.562927814,1163700.7540795945,1220066.7995652463,1049287.2815279595
2023-06-15,1201727.7834954176,1512450.886953326,1372094.835837802,1151248.6590237394,1729109.85968131,1162102.3847322227,1224715.9572140495,1050509.1500931038
2023-06-16,1183619.2833544028,1494720.6018472444,1357480.239297157,1139102.2934471846,1700917.7180181898,1149256.311078255,1208467.6437896846,1036476.1334575776
2023-06-20,1162957.8470439697,1472489.5193791522,1343298.8666936192,1135295.3469677167,1677949.3188810598,1135450.2130257387,1199500.2424784459,1026282.8365716275
2023-06-21,1156280.6230883326,1471518.9599756678,1342481.9732230615,1136163.4296994444,1676138.7019139219,1142981.7652196237,1200726.0501307305,1029813.5499408834
2023-06-22,1163953.1379483438,1476829.1254264815,1347066.235631288,1139635.125510401,1684832.452792314,1144774.6794532433,1207911.3959002695,1033753.5122366328
2023-06-23,1133274.1262745783,1441436.598383477,1320081.8041257153,1117043.8411919775,1638881.391458187,1120602.370848973,1190040.9116323965,1020357.0834823217
2023-06-26,1121392.3259492947,1423095.4322425656,1298988.7427128144,1100207.2031366834,1615146.1243223099,1103284.8260841183,1183543.0553788065,1008266.0559647102
2023-06-27,1132263.9385866309,1431158.4593970685,1302243.7876464906,1104481.5114128292,1638508.7138983486,1112841.3133355353,1191799.4384101217,1017632.0618928171
2023-06-28,1166312.210428928,1465092.5173768017,1326844.9536589168,1124219.9905150426,1679675.2177693993,1131699.9150527727,1207011.3087367758,1028859.3959005326
2023-06-29,1179769.9251409057,1478664.4302680474,1335897.9485339315,1128789.4767311453,1708198.909862251,1147763.3695436658,1216488.244097591,1034834.9448019254
2023-06-30,1200745.5672354368,1504848.8574459008,1359524.467937445,1146017.0581656294,1748503.7733229988,1178484.2500880852,1235509.4515105365,1059395.7531398097
2023-07-03,1202017.1147506798,1506150.4654306048,1361116.9390963672,1146727.5549541507,1745796.617004424,1174027.614645115,1234535.1882672007,1053837.9813035566
2023-07-05,1198869.0250624476,1505365.649001438,1361642.972842267,1146681.0950413481,1738417.8751791206,1173416.1348888187,1236463.7905463981,1053725.8540041635
2023-07-06,1184699.6058892214,1486409.9611338056,1343036.8427737446,1123313.5984245646,1707308.794406707,1150588.0508643533,1223677.7062793071,1038994.8193375904
2023-07-07,1205000.7947607087,1507034.2025096633,1359429.6591883278,1134064.0496384716,1735219.1539000336,1171118.3894689393,1233450.089271857,1051508.7508237746
2023-07-10,1231948.8308732943,1532005.4264322848,1379602.0069346763,1154238.8644621333,1775757.9197832579,1185841.1090869484,1251870.516329653,1066543.409515345
2023-07-11,1226295.2294719545,1530963.751288568,1378974.4722635313,1152242.9208043136,1773935.629197701,1183981.8404219516,1252898.319468548,1065643.8781764896
2023-07-12,1241321.829011388,1548220.6932836825,1393411.0649653326,1163120.762209107,1798070.0671896527,1194816.2548403642,1262926.4768724118,1075146.5409423052
2023-07-13,1253372.1932049915,1565187.2927515951,1406443.139334867,1173531.984026799,1848321.3393542436,1220849.9683636534,1275499.5879408868,1091951.6765469473
2023-07-14,1238319.123154062,1545561.0376401572,1389996.285099298,1160916.179580806,1818535.9981890607,1198427.2073410891,1268492.312433851,1084808.3535234374
2023-07-17,1257911.1006905157,1563963.2568433837,1405688.1651061233,1173121.5518911611,1845072.913031695,1217087.00718925,1286648.1861456519,1102265.4475689314
2023-07-18,1280304.255486795,1584853.4225460554,1422448.0939438664,1184647.620446065,1876466.9977043082,1218517.025053922,1305667.3692466335,1112674.145059176
2023-07-19,1255931.5852864473,1563887.6619056172,1406704.1781915915,1171512.6686127346,1837267.0117373175,1191000.1178646055,1288934.6875024415,1086193.3908855985
2023-07-20,1257975.1458399866,1564472.9350882827,1404769.1056412186,1170473.5918234708,1817110.4594624639,1181216.3006166508,1271100.8547191436,1079082.5082259055
2023-07-21,1252050.3156694886,1558922.1131110454,1403135.7027885772,1169154.7039279088,1815396.953218834,1175034.1321393892,1269941.455648882,1071964.1553514735
2023-07-24,1254059.4305160558,1558946.9527399202,1401933.5017177588,1165677.1839014494,1814382.6357945942,1168098.2504364778,1273515.3122720076,1066112.645617268
2023-07-25,1270071.3915262867,1578387.9811140292,1418683.8124055967,1176799.460107045,1838420.8689371236,1184538.1406750565,1289623.1699288364,1075801.138101401
2023-07-26,1262540.904790445,1570332.8043639127,1412570.5049831723,1171902.5246306432,1834845.535472604,1176285.290957483,1284708.1261172309,1069920.9823094157
2023-07-27,1279193.06878652,1581989.6263777812,1421098.5068300422,1175444.0411874335,1860032.1508055602,1191063.2542719145,1288624.9147900983,1078289.0351933746
2023-07-28,1295970.4230118329,1604742.3456976814,1444914.517895092,1192913.2782998458,1895549.558142318,1218675.7834271141,1308439.103299556,1099773.6817296918
2023-07-31,1292199.367864963,1605699.9861587333,1445736.4095508896,1196328.9451598779,1896913.8823209158,1225853.7866884945,1310747.9582263252,1102246.473145571
2023-08-01,1305723.83355984,1616848.5342339962,1450671.317746829,1200929.624785168,1878873.461004951,1216690.9758418945,1314994.5031242927,1103321.2390226028
2023-08-02,1286523.5816219116,1594727.0044765992,1434065.617524161,1189119.887366225,1821177.2148683907,1188878.2980428955,1300258.377531698,1081733.5397525164
2023-08-03,1284451.4329765325,1593777.7934877065,1427396.0800835812,1181060.6168700827,1824869.5486971613,1193692.0867795835,1296299.1048164598,1082533.7256765044
2023-08-04,1309704.3276674512,1618874.5675986237,1446296.3791930845,1195155.936456868,1853874.1340752123,1203073.5598073888,1307031.5059149384,1090519.4112210178
2023-08-07,1335169.9658883293,1646708.1582142431,1466284.1058429852,1208246.0397087105,1882803.3543920706,1205358.286307538,1317768.9754949538,1101773.5990755334
2023-08-08,1321805.649404368,1636040.0701354602,1451811.9949825038,1200865.1933023874,1860474.4582916955,1193129.8281305574,1307310.4257942627,1093866.4674654691
2023-08-09,1230180.5885745848,1552521.7882753522,1394068.4527416707,1160799.3883636429,1714020.1817515716,1147779.6496762892,1249284.9696296507,1042561.2518666718
2023-08-10,1238462.1559587629,1560284.9854008204,1397028.123190395,1164929.093641689,1726063.4218880525,1145034.0083028872,1295731.8641359578,1050364.7911118737
2023-08-11,1219725.4381357585,1543440.0112652115,1384019.1862387587,1163588.4515247077,1693822.4585487098,1121859.3754850747,1250861.5674926937,1037484.4556137873
2023-08-14,1240518.5770168742,1562856.512967401,1396370.5180408522,1178934.9650116067,1729828.9692315438,1129797.7274143375,1224542.7028646183,1045145.373986055
2023-08-15,1226851.328772514,1550410.3272508807,1385775.8976716246,1174150.957883752,1706936.3748239558,1117739.177661739,1354453.4917160412,1032284.066529972
2023-08-16,1196342.3302303606,1520584.3780345325,1363418.677319906,1156927.0617683758,1683517.1378444254,1098012.2564462752,1288355.8761796753,1023103.3960780709
2023-08-17,1172698.1159400865,1492877.9161825092,1343164.9106864694,1135513.1841029348,1653500.901373634,1083068.184159924,1220045.6577888562,1006399.5914589447
2023-08-18,1185223.7630255069,1507857.5631354952,1354813.5358323695,1149747.6856553603,1665439.1929079622,1104054.8911864774,1211435.478722945,1012467.0172759859
2023-08-21,1186552.2798789379,1506970.7752334967,1354042.2704926142,1147966.6737174983,1669450.172857277,1099061.764415635,1223042.8143659704,1018001.2254851712
2023-08-22,1192874.9923449978,1513526.7822147054,1357935.9473251363,1151389.502742786,1681064.4945962634,1099010.4167990573,1327810.195036525,1022742.3415597378
2023-08-23,1215753.142065579,1534250.4378593233,1372433.5609512143,1164327.8050743532,1725674.819382589,1119785.775583712,1347090.9968322455,1041636.744556751
2023-08-24,1182363.025441342,1502972.4578065383,1347638.6893436841,1143516.3379281522,1668498.0493614923,1092146.889991751,1391288.2928648528,1022423.3200717153
2023-08-25,1157768.2603523415,1485259.4180330439,1335990.7572975806,1140749.701328215,1652254.8123748729,1087125.9524476568,1479143.1965779492,1016609.1666681479
2023-08-28,1162701.1533369003,1489743.4985275143,1338938.8615081357,1146155.927535389,1659049.7877692317,1088446.587128353,1557322.4210374772,1023256.0726681761
2023-08-29,1187084.5322214428,1517980.7284772242,1360660.3341469285,1163248.9884894069,1689629.0195625457,1106546.7767545644,1383238.757093554,1038638.7325142106
2023-08-30,1203307.2904984995,1533279.5353419792,1372186.4963882938,1172364.3627843675,1713191.0269067069,1115309.432015354,1366314.2507199182,1050437.739949113
2023-08-31,1216027.885142847,1539576.8285780607,1374387.7426689512,1172381.0086452572,1714417.993807678,1114224.9580277475,1343915.255221909,1051567.8188441116
2023-09-01,1228805.642220402,1550516.0458662023,1380852.0475352535,1180689.1174970365,1742459.2137629422,1126263.4851887322,1323768.2771334313,1065303.7999874973
2023-09-05,1216829.3026039035,1529619.7623058166,1359172.159946926,1162652.920641247,1729656.7700349817,1112400.2020633987,1287544.2130613152,1050877.9166855253
2023-09-06,1206764.2056929437,1517780.5069818771,1351044.2960980888,1161045.1357993833,1717501.1442605075,1105581.9311368528,1275625.5094979824,1046036.6159784592
2023-09-07,1189357.0465809745,1501637.1125830626,1338801.0520793598,1151108.551089625,1697933.6049195896,1095296.545422065,1232764.0981668036,1034857.9727158095
2023-09-08,1207200.9465699585,1522553.4021292643,1357326.6682964554,1164817.5847539261,1714640.8109720314,1112369.3833777825,1238511.430761487,1048789.247416532
2023-09-11,1204226.7514716464,1519116.4335322625,1355701.863556837,1168467.2381740406,1720980.1647296606,1113782.581281676,1238082.7914552381,1048089.0792792649
2023-09-12,1195364.5148069316,1509219.0738093753,1347827.0867742242,1162474.9524089964,1697157.2719606722,1104384.5448517513,1225514.127302669,1034928.0011193325
2023-09-13,1187212.2830756705,1501176.8355705242,1339456.113128103,1154407.893256233,1703934.9919622496,1098452.8206253012,1220664.1557573583,1026173.321211173
2023-09-14,1183993.5502866243,1500957.3688304098,1342190.6480744788,1160930.419786421,1716142.2115320424,1111261.8670938185,1216876.5321507996,1039668.1110504324
2023-09-15,1141263.517297216,1457740.5349779662,1309205.178480106,1132865.1354878505,1649522.6062026806,1083419.4386129756,1189865.8107733885,1013302.6168019413
2023-09-18,1155561.5210198578,1471753.7766092655,1322179.4302777878,1138422.3087264288,1665878.1453407672,1090038.8767474936,1189035.3631978584,1008316.8822836983
2023-09-19,1189052.0038823506,1501899.568833803,1341611.2169719585,1149364.2525768706,1717909.1434389756,1103524.4957298415,1199279.9627969738,1008387.166174275
2023-09-20,1165839.550430735,1483991.9339495865,1329517.0296416408,1140622.1002224796,1685292.5766860868,1091563.1661602054,1187813.8094629664,1003011.9366516174
2023-09-21,1176664.3875015613,1487669.5310398273,1324574.417885231,1135117.2159253082,1682290.294852241,1086222.5685052525,1164283.4278573594,983357.7861682272
2023-09-22,1190012.3960488774,1501014.3252798577,1334354.3523782932,1142666.5918162505,1686017.9929469547,1087845.0158695402,1170856.8779348268,985160.5167903928
2023-09-25,1139331.1313133962,1461943.075599978,1308557.98411382,1123702.8095728995,1607158.8396971459,1068368.133125822,1162897.5821623562,996923.9242012058
2023-09-26,1090696.917819418,1419205.531899352,1280658.087224819,1103922.8682355203,1534828.1231198816,1044962.9192512282,1194061.0875402947,1032464.9717560335
2023-09-27,1105589.205005466,1432572.4150451582,1289764.5410925567,1108924.0385705463,1562395.0981553856,1061313.037701708,1192235.2734498437,1044652.1142560749
2023-09-28,1128556.3722323028,1458837.0966619973,1311469.7035244566,1123019.5849242744,1604947.1379725088,1086832.241119831,1222894.387855766,1065955.7492727898
2023-09-29,1131111.6077627742,1461325.5105654546,1312584.0696846629,1125445.7999552183,1601912.7290095119,1083845.6368504511,1217768.1636194957,1059161.733970775
2023-10-02,1146927.1506639188,1465957.4694190563,1310549.458787439,1122472.82731262,1624761.363159552,1077922.358038109,1203196.5223594387,1049850.1647323493
2023-10-03,1113008.966874188,1432383.7139182468,1283918.2815538354,1100124.0213964258,1572278.776128358,1054629.8985598297,1176085.647557546,1026230.5288231383
2023-10-04,1130342.8070392187,1444905.2040471844,1292508.7060383046,1110031.74688839,1594981.46504802,1055855.3597141975,1188131.5273649567,1027508.9566338556
2023-10-05,1126370.3169033108,1447079.1777619189,1291807.0339013953,1112876.1501617557,1607233.4955770145,1070400.136537,1193927.944634305,1041490.6701421675
2023-10-06,1137054.0984246284,1450382.7462046947,1295268.2129153176,1116745.6140967696,1621070.035984723,1077423.1545595624,1203869.5016061498,1047756.6376635772
2023-10-09,1142952.368481508,1464283.9393652752,1307455.423279138,1127435.2027750278,1628612.4013395119,1091868.842409294,1217028.3395349497,1061956.8454970696
2023-10-10,1177672.1415983418,1503169.2657391927,1336179.7169699098,1149396.710858691,1676533.8230620536,1111995.3040085922,1234355.228640116,1076208.361220144
2023-10-11,1176892.0428739868,1506022.9741513836,1338366.0340450886,1151120.4017857558,1682792.7521751528,1118476.9765746566,1235094.1858175513,1080639.8639567052
2023-10-12,1148177.1265584778,1478253.128206064,1318010.1215589368,1130693.8491897492,1635403.333225606,1096632.732749537,1215064.9253613008,1059200.1214452337
2023-10-13,1128331.635562627,1464463.2775200969,1312538.7260669745,1125808.7624047338,1607781.4194619623,1089056.6801756965,1219050.7122937853,1065224.7468257216
2023-10-16,1138670.332606838,1479700.8078068586,1324311.1475498464,1133514.414211063,1620333.347995124,1097257.7816361901,1227115.905487774,1072827.1373270808
2023-10-17,1145796.3625834298,1489159.2891694703,1333738.482364763,1139765.3919394242,1634131.8644045566,1106822.2569937313,1231484.319933405,1080443.8305847815
2023-10-18,1121761.1637418838,1464756.7594301398,1315267.5592527594,1123603.4952301837,1602690.4368552207,1088859.7507059288,1218026.8161384377,1068546.1426553782
2023-10-19,1089673.9325567703,1431504.04459138,1291473.5186643538,1105673.1780244352,1557959.2267093959,1067736.090369188,1186857.997473199,1053822.7023177252
2023-10-20,1061925.5917286985,1406702.5721787517,1273022.748426076,1093207.8484680378,1521628.2633460683,1049629.69219898,1168613.4344937399,1037542.8228872198
2023-10-23,1072147.781862739,1417499.1504719504,1282104.4279250002,1100117.5289906145,1536028.6130666877,1055401.740062509,1169163.99433548,1038578.5618290049
2023-10-24,1085002.1971275879,1434311.022447824,1300696.2509633342,1117549.9202782998,1556688.8967811852,1073196.591513286,1178559.300449323,1047121.5784834048
2023-10-25,1071995.0777770074,1424651.2617402948,1297565.7236119125,1114123.3129105524,1527887.9524814223,1058509.3860156576,1156669.396986406,1016849.6028799047
2023-10-26,1050583.278434789,1405789.9723659577,1286497.6082030495,1105351.1529695834,1507639.8432061912,1049415.8538226052,1146004.3659835584,1003803.784852501
2023-10-27,1056579.6390923483,1414123.452865613,1292585.4636294246,1106703.3737091667,1527902.5919542257,1064585.9563483447,1157147.3356787902,1012472.1545986321
2023-10-30,1046183.8112334262,1405101.823272536,1286557.5555619048,1102722.6473351428,1514190.0186935593,1055069.4298284203,1140662.9709835972,1005874.7900731218
2023-10-31,1046951.8075419161,1408536.975597444,1291436.3088453962,1108117.4294588633,1534028.3703868692,1064554.321695279,1152491.8659476326,1010728.1463852266
2023-11-01,1053795.6198369998,1419358.118090237,1303348.6190321948,1117533.6882686699,1557636.0525731056,1080308.0029417814,1160735.3661463642,1023843.4076831576
2023-11-02,1048310.4025671335,1419473.135468205,1305955.364946571,1120298.2135839884,1559558.6396977254,1084835.145908913,1158941.1413948196,1024578.0158457825
2023-11-03,1055975.4725023657,1421231.4989112974,1311624.5926696055,1132801.266935068,1597589.535454426,1102455.8677924888,1174020.4410563442,1036986.5955438158
2023-11-06,1034088.6258028963,1398298.1657631448,1294520.5234544866,1119705.4938719298,1557662.8976620405,1080510.4231509345,1161304.5259358333,1018737.9815330218
2023-11-07,1013027.7550483433,1375641.6926445842,1276374.3081190453,1109317.4254200435,1535189.421299385,1058981.4780002453,1147558.7990423904,1001431.7263280574
2023-11-08,1019634.5926113077,1377486.4392713301,1275012.8357313722,1110996.2171751654,1538022.7799855515,1056282.5288015138,1139056.4773300884,996392.2317336929
2023-11-09,1017583.3585492304,1374774.8474096959,1271314.680989006,1098857.830736821,1547959.8644913032,1063614.6433377673,1143491.137566421,1002923.8922508087
2023-11-10,1016981.640251354,1378127.600853798,1277413.133858077,1112271.8591859203,1554547.8984007419,1072354.7799855047,1152143.480860425,1011555.6176222163
2023-11-13,1007791.5758328072,1373519.4069295335,1275219.5158495854,1110316.398671265,1540717.7635653517,1068752.4581665064,1149309.0367510256,1010409.0850299398
2023-11-14,1064265.3556697862,1429455.965194842,1321407.969404179,1149009.3350691204,1644859.2286361044,1119096.687908563,1199139.5343360805,1054776.5624252365
2023-11-15,1059353.214657401,1425012.0905551924,1313706.520962745,1140598.5030811105,1631757.1905818675,1107991.5650645117,1186804.1685841454,1039618.9694905584
2023-11-16,1045438.0952297171,1410227.9016777729,1299940.0157205355,1130293.5807389389,1610871.1620896435,1093467.788423322,1174949.442772561,1028074.346369792
2023-11-17,1057610.06615838,1425329.1353020351,1313831.558429566,1144403.8194813696,1626796.5370976543,1106110.6974477659,1184292.0955003304,1036146.6110183692
2023-11-20,1093104.9346077954,1461100.8884041042,1338697.0450696137,1161824.7246668672,1683711.963123434,1131853.772787027,1205939.9650654353,1053877.4341509847
2023-11-21,1072417.4937491359,1442186.2380517665,1324039.4569330062,1154185.509817535,1646188.3072433444,1114309.0979872022,1190105.1700127544,1038676.2880205492
2023-11-22,1059928.191592371,1431265.3484204675,1320204.1280973207,1150611.5479334935,1635002.5781749536,1112127.7994431618,1187708.343859485,1037541.2547042514
2023-11-24,1070555.3588538412,1446772.253983617,1333098.8305102147,1160924.138749974,1645595.6782404017,1123519.3735540947,1197785.8884771152,1047836.5411229053
2023-11-27,1073090.7274302,1445938.4861844704,1332158.794667559,1166362.5565737076,1647627.8518535043,1120388.3757245687,1201175.8926071096,1048064.8003276967
2023-11-28,1059943.9702408842,1429016.2755661162,1313332.8135205223,1146746.7614057877,1630174.4022110088,1104835.5256397692,1191950.4301830935,1040368.7469095092
2023-11-29,1060942.1557653944,1424725.7980951518,1308432.9132046495,1142510.810994458,1633309.9251863088,1099721.5236857692,1183675.6206787599,1037139.8998927493
2023-11-30,1049472.8115455403,1409272.7066674286,1300374.1906217833,1140293.9037200338,1621473.5152513552,1093754.3201917794,1181540.4902254099,1038131.2000894595
2023-12-01,1059375.7557803893,1419644.9742841548,1313565.7935940512,1154485.9222562963,1637268.8376190274,1105757.7840094203,1196757.78473524,1052728.410939534
2023-12-04,1051830.5019999924,1408454.6975443412,1302108.117103519,1149360.5135302881,1620255.2694630413,1093048.3565509168,1187892.8433597034,1044893.4246314978
2023-12-05,1047027.305984089,1400459.212532043,1297362.856556262,1142584.5114543403,1612395.7921063795,1089410.5013034113,1181749.0458353085,1040666.2360870303
2023-12-06,1014200.3610431707,1371039.863105912,1275143.4807388892,1127388.8081454216,1568529.9017568736,1067942.3607329046,1158112.3615275454,1016670.2069817169
2023-12-07,1029858.5374352975,1386887.6147015905,1288141.1403075156,1139105.4327724793,1590196.850395891,1080114.4013654254,1175032.7524180003,1029156.6875758575
2023-12-08,1053990.0942387346,1411380.099655143,1306973.7232302988,1151145.9408933185,1622150.221257658,1096382.8575423101,1191044.2677603269,1043733.8970898879
2023-12-11,1042840.6412029051,1399668.1795217716,1301799.1019725357,1146618.9337292206,1620961.6353689425,1097280.6815687672,1186867.9985781654,1041886.1675150675
2023-12-12,1047551.1896783377,1402736.376055385,1304501.7904737964,1149093.5356435652,1616455.2122386082,1091966.176440282,1199528.091896379,1047779.721948204
2023-12-13,1068132.510034799,1428928.4746581928,1327139.9696469675,1169543.6206676674,1649309.694134231,1113021.6736884909,1215317.6613523376,1069473.6484941405
2023-12-14,1105842.3593410617,1464205.4376248594,1354915.2771213527,1188988.1676554293,1716381.1309929339,1147808.4145175328,1241046.6393167065,1092590.5430685196
2023-12-15,1113420.984987977,1477100.8642528227,1369259.5023227981,1199756.8535762762,1717324.0944139543,1154738.0375436847,1244289.0452149867,1100719.056346028
2023-12-18,1150305.5149351195,1517474.6309216537,1398192.1808321702,1217669.748608453,1770622.809484794,1184473.3165097304,1262277.6130406337,1125866.8502118448
2023-12-19,1162695.4700589897,1531473.8463964758,1414118.7963057493,1229859.841762233,1781716.480366806,1199543.5545549868,1276271.4985927518,1143027.7833027148
2023-12-20,1133268.1427543603,1496631.0815680672,1384409.6137753888,1206231.706931762,1737549.5702157202,1176376.153958932,1239313.8053582942,1111451.488657745
2023-12-21,1143362.1292566927,1510963.9504547014,1397397.078271096,1217654.3699147494,1771229.441069664,1198806.5229226067,1256057.148219491,1132122.4144717911
2023-12-22,1127744.547723641,1501547.7297127843,1396054.614537971,1221339.3337610313,1750716.3125171112,1197370.0670055535,1259149.7732094126,1133014.2726424471
2023-12-26,1139009.9851710245,1507546.14505893,1396616.0849726582,1225042.3990084007,1771759.575400053,1202726.953795255,1268773.660119194,1146897.661294702
2023-12-27,1139054.294358667,1504909.8492188822,1395197.5147209233,1226725.0152686296,1764095.9329023217,1195538.1613261632,1266449.8531322791,1148091.1413952322
2023-12-28,1127520.798574668,1492692.4019159635,1384411.2983340549,1217047.9262119583,1756731.001371346,1189708.3556370966,1255711.3859808913,1135468.4068885013
2023-12-29,1116058.121979419,1484007.4984550155,1377675.260663369,1210539.892288742,1710646.5001660795,1167789.9163464082,1248019.55025037,1128465.9235744053
2024-01-02,1112667.706072303,1480728.8924373402,1379709.33656137,1210176.45275907,1688466.75089745,1158662.0411996394,1247813.2963464183,1123943.865460015
2024-01-03,1109132.3252651433,1482184.8633330557,1382857.1839501418,1207742.3887323579,1672132.3414463508,1158294.5629564144,1239768.1858878536,1117214.4927899768
2024-01-04,1124991.2235406025,1496176.087124181,1392691.7001369514,1215385.616863812,1685691.6677294422,1159073.0782254091,1249796.8398316216,1122273.7373587699
2024-01-05,1132723.5186861656,1509959.8492117785,1403516.709302078,1216170.163418088,1699898.496095843,1169437.8500752796,1267640.7120201422,1138476.623076252
2024-01-08,1181085.8323369934,1549590.0366260014,1429535.1536535886,1237482.8870551628,1772034.9951604502,1195682.0916561063,1296651.1125529383,1158803.9725422016
2024-01-09,1199699.097496263,1567536.7061472773,1441164.4033731194,1244195.4117479566,1801669.7362516446,1201587.4579117468,1305214.3048127696,1163382.984660729
2024-01-10,1183031.5509573983,1552068.0921426837,1430505.912746612,1237648.9697710744,1775656.7888631532,1190686.9890876464,1297467.881100553,1153017.7021240725
2024-01-11,1180938.415504387,1549572.3920436697,1431441.6622116477,1237321.8026924697,1774750.3514983067,1192139.3173185824,1298296.4566200026,1153083.5664575626
2024-01-12,1184555.4679808668,1562200.559718788,1445478.1781412659,1248816.8601037124,1780147.8810829462,1200822.6169491326,1302890.7910031988,1157808.4866583908
2024-01-16,1165348.7792660268,1542520.8032251194,1429677.5004548146,1237761.4434398515,1760938.2483331996,1190130.7237013248,1289087.0264296145,1145379.2820136927
2024-01-17,1153814.7900584107,1531966.2382498877,1421948.5940500984,1233583.6603895621,1744973.3171175038,1186231.446896684,1276176.44876257,1139621.9290195312
2024-01-18,1150258.0984020717,1525172.1392593572,1418294.3138596576,1230314.7305689885,1745192.365279794,1186881.2527069214,1273855.5866298545,1141182.024432157
2024-01-19,1290629.379101969,1653996.2307624354,1512401.2188008847,1295291.7640680594,1959683.6465081486,1268361.378748582,1356558.031262073,1212017.4864751005
2024-01-22,1310257.6017740453,1664226.23267132,1516555.534501804,1303882.0488639881,1985834.5070588873,1282802.853130181,1369595.888844503,1227911.323798609
2024-01-23,1334166.7941165809,1685402.578322049,1530356.3090114936,1315111.7947602202,2024828.8891118977,1296837.1830596554,1377354.439529548,1237842.673723989
2024-01-24,1351357.6882333609,1702767.4295442775,1543946.6393134946,1321444.3848925019,2045373.5602113407,1311675.5139126438,1390372.5441379664,1251813.25193126
2024-01-25,1371139.2281888942,1723593.1711095995,1559026.7676863696,1332671.8328353185,2070225.0129607187,1324464.4254306431,1399682.160212931,1263858.7890961647
2024-01-26,1372935.5169220185,1734217.6121639812,1567747.0276602888,1338140.772583762,2065376.209978236,1331332.7888722783,1399786.3651197355,1268888.6946248093
2024-01-29,1404868.9733100517,1761377.1123410605,1588877.939938643,1359587.113473858,2117381.9325598814,1351092.0081818923,1423859.5662280244,1288151.6581275205
2024-01-30,1418503.941497157,1779609.9493370205,1611653.1315844543,1373549.9573348248,2129964.3875357243,1358948.9056791672,1437477.1797915846,1291201.8692023694
2024-01-31,1430089.5373210409,1787746.3510053975,1615100.1952779687,1377180.3872380154,2142191.6772222375,1355628.9046015067,1438137.933023692,1288188.2882415215
2024-02-01,1505664.3003189415,1858369.0201581805,1667343.729975536,1418053.2292223515,2255212.0646367115,1398432.3426467374,1486268.8048509958,1329110.453740003
2024-02-02,1503968.3486162573,1850694.5734885614,1661038.9982541278,1411193.9279366126,2269303.9259019,1398175.9818522274,1481304.4272298529,1328046.9636295794
2024-02-05,1607517.9565616492,1944285.9884592765,1723448.6190354456,1452807.656995079,2417490.2341603246,1454835.3546182406,1545351.0894041057,1381888.4640362451
2024-02-06,1627771.221716002,1963928.3368549566,1737163.235325434,1456786.0276429076,2391987.525677517,1447061.0396953968,1550377.0721274766,1387199.8239856584
2024-02-07,1632943.7275093752,1972531.1379845415,1747011.2902712103,1465749.612862667,2377653.8695165054,1452060.15885802,1556701.962181755,1388213.88577214
2024-02-08,1665339.1710422891,2000145.094426068,1766498.550662313,1482855.9910370535,2426674.565152414,1473992.3058372533,1574303.3095399423,1407863.7412069528
2024-02-09,1713741.9437595373,2046656.0447154047,1805274.759106732,1512180.4339067095,2508942.2636143584,1513056.5342901452,1613130.6896791465,1441598.7704246354
2024-02-12,1761122.8671252355,2097863.481316719,1845650.5844541788,1540648.9977788122,2576257.8997665048,1549727.757711252,1649809.139558187,1477510.9284248126
2024-02-13,1767704.5146438235,2097783.487653302,1837091.954941406,1530812.1568427158,2583381.281786546,1541904.051523893,1644161.0344274365,1472925.9546603973
2024-02-14,1890383.210638665,2214536.1843191837,1923937.7294761862,1595046.4175896249,2761749.275198275,1616931.6931898496,1724882.5381619541,1540389.1524554049
2024-02-15,2056571.7575456407,2374772.352840046,2043139.20340164,1680451.2186708988,2999857.5394388074,1722970.6683747221,1827371.9371186849,1636841.8693256488
2024-02-16,1792599.2906720235,2132611.18788386,1871649.12653775,1559791.528013705,2623502.4675929956,1577081.9162581149,1670997.641161058,1503446.3810297367
2024-02-20,1771463.367984896,2107563.2079880275,1850852.440744143,1543889.6137383033,2620223.321442779,1564984.6726973,1661449.2383521444,1497936.7327296883
2024-02-21,1706332.3467981513,2046569.5796320601,1806790.1718466345,1510282.8161426126,2558918.582912919,1536962.4988452538,1622376.9015225968,1471850.182268798
2024-02-22,2020705.2916409923,2337530.510154674,2010418.2940717204,1655217.8700041573,3020169.712778981,1723403.9869221335,1808758.4299042881,1638001.0971274495
2024-02-23,1878777.281417324,2206838.4444496185,1918036.9852125729,1592746.1280270673,2825795.282903606,1646773.4255209158,1728092.694246969,1574498.6315784627
2024-02-26,1918682.1456628984,2244152.88868172,1947643.0487196667,1616983.8838723765,2882237.499430381,1676516.5034180728,1758768.7246358325,1601232.6533238913
2024-02-27,1889422.2535375655,2212442.4547846313,1923614.333298388,1601851.411733901,2798619.3262081505,1639545.3423060412,1737390.071746624,1574856.9788884884
2024-02-28,1846430.6741456203,2172945.8113342067,1892522.7365386859,1579912.221907567,2700015.319958241,1599015.6978005543,1704475.1828092607,1534246.7974367945
2024-02-29,1919187.0318163165,2238468.8090431006,1940286.5371675554,1613138.7605124214,2768253.9816674194,1628822.4064484618,1740428.9973179158,1557328.3184986045
2024-03-01,1983391.1332157901,2298548.5197898787,1983080.8919261165,1642761.741140748,2892942.405114711,1685734.2838174843,1781033.1195073337,1605890.2750920989
2024-03-04,2189249.325910596,2486180.41522885,2113970.2922401265,1734367.077646259,3181385.81896455,1792721.1883282028,1900374.0504984711,1705458.6050144525
2024-03-05,2206862.982211718,2510581.4017009092,2133252.8529480575,1746487.4136384903,3209499.9620712786,1810332.3253819854,1911068.7937026194,1718689.2094779627
2024-03-06,2268469.2513385373,2567866.5964745693,2176292.0460984977,1777678.8733245563,3284682.3654606505,1843803.35704725,1950101.1616672238,1745517.582535349
2024-03-07,2301869.7637451724,2600555.7623747196,2190033.2473498965,1788654.7658734303,3352212.1841860604,1863039.9223229173,1960299.9887424842,1759659.573211587
2024-03-08,2277986.916649656,2575999.6380792833,2171203.4372339738,1775910.9199386518,3313235.051121944,1845634.1908404394,1943455.1169970536,1743578.6964702064
2024-03-11,2205930.6955043324,2504271.2845129077,2117266.215865452,1731467.9739720984,3180751.830614129,1790078.1758182207,1892050.258137072,1692775.5307712115
2024-03-12,2291674.771801347,2586469.1797220986,2174578.842042783,1771278.8401325222,3350172.0155185545,1860033.9222151923,1941477.3275742952,1755534.5458503615
2024-03-13,2326117.74042886,2626343.704853906,2204531.013835631,1792750.6595304073,3401889.9629108524,1901656.5154862558,1962511.1680567793,1795412.4801400078
2024-03-14,2243134.653580803,2555496.4118483877,2156635.788253983,1753853.4768329156,3279893.198864585,1857307.4946694865,1910763.578977356,1749141.227064872
2024-03-15,2171429.4449836826,2486664.879602364,2109095.827497297,1721183.94824172,3174029.768471259,1815482.3754996913,1859427.3858146127,1709567.9154206119
2024-03-18,2088685.4029698898,2409970.5902290465,2054672.389267948,1680579.3579841359,3040890.757499838,1767422.2534112113,1810372.5094509178,1662495.9665600057
2024-03-19,1972840.4355073648,2301543.4073540824,1981400.4955104594,1630178.1474779937,2867492.119521536,1707912.7648189464,1747532.0323679517,1617029.7024559258
2024-03-20,1958541.3967602267,2285564.760825412,1973424.6847803898,1633061.6992099327,2854852.2804814316,1701246.85432976,1744279.627644802,1614770.4280004115
2024-03-21,2060756.4777287391,2383942.9301850065,2046111.1614966807,1682966.9561273027,3002179.507457312,1772171.3069421994,1813250.4467472995,1676366.317877454
2024-03-22,2050168.766532333,2371529.184946427,2032466.793377727,1671302.9507683087,3001324.667602176,1766404.4032691284,1803729.556255475,1673329.2230673416
2024-03-25,2129243.6942181326,2442469.9161070264,2080370.6416326007,1705868.760663451,3117062.6144379405,1807991.185753879,1845644.7645278843,1713401.3647772484
2024-03-26,2062348.7763877325,2383123.336959828,2037432.3156945014,1678200.2281420922,3088233.9770157537,1791567.8161214138,1809683.12361495,1699770.8680413696
2024-03-27,2479972.63786525,2740640.707853908,2285781.4957653736,1846346.564914202,3096416.922122124,1802368.6210928066,2032634.8191537908,1708646.8343524856
2024-03-28,2341429.9530898402,2625252.5822078977,2208612.5842014346,1791570.5635556893,3068826.1011577817,1794130.754448132,1960156.211761371,1700990.6006907932
2024-04-01,2207444.8891884615,2521041.242474179,2141250.321868619,1737006.2760918718,3115401.596895796,1815787.9558603524,1893036.5694832099,1719601.4660351304
2024-04-02,2143907.925487561,2460631.564926887,2092572.6297055744,1699332.3891043863,3048110.304358693,1785282.3552496436,1849019.7330436157,1704202.157977376
2024-04-03,2059725.6116898127,2392485.4862814224,2041077.8967942393,1667211.55927471,3057227.088647472,1797320.044424799,1804449.1570297028,1719984.1612133062
2024-04-04,1961848.221755941,2302926.4133507106,1977005.9173847628,1617845.9351290301,2945496.99461343,1748241.3359898494,1744422.4196530504,1676681.0577296496
2024-04-05,1990084.5109654134,2324273.6471173437,1992284.112851842,1630896.3346919226,2934318.919145268,1746859.7099331897,1763505.7957072973,1676942.388596916
2024-04-08,1965314.606770084,2299626.1082127164,1974276.63597321,1619141.1752557773,2903508.404708856,1732322.564227825,1746397.8972773973,1662094.701929018
2024-04-09,1926439.1261571776,2260830.3157956814,1942595.372479268,1595635.1829535842,2857306.085434592,1706135.1461372827,1721730.033722508,1638739.7709923966
2024-04-10,1942257.6921028728,2272475.3054784285,1948101.4168972413,1594779.3489267621,2860601.306644013,1704940.5689712488,1726541.5802942147,1638916.5547633423
2024-04-11,1976020.474285338,2313180.6373709408,1983362.1432799792,1624166.7786957833,2927602.2856704183,1741369.646066169,1754081.2982828885,1667604.0929038173
2024-04-12,1902422.9607803565,2243392.385820791,1930905.7687379185,1581349.3834880178,2841711.968799213,1700065.5839380303,1700062.9737038126,1629865.3835762723
2024-04-15,1864883.72372954,2207130.4793355158,1903263.905888371,1560660.0699464271,2790114.884561863,1675987.6612444287,1678180.1011961156,1613830.0885255625
2024-04-16,1983928.9013431652,2317893.9687496563,1979674.7745559467,1611656.8536029144,2956400.233679678,1740286.4327736946,1748727.5262370727,1669725.3300408497
2024-04-17,1951151.1511705904,2286621.9541810835,1955739.1250454532,1594134.0253377203,2913925.372092089,1717628.413132539,1722070.5740159254,1646389.7198329316
2024-04-18,1900643.0264344583,2232417.5825278684,1915114.883344843,1564235.2938607794,2860794.3489999496,1684317.6011140293,1692618.7324146365,1622877.793157671
2024-04-19,1618113.0274239935,1977841.768714919,1734261.3159202952,1439645.534581077,2473433.0904504075,1536357.3997031518,1531171.0883502704,1490957.464102095
2024-04-22,1636307.6378273643,1997146.5335450727,1750574.8099643951,1452182.5336133498,2490274.221243527,1545581.2580260898,1540033.8007351207,1502376.4560419228
2024-04-23,1699422.3103347041,2061584.4659402857,1800234.5794532804,1489110.964199462,2592066.7081408375,1596737.0503420772,1578738.013611393,1545482.6203908846
2024-04-24,1686666.173062004,2047343.4359528257,1790256.7494172128,1481930.3452509525,2579815.940456994,1588707.2183701666,1571222.6441674419,1540583.8529436707
2024-04-25,1725604.397093364,2091647.3402516234,1824750.2375342904,1506058.9903656987,2658315.300864399,1625448.4800220057,1595909.2414530567,1569276.0502495668
2024-04-26,1814601.8030948797,2177993.389599199,1887257.518710326,1551072.4335604627,2805249.008692574,1687943.5116248145,1652722.5655607237,1622658.1265481368
2024-04-29,1860363.6391508174,2222636.864295565,1921304.6539103698,1576708.8553851612,2882484.8795335516,1720246.6407090803,1685464.6693199105,1649246.2084028167
2024-04-30,1805471.6051068155,2165832.3152434523,1875313.690058229,1544209.139927477,2782759.7299493523,1660115.75218485,1651309.467131336,1600138.0891959853
2024-05-01,1657330.688174507,2025891.4489945893,1775372.4046521455,1478318.644691069,2540395.385219494,1563821.30126448,1556877.420598008,1517211.8149768114
2024-05-02,1705428.6368597643,2078766.46187746,1820223.328640697,1511739.0288498201,2625212.8346193074,1610345.9129118917,1591831.398124579,1551446.4276981226
2024-05-03,1741611.3118577986,2115706.565652539,1845509.8382602362,1531508.4021747936,2690970.5472156694,1647867.1045351014,1617408.9555744997,1588693.3862370707
2024-05-06,1822268.002605401,2189372.183666069,1899792.4185267263,1573227.6272905336,2797119.269398171,1694556.1459121227,1679245.262050117,1638848.1203583097
2024-05-07,1816319.981838114,2190747.115559098,1904309.2241207517,1575229.07572388,2794933.5081442995,1698298.8727886404,1676617.0220936993,1639704.049512974
2024-05-08,1823702.1361498863,2202341.9351163623,1916085.7881183142,1582291.7449633544,2794303.553785753,1706812.731369164,1684577.5363708183,1650014.1655314108
2024-05-09,1796034.6844181202,2184016.514316651,1915317.589939877,1579973.8421219373,2761266.3725538095,1703176.4114511844,1677859.054024566,1645145.764582314
2024-05-10,1793313.8072108007,2181805.590875102,1911511.3283926698,1573853.9664520866,2753739.4351376393,1701803.7361166456,1676580.0063058683,1640803.5363104993
2024-05-13,1770356.4303596432,2165093.8564711846,1897098.9129727166,1564863.099481941,2720235.605822708,1686858.8243843482,1663260.284890947,1626033.0778719187
2024-05-14,1830144.9638755145,2221518.814847477,1941733.6469198724,1597613.6084477624,2808149.0287964186,1729124.168275136,1706976.5075716001,1665722.7487255873
2024-05-15,2006187.194055671,2385012.8423632933,2059984.7140279273,1683881.6454960862,3054115.32108842,1830211.3831539957,1816042.7910062768,1759138.5387206099
2024-05-16,1940107.9091585344,2322603.5632113884,2013057.7661989392,1651061.2081402817,2956532.066759619,1790291.0115381551,1774865.504275215,1722246.968257629
2024-05-17,1922496.395878971,2309574.9909565654,2003580.8847929868,1645003.474325163,2931701.05087026,1778596.434766098,1768486.3522216612,1711209.2959688492
2024-05-20,1949945.9471708,2339573.567557494,2030934.2252867993,1667392.6552125372,2976007.2683238406,1805245.571279614,1787221.2969588805,1731986.8354434713
2024-05-21,1942880.871513694,2339249.691234858,2034102.6177468435,1665615.8171327978,2971395.547019705,1810124.4858001727,1786487.506233654,1730565.8575977029
2024-05-22,1894686.1734069127,2284637.9266884658,1991773.3870361377,1631232.8475703131,2895901.1993284007,1759832.1114242226,1753485.7397106327,1681675.9694053151
2024-05-23,1856122.2178504872,2249112.877442075,1970375.8633209248,1612948.0651078825,2843913.1803294388,1740636.8269406655,1735274.1905788966,1667621.5419796656
2024-05-24,1907482.4541435305,2300922.7141149123,2012287.0860429055,1644189.4447286127,2919452.9548846744,1778762.2662035278,1773775.8135846353,1701620.2415842337
2024-05-28,1888935.6576590708,2285870.143253525,2002092.3066236118,1639274.6081634362,2892396.736789478,1770754.961163423,1767054.5840216794,1694592.9108158012
2024-05-29,1841877.1453233059,2235980.756290856,1961805.4125679934,1608953.2219233273,2821529.5141146732,1734233.753607103,1732506.7719981414,1661696.2587437406
2024-05-30,1838608.7737044464,2229521.1792462715,1961270.4066876762,1612146.73885509,2814143.221122112,1733853.0376066093,1735953.602708655,1665798.8553432075
2024-05-31,1785052.6918924737,2187793.668631696,1931738.3293922974,1592864.685004139,2734096.221353845,1706383.3968282698,1708037.5330708371,1640105.1084081572
2024-06-03,1745587.2471042813,2143260.322555623,1896598.7983104815,1567878.351821006,2667448.087488693,1669154.06391117,1684871.3932426516,1606090.833682572
2024-06-04,1723402.7103786385,2114590.8984020576,1871303.2332420088,1546564.717809144,2645345.6327256123,1642614.477232064,1662806.9397362417,1582714.4162214678
2024-06-05,1764930.386721043,2159975.0557783553,1910246.9375495212,1578133.9933468604,2714408.5327316173,1683913.785735748,1689894.5612075855,1615513.8246248493
2024-06-06,1728522.7117816696,2122642.2437573774,1882330.299325493,1557667.893134001,2666300.2010629987,1658751.8024612837,1665587.6791452433,1593416.9440235107
2024-06-07,1710563.7809383112,2096664.0161462482,1857419.6585834175,1537115.4020727118,2630916.232154392,1638411.0643719549,1648179.7424580604,1575717.6995598087
2024-06-10,1742391.1490479568,2128521.3891744837,1880456.1161961502,1556924.2310179097,2686549.5793857854,1673443.771003195,1670613.6078598702,1610340.2891950237
2024-06-11,1709558.142640819,2089614.0167558442,1850607.7884034964,1535700.769832404,2635384.361052418,1643990.953256605,1645903.0621704748,1584079.9865330695
2024-06-12,1724662.6684054865,2103267.0098371473,1864388.4106162982,1547961.724953835,2655568.8805581825,1667154.7454700225,1656861.0545169616,1602885.9184078493
2024-06-13,1841152.3005275503,2202552.181203463,1928929.1223341005,1589535.1674622067,2822033.078286539,1727299.7245332536,1717165.5954670736,1655944.4264728848
2024-06-14,1794055.6990522346,2149162.6381941834,1885103.035802473,1556179.4199157704,2746690.454535767,1675885.217786004,1684312.1575515897,1610026.3433243851
2024-06-17,1854811.851324708,2207411.3486035564,1927482.9653842698,1585831.9697048753,2835182.825457923,1717062.8554304345,1724125.409187653,1647051.0652349615
2024-06-18,1901441.217219008,2257283.3891865173,1966027.6996763828,1612566.026738223,2899260.1677299705,1754358.3848698635,1755232.9595154745,1681519.6435648976
2024-06-20,1903202.179274291,2259429.4087141836,1966350.3899860303,1614092.1099157329,2890270.438838601,1749229.9152020675,1755400.4221028355,1677416.5729088762
2024-06-21,1885081.4257141098,2244233.0338728474,1958504.7463271918,1610015.862551294,2864983.957422982,1743270.6331445137,1747239.3929639852,1670409.147703632
2024-06-24,1801708.2896013102,2172813.735227596,1911569.605896535,1580285.6082683986,2745775.201174036,1706725.6513342585,1701461.9214379138,1635911.1996188962
2024-06-25,1832481.3383109546,2196117.7737812204,1927563.5208593323,1591579.9534037285,2778318.999573384,1712146.9124082865,1719979.0766181601,1643484.0349496587
2024-06-26,1815147.0830465022,2179789.153313845,1917155.4042422292,1583906.5686667336,2752515.8006928377,1704157.3431209323,1712047.5665029946,1639277.8998889928
2024-06-27,1888313.8322245544,2248381.0568430186,1964565.6238739002,1623579.9562835107,2857848.2432127288,1745987.6178015594,1755971.494985846,1679027.460103405
2024-06-28,1802430.5252342294,2168667.1468750224,1905628.459721557,1580242.3281545243,2740465.733461234,1697169.7454768105,1706270.4205785762,1642638.6648906372
2024-07-01,1785654.9240660437,2146842.9586299225,1888775.727396438,1570056.6501937474,2702715.652328248,1668122.5690166997,1696041.921983961,1619440.934551191
2024-07-02,1822543.6392636602,2188274.317304039,1921426.66806872,1594381.7733467573,2767154.5767179127,1700934.3984720025,1725438.5773543927,1654269.0287790878
2024-07-03,1837625.4633098526,2207428.1638427745,1940490.2105938857,1609521.7896388336,2802252.7119640624,1718571.831762688,1735231.9131636012,1673271.4822802441
2024-07-05,1833980.351851896,2194173.3763648206,1922709.0298742217,1595804.0649956244,2777527.036845944,1701166.9049110422,1730118.3384766083,1655898.3291449263
2024-07-08,1900402.8909000368,2255440.9049329567,1968049.4921293638,1629514.9791246615,2894522.9336057887,1742782.4946978167,1769660.3712164506,1694867.73338032
2024-07-09,1884035.2625017473,2234337.540182784,1947978.9344824464,1615524.3147865226,2869115.4244170524,1729289.782414847,1750603.3135174143,1678400.2876407553
2024-07-10,1900765.7483013165,2244776.5136627047,1956316.2754102994,1621660.7546739117,2874388.036883968,1736954.6447837942,1759831.3259046352,1686168.507211658
2024-07-11,1899560.7423188826,2243525.405378168,1957755.3476071125,1624251.5624418731,2871078.839249357,1744367.6601143817,1764505.490576233,1694555.9403525966
2024-07-12,1930604.7124780065,2280319.074544701,1984342.5067792463,1642025.4660824756,2932638.5844142856,1771552.2787197935,1781381.2897788459,1718178.1565807625
2024-07-15,1927135.6264146953,2282138.5778687196,1995022.384649486,1656797.5196743119,2952037.4404610707,1786808.9840899566,1785796.5117118377,1735653.0198672765
2024-07-16,1909522.003896294,2269245.9621193395,1996863.6162731121,1660392.2688220602,2931836.201098671,1795934.470258308,1782385.861583106,1741230.6320863084
2024-07-17,1817559.1425341514,2179263.002620607,1924923.8363399224,1607008.869754084,2774693.4247337,1713048.645478228,1719485.9715118993,1659926.3660455206
2024-07-18,1797361.3873570168,2159899.817981573,1908080.4937612568,1590530.484272457,2751853.58089504,1701923.9799915696,1703270.1549563245,1648766.483222976
2024-07-19,1788431.225220738,2150737.8238472897,1898966.8352145639,1586846.7697785278,2735496.7871248964,1696955.9112790627,1694913.2250255123,1642619.0652062576
2024-07-22,1783514.6258408385,2158654.5910139256,1914580.132399517,1602076.8409221666,2741447.95849578,1719697.2244554113,1700911.7657908513,1659202.7867675282
2024-07-23,1778748.2113393783,2152351.611406201,1907807.053869144,1596071.560564427,2743509.2016615397,1712845.7919369224,1701932.098135987,1657688.661116833
2024-07-24,1667452.0902089782,2035394.6999615438,1812904.4977546097,1528345.0354737723,2554517.8448582543,1623936.9844075292,1623560.1096467245,1574989.2483304723
2024-07-25,1647862.712922086,2014808.7450932506,1797857.5793274462,1514882.0185614368,2534579.5016280776,1610668.270921065,1609088.4213504803,1563856.5239284365
2024-07-26,1677150.1041837002,2062686.566744824,1848443.1673786032,1550339.7275367952,2655444.1673799134,1660692.3005235658,1633330.8552865759,1610944.1993998862
2024-07-29,1649121.9912976546,2041745.0127739396,1833869.355122589,1538545.6748551386,2611253.614286079,1643791.0268326185,1621954.4579986834,1593534.1988503484
2024-07-30,1637117.6321282838,2023938.0803622229,1817047.7062272935,1521941.8975561615,2585737.129887141,1629309.4293295338,1614114.1572026024,1580223.9402990355
2024-07-31,1710078.0308349382,2095307.598700347,1886268.9840062475,1570848.9573898637,2692650.678881523,1690272.9798324225,1678534.1835504982,1637019.6282772936
2024-08-01,1655601.4310388027,2039330.0373958326,1831503.5943135412,1527720.2852024732,2615021.949837634,1641584.9158012958,1633024.009990891,1587650.4553605237
2024-08-02,1562868.1699974034,1934178.5111959889,1738397.4613260224,1449804.1884403622,2464984.8682089467,1559917.404785858,1545438.4343546939,1501575.9201505666
2024-08-05,1527626.909406698,1882491.4584237942,1688436.4488807041,1406388.6974244416,2388653.953328085,1509396.5290178382,1512619.564356676,1451925.1581159828
2024-08-06,1547671.2001535292,1907580.3704954193,1708865.0492369998,1424369.0233386196,2424988.1719694003,1540220.816980362,1527343.1401289785,1481119.035661098
2024-08-07,1384886.943679336,1754061.6779478388,1596058.4376996688,1352644.412051881,2177217.861807066,1439711.2321733658,1432085.3147943667,1397354.9323279583
2024-08-08,1423285.2439478317,1802612.1227234416,1638935.3013377087,1393108.9339470726,2249161.5066739535,1477772.3081886196,1461166.1588281232,1433904.5210259685
2024-08-09,1428789.029350176,1812480.6470862208,1643556.7599745467,1400729.1376162793,2253846.6674342956,1477989.0745171744,1464295.5876018982,1433346.9470779432
2024-08-12,1480535.5339514515,1862984.167755827,1678543.6802449613,1426902.8525705398,2319065.1931895376,1507525.5743211966,1494655.3909093011,1460542.0328968938
2024-08-13,1515017.1300916637,1901829.877242007,1709830.4371660962,1447612.1731677626,2379243.6840783395,1528817.7452084748,1519269.5891164946,1480543.8396794791
2024-08-14,1533275.3570122055,1918242.1128419444,1720297.1379741512,1454998.3487070072,2388808.1316356,1534692.7848172735,1530660.1127123067,1486894.0884575157
2024-08-15,1612334.2435614306,2006093.059634262,1793715.7290831462,1511244.4253338818,2514462.8089818093,1598728.3137213446,1589825.9509696472,1553057.0214948102
2024-08-16,1616626.7622470872,2009971.8947224768,1795023.1833624267,1512512.8039234546,2520387.102641684,1597293.3638896826,1594401.182646082,1550951.3622544736
2024-08-19,1609557.5948492992,2008371.169626251,1795723.6548896895,1513286.2340294786,2522635.269726774,1598830.5329465447,1589890.3431387,1553606.268436192
2024-08-20,1588505.570788383,1977594.5024174894,1766629.918979126,1491564.0469823508,2473422.1730099777,1568611.4849935698,1571639.1564526814,1524140.0573739586
2024-08-21,1603467.9458308246,1997881.8774434018,1784874.0698946486,1505548.533518355,2503491.1801263024,1585974.2292797496,1586129.7418514914,1540230.0757156787
2024-08-22,1572749.9869967904,1959319.2133153111,1753379.0524254325,1480772.3509006896,2446842.6509751286,1551359.8992232878,1567172.1296057461,1510283.5037158497
2024-08-23,1603572.1189918597,1999363.4610059587,1793645.589245204,1512423.345495346,2504699.711421535,1589873.5908112305,1594507.7495227824,1549314.4959382578
2024-08-26,1553097.7263847643,1959066.7081443109,1767964.044226811,1492305.9339375333,2443484.7723907414,1566678.9962299399,1560895.9728226177,1527427.5056505802
2024-08-27,1535909.6620809615,1939304.620523916,1752405.752329588,1479601.4297701889,2412468.6144460775,1550675.0099412126,1552763.3024339166,1515368.950412025
2024-08-28,1399112.19445173,1801792.6499358383,1649847.9417296955,1407066.7163936896,2199678.77217511,1462715.4288708102,1468232.2116181287,1435097.6982608857
2024-08-29,1411363.3456884376,1807660.076532793,1659232.1971364925,1415815.1397987057,2233512.1135830665,1477489.2842398593,1479037.8216187037,1451645.0530204515
2024-08-30,1405974.6254910063,1810429.2495604935,1667719.147784015,1423260.1559586737,2225934.377525193,1485871.928912497,1484663.2049264438,1457463.6384603966
2024-09-03,1369664.7374110187,1755496.7110754785,1610576.6360958668,1412033.5074590086,2158849.3441452906,1429924.4714593631,1459708.6346410895,1403578.9417731776
2024-09-04,1360984.6187289085,1739192.8836614855,1595002.0384647413,1398275.187398757,2143386.838211867,1418737.247992185,1454053.9285756724,1393511.183917661
2024-09-05,1370408.2464033563,1746224.6328623984,1589121.245966172,1396390.19292483,2160075.363722739,1410230.0535227647,1451912.4398520752,1381966.6925129609
2024-09-06,1355626.9970592842,1723887.5518903548,1566501.8281168246,1378014.236187432,2121249.0762308985,1389238.8472171733,1433379.2579906895,1357759.5612625885
2024-09-09,1364978.0457464897,1731024.8353771449,1582979.3546491596,1395729.090012265,2133736.2284612907,1407098.6682288395,1451911.944986398,1375062.7765082722
2024-09-10,1364461.953594259,1727979.8958959058,1580326.725338177,1392564.2324328062,2139496.063707306,1398939.8892849856,1447913.742426687,1367965.8534397911
2024-09-11,1372379.9166351175,1741413.3137164952,1593843.6147217115,1400654.7167319248,2151481.4826544737,1412438.9444194974,1456442.6424832265,1379693.0733770793
2024-09-12,1393701.3551879276,1769470.241047677,1619994.9168337667,1424723.7105059754,2185766.0458974577,1434637.4170268052,1478368.9738700688,1401003.698286892
2024-09-13,1408321.4462334816,1795873.4501775012,1643964.6136796481,1444132.1498537848,2218312.2404392147,1457948.163217648,1494768.3020260648,1423022.9787935175
2024-09-16,1431475.0615365673,1824551.7944073845,1666724.2653427043,1460034.302383495,2246288.0927060833,1478018.8037772377,1510033.0824850814,1437417.5754581094
2024-09-17,1437305.2291840701,1827441.9614568579,1669706.20931048,1464687.1173017966,2224993.874448577,1475843.2538734125,1508808.9915444758,1438011.3244194232
2024-09-18,1423934.4886927002,1816638.279589226,1665770.005950865,1461284.1711061487,2214126.9963893085,1472042.571713845,1504544.7185925005,1432584.5978482137
2024-09-19,1437656.6801702452,1845432.6648491144,1696496.3131326446,1486644.733312053,2248098.6522738063,1501279.8577137843,1517310.0356784759,1461327.9211650526
2024-09-20,1438296.9791221847,1841460.8917997316,1692740.3853751423,1481994.2801324888,2273605.7642180067,1493765.5070271674,1518691.6920168425,1462311.943397411
2024-09-23,1454689.714759193,1851063.0028744752,1698191.6991752412,1484212.033064044,2287097.7895465596,1502710.614950179,1527807.2873977092,1471449.1608348046
2024-09-24,1465580.5737001395,1863444.6211107243,1711307.6852124652,1496831.5634815088,2302037.5232865727,1514554.6929129383,1540737.529799828,1479045.4853174475
2024-09-25,1455859.4830158483,1839558.1186449027,1691229.6369111903,1477910.8437264608,2290598.023564657,1496762.8268095264,1525999.8916331383,1466198.7039933691
2024-09-26,1441040.712721554,1837911.839978942,1691956.7276407632,1475300.3134580804,2271301.382921042,1494349.095365179,1521137.2483623493,1456918.9508956363
2024-09-27,1438828.9998419879,1835292.3521286347,1691758.890230779,1478045.5702921513,2271732.5054853503,1500888.5837367761,1513303.9682128646,1460727.3255579555
2024-09-30,1436835.7546618504,1834318.3252218263,1689172.3433560159,1479023.4422532972,2266418.8048848957,1496827.5339821319,1520263.1189975643,1459758.6298162667
2024-10-01,1441247.4558374402,1836093.6262472384,1690057.1126438754,1481261.639729762,2274266.783080765,1496453.358948012,1506807.07638619,1459292.5967141353
2024-10-02,1437767.9711557608,1836635.884842163,1690884.6987413228,1481113.9591541565,2266317.7339227526,1498747.8082772125,1489589.5429974666,1461771.8488940725
2024-10-03,1442512.7798817235,1840416.8732673419,1695006.591362444,1482802.367672931,2267370.118374427,1504739.9117174407,1491469.2265920117,1466374.2670971744
2024-10-04,1451635.0462880651,1856039.0347379858,1715111.0807664667,1499724.3508041527,2299687.5692149876,1521557.7272477373,1509322.9953450635,1486112.3418001083
2024-10-07,1440176.3275030118,1849746.5166678424,1710538.3712546309,1493098.8441244757,2281384.9942742996,1516199.012316912,1498917.8397505598,1476816.434580139
2024-10-08,1453874.7450906057,1856911.3719177158,1711894.9136812133,1497481.617335547,2289346.308994855,1516388.7893021926,1496993.9214384523,1475377.5512005577
2024-10-09,1462063.5942225792,1861570.6609085281,1715686.9285517551,1500744.11104611,2299438.5924301688,1516529.0548219155,1503590.6938739226,1481912.424374875
2024-10-10,1458205.8578530587,1851715.286547443,1706128.586736118,1493671.6888946535,2285759.363536631,1507573.2157100218,1499390.6147379912,1472490.9460290384
2024-10-11,1481138.020473691,1879175.6487011407,1736720.5858560384,1522293.7248749423,2330677.353893465,1533006.7491148969,1519925.6985995013,1499079.1063280448
2024-10-14,1479008.3536651311,1870213.2597543604,1728635.1831888733,1516447.4989306412,2325327.3624775885,1525860.53257213,1517054.8523889403,1494936.7351918425
2024-10-15,1479745.5747506605,1866222.4214335734,1722625.2009636285,1513311.1828721222,2351746.216281325,1523307.804326058,1508962.022086923,1495287.1109981723
2024-10-16,1491486.3101413785,1882175.1382819815,1736741.2350381212,1523189.212543421,2367998.2903996184,1536961.2817992994,1516925.4821773497,1504675.3122393133
2024-10-17,1493209.2337156066,1880996.6554227653,1736596.6234094328,1521081.7615151552,2355141.574537787,1530555.7635354903,1519929.2288410207,1497223.7225384084
2024-10-18,1495771.4985189617,1887299.8051114737,1744855.6887651812,1527858.8213096787,2367754.0361729586,1535717.3836948078,1519373.4645391528,1500779.5635442105
2024-10-21,1489949.188909844,1881039.453708845,1740650.9289835393,1523143.263260403,2389008.1390082426,1537262.0857857747,1509546.313801301,1500500.4195954914
2024-10-22,1486502.6148138107,1857104.963265315,1709564.2445472712,1499547.926925387,2345722.5894512543,1506743.1860996601,1499661.7743290917,1479286.8711995364
2024-10-23,1485767.5951735752,1842378.6165954263,1686770.5350412738,1478986.0260739399,2327223.607311783,1486479.8871933247,1481912.2431976283,1460247.8128251433
2024-10-24,1484970.4363242923,1840122.51191925,1677837.1272738283,1474143.9408327118,2320408.7028416665,1478790.139776557,1477757.3991379358,1454741.5979068063
2024-10-25,1501125.3930758345,1853684.82362921,1689128.3206564428,1481612.3885579105,2343320.3823104473,1489518.6419554164,1483240.1625977461,1464205.8613192148
2024-10-28,1503168.917142509,1853754.3509820262,1687579.8995873888,1482758.7723211045,2340373.760821156,1483161.5237831534,1487479.491635802,1460301.119593906
2024-10-29,1521359.5590657007,1870787.9373699985,1698801.1943044807,1482903.0990732,2341089.6937853266,1469481.3623627312,1484538.2465800343,1443812.6141857617
2024-10-30,1518014.5871350535,1859123.15493867,1676069.827146208,1467774.6159294262,2337595.4192148824,1457943.4500358151,1468319.5966883388,1447214.9946833316
2024-10-31,1531783.397339526,1876971.1570180377,1688575.0745248133,1473128.5541877227,2366606.1749547855,1459699.0444768795,1476564.8987302813,1440189.9368752688
2024-11-01,1538227.9529137395,1881923.9728205027,1689728.594043476,1475993.3274356532,2366248.1822895883,1461751.170975307,1481166.4154510854,1444551.0454366256
2024-11-04,1542200.6432731028,1885672.0209934677,1696254.7447851372,1480659.8507680197,2378258.4281290295,1465800.0173569254,1497258.59317235,1456452.1551440856
2024-11-05,1567278.6377981638,1918716.2387710814,1728108.641003891,1506770.3696788067,2423961.196161425,1490086.3005312232,1520476.7642976132,1479916.424677838
2024-11-06,1587398.325671877,1959701.4493784145,1776366.2157038304,1550359.3861779142,2486423.1220869017,1539204.9615282866,1572287.8678688542,1538756.729274208
2024-11-07,1595099.9127294018,1973688.9609156328,1793013.7515225925,1561828.8680728492,2505728.3367250073,1548670.8316465283,1569942.6582249203,1548391.2483357035
2024-11-08,1605619.4554884646,2007915.9790118586,1827779.3328488574,1613659.4903379297,2586357.8132958924,1583032.6965446712,1587222.1216000372,1580951.4970440455
2024-11-11,1614204.35657589,2016962.2204496043,1838167.3572759128,1624124.535066652,2605792.5538074197,1594399.7914246216,1592678.098373288,1597401.1461947658
2024-11-12,1591236.259902401,1971468.3509117372,1796010.6001583296,1588283.0357116933,2528167.055420074,1555505.4802046516,1576120.6945676063,1562219.1569797997
2024-11-13,1580090.476819858,1950744.888067773,1776103.5550132254,1573686.4601682606,2496973.006322752,1542783.1757758115,1567519.3369281683,1549505.3776233934
2024-11-14,1563868.0794575838,1928338.8762683335,1758512.8339799098,1561227.4493561427,2460829.802049935,1526118.0582528687,1560962.1297216853,1540466.2218380086
2024-11-15,1533579.5020038956,1893912.9961039533,1729238.8849487072,1535442.9914516087,2424525.524118904,1504307.9195984385,1543136.7741773447,1522496.9983195644
2024-11-18,1537115.6335314373,1899920.573861438,1737932.9940197146,1541389.5228245812,2434960.3906011167,1516237.3198716398,1551103.7601577146,1538903.6431365109
2024-11-19,1542964.6706369545,1908582.281498364,1745895.39888413,1549590.9034319723,2449494.751714457,1528085.868364029,1564977.061166819,1558147.216341157
2024-11-20,1552609.8140725677,1912049.5444568289,1743854.3558825352,1546409.8531592316,2437196.1026526783,1548194.3945444336,1562851.4110785588,1574398.1804598817
2024-11-21,1582313.4757700055,1948055.6628686278,1772481.7426768267,1573758.4090006966,2472676.2288677045,1564865.6900066417,1585787.580875615,1596818.9536053275
2024-11-22,1616209.0076735495,1984697.072424681,1807974.5837614017,1601039.5497764167,2539857.3699121657,1599451.1235182777,1612222.0368615505,1629917.6710393322
2024-11-25,1629694.2111799724,2002700.203019324,1822804.7264648064,1610343.5990544248,2549792.0809367737,1612830.951386231,1620703.1787144367,1633627.2661128766
2024-11-26,1635436.771455371,2005350.9368479494,1818990.894732842,1607742.930132558,2568332.473817793,1610932.5230109682,1619062.4508597378,1635930.8876996946
2024-11-27,1628445.9798382386,1993672.1284554487,1809733.0700111496,1604646.652752255,2561499.8400131385,1604577.4889022897,1613263.5845895302,1639615.2245788532
2024-11-29,1632513.9407309736,2000597.9719219324,1819368.560739221,1615063.2006615528,2574555.5909564365,1613742.7167608975,1624839.974893388,1637970.2310153737
2024-12-02,1622724.7871590918,1995598.2862959523,1816544.616099925,1610581.110918389,2566511.629714339,1613201.8668227566,1616341.8238857654,1631560.5562284938
2024-12-03,1627544.17871665,1991460.9107982195,1812514.4089448524,1614021.477031779,2545706.3733474957,1611176.5537648064,1621791.150250897,1635182.2051266036
2024-12-04,1641757.176082711,2015227.9713627405,1828595.586744751,1629747.3722858913,2586046.1231034566,1629718.7405643102,1624088.6616154888,1637544.2463688462
2024-12-05,1635156.2698574546,1983533.857240114,1794159.950139945,1605602.8277236207,2492945.4774689055,1590408.9577319499,1617466.2823195697,1611225.7529087146
2024-12-06,1632737.693861272,1986671.934596004,1798591.6323801125,1609889.456686232,2511592.817693719,1598970.5321984263,1618330.4235345828,1650441.0640471517
2024-12-09,1614771.074842424,1958231.4631575197,1767731.3195635234,1577422.5664162757,2442636.803627517,1567525.521005823,1588917.2788974794,1611986.038477181
2024-12-10,1639254.7169582325,1970791.469857179,1776003.1285582362,1581145.2120613474,2467378.03499442,1574818.0083247607,1593157.0802885361,1601083.2253179003
2024-12-11,1660580.2792478146,1992726.6677044753,1791105.0402021138,1595219.7437701027,2492322.706528434,1588738.9882996147,1613110.214082783,1624797.4452805347
2024-12-12,1649629.7539401515,1976639.8977173092,1774328.4775469035,1579870.8731879743,2469435.0827040933,1570945.183188245,1601690.509557386,1598311.7014934449
2024-12-13,1645323.8368530036,1967058.0082965763,1764275.5850057567,1574199.125376283,2467417.2554994486,1569987.2841004138,1598211.679303737,1580671.2265386959
2024-12-16,1637766.2352032221,1966459.2090734188,1763160.3004779976,1575735.6170106335,2462850.8461311297,1563844.339693993,1590064.101474343,1575886.7170831135
2024-12-17,1623810.5808034532,1947217.8619571975,1742855.3533490505,1556958.29511457,2434397.5670531583,1549850.4550529257,1575843.587133987,1532982.101512034
2024-12-18,1571271.692270328,1880595.4488595875,1683372.890897461,1503790.6733075632,2357901.9728663275,1495021.4413898347,1524973.7261086032,1470763.833431875
2024-12-19,1568194.169605287,1877773.6370658327,1680836.440127791,1502143.1706286825,2368320.8802499888,1493231.3900009408,1527847.607288192,1461993.9890075305
2024-12-20,1559502.8097444195,1875035.4501746616,1681983.193114665,1507165.0733129976,2355644.655947395,1495693.2444220807,1527432.820928304,1465986.1606443734
2024-12-23,1550706.6190694266,1863077.2404906175,1672884.1528786256,1500631.4720102109,2342139.897734928,1491893.243810662,1526559.8980765215,1463264.9945090595
2024-12-24,1565798.4206942741,1878543.374997154,1685210.74421033,1511775.7013718868,2361731.588974675,1503395.191769072,1540966.4084483867,1482994.7752870594
2024-12-26,1567395.623675784,1882225.3498661376,1690673.496450847,1513720.8883979975,2361684.3604845274,1505907.6095538982,1543541.7891248262,1491561.3249531037
2024-12-27,1549565.9353066972,1853146.987159537,1664461.828971099,1490026.6003208677,2329535.0898429104,1489747.9276080618,1528293.4618657532,1477514.526660865
2024-12-30,1528529.15235111,1832053.770681481,1647613.229924279,1477281.8510453673,2298407.4093167214,1479347.9665516443,1519393.6822398666,1492968.0491979744
2024-12-31,1527039.7706328768,1831220.0607642834,1647298.7236259645,1475140.2993451594,2291735.12336508,1478508.3862882215,1516245.744851085,1474691.3749502753
2025-01-02,1541850.7979289633,1844812.578614502,1657049.5791280447,1483637.6909154644,2329892.9263412077,1495908.3658914296,1526835.2843525512,1496280.1304788168
2025-01-03,1538399.4680958854,1846526.686285674,1662793.5469930507,1490996.652605075,2346493.03210347,1508466.5836051186,1531185.6839678474,1503657.6261903462
2025-01-06,1550072.96645621,1854949.838846137,1668775.7534566957,1490815.5038068288,2363276.3549384386,1519500.441626691,1538880.2694185146,1512499.8018875916
2025-01-07,1551820.857464672,1854295.6108703844,1670037.576974302,1490124.926017343,2350282.8015802363,1515166.9802571891,1541612.3144753769,1504233.0708582082
2025-01-08,1558002.9128788647,1857390.7419747508,1674241.114000553,1492663.4999623096,2353169.4520778027,1518036.4593007101,1546900.0579069813,1509599.5339572076
2025-01-10,1544730.8846174504,1836833.2286709067,1657263.7379274392,1476075.8848714572,2337414.31295118,1507842.8649132072,1529132.447650189,1495510.9531716558
2025-01-13,1553867.0791668457,1843330.1507075888,1662822.4633040228,1480147.8872324484,2329737.5440453454,1506252.6239605718,1531955.091216535,1497035.077891974
2025-01-14,1556446.6961669282,1846264.3616543533,1668156.6246905075,1486493.0633362057,2342055.188760586,1517571.3330709913,1542512.904454308,1508151.3717729088
2025-01-15,1573530.8548732204,1878236.0368582902,1696979.7438367356,1515515.716646586,2381483.652829543,1541241.4054601179,1562914.5391682067,1528136.4468632748
2025-01-16,1587490.1905384725,1888845.4183922086,1705595.9840646451,1521479.2013951358,2393980.9319740604,1548533.0817237182,1571900.1069338794,1534470.0389923987
2025-01-17,1581252.593501922,1884453.5432206322,1706063.4898665969,1523910.722695606,2394826.261500497,1547651.7015570335,1578033.3397186298,1540344.811838029
2025-01-21,1640369.375435923,1945376.8008621605,1755055.9636648363,1565172.949344413,2473749.4938823297,1586592.39181638,1613611.6038236204,1582771.6924770859
2025-01-22,1630496.1812100515,1933292.2224585265,1742460.2309280701,1553341.9822771116,2464663.9071726357,1576732.8433123885,1620139.385690257,1582526.0398758224
2025-01-23,1638710.6829177744,1945349.0335158908,1749064.9148654446,1560171.8974201914,2505252.382358553,1591392.3304879072,1624365.523129694,1593991.1486141393
2025-01-24,1638971.2988638228,1944914.6219729402,1744456.503796935,1557122.4815981085,2492813.504422768,1582691.7681180523,1625345.8023269954,1594970.1680016743
2025-01-27,1638187.055843329,1941336.7853635964,1736159.1060608765,1550387.1281421175,2497023.967274605,1575097.9521549668,1608523.3160642933,1570660.196359404
2025-01-28,1641362.1801112362,1948289.0963056635,1744482.8655544943,1563845.4381703632,2512879.9077901156,1580116.1847567898,1627674.6207126805,1587715.456864211
2025-01-29,1652638.087267412,1956713.9279848316,1746470.3304085443,1564265.5093265614,2528358.0571013624,1587291.348866893,1635330.7007821703,1592636.0414218353
2025-01-30,1671564.9457336676,1982180.7158685918,1760289.8326168444,1579328.5268477732,2565186.28291682,1599070.7167495561,1647100.214929215,1600826.8606384345
2025-01-31,1657542.3711924665,1964971.148624412,1747083.138372863,1565972.4124442476,2541827.146636087,1584204.3642550374,1636654.9517715443,1590135.710424093
2025-02-03,1647421.9014548585,1947168.2200555196,1728343.925536802,1551122.4122983261,2531083.866969905,1572852.433296561,1636840.0467001954,1585050.7603685614
2025-02-04,1667029.3331680007,1977550.7873812634,1750210.8181110295,1568477.4869696388,2552587.8430715017,1583870.0555593977,1666562.6849723824,1612318.9047114067
2025-02-05,1688783.4514916707,2002447.9721897976,1769850.7561260138,1587727.3219873721,2590721.8504574965,1604765.0691865664,1680648.1757034063,1631261.7862827105
2025-02-06,1692464.3890056375,2009342.2434547632,1775822.6988194694,1592065.9143636026,2608630.5808013687,1608130.1504875773,1693702.0000632869,1642977.2264300776
2025-02-07,1666394.9991155432,1982604.1829126892,1753642.6833174832,1575092.940950364,2581096.4675658327,1591480.2963178295,1679893.9251256464,1627226.0393160058
2025-02-10,1670594.6226162338,1983770.2483177597,1754129.8873301381,1573746.7293942424,2587776.1019753893,1598076.297125825,1672718.8437659577,1627903.0852793208
2025-02-11,1649890.4997067577,1959869.7979222687,1736609.2359088252,1560477.7275640038,2564341.583085771,1577296.7426516097,1653913.0946890672,1613157.2868781043
2025-02-12,1659672.575137691,1967401.6315883887,1736220.0006261184,1558452.980394466,2560765.8993296954,1570804.966138543,1669077.4320669805,1618971.873672037
2025-02-13,1700458.0457517728,2005405.2563733596,1767008.725667103,1580465.048513395,2608519.8370882184,1604785.8218459182,1695000.293652388,1651682.9059471788
2025-02-14,1698319.434788162,2008223.0777567085,1770502.9770887687,1586760.1449797838,2623853.8110481002,1611301.9338874414,1699858.1298342405,1664348.9498031572
2025-02-18,1685914.920459399,1998407.3058870358,1766915.3516353103,1590099.8127725034,2616049.6252465653,1616818.1351325565,1712711.5852130777,1669101.7126250088
2025-02-19,1688098.2780022651,2007595.1060715427,1772860.8377147515,1569107.0999301213,2637007.8854378853,1625787.0601964397,1687010.8659913067,1662052.4580055124
2025-02-20,1667999.7794783502,1993933.6689362982,1761249.560713351,1550902.5111163948,2596556.0483027743,1604535.6746791312,1644645.8977515155,1627004.6462018692
2025-02-21,1575550.73965346,1900103.8763450638,1690523.3310849178,1492908.7592659423,2429078.5202769185,1518054.5524056775,1563563.2311562155,1547635.052050724
2025-02-24,1573888.492145088,1900026.0257928174,1690387.2517859451,1490643.1306217706,2406491.447628729,1503940.20522728,1549998.4665482398,1536134.3700108796
2025-02-25,1590050.9590470206,1895298.8937074372,1681680.0173239708,1483222.4857895072,2393286.5647351276,1502976.7438218845,1540935.7036688125,1531003.3686971727
2025-02-26,1603688.5765791705,1904952.1426541917,1685136.7517031285,1498032.6049311035,2425165.023004896,1517039.8193855707,1563411.4811082399,1546108.0764624956
2025-02-27,1561380.0473436527,1856328.388994842,1647710.6375606933,1462128.6236221758,2349020.4988752776,1497315.5781481217,1531037.4927109578,1516975.451131308
2025-02-28,1595591.7407721449,1868395.7925279029,1658482.530951399,1469223.5706658175,2410544.2208113014,1526524.530203187,1555032.30811152,1541730.0545848468
2025-03-03,1575872.21264555,1841224.535879377,1636351.6615302875,1453448.1712188683,2361561.2824443365,1494429.0803656485,1535381.6609535946,1521480.9270646302
2025-03-04,1554014.7182754262,1819275.4746467818,1618749.454873124,1439878.5607186214,2338140.8628279855,1475483.457662736,1517642.5442821085,1495011.2902077404
2025-03-05,1560450.9000757989,1822792.4827208566,1622373.192309582,1445632.9638564354,2327671.59213954,1474666.954837628,1524835.8648148691,1503407.2165722337
2025-03-06,1532673.6874984724,1791421.334149658,1598625.5913360578,1421361.9086312316,2257452.608133748,1432083.0857058216,1487192.1301690473,1460312.4546499585
2025-03-07,1527883.9217228675,1784192.8029769394,1594326.1280381822,1423293.137350123,2258477.7664352376,1441209.4490280508,1495256.6380189392,1467597.6709639493
2025-03-10,1481402.0490376442,1735608.044927768,1557536.0210447805,1390663.6027901825,2192676.8321376,1400651.7015897452,1445598.259058473,1417925.9839110323
2025-03-11,1502962.9472507418,1755194.7360394832,1570481.3159010115,1402572.5973296496,2212353.6743603945,1405535.515779783,1456179.6381652756,1425812.1715762226
2025-03-12,1528490.9485574402,1778176.9915362129,1587421.9138818574,1422520.562014581,2263044.8012902914,1436472.3122730847,1482610.6032858393,1453212.6226256187
2025-03-13,1505174.4226526343,1759652.6381573584,1574695.7005736302,1409678.5108802072,2220336.838609642,1412172.3855806843,1465320.1499580396,1433914.0257733571
2025-03-14,1536929.812517792,1796388.474563644,1603075.7927054053,1437369.8113588714,2275820.8495585453,1443935.7465323946,1502913.912870508,1463179.6418465218
2025-03-17,1563511.2840126755,1826012.2046240354,1626717.8801517903,1455297.7702716158,2304988.1967751486,1463927.2762214583,1526425.864745494,1489382.0750856698
2025-03-18,1526203.5467651878,1796376.706164918,1608274.9634865308,1441401.8965335973,2256671.167166702,1440542.466154902,1509960.5089145624,1467783.9678244556
2025-03-19,1567638.6146356594,1839154.9034864367,1639727.8427347406,1469686.443696232,2325795.856858181,1463539.1218693978,1537377.115319211,1490812.004777122
2025-03-20,1553137.9631939156,1826885.822221583,1631077.4949853274,1461579.9063023417,2305074.4065170353,1454162.3959643357,1530859.405023428,1481333.3918298557
2025-03-21,1578760.7002933708,1846856.965658126,1644754.589542392,1473497.5921428502,2320528.6156827575,1453965.52084065,1541893.9886376904,1488875.286273713
2025-03-24,1601485.4024941623,1873966.695839121,1663747.7193332983,1488785.106392124,2371022.551616307,1479242.4173026378,1558435.3343570335,1510022.792208321
2025-03-25,1613706.8311569477,1887183.9121395831,1674120.508534498,1497516.0980021674,2396028.1210106728,1487994.0530392313,1568405.6808980005,1520901.244675673
2025-03-26,1610449.4515777084,1883679.8724218912,1670158.6167033385,1489578.4579678583,2379467.585008277,1473623.971470497,1560709.5478052099,1509559.5538638206
2025-03-27,1622874.7758875105,1901222.3099232777,1684352.804480942,1498598.0846457274,2380924.050341315,1472106.8858224126,1567234.2421045143,1513338.0785570655
2025-03-28,1611522.8469708639,1889654.7429028645,1675301.786031055,1486525.250355708,2363662.8228877205,1456760.4645301565,1553081.2957278604,1500680.0065236464
2025-03-31,1631434.8305714629,1909714.304912213,1692593.303971178,1497006.6055077356,2395297.9955410245,1469267.090605152,1564571.983383255,1514471.2064348215
2025-04-01,1643200.5307646643,1924258.288771624,1701429.0296014196,1504883.1587990338,2419559.2261041277,1481841.1576649856,1573275.758142609,1523198.8261882095
2025-04-02,1667056.773890482,1945238.0150346737,1716848.292831265,1519369.706299639,2440271.46064772,1498488.4399454244,1585817.4851045033,1538413.6914412186
2025-04-03,1621154.4533508518,1891424.7565780745,1672640.7304295553,1474636.468506884,2376172.491470415,1448693.0386337235,1533600.5654252146,1484271.3338958845
2025-04-04,1522488.46490956,1778470.87540057,1578989.1210595183,1391676.9432902753,2238387.8076889673,1379946.5391736636,1435944.1587897146,1408452.0426268405
2025-04-07,1503991.9363831973,1756716.6175289503,1554780.5742898136,1371338.9809645843,2215865.248568529,1363525.6824951898,1415822.1040376325,1395732.4486093768
2025-04-08,1473066.9286274961,1733264.1585750866,1540594.828914113,1362629.6975133931,2189796.203668851,1349765.0844011833,1402828.3924269963,1383550.612643087
2025-04-09,1575456.2677203158,1845001.2470839454,1633730.510228454,1448599.4066392125,2316940.2918609274,1428902.5917162173,1507614.1424825909,1483495.728764479
2025-04-10,1554053.9336148645,1824751.2518534837,1618297.0014995295,1430054.5735521822,2330121.487059978,1428789.9899643199,1489096.7370030629,1475187.5856259062
2025-04-11,1598733.5424245116,1865337.9770450355,1653114.6798610622,1461090.6731958245,2386249.078454135,1458337.764332116,1524847.1305869194,1508701.2710061627
2025-04-14,1622833.6843752242,1895012.9893229704,1673506.0897961184,1477334.2026780518,2409204.441541782,1468289.2188726887,1543207.1155584063,1521711.0312749692
2025-04-15,1617607.2714481745,1894382.0950012822,1676059.3997223454,1481966.9209611232,2406982.625772801,1467833.1770510972,1555329.2293024776,1527220.3760942132
2025-04-16,1623589.9911309357,1901301.521984124,1686286.9669530105,1487932.7320723985,2432051.2052413286,1487532.7962069712,1552095.8569808176,1530770.9660281562
2025-04-17,1643685.3545958332,1918155.9110843278,1699131.3853119048,1496754.4391329656,2446109.737141474,1494367.201337363,1566217.1680813907,1541406.3121638058
2025-04-21,1614220.3935307465,1891354.4325269875,1684364.0563563933,1483513.0484337183,2437080.8202493666,1497863.0577935204,1552678.8913223615,1536410.7022114866
2025-04-22,1650828.2845141361,1928168.8658467866,1709689.919365992,1505988.4433820064,2465837.9442895157,1509551.4234642743,1575942.655517222,1553395.1840211255
2025-04-23,1657755.2538108204,1932987.7235776694,1710739.806218795,1511406.091332074,2459514.912599149,1503518.3571231104,1580357.112253989,1557296.326548808
2025-04-24,1665722.862250112,1942675.216627337,1721693.1071650675,1523925.173104102,2472443.924436119,1518410.705038445,1601612.284912727,1580750.9270050875
2025-04-25,1671565.9259737025,1950263.7972721756,1724926.2682936904,1528884.9190903453,2472461.0109657194,1513287.2648015693,1604204.676577319,1581418.3486002372
2025-04-28,1679128.6969872082,1960268.70806804,1736436.4493356596,1539579.9548908914,2495285.625693544,1528111.0798989565,1619874.0262440767,1597276.6718220236
2025-04-29,1682346.0018160518,1965989.8887841431,1739093.192289367,1544282.6883193091,2493164.2645468377,1523726.3577411398,1623462.6273515946,1597108.537132129
2025-04-30,1684222.0055635935,1965164.3975172616,1736733.9369878098,1541765.4528679745,2482139.8347452567,1518068.5912106074,1617244.6569289097,1594428.1210498384
2025-05-01,1670527.745862731,1954222.6810090754,1724336.4626639714,1534925.3438273105,2474081.8088754173,1503256.0917679635,1602966.948308472,1579976.8102605506
2025-05-02,1702919.553044233,1989997.2513468885,1750001.6961687563,1554189.5529748518,2506253.8524821075,1517600.1218904036,1633347.7994605629,1603588.6999155567
2025-05-05,1720385.0202604919,2013557.9736532087,1772313.0628557564,1570967.21726953,2538588.3961793585,1545169.3311539355,1652837.8286720065,1625261.8812266956
2025-05-06,1718459.2929843073,2016991.0384730413,1780415.8148063729,1575472.632798445,2555744.933098548,1566480.580033231,1647337.6365796933,1628637.4296505675
2025-05-07,1714539.9804288014,2011131.0775014658,1772853.2659283383,1568809.235483896,2535739.911383301,1551391.3726785881,1639282.086314234,1617756.9981593948
2025-05-08,1670138.3827635238,1966530.3312029683,1738544.5929033335,1559866.3194158764,2466240.1613640916,1515806.0502145786,1621238.7630197522,1596349.3749561305
2025-05-09,1675482.2932574041,1974404.8767310337,1746650.8777353126,1567183.568728549,2478833.2721304125,1524845.941820797,1629768.5282644492,1604322.742538142
2025-05-12,1680472.8907201616,1972521.8241494547,1742376.3937482396,1564926.3961430832,2459179.781947703,1500137.1923568526,1625803.1057122834,1594314.7579489127
2025-05-13,1680132.7133874798,1966920.2121210273,1739401.1127618002,1569866.4089230634,2455844.6006751456,1501112.6087389998,1640016.1119136573,1605501.3621562342
2025-05-14,1668837.505905343,1954755.7015914137,1727249.5030809026,1560444.6481475015,2436957.1632933365,1482599.484915642,1630561.2556483098,1593824.6117583015
2025-05-15,1688817.0449289845,1978583.9999986335,1748188.0194657953,1577808.3093888946,2464206.1620292203,1502578.688053099,1649122.8646334836,1612347.9227064739
2025-05-16,1734739.6696259454,2021704.524497888,1776912.655944042,1598507.54823752,2521919.7386351703,1516065.485695988,1670163.939820634,1630228.7693137524
2025-05-19,1739141.0742580304,2023324.7638594653,1785801.1148395708,1608621.9034526935,2533727.8084546067,1532028.636713818,1676255.3798152169,1641420.4058159066
2025-05-20,1725510.6275065027,2013575.3838379933,1787182.4077813968,1611158.1644248008,2517834.217702493,1537770.2835988877,1679510.8460621382,1645593.2942611927
2025-05-21,1698312.4067042933,1984321.0521481228,1764243.3582630306,1593904.8344413927,2481642.1723883664,1522445.523585822,1656617.0611220861,1625239.12860773
2025-05-22,1677069.7433891082,1981334.0383589065,1758699.7559890375,1587180.9014369654,2453251.5199387376,1507190.9564000373,1642599.641174624,1611279.1981179332
2025-05-23,1680129.1615410324,1988303.2357677268,1769741.2116372937,1596959.6079979113,2467001.3377627484,1525400.8234757402,1654448.9054193164,1625939.3733060812
2025-05-27,1697267.3284712394,2002067.540681168,1784022.9699268818,1612255.986138871,2490048.5639792494,1535843.3893500324,1674226.8270121056,1644942.2413368195
2025-05-28,1695706.3908728005,2001297.8907269218,1780338.5596215045,1607500.1790521778,2495466.2187905023,1535366.3720941273,1670010.2144061576,1639482.9307386102
2025-05-29,1696557.6664835,2001392.8651234226,1776790.2750704219,1601833.2342299013,2486699.7635672754,1530660.908626266,1663302.953388346,1632605.1529634548
2025-05-30,1716308.9438955232,2027741.5868444436,1800859.9913758032,1623900.1772029765,2515041.193345622,1545393.3138221218,1693149.0244914826,1656959.1937469223
2025-06-02,1731009.0425971826,2043765.9660338445,1820114.7796991786,1640101.259688614,2542244.2676752307,1574304.7678259432,1712910.6242896626,1677247.9851741223
2025-06-03,1717709.4077664947,2021683.3731618633,1821627.4043464025,1641065.6420374517,2517145.520196004,1575726.1684677722,1716998.009821342,1682067.949066885
2025-06-04,1716740.8325170628,2015198.3302118143,1812839.7837795177,1637551.6787060758,2511887.712643884,1570330.672775237,1702901.5500804775,1671410.014845739
2025-06-05,1712596.5310904703,2010619.586551765,1810763.1925790673,1636856.6543162554,2499621.1272666496,1565500.9683115268,1685130.8885020153,1658213.856620378
2025-06-06,1726235.6048774389,2026249.6819873045,1823597.911961537,1646696.0291966842,2519003.5823231414,1569344.362316236,1704929.8299440898,1673634.6738069993
2025-06-09,1714465.8863422398,2013609.4064864682,1812399.4192540941,1638172.7180417425,2497130.482323792,1557614.9735937386,1694172.8558245804,1662441.5861838844
2025-06-10,1718349.1991809441,2017415.1100256885,1810033.7467773904,1632113.9868027023,2502785.148518138,1554956.9740243834,1690270.520242908,1659785.6365340962
2025-06-11,1710208.1127288323,2014768.7608152325,1809837.1740003151,1634957.3032685898,2494187.362771289,1554040.559576855,1690507.3805874046,1661390.1409213599
2025-06-12,1707250.7183715869,2016683.9164368415,1786813.0792535506,1620322.7123406476,2491919.5225738348,1541369.622998613,1671329.826353297,1642385.0709051006
2025-06-13,1701215.5439911897,2009430.6279108597,1778151.3828170355,1613906.788501878,2482361.4194879923,1536227.7008073675,1666043.815098101,1635740.250009968
2025-06-16,1721894.2913981664,2029052.8732325954,1794035.100059859,1625781.3591549047,2513242.7473431323,1540621.4779602357,1687846.700951178,1652248.5141646825
2025-06-17,1708553.9283969803,2018220.9800111833,1786282.1118822894,1617991.7686273672,2502344.747248489,1535645.0719993452,1677337.1915619771,1644290.5190409808
2025-06-18,1716091.4463648344,2024788.9734660394,1795304.4793722278,1623139.8135286276,2509675.5504717417,1540277.6462379873,1687454.1510830713,1651522.3355781054
2025-06-20,1719882.5969615497,2040301.7583850177,1804505.8598860353,1630807.5002454945,2550906.05800211,1550881.145716416,1691044.43463499,1657689.669041431
2025-06-23,1763202.1193429227,2083084.8438350959,1835936.0027527544,1654768.6229545276,2616747.375306554,1583204.310879513,1719565.7903703018,1686968.340870778
2025-06-24,1758450.9663614824,2080534.332285455,1834397.8499498689,1657577.2450290406,2602353.4764887313,1574141.7529860206,1722838.1389708058,1688873.845184591
2025-06-25,1748023.0333947933,2066088.2176976278,1821466.5786548317,1645303.4339729522,2586062.895388392,1560459.1628440514,1709596.7244930735,1677393.168186054
2025-06-26,1749309.1906988826,2068671.1847577214,1822242.4834030925,1650834.3743723123,2582250.5698689735,1563375.5617788688,1716565.6704767705,1684565.992794808
2025-06-27,1754611.877092635,2077332.767238037,1821975.3415851432,1652021.845464461,2600152.6216916274,1556032.030278005,1696120.4494504505,1669738.6775415777
2025-06-30,1769015.9427912713,2097183.082109208,1837865.832581666,1666018.6425033258,2622469.678683504,1571743.2061430106,1718317.0385976625,1688537.0703852393
2025-07-01,1766539.2224025351,2093118.8998434634,1833007.473497141,1652381.1848504553,2593734.749654837,1559889.132184829,1706680.150757239,1674432.4395575733
2025-07-02,1769826.4089063597,2093732.8945194106,1837034.0998286821,1656392.1143803464,2586169.9405216556,1558542.7892102362,1711379.183224653,1680228.0476108375
2025-07-03,1789683.4759059981,2112688.77003293,1852592.5628043397,1672676.2639164114,2610428.747328238,1574298.4810699087,1725669.390943762,1696512.9767430506
2025-07-07,1787595.557825977,2112644.2938881516,1856901.5202646758,1675399.283921265,2613283.9776500314,1582562.9168205468,1734384.133627544,1703575.278051841
2025-07-08,1763320.8070879143,2083834.6175154326,1832845.4625854334,1654788.8933147946,2569301.986529459,1554081.2378547993,1711993.8885745401,1679867.567647869
2025-07-09,1770972.5528626146,2092116.4617772454,1838531.1455707203,1663517.2864115583,2582800.084173306,1564169.788866328,1725378.5992990453,1692348.693380885
2025-07-10,1775889.243875531,2096713.4414295198,1854059.6183802937,1661746.973300971,2581297.7947066193,1574811.6830730564,1738297.1975840922,1706355.8623257605
2025-07-11,1772656.3737352893,2093554.4712066117,1852112.6387414325,1661307.7507688818,2583812.508324439,1576387.2652435258,1737418.4369779008,1707252.4320981768
2025-07-14,1788721.6599042148,2114932.6916634412,1867836.6747306595,1676730.4563849524,2628662.935477753,1595022.3494769356,1761689.7486014836,1732100.2456165736
2025-07-15,1766555.2933140965,2093670.6393964905,1853785.1952648098,1663962.6818921103,2604873.502385558,1582692.2855400278,1751002.4392083401,1719821.0606245068
2025-07-16,1791485.4133748962,2114252.899617179,1873905.3706886119,1678134.6744143046,2624392.6868603867,1599625.5160206591,1765264.2946040563,1739544.9542170372
2025-07-17,1818540.9701695936,2138743.638356662,1892759.1974704661,1692391.429037604,2656897.4719289723,1615485.4618347865,1781291.8055601972,1758357.73965863
2025-07-18,1802824.7239165117,2121119.3505535573,1889998.2465128296,1690376.6171033136,2627098.4604174434,1616223.5016270948,1790076.229690182,1767144.7486386271
2025-07-21,1799807.5264664895,2110904.802178022,1885657.3954998306,1689512.691877946,2633026.1682015434,1626625.0001151918,1786268.8735683542,1768921.8479217098
2025-07-22,1806439.2590492747,2119623.6835017633,1898667.5034791077,1695859.2991003424,2626556.2531162044,1635898.8056577106,1795192.6588670267,1775920.4511520516
2025-07-23,1808002.255225286,2126744.8937811404,1900362.1129162558,1696388.4511595464,2631395.6055349344,1625890.351372844,1805137.5286163394,1781873.631492705
2025-07-24,1805229.2481344442,2122257.4109346485,1896622.3862780828,1695317.594136251,2622787.0025060833,1619030.6998669861,1807370.024921433,1779846.2165715715
2025-07-25,1804927.101757181,2113464.777702133,1885592.7002456505,1691747.5998574486,2615807.127362207,1614869.1138792965,1805619.8398895417,1778994.6382408056
2025-07-28,1797576.568597762,2098531.440425542,1869819.546115231,1677319.2018185654,2604624.793393864,1601751.2517539524,1786807.189811039,1761957.469655294
2025-07-29,1785715.5861373076,2087539.11789847,1859034.9993842705,1669043.962412107,2585332.7195544224,1601620.345095481,1775780.2206285694,1753681.342588551
2025-07-30,1798240.8332870135,2092280.503140341,1862600.8495204472,1674178.9192954686,2588392.8251420534,1593887.5760157765,1776610.1501418042,1754140.6175141418
2025-07-31,1816977.8373183243,2107514.092519014,1873522.7723136044,1683197.0497292245,2563459.6021068264,1584712.680686628,1770875.7834754996,1743888.5706259678
2025-08-01,1820361.3828402949,2126637.505622733,1887157.1338140112,1689873.706544643,2585697.651083562,1593341.0825939814,1768783.673869908,1744704.9416936308
2025-08-04,1843364.9408505212,2155966.046351139,1920737.4534652696,1716688.560794207,2597983.7884117663,1624331.1755902043,1803292.4661252268,1773980.5071369035
2025-08-05,1836843.2290618832,2150995.1275732378,1917141.8268837614,1737174.4710638835,2582407.101001623,1622234.1019226275,1812167.8629891674,1778254.6179594018
2025-08-06,1818471.2660547101,2141323.303308217,1917554.8899573495,1738402.820241731,2633598.1837109663,1646877.5983935907,1846095.894478085,1806849.900452873
2025-08-07,1834162.8848881302,2159502.90412376,1931959.5645352348,1753081.3996557097,2628803.152641612,1650858.9915402273,1857262.153487154,1814215.226115462
2025-08-08,1818098.3528498,2164161.986453834,1935235.456199729,1751570.836326406,2608111.695457686,1642812.1719446743,1864327.6242008982,1814651.2044259768
2025-08-11,1816658.1628620385,2168734.2745753312,1943873.3342933648,1753684.999716837,2614897.616124401,1648936.9616159026,1870351.4481258215,1818133.2570019476
2025-08-12,1828492.8401035368,2178610.718053617,1953718.2986611594,1753979.836674807,2630721.3836846277,1657813.6478776892,1893268.0717750276,1837374.9502146197
2025-08-13,1831722.2924204797,2172541.015081216,1945887.2978422248,1748118.6510381403,2625812.568813465,1649709.3510088215,1871468.9518587268,1822220.325379321
2025-08-14,1808649.4618046398,2151105.269275007,1935268.358389195,1737191.076149295,2576512.8887447612,1630208.0260957268,1861056.687509939,1805670.0499512465
2025-08-15,1817883.4088448314,2160552.625649062,1942507.9143121452,1744671.7327846598,2573760.8165760846,1627229.286720768,1864957.4338313434,1800394.0711506333
2025-08-18,1817249.2051656484,2161754.47287607,1944769.307782226,1751718.2172042448,2577969.7832433837,1630696.7454201137,1860635.4425041454,1800738.2692210076
2025-08-19,1831901.4908272042,2175084.249127501,1945546.8194533086,1743422.4148862027,2588733.195043599,1614240.3184627322,1832450.2081047702,1767598.7754289529
2025-08-20,1844235.4702896234,2187316.8071016003,1960944.9198185748,1756729.9709277956,2613019.4665449536,1634937.5979619883,1849125.3209394377,1785402.1554696413
2025-08-21,1838252.0014848674,2183992.8557658405,1964860.4012424413,1760005.2494830964,2600328.3246435537,1639971.4544832322,1852269.0990069075,1790404.7538258522
2025-08-22,1839839.6476645472,2185090.328909756,1966148.424098313,1764297.6591388232,2601559.970566201,1652139.2730952515,1857621.6791258764,1803280.7583591845
2025-08-25,1821962.967658422,2173552.455423494,1959421.097078457,1756737.2806976924,2577583.5249634287,1641735.553065553,1852198.9797488013,1787534.6747719108
2025-08-26,1833500.1949737144,2179822.0547839855,1965963.5421834155,1763698.0949757274,2595919.433456727,1663289.9078943026,1865759.9792851354,1810100.788139362
2025-08-27,1835693.4913485346,2189869.488412219,1972773.4819505943,1767718.745864667,2600800.028253138,1662768.5184360843,1856446.1571408848,1802138.2718041912
2025-08-28,1826272.6516589075,2182362.670092453,1966938.1133014588,1766083.3802893092,2581217.4571222514,1652877.3246636845,1856297.6498391326,1797699.5514659423
2025-08-29,1808598.5016408584,2169395.037717457,1962369.0010672677,1757042.3529284745,2559234.7847158094,1654039.1135836046,1853606.5925691307,1791808.9810863412
2025-09-02,1802987.5704635521,2169421.220446694,1960603.065775434,1756323.0074874882,2546060.8634327454,1650241.544843505,1861392.7916245835,1788041.155349212
2025-09-03,1805192.8579707942,2167180.1866333685,1960271.6406856466,1752067.0739522586,2539555.9640911873,1653725.2276214715,1857163.9185032954,1784252.8517995067
2025-09-04,1827311.9174770506,2185733.028214585,1965831.932565328,1757667.892569244,2587493.210300838,1658781.79889787,1864951.8930468997,1797893.1617932033
2025-09-05,1825447.1516738166,2182870.300200937,1966905.0074746488,1760142.6104155679,2574577.2587084714,1659295.3422548152,1853248.0729918976,1783827.5772092657
2025-09-08,1841187.1636390386,2201350.161829949,1977496.9810325752,1770860.194870439,2591437.7476873733,1667620.3163766712,1867028.4701752595,1792848.716384141
2025-09-09,1832050.2779340914,2190017.099974296,1960580.2823412924,1756739.7485441137,2553747.499873318,1643347.2399657287,1852452.5886069403,1774400.5094791702
2025-09-10,1817634.1341184971,2179151.7038969924,1957168.0183199989,1757934.2640456855,2564717.4650122193,1655718.1667493377,1863064.0336155759,1788176.2637754807
2025-09-11,1851669.7667894687,2221930.4220839003,1987648.0178022305,1781147.6396939273,2612909.372260828,1679878.3129418532,1884292.871567339,1806281.4776835064
2025-09-12,1842131.514000398,2214492.5391998533,1984491.1872983158,1779998.2035471876,2601849.776988077,1674410.8498690943,1891686.3537947591,1808777.1481639328
2025-09-15,1832715.8726261405,2202509.26065593,1979750.1672811203,1778202.9255985746,2604158.0376220443,1685339.6281923796,1888249.0088201056,1811099.2418305487
2025-09-16,1824616.3920589313,2189775.7928543375,1961551.8107877772,1762740.9072991433,2580895.060732203,1666644.0079646641,1869703.8170726174,1792206.5107791133
2025-09-17,1818570.3886920742,2186999.7878438653,1960634.1315582339,1763239.658705774,2581097.937875292,1664648.0799941751,1868168.145113729,1790500.1167914472
2025-09-18,1821378.0001892003,2184828.950227204,1958886.5838489227,1765183.735609173,2589360.1861850643,1677789.6901304028,1886849.3900373084,1815316.0366046962
2025-09-19,1813131.215432054,2172695.9752396997,1958964.211631743,1769180.8321490672,2574754.7472063834,1694950.668159993,1901167.4291756644,1826657.4194729635
2025-09-22,1815256.6006240426,2175170.4021765445,1964000.6005867852,1772920.9052625827,2549248.486355559,1695479.5707436507,1900737.3331845244,1821016.6250056054
2025-09-23,1814518.3976306645,2175089.7002769965,1966624.831669212,1776352.415250487,2550397.297753505,1701625.1065016384,1911892.1672695028,1832968.0737634406
2025-09-24,1811279.197888363,2172717.563492681,1963730.4694516526,1758888.272627473,2535137.12343831,1682403.8667516257,1897929.081248972,1816318.6312688575
2025-09-25,1796437.0440041176,2159597.5023168093,1954376.7598828794,1754328.8648879258,2517092.0750113335,1670506.0050636546,1895335.8414311656,1812698.2971355293
2025-09-26,1799347.4463361474,2166923.272340081,1975976.043920428,1771070.314912482,2529944.658009666,1700432.8540248324,1920688.8580032191,1839527.17625043
2025-09-29,1811385.904571876,2179010.611230343,1980451.8898502244,1777080.4889272214,2526019.7803503647,1703718.4852152483,1932613.7787347615,1844615.288536088
2025-09-30,1811890.2659366825,2179181.353912465,1978768.934516449,1777811.1750307265,2543758.5907917945,1715720.1890141733,1936545.1583426862,1857240.1264215505
2025-10-01,1791550.6477140544,2161718.7489181743,1969900.2051314288,1769756.668160714,2536585.8889860515,1713732.6521547635,1929064.2146267248,1856568.7858205906
2025-10-02,1791198.439047623,2159555.1755375434,1969078.5971679701,1769526.0915403506,2538898.2810105863,1716310.8269857448,1936027.473921563,1860923.9551413837
2025-10-03,1789278.9999415292,2155879.9609462135,1973974.3453178084,1774266.623845727,2546551.270078407,1723544.1089524445,1926824.524023681,1858406.4306694586
2025-10-06,1779134.6736072875,2148477.3859068933,1980271.2669153598,1779673.3552536413,2542445.0384947984,1739426.970240969,1941868.7627319307,1876789.3148958937
2025-10-07,1778130.7375252165,2147891.9928780533,1981349.8928460362,1776362.7994299745,2520321.276547623,1727937.564734305,1937402.297841143,1867252.9680331494
2025-10-08,1785165.6701875213,2153589.4943813174,1989070.0429064187,1785333.5166026324,2542288.7741159485,1745561.6587075463,1963894.0814126465,1886330.1867787575
2025-10-09,1774768.3966278844,2127729.200247597,1968648.8914822307,1771434.1122604802,2508779.8759088274,1709894.730016579,1940993.4956835413,1867083.547562741
2025-10-10,1771024.7344931888,2124654.3714144803,1979138.875121031,1769340.4185163088,2479465.835270559,1710308.901522732,1923908.3737888355,1847003.0734604993
2025-10-13,1799691.5679007415,2152394.159180628,2008676.7074517943,1792264.0162322493,2533207.1624999316,1759257.0200460167,1958951.7806610542,1889911.0185007798
2025-10-14,1802252.9896178108,2157152.919044742,2011432.9506896709,1793490.623129155,2546569.076202054,1763606.2911132607,1964397.5397069321,1899454.0524613054
2025-10-15,1799877.8238957073,2157516.1716547036,2014209.6091300794,1786629.7086865862,2555974.798125513,1777081.1235263597,1970897.2767792048,1908437.5312945792
2025-10-16,1793081.8547656809,2149905.232573503,2010001.9400654885,1784133.1879059104,2528476.319501395,1776163.4408163736,1965259.4868893614,1892715.383367379
2025-10-17,1802996.829433975,2157726.68819086,1996456.9461482775,1776509.3154421789,2529598.590751702,1738446.2320341757,1938561.1378100077,1859827.1726552276
2025-10-20,1807609.2360837013,2160232.683421595,2012425.2071391488,1792521.4372652064,2518119.2803209815,1756966.019751208,1962873.9163074081,1884778.0180073278
2025-10-21,1775115.686954922,2134263.7881683097,1967258.418776332,1763696.979183392,2504290.0725882477,1704222.0293154728,1913340.1874635308,1845632.1216500031
2025-10-22,1773701.3315165695,2133075.1706341454,1966886.7995749896,1760369.049400932,2480058.5099367076,1694302.0776361804,1900958.3245368493,1823870.691523012
2025-10-23,1772939.1676693424,2134144.4732808135,1965022.8161529563,1761192.8380378424,2499739.543231068,1702131.6010898123,1911713.9680849107,1833723.7847652484
2025-10-24,1768212.2597244054,2124772.384492185,1957438.4797622985,1759169.6970524967,2491177.975122971,1691475.2819144323,1913232.0478830533,1831973.8457010747
2025-10-27,1785119.2234926037,2141250.6291118017,1979617.1688326346,1778169.3981840594,2503455.115430583,1689702.951717992,1933583.8335672899,1846116.351514978
2025-10-28,1779266.7733643188,2131455.353674054,1976081.386072347,1777485.043214443,2498982.8066777135,1691350.9558603072,1933742.8150442538,1845241.8132425374
2025-10-29,1755742.825635612,2100313.3848402044,1936960.8106602426,1748731.9170453893,2482490.0245622285,1663702.2259481372,1912266.9064782974,1825852.8814522207
2025-10-30,1755577.0063466837,2111744.6861125296,1949723.5573174844,1754178.5542122822,2472357.156512974,1669013.96005544,1928779.6988882348,1827108.5590599554
2025-10-31,1759196.8843562305,2103151.072360986,1933860.4543184647,1741751.6819790509,2485361.9897392197,1664037.80541123,1919138.7858068536,1832915.6489250574
2025-11-03,1749750.0959705405,2094904.661226816,1917775.8676441219,1728711.9595434922,2495177.366599028,1650592.288414505,1929468.9222403402,1833550.414527148
2025-11-04,1747475.72920965,2089567.549933434,1900928.3778124296,1711488.206404094,2495839.865744095,1623444.83124837,1888462.1107775115,1794443.2795896616
2025-11-05,1767188.4847326532,2109060.1248690793,1912710.3191444483,1708908.2368886538,2515277.6553734927,1640439.7869609154,1900276.3436128877,1799924.1540315163
2025-11-06,1734966.7462861836,2077250.3972897916,1875867.5290626253,1675042.4831467138,2449304.180604119,1590078.9980385115,1849067.052955208,1741057.2828107413
2025-11-07,1746490.7182494318,2092857.6620548088,1906780.5261866578,1700307.9283283313,2372892.279865047,1586752.4631826729,1875544.9784744743,1736752.155497091
2025-11-10,1760676.4059572723,2111228.1075387886,1927030.4886721019,1713041.7326278717,2377897.3847635137,1604882.093013594,1916141.1567568053,1757127.459355769
2025-11-11,1768383.250368676,2113726.7215695586,1927486.1913696358,1710796.2363128553,2375417.807553114,1609367.8230313817,1911473.1762870427,1759509.027524276
2025-11-12,1777356.9915328682,2122127.2527045943,1930775.7152136979,1714314.1993293217,2387171.1305998378,1613702.2755319243,1917262.2778598135,1764115.4832346612
2025-11-13,1755931.221728983,2095358.3189411971,1918265.1262601507,1698218.8473097286,2345905.3928850507,1585868.9345288987,1875323.4436742761,1722769.2875804089
2025-11-14,1750076.3498691549,2095865.999410475,1926256.5313323184,1702267.9436934844,2343891.5663099885,1581842.5291003291,1879708.8748051901,1721742.044881876
2025-11-17,1748233.9513812338,2078585.5837989682,1906706.069675672,1686554.0448546144,2292975.5129001536,1557619.5651849443,1852633.8930362556,1691895.3136260787
2025-11-18,1757111.445218981,2082077.7713728365,1937948.1340196354,1701540.7997763886,2292617.3099653483,1577169.8784873537,1870626.4244171141,1704806.0627282038
2025-11-19,1749960.6983682557,2081575.0746549247,1935331.3514093244,1698727.7777011143,2295042.258382604,1583972.4685228847,1873368.1143497978,1709899.9108865454
2025-11-20,1736136.7991271513,2057388.1472470548,1883964.1861761184,1659184.2233862248,2259778.1895593493,1529744.6770201493,1813938.3457191465,1652038.9581242483
2025-11-21,1752111.4069577437,2071086.8860576828,1902743.5172082647,1674910.6883887863,2288443.34183441,1549999.3664976521,1829390.1923406613,1668461.822477113
2025-11-24,1741036.8299656294,2063407.4322641292,1940829.838294666,1699999.4399424833,2286877.8054861305,1594227.4884566758,1879330.9917207074,1716792.6746522435
2025-11-25,1770212.9280761124,2092528.4853212603,1959980.6506120148,1715362.7406240255,2344999.9315467086,1614885.9143187262,1900851.6852959637,1743057.296053324
2025-11-26,1793074.8615059168,2113769.834559114,1980798.3580005663,1735932.0975632104,2367449.7513756524,1646942.5204168183,1932871.8381474612,1770857.8599910452
2025-11-28,1796867.5896260422,2120901.390338499,1986224.0584502341,1742207.7899066415,2354198.0630425224,1641746.876675261,1946487.260009428,1772972.5197709887
2025-12-01,1792978.6884759532,2116754.480914719,1973869.7905876955,1731060.4715033162,2305254.485664928,1612114.2496873825,1930268.7137448282,1742129.403023013
2025-12-02,1803578.7334843078,2125937.7081179717,1983013.076147382,1734751.5263492307,2295609.5581341446,1607802.6014197723,1939575.393303558,1746934.5708564408
2025-12-03,1801669.8567053333,2126882.913687969,1996774.0198547062,1742181.1801090378,2292703.649948006,1610917.2194099633,1953659.5076646311,1756777.8114774667
2025-12-04,1798763.9515523124,2127474.69787049,2009054.1990779564,1751963.0325243166,2308698.9871880077,1630164.631164404,1972516.9002218447,1779793.2895515421
2025-12-05,1803682.4435233886,2130119.221068699,2010476.7230660564,1752618.0972242802,2312613.453686242,1629499.7673224856,1978091.1702348483,1775824.3818970928
2025-12-08,1780442.0799442895,2101622.0792837422,1983484.431862506,1730321.8402460401,2308963.5862741475,1614460.0365228192,1961537.9115948842,1764932.6777326453
2025-12-09,1762327.225111921,2084711.575557442,1983711.566902612,1728219.8107266428,2294288.8171315803,1625126.4488511542,1967538.5999146842,1774650.21498022
2025-12-10,1757483.1582778806,2094049.0986302395,1969503.5588073968,1719736.1917097564,2300650.7452052673,1616304.4146115726,1972189.7185265874,1776480.0510043881
2025-12-11,1774655.7116565616,2113663.656206273,2020185.639658856,1758876.113313742,2324421.2408145713,1665615.6325148088,2023366.9367884756,1819969.0755838954
2025-12-12,1764736.716247014,2094421.3444071854,2000296.328640333,1747629.4838729461,2300524.7245033267,1639651.9128096078,1996749.5736531038,1796606.8449061536
2025-12-15,1755273.3376980224,2086902.606695694,1965210.5992636364,1727324.6722854362,2302649.642656437,1624608.7727883768,1973697.1238849952,1777016.4277636867
2025-12-16,1754039.503861405,2086499.5940583616,1965634.5887881622,1722836.7485567152,2288358.213377242,1616321.3618257658,1973770.2870654555,1773319.0196436439
2025-12-17,1750719.8036248956,2078754.0290702316,1942476.4894537155,1706078.7609189292,2270586.6504853684,1596213.0286631933,1939044.022848611,1737631.2857207307
2025-12-18,1745369.4745725293,2080325.6229501236,1955609.5630631915,1717427.682706907,2272097.596157675,1608525.39791783,1966168.609571529,1766701.634038379
2025-12-19,1746598.5385031472,2087265.695537801,1991862.453821654,1742629.8559156805,2296185.3791815974,1642404.169438068,2010201.5037954918,1808319.6438289464
2025-12-22,1774133.5453110747,2106496.2550309417,2007845.220789833,1757773.0961527878,2333449.7005192735,1672741.7600806495,2031214.1368684564,1836168.1532817448
2025-12-23,1770267.730995198,2098971.1627565753,1998564.2974971575,1753279.738885751,2324837.460631981,1664467.8759747809,2030754.2655881445,1834814.7675632115
2025-12-24,1778428.0600453552,2109650.7764113178,2000342.5978779804,1753807.3026230629,2349597.0944495057,1666889.4188117601,2029307.115344303,1836419.0940748716
2025-12-26,1780396.2270375264,2115202.9476810275,1989664.146077075,1747280.0753020486,2356930.7479136554,1663412.630936828,2012284.2212956161,1823119.9960780768
2025-12-29,1768907.9372193355,2104086.556308862,1971971.3612464294,1731618.4975053463,2321578.7104219813,1622759.9431400823,1980965.3347164309,1787241.5882651974
2025-12-30,1758130.047276135,2092997.6798332029,1971717.1303319426,1730920.5526451026,2280462.1829682523,1610866.2450385988,1976960.3014546405,1776499.9540657967
2025-12-31,1741294.6279258635,2074910.0072133127,1968212.9032451098,1724178.7535362253,2274817.724346281,1607338.5263961,1967638.039403127,1769597.9842699426
2026-01-02,1747206.9531077377,2081918.6597227566,1995208.9873870697,1744492.4315210073,2288745.663171889,1632395.265044969,1991352.3561101495,1798392.569430624
2026-01-05,1765437.3368551647,2107151.688180492,2051198.47150431,1782794.6556577939,2313419.913988927,1671747.0699949027,2060177.199746574,1855990.8221539238
2026-01-06,1789938.675891474,2133985.76775813,2087744.4196506278,1811202.60311447,2311199.9241458345,1696865.5502965779,2103251.2467367616,1875478.1601819515
2026-01-07,1794225.9274904402,2125081.9275587136,2077729.0943894617,1804532.6339014675,2357079.302122223,1715015.2094338157,2097058.4121224042,1881203.2086786674
2026-01-08,1786679.4710217752,2127244.0203396818,2111093.9920620075,1825450.0092778814,2393046.6250496376,1731547.8697986628,2116081.127148087,1887899.040155938
2026-01-09,1785310.7757293899,2128130.4610036504,2109789.799082135,1829392.0640642692,2448384.8524330813,1754239.5106003932,2123166.4860631474,1900484.301122755
2026-01-12,1782017.8949077367,2121959.8862455096,2108743.382991052,1833033.1662075147,2446438.3521656725,1772008.648366585,2142110.372128093,1918263.635197401
2026-01-13,1771047.9077761408,2108417.026563718,2111467.93647895,1836204.9360861685,2508500.160772979,1799203.1857726262,2143776.259792895,1920528.4741008636
2026-01-14,1782534.2241939162,2111404.792605847,2116559.08029598,1841271.467630299,2565898.7434850754,1816919.7561755218,2153684.9381708554,1927207.9700716753
2026-01-15,1776672.3066055006,2097620.918649169,2093270.8884284564,1829706.070503147,2543298.219459491,1813596.4705431282,2152504.7384155677,1934022.8884211453
2026-01-16,1780167.9315684675,2094041.0659582647,2087200.828969354,1827609.071257541,2564773.475263785,1821395.7403078843,2143135.5037421277,1934352.7722120916
2026-01-20,1772947.1634558183,2077604.6570523905,2092371.6269618354,1825542.5888349067,2493129.257491173,1823606.9612055016,2141463.42635132,1923208.2093436625
2026-01-21,1781646.32348116,2094281.5849108952,2086028.8139620235,1822820.6884892636,2525883.16840466,1818144.3621949162,2136891.876549378,1917044.5219957249
2026-01-22,1808241.8073048235,2117596.257091649,2127496.9219739176,1847258.380102005,2537190.708422596,1850475.3387134003,2179076.774610481,1955851.1170429122
2026-01-23,1789255.7890345682,2095129.7667378453,2101968.554811914,1830620.3432125938,2528570.3936370043,1840904.2067913336,2174297.4551600623,1954727.5278540042
2026-01-26,1793154.0780732082,2093901.4882429815,2076312.370394622,1815677.6880001407,2537527.192398239,1838768.0168798734,2155174.2006925815,1938027.6157447998
2026-01-27,1793088.0376437819,2092658.1022769436,2106664.1985191065,1838637.818239914,2523740.671654342,1860394.9171963432,2186968.033267322,1954986.362677889
2026-01-28,1780325.700047424,2077123.8059688404,2090716.7738064022,1824971.0555499624,2503916.8302248535,1867988.9531844459,2173237.6631362317,1936836.1526596434
2026-01-29,1779926.8238455867,2082867.999117312,2062395.5987193785,1808502.9690447077,2530402.327986963,1841224.7036009468,2138198.2312701466,1901847.3569354601
2026-01-30,1763784.4342114576,2078918.3294886237,2004961.5340177251,1765585.398213079,2530381.0119788228,1748786.764680969,2053794.0988591942,1821572.215601629
2026-02-02,1774072.5769893518,2100122.8276313622,2030109.4298585476,1785173.9452487703,2556126.051463904,1767540.5755299723,2072783.8649724044,1844377.267641103
2026-02-03,1791881.34219793,2127648.594881184,2076054.9374184876,1819397.6058166667,2600929.443302282,1817437.8735279392,2126792.264282302,1901647.489946549
2026-02-04,1794327.3097287784,2129834.568585781,2045079.9434974627,1804415.6569081524,2566804.4987104605,1784642.4006819292,2073117.4773521721,1851744.7503475621
2026-02-05,1805994.4757230158,2137750.199663702,2011870.0721683556,1780660.4608783794,2559716.9651462035,1746212.0101961473,2007296.945486957,1786475.6956474758
2026-02-06,1852336.648537221,2184537.370728959,2081881.9881361157,1836695.1850873546,2716443.0651182835,1847984.9904244477,2107008.2979236967,1881130.550838189
2026-02-09,1861190.1909804842,2193545.2257877504,2115186.1333275405,1860450.0873460819,2738977.950208971,1894461.1733580253,2164788.6895614136,1938969.8524596011
2026-02-10,1839161.1503189215,2178173.810198941,2089937.2624842022,1845593.1331552307,2750171.5989485215,1890136.7831566322,2134232.332148799,1924664.1450105885
2026-02-11,1820823.8025074557,2153794.7588043753,2072834.7441210963,1837729.3153812995,2746284.320468196,1904769.04463559,2130709.1830116734,1928408.8124185894
2026-02-12,1822017.0204754784,2150262.23357298,2044412.7398730833,1816559.2495992333,2701898.1279678596,1845314.4964813485,2058288.0844025433,1870335.152964867
2026-02-13,1835340.7580686957,2167361.4501116793,2073910.5243370724,1841460.2403221852,2751173.8374355896,1893360.2908746062,2093368.37901465,1904796.8597684088
2026-02-17,1857855.3505106766,2186703.302196236,2091378.8157858173,1852067.1516237867,2785984.800189058,1891608.674752776,2092611.3428051241,1902298.4185857007
2026-02-18,1866038.8626611112,2195535.5040397635,2122135.794117666,1873242.2978997536,2813159.8026626664,1920664.3647057863,2131939.4320143447,1930016.1436975226
2026-02-19,1860627.289187267,2190227.876676278,2129446.635700776,1879449.1936378288,2829889.743322543,1943079.4869431993,2139275.1661678427,1941829.3001079778
2026-02-20,1865660.9713499737,2192180.4050963284,2110418.6277224254,1873185.1811106317,2889991.0586508443,1966053.6281660274,2132503.3060371233,1952043.8882111094
2026-02-23,1880216.1843903582,2202529.3461066703,2120036.1928057713,1880353.4264872812,2916285.9340997194,1993074.8148714849,2117876.809568107,1933557.1564851508
2026-02-24,1894733.2360300117,2215115.416090925,2140662.7785598054,1895848.2021960558,3007075.6668482497,2028399.9013898554,2128614.164336023,1955936.3190081592
2026-02-25,1895865.6692710826,2221215.7304438697,2153605.4835925815,1903928.3720303697,3043194.4652759805,2054853.2153725345,2156164.4145016996,1972556.8291332412
2026-02-26,1905937.1279950223,2234294.723122893,2185678.6557754655,1929064.220049687,3055940.036952129,2082581.3800327487,2191372.9603344467,2006896.4805747285
2026-02-27,1923041.559942412,2238237.753759708,2191648.5382122207,1935701.3184159738,3051148.0547965076,2090398.754982759,2176634.094303392,2006144.308489869
2026-03-02,1923335.865822021,2243483.5546117458,2206471.254117292,1942658.6659100761,3270368.8140542503,2167283.126057944,2202223.769293446,2037732.4763133689
2026-03-03,1915647.39524863,2232950.2975992723,2165829.599778232,1902352.8488393526,3094193.234925253,2044586.085332564,2123253.92790427,1962747.4293411465
2026-03-04,1912701.8370516552,2234315.599007756,2173387.305319054,1907797.8755589365,3166214.8288271544,2068780.5747269054,2127811.2062645936,1969682.8761167603
2026-03-05,1864317.7587108454,2187889.2811591877,2125397.635754352,1862965.2268290618,3020552.481060028,1989773.7012267492,2079272.398195861,1923397.4610451725
2026-03-06,1857824.850929457,2180121.2437084364,2106667.35967215,1846696.0164441338,2949908.7496215194,1957425.9333187046,2054087.012475797,1894360.5630121697
2026-03-09,1882646.975418549,2209171.746820696,2127890.776671198,1862248.7887735935,3043555.8785737483,2003876.7947259317,2087742.42858081,1917245.4861214326
2026-03-10,1880488.3420830835,2207496.6650477457,2133012.833898826,1865925.8199121708,3117953.9092447,2030546.548115123,2107653.0446983953,1935639.1421276445
2026-03-11,1871445.9023078857,2195155.632058396,2114906.7584714624,1851976.9026400975,3167766.6530748894,2031706.4634366734,2089251.978386773,1918814.132862532
2026-03-12,1862209.9217632401,2184056.0583067047,2106857.695820914,1836708.0989505062,2971171.9912786996,1961038.8321826763,2060666.1055310352,1882715.7836011497
2026-03-13,1848445.1365177815,2170156.834137397,2083193.3065190047,1817025.731954337,2891015.1791822943,1899190.004019499,2005187.225465717,1822584.012529687
2026-03-16,1851934.1910058805,2178542.3252850357,2106748.989940908,1836751.2108328152,3097872.964776045,1993862.790059423,2048570.3540722306,1866946.0075189793
2026-03-17,1861424.8624708017,2189203.692408166,2123149.6903120754,1845465.5251363553,3084214.003693767,1985834.213405889,2066793.8300863435,1881273.6021148837
2026-03-18,1816536.9647201565,2144780.9543455956,2068265.0847633479,1801221.915831009,3099993.7201549876,1949197.708036265,2008930.2104033537,1832668.6681672137
2026-03-19,1800101.3983295758,2138924.813468494,2045590.0971864508,1779537.7270603313,3115171.0640718048,1924187.3750251846,1976470.5993949403,1799898.6164726925
2026-03-20,1792111.2291459907,2131093.631384354,2012638.1230472408,1749648.0638526548,3256385.2858841633,1938561.903629007,1926506.076538168,1755153.9822838542
2026-03-23,1804574.6326108808,2154147.3131945226,2042930.0028100293,1773499.6773537234,3278840.426699246,1967625.4599690372,1959458.6199507643,1789850.3146756713
2026-03-24,1816019.5056471664,2166074.2002054197,2049086.2924245545,1778461.057396109,3431433.0050712107,2019188.2419058024,1966180.5142902974,1798961.3536583032
2026-03-25,1831794.3559965442,2187337.7238695035,2066651.6138898528,1797553.676036972,3375076.130377085,2018774.4793208763,2001331.6271073495,1835716.917319894
2026-03-26,1825385.6398426394,2175269.7603643634,2036801.8747662418,1772824.8805254335,3480440.2181588425,2023739.784169231,1945769.106010239,1769320.6126508217
2026-03-27,1812982.2930907472,2155974.7901055696,2020744.3856063434,1763471.5238146682,3583817.5829300205,2072353.7866368762,1926694.9343440277,1756149.2000946112
2026-03-30,1812005.289620539,2148582.477387346,1997851.3960239554,1744771.1921244436,3591458.014117493,2055686.0436006715,1897265.058741641,1727919.6126446305
2026-03-31,1849004.1908661202,2192390.221671566,2067834.5661644575,1802055.802845783,3408641.488120906,2047069.8329474363,1978779.6990334545,1805395.4182219054
2026-04-01,1862061.777463791,2210908.79548814,2089925.7261181758,1826409.8636923828,3659530.5367545746,2159756.5087048467,2021713.4294038275,1850939.449801937
2026-04-02,1875077.229675934,2214205.8425720637,2102791.583140105,1828910.8751305724,3834734.4774883986,2218408.6264841715,2029036.734083041,1853039.3645183581
2026-04-06,1883194.921963463,2225033.1744493623,2108010.5061059524,1834304.8890409642,3953636.572419139,2251889.2071929947,2031454.857651738,1859319.3465660808
2026-04-07,1890688.522079066,2228874.461729488,2111869.0313569787,1838337.1004014474,3929340.039732961,2246030.6184650804,2040094.6467375602,1866158.3596801085
2026-04-08,1917054.2166283824,2261664.313479495,2139104.5900774826,1869027.6938318808,4111087.286295283,2330514.1621844443,2095534.7900371372,1921084.2191396495
2026-04-09,1916293.5248817164,2254421.2550976803,2131725.7608526084,1867000.0242875044,4377214.483631101,2426439.097625113,2091267.146728891,1930814.2913728233
2026-04-10,1907450.6389011852,2243104.298144902,2121026.6623786786,1857922.6596798657,4291747.161765776,2397964.2076190715,2082806.0148829406,1920491.6388445857
2026-04-13,1927836.0677832428,2267830.8864057437,2149899.724238447,1878675.2643492266,4286996.192786283,2401823.9507611613,2137021.5237659863,1966500.3951641263
2026-04-14,1936642.2173863752,2273184.814037203,2163876.0677848095,1890003.8151534833,4148136.5530165248,2372950.5351723228,2168103.8311119857,1995538.726918245
2026-04-15,1946219.5230853716,2279825.720728455,2175120.855620998,1893535.3567647377,3800146.6173227453,2243450.3694774997,2168656.29810984,1989333.4726637774
2026-04-16,1955475.6580745755,2285794.528561125,2181614.9708893984,1894602.5640496037,3861647.823869558,2261632.198283823,2184584.4582926226,1992988.238273692
2026-04-17,1970011.0576715015,2307176.8502348466,2210257.2228590013,1918161.6805397135,4194935.384368526,2402373.12675462,2217931.2712697918,2030774.1797932815
2026-04-20,1956033.5234075943,2296447.7877948545,2210699.7643558267,1913515.2462969953,4025539.001434686,2346842.249932994,2215431.479252676,2022883.676030862
2026-04-21,1950051.0686047683,2284121.923996495,2177526.0945027834,1878599.0940831262,3987289.434019538,2288578.2916086,2166832.04516728,1977491.6523526867
2026-04-22,1949216.136331643,2284323.2165801693,2179847.289973931,1877660.9417975806,3912654.127227687,2267039.3982839775,2162220.006407622,1972451.3350589285
2026-04-23,1965783.7701321156,2286681.6590598123,2165213.375299084,1870561.4029578893,4104085.9867682527,2315497.2428003526,2148252.1760098063,1973920.090414
2026-04-24,1963333.7337920219,2282944.513286425,2159334.274966951,1866096.0828395966,4090167.391852007,2314370.580630808,2151835.176350458,1972346.5799155834
2026-04-27,1959995.5853784825,2281987.837737699,2161033.5274761496,1866640.1572172386,4096263.979400513,2311793.8861079863,2156184.6158472355,1966899.1312162867
2026-04-28,1959317.5142408805,2283677.7580266553,2147303.597837304,1858738.737313503,4246818.831631133,2337363.1088219522,2139012.4646233367,1941301.550265141
2026-04-29,1949908.929932612,2293746.824251394,2130444.654657029,1847248.643636931,4206295.882547617,2295342.49776835,2122307.996504249,1924026.8141915903
2026-04-30,1966839.4758690046,2309792.909703857,2163304.569217786,1877510.0460378383,4385399.665534563,2385819.993544278,2176649.2564523974,1988458.5498065008
2026-05-01,1999417.3478886809,2342037.7036091154,2188850.7292196364,1890700.389766691,4510291.777978325,2421563.8231887827,2185559.9349407586,1987575.1709355807
2026-05-04,2006455.372968725,2346150.4788613496,2176544.978205994,1879121.6710018532,4472077.316750262,2398914.540891155,2168385.8975300365,1972044.066324026
2026-05-05,2041866.027476285,2380437.50203613,2197795.9240705096,1897253.5302604507,4988265.171313102,2579332.302713038,2195661.3152014096,1994609.5903440968
2026-05-06,2061390.661745597,2401315.6651499113,2232084.1289253235,1928631.3414383605,4701601.93750507,2471907.7628608583,2246407.3310046247,2034631.616920853
2026-05-07,2017989.3606747212,2362878.477623053,2185772.5204570177,1892125.6976104383,4560042.8271821765,2406294.30874218,2183480.8283680375,1994275.9504132457
2026-05-08,2040955.3486647,2386122.325520173,2214729.137968313,1911901.1918728752,4502944.475375237,2402390.991844227,2213656.3026415426,2018378.4189595398
2026-05-11,2062186.8082939093,2403478.339845458,2242976.0720519098,1935333.1247869132,4607030.690587007,2458283.6902494603,2261314.991206067,2057914.843913393
2026-05-12,2055047.4061168195,2398665.7296837755,2230959.573850656,1928278.7459414145,4595778.533550881,2444424.822467797,2240699.592095852,2044963.5624052747
2026-05-13,2064656.2012243322,2397617.41271163,2232536.144295669,1929048.4325434787,4676182.353427574,2470030.409726714,2270602.3537512505,2080064.304005699
2026-05-14,2047531.6085333698,2385366.723175711,2255067.3853407097,1939370.377945052,4650363.114761056,2471317.9626824954,2295070.311968515,2093358.687119457
2026-05-15,2024790.3967442578,2359869.0487967487,2205102.861095128,1899763.3450043488,4602538.932674525,2403043.7060824973,2228955.294722363,2024049.7331927693
2026-05-18,2040516.9647868169,2374767.8656051094,2191747.276511954,1896177.2289465517,4633228.113235492,2397802.828884452,2217310.607030432,2002087.1838647742
2026-05-19,2021307.2867770789,2361267.0401712595,2158966.232568665,1873915.358300403,4689206.86154909,2389881.6186462827,2176935.1011923,1968323.599430838
2026-05-20,2048522.6973192939,2395590.551503172,2209197.7221406284,1912220.0654396333,4680771.051768213,2423027.0843428727,2216446.609953074,1999957.0248514155
2026-05-21,2038149.513405642,2394732.6105131134,2199088.307625617,1905567.786786995,4639481.210492249,2402634.8637393513,2210712.4533450785,1989546.303043296
2026-05-22,2053314.0182986625,2406381.284440426,2195704.6552207572,1903330.385456021,4493653.954486521,2341214.661713388,2205960.2329683574,1988836.313518038
2026-05-26,2069556.10429225,2418686.6200701827,2225125.8134402637,1925097.2540998443,4365028.875049798,2326815.7284728605,2249693.359602293,2031558.136910322
2026-05-27,2040417.5364167811,2395531.9380831313,2221920.7873529615,1917424.9374280581,4224153.866859495,2269690.035083591,2208640.9822313767,1997658.7358934432
2026-05-28,2020346.1949827431,2380489.1516773263,2253941.296791564,1934945.3167718614,4399642.252931179,2348898.2333174855,2213348.5106294914,2019657.9198527152
2026-05-29,1986945.4162113967,2350351.875174487,2235249.104795348,1920240.834439565,4299247.269170053,2316364.7077923208,2200549.8916547378,2017146.0516125325
2026-06-01,1943952.9624988372,2316607.985506475,2204303.011533735,1897238.0557952602,4359646.768477418,2315396.016883277,2212874.1318750917,2023239.4517946339
2026-06-02,1937833.6364136203,2315758.4985640864,2209609.9964833325,1901933.261156349,4542479.677157509,2386630.6552699697,2235658.373091057,2049198.9902925885
2026-06-03,1977479.3809689288,2346241.0360420304,2189530.975698914,1890528.8430937668,4625712.75838724,2382815.2585873064,2203543.6700275317,2013547.3280453512
2026-06-04,1979956.8114828898,2352458.056349711,2202630.9353536256,1905741.0560735206,4888744.225245923,2482931.6973382896,2209860.7595867417,2030012.390428541
2026-06-05,1956384.435127703,2329382.4605632788,2145282.915970121,1866262.2986344877,4768772.369750649,2395173.615144532,2117176.222305567,1951295.8718768617
2026-06-08,1946129.7000996147,2329194.863141741,2143288.9461171855,1861573.0066501517,4638163.460984946,2350922.630408718,2121674.083046256,1928799.890691044
2026-06-09,1978618.0363916906,2357666.9550019098,2151902.364264474,1867709.7195932379,4611599.739428874,2334896.9820287814,2105285.2223584047,1924741.7501451566
2026-06-10,2011151.2426948,2397030.608166668,2163848.877149266,1874591.958331351,4673200.347335841,2328940.569739571,2096276.4713909524,1917390.6483995349
2026-06-11,2047399.0977783126,2442421.7604428637,2220758.5111112534,1918426.6084211606,4752957.381117857,2391884.091635615,2169148.67291531,1982542.013959276
2026-06-12,2062895.49348875,2441570.8985481397,2218638.2721863207,1921836.2670078154,4881235.553021109,2445354.1805556226,2192363.7480855635,2005951.8541283743
2026-06-15,2074472.1773600858,2451666.5933288448,2243550.574055534,1942107.6231523305,4902905.139544921,2487362.2994918027,2218119.8421824034,2038895.855234664
2026-06-16,2024568.960897693,2411180.130454574,2210430.611615178,1922286.5910874167,4894043.937050299,2482289.518453155,2195775.6001492245,2039704.4629053182
2026-06-17,2002534.6856519114,2394046.2246521106,2191262.8397176,1910151.3892228466,5064981.155467797,2526722.8880623644,2187944.867056495,2040189.8640863583
2026-06-18,2019959.5943235904,2407197.383064742,2198161.646963435,1915153.48825875,5055900.845608936,2520358.954625074,2191079.139313289,2015620.6236338152
2026-06-22,2026564.9362157453,2414327.2625079663,2191856.8461876702,1909154.895309788,5083340.783427994,2516523.5700802887,2191866.8752799667,2011589.8972593925
2026-06-23,2022681.9906397914,2418783.866131871,2176522.098499938,1897043.3664655318,4951608.066713304,2450180.374673838,2149227.919756136,1976016.6097365126
2026-06-24,2011118.0833269171,2402363.148281627,2142954.3353679236,1873255.1348536545,4501056.186274181,2278302.2951635076,2110114.5637657777,1950787.408253096
2026-06-25,2026064.0974746586,2419346.1532705184,2155488.914463052,1885451.693705029,4297395.441973285,2224612.153715607,2118900.5689669885,1963914.1452432768
2026-06-26,2013667.8841458468,2416037.7316212803,2157884.7058353075,1887386.469699322,4021908.3806783957,2137731.133045863,2101535.002297852,1945059.4523672308
2026-06-29,2018741.0793178955,2421298.424229934,2158455.1322240382,1885554.77142987,4303176.388988756,2226415.3911875747,2091834.7863462812,1931106.0897315284
2026-06-30,2052226.094186685,2455355.5968000446,2185639.703096641,1903074.3725077272,4261877.513634864,2218857.6518162373,2104565.1168802097,1944685.582561621
2026-07-01,2050653.6635197194,2463851.105026356,2189096.6952321935,1907578.944089404,4225863.038405823,2198602.313816828,2125787.806442652,1942384.4811502707
2026-07-02,2039715.6673217763,2456001.564196923,2181340.3665338624,1906688.2823235292,4460374.734280525,2272527.813277881,2116661.7244483484,1924261.5845698677
2026-07-06,2040876.7717758936,2467188.184589605,2197506.396926135,1919153.7191890625,4466033.689864813,2282554.9503888376,2154389.4287953638,1955953.2206938332
2026-07-07,2028714.2275578196,2454888.626953111,2183360.1421996066,1913559.9550834969,4506232.188419511,2296162.3296653866,2146494.5089282645,1931661.011645011
2026-07-08,2000382.4278581585,2425483.6907924176,2165411.511148885,1897265.6254859685,4887409.917680552,2415484.04199139,2127074.1353461794,1930616.5344465354
2026-07-09,2019941.5269056545,2449596.9991337904,2185001.9994077175,1910037.4147731273,4783809.100597018,2384017.5273294984,2160138.5716162976,1954122.4026870541
2026-07-10,2017902.7580059315,2447103.729546999,2177360.889368816,1908024.3524641793,4826543.545230634,2394613.942480188,2153310.357092802,1940699.5218697167
2026-07-13,2008592.0860301368,2436015.627037634,2165541.807804527,1903559.6722269517,4889580.375219916,2415166.8532219874,2141363.001314957,1928916.1461601406
2026-07-14,1997227.0784451668,2428930.306706918,2168712.701567424,1908404.7517627315,5460018.808740849,2609107.3182774326,2152554.2639860497,1951411.8537420458
2026-07-15,1990612.715544669,2413722.8440681435,2153443.0880867857,1900688.86201616,5133755.71281314,2501764.6812788644,2145411.698591716,1949632.799393878
2026-07-16,2011405.8132095798,2428026.720709543,2155694.5955455014,1902044.7100055448,5097672.83171538,2487470.400847167,2117696.746343031,1915773.0786079625
2026-07-17,2015191.456762357,2428228.582205242,2150888.9639379205,1895371.3276404708,5095107.7790146535,2483620.9624056784,2099557.13902568,1909657.4241154776
2026-07-20,2018221.024885779,2424691.239896129,2153906.1393439835,1893790.1626194254,5065510.032546406,2471777.18574234,2096765.118915988,1904646.1666857162
2026-07-21,2051076.5079853337,2454165.851392671,2189445.3263413617,1918847.6300490254,5329596.592458889,2573970.101327023,2139290.439804125,1946821.001478713
2026-07-22,2058030.7117744917,2460403.0176820722,2200684.083763298,1931183.1695846799,5253708.069402558,2557743.1254213676,2148191.237682278,1945575.6579248728
2026-07-23,2032770.9915148776,2441297.011301056,2186296.9076640075,1922246.7109780267,5393917.2784632845,2603450.076649634,2119971.0554109183,1942052.5147020542
2026-07-24,2017194.6061856467,2432111.5806339416,2178474.550669968,1921186.6538255531,5281663.426550053,2565727.9018218326,2113217.039989942,1929908.7964647985
2026-07-27,2029328.5871322139,2446818.213650536,2192545.493580588,1929019.6290736124,5296122.876935663,2567557.8161896495,2125966.3062495417,1930604.5147742447
2026-07-28,2043326.3246702717,2463603.8353327387,2200144.260641023,1932887.5726627777,5220930.561343376,2541818.427175507,2109164.3133955384,1907699.4880117406
2026-07-29,2026517.304148541,2440168.672051192,2165495.197136833,1903258.7999640314,5348405.633956893,2566629.6186814765,2062313.4390852298,1839882.384093453
2026-07-30,2041647.4670422208,2467864.7968476983,2197668.236465864,1928168.0668724196,5472337.120433665,2615736.5489219753,2102736.1962748147,1889241.293416667
2026-07-31,2035590.0848002806,2460091.5757904258,2190228.034203366,1924521.686103527,5572590.667765862,2645883.0919445013,2097772.5408694725,1894085.4046898196
2026-08-03,2020029.7207076089,2447845.9066964276,2194499.2261443366,1923544.92062977,5503983.598145597,2621598.801452042,2096332.3096338715,1908313.5628199894
2026-08-04,2029284.9253811028,2462587.789181783,2200512.2923280336,1926085.5972863983,5475955.096863656,2606689.557073891,2098116.5336890174,1927791.4452706457
2026-08-05,2032799.3735903879,2468750.342439439,2208764.9972640635,1931913.8214165356,5521868.616139401,2621256.280506984,2093822.096173227,1930027.3235498616
2026-08-06,1997782.1819219377,2438837.931932251,2188672.667169706,1917108.9715289955,5634678.442287211,2654670.4172241963,2071887.364203942,1914468.49556461
2026-08-07,1979342.6458345694,2429784.337733203,2184021.7870333493,1909167.9563791829,5884419.264680435,2728969.0680279587,2068818.3532239613,1919792.685547909
2026-08-10,1963353.8226645177,2416015.959216585,2172743.5302486815,1898672.6094222232,6166824.236176471,2821537.962869973,2062303.9536412486,1922594.5362109386
2026-08-11,1952119.1471849682,2404070.2676447667,2162639.398683229,1893243.5423439597,6462849.981104492,2915091.747205911,2053514.2544472122,1916842.79583156
2026-08-12,1989427.9411636412,2429624.542089309,2182347.2000015513,1909363.6740373624,6538914.815445262,2948490.4921716033,2103293.3941485677,1957277.5826173094
2026-08-13,2005968.0518041707,2445963.057206381,2195508.86314213,1919526.5178191734,6868023.7379391715,3059416.2979168016,2115133.6306850603,1962977.2588136652
2026-08-14,2018768.1695730598,2463300.5863700807,2208273.725615511,1931606.1707511975,7006620.045934281,3114803.7972187,2131522.303628048,1986753.9478201787
2026-08-17,2030448.1844482096,2468034.2482941165,2210981.6115437094,1932548.0488731049,7063054.401322184,3131756.8375051953,2139553.1754102735,2001796.3229640352
2026-08-18,2019190.8137341824,2455756.8582410873,2201059.182765454,1928288.7237858064,7204392.772285597,3181158.5671371394,2117899.4205289544,1966771.8391295124
2026-08-19,1993977.1776195997,2426544.467598872,2178645.935825155,1900285.5412270941,7494965.938700016,3262692.8054820364,2083706.8456000655,1914361.7820683322
2026-08-20,1984095.042146515,2400850.4503706777,2160238.3102449034,1884999.2597336387,7677249.624438409,3320991.7092361385,2074915.2552531413,1895799.2736837298
2026-08-21,2045565.2456486258,2451235.7560181348,2196447.5324150124,1910751.0920004223,7899431.160367092,3401023.174472467,2119286.255659728,1914872.0961131167
2026-08-24,2079320.7711311553,2483437.8029304636,2217541.665050655,1924276.511225723,7834961.525098791,3378414.5769813396,2133677.171083637,1898898.4185555852
2026-08-25,2074752.6194409376,2484933.6403735764,2219699.3600685825,1927783.6884291684,7603278.139855693,3303023.195304903,2151523.0401526187,1906034.7187846596
